energy,mu,pre_edge,post_edge,bkg,norm,flat,k,chik,k3chik,kwin,r,chir_mag,chir_re,chir_im,rwin,q,chiq_mag,chiq_re,chiq_im
11330.184,1.50610612965743,1.4993875268556476,2.209141775305106,1.50610612965743,0.00996353194854347,0.00996353194854347,0.0,-1.0650534242308336,-0.0,0.0,0.0,1.001250113317263,-1.001250113317263,0.0,0.0,0.0,0.3662242492229882,0.3521593858000386,0.10051849437730824
11333.197,1.50508524380954,1.4970313069213628,2.206294276401776,1.50508524380954,0.011943801392101326,0.011943801392101326,0.05,-1.0329970527033354,-0.00012912463158791697,0.0,0.030679615757712823,0.9868870877522701,-0.6394762835755804,0.751675599388806,0.0,0.05,0.3794314146632207,0.33192798832223996,0.18382602917346572
11336.156,1.50140670067699,1.4947173159537055,2.2034986139060484,1.50140670067699,0.009920202216577106,0.009920202216577106,0.1,-0.9996447003887179,-0.0009996447003887182,0.0,0.06135923151542565,0.94735431687261,0.16515511267348437,0.9328472492616239,0.0,0.1,0.39218612580911727,0.2908775419874503,0.26305933331570625
11339.183,1.49939358380568,1.4923501477688141,2.200639527968894,1.49939358380568,0.010445252093518136,0.010445252093518136,0.15000000000000002,-0.9645438395401214,-0.0032553354584479114,0.0,0.09203884727313846,0.8935108207995555,0.7896446156820294,0.4181183657892527,0.0,0.15000000000000002,0.40441145190662176,0.22989081696019797,0.3327143440108866
11342.218,1.4977915845717,1.4899767234407193,2.197773721401842,1.4977915845717,0.011589257595537474,0.011589257595537474,0.2,-0.9272419424106882,-0.007417935539285507,0.0,0.1227184630308513,0.8433002362731797,0.7554232869253683,-0.3748212188087453,0.0,0.2,0.4160349544337946,0.15137961755407417,0.38751683150530614
11345.227,1.49524806651896,1.4876236315780371,2.1949332913768274,1.49524806651896,0.011306859977393242,0.011306859977393242,0.25,-0.8872864812535587,-0.013863851269586855,0.0,0.15339807878856412,0.818309761153644,0.10347772933074965,-0.8117408605779839,0.0,0.25,0.4269884055791504,0.059209319212768924,0.4228632817086221
11348.237,1.49490971840711,1.4852697576974556,2.1920927402056742,1.49490971840711,0.0142958378917509,0.0142958378917509,0.30000000000000004,-0.8442249283218748,-0.02279407306469063,0.0,0.18407769454627693,0.8339464140172148,-0.6358286746634013,-0.5396188635768345,0.0,0.30000000000000004,0.43720760211094967,-0.04150673776564003,0.43523290094346134
11351.339,1.49366403844904,1.4828439381700242,2.1891662292852194,1.49366403844904,0.016045957470177633,0.016045957470177633,0.35000000000000003,-0.797604755868777,-0.03419730390787382,0.0,0.21475731030398976,0.888292853209751,-0.857242707276489,0.23280707438734777,0.0,0.35000000000000003,0.44663226272474155,-0.1447313945032179,0.42253189412371756
11354.38,1.49098171108567,1.4804658217345246,2.186298115851347,1.49098171108567,0.015594819727948211,0.015594819727948211,0.4,-0.746973436147407,-0.047806299913434054,0.0,0.2454369260617026,0.9623994732487808,-0.3579534756954648,0.8933543839636469,0.0,0.4,0.45520599916720106,-0.24392314323123673,0.38433579312107197
11357.525,1.4872878122665,1.4780063754373707,2.183332798603111,1.4872878122665,0.01376415530188574,0.01376415530188574,0.45,-0.6918659735841844,-0.06304628684285882,0.0,0.2761165418194154,1.0311759074780216,0.49596601948437025,0.9040693887528491,0.0,0.45,0.46287635377284014,-0.33251788448445646,0.3220036884571683
11360.609,1.48220110660113,1.4755946322321485,2.180425868727231,1.48220110660113,0.009797248086330932,0.009797248086330932,0.5,-0.6313662596632613,-0.07892078245790766,0.0,0.30679615757712825,1.0729733504858503,1.048629838163064,0.22726036470739291,0.0,0.5,0.4695948983940331,-0.4044329238899017,0.238649070125084
11363.482,1.47598436332691,1.473347894803938,2.1777186014222414,1.47598436332691,0.003909821600555414,0.003909821600555414,0.55,-0.5640633336272206,-0.09384603713222886,0.0,0.3374757733348411,1.0743410323839389,0.8661004335142019,-0.6356718437451035,0.0,0.55,0.47531739203136764,-0.4545497228634935,0.13896464518798324
11366.548,1.47073320983716,1.4709502279209268,2.17483029457064,1.47073320983716,-0.0003218327790487823,-0.0003218327790487823,0.6000000000000001,-0.48955656085379023,-0.10574421714441874,0.0,0.36815538909255385,1.0327461404552185,0.08208699020609087,-1.0294786625588968,0.0,0.6000000000000001,0.48000399681709394,-0.4791324919506359,0.028911798933282298
11369.615,1.46528010628687,1.4685517790200144,2.1719418999684343,1.46528010628687,-0.0048518146947478,-0.0048518146947478,0.65,-0.40825524051220224,-0.11211709542566355,0.0,0.3988350048502667,0.9594490872441701,-0.6976313151441644,-0.6586752607650409,0.0,0.65,0.48361955444374943,-0.47614435920184234,-0.08470196361736641
11372.763,1.46081910103437,1.466089986669159,2.168978110944871,1.46081910103437,-0.007816601006001647,-0.007816601006001647,0.7000000000000001,-0.32073189425619586,-0.1100110397298752,0.0,0.4295146206079795,0.8825157515532314,-0.8654137268115439,0.1728963076115832,0.0,0.7000000000000001,0.486133927764524,-0.445431219371827,-0.1947234565549071
11375.789,1.457698333581,1.463723600502167,2.166130031376036,1.457698333581,-0.008935330936905714,-0.008935330936905714,0.75,-0.22692310303088697,-0.09573318409115544,0.0,0.46019423636569234,0.8442463240173977,-0.29339405756947606,0.7916260370906253,0.0,0.75,0.4875224152477264,-0.3887547601572835,-0.29419014569497315
11378.732,1.45564490672394,1.4614221218209202,2.163360869470017,1.45564490672394,-0.008567475841420171,-0.008567475841420171,0.8,-0.12780614635914592,-0.06543674693588272,0.0,0.4908738521234052,0.8789832576720891,0.554138028548625,0.682306831699699,0.0,0.8,0.4877662493958355,-0.30966954404889324,-0.37685632214178255
11381.834,1.45488619953591,1.4589963022934889,2.1604429510729997,1.45488619953591,-0.006095186952571427,-0.006095186952571427,0.8500000000000001,-0.030709665123439762,-0.01885957309393245,0.0,0.521553467881118,0.9808789329817689,0.9761798946613722,-0.09589731188289756,0.0,0.8500000000000001,0.48685319431859014,-0.2132531544652113,-0.43766325517325716
11384.989,1.45229586532622,1.456529035817331,2.157476074421772,1.45229586532622,-0.0062776935437569795,-0.0062776935437569795,0.9,0.05678460903858944,0.041395979989131707,0.0,0.5522330836388308,1.108638236406926,0.5892875754898671,-0.9390521245366167,0.0,0.9,0.48477826258670825,-0.10571194661965122,-0.47311198274665534
11387.892,1.45165738985291,1.4542588378521035,2.1547469704772224,1.45165738985291,-0.0038578869769713476,-0.0038578869769713476,0.9500000000000001,0.12993899825214264,0.11140644862643083,0.0,0.5829126993965437,1.2163731441959715,-0.35402999341807334,-1.163712331154737,0.0,0.9500000000000001,0.4815445775213256,0.006103440608383552,-0.48150589628054596
11390.994,1.44996337178463,1.4518330183246722,2.1518316330775713,1.44996337178463,-0.002772642405538649,-0.002772642405538649,1.0,0.1830672355382812,0.1830672355382812,0.0,0.6135923151542565,1.2702553228670985,-1.144247787734847,-0.5515846132155117,0.0,1.0,0.47716441443841284,0.1152301143532461,-0.4630420058185772
11394.149,1.44839700660124,1.4493657518485143,2.148867381521991,1.44839700660124,-0.0014366267073650366,-0.0014366267073650366,1.05,0.2142308058618744,0.24799893663585237,0.0,0.6442719309119693,1.25279555910434,-1.1659584231661522,0.45829866720235646,0.0,1.05,0.47166046328506767,0.21512521671542,-0.4197436524349454
11397.13,1.44756819625995,1.447034556487047,2.146067440828685,1.44756819625995,0.0007913753920564918,0.0007913753920564918,1.1,0.22111136091547884,0.2942992213785024,0.0,0.6749515466696822,1.1658487904401926,-0.3946241645382184,1.0970301595368166,0.0,1.1,0.46506736568353235,0.3001510734975244,-0.35524215361089134
11400.362,1.44493466364193,1.4445070746325488,2.143032657313004,1.44493466364193,0.0006341045722610054,0.0006341045722610054,1.1500000000000001,0.20664103836447736,0.3142751892225746,0.0,0.705631162427395,1.0368747899727953,0.5614855105721903,0.8716899400008095,0.0,1.1500000000000001,0.4574335914694549,0.36597023555337715,-0.2744290022822839
11403.234,1.44349793288383,1.4422611192222377,2.1403367028093188,1.44349793288383,0.0018341659412282752,0.0018341659412282752,1.2000000000000002,0.1791837566715679,0.3096295315284695,0.0,0.7363107781851077,0.9283031266722817,0.9279649072526416,-0.025056454201076515,0.0,1.2000000000000002,0.44882373260710423,0.40981606216794386,-0.1830123988710419
11406.464,1.44230977008364,1.4397352014035398,2.1373055878438647,1.44230977008364,0.0038180255708957994,0.0038180255708957994,1.25,0.14298017462173046,0.2792581535580673,0.0,0.7669903939428205,0.9262875640646121,0.3877211029831714,-0.8412377771131452,0.0,1.25,0.43932130394155156,0.430616510493063,-0.08702085375174659
11409.486,1.44160291284309,1.4373719433081487,2.134470523512828,1.44160291284309,0.006274429576863602,0.006274429576863602,1.3,0.10550295376512038,0.2317899894219695,0.0,0.7976700097005334,1.063822199592118,-0.6347736187194724,-0.853686198390719,0.0,1.3,0.429032146468725,0.4289630690926841,0.007698575072481871
11412.476,1.44149368914093,1.4350337097855768,2.131666296131428,1.44149368914093,0.009579999382746233,0.009579999382746233,1.35,0.06983292950694955,0.17181519393566103,0.0,0.8283496254582462,1.2789469821214334,-1.2785329564873935,0.032540163692377756,0.0,1.35,0.4180885216551269,0.40693192153386837,0.09593968509706033
11415.604,1.44245257923563,1.4325875577927345,2.12873351202445,1.44245257923563,0.014629597733218924,0.014629597733218924,1.4000000000000001,0.0345750058296098,0.09487381599644933,0.0,0.859029241215959,1.4867671972897396,-0.9295633326102283,1.1603399112343562,0.0,1.4000000000000001,0.40665395034228136,0.36777894772782127,0.17351103981360708
11418.642,1.44099280932889,1.4302117874109364,2.1258859618607717,1.44099280932889,0.015988005168125083,0.015988005168125083,1.4500000000000002,0.006284981540772005,0.01916055184973606,0.0,0.8897088569736719,1.6254799597968592,0.24813023869623144,1.606429732153184,0.0,1.4500000000000002,0.39492876248180425,0.31554259929749684,0.2374902007746608
11421.83,1.44018454753889,1.42771871434406,2.1228987165420286,1.44018454753889,0.018486541170278738,0.018486541170278738,1.5,-0.016250558134610613,-0.054845633704310816,0.0,0.9203884727313847,1.661679621011463,1.3793026668381099,0.9266624607364203,0.0,1.5,0.3831561464138815,0.2545977341679427,0.2863365612199836
11424.901,1.43571254004188,1.425317137371545,2.120021976482847,1.43571254004188,0.015416140778016795,0.015416140778016795,1.55,-0.0313389917375745,-0.11670248785676025,0.0,0.9510680884890975,1.5952886895352663,1.537204383163572,-0.42655443655159536,0.0,1.55,0.3716281668293779,0.18920819250434287,0.31985583357225716
11427.9,1.43165282437326,1.4229718656878685,2.1172135087451576,1.43165282437326,0.012873660157873498,0.012873660157873498,1.6,-0.0401532998525504,-0.16446791619604648,0.0,0.9817477042468103,1.4763899991504235,0.5111059793498913,-1.3850985912433005,0.0,1.6,0.3606907043536716,0.12312568841761208,0.33902485020841294
11431.002,1.42565569791942,1.4205460461604371,2.1143094443305124,1.42565569791942,0.007577494912044776,0.007577494912044776,1.6500000000000001,-0.04394965776042727,-0.19742735636705944,0.0,1.012427320004523,1.4296010136328627,-0.9331948719901237,-1.0830080281657406,0.0,1.6500000000000001,0.350745537635979,0.059277412948044866,0.345700188726791
11434.004,1.41997537425748,1.4181984284230573,2.111499831247804,1.41997537425748,0.002635169411623123,0.002635169411623123,1.7000000000000002,-0.043893881040886575,-0.21565063755387578,0.0,1.043106935762236,1.6129072997883682,-1.5632779049706822,0.39702915452278753,0.0,1.7000000000000002,0.34224694237343345,-0.0004249672993099341,0.3422466785328366
11437.264,1.4153719935425,1.415649050067346,2.108449679569203,1.4153719935425,-0.00041086839307171976,-0.00041086839307171976,1.75,-0.041967814117354126,-0.22492125378519476,0.0,1.0737865515199487,2.0576295610522846,-0.631956440106503,1.958180397288292,0.0,1.75,0.33568957565175356,-0.05513556103230876,0.33113073114844976
11440.321,1.41074359569698,1.4132584213454376,2.105590337703064,1.41074359569698,-0.0037294280422077134,-0.0037294280422077134,1.8,-0.0388737964069879,-0.22671198064555345,0.0,1.1044661672776617,2.6574027495713,1.441411484332913,2.2325147941866574,0.0,1.8,0.3315847546973295,-0.10498003634976623,0.31452764825320195
11443.442,1.4056447243194,1.4108177434778977,2.1026720096335527,1.4056447243194,-0.007671467294129321,-0.007671467294129321,1.85,-0.0328946214502781,-0.2082764075401171,0.0,1.1351457830353744,3.291341520060995,3.2296496807427197,0.6342648826443626,0.0,1.85,0.33042441522157323,-0.1508295855463409,0.29399103778591223
11446.616,1.40225826844106,1.4083356186616278,2.099705030735908,1.40225826844106,-0.009012569260538788,-0.009012569260538788,1.9000000000000001,-0.026469182051114138,-0.18155211968859192,0.0,1.1658253987930873,3.8637515039977126,3.264477169946253,-2.066824736532899,0.0,1.9000000000000001,0.3326363963926598,-0.19397110199804662,0.2702261715577492
11449.564,1.39788987215363,1.4060302298908773,2.0969501308791596,1.39788987215363,-0.012071961504573467,-0.012071961504573467,1.9500000000000002,-0.016224543642738596,-0.12030296304295138,0.0,1.1965050145508,4.302218329893792,1.1496908885882218,-4.14575607323578,0.0,1.9500000000000002,0.3385399641935626,-0.2357143468882335,0.24299805354617995
11452.707,1.39487319253979,1.4035723476295239,2.0940138733961184,1.39487319253979,-0.012900645002991326,-0.012900645002991326,2.0,-0.004275432257831704,-0.03420345806265363,0.0,1.227184630308513,4.556668820216252,-2.01363792733933,-4.087602357704519,0.0,2.0,0.3483134752824353,-0.2769855532251479,0.2111901521565019
11455.687,1.39133151356716,1.4012419342859577,2.0912307226883646,1.39133151356716,-0.014696923805207018,-0.014696923805207018,2.0500000000000003,0.010535228518250013,0.09076231058828867,0.0,1.2578642460662257,4.6023047996954425,-4.2729093628921015,-1.70981140650328,0.0,2.0500000000000003,0.3619837136506101,-0.3179604402760545,0.17301262198968154
11459.343,1.38811988169257,1.3983828768416355,2.087817328260172,1.38811988169257,-0.015219783498487592,-0.015219783498487592,2.1,0.025864231352731866,0.23952864655764983,0.0,1.2885438618239387,4.444118923780578,-4.146899844084759,1.597940766059382,0.0,2.1,0.37943895362751306,-0.35778741958528787,0.12634113311365858
11462.835,1.38564997996757,1.395652070333,2.084558184737733,1.38564997996757,-0.014832867762586311,-0.014832867762586311,2.15,0.03682809702743064,0.36601143879499093,0.0,1.3192234775816514,4.121725392040563,-1.69772966768257,3.7558400102856306,0.0,2.15,0.40045951053587636,-0.3944438605678297,0.06915099738239636
11466.496,1.38420137581972,1.392789102799176,2.081142499961369,1.38420137581972,-0.012735399702818645,-0.012735399702818645,2.2,0.043555531420539674,0.4637792985659066,0.0,1.3499030933393643,3.7132445333245028,1.448420948345274,3.419102472968437,0.0,2.2,0.42475523757617817,-0.42475523757115136,-2.066472892676247e-06
11469.706,1.3837481328784,1.390278825338486,2.0781485964256623,1.3837481328784,-0.00968486527510069,-0.00968486527510069,2.25,0.04321487250478399,0.4922444071248051,0.0,1.380582709097077,3.3323716892457065,3.198850867263469,0.9338384251539645,0.0,2.25,0.4520004514110596,-0.44458994477050273,-0.08151189535744463
11473.687,1.38382901154161,1.387165612076494,2.074436896608117,1.38382901154161,-0.004948101117098676,-0.004948101117098676,2.3000000000000003,0.03372246802527461,0.4103012684635163,0.0,1.41126232485479,3.099023551018217,2.4554911450774406,-1.8906375131716393,0.0,2.3000000000000003,0.4818608648681108,-0.4492231453634635,-0.17432285782765333
11476.959,1.38430330959251,1.384606849505973,2.0713873133496703,1.38430330959251,-0.0004501426434442974,-0.0004501426434442974,2.35,0.018723497207594073,0.24299120632300494,0.0,1.4419419406125027,3.0658413656206216,-0.11362501153647034,-3.063735079262542,0.0,2.35,0.5140112495225843,-0.4338431405281246,-0.2756586549565645
11480.663,1.38415971234078,1.3817102552024245,2.067936269166384,1.38415971234078,0.0036324880595885777,0.0036324880595885777,2.4000000000000004,0.0006025729007560434,0.008329967780051548,0.0,1.4726215563702154,3.1620590344558193,-2.5733250533554584,-1.837556939840721,0.0,2.4000000000000004,0.5481451249366053,-0.3941554623003161,-0.3809259108154638
11484.227,1.38359467644957,1.3789231434049505,2.0646168404665817,1.38359467644957,0.006927775031795821,0.006927775031795821,2.45,-0.015269716726165212,-0.22455836288957642,0.0,1.5033011721279284,3.241326756348442,-3.1479420126556064,0.7724378462880251,0.0,2.45,0.5839787023777859,-0.32702520966924825,-0.4838239732295485
11488.086,1.38234785438132,1.3759053363268237,2.061023956454803,1.38234785438132,0.009554104679028116,0.009554104679028116,2.5,-0.024962693344922154,-0.39004208351440867,0.0,1.533980787885641,3.167497911933599,-1.5323537558818872,2.7721715294942304,0.0,2.5,0.6212512178701671,-0.2310887881749545,-0.5766723919913255
11491.809,1.38023549695868,1.372993883683165,2.057558975932822,1.38023549695868,0.010739144336743453,0.010739144336743453,2.5500000000000003,-0.02970842708966407,-0.4926065702338787,0.0,1.564660403643354,2.8587359977817535,0.8982629717748923,2.7139445717537005,0.0,2.5500000000000003,0.659723286993523,-0.10726345694628131,-0.6509449793995431
11495.001,1.37650522341341,1.370497682544686,2.0545891973681867,1.37650522341341,0.00890904361273346,0.00890904361273346,2.6,-0.030860151484346413,-0.5423980224888726,0.0,1.5953400194010667,2.314072621051695,2.163526977179148,0.8210256479057886,0.0,2.6,0.6991743701624756,0.04091239042439771,-0.6979763435832594
11499.023,1.37188221654641,1.3673524065487719,2.0508485197128294,1.37188221654641,0.006717603043943088,0.006717603043943088,2.6500000000000004,-0.03027721475640126,-0.5634476126610941,0.0,1.6260196351587797,1.7076702232436078,1.2508143740427955,-1.162583757430321,0.0,2.6500000000000004,0.7394000019419666,0.20716350324406907,-0.7097856336919091
11502.218,1.36676712716014,1.3648538593565913,2.0478780440555333,1.36676712716014,0.0028373317264297547,0.0028373317264297547,2.7,-0.024843207349430678,-0.48898885025884414,0.0,1.6566992509164924,1.671932371682639,-1.0122417653979243,-1.3306857119036142,0.0,2.7,0.7802091378979374,0.3826236071821567,-0.6799451993259145
11505.848,1.36148007310219,1.3620151343776836,2.0445042626398324,1.36148007310219,-0.0007934834473908372,-0.0007934834473908372,2.75,-0.015010689503777708,-0.31217543327387703,0.0,1.6873788666742053,2.6301359941740996,-2.500408576196006,0.8158261456558253,0.0,2.75,0.8214217848089754,0.5562564187484772,-0.6044109075454227
11509.601,1.35673920588432,1.3590802211970097,2.0410174214486005,1.35673920588432,-0.0034716713501541092,-0.0034716713501541092,2.8000000000000003,0.0004298945834995476,0.009437045896982072,0.0,1.718058482431918,4.054169561032894,-1.411671355823422,3.8004571847020334,0.0,2.8000000000000003,0.8628669715718721,0.7155390275383667,-0.48222744706109616
11513.489,1.3536059936045,1.356039735599765,2.0374065035786844,1.3536059936045,-0.0036091828672924066,-0.0036091828672924066,2.85,0.014615933743177286,0.3383460772125289,0.0,1.748738098189631,5.576195814376181,2.218913745287004,5.115699517294076,0.0,2.85,0.9043810602917962,0.8473677535805335,-0.31602688557525266
11517.19,1.35165686402971,1.35314548734992,2.033970534598203,1.35165686402971,-0.0022075938179177148,-0.0022075938179177148,2.9000000000000004,0.024139026169525984,0.5887267092485695,0.0,1.7794177139473437,6.996615565971967,6.288929064107893,3.0662681886326015,0.0,2.9000000000000004,0.94580636945721,0.9391214844674532,-0.11225206420140017
11520.708,1.34970576609358,1.35039434837587,2.030705614303712,1.34970576609358,-0.0010211515356997774,-0.0010211515356997774,2.95,0.02673069752627376,0.6862404909060724,0.0,1.8100973297050567,8.163799790471337,7.956862301197452,-1.826463615482839,0.0,2.95,0.9869900705360236,0.9797969384662764,0.11894266984062843
11524.217,1.34732122232326,1.3476502475629246,2.027450166448059,1.34732122232326,-0.00048793679042995577,-0.00048793679042995577,3.0,0.02193815387569503,0.5923301546437658,0.0,1.8407769454627694,8.953043202320064,5.644524468863732,-6.949555820554872,0.0,3.0,1.0277833177494644,0.9611165517800799,0.36413393434073904
11527.653,1.34490255244751,1.3449632340567188,2.0242635275743153,1.34490255244751,-8.998941742478317e-05,-8.998941742478317e-05,3.0500000000000003,0.008536931618143534,0.24221515945222974,0.0,1.8714565612204823,9.268326753888644,0.27096805677383545,-9.264364906946197,0.0,3.0500000000000003,1.0680405735269565,0.8785044830977675,0.607404757864897
11531.572,1.34290214993831,1.3418985059045578,2.0206302506178213,1.34290214993831,0.0014883807973589383,0.0014883807973589383,3.1,-0.0032873060805818106,-0.09793213544661274,0.0,1.902136176978195,9.047879574486734,-5.234165283242227,-7.38021941287087,0.0,3.1,1.1076190966443127,0.7318305736462456,0.8314108940396261
11532.453,1.34254850857917,1.341209548134195,2.0198136738598143,1.34254850857917,0.001985647249128116,0.001985647249128116,3.1500000000000004,-0.013550062230000055,-0.42351905130310313,0.0,1.932815792735908,8.268728228172991,-7.867277985035617,-2.545152965453894,0.0,3.1500000000000004,1.1463785649495928,0.5258361469729657,1.0186658729497682
11532.806,1.34212497534867,1.3409334958153085,2.019486506815511,1.34212497534867,0.0017669364817239212,0.0017669364817239212,3.2,-0.021460837389057654,-0.7032287195646414,0.0,1.9634954084936207,6.948618418585208,-6.588905272032501,2.206722738198868,0.0,3.2,1.1841808092323742,0.27017851910057733,1.1529474215118656
11533.153,1.34189880361428,1.3406621356038269,2.019164911715981,1.34189880361428,0.0018339499439709475,0.0018339499439709475,3.25,-0.026984087170061132,-0.9263131173847549,0.0,1.9941750242513334,5.144855779941433,-2.987747217579998,4.188425427322271,0.0,3.25,1.2208896389196202,-0.02093862647640247,1.2207100738269354
11533.501,1.34119914344905,1.340389993374444,2.0188424008140204,1.34119914344905,0.0011999507721104526,0.0011999507721104526,3.3000000000000003,-0.031805532895456394,-1.1429954356640168,0.0,2.024854640009046,2.951218386025678,-0.052199940234866245,2.9507567043481377,0.0,3.3000000000000003,1.2563707438104688,-0.32954667509647545,1.2123804827015852
11533.883,1.34169176789601,1.3400912625364434,2.0184883928912765,1.34169176789601,0.0023735122843736123,0.0023735122843736123,3.35,-0.03591745990029101,-1.3503303739989032,0.0,2.055534255766759,0.5423999018078858,0.09282722841834945,0.5343975665601143,0.1464466094067272,3.35,1.2904916590160027,-0.635065939592654,1.123414426807478
11534.242,1.34173477768794,1.3398105181101538,2.0181557116635176,1.34173477768794,0.002853632272394033,0.002853632272394033,3.4000000000000004,-0.03784513143638664,-1.4874650459757408,0.0,2.086213871524472,2.1740696447792804,-2.168908084031851,-0.14972155279715849,0.5000000000000028,3.4000000000000004,1.3231217827134298,-0.915756906165,0.9550081364584658
11534.596,1.340949488966,1.339533683773368,2.017827675342434,1.340949488966,0.0020996062255623795,0.0020996062255623795,3.45,-0.03912483919508401,-1.6066077248922321,0.0,2.116893487282185,4.783901207089827,-4.175137712825386,2.335366317762315,0.8535533905932768,3.45,1.3541324383355067,-1.1503629499872563,0.7143806715254003
11534.949,1.34079968538042,1.3392576314544815,2.017500577012437,1.34079968538042,0.0022868301655500803,0.0022868301655500803,3.5,-0.036691643576745606,-1.5731542183529679,0.0,2.1475731030398975,7.271198191341535,-3.0074386265950537,6.620093356217302,1.0,3.5,1.3833969744732528,-1.3198155505164562,0.41457701527785296
11535.297,1.34068996345154,1.3389854892250987,2.0171781228826964,1.34068996345154,0.0025276956997829624,0.0025276956997829624,3.5500000000000003,-0.028769885889263106,-1.2871323285640062,0.006155829702431202,2.1782527187976104,9.515251385745,2.114413513378406,9.277352231556423,1.0,3.5500000000000003,1.4107908971441259,-1.4088603042608372,0.07378074642336499
11535.679,1.34042667185289,1.338686758387098,2.016824177278883,1.34042667185289,0.0025802512688383435,0.0025802512688383435,3.6,-0.01844663195507489,-0.8606460604959741,0.02447174185242326,2.2089323345553233,11.426360728361377,8.840024713745391,7.239867578554864,1.0,3.6,1.4361920302315314,-1.4074612811377638,-0.2858326254971831
11536.033,1.34037352756452,1.3384099240503122,2.016496187165071,1.34037352756452,0.002911978416538013,0.002911978416538013,3.6500000000000004,-0.00430210895156646,-0.20919918975144125,0.05449673790581632,2.2396119503130363,12.947356574027953,12.945446508297223,0.22238919901853205,1.0,3.6500000000000004,1.459480700889301,-1.311853141058351,-0.6396289960310301
11536.381,1.34008303111576,1.3381377818209295,2.016173767300968,1.34008303111576,0.0028847595353880275,0.0028847595353880275,3.7,0.011341452492524067,0.5744785931038217,0.09549150281252644,2.270291566070749,14.054740601086758,11.10329200807529,-8.616997153721705,1.0,3.7,1.4805399475743706,-1.125134440995694,-0.9623258419313215
11536.763,1.34034038490584,1.337839050982927,2.0158198593105814,1.34034038490584,0.00370942012650411,0.00370942012650411,3.75,0.025884511204722106,1.3650035205615174,0.14644660940672624,2.3009711818284617,14.755788774296779,3.3042253866471847,-14.381077739373328,1.0,3.75,1.4992557491651997,-0.8573301173338155,-1.22994019013824
11537.122,1.34021282830203,1.3375583065566392,2.015487271998315,1.34021282830203,0.003936594110205163,0.003936594110205163,3.8000000000000003,0.039162146083291896,2.1489052798823933,0.2061073738537638,2.3316507975861747,15.081418012948268,-6.780207507583306,-13.47137540993463,1.0,3.8000000000000003,1.515517274382458,-0.524893598871111,-1.4217170319074637
11537.441,1.34061477765679,1.3373088428463706,2.0151917515911135,1.34061477765679,0.004902624559778544,0.004902624559778544,3.85,0.050238547224613316,2.866944335011799,0.2730047501302266,2.3623304133438876,15.075669645081511,-13.847199912335475,-5.9607776200298375,1.0,3.85,1.5292171514919028,-0.1496659430252952,-1.5218755540172653
11537.818,1.34031243326203,1.3370140220978737,2.014842512117897,1.34031243326203,0.00489146716707003,0.00489146716707003,3.9000000000000004,0.05410188440578482,3.2092696810667505,0.34549150281252683,2.3930100291016,14.783710487223239,-14.143513665488705,4.303384361658701,1.0,3.9000000000000004,1.5402517590788176,0.24264320135578366,-1.521019315518777
11538.195,1.34013731588761,1.336719201349375,2.0144932855548783,1.34013731588761,0.00506898449130678,0.00506898449130678,3.95,0.05295028455214885,3.263319418163365,0.42178276747988486,2.423689644859313,14.241171394171081,-7.715381391220688,11.970123335461595,1.0,3.95,1.5485215395860095,0.624344311807193,-1.417079087022255
11538.549,1.34004168933275,1.3364423670125891,2.0141653763439864,1.34004168933275,0.005337711424243512,0.005337711424243512,4.0,0.04666894966694847,2.986812778684702,0.5000000000000001,2.454369260617026,13.467876756172632,1.7188270657949154,13.357744489147333,1.0,4.0,1.5539313383593127,0.967881955275747,-1.2156920354212912
11538.908,1.33975202176649,1.3361616225863013,2.0138328472723668,1.33975202176649,0.005324478614860697,0.005324478614860697,4.05,0.03969569048693302,2.636989681008271,0.578217232520115,2.4850488763747385,12.468039388039733,9.135263088208221,8.485220945321966,1.0,4.05,1.5563907722163022,1.2480048501018715,-0.9299656606360595
11539.262,1.33992905825005,1.3358847882495137,2.013504960988252,1.33992905825005,0.005997558502519131,0.005997558502519131,4.1000000000000005,0.032421908202718876,2.234550335239588,0.6545084971874745,2.5157284921324514,11.236940975233221,11.213480700538184,0.7257362189755878,1.0,4.1000000000000005,1.5558146331369958,1.4438120120816078,-0.5796257813900823
11539.65,1.33978012112773,1.33558136530411,2.0131455958765736,1.33978012112773,0.006226657390979037,0.006226657390979037,4.15,0.02417529649694247,1.7278900322621558,0.7269952498697739,2.5464081078901644,9.772043108117426,8.044223411713626,-5.548269659032777,1.0,4.15,1.5521233346921834,1.540499412362961,-0.18960065032946408
11539.981,1.33992055359729,1.335322517379037,2.012839034901953,1.33992055359729,0.006818780944896576,0.006818780944896576,4.2,0.015893584855885438,1.1775239148028405,0.7938926261462367,2.5770877236478773,8.085792385289036,2.5572579930772568,-7.670754203782092,1.0,4.2,1.5452434114425622,1.5306514835506475,0.21185664141312516
11540.335,1.33988412675244,1.3350456830422512,2.012511183120557,1.33988412675244,0.007175299673155931,0.007175299673155931,4.25,0.008795789576591028,0.6752142842154957,0.8535533905932737,2.60776733940559,6.21955373620442,-1.7438196575001974,-5.970087242214326,1.0,4.25,1.5351080849917362,1.414955965705465,0.5953624507151177
11540.689,1.34034643051872,1.3347688487054636,2.0121833427221603,1.34034643051872,0.00827142431715884,0.00827142431715884,4.3,0.004107490683758211,0.326574261793564,0.9045084971874736,2.6384469551633027,4.268809018534963,-3.080646779662649,-2.9550542898024026,1.0,4.3,1.5216579149840892,1.2022664548566881,0.9327369306294548
11541.071,1.34064932464084,1.334470117867463,2.011829584213931,1.34064932464084,0.009163620163237525,0.009163620163237525,4.3500000000000005,0.0006665063339526933,0.05486205255335632,0.9455032620941842,2.6691265709210157,2.498962565357842,-2.2000001359809356,-1.1852482038559315,1.0,4.3500000000000005,1.5048415595682885,0.9089909430771925,1.199284613762536
11541.425,1.34096768545678,1.3341932835306771,2.011501767481893,1.34096768545678,0.010046280754250464,0.010046280754250464,4.4,-0.004312130832939329,-0.3673245528731039,0.9755282581475768,2.6998061866787286,1.9404672841365278,-1.3060712126538163,-1.4351276139358415,1.0,4.4,1.4846166783667716,0.5578421224332153,1.375826605399093
11541.791,1.34095669757349,1.3339070649790852,2.011162850286598,1.34095669757349,0.010454441444463702,0.010454441444463702,4.45,-0.01064625384530519,-0.9381598658838693,0.9938441702975689,2.730485802436441,3.185903510145447,-2.0862715815687465,-2.407789871208806,1.0,4.45,1.4609510227739206,0.1760413034442638,1.4503059506275942
11542.145,1.34151881652885,1.3336302306422976,2.0108350567064246,1.34151881652885,0.011698589696155625,0.011698589696155625,4.5,-0.01690368973028772,-1.5403487266724685,1.0,2.761165418194154,4.805933831703163,-4.347180165953903,-2.049152166005745,1.0,4.5,1.4338237748836553,-0.20688252364138066,1.4188200163633824
11542.504,1.34130406887156,1.3333494862160098,2.0105026448987307,1.34130406887156,0.011796461372129004,0.011796461372129004,4.55,-0.02387173413073834,-2.2486308200793275,1.0,2.791845033951867,6.250990927501134,-6.218164279260087,0.6397816595021861,1.0,4.55,1.4032272196541125,-0.561518263277431,1.2859797315603807
11542.87,1.34204766257675,1.333063267664416,2.010163763575205,1.34204766257675,0.013323649036615204,0.013323649036615204,4.6000000000000005,-0.03194908747095806,-3.1097963780731743,1.0,2.82252464970958,7.355935859047715,-5.674454846871871,4.680849768283145,1.0,4.6000000000000005,1.369168868263151,-0.861018743769145,1.0645516017080625
11543.212,1.34223703125364,1.3327958175424381,2.0098471149749537,1.34223703125364,0.014001100707967102,0.014001100707967102,4.65,-0.03807521136238389,-3.8282578482266283,1.0,2.8532042654672924,8.043935625130223,-2.1797436515380775,7.742972165442582,1.0,4.65,1.331674198874181,-1.0833563477823756,0.7743998938964443
11543.589,1.34179353221941,1.3325009967939394,2.0094980731271157,1.34179353221941,0.01378061426254925,0.01378061426254925,4.7,-0.04007611167544082,-4.160822142479293,1.0,2.8838838812250054,8.284153026451417,2.7811482027480987,7.8033586384335285,1.0,4.7,1.2907902517068455,-1.2131890985314375,0.4408079912001361
11543.938,1.34213361895251,1.3322280725466555,2.0091749663192786,1.34213361895251,0.014689695312294089,0.014689695312294089,4.75,-0.037734804524732,-4.044109753674012,1.0,2.9145634969827183,8.083306480270119,6.646368947465519,4.600611205931554,1.0,4.75,1.246590419974406,-1.243167634017408,0.0923141858195466
11544.303,1.34218295926063,1.331942636012963,2.0088370584280586,1.34218295926063,0.015186161595157021,0.015186161595157021,4.800000000000001,-0.032892419323042446,-3.637638437773912,1.0,2.945243112740431,7.481414147846759,7.479612853465469,-0.164162157258557,1.0,4.800000000000001,1.199180934909491,-1.1745588350735523,-0.24175702182369158
11544.646,1.34282752879754,1.3316744038730821,2.00851952861711,1.34282752879754,0.016539825286509012,0.016539825286509012,4.8500000000000005,-0.027638661226516825,-3.1531324821986,1.0,2.9759227284981438,6.546606267597962,5.198991061243539,-3.978510471025898,1.0,4.8500000000000005,1.1487097797191368,-1.017119382125511,-0.5338560859698115
11544.994,1.34390609498088,1.3314022616436993,2.0081973810130984,1.34390609498088,0.01854289449901857,0.01854289449901857,4.9,-0.02039183777593572,-2.3990793225010623,1.0,3.0066023442558567,5.368155397158337,1.4968709975416519,-5.155237102671307,1.0,4.9,1.0953791269331556,-0.7882174324251073,-0.7606370428410738
11545.377,1.34433015931017,1.3311027487877993,2.0078428462219744,1.34433015931017,0.019615942663134472,0.019615942663134472,4.95,-0.01122060466866354,-1.3609176861749457,1.0,3.0372819600135696,4.047984759021206,-1.4123550855861342,-3.793604317991922,1.0,4.95,1.03946294071963,-0.5112673679203238,-0.9050352941346129
11545.749,1.34482042834056,1.3308118381288043,2.007498506648086,1.34482042834056,0.02077441400343702,0.02077441400343702,5.0,-0.0029913255301278283,-0.37391569126597857,1.0,3.067961575771282,2.691305090973303,-2.2633931682037542,-1.4560818860309297,1.0,5.0,0.9813322108465091,-0.21360527280349814,-0.9578025346987972
11546.097,1.34526441459508,1.3305396958994198,2.0071763939103073,1.34526441459508,0.021836415916506226,0.021836415916506226,5.050000000000001,0.004316033278864569,0.5558516754059307,1.0,3.098641191528995,1.3972008246696843,-1.3937377937128725,0.09831127521307119,1.0,5.050000000000001,0.9214914953246697,0.0760142409322794,-0.9183509193827734
11546.451,1.34586524170288,1.3302628615626357,2.0068487387911764,1.34586524170288,0.02313796745945465,0.02313796745945465,5.1000000000000005,0.011168507369026652,1.4815136710087549,1.0,3.129320807286708,0.251743588600185,-0.20699698567958222,0.1432727549845609,1.0,5.1000000000000005,0.8606321057486738,0.3300810271378909,-0.79481704622447
11546.8,1.34638001110201,1.3299899373153519,2.006525722712178,1.34638001110201,0.024306098846776425,0.024306098846776425,5.15,0.015297311699040785,2.089473190119718,1.0,3.160000423044421,0.6934194588671718,0.0447789848768638,-0.6919721009181216,0.7499999999999978,5.15,0.7997091570882794,0.5249137405799132,-0.6033243745127905
11547.183,1.34695175902757,1.3296904244594483,2.0061712507510157,1.34695175902757,0.025598158354940868,0.025598158354940868,5.2,0.016653613719818928,2.3416313179163,1.0,3.1906800388021335,1.3939444047409975,-0.7969481342565814,-1.1436584607362847,0.2500000000000022,5.2,0.7400506279817111,0.6429282394630375,-0.3664944895589619
11547.537,1.34692531670237,1.3294135901226625,2.005843630552616,1.34692531670237,0.025969483894000077,0.025969483894000077,5.25,0.01661990498640108,2.4049521887353187,1.0,3.2213596545598464,1.8563293740357754,-1.8037443169436937,-0.43870854106272156,3.749399456654644e-33,5.25,0.6835025548809993,0.6743753201721445,-0.11132686141076198
11547.909,1.34785962231961,1.3291226794636675,2.005499363965976,1.34785962231961,0.027786451182035574,0.027786451182035574,5.300000000000001,0.015261496913450117,2.272085875983714,1.0,3.2520392703175593,2.117139405840358,-1.8295468716821381,1.065381390901947,0.0,5.300000000000001,0.6325951308477846,0.6183755205306286,0.13337284274094147
11548.263,1.34860282948728,1.3288458451268816,2.0051717671123805,1.34860282948728,0.029299149047697502,0.029299149047697502,5.3500000000000005,0.012582364565790297,1.9267422043461808,1.0,3.2827188860752723,2.24786524783411,-0.5135241196735255,2.188422068736704,0.0,5.3500000000000005,0.5906601567985954,0.48313791181712523,0.3397899041971803
11548.629,1.34945723974635,1.328559626575288,2.0048330772490326,1.34945723974635,0.030990675088418587,0.030990675088418587,5.4,0.009283750922702862,1.4618565552924838,1.0,3.313398501832985,2.3427206064303463,1.371874058061513,1.8990264370490488,0.0,5.4,0.5617280830160649,0.28532089138953076,0.4838702596622226
11548.989,1.35027317925522,1.3282781001311008,2.0044999515487687,1.35027317925522,0.03261819161355423,0.03261819161355423,5.45,0.007945338949881184,1.2861805443657102,1.0,3.3440781175906977,2.485971431481637,2.4799428757228417,0.17302396161913736,0.0,5.45,0.5499539217163869,0.048569979118636364,0.547804959031633
11549.326,1.35108461550797,1.328014560098623,2.00418811954735,1.35108461550797,0.034212356483510835,0.034212356483510835,5.5,0.0075837607653816835,1.2617481973403777,1.0,3.3747577333484107,2.7088233079328643,1.9081579801815016,-1.9226691957458508,0.0,5.5,0.5585137273656516,-0.19865620025847483,0.5219897487065606
11549.692,1.35240393798302,1.3277283415470311,2.003849465023851,1.35240393798302,0.036593336545228235,0.036593336545228235,5.550000000000001,0.005549654474939028,0.9487349374019177,1.0,3.4054373491061236,2.9770861324292994,-0.10517576865503982,-2.9752277051665588,0.0,5.550000000000001,0.5885120828227073,-0.42579204124954795,0.40626051892457427
11550.052,1.35362329314305,1.3274468151028405,2.0035163740840876,1.35362329314305,0.03881910911369554,0.03881910911369554,5.6000000000000005,0.004024854555945453,0.706828857696917,1.0,3.436116964863836,3.2210780264604435,-2.322989710844351,-2.2313812887665754,0.0,5.6000000000000005,0.6387676980009508,-0.6031689749291304,0.21026497495392799
11550.436,1.35475606790913,1.3271465202290393,2.0031610900571843,1.35475606790913,0.04094431811364621,0.04094431811364621,5.65,0.0029081448744760086,0.5245191893683513,1.0,3.466796580621549,3.3709564581596965,-3.3688556287235785,-0.11899241835523226,0.0,5.65,0.7066191395627683,-0.7050479940588035,-0.04709495164117379
11550.79,1.35609988054569,1.3268696858922517,2.0028335744602153,1.35609988054569,0.04334769994356723,0.04334769994356723,5.7,0.0014755776567462135,0.27326665298580155,1.0,3.497476196379262,3.3752726274955873,-2.6601947298158346,2.077457414577017,0.0,5.7,0.7890017590623066,-0.7123992210117652,-0.3391329027169795
11551.139,1.35789390949807,1.3265967616449696,2.002510695932731,1.35789390949807,0.04641294354384564,0.04641294354384564,5.75,0.0013165878853001666,0.25029570000698637,1.0,3.5281558121369745,3.2066900086220254,-0.7459265363684717,3.1187264089268334,0.0,5.75,0.883145358366059,-0.6151598925235106,-0.6336592385769956
11551.499,1.3594082667214,1.3263152352007808,2.0021776523104187,1.3594082667214,0.04907619732221233,0.04907619732221233,5.800000000000001,0.0009253302467128506,0.18054303509663777,1.0,3.5588354278946874,2.862064450360535,1.155930396797996,2.6182509115392243,0.0,5.800000000000001,0.9868172378437112,-0.41373956709570076,-0.8958949891170024
11551.86,1.36101707440765,1.326032926738689,2.001843695388162,1.36101707440765,0.05188067865833329,0.05188067865833329,5.8500000000000005,0.0006351851610261655,0.12716510141332504,1.0,3.5895150436524004,2.3603287359380207,2.037036801993587,1.1923224433929414,0.0,5.8500000000000005,1.098307086524521,-0.11960087250853024,-1.0917756580933557
11552.214,1.36304650101812,1.325756092401905,2.001516225580448,1.36304650101812,0.055300810091545666,0.055300810091545666,5.9,0.0029993537136638665,0.6160042663585714,1.0,3.6201946594101133,1.7400806536581257,1.7373333545922738,-0.09774198819569072,0.0,5.9,1.2163239822062575,0.2451788416442229,-1.1913569428597313
11552.557,1.36502306415592,1.3254878602620224,2.0011989422461554,1.36502306415592,0.058629789364021086,0.058629789364021086,5.95,0.004177597221907855,0.8799894446091274,1.0,3.650874275167826,1.0624157014377609,0.9108205352873449,-0.5469305944636524,0.0,5.95,1.3398875730663542,0.6493712341777101,-1.172013527515857
11552.947,1.36698623468189,1.3251828732808182,2.000838195753265,1.36698623468189,0.06199341428035972,0.06199341428035972,6.0,0.004858414413663658,1.0494175133513501,1.0,3.6815538909255388,0.479748087555654,0.41085166855691335,-0.24770775917864918,0.0,6.0,1.468239641707641,1.055000156811477,-1.0211279619173794
11553.296,1.36907271040211,1.3249099490335343,2.0005153856052713,1.36907271040211,0.06549234964671026,0.06549234964671026,6.050000000000001,0.00680102502005196,1.5060538356935342,1.0,3.7122335066832517,0.6175875911445936,0.6063830773214673,0.11710677296351865,0.0,6.050000000000001,1.6007788686748567,1.4205102892038728,-0.7379996644049942
11553.673,1.37104013549583,1.3246151282850356,2.0001666890796175,1.37104013549583,0.06884720770118914,0.06884720770118914,6.1000000000000005,0.007785562757935974,1.7671748203590656,1.0,3.7429131224409646,1.1531939963235192,1.1497711482104667,-0.0887845701650569,0.0,6.1000000000000005,1.7370145878608814,1.7044511917864753,-0.3347623235359249
11554.034,1.37358195420421,1.3243328198229474,1.9998328034454653,1.37358195420421,0.07303532271853254,0.07303532271853254,6.15,0.006707238177251978,1.5601597731485448,1.0,3.773592738198677,1.6184111305569975,1.335238150289006,-0.9145456082249656,0.0,6.15,1.876534468970048,1.869369867453911,0.163822806373373
11554.4,1.37639193418738,1.3240466012713554,1.9994943054412424,1.37639193418738,0.07762691325160435,0.07762691325160435,6.2,0.003759390604465927,0.8959680439811556,1.0,3.80427235395639,1.9346999549538653,0.7255245516485945,-1.7935099778516967,0.0,6.2,2.0189819701709046,1.8855728638567217,0.7217362197938716
11554.749,1.38006345406519,1.3237736770240716,1.9991715413550937,1.38006345406519,0.08347643229880708,0.08347643229880708,6.25,2.0286797320061904e-05,0.004952831376968238,1.0,3.834951969714103,2.073886670174678,-0.4640571479671507,-2.0213007901222437,0.0,6.25,2.164040533889644,1.7344153909972932,1.2941694957728995
11555.098,1.38366533541033,1.3235007527767877,1.9988487883326647,1.38366533541033,0.08922267901907295,0.08922267901907295,6.300000000000001,-0.0034959103042557995,-0.8741418838482502,1.0,3.865631585471816,2.0276692967178933,-1.5212486675468908,-1.3406137655339985,0.0,6.300000000000001,2.3114224247538617,1.4108012012907922,1.830932438975147
11555.476,1.38765103679432,1.3232051500103879,1.9984992287720962,1.38765103679432,0.09557175366187261,0.09557175366187261,6.3500000000000005,-0.007333887194602428,-1.8778262316676637,1.0,3.8963112012295285,1.802911011960873,-1.7954811979631982,-0.1635095862951701,0.0,6.3500000000000005,2.4608607783338945,0.9246318648599523,2.280546356649588
11555.831,1.39145192250406,1.3229275336557027,1.9981709505268368,1.39145192250406,0.10162007752026764,0.10162007752026764,6.4,-0.010571515813350805,-2.771259441375034,1.0,3.9269908169872414,1.4191048058052693,-1.2100999792537581,0.7412937947060299,0.0,6.4,2.6121038897575577,0.3010238410194158,2.5947006336039
11556.197,1.3958002465326,1.322641315104109,1.9978325122645701,1.3958002465326,0.10849299655215276,0.10849299655215276,6.45,-0.013079194169410835,-3.5096202815422974,1.0,3.9576704327449543,0.9057846069302986,-0.32266222450991744,0.8463656674429718,0.0,6.45,2.764911081506017,-0.42078959983113196,2.7327036797480857
11556.541,1.40082987132258,1.3223723009463288,1.997514428378527,1.40082987132258,0.1163507550768564,0.1163507550768564,6.5,-0.014698277282297152,-4.036514398650855,1.0,3.988350048502667,0.30132422815807497,0.11545173276782679,0.2783292795879836,0.0,6.5,2.9190496975356095,-1.1898448265129007,2.6655431764470103
11556.907,1.40590231423796,1.322086082394737,1.9971760137204866,1.40590231423796,0.12429752560382368,0.12429752560382368,6.550000000000001,-0.013564807350261155,-3.8118651651069952,1.0,4.01902966426038,0.3690881203362534,-0.24059231683537977,-0.2798952976617022,0.0,6.550000000000001,3.0742929103796026,-1.9469841142805775,2.379186784922395
11557.274,1.41155117923903,1.3217990818252439,1.9968366866499565,1.41155117923903,0.13310027641369043,0.13310027641369043,6.6000000000000005,-0.013125924240586496,-3.7736507154716565,1.0,4.049709280018092,1.0422850103826624,-1.0342258614185216,-0.12936348186989882,0.0,6.6000000000000005,3.230418122106595,-2.629298819119552,1.8768028568315926
11557.634,1.41775748109497,1.321517555381055,1.996503843644474,1.41775748109497,0.14272157513488412,0.14272157513488412,6.65,-0.010682435621345387,-3.1414866616118937,1.0,4.080388895775806,1.69367774142253,-1.4532864011606565,0.8697717677595824,0.0,6.65,3.3872058041909137,-3.1751487629266406,1.1796582103431652
11557.995,1.42539826231777,1.3212352469189632,1.9961700878963153,1.42539826231777,0.1544713331627957,0.1544713331627957,6.7,-0.007078939632123217,-2.1290831205762752,1.0,4.111068511533518,2.2884822637382665,-0.844371005366111,2.127014028336824,0.0,6.7,3.544438665491423,-3.5293639379862016,0.3265511394454929
11558.333,1.43301234271322,1.3209709248685861,1.99585760709516,1.43301234271322,0.16615482105281595,0.16615482105281595,6.75,-0.004729575508097625,-1.454566167591962,1.0,4.1417481272912315,2.7997404389560665,0.754311637495756,2.696212246664639,0.0,6.75,3.701901068208715,-3.648202222237453,-0.6282452263778328
11558.722,1.44275807165796,1.320666719905283,1.9954979896681264,1.44275807165796,0.18105863967816643,0.18105863967816643,6.800000000000001,-0.001183360766732566,-0.3720864926052543,1.0,4.172427743048944,3.2080258375624986,2.556624715675807,1.9378079981422744,0.0,6.800000000000001,3.859378633230004,-3.5036389348934125,-1.618430612825662
11559.077,1.45289351521646,1.3203891035505961,1.9951698160940552,1.45289351521646,0.19650096573732992,0.19650096573732992,6.8500000000000005,0.000319175623678818,0.10258914968417499,1.0,4.2031073588066565,3.5017485509016226,3.5017484801086325,0.0007041296017896277,0.0,6.8500000000000005,4.016657991554509,-3.0866017349728154,-2.5702978719948995
11559.438,1.46479686325321,1.3201067950885061,1.9948361076636205,1.46479686325321,0.21457201137318116,0.21457201137318116,6.9,0.0019308475854346448,0.6343008094435498,1.0,4.23378697456437,3.6770061826174274,2.9346141018173664,-2.2154941977855502,0.0,6.9,4.173526649447934,-2.4088355981860796,-3.4082012491288736
11559.793,1.47794328431676,1.3198291787338192,1.9945079571778361,1.47794328431676,0.2344795471571928,0.2344795471571928,6.95,0.002678956513829272,0.899332064214207,1.0,4.264466590322082,3.7370215110873204,1.0316923022221378,-3.591787962542464,0.0,6.95,4.329772942906381,-1.5031825575150535,-4.060464990109714
11560.154,1.49265085748687,1.3195468702717292,1.9941742722259113,1.49265085748687,0.2567091935514827,0.2567091935514827,7.0,0.0028632442242568622,0.9820927689201038,1.0,4.295146206079795,3.691289568727664,-1.303275804761484,-3.4535620534342466,0.0,7.0,4.4851860628077045,-0.4221821800131907,-4.46527224532657
11560.504,1.50987030631875,1.3192731640065443,1.9938507662615708,1.50987030631875,0.2826511363679551,0.2826511363679551,7.050000000000001,0.0030203788595640326,1.0583486808857436,1.0,4.325825821837508,3.554577180919357,-2.9823293492753367,-1.9340968402754686,0.0,7.050000000000001,4.639556136405482,0.7649679877868734,-4.57605781437681
11560.876,1.53131435217141,1.3189822533475493,1.9935069378349475,1.53131435217141,0.3148835721872931,0.3148835721872931,7.1000000000000005,0.003487087765934985,1.2480670693935567,1.0,4.356505437595221,3.345926222591643,-3.34167055904476,0.16870139845259194,0.0,7.1000000000000005,4.792674354004111,1.9769181592210776,-4.365950303802217
11561.237,1.55395457264683,1.318699944885461,1.9931732883959077,1.55395457264683,0.34887715033864347,0.34887715033864347,7.15,0.006917046589373174,2.5283595069963956,1.0,4.387185053352934,3.0878124560489235,-2.4328890926595506,1.9014826916249,0.0,7.15,4.944333132043637,3.125839435608798,-3.8308690846095637
11561.616,1.58305889628099,1.31840356010116,1.992823015434455,1.58305889628099,0.3924777182363957,0.3924777182363957,7.2,0.008727496997566952,3.25752079934787,1.0,4.417864669110647,2.8055820766290873,-0.8623529250047455,2.6697637014234314,0.0,7.2,5.094326305631925,4.123860757999139,-2.990975251801356
11561.977,1.61374705267442,1.3181212516390701,1.992489390260915,1.61374705267442,0.4384061984804353,0.4384061984804353,7.25,0.013250906828943691,5.049630728923558,1.0,4.448544284868359,2.527141252312403,0.6459234441413163,2.443199912706228,0.0,7.25,5.242449344942362,4.889790657257363,-1.890296924423571
11562.32,1.64990471438429,1.317853019499191,1.9921724111045602,2.412795369981529,0.49242495324741453,0.49242495324741453,7.300000000000001,0.015551456622849314,6.049781001050973,1.0,4.479223900626073,2.2824049078070066,1.637240780141538,1.5902247611652383,0.0,7.300000000000001,5.388499590957269,5.355605582485162,-0.5944885924897351
11562.675,1.69120920817388,1.3175754031445042,1.9918443535523442,2.268899055973416,0.5540902570514197,0.5541650601737169,7.3500000000000005,0.017634488501660092,7.002044789844854,1.0,4.509903516383785,2.101042709628014,2.030803521243442,0.5387184104764442,0.0,7.3500000000000005,5.5322765068603585,5.472187820894974,0.8131689868703575
11563.066,1.74305657942858,1.317269634145397,1.991483041439575,2.2253072756529493,0.6314321530476843,0.6315893253151945,7.4,0.017366798447853594,7.0374435342330255,1.0,4.540583132141498,2.006492494173345,1.9528859685362736,-0.46070437708807477,0.0,7.4,5.673581942024936,5.213838648789577,2.237279284590889
11563.392,1.79159576804527,1.3170146963098261,1.9911818046161924,2.20018107988326,0.7037927095728285,0.7040185421620069,7.45,0.014686207435197138,6.072653149881617,1.0,4.571262747899211,2.007220583750265,1.5063893146869698,-1.3265465330804178,0.0,7.45,5.812220406051237,4.581173995460904,3.576975100812303
11563.776,1.85623020009594,1.316714401436025,1.9908269858938938,2.176947512594364,0.8000894018122128,0.800396092000086,7.5,0.011940495020721933,5.037396336867066,1.0,4.601942363656923,2.0925459372871287,0.6936833875834993,-1.9742218359261325,0.0,7.5,5.94799935070879,3.6021249648630236,4.733222159749398
11564.132,1.92045177718771,1.3164360030634388,1.9904980513348,2.1592767439010156,0.8957413677312108,0.8961230019078287,7.550000000000001,0.006140511615864801,2.6426850760441676,1.0,4.632621979414636,2.2385797039724875,-0.45664476891193945,-2.1915096728198376,0.0,7.550000000000001,6.080729457962233,2.3309056253597453,5.616239819184716
11564.487,1.986689414905,1.3161583867087518,1.9901700522127133,2.144222456227266,0.9943819450303781,0.9948382956787771,7.6000000000000005,0.0007161254822264956,0.3143618996858582,1.0,4.663301595172349,2.4185143363202046,-1.70448556299154,-1.7157915259552288,0.0,7.6000000000000005,6.210224932520011,0.8449649354042137,6.152473321391205
11564.831,2.05165741934137,1.31588937255097,1.9898522273645405,2.1314699445981846,1.0911269287966623,1.091655664563215,7.65,-0.00280592539379795,-1.2562047317678353,1.0,4.693981210930062,2.6091260271142143,-2.5651923609494753,-0.47678797876127377,0.0,7.65,6.336303797558641,-0.7599034574061626,6.290571718880424
11565.209,2.11597519117866,1.31559376978457,1.989503001990407,2.1190833338219197,1.186947063006155,1.1875553198523239,7.7,-0.00829532053971008,-3.787087571955462,1.0,4.724660826687775,2.792462079831212,-2.5229262874054075,1.196949211793894,0.0,7.7,6.45878819245173,-2.3759729275158317,6.005888573946884
11565.565,2.16461623058363,1.3153153714119838,1.9891741137702956,2.108672912789576,1.2594934533169724,1.2601765854322586,7.75,-0.011095416183940889,-5.16474286774661,1.0,4.755340442445488,2.9553589633602844,-1.377595337459301,2.6146467617107225,0.0,7.75,6.577504671480559,-3.8910714172544707,5.3031246382839115
11565.955,2.20287864127279,1.3150103844307797,1.9888138280911551,2.0984140577633923,1.3166880085240322,1.3174531473217108,7.800000000000001,-0.01426658199705896,-6.770235019868325,1.0,4.7860200582032,3.0886696868507153,0.5218307745809713,3.0442688904186372,0.0,7.800000000000001,6.692284502628705,-5.196606193856188,4.21686565236549
11566.281,2.22141552099069,1.314755446595207,1.9885126768168693,2.090613889804848,1.34455583760831,1.3453895098603401,7.8500000000000005,-0.016486369766437754,-7.975060869318639,1.0,4.816699673960914,3.1867692233261136,2.3581892636839226,2.1434648304519484,0.0,7.8500000000000005,6.802963965671409,-6.195534259374844,2.8099241909945305
11566.66,2.22942698234505,1.3144590618109078,1.9881625775013374,2.0823030667836866,1.3568761805230827,1.3577895101751418,7.9,-0.018542181338917142,-9.14201854515837,1.0,4.847379289718626,3.2472821921934703,3.239749603644201,0.22105234996279294,0.0,7.9,6.909384648865564,-6.809678776200623,1.1695602553703304
11567.01,2.22400472039013,1.3141853555457246,1.9878392783759828,2.075257053619609,1.3492409919850825,1.3502278666948904,7.95,-0.020163159339114185,-10.131178521136396,1.0,4.878058905476339,3.270815751661675,2.688395153297542,-1.862999511820766,0.0,7.95,7.011393743631194,-6.985830001600199,-0.5981817591445016
11567.383,2.20832138683819,1.3138936628688285,1.987494746127597,2.068328409445617,1.3264155459625373,1.327480780527437,8.0,-0.019717896025504604,-10.095562765058357,1.0,4.908738521234052,3.2605075696958568,0.9254731966958843,-3.1264051199806917,0.0,8.0,7.108844336692894,-6.700151278135667,-2.3756347895725933
11567.739,2.1881201593725,1.3136152644962422,1.9871659282082152,2.0622090997550346,1.296870453027166,1.2980104586068426,8.05,-0.01971955953477008,-10.286907891853105,1.0,4.9394181369917645,3.221295092351682,-1.2255493859868771,-2.9790553493542578,0.0,8.05,7.201595699221759,-5.96053081533223,-4.041664634098707
11568.094,2.1651471412848,1.3133376481415553,1.9868380453981986,2.0565341262515964,1.2632136992461696,1.264428248809543,8.1,-0.01686213764477729,-8.961231292078086,1.0,4.970097752749477,3.1589387380118157,-2.7668724091978896,-1.5242411297859504,0.0,8.1,7.289513572586634,-4.806669457522571,-5.480231459623253
11568.444,2.14074772634444,1.3130639418763703,1.9865147918626223,2.051314038539961,1.2274358334817896,1.2287238604943336,8.15,-0.012014690760502373,-6.5040732458716715,1.0,5.00077736850719,3.078965242645391,-3.034779027283515,0.5197530384504888,0.0,8.15,7.372470450389598,-3.3078620989308223,-6.588730444958633
11568.84,2.11512843247858,1.3127542627877613,1.9861490669936206,2.0458117952102812,1.1899022624584268,1.191273404059267,8.200000000000001,-0.006745465381745012,-3.719233756601985,1.0,5.031456984264903,2.9858004631690114,-2.002643617574798,2.2145931786328634,0.0,8.200000000000001,7.450345856525431,-1.5586030896466283,-7.2854931055344245
11569.214,2.0924903461331,1.3124617880929659,1.9858036732521445,2.0409707698267856,1.15676423924737,1.1582138585631696,8.25,-0.001171694335571781,-0.6579246771475483,1.0,5.062136600022616,2.8823783325007093,-0.230660535238031,2.8731342762135696,0.0,8.25,7.523026619069644,0.32768943666157446,-7.515886451000365
11569.563,2.07181988986107,1.312188863845682,1.9854813787875925,2.0367359629001536,1.1265151728870129,1.1280380070863212,8.3,0.0043087451435248085,2.4636844593806204,1.0,5.092816215780329,2.7704033420230374,1.4716803099954672,2.347188050128081,0.0,8.3,7.590407139865306,2.226391671689936,-7.256546056709618
11569.907,2.05306032238584,1.3119198496879019,1.985163712549343,2.0328061636092545,1.0990941116693775,1.1006890957720301,8.35,0.009276644457958,5.400703540886805,1.0,5.123495831538041,2.6512271723770713,2.452621502237293,1.0068034993551649,0.0,8.35,7.652389659746193,4.010284436388197,-6.517414076445738
11570.263,2.03666883499729,1.3116414513153138,1.9848349762486537,2.028974180762382,1.0751987748059348,1.0768684088847489,8.4,0.013874893213457196,8.223704707188935,1.0,5.154175447295755,2.5270617207645762,2.4720036118588,-0.5246323317435457,0.0,8.4,7.708884519403614,5.558434738778158,-5.341414025166452
11570.619,2.0225148758311,1.3113630529427258,1.984506251459952,2.0253625010698557,1.0546216403406654,1.0563659073236331,8.450000000000001,0.017777913711140285,10.72632423776942,1.0,5.184855063053467,2.402083033943559,1.7040075450863306,-1.693033132649314,0.0,8.450000000000001,7.75981041597708,6.764703486972895,-3.801768591753467
11570.975,2.01011782082597,1.3110846545701396,1.9841775381832374,2.021954340921311,1.0366499539507896,1.038468836765905,8.5,0.019963120043197852,12.25985109652888,1.0,5.21553467881118,2.2829171493742977,0.549415683286804,-2.2158188368785394,0.0,8.5,7.805094655525847,7.545258678156989,-1.9971414725589163
11571.354,1.99969771879934,1.3107882697858404,1.9838276004644442,2.0185328345876283,1.0216367163539457,1.023535016924903,8.55,0.02093422801539507,13.084444649885828,1.0,5.246214294568893,2.178038604163219,-0.591860221011683,-2.096080542347852,0.0,8.55,7.8446734016195805,7.844544642469155,-0.044945860612543895
11571.727,1.99172737649887,1.3104965771089443,1.9834832153961068,2.0153583601444423,1.0102494572610503,1.0122258994225266,8.6,0.019668080626861408,12.510000691198957,1.0,5.2768939103266055,2.0958346774294596,-1.4576652944863067,-1.505900024691545,0.0,8.6,7.878491920372857,7.6392706369894565,1.9267016048706391
11572.083,1.98564401275865,1.3102181787363563,1.9831545379488338,2.012494183383683,1.001640828412617,1.0036918332720133,8.65,0.014030313059440963,9.080623805398687,1.0,5.307573526084319,2.0416789673737172,-1.9342053579835845,-0.6536838983513376,0.0,8.65,7.90650482234056,6.940127659187609,3.7878023417113065
11572.433,1.98119778978103,1.309944472471173,1.9828314112316878,2.0098252197615762,0.9954530830142483,0.9975773772540455,8.700000000000001,0.00754081348940938,4.965648305216547,1.0,5.338253141842031,2.015252755889912,-1.995543805895798,0.2811558088903713,0.0,8.700000000000001,7.92867630178991,5.791109640413724,5.415436919702061
11572.783,1.97754994769335,1.3096707662059899,1.9825082956417566,2.007292471835806,0.990449317937192,0.9926468850559891,8.75,0.0031337057195466784,2.099338011336935,1.0,5.368932757599744,2.0097500180979613,-1.6541277882982335,1.1414711539168874,0.0,8.75,7.94498037397083,4.2664913872320245,6.702220854720965
11573.168,1.9747078254629,1.3093696893142877,1.9821528813447618,2.0046535336486424,0.9866810067031072,0.988959154929696,8.8,0.0007668873799675964,0.522612276601278,1.0,5.399612373357457,2.013634359404858,-0.9634335550878668,1.768196572303704,0.0,8.8,7.955401111119896,2.4656873108158863,7.563649444817574
11573.53,1.97301311541029,1.3090865988342966,1.981818711871628,2.002303760296465,0.9845876076548337,0.9869415048398065,8.85,0.00010933064055657619,0.07578298449068308,1.0,5.43029198911517,2.013971724938461,-0.050234608618554104,2.013345125145846,0.0,8.85,7.959932878054966,0.5063690806702548,7.943810280796085
11573.892,1.97139671623231,1.3088035083543055,1.9814845543017983,2.000073341855386,0.9826103418152521,0.9850399703062902,8.9,0.0008290005474662447,0.5844196869467311,1.0,5.460971604872882,1.9997108592532984,0.8778458956469608,1.79672760988174,0.0,8.9,7.958580568348256,-1.483654751816059,7.819064729256567
11574.248,1.9703831745469,1.3085251099817192,1.9811559468642237,1.9979892281155995,0.9815201413524216,0.9840242287186373,8.950000000000001,0.002081457208741868,1.4922328382660475,1.0,5.491651220630596,1.963907814821427,1.582347818051061,1.1632322587625048,0.0,8.950000000000001,7.951359842205296,-3.3752076686501646,7.199451127254087
11574.61,1.9694613610073,1.3082420195017281,1.9808218129037023,1.995974547822336,0.9805729298862225,0.983152713546448,9.0,0.0011120485471800227,0.8106833908942366,1.0,5.522330836388308,1.9047310006229097,1.882806187729277,0.2881684302318658,0.0,9.0,7.9382973673263555,-5.046531396849676,6.127730897543642
11574.972,1.96899717665691,1.3079589290217388,1.980487690846485,1.9940591361803133,0.9803043718814327,0.9829598341833493,9.05,-0.0022624652595477574,-1.6769791263269977,1.0,5.553010452146021,1.8254551325027057,1.7291098646477625,-0.5852055337727651,0.0,9.05,7.91943106418521,-6.391463839310673,4.676171336805973
11575.333,1.96967780101645,1.307676620559647,1.980154503632396,1.9922421659866538,0.9817323788965345,0.9844632932038823,9.1,-0.004811709145365648,-3.6259644723823365,1.0,5.583690067903734,1.7336319479480606,1.2103707944682467,-1.2411616618492907,0.0,9.1,7.894810357327364,-7.326435261368406,2.941322311332281
11575.678,1.96970193503156,1.3074068243839676,1.979836094780925,1.990587789994905,0.9821682705443927,0.9849712763188813,9.15,-0.006516038781982014,-4.991682370859077,1.0,5.6143696836614465,1.639490846033638,0.49845878718502945,-1.5618799799299956,0.0,9.15,7.864496434464967,-7.795803286720715,1.0371862332612547
11576.046,1.97053150684951,1.3071190417965735,1.9794964705894325,1.9889066263666153,0.9838252811824583,0.9867051668496459,9.200000000000001,-0.00841319578076636,-6.551254596133397,1.0,5.64504929941916,1.5535941221538965,-0.23072336026889204,-1.5363663063922508,0.0,9.200000000000001,7.8285625153272935,-7.775175455085006,-0.9127089892354935
11576.425,1.97192236221575,1.3068226570122743,1.9791467074460662,1.9872603114804686,0.9863274191478554,0.9892864636796067,9.25,-0.011143715739365487,-8.8197286460325,1.0,5.675728915176872,1.4840447816181772,-0.8459873640558975,-1.2193007396478925,0.0,9.25,7.787094132410964,-7.272520220919406,-2.783753700194687
11576.775,1.97413557362873,1.306548950747091,1.9788237187699398,1.985812441605718,0.9900154603181419,0.9930475895186848,9.3,-0.011246279605179018,-9.046023724382982,1.0,5.706408530934585,1.4341408288819255,-1.2596072827981633,-0.6856744199603515,0.0,9.3,7.7401894259596995,-6.327031384411183,-4.4586103452100705
11577.132,1.97610909514663,1.306269770356602,1.9784942817835454,1.9844034467095213,0.9933561649403626,0.9964628235033364,9.35,-0.009939860879989186,-8.12484601075099,1.0,5.737088146692298,1.401731443634853,-1.4015780582949695,-0.020736117784002833,0.0,9.35,7.687959455683696,-5.0058743738860585,-5.834890088519853
11577.517,1.97905541136522,1.3059686934648997,1.9781390195764699,1.9829566116029251,0.9981719735181954,1.0013589876431603,9.4,-0.009483070197876312,-7.8764863772329,1.0,5.767767762450011,1.380821971148031,-1.215036815870685,0.6560143688090686,0.0,9.4,7.630528531896198,-3.3990931574229237,-6.831627286616462
11577.879,1.98214533157467,1.3056856029849087,1.9778049931073651,1.9816613198636284,1.003174070049056,1.0064366210607698,9.450000000000001,-0.007498948898875187,-6.328427654195025,1.0,5.798447378207723,1.3645111148557554,-0.6953730745795712,1.174030182625068,0.0,9.450000000000001,7.5680345688892405,-1.6130827197343596,-7.394126816277697
11578.229,1.9857067679183,1.3054118967197255,1.9774820506568602,1.980465807137141,1.0088614974856047,1.0121970646145972,9.5,-0.004654352120354735,-3.9905251491891414,1.0,5.829126993965437,1.3476289905724783,0.052691414999349775,1.3465984965893745,0.0,9.5,7.500629463477788,0.23687502362839755,-7.496888192548434
11578.58,1.98905001817855,1.3051374084366412,1.9771581966885847,1.9793201611051858,1.014226519741188,1.0176352950327525,9.55,-0.001321761389742819,-1.1512328570635861,1.0,5.859806609723149,1.3280045583782643,0.7982676810592799,1.0613033574099766,0.0,9.55,7.428479501692792,2.034460530863938,-7.14445785594868
11578.96,1.99312175213085,1.3048402416344427,1.9768075981708293,1.9781369454103872,1.0207054981138808,1.0241935113964495,9.600000000000001,0.002660370339878878,2.3537254130230805,1.0,5.890486225480862,1.3062012751208136,1.2511850317639819,0.375097037334345,0.0,9.600000000000001,7.351765796574445,3.6699888322189587,-6.370215247467702
11579.322,1.9961939064017,1.3045571511544516,1.9764736191505206,1.9770621494037466,1.025681248170324,1.029244727974186,9.65,0.006221032894812957,5.59042000996067,1.0,5.921165841238575,1.2841110014433337,1.1984485589788814,-0.46115302829889776,0.0,9.65,7.270684759874715,5.047373448946866,-5.233247380388268
11579.678,1.99866629031623,1.3042787527818636,1.976145187303083,1.9760524582467462,1.029760594428733,1.0333982727116964,9.700000000000001,0.008527737434436038,7.783035707499045,1.0,5.9518454569962875,1.2630628529974754,0.6356623985337769,-1.091449076096731,0.0,9.700000000000001,7.185448610181124,6.0899205116629505,-3.8135993354285036
11580.029,2.00030487836069,1.3040042644987793,1.9758213795330866,1.9751005863592663,1.032597642200694,1.036308460135262,9.75,0.009061461706515707,8.398700733887582,1.0,5.982525072754001,1.2422551451331365,-0.1968075571965107,-1.2265661951317965,0.0,9.75,7.096285919468103,6.744593168788446,-2.206294821272416
11580.42,2.00184403962253,1.303698495499674,1.9754606837692492,1.97408867712129,1.0353336309382462,1.0391259039869665,9.8,0.0075665400059416596,7.121566921272244,1.0,6.013204688511713,1.2182166826866023,-0.9148203557087263,-0.8044598204739061,0.0,9.8,7.00344219929989,6.984511099168612,-0.514594349487962
11580.782,2.00250617301149,1.303415405019683,1.9751267527567302,1.9731950254525272,1.036735375987726,1.040603044363308,9.850000000000001,0.0040363655972462074,3.85744006941438,1.0,6.043884304269426,1.1855070379744586,-1.184915105846634,-0.037458363864883104,0.0,9.850000000000001,6.9071805267641855,6.809587390252258,1.1570057924780743
11581.139,2.00215921251813,1.3031362246291955,1.9747974457088393,1.9723523360108182,1.0366348596690256,1.0405768647112734,9.9,0.000620820039015233,0.6023810630364417,1.0,6.074563920027139,1.138245678623953,-0.9025706148020414,0.6935196537964649,0.0,9.9,6.807782208602651,6.245344164883863,2.7095340673108113
11581.484,2.00109146768983,1.3028664284535143,1.974479218805003,1.9715726398011106,1.0354515203456243,1.0394653470309227,9.950000000000001,-0.0008443180301220096,-0.8317164779826852,1.0,6.105243535784852,1.0717815398026682,-0.24604690955660477,1.0431570290993692,0.0,9.950000000000001,6.705547479793243,5.340078332765979,4.055604813549372
11581.84,1.99929378701219,1.3025880300809263,1.9741508568702502,1.9708020820233505,1.0331984599650899,1.0372863814506108,10.0,-0.0011380227180969463,-1.1380227180969462,1.0,6.135923151542564,0.9839783394197005,0.4296781969097598,0.8852062017109511,0.0,10.0,6.600796229874931,4.160660014941035,5.12439451139371
11582.22,1.99611266459347,1.3022908632787278,1.9738003708781333,1.9700158034962667,1.0289216207514709,1.0330886133551018,10.05,-0.0020552158767992677,-2.0861985130440015,1.0,6.166602767300278,0.8759205361446601,0.7956583582018294,0.3662848108555939,0.0,10.05,6.493868746405316,2.7873307096992272,5.865246696457648
11582.571,1.99135734967645,1.3020163749956417,1.9734766441543918,1.969321119919646,1.0222766588985035,1.0265166709640319,10.100000000000001,-0.0028453863568936107,-2.931604408893845,1.0,6.19728238305799,0.7520947692397509,0.7254386023681854,-0.1984574919520253,0.0,10.100000000000001,6.385126459898589,1.3079207401929889,6.249734654068932
11582.915,1.98615728312761,1.3017473608378616,1.9731593843775022,1.9686682818109738,1.0149640227019965,1.0192755818981698,10.15,-0.0014923968874966905,-1.5605671521725974,1.0,6.227961998815704,0.6202329250968635,0.341472768950146,-0.5177694751911622,0.0,10.15,6.27495266817837,-0.18807665596057102,6.272133461539346
11583.313,1.98167629094102,1.3014361177134521,1.972792335606198,1.9679458141221842,1.008780381664693,1.0131746993368265,10.200000000000001,0.0008178002457466477,0.8678561631883087,1.0,6.258641614573416,0.4910680088403501,-0.08703453069811745,-0.4832936785977907,0.0,10.200000000000001,6.163753210064014,-1.6151537642034886,5.948372210323908
11583.687,1.97591617303056,1.301143643018655,1.97244743354236,1.96729739071941,1.0006719937349826,1.0051440599756167,10.25,0.0014523905991798557,1.5640658200949193,1.0,6.2893212303311286,0.3781511867429472,-0.3196187629917054,-0.2020944491537345,0.0,10.25,6.0519570484731595,-2.8967863292006983,5.313644049004402
11584.026,1.97081081914181,1.3008785389503768,1.972134819387283,1.9667338607334641,0.9934940156422147,0.9980365382361942,10.3,0.0009521314157930756,1.0404197055853204,1.0,6.320000846088842,0.29664073526244866,-0.278055878678835,0.10334725032233384,0.0,10.3,5.9400167112050966,-3.9694815470363816,4.418938195667989
11584.377,1.96570961459297,1.3006040506672925,1.9718111502440054,1.966173450833328,0.9863361074968406,0.9909515641622371,10.350000000000001,0.000631935935303555,0.7006386673258953,1.0,6.350680461846554,0.2560238994782534,-0.06030061486121853,0.24882136755393375,0.0,10.350000000000001,5.828408523816216,-4.785668690138958,3.32681846645067
11584.751,1.96044190022044,1.3003115759724952,1.97146628432644,1.965600870046424,0.9789579425802304,0.9836510942100534,10.4,-0.00024173072980549157,-0.2719141956519245,1.0,6.381360077604267,0.24707821415579378,0.15692099878261812,0.19084927050288103,0.0,10.4,5.717632553249666,-5.315326875876663,2.106803791662508
11585.114,1.95577229873042,1.3000277034746066,1.9711315736746071,1.9650681229551008,0.9724540083218811,0.9772225517511972,10.450000000000001,-0.001640473657966791,-1.872052967426539,1.0,6.41203969336198,0.24700066569651458,0.24622614103153798,0.01954523796832682,0.0,10.450000000000001,5.608212163674125,-5.546347420531425,0.8307069059221927
11585.476,1.95235259179333,1.2997446129946137,1.9707977970104231,1.9645582341284784,0.9678024789484936,0.9726461888096973,10.5,-0.0021294984454483107,-2.4651606379121005,1.0,6.442719309119693,0.2391480232158521,0.19756531188309367,-0.13475802220493466,0.0,10.5,5.500693068193909,-5.483723605878912,-0.4317402515435785
11585.851,1.9484808649261,1.2994513562819172,1.9704520464436275,1.9640513852218728,0.9624956908016867,0.9674172478271928,10.55,-0.0025174352304792405,-2.956076606511386,1.0,6.473398924877405,0.2199125836556179,0.08957357333759132,-0.20084351971030653,0.0,10.55,5.395641743176103,-5.147741078059859,-1.616697749723053
11586.219,1.94661288618296,1.2991635736945248,1.9701127623055639,1.9635740032812747,0.9601522965949951,0.965150229221909,10.600000000000001,-0.0031116606699795103,-3.706037644516318,1.0,6.504078540635119,0.19829997921367976,0.0026505980289211447,-0.19828226367034169,0.0,10.600000000000001,5.293643058104518,-4.5714017412199714,-2.6692588759783433
11586.576,1.94478467785959,1.2988843933040375,1.9697836315680375,1.9631288205272932,0.9578551241390842,0.962927131968514,10.65,-0.0017519579037959465,-2.1162768929060998,1.0,6.534758156392831,0.19457423058072332,-0.0487735853595376,-0.18836206777707762,0.0,10.65,5.195296966177187,-3.79734926452829,-3.545595736961045
11586.933,1.94313872103666,1.2986052129135484,1.9694545124072578,1.9627003596571295,0.9558282264264334,0.9609742922903289,10.700000000000001,-0.0021800118283481344,-2.6706082302350844,1.0,6.565437772150545,0.22570894036651473,-0.11092419247658031,-0.19657148644906125,0.0,10.700000000000001,5.101214103246619,-2.8745738998557133,-4.214167797018828
11587.295,1.94193276527963,1.298322122433559,1.9691207955555248,1.9622820614165197,0.9544596386495886,0.9596807822449079,10.75,-0.002851599465319133,-3.54253310451763,1.0,6.596117387908257,0.28588655030060567,-0.2231861155898171,-0.17865910962139472,0.0,10.75,5.012010159792032,-1.855159274370766,-4.65603156223996
11587.646,1.94093213660179,1.298047634150473,1.9687972306373478,1.9618911787943671,0.953382789305207,0.9586767124085519,10.8,-0.0019364438864571008,-2.439361601096648,1.0,6.62679700366597,0.3582994496879699,-0.3528014541701367,-0.06252703081179382,0.0,10.8,4.92829892728444,-0.7912973991163494,-4.864357999040024
11588.003,1.94060403798062,1.2977684537599856,1.968468146174402,1.961507654107214,0.9533102447049899,0.9586781743867292,10.850000000000001,-0.001538730070200195,-1.9654031849771962,1.0,6.657476619423683,0.43009542801957423,-0.3957867675904694,0.16832977099618635,0.0,10.850000000000001,4.850683980847373,0.2672546897093518,-4.843316014145441
11588.36,1.94045169139859,1.2974892733694983,1.9681390732882038,1.9611375050579185,0.953498336297841,0.9589402553899246,10.9,-0.00019502855880043784,-0.25256763947477223,1.0,6.6881562351813955,0.4939744381284467,-0.253742925353487,0.42382221904634654,0.0,10.9,4.779749047006477,1.2751662448158851,-4.6065119125474405
11588.746,1.93993671125777,1.2971874144598967,1.9677832820166472,1.9607514630398937,0.953182282460636,0.9587041819907147,10.950000000000001,0.001616758111171888,2.1226940667014214,1.0,6.718835850939108,0.5469180585199384,0.06958186030567858,0.5424737113000221,0.0,10.950000000000001,4.716047217696567,2.1929280290545,-4.1751847885968685
11589.109,1.93995923176518,1.2969035419620045,1.9674487030914767,1.9604010606953293,0.9536366561730288,0.959233752155035,11.0,0.003410208730531169,4.5389878203369864,1.0,6.749515466696821,0.5891952561658536,0.4326517886320235,0.3999543469970749,0.0,11.0,4.660089303795341,2.987670362616796,-3.576347036249274
11589.478,1.94082298651073,1.296614977356711,1.9671086062036869,1.960056647883286,0.9553455190133815,0.9610190361713848,11.05,0.004850721258213554,6.544751376362778,1.0,6.780195082454534,0.6233568040335018,0.623162875955795,0.015547834748415843,0.0,11.05,4.612331761530442,3.6334764346554893,-2.841030319659708
11589.829,1.94157226235319,1.2963404890736268,1.9667851108858185,1.959739384627222,0.9568637374396778,0.9626099308900786,11.100000000000001,0.005364384439353878,7.336498455177986,1.0,6.810874698212247,0.6529167312683851,0.493427646369634,-0.42758556543493853,0.0,11.100000000000001,4.573164755431038,4.111302599775958,-2.0027548061088445
11590.18,1.94289997877243,1.2960660007905407,1.9664616267588375,1.9594315857398423,0.9592397698099047,0.9650586229568778,11.15,0.004658560699761492,6.457677625446494,1.0,6.84155431396996,0.6808224997713649,0.0730363203672086,-0.6768936194869535,0.0,11.15,4.5429010200492455,4.4086393141934686,-1.0962887736870333
11590.567,1.94474819284375,1.2957633598630398,1.966104977744103,1.959102477708293,0.9624294378301292,0.9683283837139256,11.200000000000001,0.0035905225442695063,5.04442565707547,1.0,6.872233929727672,0.7081933516068198,-0.42538821694353207,-0.5662002191325108,0.0,11.200000000000001,4.521766226786139,4.519049772790154,-0.1567129884502552
11590.93,1.94673755234084,1.2954794873651476,1.9657704588625524,1.9588029002020924,0.9658005880940571,0.9717746413864962,11.25,0.0031954319861615694,4.549745933421454,1.0,6.902913545485386,0.733877731709047,-0.7222041817209635,-0.130375016790678,0.0,11.25,4.509891533643053,4.44170899446271,0.7812444263701065
11591.275,1.94923975288093,1.2952096911894664,1.9654525387877415,1.9585257935833413,0.9699113948575582,0.9759568147727686,11.3,0.0020371516001848693,2.9393999324519475,1.0,6.933593161243098,0.7549890368060024,-0.6391531749715695,0.4018602550900219,0.0,11.3,4.507308886376941,4.181036729324797,1.6836761164931775
11591.632,1.95220818770656,1.294930510798979,1.9651235720055586,1.9582463166395665,0.9747275328131726,0.980846784788955,11.350000000000001,1.1176250206614605e-05,0.01634119078694228,1.0,6.964272777000811,0.7680527945731629,-0.21151761192982968,0.7383531642074456,0.0,11.350000000000001,4.513949455170697,3.7464773275619345,2.517865627451199
11592.024,1.9560880041709,1.2946239597819726,1.9647623669129137,1.9579473216182994,0.9809358185802178,0.9871361212786084,11.4,0.0003645500027520918,0.5400968692773451,1.0,6.994952392758524,0.7702041264559821,0.329941906213363,0.6959545494743998,0.0,11.4,4.529645352208925,3.1524338971838874,3.252667757499053
11592.364,1.95926059938224,1.2943580736957934,1.9644490880849679,1.957694154194455,0.9860350065026257,0.9923055915344324,11.450000000000001,0.0004756996866617379,0.7140840380530323,1.0,7.0256320085162365,0.7600431704647418,0.6959374865206669,0.3055104512539517,0.0,11.450000000000001,4.554134514838335,2.418318489747978,3.8589994637709983
11592.727,1.96235564585169,1.2940742011979012,1.964114628455687,1.9574296685577102,0.9910458648724225,0.9973914694431338,11.5,-0.00042006538841797585,-0.638866947610189,1.0,7.056311624273949,0.7380077620936184,0.7061075360917581,-0.21463365156670405,0.0,11.5,4.587068393651824,1.5686404092335746,4.3105178012112475
11593.102,1.9652080612158,1.2937809444852046,1.963769124878949,1.9571622090261604,0.9957108235195669,1.0021339089741008,11.55,-0.00016760504321207336,-0.25824566202548904,1.0,7.086991240031662,0.7062805578043623,0.3822304211009029,-0.5939125621818986,0.0,11.55,4.628021888954101,0.6330260830060928,4.584524466383863
11593.459,1.96804387680801,1.2935017640947173,1.9634402173424927,1.9569125450169773,1.0003302902314486,1.0068271198865189,11.600000000000001,6.970294218032636e-05,0.10879904363750273,1.0,7.117670855789375,0.6683214399973807,-0.08413306490067193,-0.6630046565074728,0.0,11.600000000000001,4.676504856183163,-0.35394989234264174,4.663090943099366
11593.816,1.97049670749822,1.29322258370423,1.9631113213827929,1.9566672569356247,1.0043817992266046,1.0109523559141593,11.65,-0.000995557404603006,-1.574142639208597,1.0,7.148350471547088,0.6281771580803359,-0.45719756553181684,-0.43078640647734856,0.0,11.65,4.731974459864644,-1.3532396774328055,4.5343494201740615
11594.197,1.97226545181459,1.2929246348841303,1.9627603275406535,1.956409813438176,1.0074466571592073,1.0140958783803264,11.700000000000001,-0.0017143899814792837,-2.7457892814069806,1.0,7.179030087304801,0.5898122865363222,-0.5878153294614589,-0.04849403880191138,0.0,11.700000000000001,4.793847690791183,-2.3221995473285792,4.193848464702904
11594.56,1.97279251205137,1.29264076238624,1.9624259283506689,1.9561682361079273,1.0086492515748002,1.015373402704764,11.75,-0.0014965603075003714,-2.427771575087673,1.0,7.209709703062513,0.5567921079391536,-0.46984267662919493,0.29877300862233147,0.0,11.75,4.861513455408905,-3.2159295375659602,3.645834648819474
11594.912,1.97402062758983,1.2923654920852528,1.9621016739000705,1.9559370180170859,1.0108787378659596,1.0176755313501584,11.8,-0.0019828722813311286,-3.2579226101400476,1.0,7.240389318820227,0.532578251086433,-0.20258019780721662,0.49254528419899896,0.0,11.8,4.934343777161028,-3.9890860565312094,2.9042969794420204
11595.275,1.97409172932882,1.2920816195873623,1.9617672982856975,1.9557013032677775,1.0114051564167228,1.018276844847685,11.850000000000001,-0.002346467648308483,-3.904537712133487,1.0,7.271068934577939,0.5212852305865187,0.09471171615196862,0.512608995679152,0.0,11.850000000000001,5.011703793780053,-4.598121206074187,1.9936038450103963
11595.621,1.97327648584062,1.2918110413937818,1.9614485932768337,1.9554788421705136,1.0105974304319743,1.0175404898103109,11.9,-0.0020245119834597083,-3.411624589534979,1.0,7.301748550335652,0.5280504246283778,0.346577886966162,0.39839806628079955,0.0,11.9,5.092960373032159,-5.003843725129395,0.9485743701782405
11596.001,1.97211402528655,1.2915138745915815,1.9610985829644232,1.9552366038631759,1.0093142198901424,1.0163356449646974,11.950000000000001,-0.002080348224459368,-3.5500931815141397,1.0,7.332428166093365,0.5578984703846112,0.5244306374842148,0.1903239599351298,0.0,11.950000000000001,5.177489288954398,-5.174142092103748,-0.18614227880242812
11596.353,1.9712364285174,1.2912386042905961,1.960774374587933,1.9550137954151046,1.0084209837239233,1.0155149828258847,12.0,-0.002821874242999278,-4.8761986919027525,1.0,7.3631077818510775,0.6132346838268664,0.6061359230055469,-0.09303773584116617,0.0,12.0,5.264680994224188,-5.086666585410004,-1.3574568206093012
11596.716,1.96920567038872,1.2909547317927057,1.9604400464874843,1.954785254812943,1.005830392896288,1.0129992164829749,12.05,-0.002993883467384355,-5.238368338283166,1.0,7.39378739760879,0.692044203779367,0.5451018923019629,-0.42636733809408683,0.0,12.05,5.35394509033012,-4.7312394370664395,-2.506013052523317
11597.091,1.96644037889691,1.2906614750800074,1.960094678787633,1.9545500996119949,1.0021644227197126,1.0094105256879673,12.100000000000001,-0.0018583689123078133,-3.292213888656943,1.0,7.424467013366503,0.7883229084113733,0.28967633534938225,-0.7331716229265278,0.0,12.100000000000001,5.444713637813891,-4.111754724544975,-3.569086673503272
11597.449,1.96310316728078,1.290381512671619,1.959764979674949,1.9543261530712512,0.9976305931342055,1.0049504544777894,12.15,-0.0003438758634351961,-0.6167803479970413,1.0,7.455146629124216,0.8938395362667589,-0.15501926633681817,-0.8802943505771063,0.0,12.15,5.536443468312659,-3.2473446587630477,-4.484078383015289
11597.83,1.95966789368154,1.2900835638515193,1.9594141115633175,1.9540880443442121,0.9929780133356751,1.0003763527574177,12.200000000000001,0.0006199497401211724,1.125734495699551,1.0,7.485826244881929,0.9997757388214535,-0.6754564635147193,-0.7370957155160868,0.0,12.200000000000001,5.628617663536161,-2.1726267019639494,-5.192401180204061
11598.199,1.95699431819149,1.289794999246224,1.9590743069850376,1.95385731301036,0.9894410975737293,0.9969154246832939,12.25,0.0008128071178101044,1.49415538442564,1.0,7.516505860639642,1.0978061348228445,-1.0641439596452322,-0.26977016663307996,0.0,12.25,5.720746358607282,-0.9369045765600185,-5.643505002561739
11598.557,1.95411046345683,1.2895150368378374,1.9587446439030876,1.953633031688605,0.9855795857164564,0.9931276177686128,12.3,0.0010867608098972328,2.0223173280310345,1.0,7.547185476397354,1.1807780604054687,-1.1121704022756953,0.39662806788831667,0.0,12.3,5.812367012638736,0.39772828435808355,-5.79874318291753
11598.914,1.95159254548144,1.2892358564473483,1.9584159132606986,1.9534086654047225,0.982259589861716,0.9898811037846454,12.350000000000001,0.0013209364607368898,2.488185761959368,1.0,7.577865092155068,1.243162726760392,-0.7320538424093304,1.0047640205640667,0.0,12.350000000000001,5.903044271364993,1.7593477186417974,-5.634769496137793
11599.266,1.94916373103981,1.2889605861463647,1.958091798023613,1.9531864736218156,0.9790659339066063,0.9867598837333851,12.4,0.001354106842758024,2.5817726049666754,1.0,7.60854470791278,1.281339595856865,-0.032093292448009215,1.280937617720114,0.0,12.4,5.992369527532208,3.070094561655237,-5.146164779424724
11599.647,1.94671156866669,1.2886626373262633,1.9577409927945384,1.9529445911035266,0.9758712852284925,0.9836436198800675,12.450000000000001,0.0015850507210387191,3.0588009636281615,1.0,7.639224323670493,1.2937176549046046,0.7137018928127423,1.0790435481515,0.0,12.450000000000001,6.07996026619649,4.250794710726966,-4.3470290044792375
11599.999,1.94434987832904,1.2883873670252797,1.9574169009941764,1.9527195701701412,0.9727771727609582,0.9806219085602681,12.5,0.0017539571773784058,3.4256976120671987,1.0,7.669903939428206,1.2806873116599293,1.1925749952795577,0.46682423981697857,0.0,12.5,6.1654592650712505,5.2260161131861524,-3.2713366586109154
11600.357,1.94256638969077,1.2881074046168912,1.9570872964459047,1.9524889278706277,0.9705474782740442,0.9784658322118691,12.55,0.0016416808286331265,3.2450388756329525,1.0,7.7005835551859185,1.2444080336931305,1.2077226813581168,-0.29992879030390573,0.0,12.55,6.248533705095538,5.9292191807053545,-1.9719364520365994
11600.72,1.94056782678245,1.2878235321190008,1.9567531003688785,1.9522529704734324,0.9680046322106272,0.9759976148455248,12.600000000000001,0.0014945702753662582,2.989702509156055,1.0,7.731263170943632,1.188454032276422,0.7731665965276286,-0.902572102852714,0.0,12.600000000000001,6.328874233631274,6.307625859250273,-0.5181747628349829
11601.107,1.9386800853546,1.2875208911914964,1.956396821865793,1.9519988068972904,0.9656539649747764,0.9737264908863772,12.65,0.0018833002507917783,3.812335741936441,1.0,7.761942786701344,1.117356368657282,0.09764892259308491,-1.1130812829687675,0.0,12.65,6.406194012088389,6.326430111694588,1.0077716816626352
11601.459,1.93704906549593,1.287245620890511,1.956072776747039,1.951765048870183,0.9636434198613444,0.9717882776929454,12.700000000000001,0.002083469155177347,4.267742798489641,1.0,7.792622402459057,1.0360918520412499,-0.5274846577746325,-0.8917658110056955,0.0,12.700000000000001,6.480227771148435,5.972000580836041,2.515663138907393
11601.811,1.93607664878842,1.2869703505895256,1.9557487428830296,1.9515286072609657,0.9626095679282642,0.9708267409893427,12.75,0.0008747073202587029,1.8129812615568313,1.0,7.82330201821677,0.9495753685975894,-0.8688230240761459,-0.38319699044020233,0.0,12.75,6.550730889873917,5.253783840913903,3.9127778552455896
11602.163,1.93405846621954,1.2866950802885402,1.955424720273764,1.9512892704085596,0.9600248695055401,0.9683143411055751,12.8,-9.237918547111854e-05,-0.19373319356912724,1.0,7.853981633974483,0.8622113336241602,-0.844349288913873,0.17459284676237496,0.0,12.8,6.617478509597112,4.204700517279257,5.1099427966437325
11602.556,1.93302192249627,1.2863877472536345,1.9550629696921416,1.951018383009781,0.958943466987027,0.9673136385428164,12.850000000000001,-0.00022896663010591164,-0.48582691957867474,1.0,7.884661249732195,0.7775500657720972,-0.5308253916839468,0.5681623960856413,0.0,12.850000000000001,6.680264689330202,2.879930922653915,6.027597713870237
11602.914,1.9311548527779,1.286107784845246,1.9547334482942151,1.9507680207521552,0.9565898236990846,0.9650334900833708,12.9,-0.00028893035354318465,-0.6202436117172656,1.0,7.915340865489909,0.6980750375782002,-0.09869002839224489,0.6910636992244228,0.0,12.9,6.73890160630067,1.354104071115243,6.601454159803799
11603.26,1.93072674593635,1.2858372066516637,1.9544149833691753,1.9505225906605503,0.9563562123719763,0.9648708936649307,12.950000000000001,-0.0011698681193564667,-2.5406580173085938,1.0,7.946020481247621,0.6251197992955476,0.2775018427057439,0.5601495253646318,0.0,12.950000000000001,6.793218802892443,-0.282974994660683,6.78732251011901
11603.653,1.92926099435858,1.285529873616758,1.9540532719481654,1.950239466517987,0.9546383045714807,0.9632336277459151,13.0,-0.001826035955862378,-4.0118009950296445,1.0,7.976700097005334,0.5588885899854616,0.4855065112865814,0.276839093182791,0.0,13.0,6.843062479594011,-1.9318092850691817,6.564725202607328
11604.023,1.92810415918965,1.2852405269935634,1.9537127422106728,1.949968458600233,0.9533518392013093,0.9620230657434788,13.05,-0.0019590858395047385,-4.353965671178438,1.0,8.007379712763047,0.49854738696092943,0.49751299217222744,-0.032098592888284684,0.0,13.05,6.8882948323783735,-3.489554886362456,5.938990856436345
11604.357,1.92672550392299,1.2849793330147872,1.9534053557755051,1.9497199735137192,0.9516946700589192,0.9604343989392533,13.100000000000001,-0.0030213097142921834,-6.792179176912831,1.0,8.03805932852076,0.4423712924551015,0.3556238447821553,-0.263104620656412,0.0,13.100000000000001,6.928793432150119,-4.856799878558343,4.941626591016595
11604.727,1.92610606389418,1.2846899863915926,1.9530648496985537,1.9494405027571082,0.951205149203187,0.960020746363226,13.15,-0.0035322292188919016,-8.032045078415429,1.0,8.068738944278472,0.38796808929397303,0.14091863361929544,-0.36147085222640984,0.0,13.15,6.964450643399565,-5.944303912211155,3.6288874002398823
11605.103,1.92495173824614,1.2843959476609967,1.9527188346407787,1.9491520927871906,0.9499293636805491,0.9588220405245712,13.200000000000001,-0.0032156960319990723,-7.395997971324845,1.0,8.099418560036185,0.33262117130831753,-0.05882492020567861,-0.32737817942757375,0.0,13.200000000000001,6.995173078928378,-6.6792139025613535,2.0785928047588964
11605.461,1.92464802657032,1.2841159852526083,1.9523893960680097,1.9488734718071938,0.9498941440684081,0.9588601929131542,13.25,-0.002859237398758079,-6.651166972107914,1.0,8.130098175793899,0.2738125743964597,-0.1778552574642196,-0.20818461348032646,0.0,13.25,7.020881087397571,-7.010296680634771,0.3853721485240094
11605.825,1.92377320180517,1.283831330736815,1.9520544481143753,1.9485862705049009,0.949018935292413,0.9580595681354094,13.3,-0.002163554963158191,-5.0900594578595975,1.0,8.160777791551611,0.21012981320872345,-0.19526264211606653,-0.07763400667868388,0.0,13.3,7.0415082704521765,-6.911790413045263,-1.3453594348656388
11606.183,1.92305455040327,1.2835513683284265,1.9517250330201126,1.9483000588597208,0.9483683697014289,0.9574823397270702,13.350000000000001,-0.0013779389518704798,-3.2784893267439847,1.0,8.191457407309324,0.14380246247681494,-0.14378659635921417,-0.002136099676556978,0.0,13.350000000000001,7.057001026262332,-6.385569209585684,-3.0042918224198645
11606.535,1.92232324057329,1.283276098027443,1.951401150199887,1.9480151192546913,0.9476920736692022,0.9568781349299246,13.4,-0.000986905931699913,-2.3745983098868875,1.0,8.222137023067036,0.09348905618386531,-0.09340605007181942,-0.003938709957675158,0.0,13.4,7.067318116461977,-5.461433034888832,-4.485502710365543
11606.934,1.92151093436734,1.2829640728851324,1.9510340352713973,1.9476880232995122,0.9469501684683916,0.9562179266003625,13.450000000000001,-0.0008637936993986973,-2.10172981403861,1.0,8.252816638824749,0.1166133488627402,-0.10851329035019568,-0.04270291501007023,0.0,13.450000000000001,7.072430253643568,-4.1954691805892255,-5.6936199423019795
11607.257,1.92104409293767,1.282711481103263,1.9507368575875192,1.9474201176178336,0.9466324412155974,0.9559663192029707,13.5,-0.00010075415967632092,-0.2478930156136281,1.0,8.283496254582463,0.20134331718231147,-0.1981639183344445,-0.03563976493071316,0.0,13.5,7.072319706765869,-2.666572054658013,-6.550351098378301
11607.639,1.92070020516542,1.2824127502652622,1.9503854089047623,1.9470997788028754,0.9465654745306535,0.9559775318553383,13.55,0.0009883184808578945,2.458752429597192,1.0,8.314175870340176,0.3059154172473193,-0.2938713459560482,0.08499337936323101,0.0,13.55,7.066979922040754,-0.9713441765058755,-6.999906835758263
11607.997,1.92052927314507,1.2821327878568738,1.950056052799443,1.9467962178296288,0.9467271640644201,0.9562124710925242,13.600000000000001,0.001493231602005583,3.7561583926545565,1.0,8.344855486097888,0.4174404817728936,-0.2811288769447377,0.3085824207089186,0.0,13.600000000000001,7.056415157076592,0.7822774928623772,-7.012919277532091
11608.361,1.92049371592285,1.2818481333410823,1.9497211886953965,1.9464843401484362,0.9470965695667272,0.9566563362461044,13.65,0.0014965282285564704,3.806123423810157,1.0,8.3755351018556,0.5298184158861465,-0.07741548707525087,0.524132040780763,0.0,13.65,7.04064012626461,2.4822288821392657,-6.588562298729594
11608.719,1.92075209875994,1.2815681709326938,1.9493918560685861,1.9461745143528697,0.9478949230653518,0.957527904630071,13.700000000000001,0.0021401616517108435,5.503111083611634,1.0,8.406214717613313,0.6383313504096444,0.28912318509506324,0.5690999005063048,0.0,13.700000000000001,7.019679655596757,4.019853954592685,-5.754709084823015
11609.095,1.92122635138881,1.2812741322020962,1.9490459773524984,1.9458459048228,0.9490342813116547,0.9587441403688187,13.75,0.003471403579810436,9.02429329048377,1.0,8.436894333371026,0.7388612052813164,0.6597251768606578,0.33268389153358985,0.0,13.75,6.99356834529688,5.297234232585027,-4.566104213163324
11609.454,1.92170669411197,1.2809933877758084,1.9487157487538607,1.9455291734406406,0.9501629558817808,0.9599461988153106,13.8,0.0041506940485507935,10.908322809562984,1.0,8.46757394912874,0.8278901775677023,0.8145256034597123,-0.14815595641645105,0.0,13.8,6.962350238829753,6.233791302892516,-3.1006719981504576
11609.853,1.92297568219077,1.2806813626334979,1.9483487396184591,1.945173836826482,0.9525075617774329,0.9623723446935385,13.850000000000001,0.003773156925497421,10.024303061626027,1.0,8.498253564886452,0.9026332995644788,0.6036529727547342,-0.6710811888043281,0.0,13.850000000000001,6.926078497024008,6.771691855682378,-1.4542189514042587
11610.182,1.92436678797892,1.2804240787442236,1.9480461289286346,1.9448782890931853,0.9549520853933114,0.9648840869001248,13.9,0.00337376009062372,9.060634200820784,1.0,8.528933180644165,0.9611443373351234,0.06154037422247319,-0.9591721532300297,0.0,13.9,6.884815076205087,6.879670949754039,0.2660944506208784
11610.54,1.92600362288704,1.2801441163358351,1.9477168555183972,1.9445541451824655,0.9577946513055052,0.9677997798808685,13.950000000000001,0.0033885476694056347,9.198906877305367,1.0,8.559612796401877,1.0023421826531043,-0.5773054507107976,-0.8193950620460144,0.0,13.950000000000001,6.838630409382956,6.55500405805675,1.9490478893544
11610.922,1.9273359994799,1.2798453854978344,1.9473655207515908,1.9442054285410084,0.9602135457510251,0.9702966847290025,14.0,0.0034294251138192048,9.410342512319898,1.0,8.59029241215959,1.025941062901584,-0.9886440748186865,-0.2741130384960464,0.0,14.0,6.787603089676928,5.82349333195956,3.486901363046324
11611.286,1.92893288932111,1.2795607309820447,1.9470307533589208,1.9438704933292856,0.9630038323428437,0.9731612875513843,14.05,0.003558824711879312,9.870418577373922,1.0,8.620972027917304,1.032289397360473,-0.9408264362530497,0.4248140966943476,0.0,14.05,6.731819555287025,4.737478183659451,4.782645186954135
11611.627,1.93039822396298,1.2792940628779643,1.9467171497694702,1.9435544437326457,0.9655723521978444,0.975799411639262,14.100000000000001,0.0029974656227598293,8.402558580498434,1.0,8.651651643675017,1.0221405843814426,-0.4398052353251793,0.9226823555374843,0.0,14.100000000000001,6.6713737754384566,3.3720237360387593,5.756447166021692
11612.015,1.93266843847934,1.2789906399325606,1.9463603350712217,1.9431922322718516,0.9693889967935703,0.9796952349623278,14.15,0.00166866248133324,4.727568397412737,1.0,8.682331259432729,0.9963956229014103,0.259460022138557,0.9620211714140957,0.0,14.15,6.606366936833652,1.8195720646446158,6.350845739399893
11612.374,1.93479924003805,1.2787098955062728,1.946030201692456,1.9428547008062054,0.9729652634930294,0.983344744329309,14.200000000000001,0.00042786399197034544,1.2250978338407867,1.0,8.713010875190442,0.9558692216703976,0.7922650262938192,0.5347916389103569,0.0,14.200000000000001,6.536907130245724,0.18345056966771375,6.534332461540809
11612.744,1.93704098994059,1.2784205488830764,1.9456899650566388,1.9425044948832633,0.9767188208684305,0.9871737704094996,14.25,-0.0002841413412898558,-0.8222029283983167,1.0,8.743690490948154,0.9011329371717672,0.8941919821957548,-0.11163005613473008,0.0,14.25,6.463109036978664,-1.4292888738935448,6.303087476692625
11613.102,1.93911783082939,1.278140586474688,1.9453607749593376,1.9421634617309769,0.9802139054329979,0.9907418584914778,14.3,-0.0011777617460395423,-3.444019142101052,1.0,8.774370106705868,0.8324769537480595,0.5521150414293051,-0.6230464345048171,0.0,14.3,6.385093615004055,-2.9151828983421746,5.680768358380658
11613.449,1.9414553283039,1.2778692262632063,1.9450417107521973,1.941830918168939,0.9840827808034374,0.9946814777776756,14.350000000000001,-0.0021186609994865535,-6.260617564718149,1.0,8.80504972246358,0.7500072537067005,0.0003356600438733096,-0.7500071785956465,0.0,14.350000000000001,6.302987784661982,-4.181300052080546,4.716395327797426
11613.814,1.94390574395423,1.2775837897295155,1.9447061074670184,1.9414790758448688,0.9881399860656315,0.9988130791652348,14.4,-0.0027155916063597157,-8.10871308712441,1.0,8.835729338221293,0.6538652137228248,-0.4350752617417418,-0.4881078101579099,0.0,14.4,6.216924113886105,-5.151327076969493,3.4805135804791036
11614.208,1.94633458072143,1.2772756746767069,1.9443438533930628,1.941096996540573,0.9921988220624618,1.0029522020709214,14.450000000000001,-0.0035815039251172903,-10.806099764536182,1.0,8.866408953979006,0.5445374608289678,-0.5413723019570027,-0.05862658884700297,0.0,14.450000000000001,6.127040502979965,-5.770380360200326,2.0599358785582
11614.566,1.94872834943503,1.2769957122683184,1.9440147109031525,1.940747840175358,0.996163903232118,1.0069902161573379,14.5,-0.004480193416701492,-13.658429654991586,1.0,8.897088569736718,0.4232448123587742,-0.339214548374872,0.2531198557194705,0.0,14.5,6.033479869034402,-6.008224685313496,0.5514666452587393
11614.913,1.95093007331787,1.2767243520568368,1.9436956928406097,1.9404076643070567,0.9998314295187846,1.010728417928406,14.55,-0.004773341056203761,-14.703185818536712,0.9938441702975687,8.92776818549443,0.29259052826262555,-0.04176893373883501,0.28959380760527853,0.0,14.55,5.936389830134869,-5.860703185857144,-0.9449245380519157
11615.295,1.9533849988642,1.276425621218836,1.9433445098113777,1.9400312518383835,1.003915037996623,1.0148898117855805,14.600000000000001,-0.004500633794893391,-14.006584455904342,0.975528258147576,8.958447801252145,0.15933150752363745,0.11280663846388243,0.11252196055985632,0.0,14.600000000000001,5.835922389563501,-5.349316571846208,-2.332981429668932
11615.66,1.9554655833361,1.2761401846851452,1.9430089677294982,1.9396697685094149,1.0074237922087155,1.0184728713599698,14.65,-0.004077210688249058,-12.819645861252445,0.9455032620941837,8.989127417009858,0.0736343116005041,0.034773060649461236,-0.06490644111295137,0.0,14.65,5.732233620254207,-4.519025874894224,-3.526599980038727
11616.036,1.95733085045507,1.2758461459545458,1.9426633260744497,1.9392955933609937,1.0106259926443704,1.0217515977320852,14.700000000000001,-0.0025137674748895995,-7.985040200638736,0.9045084971874728,9.01980703276757,0.16868917217048113,-0.16056916615290492,-0.051706669671552394,0.0,14.700000000000001,5.625483349811141,-3.4344807825876944,-4.455379296203432
11616.389,1.95935253949554,1.275570093635661,1.9423388390805076,1.9389427027592927,1.0140334897265535,1.0252309223105889,14.75,-0.001489532688206454,-4.779980218299271,0.8535533905932737,9.050486648525283,0.3029284839177814,-0.2512203549972878,0.16927492313914147,0.0,14.75,5.5158348464518445,-2.1749855765322628,-5.0689122891611635
11616.754,1.96126163924646,1.2752846571019685,1.9420033332697066,1.9385762391546135,1.017287936079324,1.028559620236493,14.8,-0.001792902768979187,-5.812217853254578,0.7938926261462357,9.081166264282995,0.43222719292895356,-0.0881707703891376,0.4231385843387824,0.0,14.8,5.403454506287544,-0.8285987847494186,-5.33954536036833
11617.101,1.96295536930599,1.2750132968904868,1.941684384171901,1.9382264122547002,1.0202021193216797,1.0315443766901573,14.850000000000001,-0.0016641312703236074,-5.449629062690076,0.7269952498697714,9.11184588004071,0.5478098493932367,0.2766757135876693,0.47280670532786934,0.0,14.850000000000001,5.28851154240517,0.5141848996913038,-5.263455920123408
11617.477,1.96480820458651,1.2747192581598892,1.9413387917323766,1.937845825844706,1.023385883629579,1.0348045939490418,14.9,-0.000869310234439949,-2.8756339207053947,0.6545084971874732,9.142525495798422,0.644217431511901,0.6112785751283766,0.2033583110000981,0.0,14.9,5.171177676269882,1.7667043299478973,-4.860024112089911
11617.842,1.96632267908711,1.2744338216261966,1.9410033219937297,1.937474912981024,1.0260551098993553,1.037548018297795,14.950000000000001,0.0007462985975306086,2.4936540543040437,0.5782172325201137,9.173205111556134,0.7174198358565331,0.6627056877530487,-0.27479518245444856,0.0,14.950000000000001,5.051626832024648,2.851904939696612,-4.169600923945294
11618.189,1.96782712607991,1.274162461414715,1.9406844071891731,1.9371210066569582,1.0286885907489183,1.040252021502574,15.0,0.0015124539732889782,5.104532159850302,0.5000000000000001,9.203884727313847,0.7647644842016362,0.34282341384218806,-0.6836203794634729,0.0,15.0,4.930034834326091,3.707217648504851,-3.2498893480059983
11618.589,1.96945693937533,1.273849654254505,1.9403167956248986,1.9367115509855795,1.0315694517768135,1.0432141561867292,15.05,0.0008248241772686696,2.811712310087543,0.4217827674798836,9.23456434307156,0.7851103805120513,-0.1941255977951999,-0.760732253732175,0.0,15.05,4.8065791104255675,4.288225300527853,-2.1712499894512938
11618.954,1.97062020484152,1.2735642177208124,1.9399813627541107,1.9363365808012072,1.0337178432036618,1.0454366910183746,15.100000000000001,0.0014397447591630761,4.9569706583052735,0.3454915028125242,9.265243958829272,0.7789073786647932,-0.6420663226649846,-0.44096206394419385,0.0,15.100000000000001,4.681438397283352,4.570898803387459,-1.0113108309268797
11619.307,1.97100598339295,1.273288165401926,1.939656969324492,1.9359727693600373,1.034699323016575,1.0464898595739012,15.15,0.0016801993060359976,5.842499710077656,0.27300475013022607,9.295923574586986,0.7481571794096266,-0.7423716122414549,0.0928630951465174,0.0,15.15,4.554792454594943,4.552298683877022,0.1507016828258861
11619.654,1.97147068183042,1.2730168051904442,1.9393381006960526,1.9356140652180878,1.0357908809016287,1.0476518713360712,15.200000000000001,0.002180491906024582,7.657468919512377,0.20610737385376204,9.326603190344699,0.6962369671769971,-0.4538767346783016,0.5279600592673518,0.0,15.200000000000001,4.426821784715348,4.249755248091034,1.2394883803219354
11620.042,1.97136565549748,1.2727133822450405,1.938981568899325,1.9352117660219474,1.0360850984711274,1.0480248480965628,15.25,0.003020181212724046,10.711308622583074,0.1464466094067263,9.357282806102411,0.6275896696981241,0.024900561463477213,0.6270954915725389,0.0,15.25,4.297707360594358,3.6986527661631086,2.18866540902462
11620.413,1.97138881613245,1.2724232536039448,1.938640671130094,1.9348259473986897,1.0365496991929304,1.0485647382543049,15.3,0.0032105858567022666,11.498960460890135,0.09549150281252565,9.387962421860124,0.5473064621219481,0.3954408957765341,0.3783792560750335,0.0,15.3,4.167630362988908,2.949041628189654,2.9448762822420185
11620.772,1.97070066011461,1.2721425091776553,1.9383108116062884,1.9344515886328146,1.0359455172627912,1.0480333928711745,15.350000000000001,0.0025812127236818283,9.335744053030828,0.054496737905815086,9.418642037617836,0.4606568738259738,0.4604680110975458,-0.013189623155707465,0.0,15.350000000000001,4.036771928405115,2.0613801146186024,3.4707693131371538
11621.125,1.96947769817373,1.2718664568587705,1.9379864764700026,1.9340825517825608,1.0345412722806901,1.046700750184036,15.4,0.0020212572290138307,7.382165012266969,0.024471741852423023,9.44932165337555,0.372676908129474,0.24464506589982296,-0.28113496684655875,0.0,15.4,3.9053129094516565,1.1017590389064655,3.7466779873532854
11621.496,1.96906843641102,1.2715763282176766,1.937645615197395,1.9336937432366388,1.0343646006276142,1.0465993138432619,15.450000000000001,0.0018065818813688132,6.662590198253436,0.0061558297024308685,9.480001269133263,0.2880563854171018,-0.04646211785131913,-0.2842846333946597,0.0,15.450000000000001,3.773433649570131,0.13698503217699726,3.770946381038535
11621.855,1.96900738623161,1.271295583791387,1.937315790989726,1.9333166231381402,1.0346904020944183,1.0469978994840676,15.5,0.0018787875649139436,6.996370043293911,3.749399456654644e-33,9.510680884890975,0.21194595093002871,-0.19170899181922968,-0.09038112950881212,0.0,15.5,3.64131377446261,-0.7701089691042312,3.5589462176037947
11622.226,1.96775694243591,1.2710054551502914,1.9369749543177974,1.9329260246742686,1.0332662770187357,1.0456489732384546,15.55,0.0016046811662255066,6.03364752017658,0.0,9.541360500648688,0.1533418936069479,-0.11751336734736285,0.09851063307911631,0.0,15.55,3.509132002982341,-1.564792645745009,3.1409284280570913
11622.574,1.96647836480663,1.2707333129209086,1.9366552590460584,1.9325588745649285,1.0317737566901992,1.0442269729654696,15.600000000000001,0.0003004544403724305,1.1406500447009413,0.0,9.5720401164064,0.13090834081480254,0.06178244250350071,0.11541197291956379,0.0,15.600000000000001,3.377065980817778,-2.203732474685962,2.5589329453526575
11623.033,1.96450879642796,1.2703743667045675,1.9362336088297294,1.9320735441672947,1.0293852414222422,1.04193144627077,15.65,-0.0003303199451384344,-1.2661286128435825,0.0,9.602719732164113,0.15654593522003205,0.1514097927001573,-0.03977064883063718,0.0,15.65,3.245292141018656,-2.65725463046553,1.8630402329061366
11625.925,1.95246280867078,1.2681127709362485,1.9335773770206854,1.92899251801152,1.014875215297134,1.0280066562134007,15.700000000000001,-0.0007036967240009414,-2.723231026334176,0.0,9.633399347921827,0.21137521309087937,0.04363330468180312,-0.20682266662955393,0.0,15.700000000000001,3.1139855963336704,-2.9104691700391383,1.1072829378371438
11628.866,1.93897341379667,1.2658128562908004,1.9308769190261907,1.9258320619745584,0.9982814759386637,1.0120069133235625,15.75,-0.0013567929717752552,-5.300968940835738,0.0,9.66407896367954,0.2764666166317186,-0.18781531367137025,-0.20287729804567708,0.0,15.75,2.983320069516696,-2.9632410775823526,0.34554443029758236
11631.867,1.92697026169271,1.2634660205713235,1.9281221782598204,1.9225968211606912,0.983961382960922,0.9982917340411777,15.8,-0.0018036833909330988,-7.114290043058113,0.0,9.694758579437252,0.34265210169078186,-0.34215400988521716,0.018468792937726918,0.0,15.8,2.8534678692990156,-2.8290831284970586,-0.3722466026374967
11634.893,1.91906011465606,1.2610996344043315,1.925345317275153,1.9193404440506594,0.9757401143177945,0.99067919000378,15.850000000000001,-0.0015481435193044465,-6.164516491663614,0.0,9.725438195194965,0.40437925224849586,-0.25433595928129943,0.314381614388491,0.0,15.850000000000001,2.724599921736272,-2.5331243387269677,-1.0033572733948575
11638.057,1.9081543030751,1.2586253297670673,1.9224427077181891,1.9159575896060577,0.9632363853005662,0.9788106272188889,15.9,-0.001067339385509967,-4.290361713807319,0.0,9.756117810952677,0.4572183126532252,0.06095075869481838,0.45313749617526516,0.0,15.9,2.596885869281319,-2.109370209292069,-1.5147189634463953
11641.034,1.89732956252334,1.2562972624772026,1.9197124796642813,1.9128081637483745,0.9506360161466151,0.9668066531227072,15.950000000000001,-0.000356959995007605,-1.44844366632226,0.0,9.786797426710391,0.49754772510099804,0.40076379534423506,0.2948594904263086,0.0,15.950000000000001,2.4704942534278374,-1.5975128521783353,-1.8844878729631052
11643.988,1.88551194648763,1.2539871815990509,1.9170041407924918,1.9097260315242128,0.9365365622736909,0.9532978065899015,16.0,-0.001446223244800123,-5.923730410701304,0.0,9.817477042468104,0.5229117093657768,0.5156935938413434,-0.08658390764361576,0.0,16.0,2.345592801418629,-1.0395680519832844,-2.102642113000349
11647.181,1.87968222711585,1.2514901984426707,1.9140775691057614,1.9064534665183794,0.9315941918526571,0.9489925059661994,16.05,-0.0028537046508677623,-11.798699309818865,0.0,9.848156658225816,0.5325480865925026,0.2996352828089367,-0.44025692706571257,0.0,16.05,2.222348843737401,-0.47661201775712786,-2.1706393914675104
11650.039,1.88120612446951,1.249255191282968,1.9114588299920623,1.903584543027151,0.9371685599639076,0.9551359396388485,16.1,-0.0019768701067782385,-8.250034456085595,0.0,9.878836273983529,0.527908432968748,-0.11725967691054046,-0.5147207803949193,0.0,16.1,2.1009298974893635,0.05413542208625839,-2.1002323181591627
11653.081,1.88460987116469,1.246876292829569,1.9086723097970237,1.900601313483274,0.9457440884457625,0.9643159616815339,16.150000000000002,-0.001313531300804202,-5.532966060919667,0.0,9.909515889741241,0.5130582685326607,-0.4497768020891435,-0.24683924973997798,0.0,16.150000000000002,1.981504462138659,0.5216788507223654,-1.9115990976625847
11656.273,1.89175065210885,1.2443800916910916,1.9057492909789797,1.897556772155884,0.9600355091028111,0.9792403430289217,16.2,-0.00044409617140491337,-1.8880873074207882,0.0,9.940195505498954,0.49473390134262474,-0.4606703015367016,0.1804009601409549,0.0,16.2,1.8642430895435556,0.9029223821769631,-1.6309915599642995
11659.129,1.89679401852481,1.2421466485671875,1.9031347428474907,1.8949110156418665,0.970826848682324,0.9905968524696477,16.25,0.0004714409797901969,2.022960610545044,0.0,9.970875121256668,0.4815209298351966,-0.13821837588919808,0.4612570719630266,0.0,16.25,1.7493198113822737,1.1835741296189535,-1.288127354802797
11662.195,1.90101297574163,1.2397489816841762,1.900328773163137,1.8921465089377145,0.9806391485838276,1.0010146559279316,16.3,0.0006075833659147141,2.6312898391850505,0.0,,,,,,16.3,1.6369140360384662,1.3582709094611964,-0.9135577145923489
11665.19,1.90070162376017,1.2374068380721006,1.8975886063471235,1.8895132465899513,0.9836507654168847,1.0046165319140157,16.35,0.0013519125996754294,5.908835324402118,0.0,,,,,,16.35,1.5272130666792507,1.4299790572972533,-0.5362272342273382
11668.277,1.89777202135658,1.2349927488131787,1.8947651201758742,1.8868602944041544,0.982886271393599,1.0044591639888205,16.400000000000002,0.002412222612414069,10.640178858892167,0.0,,,,,,16.400000000000002,1.42041544625861,1.4087833236159395,-0.1814099971657397
11671.412,1.89270919495668,1.2325411226950305,1.8918986173078025,1.8842216561596112,0.9790139220080427,1.0012020671731332,16.45,0.00313293647720321,13.945988288540676,0.0,,,,,,16.45,1.3167354077306295,1.3102187751571244,0.13083919595179413
11674.371,1.88739182826943,1.230227131727375,1.8891938598860074,1.881775716935004,0.9745599855545107,0.9973276282817244,16.5,0.00424374278971643,19.06342307925492,0.0,,,,,,16.5,1.216408802629327,1.1533275537209593,0.38663410214586724
11677.374,1.88453423723801,1.2278787319720958,1.8864496961672588,1.8793314773647412,0.9738048667154565,0.9971594181949651,,,,,,,,,,16.55,1.1197009986730988,0.9586318655507204,0.578580394396734
11680.437,1.88015584571049,1.2254834111427844,1.8836515478612208,1.8768720272085382,0.9708640189170752,0.9948159541748312,,,,,,,,,,16.6,1.0269173663162727,0.7462068909924137,0.7055030496584588
11683.449,1.87668048893072,1.2231279732264007,1.880900820722962,1.8744812381062375,0.9692032052472798,0.9937413452267564,,,,,,,,,,16.650000000000002,0.9384170749782491,0.5340140976552268,0.7716576638096759
11686.522,1.87297049583798,1.2207248322180853,1.8780952342327826,1.8720651827993695,0.9672651739512891,0.9924001312196883,,,,,,,,,,16.7,0.8546308823938636,0.33661965843494385,0.7855451296370284
11689.668,1.8704607593557,1.218264603903032,1.8752238888137605,1.869610893358561,0.9671917544888755,0.9929363888601648,,,,,,,,,,16.75,0.7760831647199601,0.16437821521982113,0.7584753660620065
11692.619,1.86770527063723,1.21595686907858,1.8725313365078362,1.8673220428594026,0.9665277458609282,0.992843055606745,,,,,,,,,,16.8,0.7034170454992748,0.0231135489846646,0.703037199408582
11695.774,1.86739774800511,1.2134896026024204,1.8696535253970223,1.8648848892277945,0.9697305958322124,0.9966547337224247,,,,,,,,,,16.85,0.637418105164299,-0.08572058081322757,0.6316279148488358
11698.705,1.86559493664965,1.2111975081359798,1.866980844469265,1.8626263019913651,0.9704561913246034,0.9979447300850263,,,,,,,,,,16.900000000000002,0.5790252985944098,-0.1644597498416524,0.5551786082823855
11701.846,1.86480843801802,1.2087411899104286,1.864117537764641,1.8602080777174033,0.9729324950090428,1.001024588218022,,,,,,,,,,16.95,0.5293065299241917,-0.21832384468731902,0.48218264326014126
11704.887,1.86304734309177,1.2063630734749289,1.8613462439588853,1.8578656029628657,0.9738475235799705,1.0025226896844392,,,,,,,,,,17.0,0.4893646168810083,-0.25430725711664215,0.41809753315812104
11708.079,1.85866337301714,1.2038668723364516,1.8584382459468793,1.8554020435550886,0.9710480060818033,1.000333857372155,,,,,,,,,,17.05,0.4601426843345695,-0.27999516633228394,0.3651492801268817
11711.046,1.85326812809692,1.2015466252255909,1.8557360589403329,1.8531048368655645,0.9664878557322213,0.9963401150048122,,,,,,,,,,17.1,0.44214294220473654,-0.3024350033019312,0.32252666574908484
11714.098,1.84784177457555,1.1991599065931862,1.852957292733259,1.8507317235415863,0.9619801477724533,0.9924138044802228,,,,,,,,,,17.150000000000002,0.435161847197637,-0.32717818817128064,0.2869150857682768
11717.188,1.84218195506625,1.196743471280561,1.8501447904826067,1.848315989771683,0.9571702843204277,0.9881912990858441,,,,,,,,,,17.2,0.43820164982425625,-0.3575829461760634,0.25328861504763023
11720.274,1.83748114765396,1.1943301640395383,1.8473367946240424,1.8458877265625584,0.9537779746823772,0.985384303488302,,,,,,,,,,17.25,0.449639031893761,-0.39443724376880146,0.2158576376467362
11723.385,1.83350963821131,1.1918973063510023,1.8445069264973588,1.8434215350073744,0.9514961898586441,0.9836912759111317,,,,,,,,,,17.3,0.46755920486184904,-0.4359250150570526,0.16905913550752869
11726.342,1.83206067288537,1.1895848794191473,1.8418179567700896,1.8410583429109457,0.9527766833705676,0.9855301736315404,,,,,,,,,,17.35,0.4900789485821371,-0.47792247159296825,0.10847804842382364
11729.469,1.83007477465399,1.1871395094442043,1.838975260337869,1.8385369613279676,0.9534580692973007,0.9868007854540339,,,,,,,,,,17.400000000000002,0.5155472785204744,-0.5145778992306818,0.03160034830830263
11732.556,1.83063905040201,1.1847254201852806,1.8361697983681884,1.836023892414518,0.9578749154447221,0.9917980282296837,,,,,,,,,,17.45,0.5426180286273444,-0.5391010096079977,-0.06168003267722137
11735.668,1.83004221814367,1.1822917804788453,1.8333424925840767,1.8334672648335941,0.9605988582394299,0.9951057686625148,,,,,,,,,,17.5,0.5702408545655021,-0.5446690014091815,-0.1688499663000238
11738.667,1.83027489361449,1.1799465087951688,1.8306186816087981,1.8309827288703808,0.9644218940094069,0.9994901693987475,,,,,,,,,,17.55,0.5976169471584253,-0.5253474804871611,-0.2848789923401652
11741.687,1.82884696606515,1.1775848147355799,1.8278766231646033,1.828461445031653,0.9658066480619726,1.0014389949881295,,,,,,,,,,17.6,0.6241476028214767,-0.4769257784335518,-0.4026189662364983
11744.895,1.82745486403062,1.175076101310692,1.8249647744518036,1.8257632317752839,0.9674625568260665,1.0036927440091956,,,,,,,,,,17.650000000000002,0.649388142656663,-0.39757748539850113,-0.5134560379694401
11747.972,1.82495566320716,1.1726698322307758,1.8221727105999506,1.8231570695302026,0.9673247412082735,1.0041270530665316,,,,,,,,,,17.7,0.6730108103066929,-0.2882767469014801,-0.6081447755144915
11750.93,1.82275032319611,1.1703566232810196,1.8194894378844575,1.8206360136140427,0.9674847083396493,1.0048358161567497,,,,,,,,,,17.75,0.6947763904643363,-0.1529268870494261,-0.6777371171509082
11754.197,1.82005419156588,1.1678017708000024,1.8165267875138387,1.817834884649795,0.9672751946418803,1.0052310572461174,,,,,,,,,,17.8,0.7145130204435909,0.0018124879702849002,-0.7145107215926021
11757.104,1.81996982351189,1.165528444763174,1.8138914151335088,1.8153286194842004,0.9705213685026483,1.0090141374151744,,,,,,,,,,17.85,0.7321005239134353,0.1669835323108731,-0.7128026915292267
11760.339,1.8187617957316,1.1629986168549724,1.810959593206607,1.8125253299768274,0.9724815674000353,1.0115704840943092,,,,,,,,,,17.900000000000002,0.7474588403118609,0.33202904224539675,-0.6696651648891083
11763.273,1.81955143303721,1.1607041763348303,1.8083013841740012,1.8099707729178764,0.9770551832030895,1.0166835601423503,,,,,,,,,,17.95,0.760539444095213,0.48566483394550736,-0.5852776393245674
11766.518,1.81799162920871,1.158166528247623,1.8053623192615147,1.8071329921219799,0.9785053035331295,1.0187289722899138,,,,,,,,,,18.0,0.771318934399249,0.6168421998601096,-0.46307515484479794
11769.474,1.8168686812564,1.155854883333669,1.8026858402461015,1.80453738248087,0.9802681135256083,1.0210328227712564,,,,,,,,,,18.05,0.7797942009562115,0.7157092629312507,-0.3095791446453434
11772.691,1.81217764542058,1.1533391317476767,1.7997739434533395,1.8017020221919597,0.9770422174933898,1.0183944008690884,,,,,,,,,,18.1,0.7859787394616111,0.7744811198357489,-0.13394616046616478
11775.772,1.80785593676436,1.1509297345961578,1.7969860295783278,1.7989769996486074,0.9742063039359458,1.016119818811005,,,,,,,,,,18.150000000000002,0.7898998105327895,0.788138248749093,0.052723918087045636
11778.769,1.80163104147522,1.1485860269482817,1.7942749523487125,1.7963180515588082,0.9684505927854418,1.010908908207937,,,,,,,,,,18.2,0.7915962227262743,0.7548896388006298,0.2382566117990432
11781.871,1.79455447312083,1.1461602074208521,1.79146975168572,1.793558122299298,0.9615536402658232,1.0045745690908672,,,,,,,,,,18.25,0.7911165814455866,0.676359698244109,0.41036935074307057
11785.09,1.78906247453165,1.1436428917990593,1.788559669699084,1.7906864262668793,0.9571422544975667,1.000745646709047,,,,,,,,,,18.3,0.7885178892437572,0.5574839590943353,0.5576487218759993
11788.225,1.78232135909913,1.1411912656809093,1.7857264311791416,1.7878828716163724,0.9507810414466447,0.9949503559768067,,,,,,,,,,18.35,0.7838644142515792,0.4061254073486746,0.670451768165201
11791.241,1.77767364747156,1.1388326996929248,1.7830015807894526,1.7851800378771059,0.9473862916172862,0.9920987973984938,,,,,,,,,,18.400000000000002,0.7772267659557874,0.23244840898151145,0.7416530070592692
11794.399,1.77256970698585,1.1363630871630637,1.7801493238935064,1.7823445930199242,0.9434796444280702,0.9887596029072017,,,,,,,,,,18.45,0.7686811339158929,0.048108377139703604,0.7671742107808414
11797.394,1.76842584369998,1.1340209435509898,1.7774451230424306,1.7796510040157436,0.940807735987907,0.9866246169342703,,,,,,,,,,18.5,0.7583086570713362,-0.13466932657328498,0.7462547767817848
11800.567,1.76409223170821,1.131539600752621,1.7745810939418103,1.776793142933232,0.9380608637839332,0.9844452596187752,,,,,,,,,,18.55,0.7461949003397638,-0.30403951093666604,0.6814446456480988
11803.809,1.76024064574559,1.1290042987191171,1.7716557282776355,1.7738692938328173,0.9361088452812732,0.9830716964112173,,,,,,,,,,18.6,0.7324294221610339,-0.44943396029259414,0.5783268745120366
11805.896,1.75867455839671,1.127372227360718,1.7697730630817405,1.7719853287840828,0.9362066980352362,0.9835411739998046,,,,,,,,,,18.650000000000002,0.7171054221676608,-0.5623295099152644,0.4450007963821161
11809.068,1.75578003030896,1.1248916665802522,1.7669123861150764,1.769119671762717,0.9355927941308879,0.9834909735618576,,,,,,,,,,18.7,0.7003194627616387,-0.6368255457909868,0.29137703092516065
11814.935,1.7551581096592,1.1203035675578672,1.7616236245061936,1.763813779607263,0.9414745445625086,0.9904117903190583,,,,,,,,,,18.75,0.6821712624439901,-0.6699878595719918,0.1283506888589545
11819.045,1.75613227983483,1.1170894739867059,1.757920559262426,1.7600940156826326,0.9476856424471775,0.9973480218259668,,,,,,,,,,18.8,0.6627635626088416,-0.6619378845017926,-0.03307229933426778
11824.557,1.75769885020336,1.112778991319006,1.75295671605324,1.7551034698136418,0.9564011756342599,1.0070324735061835,,,,,,,,,,18.85,0.6422020734830284,-0.6156896123771466,-0.1826192881291022
11830.263,1.7584056509763,1.108316797178606,1.747821072885869,1.7499358468861412,0.9640666750662634,1.0156966821885869,,,,,,,,,,18.900000000000002,0.6205955092719261,-0.5367587618425891,-0.31149449066346585
11834.783,1.75806730461379,1.104782076268231,1.7437549795129161,1.745841754375546,0.9688068243006722,1.0212248444316903,,,,,,,,,,18.95,0.5980557276970258,-0.43258801290199633,-0.41296278830509814
11839.134,1.75574163333024,1.1013795163830427,1.7398426678525363,1.7419006042498526,0.9704038250914615,1.0235777952546106,,,,,,,,,,19.0,0.5746979953661748,-0.3118466660203661,-0.4827312324367278
11844.763,1.74957724716986,1.0969775376209814,1.7347837616000765,1.736802109858736,0.9677902158429971,1.021938394202747,,,,,,,,,,19.05,0.5506414082565574,-0.18367174382678544,-0.5191056260592756
11849.006,1.74018961557209,1.0936594356690517,1.7309723864530842,1.732959518904086,0.9587892443131847,1.0136689353542558,,,,,,,,,,19.1,0.5260095065363497,-0.05691973507846025,-0.522920782456781
11853.872,1.73079987144598,1.0898541365650942,1.7266033999043922,1.72855361546924,0.9505076420165972,1.0062232684345878,,,,,,,,,,19.150000000000002,0.500931135560763,0.06050608366846308,-0.49726352813503266
11859.049,1.72403907110613,1.08580562989407,1.7219575402677032,1.7238675326443884,0.9464853734854067,1.003086860465531,,,,,,,,,,19.200000000000003,0.4755416206226976,0.16219788743683036,-0.4470253664564137
11864.028,1.71988957504059,1.0819119627673537,1.7174916631884072,1.719362404049581,0.9461059851094998,1.0035560461480868,,,,,,,,,,19.25,0.44998434199413845,0.24361496543309288,-0.3783353758993873
11869.824,1.71537279106198,1.077379387015906,1.7122958204156564,1.7141206093045671,0.9461294039419318,1.004563074555572,,,,,,,,,,19.3,0.42441281794698726,0.3022624822117622,-0.29793226056418715
11874.043,1.70901617904944,1.0740800534935868,1.7085156033719002,1.710307033273807,0.941595530931188,1.0007423406292797,,,,,,,,,,19.35,0.3989934232045755,0.33767411761922983,-0.21253691926481857
11879.689,1.70131874073686,1.0696647804272192,1.7034593263183,1.705206580562269,0.936728156083197,0.9968255597949089,,,,,,,,,,19.400000000000002,0.37390887950456997,0.35121390395460655,-0.12828345115924905
11885.291,1.6942519124031,1.0652839161484735,1.6984453152746193,1.7001496340221225,0.9327449337579132,0.9937812794055478,,,,,,,,,,19.450000000000003,0.349362633262847,0.3457288101589846,-0.05025772922052188
11889.187,1.68887035969415,1.0622371744080255,1.6949599221735685,1.6966351087476055,0.9292824633061242,0.9909693187259853,,,,,,,,,,19.5,0.3255841410679655,0.32509608755953434,0.017820403150558977
11894.917,1.68469092668071,1.0577562118380115,1.6898363229189979,1.6914700363403594,0.9297296246369828,0.9923694953235713,,,,,,,,,,19.55,0.3028348386825014,0.2937170409788814,0.07375119903070551
11899.08,1.68133863239913,1.0545006713181238,1.6861157599511696,1.6877205524744734,0.9295861410550234,0.9929156292238562,,,,,,,,,,19.6,0.28141404206542797,0.2560111727743955,0.11684238309055955
11904.113,1.67892018705152,1.0505647752247764,1.681619761267653,1.6831911649747986,0.931836485275623,0.9959965925680213,,,,,,,,,,19.650000000000002,0.26166303938462443,0.21596155155993013,0.14774354276186544
11909.188,1.67728728906214,1.0465960343796077,1.6770885736348058,1.678628274792112,0.9353004859922978,1.0002946887989639,,,,,,,,,,19.700000000000003,0.24396404196869875,0.17675428894039474,0.16815580606949154
11914.019,1.67646387831871,1.0428181059021675,1.672777413626334,1.6742889731012287,0.9396819671876944,1.005466939962276,,,,,,,,,,19.75,0.22872867804062852,0.14054312982166603,0.18045619085568618
11919.737,1.67455724015602,1.0383465275469614,1.6676774388242803,1.669158512496941,0.9434857139350772,1.0102025840363726,,,,,,,,,,19.8,0.21636951597831494,0.10835568753131118,0.18728270722174842
11924.484,1.67101949322845,1.0346342885731659,1.6634457705138486,1.6649040569335263,0.9437444815879101,1.0112316533241477,,,,,,,,,,19.85,0.20725040069666045,0.08014230887136516,0.19112806941339888
11929.521,1.66483325394614,1.030695264408216,1.658957822693237,1.660394620155969,0.9404119137493818,1.0087131265105167,,,,,,,,,,19.900000000000002,0.2016202766287425,0.0549535188056442,0.1939867178925618
11934.357,1.65720905357078,1.0269134258412738,1.6546511335888114,1.656070070907111,0.9347137804074499,1.0037933343189216,,,,,,,,,,19.950000000000003,0.19954943275607484,0.03121895421423361,0.1970922449287156
11939.428,1.65098691028494,1.0229478130677077,1.6501374474411472,1.651540607514325,0.9313673980545685,1.0012597320436958,,,,,,,,,,20.0,0.2008963409669793,0.00709089528779937,0.200771160822311
11945.471,1.64515543222649,1.0182220788948317,1.6447616364979378,1.6461492448306028,0.9297276055477247,1.0005839882811385,,,,,,,,,,20.05,0.20532421162926234,-0.019190169457658685,0.20442546142142973
11949.709,1.64047662752906,1.0149078870324022,1.64099351991943,1.642371812132967,0.9277039163998393,0.999233458939401,,,,,,,,,,20.1,0.21236103843065943,-0.04895159722284578,0.20664208616029864
11954.606,1.63690133923777,1.0110783453735284,1.6366415009121686,1.638010155699792,0.9280809682401824,1.000385332546903,,,,,,,,,,20.150000000000002,0.22147604529440162,-0.08280643269673349,0.20541356659989424
11960.402,1.6338009274561,1.0065457696220808,1.6314933452927534,1.632851493077547,0.9302048341523995,1.0034220890997991,,,,,,,,,,20.200000000000003,0.2321450564066935,-0.12046561524875884,0.19844234113919565
11964.783,1.62971796521386,1.0031197491998771,1.6276040538529886,1.628954443153827,0.9292306046875276,1.0031348797897341,,,,,,,,,,20.25,0.24389169392996576,-0.16066629486056302,0.18349250683285875
11969.881,1.62489795827623,0.9991330219429972,1.62308043079583,1.6244214999613533,0.9279948702697967,1.0026953493691595,,,,,,,,,,20.3,0.2563054196840218,-0.20122508981622653,0.15874801223276505
11975.009,1.61957760056803,0.9951228341491003,1.6185325693810322,1.6198634564183225,0.9260519187091366,1.0015497552958692,,,,,,,,,,20.35,0.2690438198607716,-0.23921148269572168,0.12313587434939403
11979.922,1.61415129779821,0.9912807802038159,1.6141776251783782,1.6154975362333128,0.9237025144887359,0.9999609554108269,,,,,,,,,,20.400000000000002,0.28182663707121197,-0.27122358386369566,0.0765768954646339
11985.336,1.60915224099869,0.9870469352903708,1.6093811276475067,1.610687045441614,0.9225677230299688,0.9996605647115452,,,,,,,,,,20.450000000000003,0.29442672857177604,-0.29373749593978005,0.020134099843449497
11990.12,1.60431098439615,0.983305761654254,1.605144990233537,1.606436463586055,0.9209363255347786,0.9987631869996566,,,,,,,,,,20.5,0.3066607919771685,-0.3034935720155494,-0.043960130587917486
11996.254,1.59996019121153,0.9785088638524293,1.5997164961463053,1.6009859895550862,0.9215978883235078,1.0003613924064632,,,,,,,,,,20.55,0.31838111400328845,-0.29787873631351264,-0.11240459157098419
12000.694,1.59510052640796,0.9750367043740944,1.595789297843118,1.597040071824948,0.9195402501441701,0.9989785662332393,,,,,,,,,,20.6,0.32946872087014706,-0.2752640994775655,-0.18105058290603704
12006.292,1.59070894495119,0.9706589681669513,1.5908403958821102,1.592063738234921,0.919519717960461,0.9998050595939237,,,,,,,,,,20.650000000000002,0.3398278970827894,-0.23526130227279363,-0.24522463026502883
12010.771,1.58702982348106,0.9671563099904965,1.586882793784107,1.58808078655253,0.9192580269934327,1.000218039894149,,,,,,,,,,20.700000000000003,0.349381882620272,-0.1788689032429633,-0.30012266718117936
12015.924,1.58362272931052,0.9631265717490862,1.5823319058749048,1.5834966314871595,0.9201813936926877,1.0019142594446597,,,,,,,,,,20.75,0.35806952487633004,-0.10849087302576271,-0.3412382087563885
12021.511,1.58029658847083,0.9587574377388481,1.5774004547521443,1.578523728252686,0.9217281283462248,1.004294897314049,,,,,,,,,,20.8,0.36584267942010895,-0.027821784294197627,-0.3647832430416339
12026.103,1.57741436046543,0.9551664115396346,1.5733493785082349,1.5744340679245286,0.922779259609299,1.0060282721072202,,,,,,,,,,20.85,0.3726641879077171,0.05839365567364675,-0.3680608345450326
12031.333,1.57339689911344,0.9510764579198838,1.568737789779453,1.569773230671296,0.9228867639591117,1.0069093492073322,,,,,,,,,,20.900000000000002,0.37850629697979504,0.1447067772632187,-0.34975272045753986
12036.384,1.56834876629517,0.9471264855043291,1.5642863940251228,1.5652685873496153,0.9212582175812585,1.006024401994275,,,,,,,,,,20.950000000000003,0.38334941300526837,0.2253865155835726,-0.3100930361110675
12041.908,1.56259076505884,0.9428066186218249,1.5594208012085637,1.560337992392576,0.9191254977281306,1.00470098102608,,,,,,,,,,21.0,0.3871811126741008,0.2948786445725449,-0.25090994198439703
12047.928,1.55664866889709,0.9380988708606601,1.5541214830402188,1.5549593335119714,0.9172949877117322,1.0037477561838817,,,,,,,,,,21.05,0.3899953490471558,0.34826116728723994,-0.17552928997219236
12052.224,1.55127590237423,0.9347393219600004,1.5503417896968834,1.5511173341847435,0.914309432725085,1.0013852656478348,,,,,,,,,,21.1,0.3917918076515938,0.3816545377472114,-0.08854735659445671
12057.853,1.54635735785032,0.9303373431979409,1.545391837804024,1.5460782497804662,0.9135433776949596,1.001431842044318,,,,,,,,,,21.150000000000002,0.39257537854501845,0.392549492896091,0.004508155585863312
12063.214,1.54145225921143,0.9261449452332222,1.5406802318940125,1.5412735348647233,0.9124864591441306,1.001144896818405,,,,,,,,,,21.200000000000003,0.39235571882299464,0.3800228647047645,0.09759934628209907
12067.368,1.53717800142706,0.9228964428744373,1.5370312135643411,1.537546651384503,0.910965287666112,1.000217681223981,,,,,,,,,,21.25,0.39114688651085605,0.3448220640740473,0.18464460716427694
12072.897,1.53268977406579,0.9185726659024294,1.5321767788424978,1.532580564608531,0.9107214115573878,1.0007607582350655,,,,,,,,,,21.3,0.38896703170512154,0.28931097055922,0.2599894499159055
12077.691,1.52793656524949,0.9148236720873086,1.5279699181215003,1.5282694233238634,0.9092321840285924,0.999950536695186,,,,,,,,,,21.35,0.3858381346269428,0.21728256518098582,0.3188406388790009
12082.745,1.52259034191881,0.9108713536180524,1.5235371610772273,1.5237198976342354,0.9071650554856844,0.998595887402688,,,,,,,,,,21.400000000000002,0.3817857832346502,0.1336556112281923,0.3576262879981191
12088.167,1.51782731127335,0.906631252561402,1.5187842187133196,1.518834883968783,0.906389563047947,0.9985809267152048,,,,,,,,,,21.450000000000003,0.3768389854556737,0.044082902277284126,0.3742516782675434
12093.288,1.51284237567963,0.9026265388928092,1.5142975860084906,1.5142179883037388,0.9049359166938158,0.9978419551017799,,,,,,,,,,21.5,0.3710300131281459,-0.04549387547433519,0.36823033272151523
12098.547,1.50790891559026,0.8985139067539443,1.5096925273986876,1.5094745069612931,0.9037186479029081,0.9973549433336085,,,,,,,,,,21.55,0.3643942765420588,-0.12930344033171462,0.3406813894168467
12104.28,1.50301332603432,0.8940305981302288,1.5046752713749907,1.5043020527230382,0.9031072448536155,0.9975353718811566,,,,,,,,,,21.6,0.3569702301699372,-0.20217864784773756,0.2941964302673274
12109.324,1.49803269184386,0.8900860998399764,1.5002634650757454,1.4997508818534826,0.901570679372767,0.9966918133279151,,,,,,,,,,21.650000000000002,0.3487993118984258,-0.2599280966203637,0.2325905083362822
12115.254,1.49235955270844,0.8854487336898593,1.4950796618433673,1.4944009373566915,0.9000346520862951,0.9959661395479521,,,,,,,,,,21.700000000000003,0.3399259199356281,-0.2996154953206142,0.1605620939321173
12121.917,1.48753525447678,0.8802381484186572,1.4892589059025623,1.488391962269024,0.9006075067963197,0.997443863195379,,,,,,,,,,21.75,0.33039743370440816,-0.31972574514653535,0.08329412997895771
12128.788,1.48256564816255,0.8748649034241431,1.4832606658781433,1.482199598968964,0.9012060935866584,0.9989693031058982,,,,,,,,,,21.8,0.3202642875864318,-0.3202074645699035,0.0060327056084851895
12135.015,1.47715985031645,0.8699952779575693,1.4778283287359475,1.4765927530382514,0.9004109623977872,0.9990086602692472,,,,,,,,,,21.85,0.30958010952731957,-0.3023931112150935,-0.06631930717825163
12141.74,1.4714045125235,0.8647362075765326,1.4719655001413807,1.4705444696177346,0.8996750093492891,0.9991680666364213,,,,,,,,,,21.900000000000002,0.29840194044903234,-0.2688088485176601,-0.12955894805978282
12148.789,1.46513756118025,0.8592237633957271,1.4658246193072424,1.4642141758049605,0.898556092747101,0.9989811070039256,,,,,,,,,,21.950000000000003,0.28679055536149795,-0.22289583825279713,-0.18046126435925056
12155.737,1.45914733853002,0.8537903030228744,1.4597761435679288,1.4579856098225397,0.8977304272178157,0.9990674949880931,,,,,,,,,,22.0,0.2748109132340711,-0.1686718530725142,-0.2169581618967775
12162.713,1.45284382930508,0.848334946148805,1.4537077044001467,1.4517445387618706,0.8964726369756408,0.9987188915580183,,,,,,,,,,22.05,0.2625327702086345,-0.11036637721919298,-0.23820730092281076
12169.367,1.44687068782262,0.8431313990387075,1.4479234928742395,1.4458047047693874,0.8953313463914708,0.9984387128260527,,,,,,,,,,22.1,0.25003149948636477,-0.05206337659224357,-0.24455092629800906
12176.983,1.44042014221002,0.8371755507083023,1.441307966704179,1.439023561095675,0.8945977218088866,0.9986833751701926,,,,,,,,,,22.150000000000002,0.2373891704601092,0.002616329595937421,-0.2373747523878313
12183.379,1.43362918369992,0.8321737642165381,1.4357562458791833,1.4333443572364655,0.8919444212504134,0.996845614465912,,,,,,,,,,22.200000000000003,0.22469594731286227,0.05076636122066878,-0.21888591847635414
12190.916,1.4265133914835,0.8262796953002773,1.4292189077309079,1.4266719161366697,0.890132633964791,0.995987780524153,,,,,,,,,,22.25,0.21205186854693955,0.0903605566361511,-0.19183577549209496
12198.019,1.42008473518171,0.8207250221528408,1.4230627293010762,1.420404810762009,0.8888365372408444,0.9955837021766627,,,,,,,,,,22.3,0.19956905369014874,0.12032317609266006,-0.15921727445775533
12204.093,1.41392074295069,0.8159750454250467,1.417802021438379,1.415062907628049,0.8867395850831145,0.9942441524415543,,,,,,,,,,22.35,0.1873743322726818,0.14050320434645058,-0.12396769725623251
12211.5,1.40722684575396,0.8101826388358528,1.4113913337406867,1.4085714976363761,0.8854026954448233,0.9938241593419714,,,,,,,,,,22.400000000000002,0.175612168308928,0.15156182063193338,-0.0887054011032976
12218.04,1.40058832134543,0.8050682417664135,1.4057351689112556,1.402861840684168,0.8831424499913119,0.9923673429072373,,,,,,,,,,22.450000000000003,0.16444750553448656,0.15479024193683036,-0.055524436761236126
12225.412,1.39424564505807,0.7993032058037386,1.399364101005526,1.3964517105487695,0.8822858228026589,0.9924094470306293,,,,,,,,,,22.5,0.15406771297775806,0.15188126471000357,-0.02586390558841924
12232.8,1.38823944177103,0.793525657554655,1.3929841581004778,1.3900559938112236,0.881946732690758,0.9929636942191982,,,,,,,,,,22.55,0.14468211855189853,0.14468138569720213,-0.00046050125195677433
12240.468,1.38243757085459,0.7875291442934209,1.386367663237973,1.3834467075965071,0.8822353827684765,0.9941717626301546,,,,,,,,,,22.6,0.13651677365886183,0.13495109653277573,0.020616280819448506
12247.231,1.37698973979373,0.7822403572321672,1.3805364992097484,1.3776404969659446,0.881999524210075,0.9947402365332129,,,,,,,,,,22.650000000000002,0.12980155810758767,0.12415882958744497,0.037855376403270094
12253.211,1.37203233808772,0.7775638901870234,1.3753839109204815,1.372523543029643,0.8815829046313358,0.9950296937163426,,,,,,,,,,22.700000000000003,0.1247475476209596,0.11332937630158467,0.05213830745754416
12261.064,1.36639597841671,0.7714227036141921,1.3686224105289702,1.3658268568254326,0.8823315512046154,0.9966982512959749,,,,,,,,,,22.75,0.12151597131462877,0.10296094230020943,0.06453817200068984
12268.286,1.36071372227348,0.7657749703365955,1.3624091511973146,1.3596899428271119,0.8822803545965049,0.9974857167107914,,,,,,,,,,22.8,0.12018594243319805,0.09301707260589104,0.07610837642721327
12274.923,1.35519045452823,0.760584717530806,1.3567033589300053,1.3540673365497917,0.8817865011739188,0.9977563963543621,,,,,,,,,,22.85,0.12073297022475432,0.0829913140838321,0.08768632667599974
12282.401,1.35004791741102,0.7547367876706748,1.3502793574788603,1.3477507850283676,0.8828325822323945,0.9996567782241198,,,,,,,,,,22.900000000000002,0.12302859548228642,0.07203454632117096,0.0997349459449753
12289.239,1.34478696626786,0.7493893492668793,1.344409596231145,1.341990922294215,0.8829608408316757,1.000559629489857,,,,,,,,,,22.950000000000003,0.12686213968808874,0.059128211778215325,0.11224017577565826
12295.529,1.33907733004405,0.7444704566725715,1.339013990280585,1.3367053561546516,0.8817881863902548,1.0000939299028817,,,,,,,,,,23.0,0.13197516448121696,0.043281877138318985,0.1246760728898201
12302.92,1.33279077685589,0.7386905623697846,1.332678531254226,1.3305091198516,0.8810368230279068,1.000166456145306,,,,,,,,,,23.05,0.1380957634254364,0.023731122618079508,0.1360414410954977
12309.783,1.32709214901855,0.7333235735184775,1.326800109189188,1.3247685963219662,0.8805450101123041,1.0004330868293185,,,,,,,,,,23.1,0.14496398707740749,0.00011190034377999425,0.1449639438884436
12317.133,1.32094106804139,0.7275757419496127,1.3205092975246222,1.3186336078234764,0.8799470006032861,1.0006403042153826,,,,,,,,,,23.150000000000002,0.15234620178558048,-0.02740982181923681,0.14986015770154018
12323.852,1.31440084473182,0.7223213636759791,1.314762847450873,1.313036058116419,0.8780401222724182,0.9994631569581268,,,,,,,,,,23.200000000000003,0.16004046740914196,-0.05806941259003263,0.14913381417366484
12331.146,1.30719614930765,0.716617325109544,1.3085292685886918,1.3069701236913644,0.8758146829977708,0.9980230136684533,,,,,,,,,,23.25,0.1678762777447402,-0.09050560451480216,0.1413901700290348
12338.295,1.3006369673775,0.7110266791386852,1.3024242987023467,1.3010345762212432,0.8743783666596251,0.9973494277768996,,,,,,,,,,23.3,0.1757114980666536,-0.12283526331718923,0.12564246351701477
12345.219,1.29402492249422,0.7056119871954447,1.296515895643223,1.2952942031742662,0.8726027200521785,0.9963059433127769,,,,,,,,,,23.35,0.18342833717311366,-0.15279513327951585,0.10148695543856097
12352.634,1.28730404535932,0.6998133244630456,1.2901933402969492,1.2891549491397387,0.8712350975071629,0.9957152413740654,,,,,,,,,,23.400000000000002,0.19092934080097157,-0.17793753989764569,0.06922604332090122
12359.716,1.28066745123341,0.6942750736915215,1.284159387269642,1.2832984221557837,0.8696062798162297,0.9948215386425135,,,,,,,,,,23.450000000000003,0.19813384039685175,-0.19586109619337802,0.029924065705272104
12366.685,1.27432781816542,0.6888251909427581,1.2782261589789332,1.2775412138819726,0.8682868007528912,0.9942188498190971,,,,,,,,,,23.5,0.20497498622186888,-0.20445344139608143,-0.014612846333087836
12374.026,1.26843316320159,0.6830843975349978,1.2719809904692978,1.2714821335209088,0.8680586276379174,0.994738653295099,,,,,,,,,,23.55,0.21139734785257078,-0.20212134338125126,-0.06193384558429357
12381.154,1.26299418322302,0.6775101739400498,1.265921710380617,1.265603381479192,0.8682591907806385,0.9956585439813912,,,,,,,,,,23.6,0.21735500759746995,-0.18798428798312575,-0.10911052561129686
12389.288,1.25780691089927,0.6711492403371722,1.259012900676094,1.258899370990103,0.8699997032050749,0.9982115439737779,,,,,,,,,,23.650000000000002,0.22281005870092369,-0.16201087868204617,-0.15296011717758448
12396.009,1.25218211957731,0.6658932980277399,1.2533087911828353,1.253362740632251,0.8694527086842001,0.9983291710062421,,,,,,,,,,23.700000000000003,0.2277314258104178,-0.1250826598142313,-0.19030483576473595
12402.603,1.24681316338105,0.660736671991673,1.2477164541181933,1.247932539139116,0.8691378279869573,0.9986604396734007,,,,,,,,,,23.75,0.23209393757467536,-0.07897683056623597,-0.2182435705642422
12410.07,1.24150411320739,0.6548973443284467,1.2413884988088784,1.2417848502896565,0.8699242171908981,1.000171452360935,,,,,,,,,,23.8,0.23587759465750352,-0.02626705887808969,-0.2344104973743806
12418.595,1.23581927118794,0.6482306417264638,1.2341701266670562,1.2347669539423176,0.8713802936359123,1.0024456419593246,,,,,,,,,,23.85,0.2390669885556846,0.029850526772254613,-0.2371960603983606
12424.645,1.23035442802739,0.643499433428282,1.2290514157848964,1.229786450050804,0.8702923301700808,1.001932335853521,,,,,,,,,,23.900000000000002,0.24165083668741907,0.08579186323891107,-0.2259090150342072
12431.909,1.22483614236967,0.637818855398864,1.2229099708830082,1.223805831736317,0.8705330059888673,1.002856466574447,,,,,,,,,,23.950000000000003,0.24362160727132814,0.13785981002853076,-0.20086353653254901
12438.985,1.21916516418756,0.632285296734743,1.216932081543745,1.2179786177392775,0.8703292160345818,1.0033116087254697,,,,,,,,,,24.0,0.24497521381181778,0.18253518212581962,-0.16338225934427425
12447.247,1.21311548835869,0.6258242648405989,1.2099580006178652,1.2111721443855035,0.8709392475276622,1.0046824800571255,,,,,,,,,,24.05,0.24571076387575935,0.2167581224671178,-0.11571385322829385
12454.504,1.20734615223839,0.6201491609364815,1.2038373705542735,1.2051906077644983,0.8707995033391428,1.0052034408516537,,,,,,,,,,24.1,0.2458303505994674,0.23817474136346714,-0.06087161778943123
12460.905,1.20158339813641,0.6151434643552172,1.1984426704780988,1.199911750043956,0.8696768046148583,1.0046576253079156,,,,,,,,,,24.150000000000002,0.24533887826811715,0.24532707218582903,-0.0024068324800535475
12468.172,1.19519792336447,0.6094605402720958,1.1923226251668764,1.1939148762942324,0.8686349382566242,1.0042639996159877,,,,,,,,,,24.200000000000003,0.24424391557537606,0.23776956225994877,0.05586345458619406
12475.695,1.18893528820063,0.6035774196064416,1.1859920378311521,1.1877018251057097,0.868072127068172,1.004364771146006,,,,,,,,,,24.25,0.242555571967923,0.21610202939670975,0.11015043523885809
12483.392,1.18244557684116,0.5975582278260934,1.1795203504413,1.1813392053810556,0.8673743574578369,1.0043380420561507,,,,,,,,,,24.3,0.24028639394059492,0.1819166185192966,0.15698374125838474
12489.995,1.1760229004172,0.5923945636289218,1.173972793751413,1.1758756743458807,0.8655072715598754,1.003040259844569,,,,,,,,,,24.35,0.23745127937926883,0.13766406106948248,0.19347277939986643
12497.456,1.16940721865742,0.5865599280730986,1.1677091480475417,1.169695805438245,0.8643489981753635,1.0025181985867055,,,,,,,,,,24.400000000000002,0.2340674091374763,0.08645173617167651,0.21751700929636186
12504.995,1.16273287581672,0.5806642951210339,1.1613851559231279,1.1634438402873952,0.8631941894922237,1.0019986366494988,,,,,,,,,,24.450000000000003,0.2301541960544854,0.03179198428315884,0.22794785302087378
12511.781,1.15662208277602,0.5753575216480655,1.1556972230383051,1.1578093868225006,0.8620018471426772,1.0013715448936935,,,,,,,,,,24.5,0.2257332526466162,-0.022676713709428437,0.22459133555362656
12519.483,1.15036039533331,0.5693344197782171,1.1492465793637052,1.151405842032252,0.8616480302780997,1.0016517626401642,,,,,,,,,,24.55,0.2208283797988591,-0.07347107266306982,0.20824786867175155
12527.477,1.14418112077782,0.5630829686814138,1.1425570760676669,1.1447492965740325,0.8617550664129223,1.0024084200594037,,,,,,,,,,24.6,0.2154655800241053,-0.11752253981701932,0.18059310288624322
12535.034,1.13805368286636,0.5571732594071399,1.136238598534459,1.1384464580783171,0.8614321798996519,1.0026917274253742,,,,,,,,,,24.650000000000002,0.20967310032556205,-0.15239326386461902,0.1440107708778125
12541.37,1.13136369713772,0.5522183939894081,1.1309450082804435,1.1331539439210314,0.8588590367682086,1.000620905397433,,,,,,,,,,24.700000000000003,0.2034815114909168,-0.17643123551273038,0.1013742800422256
12550.065,1.12455780477355,0.5454187483443373,1.1236864605910952,1.1258783848140328,0.858849773028834,1.0012921827849253,,,,,,,,,,24.75,0.1969238328774612,-0.18885334109560273,0.05579795258052223
12558.982,1.11773313155498,0.5384454947253481,1.1162497208777982,1.1184012158139474,0.8590701143126069,1.002199863237618,,,,,,,,,,24.8,0.19003571454337584,-0.1897519688180522,0.010380902257721421
12568.217,1.11094634173559,0.5312235594139931,1.108555383983072,1.1106395800248803,0.8597154249730774,1.0035457345332446,,,,,,,,,,24.85,0.18285569207314617,-0.18002792602339623,-0.03203357574895173
12576.208,1.10437461656527,0.5249744543708914,1.1019037639888198,1.103908150344543,0.859236986815678,1.0036642167515015,,,,,,,,,,24.900000000000002,0.17542553373855432,-0.1612590827101476,-0.06906247990724364
12585.268,1.09770769902349,0.517889372192128,1.0943693363627736,1.0962582581002567,0.8598571152625076,1.0049507141199558,,,,,,,,,,24.950000000000003,0.1677907047334205,-0.13551972680806584,-0.09893494954163116
12593.993,1.09103950135914,0.5110662660100402,1.087120547177034,1.088872450912039,0.8600868409973247,1.0058117179208197,,,,,,,,,,25.0,0.16000097886379935,-0.10516959380881934,-0.12058055305670941
12603.659,1.08441732804488,0.5035072809835572,1.079098042504815,1.080667698597198,0.8614761110137075,1.007888376872072,,,,,,,,,,25.05,0.1521112334305224,-0.07263357561974772,-0.13364950814890889
12611.669,1.07729258991161,0.49724331760034524,1.0724564010453568,1.07729258991161,0.8601996020466307,1.0071719557756358,,,,,,,,,,25.1,0.14418246607696134,-0.04019307466823199,-0.13846696455381707
12620.979,1.06990154382973,0.48996273094645204,1.0647441637341082,1.06990154382973,0.8600357932798032,1.0076482749736688,,,,,,,,,,25.150000000000002,0.13628306873038248,-0.009807908974054341,-0.13592968676535241
12629.195,1.06250860634093,0.48353767187573027,1.0579447162215736,1.06250860634093,0.8586004520600082,1.006768143176238,,,,,,,,,,25.200000000000003,0.12849037480262132,0.017016151998458278,-0.1273586549398331
12639.48,1.05457983663195,0.47549461776882396,1.0494416351493587,1.05457983663195,0.8587699331684403,1.0076198336642874,,,,,,,,,,25.25,0.12089244564658862,0.03930430911253731,-0.11432477727771657
12647.187,1.04732421127084,0.46946760580947,1.0430762026250955,1.04732421127084,0.8569479280221385,1.0062996984123802,,,,,,,,,,25.3,0.11358995422281161,0.05663016598028794,-0.09846675581832416
12656.699,1.03975786445232,0.46202905153966967,1.0352274075412868,1.03975786445232,0.8567584146397403,1.006718562699998,,,,,,,,,,25.35,0.10669781938271378,0.06907587367658011,-0.08132003650296377
12665.02,1.03222839346495,0.45552188058939436,1.0283681015207158,1.03222839346495,0.8552423674226186,1.005724723676543,,,,,,,,,,25.400000000000002,0.10034590269138213,0.07714290483913247,-0.06417376738145333
12674.844,1.02469425046262,0.4478393367346296,1.020277913287786,1.02469425046262,0.8554624424408993,1.0065493259152891,,,,,,,,,,25.450000000000003,0.09467760040686207,0.08162609580627112,-0.04796903691160476
12682.936,1.01789738930709,0.44151124788357343,1.0136206333729527,1.01789738930709,0.8547672639982954,1.0063423302376342,,,,,,,,,,25.5,0.08984468352206723,0.08346687344778855,-0.03324677719766639
12692.93,1.01041792827774,0.43369576098571905,1.005406789277747,1.01041792827774,0.8552655825587395,1.0074314033486167,,,,,,,,,,25.55,0.08599667857368481,0.08360312193876157,-0.0201481197087526
12701.003,1.00360892057558,0.42738253047477315,0.9987783962491541,1.00360892057558,0.8545303564961557,1.0071635560445387,,,,,,,,,,25.6,0.08326416613060089,0.08283282867170257,-0.008464269352322893
12710.9,0.996628959129164,0.4196428993132706,0.9906604726891031,0.996628959129164,0.8556569290440369,1.0088511275137817,,,,,,,,,,25.650000000000002,0.08173814231002587,0.08170655162669126,0.0022722961006162506
12718.733,0.989673722947554,0.4135173530984524,0.9842418337144077,0.989673722947554,0.8544265180887526,1.008055366378608,,,,,,,,,,25.700000000000003,0.08145123640793892,0.08046012523055027,0.012667760665015846
12728.131,0.982651815401785,0.4061679488693102,0.9765481327630452,0.982651815401785,0.8549121880656957,1.009051620476456,,,,,,,,,,25.75,0.08236832014587155,0.07899427090136445,0.023333352275544016
12737.194,0.975791460531365,0.3990805206368453,0.9691362794122416,0.975791460531365,0.8552489325889464,1.009869479991821,,,,,,,,,,25.8,0.08439115653398879,0.07690241269181247,0.03475465757740047
12745.905,0.969206611973139,0.392268362705364,0.9620193286992933,0.969206611973139,0.8555860271113419,1.0106585752046997,,,,,,,,,,25.85,0.08737528425045495,0.07354258314946317,0.047179749485898044
12755.704,0.96219817635499,0.3846053692981126,0.9540217117761101,0.96219817635499,0.8565567211136962,1.012125508194341,,,,,,,,,,25.900000000000002,0.09115216108425445,0.0681444023063844,0.06053971345022624
12764.176,0.955434078767767,0.37798011364485795,0.9471141782009163,0.955434078767767,0.8563508217495419,1.012338220506784,,,,,,,,,,25.950000000000003,0.09554921515755872,0.05993822670974732,0.07441143390713811
12774.406,0.948441178935111,0.3699800705224785,0.9387819717725208,0.948441178935111,0.8578443918622534,1.014324381178684,,,,,,,,,,26.0,0.10040375481582618,0.048291089230799826,0.0880277494999132
12783.394,0.942029878454031,0.36295129363255363,0.9314692037093275,0.942029878454031,0.8587600950387181,1.0156612367503022,,,,,,,,,,26.05,0.1055703294037704,0.03283322970192565,0.10033480691046939
,,,,,,,,,,,,,,,,26.1,0.11092313452083281,0.013559925704352415,0.11009119032338244
,,,,,,,,,,,,,,,,26.150000000000002,0.11635544048425332,-0.009104130494651823,0.11599872127838723
,,,,,,,,,,,,,,,,26.200000000000003,0.12177760084482003,-0.03428676643220019,0.11685119475274552
,,,,,,,,,,,,,,,,26.25,0.12711461506300056,-0.06070058119421142,0.11168511451979514
,,,,,,,,,,,,,,,,26.3,0.1323037571920422,-0.08672421260171051,0.09991594024851179
,,,,,,,,,,,,,,,,26.35,0.13729249031284868,-0.11052609808292495,0.08144451816339333
,,,,,,,,,,,,,,,,26.400000000000002,0.14203672730720943,-0.13021960809787764,0.05672112103068605
,,,,,,,,,,,,,,,,26.450000000000003,0.14649942294733592,-0.14403492099264356,0.02675859597485163
,,,,,,,,,,,,,,,,26.5,0.1506494528019924,-0.15049094578587638,-0.006908897597457744
,,,,,,,,,,,,,,,,26.55,0.15446072791175677,-0.14855019708188863,-0.04231968116564446
,,,,,,,,,,,,,,,,26.6,0.15791149772616075,-0.13774083030785778,-0.07722373197548278
,,,,,,,,,,,,,,,,26.650000000000002,0.1609838008946433,-0.11823293204808136,-0.10925547093761452
,,,,,,,,,,,,,,,,26.700000000000003,0.16366303111760935,-0.09086034877714545,-0.13612488668387956
,,,,,,,,,,,,,,,,26.75,0.16593759214220402,-0.057084418829409275,-0.1558096711146681
,,,,,,,,,,,,,,,,26.8,0.16779862174268356,-0.018901450752390782,-0.16673065890291186
,,,,,,,,,,,,,,,,26.85,0.16923976915336952,0.021298867866068105,-0.16789418599436245
,,,,,,,,,,,,,,,,26.900000000000002,0.17025701406611407,0.06091226272302647,-0.15898788346496712
,,,,,,,,,,,,,,,,26.950000000000003,0.1708485181445862,0.09732042380122292,-0.14042062264265662
,,,,,,,,,,,,,,,,27.0,0.1710145022167737,0.12809575233379678,-0.11330241922611135
,,,,,,,,,,,,,,,,27.05,0.17075714403261077,0.1511922755690881,-0.07936559737326186
,,,,,,,,,,,,,,,,27.1,0.17008049283653942,0.16510592997826332,-0.040833882126647555
,,,,,,,,,,,,,,,,27.150000000000002,0.1689903981019586,0.16899021196781736,-0.00025081812257580507
,,,,,,,,,,,,,,,,27.200000000000003,0.16749445068363691,0.1627172878358804,0.039717442631022046
,,,,,,,,,,,,,,,,27.25,0.16560193542866658,0.14687964362436487,0.07648771997190024
,,,,,,,,,,,,,,,,27.3,0.16332379500008515,0.12273275975968029,0.10775588937502414
,,,,,,,,,,,,,,,,27.35,0.16067260535791983,0.09208459864274092,0.1316666731003224
,,,,,,,,,,,,,,,,27.400000000000002,0.15766256405623807,0.05714239442738174,0.14694295105207636
,,,,,,,,,,,,,,,,27.450000000000003,0.15430949329952767,0.020330895454530838,0.15296429129824357
,,,,,,,,,,,,,,,,27.5,0.15063086061006867,-0.015901501178588653,0.14978917994433805
,,,,,,,,,,,,,,,,27.55,0.1466458210508413,-0.04927156272699915,0.13812063545363076
,,,,,,,,,,,,,,,,27.6,0.14237528629808918,-0.07782871149228711,0.11922002271394347
,,,,,,,,,,,,,,,,27.650000000000002,0.1378420275486708,-0.10008731072476322,0.09477845108785658
,,,,,,,,,,,,,,,,27.700000000000003,0.13307082137562248,-0.11511349296921379,0.06675872405917892
,,,,,,,,,,,,,,,,27.75,0.1280886503078686,-0.12256077826995099,0.037223083799644466
,,,,,,,,,,,,,,,,27.8,0.12292497317868245,-0.1226536513311962,0.00816277196209445
,,,,,,,,,,,,,,,,27.85,0.11761208414719723,-0.11612312809653569,-0.01865533324609786
,,,,,,,,,,,,,,,,27.900000000000002,0.11218558351549816,-0.10410267628398882,-0.041811935368072185
,,,,,,,,,,,,,,,,27.950000000000003,0.10668498732632141,-0.08799625449410477,-0.060318701211366496
,,,,,,,,,,,,,,,,28.0,0.10115450453047795,-0.06933239307012712,-0.07365631716272455
,,,,,,,,,,,,,,,,28.05,0.09564400664159259,-0.04961897713801907,-0.08176633240052869
,,,,,,,,,,,,,,,,28.1,0.09021019814945622,-0.030212671692588657,-0.08500043717158169
,,,,,,,,,,,,,,,,28.150000000000002,0.08491795362839186,-0.01221485821421623,-0.08403485043266457
,,,,,,,,,,,,,,,,28.200000000000003,0.07984169816406587,0.003597228531723486,-0.07976062131536059
,,,,,,,,,,,,,,,,28.25,0.07506654167885718,0.016799421320097208,-0.07316259374115618
,,,,,,,,,,,,,,,,28.3,0.07068860704355713,0.027309154539262692,-0.06520037763777985
,,,,,,,,,,,,,,,,28.35,0.0668136274066718,0.03533737497947636,-0.056703886434683146
,,,,,,,,,,,,,,,,28.400000000000002,0.06355256145442137,0.04131128676962334,-0.04829395047887415
,,,,,,,,,,,,,,,,28.450000000000003,0.06101304276747458,0.04577820362775088,-0.04033543678159266
,,,,,,,,,,,,,,,,28.5,0.05928649256648163,0.049302449895774494,-0.03292653390671614
,,,,,,,,,,,,,,,,28.55,0.05843296487729376,0.05236762430608936,-0.02592379811847265
,,,,,,,,,,,,,,,,28.6,0.058468380561387194,0.055295602688676004,-0.018998627549570185
,,,,,,,,,,,,,,,,28.650000000000002,0.05935951667891526,0.05819152712452371,-0.011717439620934267
,,,,,,,,,,,,,,,,28.700000000000003,0.061029316721341605,0.06092094851711158,-0.003635317214393572
,,,,,,,,,,,,,,,,28.75,0.06337026391993979,0.0631215905685608,0.0056084894024860665
,,,,,,,,,,,,,,,,28.8,0.06626040442440408,0.06424827852937817,0.016204934449019884
,,,,,,,,,,,,,,,,28.85,0.06957704444822141,0.06364583768606807,0.02811000639253669
,,,,,,,,,,,,,,,,28.900000000000002,0.07320578180546101,0.06064160331917277,0.041008321553422065
,,,,,,,,,,,,,,,,28.950000000000003,0.07704498507034027,0.05464692267229296,0.05431062112457737
,,,,,,,,,,,,,,,,29.0,0.0810070035941844,0.04525590249044499,0.06718659033678923
,,,,,,,,,,,,,,,,29.05,0.0850174985627733,0.032329777588298705,0.0786305318751075
,,,,,,,,,,,,,,,,29.1,0.08901392779040168,0.01605663307482745,0.0875537770457403
,,,,,,,,,,,,,,,,29.150000000000002,0.092943806016249,-0.0030213344472822565,0.09289468561195409
,,,,,,,,,,,,,,,,29.200000000000003,0.09676305570992211,-0.02401753419807765,0.09373498280453067
,,,,,,,,,,,,,,,,29.25,0.1004345762720984,-0.04574838926995867,0.08941022866630127
,,,,,,,,,,,,,,,,29.3,0.10392706038729363,-0.06681522178774084,0.07960251263747381
,,,,,,,,,,,,,,,,29.35,0.10721404069629545,-0.0857137545636581,0.0644049904978479
,,,,,,,,,,,,,,,,29.400000000000002,0.11027313324704743,-0.10096137164098212,0.044350483114534045
,,,,,,,,,,,,,,,,29.450000000000003,0.11308544150629922,-0.11123023892125952,0.02039978015063263
,,,,,,,,,,,,,,,,29.5,0.11563508801261503,-0.11547351071464489,-0.006110802150292303
,,,,,,,,,,,,,,,,29.55,0.11790884599928789,-0.1130322321863792,-0.03355905916214356
,,,,,,,,,,,,,,,,29.6,0.11989584867611501,-0.10371215956899657,-0.06015648333555462
,,,,,,,,,,,,,,,,29.650000000000002,0.12158735860492402,-0.08782240611668596,-0.08408751843405936
,,,,,,,,,,,,,,,,29.700000000000003,0.12297658353483955,-0.06617132233755292,-0.10365614404366506
,,,,,,,,,,,,,,,,29.75,0.1240585282076448,-0.04001899415478422,-0.11742656653366966
,,,,,,,,,,,,,,,,29.8,0.12482987411283308,-0.010989806140343113,-0.1243451713257231
,,,,,,,,,,,,,,,,29.85,0.1252888810952588,0.01904772538528157,-0.12383249930348977
,,,,,,,,,,,,,,,,29.900000000000002,0.1254353062152629,0.048123556239453504,-0.11583669271947004
,,,,,,,,,,,,,,,,29.950000000000003,0.1252703364332419,0.07431874019168727,-0.10084335400222516
,,,,,,,,,,,,,,,,30.0,0.12479653262023084,0.09591470824846489,-0.07984073706851787
