energy,mu,pre_edge,post_edge,bkg,norm,flat,k,chik,k3chik,kwin,r,chir_mag,chir_re,chir_im,rwin,q,chiq_mag,chiq_re,chiq_im
24100.023,-0.924752760449022,-0.9251962612925126,-0.3712549840062991,-0.924752760449022,0.0008530742967901771,0.0008530742967901771,0.0,0.23831362374963225,0.0,0.0,0.0,0.3167329750291486,0.3167329750291486,0.0,0.0,0.0,0.06384719751840101,0.044469666999933204,0.04581389906860979
24100.394,-0.925581275015567,-0.9253375449448846,-0.3714518598436882,-0.925581275015567,-0.00046881502415529325,-0.00046881502415529325,0.05,0.20627548016751984,2.5784435020939985e-05,0.0,0.030679615757712823,0.30371089317712274,0.2763531976602733,-0.12597307957412013,0.0,0.05,0.08369153686989224,0.057415377434215306,0.060891278338782905
24100.79,-0.924521244853853,-0.9254883490590053,-0.3716619836985302,-0.924521244853853,0.0018602258639233951,0.0018602258639233951,0.1,0.17540519655000178,0.0001754051965500018,0.0,0.06135923151542565,0.26705339936091244,0.18110623615151775,-0.1962601572842784,0.0,0.1,0.10632189634437898,0.06450105382397736,0.08452194802452938
24101.16,-0.925332048919555,-0.9256292518929055,-0.3718582942347197,-0.925332048919555,0.0005716702035995809,0.0005716702035995809,0.15000000000000002,0.14586352605175276,0.0004922894004246658,0.0,0.09203884727313846,0.21486451144463153,0.08903084645164344,-0.1955511867988637,0.0,0.15000000000000002,0.13033441330528625,0.06240096972376195,0.11442542667242855
24101.531,-0.924869916227186,-0.9257705355452774,-0.3720551185515717,-0.924869916227186,0.0017323421200499704,0.0017323421200499704,0.2,0.11781122182744795,0.0009424897746195839,0.0,0.1227184630308513,0.16502526434280038,0.0464725490862234,-0.15834658206870048,0.0,0.2,0.1550506815257985,0.0486459416380672,0.14722189444427197
24101.901,-0.924893326005392,-0.9259114383791793,-0.37225139560154474,-0.924893326005392,0.0019583401250968047,0.0019583401250968047,0.25,0.09140903703176206,0.0014282662036212822,0.0,0.15339807878856412,0.1501890549012383,0.05372743703993417,-0.1402501861718803,0.0,0.25,0.18008559346988454,0.02195783732595614,0.1787419210911849
24102.271,-0.925088991156159,-0.9260523412130794,-0.3724476559309977,-0.925088991156159,0.0018530047562075338,0.0018530047562075338,0.30000000000000004,0.06681772481937001,0.0018040785701229911,0.0,0.18407769454627693,0.18562757317500997,0.0666354442506113,-0.1732550532953292,0.0,0.30000000000000004,0.20518218850328132,-0.017524285703865043,0.20443245801380314
24102.642,-0.926065438529202,-0.9261936248654514,-0.3726444299054279,-0.926065438529202,0.0002465665404228513,0.0002465665404228513,0.35000000000000003,0.04419803834494671,0.0018949908940395907,0.0,0.21475731030398976,0.24185305370369642,0.0329772025742691,-0.2395942480448533,0.0,0.35000000000000003,0.23014476114328195,-0.06815283262843821,0.21982220653614226
24102.985,-0.924998010182328,-0.9263242456006626,-0.37282633805811116,-0.924998010182328,0.0025510150960917134,0.0025510150960917134,0.4,0.02371073076316702,0.0015174867688426896,0.0,0.2454369260617026,0.29179748137331385,-0.06438031063507706,-0.28460665090320786,0.0,0.4,0.25480934209352185,-0.12682926770179875,0.22100257390437542
24103.356,-0.925278534569256,-0.9264655292530328,-0.37302307967927817,-0.925278534569256,0.002283185409945955,0.002283185409945955,0.45,0.005442741990512673,0.0004959698638854674,0.0,0.2761165418194154,0.32191727635073486,-0.1911292631426077,-0.25903732855254513,0.0,0.45,0.2790296339018475,-0.1892108468144427,0.20507752690911926
24103.7,-0.926558390955169,-0.9265965308067141,-0.3732054881566853,-0.926558390955169,7.336204093872896e-05,7.336204093872896e-05,0.5,-0.010945311990054366,-0.0013681639987567957,0.0,0.30679615757712825,0.32607894834810364,-0.2851064770243522,-0.15824593933042252,0.0,0.5,0.30266989836296815,-0.2500523053344887,0.17053712784011898
24104.07,-0.925578458958015,-0.9267374336406142,-0.37340166718831114,-0.925578458958015,0.0022292889108716045,0.0022292889108716045,0.55,-0.025882483204274567,-0.004306198143111182,0.0,0.3374757733348411,0.3034022574265993,-0.30213055369478914,-0.027749924966323353,0.0,0.55,0.3256012129371591,-0.3036548852924864,0.11751536284314554
24104.414,-0.926949682798132,-0.9268684351942955,-0.373584045667009,-0.926949682798132,-0.00015627984371603998,-0.00015627984371603998,0.6000000000000001,-0.03879515745535688,-0.00837975401035709,0.0,0.36815538909255385,0.258430608575021,-0.24883469785803528,0.06976870781629832,0.0,0.6000000000000001,0.3476994678523579,-0.3443838841436909,0.04790261252706107
24104.811,-0.925127861182849,-0.9270196201268881,-0.3737945051906095,-0.925127861182849,0.003638800138869947,0.003638800138869947,0.65,-0.048705830437391975,-0.013375838683868772,0.0,0.3988350048502667,0.2035786625360888,-0.17678369976618682,0.10095442207729903,0.0,0.65,0.36884431301607656,-0.36720805603134904,-0.03470404630556921
24105.181,-0.926570752751218,-0.9271605229607882,-0.37399063401552723,-0.926570752751218,0.0011344235623928073,0.0011344235623928073,0.7000000000000001,-0.05730333657069849,-0.01965504444374959,0.0,0.4295146206079795,0.165811175649326,-0.14190018365534138,0.08577694240757257,0.0,0.7000000000000001,0.38891864776332574,-0.3682105261932514,-0.12521470751689984
24105.551,-0.926615377502528,-0.9273014257946883,-0.3741867461199391,-0.926615377502528,0.0013196145463726166,0.0013196145463726166,0.75,-0.06533266030862632,-0.02756221606770173,0.0,0.46019423636569234,0.17922987703363982,-0.1604017410130502,0.0799664323418022,0.0,0.75,0.40780843315026344,-0.3450218489995345,-0.21741122754222084
24105.922,-0.926485958681751,-0.9274427094470603,-0.3743833714687028,-0.926485958681751,0.0018403110124793197,0.0018403110124793197,0.8,-0.0707449370334266,-0.03622140776111443,0.0,0.4908738521234052,0.23447479270470942,-0.19579486750902847,0.12900696985449447,0.0,0.8,0.42540270208432424,-0.2971314858290214,-0.30443445775680905
24106.292,-0.92764904716187,-0.9275836122809622,-0.3745794500868911,-0.92764904716187,-0.0001258640560334489,-0.0001258640560334489,0.8500000000000001,-0.07168613493037804,-0.044024247614118425,0.0,0.521553467881118,0.296503411669949,-0.1878003759090489,0.22944561869937538,0.0,0.8500000000000001,0.4415936937798983,-0.22604389929863997,-0.3793535896443329
24106.662,-0.927634521594787,-0.9277245151148623,-0.3747755119845664,-0.927634521594787,0.00017310262196953432,0.00017310262196953432,0.9,-0.07282915817309678,-0.053092456308187555,0.0,0.5522330836388308,0.34361241189659997,-0.1012834134314241,0.32834609754507194,0.0,0.9,0.4562770675705042,-0.13525884365494473,-0.4357680662965858
24107.059,-0.926113313623878,-0.9278757000474549,-0.37498586250656274,-0.926113313623878,0.003389951971978746,0.003389951971978746,0.9500000000000001,-0.07182531171630542,-0.061581226632767376,0.0,0.5829126993965437,0.3649054362907695,0.04310903426238411,0.3623500912094841,0.0,0.9500000000000001,0.46935216759916404,-0.03007112105662745,-0.4683878573452043
24107.43,-0.926297290148514,-0.9280169836998251,-0.3751824195237745,-0.926297290148514,0.003307832191327545,0.003307832191327545,1.0,-0.06717266202436419,-0.06717266202436419,0.0,0.6135923151542565,0.35615486680082725,0.18144338821192746,0.30647118301740994,0.0,1.0,0.4807223197538769,0.08279833190180065,-0.4735381557423097
24107.8,-0.927466758371932,-0.9281578865337252,-0.3753784299945906,-0.927466758371932,0.0013293856804717174,0.0013293856804717174,1.05,-0.06031748595385741,-0.06982502967733419,0.0,0.6442719309119693,0.3192623429746159,0.2534190210173087,0.19418353027038668,0.0,1.05,0.49029514827908105,0.19571218681902666,-0.44953984512668116
24108.197,-0.927340010469201,-0.9283090714663178,-0.37558872533694654,-0.927340010469201,0.0018639897551392744,0.0018639897551392744,1.1,-0.050203671103730974,-0.06682108623906595,0.0,0.6749515466696822,0.26395429066678455,0.24735684789908494,0.09212197001168797,0.0,1.1,0.49798290335008116,0.3007256022898162,-0.3969270514293572
24108.541,-0.92736956092125,-0.9284400730199991,-0.3757709304196837,-0.92736956092125,0.0020591310461960913,0.0020591310461960913,1.1500000000000001,-0.03730912894611274,-0.05674252148591923,0.0,0.705631162427395,0.21299198430109356,0.2074007498628773,0.048482103222049794,0.0,1.1500000000000001,0.5037027934401667,0.3902421649325259,-0.31847693296093277
24108.938,-0.927898690586207,-0.9285912579525881,-0.3759811898322454,-0.927898690586207,0.001332153991873651,0.001332153991873651,1.2000000000000002,-0.026251104817294358,-0.04536190912428467,0.0,0.7363107781851077,0.20414426510605357,0.19634922088142942,0.055873647052490844,0.0,1.2000000000000002,0.5073773180677342,0.4576589694001847,-0.21904339893538818
24109.335,-0.928202529126766,-0.9287424428851807,-0.3761914299949609,-0.928202529126766,0.0010385246308931592,0.0010385246308931592,1.25,-0.01310554913701604,-0.025596775658234455,0.0,0.7669903939428205,0.2502100940859642,0.24316335754969634,0.05896331679667945,0.0,1.25,0.5089345978104117,0.49794226373983425,-0.10520421488749833
24109.706,-0.927348097617387,-0.9288837265375509,-0.3763878838804402,-0.927348097617387,0.002953783697205282,0.002953783697205282,1.3,-0.0007391336418311133,-0.001623876611102956,0.0,0.7976700097005334,0.31765248882672964,0.3176473129329733,0.0018133516695125523,0.0,1.3,0.5083086995340347,0.5080798370922609,0.015251660968011234
24110.05,-0.928501400704622,-0.9290147280912322,-0.37657002556252905,-0.928501400704622,0.0009873857192898667,0.0009873857192898667,1.35,0.013196706163498193,0.03246884592701687,0.0,0.8283496254582462,0.3748585511506122,0.3541145129719296,-0.122970911492878,0.0,1.35,0.5054399557733178,0.487366184611615,0.13395428693868144
24110.447,-0.928296469383577,-0.9291659130238248,-0.37678021180631305,-0.928296469383577,0.001672375673889087,0.001672375673889087,1.4000000000000001,0.029142984641911836,0.0799683498574061,0.0,0.859029241215959,0.40455439283164296,0.30621649112434396,-0.2643779819176965,0.0,1.4000000000000001,0.5002752782735804,0.4374906742867154,0.24264637636664474
24110.791,-0.928663104594424,-0.9292969145775061,-0.3769623223552685,-0.928663104594424,0.0012191341088795622,0.0012191341088795622,1.4500000000000002,0.03974341734937922,0.12116277571675128,0.0,0.8897088569736719,0.3998043360782486,0.18805257194190603,-0.3528168608967029,0.0,1.4500000000000002,0.49276846704079297,0.3624162643147357,0.33387904017755393
24111.161,-0.929025153208329,-0.9294378174114062,-0.37715818094059017,-0.929025153208329,0.0007937599894507497,0.0007937599894507497,1.5,0.04877147835043471,0.16460373943271714,0.0,0.9203884727313847,0.36460600596284176,0.06537398237110568,-0.35869734040429985,0.0,1.5,0.4828805181082775,0.2680552573708851,0.40164657818080196
24111.532,-0.928932517769077,-0.9295791010637764,-0.3773545520850732,-0.928932517769077,0.0012437035859967965,0.0012437035859967965,1.55,0.06112732934590328,0.2276305335679756,0.0,0.9510680884890975,0.3204440198771788,0.0004426050534473457,-0.32044371420861484,0.0,1.55,0.4705799360257309,0.16176741845667256,0.4419013221476541
24111.902,-0.928847258076022,-0.9297200038976783,-0.3775503771841855,-0.928847258076022,0.001678727422987894,0.001678727422987894,1.6,0.06402794108738835,0.26225844669394277,0.0,0.9817477042468103,0.31438776421793135,-0.005819158892767239,-0.3143339047569166,0.0,1.6,0.45584306152436227,0.05172277734546033,0.4528991621140135
24112.247,-0.928908705455992,-0.9298513862698297,-0.37773295579366106,-0.928908705455992,0.0018132474473615855,0.0018132474473615855,1.6500000000000001,0.06513002395979914,0.2925722088804128,0.0,1.012427320004523,0.38641069834445446,-0.023822520610342564,-0.3856756607653882,0.0,1.6500000000000001,0.43865443221244516,-0.05381504072157904,0.43534084610998475
24112.617,-0.92881356050712,-0.9299922891037298,-0.37792874858150327,-0.92881356050712,0.0022672855833711794,0.0022672855833711794,1.7000000000000002,0.06646412547056359,0.32653824843687895,0.0,1.043106935762236,0.5162480876378475,-0.14200619362003722,-0.49633288120301183,0.0,1.7000000000000002,0.4190072069891683,-0.14722041083319445,0.3922922254429333
24112.988,-0.929388613266423,-0.9301335727561018,-0.3781250537507077,-0.929388613266423,0.0014329302911648143,0.0014329302911648143,1.75,0.06082956048289936,0.32600842571303873,0.0,1.0737865515199487,0.6615749924428793,-0.3868358126409655,-0.5366931382868609,0.0,1.75,0.3969037080755443,-0.2221847457841196,0.3288867468065003
24113.358,-0.929591258964287,-0.9302744755900036,-0.37832081305234766,-0.929591258964287,0.0013141678332589364,0.0013141678332589364,1.8,0.057275590256200604,0.334031242374162,0.0,1.1044661672776617,0.7901409311823614,-0.6801538624188043,-0.40213606474240965,0.0,1.8,0.3723561785003218,-0.2742787468718885,0.2518338592837548
24113.729,-0.92946531195401,-0.9304157592423739,-0.3785170846448267,-0.92946531195401,0.001828186268543519,0.001828186268543519,1.85,0.04942894573629649,0.3129655485475783,0.0,1.1351457830353744,0.8790469593680241,-0.8753747785392679,-0.0802655210628839,0.0,1.85,0.3453879404586434,-0.30134296704256236,0.16877572582646053
24114.1,-0.930229059713649,-0.9305570428947441,-0.3787133394262838,-0.930229059713649,0.0006308759626464404,0.0006308759626464404,1.9000000000000001,0.04329116148206367,0.2969340766054748,0.0,1.1658253987930873,0.9127947580751948,-0.8545927099023853,0.32072662900241206,0.0,1.9000000000000001,0.3160353252963971,-0.3036664919429241,0.0875499200815028
24114.47,-0.930607662661475,-0.930697945728646,-0.37890904847603224,-0.930607662661475,0.00017365956608501976,0.00017365956608501976,1.9500000000000002,0.032183515896513984,0.23863674743316418,0.0,1.1965050145508,0.8839882483843047,-0.6169849331848616,0.6330598830319475,0.0,1.9500000000000002,0.284351166967706,-0.283932422682949,0.015426130599972918
24114.841,-0.930492291205851,-0.9308392293810179,-0.3791052696807782,-0.930492291205851,0.0006673359118796267,0.0006673359118796267,2.0,0.024577799758064244,0.19662239806451395,0.0,1.227184630308513,0.795858196564204,-0.2878236652952547,0.7419890880157419,0.0,2.0,0.25041169373651184,-0.24693026516553948,-0.041610821972955264
24115.212,-0.930852810638182,-0.9309805130333881,-0.3793014740745235,-0.930852810638182,0.0002456356793629392,0.0002456356793629392,2.0500000000000003,0.008733063053248077,0.07523642983661387,0.0,1.2578642460662257,0.667962543829439,-0.033121314246446,0.6671408685590199,0.0,2.0500000000000003,0.21433152825150548,-0.19905738248389782,-0.07946170449521645
24115.582,-0.931375589553712,-0.9311214158672882,-0.3794971328723449,-0.931375589553712,-0.0004889033290262491,-0.0004889033290262491,2.1,-0.008049833022164487,-0.07454950361826532,0.0,1.2885438618239387,0.5497391713942569,0.061651890448973984,0.5462711789663737,0.0,2.1,0.1763006004745349,-0.1476523207621733,-0.09633635814803188
24115.953,-0.931315368966845,-0.931262699519662,-0.37969330368937193,-0.931315368966845,-0.0001013097320498787,-0.0001013097320498787,2.15,-0.024977819083696253,-0.24823893273592973,0.0,1.3192234775816514,0.5293731630850946,0.05639111555077577,0.5263610812756365,0.0,2.15,0.13669129623119886,-0.10022011304560707,-0.0929539639095133
24116.324,-0.93060687333966,-0.9314039831720322,-0.3798894576953842,-0.93060687333966,0.001533241525232458,0.001533241525232458,2.2,-0.03719626386389422,-0.3960658176227458,0.0,1.3499030933393643,0.6502180537351961,0.10885947307292534,0.6410406637066571,0.0,2.2,0.09645261746541879,-0.06362188682447815,-0.07249388203720161
24116.694,-0.931355358083676,-0.9315448860059323,-0.3800850662412856,-0.931355358083676,0.000364557139797969,0.000364557139797969,2.25,-0.05202902381163737,-0.5926430993544319,0.0,1.380582709097077,0.8443663910525735,0.343520613934039,0.7713288469527951,0.0,2.25,0.05915301872270398,-0.04330694757126835,-0.04029377018929827
24117.065,-0.930619492080633,-0.9316861696583043,-0.38028118667059374,-0.930619492080633,0.0020517553412341756,0.0020517553412341756,2.3000000000000003,-0.05669512925266841,-0.6898096376172167,0.0,1.41126232485479,1.0350948707142311,0.7348879575989404,0.7289451839164376,0.0,2.3000000000000003,0.042792874467225385,-0.042664226661287746,-0.003315700312448929
24117.409,-0.931659853778291,-0.9318171712119856,-0.380463019164182,-0.931659853778291,0.0003026002342309121,0.0003026002342309121,2.35,-0.06664322799130822,-0.8648874824676992,0.0,1.4419419406125027,1.174037119468899,1.1012540872558811,0.40694298518717104,0.0,2.35,0.0696335407279906,-0.06256144093499368,0.030576070749100917
24117.78,-0.931956301159607,-0.9319584548643558,-0.3806591071949015,-0.931956301159607,4.1426531448847475e-06,4.1426531448847475e-06,2.4000000000000004,-0.07084081712775556,-0.9793034559740933,0.0,1.4726215563702154,1.231156055625307,1.225584376968921,-0.11699644538431729,0.0,2.4000000000000004,0.11438748158509728,-0.10112504830496448,0.053462328313491625
24118.177,-0.931959081332636,-0.9321096397969466,-0.3808689186244578,-0.931959081332636,0.00028959935015376105,0.00028959935015376105,2.45,-0.07388763746347023,-1.0866008324924763,0.0,1.5033011721279284,1.1902185639767446,1.0202304131339903,-0.6129846116757838,0.0,2.45,0.16445965131136137,-0.15379326851500752,0.05826326002658421
24118.522,-0.931571780309732,-0.9322410221690998,-0.3810512328233031,-0.931571780309732,0.0012872873568159486,0.0012872873568159486,2.5,-0.07005141790705097,-1.0945534047976713,0.0,1.533980787885641,1.05042251576337,0.6084893821905547,-0.8562290192372625,0.0,2.5,0.21728768593622425,-0.21364978773409815,0.0395942756051178
24118.919,-0.931366994570134,-0.9323922071016906,-0.38126100827456355,-0.931366994570134,0.0019719972853591405,0.0019719972853591405,2.5500000000000003,-0.06482488771233641,-1.0748857724911425,0.0,1.564660403643354,0.8358315556870584,0.2488230747034013,-0.7979357536652896,0.0,2.5500000000000003,0.2720750552678874,-0.2720194073593791,-0.005502519320835591
24119.29,-0.93206770470529,-0.9325334907540608,-0.3814570278831013,-0.93206770470529,0.0008959399104687186,0.0008959399104687186,2.6,-0.05696067345122998,-1.0011407965788182,0.0,1.5953400194010667,0.6326607926447371,0.14418515912604224,-0.6160116219988587,0.0,2.6,0.3284417267122056,-0.31928118910730086,-0.07702915115670916
24119.661,-0.931813363492535,-0.9326747744064328,-0.3816530306806243,-0.931813363492535,0.0016569247170693077,0.0016569247170693077,2.6500000000000004,-0.04800306295716597,-0.8933190004842502,0.0,1.6260196351587797,0.6523304761953108,0.2736817409466516,-0.592143018911488,0.0,2.6500000000000004,0.3861396227607653,-0.3458319731581078,-0.17176744338609662
24120.031,-0.932832369129137,-0.9328156772403329,-0.3818484884256037,-0.932832369129137,-3.2106864085375924e-05,-3.2106864085375924e-05,2.7,-0.03355715951533037,-0.6605055707402478,0.0,1.6566992509164924,0.9694820674275314,0.3806282835404501,-0.8916375882793476,0.0,2.7,0.4449704523113033,-0.3431156976157562,-0.2833201748548429
24120.429,-0.931845397702171,-0.9329672429913938,-0.38205871890111354,-0.931845397702171,0.00215787048718715,0.00215787048718715,2.75,-0.016569884712870003,-0.34460182113796833,0.0,1.6873788666742053,1.4124585842516224,0.1438330739923559,-1.4051161158608947,0.0,2.75,0.5047564092770342,-0.30462352662337877,-0.4024717875004167
24120.8,-0.933693372683365,-0.9331085266437658,-0.3822546700874696,-0.933693372683365,-0.001124951916742422,-0.001124951916742422,2.8000000000000003,0.0012272269867658768,0.026940086813484535,0.0,1.718058482431918,1.8705662384677209,-0.5781931404251244,-1.7789633905341085,0.0,2.8000000000000003,0.5653281508788038,-0.22676763372301265,-0.5178536071822935
24121.17,-0.932716892857235,-0.9332494294776659,-0.3824500763603993,-0.932716892857235,0.0010243346989229274,0.0010243346989229274,2.85,0.021182131496245336,0.49034780977302034,0.0,1.748738098189631,2.287384386261117,-1.6044867841475574,-1.6302605589312948,0.0,2.85,0.6265194089199421,-0.1095381210059983,-0.6168694917078238
24121.541,-0.933348196460744,-0.9333907131300379,-0.3826459939700442,-0.933348196460744,8.178085406620131e-05,8.178085406620131e-05,2.9000000000000004,0.042758374406562424,1.0428339934016515,0.0,1.7794177139473437,2.6281138736571625,-2.5017932351687238,-0.8049926343596358,0.2499999999999989,2.9000000000000004,0.6881644758366232,0.04313225198848206,-0.6868114403836736
24121.912,-0.933422462309358,-0.9335319967824081,-0.38284189476866004,-0.933422462309358,0.00021068966371297796,0.00021068966371297796,2.95,0.06126560431063603,1.5728335684642651,0.0,1.8100973297050567,2.8732184426059946,-2.829272115688924,0.50060315052578,0.7500000000000011,2.95,0.7500970625618795,0.22334811339700492,-0.7160734763318347
24122.257,-0.932321980090954,-0.9336633791545612,-0.38302405158525943,-0.932321980090954,0.0025801823822818293,0.0025801823822818293,3.0,0.07671895633682922,2.071411821094389,0.0,1.8407769454627694,3.0189664021829783,-2.391902941480422,1.8419984951261332,1.0,3.0,0.8121498654752765,0.4196003136537719,-0.6953581672585474
24122.628,-0.932848490291596,-0.9338046628069314,-0.3832199199399753,-0.932848490291596,0.0018391987481012537,0.0018391987481012537,3.0500000000000003,0.09147404824778879,2.5953588681664193,0.0,1.8714565612204823,3.079190256543992,-1.3295427902734978,2.777360006341853,1.0,3.0500000000000003,0.8741545262553432,0.617475477700857,-0.6187650363512809
24122.998,-0.933763962618727,-0.9339455656408315,-0.3834152436045599,-0.933763962618727,0.0003493135867735796,0.0003493135867735796,3.1,0.09881517173194647,2.9438027810664176,0.0,1.902136176978195,3.086168207003053,0.008510320978404415,3.0861564730831916,1.0,3.1,0.9359418236309126,0.8006853035951531,-0.4846546624435752
24123.369,-0.933577705302255,-0.9340868492932035,-0.3836110783825575,-0.933577705302255,0.000979338953731829,0.000979338953731829,3.1500000000000004,0.0982895671566606,3.07212642485269,0.0,1.932815792735908,3.088294609206748,1.2916396812675146,2.805214880723153,1.0,3.1500000000000004,0.9973420104129637,0.9523438076643909,-0.2961964850194241
24123.714,-0.934885174036104,-0.9342182316653549,-0.38379317380532285,-0.934885174036104,-0.0012828642882578946,-0.0012828642882578946,3.2,0.08347020922166838,2.7351518157756303,0.0,1.9634954084936207,3.1411162589386112,2.352291741997038,2.0816663788179497,1.0,3.2,1.0581852469626842,1.0563947686797512,-0.06153137082441809
24124.085,-0.934109022446644,-0.9343595153177251,-0.3839889761394417,-0.934109022446644,0.0004818232771929384,0.0004818232771929384,3.25,0.06639557499855075,2.279235597997125,0.0,1.9941750242513334,3.290685648867416,3.1367589543039185,0.9946634115398817,1.0,3.25,1.118302102418889,1.0990730459377103,0.20648978659418324
24124.456,-0.934297921764102,-0.9345007989700953,-0.3841847616625458,-0.934297921764102,0.000390234499838462,0.000390234499838462,3.3000000000000003,0.04262366684952977,1.531766715571552,0.0,2.024854640009046,3.5576443319888136,3.526108717714827,-0.47264204614870103,1.0,3.3000000000000003,1.1775241062695665,1.0702741777815516,0.49099511730766215
24124.827,-0.934102320875349,-0.9346420826224673,-0.38438053037463504,-0.934102320875349,0.0010382322370192294,0.0010382322370192294,3.35,0.015404185124857864,0.5791261163384533,0.0,2.055534255766759,3.935722250670785,3.223498899010492,-2.2580886790609567,1.0,3.35,1.2356843394119508,0.9647079089293027,0.7721751337081513
24125.198,-0.934130060492617,-0.9347833662748393,-0.3845762822757166,-0.934130060492617,0.0012566342971790266,0.0012566342971790266,3.4000000000000004,-0.01173395502813711,-0.4611913684259011,0.0,2.086213871524472,4.405060204291013,1.8772416361164532,-3.9850369186569914,1.0,3.4000000000000004,1.2926180578312638,0.7827233800890013,1.0286911848040292
24125.542,-0.934949275601999,-0.9349143678285206,-0.38475777306118886,-0.934949275601999,-6.714513568515848e-05,-6.714513568515848e-05,3.45,-0.032668973950975205,-1.3415064954576146,0.0,2.116893487282185,4.946815071790409,-0.577877367622667,-4.912945868059433,1.0,3.45,1.3481633445634853,0.5307160483521663,1.2393082262480404
24125.913,-0.934683600138718,-0.9350556514808908,-0.38495349256369593,-0.934683600138718,0.0007156411126432753,0.0007156411126432753,3.5,-0.04939387899624913,-2.1177625619641813,0.0,2.1475731030398975,5.5495344222144105,-3.5941363950625362,-4.228417656408779,1.0,3.5,1.4021617873075687,0.22105749170102146,1.3846267595090052
24126.311,-0.93596504459617,-0.9352072172319534,-0.3851634371128725,-0.93596504459617,-0.0014576816601500956,-0.0014576816601500956,3.5500000000000003,-0.05926873448140906,-2.65161650337195,0.006155829702431202,2.1782527187976104,6.207281638149768,-6.002242815997844,-1.582222017642761,1.0,3.5500000000000003,1.4544591802667066,-0.128473222464579,1.448774012112195
24126.682,-0.934497934025492,-0.9353485008843236,-0.38535912176989484,-0.934497934025492,0.0016360661667741577,0.0016360661667741577,3.6,-0.06242845445565927,-2.912661971083239,0.02447174185242326,2.2089323345553233,6.913386010928057,-6.461990144056817,2.4571506901710993,1.0,3.6,1.5049062497310945,-0.49573690154143824,1.4209108856398427
24127.053,-0.935869881816181,-0.9354897845366938,-0.3855547896159166,-0.935869881816181,-0.0007311174807657824,-0.0007311174807657824,3.6500000000000004,-0.05897135759117284,-2.8676075770056615,0.05449673790581632,2.2396119503130363,7.6538177434317864,-4.202367145510329,6.396955246365775,1.0,3.6500000000000004,1.553359403690281,-0.8556994521004466,1.2964196406673343
24127.424,-0.935541051643607,-0.9356310681890658,-0.38575044065091646,-0.935541051643607,0.0001731469113167053,0.0001731469113167053,3.7,-0.055092818874364166,-2.7906165544431683,0.09549150281252644,2.270291566070749,8.40310812195214,0.3717814169832573,8.394879670799574,1.0,3.7,1.5996815064589618,-1.182216260298826,1.0776574761917033
24127.821,-0.935580283406553,-0.9357822531216566,-0.3859597844597076,-0.935580283406553,0.00038848894024393174,0.00038848894024393174,3.75,-0.04779292308310941,-2.5203299282108476,0.14644660940672624,2.3009711818284617,9.124076972541378,5.629803824716318,7.180117651965693,1.0,3.75,1.643742679965961,-1.4500058550182513,0.7741918485456104
24128.193,-0.935942582564964,-0.9359239175924969,-0.3861559279393205,-0.935942582564964,-3.5902092398782076e-05,-3.5902092398782076e-05,3.8000000000000003,-0.038769199205601054,-2.1273434988097417,0.2061073738537638,2.3316507975861747,9.771011445134025,9.355941073727232,2.8176286635899768,1.0,3.8000000000000003,1.6854211340249383,-1.636661351656623,0.4024723829176667
24128.564,-0.936731568864751,-0.9360652012448689,-0.38635152731782796,-0.936731568864751,-0.001281758754415072,-0.001281758754415072,3.85,-0.03008794704882541,-1.7170175912551764,0.2730047501302266,2.3623304133438876,10.295026662917042,9.798368689998505,-3.159041785894863,1.0,3.85,1.724604028598712,-1.7245382598881642,-0.015061395712554507
24128.935,-0.936107272863695,-0.9362064848972409,-0.3865471098853348,-0.936107272863695,0.0001908344414503442,0.0001908344414503442,3.9000000000000004,-0.024995060331653763,-1.48268198381337,0.34549150281252683,2.3930100291016,10.650216694391279,6.566179677972776,-8.385248957190718,1.0,3.9000000000000004,1.7611883718002543,-1.7023603021073925,-0.4513910530496343
24129.306,-0.936767322676893,-0.9363477685496111,-0.38674267564182685,-0.936767322676893,-0.0008070127652507247,-0.0008070127652507247,3.95,-0.01848757696225774,-1.1393870572368243,0.42178276747988486,2.423689644859313,10.799503709672654,0.8653619606588119,-10.764777241182381,1.0,3.95,1.795081958148675,-1.5664011501507173,-0.8767591877348027
24129.677,-0.936033293201313,-0.9364890522019813,-0.3869382245873041,-0.936033293201313,0.0008766528738498283,0.0008766528738498283,4.0,-0.015085131860852889,-0.9654484390945849,0.5000000000000001,2.454369260617026,10.719458017604603,-5.070554336879847,-9.444377105343506,1.0,4.0,1.8262043524164295,-1.3211285710120897,-1.2608099125721786
24130.048,-0.937606294256995,-0.9366303358543533,-0.3871337567217594,-0.937606294256995,-0.00187725692126587,-0.00187725692126587,4.05,-0.008202192687498593,-0.5448726855046174,0.578217232520115,2.4850488763747385,10.403647277893377,-9.042386944579292,-5.145008749003276,1.0,4.05,1.8544879252543844,-0.9792364480413766,-1.5748718816912124
24130.393,-0.936455450738402,-0.9367617182265047,-0.3873155707104914,-0.936455450738402,0.0005891058063983332,0.0005891058063983332,4.1000000000000005,-0.008579349579837648,-0.5912973523919908,0.6545084971874745,2.5157284921324514,9.864277375602667,-9.859886228419606,0.2942986670849981,1.0,4.1000000000000005,1.8798789476419866,-0.5610366584222203,-1.7942081054587764
24130.764,-0.936757735284286,-0.9369030018788749,-0.3875110704010609,-0.936757735284286,0.0002794204336809812,0.0002794204336809812,4.15,-0.004655183007347831,-0.33272164077779937,0.7269952498697739,2.5464081078901644,9.132041916233206,-7.731291183257279,4.86017758929944,1.0,4.15,1.9023387520422672,-0.09323327260208455,-1.9000527056904595
24131.135,-0.937586877905621,-0.9370442855312469,-0.38770655328061565,-0.937586877905621,-0.0010436769512540917,-0.0010436769512540917,4.2,0.0029864794044969618,0.22126228612037094,0.7938926261462367,2.5770877236478773,8.254212196976486,-3.935469189445079,7.255625490034879,1.0,4.2,1.921844968884766,0.39284800923238533,-1.8812651397583062
24131.506,-0.937058476528114,-0.9371855691836188,-0.3879020193491556,-0.937058476528114,0.0002444628444641264,0.0002444628444641264,4.25,0.00865928259028088,0.6647352400945307,0.8535533905932737,2.60776733940559,7.29104563404536,-0.052235814678039234,7.290858513055703,1.0,4.25,1.9383928475618317,0.8634559792197091,-1.735456886075998
24131.877,-0.936887033170983,-0.937326852835989,-0.3880974686066878,-0.936887033170983,0.0008459935464529571,0.0008459935464529571,4.3,0.020440089797624295,1.6251302195397146,0.9045084971874736,2.6384469551633027,6.310493537571103,2.7734786966910465,5.6683458439590275,1.0,4.3,1.9519966713706007,1.284878174601868,-1.4694825897143786
24132.275,-0.937754497372107,-0.9374784185870499,-0.3883071232434716,-0.937754497372107,-0.0005310378072059425,-0.0005310378072059425,4.3500000000000005,0.030107707381294136,2.4782519542130426,0.9455032620941842,2.6691265709210157,5.380862682746592,4.163349525601527,3.4088420230700622,1.0,4.3500000000000005,1.9626912755725945,1.6259890350796764,-1.0992345978040543
24132.646,-0.937641761106928,-0.9376197022394219,-0.38850253765554044,-0.937641761106928,-4.243025275354443e-05,-4.243025275354443e-05,4.4,0.04030515234946229,3.4333540977365966,0.9755282581475768,2.6998061866787286,4.560678134985139,4.367733749700563,1.3125116923891316,1.0,4.4,1.970533676707458,1.8606848872705746,-0.6487331665030713
24133.044,-0.937873024535403,-0.9377712679904828,-0.3887121549109338,-0.937873024535403,-0.00019572881151330734,-0.00019572881151330734,4.45,0.04434549608634544,3.907775003811858,0.9938441702975689,2.730485802436441,3.885637967296425,3.8763836871978503,-0.268014780416851,1.0,4.45,1.9756048191206526,1.9700112303178479,-0.14856026977057332
24133.415,-0.937452248669738,-0.937912551642853,-0.388907534477525,-0.937452248669738,0.0008853932091987814,0.0008853932091987814,4.5,0.04568779875503866,4.163300661552897,1.0,2.761165418194154,3.3566061980865385,3.083234807063362,-1.3268263991743299,1.0,4.5,1.9780114408562819,1.943805994602914,0.36626153975556924
24133.787,-0.937356786147147,-0.9380542161136951,-0.38910342379463003,-0.937356786147147,0.0013415072079472836,0.0013415072079472836,4.55,0.04256357939807357,4.009334886323212,1.0,2.791845033951867,2.938808691083318,2.182634515505338,-1.9679184674451384,1.0,4.55,1.9778880549846585,1.7817152706829271,0.8587967467720519
24134.184,-0.938222581698379,-0.9382054010462859,-0.38931245907264866,-0.938222581698379,-3.304700073931898e-05,-3.304700073931898e-05,4.6000000000000005,0.034907640164760244,3.397770063077104,1.0,2.82252464970958,2.5794378923509766,1.26146942222882,-2.249932162816856,1.0,4.6000000000000005,1.9753990332663012,1.493483228296516,1.292945933682632
24134.582,-0.938425792764316,-0.9383569667973468,-0.38952200156523986,-0.938425792764316,-0.0001323868133170984,-0.0001323868133170984,4.65,0.025753949785555185,2.589421223457477,1.0,2.8532042654672924,2.2347753814889506,0.4211596442461845,-2.1947313183548256,1.0,4.65,1.970740765806655,1.0984722773501356,1.636208367508676
24134.954,-0.939040128465822,-0.9384986312681889,-0.3897178378598909,-0.939040128465822,-0.0010415703777447874,-0.0010415703777447874,4.7,0.01395367789408386,1.4487126999974687,1.0,2.8838838812250054,1.89081259526702,-0.2059548074382769,-1.8795624192118405,1.0,4.7,1.9641438518793968,0.624428859290906,1.8622431824443046
24135.325,-0.938346517995487,-0.9386399149205591,-0.3899131308792221,-0.938346517995487,0.0005643492660946526,0.0005643492660946526,4.75,0.0054002749656612324,0.5787575935854748,1.0,2.9145634969827183,1.5723892641697377,-0.5455414319094999,-1.4747177845765547,1.0,4.75,1.9558752521652725,0.10556998990552469,1.9530240600832125
24135.723,-0.940770749333994,-0.9387914806716218,-0.39012261790738023,-0.940770749333994,-0.003807125165811734,-0.003807125165811734,4.800000000000001,-0.005980510970253765,-0.6613966692223047,1.0,2.945243112740431,1.3411407379177687,-0.6641474441023117,-1.1651466222733444,1.0,4.800000000000001,1.9462403001416466,-0.4198789475295257,1.9004086337724695
24136.094,-0.939535187413781,-0.938932764323992,-0.3903178760812338,-0.939535187413781,-0.0011587613895997606,-0.0011587613895997606,4.8500000000000005,-0.013143778188598975,-1.4994964338403995,1.0,2.9759227284981438,1.2619887501927478,-0.7411534801736285,-1.0214240668985497,1.0,4.8500000000000005,1.9355844295569677,-0.9125181505497589,1.7069849761672244
24136.465,-0.939510504752972,-0.9390740479763622,-0.3905131174440726,-0.939510504752972,-0.0008395250274053043,-0.0008395250274053043,4.9,-0.016564913858315676,-1.9488455505169815,1.0,3.0066023442558567,1.3280593472317184,-0.93332818679134,-0.9447963407583285,1.0,4.9,1.924294426059906,-1.3347683472750538,1.386110564593548
24136.837,-0.938906068458136,-0.9392157124472043,-0.3907088681849231,-0.938906068458136,0.0005956005092362609,0.0005956005092362609,4.95,-0.019924101834602807,-2.416542010751659,1.0,3.0372819600135696,1.4522630224744777,-1.2429547124755278,-0.7510868586132922,1.0,4.95,1.912798956039125,-1.653798031004266,0.9611201375846723
24137.208,-0.939645990396844,-0.9393569960995745,-0.3909040758804281,-0.939645990396844,-0.0005558808073040765,-0.0005558808073040765,5.0,-0.022954661287872442,-2.8693326609840555,1.0,3.067961575771282,1.5452597982107967,-1.5087284733708624,-0.33401532540663353,0.7500000000000043,5.0,1.9015680691490904,-1.8441538304390455,0.4637432169686111
24137.579,-0.9398319043501,-0.9394982797519464,-0.39109926676490403,-0.9398319043501,-0.0006417272337560995,-0.0006417272337560995,5.050000000000001,-0.024046820687263437,-3.096932925113527,1.0,3.098641191528995,1.5547226527612918,-1.537780800772564,0.22889459535865123,0.2500000000000022,5.050000000000001,1.8911113211826147,-1.8898824117295316,-0.06816523263675951
24137.951,-0.940176603820095,-0.9396399442227867,-0.39129496689135124,-0.940176603820095,-0.001032265248891539,-0.001032265248891539,5.1000000000000005,-0.020348928411134906,-2.699305702665457,1.0,3.129320807286708,1.464808826806276,-1.2733611654741652,0.7240277904554866,3.749399456654644e-33,5.1000000000000005,1.8819741338435763,-1.7859668496142,-0.5934214796714127
24138.322,-0.939503135484318,-0.9397812278751587,-0.39149012410848627,-0.939503135484318,0.0005349109798574209,0.0005349109798574209,5.15,-0.019524985834938436,-2.666934899556847,1.0,3.160000423044421,1.2933411279268419,-0.8543514732191373,0.9709865258567522,0.0,5.15,1.8747320151696778,-1.5389495948500471,-1.0706326509186224
24138.694,-0.941431238541505,-0.939922892345999,-0.39168579047684204,-0.941431238541505,-0.0029013053502220383,-0.0029013053502220383,5.2,-0.013661472911701127,-1.920912383168472,1.0,3.1906800388021335,1.0978400637432617,-0.5078764118141077,0.9733007530474,0.0,5.2,1.8699823294851914,-1.1666744537187554,-1.4614050197077146
24139.065,-0.940594013773187,-0.940064175998371,-0.39188091402664327,-0.940594013773187,-0.0010191434668004866,-0.0010191434668004866,5.25,-0.011875957116411397,-1.718488107110718,1.0,3.2213596545598464,0.9845227576618514,-0.3577852164190326,0.9172103353463057,0.0,5.25,1.868333448306745,-0.6971468889634312,-1.7333943836502939
24139.436,-0.941081369609139,-0.940205459650743,-0.3920760207654439,-0.941081369609139,-0.0016848136430341711,-0.0016848136430341711,5.300000000000001,-0.006879636737529405,-1.0242196785731656,1.0,3.2520392703175593,1.0547956919719415,-0.3110034506052494,1.00790416484614,0.0,5.300000000000001,1.8703913447351943,-0.16658035183076353,-1.862958606315306
24139.808,-0.941072609368105,-0.9403471241215833,-0.392271636519375,-0.941072609368105,-0.0013954715658194858,-0.0013954715658194858,5.3500000000000005,-0.0035394189353241674,-0.5419925488482906,1.0,3.2827188860752723,1.2796318810270333,-0.12887342291617557,1.2731258350244299,0.0,5.3500000000000005,1.8767440070752879,0.38323904867840614,-1.8371978390094732
24140.179,-0.94148716227096,-0.9404884077739535,-0.39246670959084184,-0.94148716227096,-0.0019211052305874378,-0.0019211052305874378,5.4,0.0030956808781485256,0.4874582937967795,1.0,3.313398501832985,1.5462414006043905,0.3604013313861861,1.5036533341425782,0.0,5.4,1.887944410134242,0.9080815490325546,-1.6552105594345896
24140.551,-0.94103001971036,-0.9406300722447956,-0.39266229158667443,-0.94103001971036,-0.0007692993326778876,-0.0007692993326778876,5.45,0.00600897190916059,0.9727241103185413,1.0,3.3440781175906977,1.7653490568382082,1.0777388364636586,1.398190363597715,0.0,5.45,1.9044931333227193,1.3646661458952263,-1.328450377364867
24140.922,-0.940955848960712,-0.9407713558971658,-0.39285733099080744,-0.940955848960712,-0.00035487258425187594,-0.00035487258425187594,5.5,0.0077728580186242225,1.293209252848605,1.0,3.3747577333484107,1.8837364250525455,1.6995398284622656,0.8124206364563848,0.0,5.5,1.9268219709087309,1.71406083632927,-0.8801354196592759
24141.294,-0.941850009290752,-0.9409130203680078,-0.3930528792285628,-0.941850009290752,-0.001802299089397404,-0.001802299089397404,5.550000000000001,0.011182227782213982,1.9116451705021371,1.0,3.4054373491061236,1.8739156935781471,1.8719462989439761,-0.08588993252074553,0.0,5.550000000000001,1.9552799592504722,1.9248289899213327,-0.3437340230540911
24141.665,-0.940422071556411,-0.941054304020378,-0.3932478849653407,-0.940422071556411,0.0012160997493525028,0.0012160997493525028,5.6000000000000005,0.012454670783275102,2.187239464275641,1.0,3.436116964863836,1.728784297275485,1.4790706507554996,-0.8950112605883771,0.0,5.6000000000000005,1.9901230955969644,1.9756740855033539,0.23937803470437818
24142.037,-0.942305625460438,-0.9411959684912201,-0.3934433994450117,-0.942305625460438,-0.0021344262419960287,-0.0021344262419960287,5.65,0.011998794779178696,2.1641281238115755,1.0,3.466796580621549,1.4598711442305683,0.7524689427032593,-1.2510052949624586,0.0,5.65,2.03150864527971,1.857368281911336,0.8229279684127496
24142.408,-0.941551600334923,-0.9413372521435903,-0.3936383715144629,-0.941551600334923,-0.000412298951114049,-0.000412298951114049,5.7,0.012895089778464205,2.3880803613431216,1.0,3.497476196379262,1.0989875705724879,0.1197370154412788,-1.0924452972144802,0.0,5.7,2.0794943946192967,1.5738006123699368,1.359208802854472
24142.78,-0.942982728822724,-0.9414789166144306,-0.3938338522360354,-0.942982728822724,-0.002892584221480613,-0.002892584221480613,5.75,0.00894180320371616,1.6999206184314768,1.0,3.5281558121369745,0.714909931918507,-0.10752895882666712,-0.7067770042731847,0.0,5.75,2.134042618651599,1.1420444179159093,1.802740260195152
24143.151,-0.942335919100209,-0.9416202002668044,-0.39402879063815277,-0.942335919100209,-0.0013766858608443304,-0.0013766858608443304,5.800000000000001,0.00643820293522678,1.256170651097968,1.0,3.5588354278946874,0.5072709698203488,0.030547760403952618,-0.5063503442842514,0.0,5.800000000000001,2.1950280199304717,0.5914162986119312,2.113853062541493
24143.523,-0.942331872532863,-0.9417618647376447,-0.39422423760164804,-0.942331872532863,-0.0010964105394785711,-0.0010964105394785711,5.8500000000000005,-0.0016532537703375925,-0.3309840913589629,1.0,3.5895150436524004,0.7169482032796876,0.17580815071815914,-0.6950584294338378,0.0,5.8500000000000005,2.2622485525532494,-0.03842504903063537,2.261922197852142
24143.895,-0.942506535214663,-0.941903529208485,-0.394419667663378,-0.942506535214663,-0.0011598826298318192,-0.0011598826298318192,5.9,-0.004605228042746012,-0.9458171301911333,1.0,3.6201946594101133,1.0871206320675113,-0.05363225876024635,-1.085796873032493,0.0,5.9,2.335437915055068,-0.7002179699043304,2.227995747235578
24144.293,-0.941630971419244,-0.9420550949595476,-0.39462873810045096,-0.941630971419244,0.000815802035569993,0.000815802035569993,5.95,-0.009161626312708221,-1.9298496294371343,1.0,3.650874275167826,1.4263399218214206,-0.7266146375879226,-1.2273861417762986,0.0,5.95,2.414278560652878,-1.3424870171643346,2.006606482889293
24144.664,-0.942495055221034,-0.9421963786119179,-0.3948236079444385,-0.942495055221034,-0.0005745047434049518,-0.0005745047434049518,6.0,-0.013192173493545937,-2.8495094746059224,1.0,3.6815538909255388,1.673361759174102,-1.4886356776198357,-0.7642665741634772,0.0,6.0,2.4984142771900406,-1.9133414625229936,1.6066108266339436
24145.036,-0.942930643078058,-0.9423380430827581,-0.3950189861650131,-0.942930643078058,-0.0011398666579512532,-0.0011398666579512532,6.050000000000001,-0.017934094398573235,-3.971417775853851,1.0,3.7122335066832517,1.8039998902436005,-1.7880366843672408,0.23945859632915034,0.0,6.050000000000001,2.587461661197203,-2.3644069673888324,1.0509698096180182
24145.408,-0.942721428499525,-0.9424797075536002,-0.39521434748385076,-0.942721428499525,-0.00046495047076181673,-0.00046495047076181673,6.1000000000000005,-0.01629156964694309,-3.697876770032791,1.0,3.7429131224409646,1.814012872599493,-1.2912431120352321,1.274101223442719,0.0,6.1000000000000005,2.6810200875117434,-2.654598892175993,0.3754642876485954
24145.779,-0.942871429722411,-0.9426209912059704,-0.39540916680417126,-0.942871429722411,-0.0004817187259898034,-0.0004817187259898034,6.15,-0.016451688641159836,-3.8268005608261486,1.0,3.773592738198677,1.7162654580738688,-0.17880421116533854,1.706925943515725,0.0,6.15,2.7786800146408868,-2.753451960837617,-0.37358389034346745
24146.177,-0.943131980563936,-0.9427725569570313,-0.3956181456592631,-0.943131980563936,-0.0006913516517730081,-0.0006913516517730081,6.2,-0.011279419984375354,-2.68820160603621,1.0,3.80427235395639,1.5408208791088567,0.918723201153384,1.236962675734506,0.0,6.2,2.8800296455691132,-2.6437486282572635,-1.1424377225673135
24146.549,-0.943131488508823,-0.9429142214278734,-0.395813455136917,-0.943131488508823,-0.0004179134380849095,-0.0004179134380849095,6.25,-0.006888067432219881,-1.681657087944307,1.0,3.834951969714103,1.3365988224279834,1.3284253636523855,0.14758883874094061,0.0,6.25,2.98466008103567,-2.3232357209184458,-1.8737053088403208
24146.921,-0.943071229047492,-0.9430558858987137,-0.396008747712834,-0.943071229047492,-2.9512561355127023e-05,-2.9512561355127023e-05,6.300000000000001,-0.002099693848569082,-0.5250221477531534,1.0,3.865631585471816,1.1716170160025694,0.8081125319938004,-0.8483163135419085,0.0,6.300000000000001,3.092169165646524,-1.805282452436178,-2.510471154166313
24147.319,-0.942912461304756,-0.9432074516497746,-0.39621767105484906,-0.942912461304756,0.0005674142108861801,0.0005674142108861801,6.3500000000000005,0.00423533032353879,1.0844473292651702,1.0,3.8963112012295285,1.1146262417355701,-0.2599316028611855,-1.0838944693094326,0.0,6.3500000000000005,3.2021642495916702,-1.1184082237021695,-3.0005031122327375
24147.691,-0.943612253846009,-0.9433491161206167,-0.3964129286459368,-0.943612253846009,-0.0005061456665589339,-0.0005061456665589339,6.4,0.0051273835600288255,1.3441128359601968,1.0,3.9269908169872414,1.183036364166749,-1.1113243602255756,-0.4056269287289687,0.0,6.4,3.314264083674154,-0.3046902564618444,-3.30022881993805
24148.036,-0.944481869596781,-0.943480498492768,-0.3965939992089105,-0.944481869596781,-0.0019261382766679986,-0.0019261382766679986,6.45,0.008641817869745225,2.3189119201231887,1.0,3.9576704327449543,1.3254500478098667,-1.1222588704991403,0.7052324842384756,0.0,6.45,3.4281000442636493,0.582856878961861,-3.3781870540464856
24148.407,-0.943631212178043,-0.9436217821451383,-0.3967886994474483,-0.943631212178043,-1.8138677314853565e-05,-1.8138677314853565e-05,6.5,0.01230498390625569,3.379256205255469,1.0,3.988350048502667,1.4762448709957985,-0.24746667229802372,1.455355339854547,0.0,6.5,3.5433168562153248,1.483761424211211,-3.2176927105555575
24148.779,-0.943556850778306,-0.9437634466159803,-0.39698390760541713,-0.943556850778306,0.0003973872914348559,0.0003973872914348559,6.550000000000001,0.011871132004581729,3.335923127414019,1.0,4.01902966426038,1.5932389472060773,0.9397420856175792,1.2865827433218013,0.0,6.550000000000001,3.6595729514757025,2.334200811802814,-2.8185068311699495
24149.151,-0.943951012904992,-0.9439051110868224,-0.3971790988616348,-0.943951012904992,-8.829219116739341e-05,-8.829219116739341e-05,6.6000000000000005,0.016084585881390112,4.624254102556133,1.0,4.049709280018092,1.6594318807095034,1.6383295029861964,0.26380031531460063,0.0,6.6000000000000005,3.7765405724574057,3.0714518957516295,-2.1973715997756575
24149.523,-0.944454302500987,-0.9440467755576627,-0.3973742732161014,-0.944454302500987,-0.0007838784654009388,-0.0007838784654009388,6.65,0.01193548955099442,3.509984291347858,1.0,4.080388895775806,1.676007947643747,1.3674278789742085,-0.9690942350303726,0.0,6.65,3.8939057040519733,3.6383736178099135,-1.3873496492497104
24149.868,-0.944794845689199,-0.9441781579298123,-0.3975552665838009,-0.944794845689199,-0.0011861994952192894,-0.0011861994952192894,6.7,0.011212719471260438,3.3723711463347037,1.0,4.111068511533518,1.655347865513365,0.28735940901621204,-1.6302150551106769,0.0,6.7,4.011367897001997,3.9876037492264422,-0.4359916791103297
24150.24,-0.944049183534126,-0.9443198224006544,-0.397750408361496,-0.944049183534126,0.0005205741187110497,0.0005205741187110497,6.75,0.011384188825750584,3.5011716977695118,1.0,4.1417481272912315,1.6138041872040305,-0.924102315077141,-1.3230264040850923,0.0,6.75,4.128640028242636,4.085167166268758,0.5975597931981679
24150.611,-0.94494216335346,-0.9444611060530264,-0.3979450087308152,-0.94494216335346,-0.0009253141776536367,-0.0009253141776536367,6.800000000000001,0.007754283896761133,2.438194994226397,1.0,4.172427743048944,1.5641195861828574,-1.539270132750089,-0.2777004470726614,0.0,6.800000000000001,4.245448030367062,3.913230705071143,1.6463457800340646
24150.983,-0.945337559534466,-0.9446027705238667,-0.3981401167504046,-0.945337559534466,-0.0014133673649244618,-0.0014133673649244618,6.8500000000000005,0.007150393046706491,2.298273076478485,1.0,4.2031073588066565,1.5095611736572698,-1.2531281377608525,0.8416916343682717,0.0,6.8500000000000005,4.361530612041211,3.471796426922035,2.6399959942742277
24151.355,-0.944081999777106,-0.944744434994707,-0.39833520786822874,-0.944081999777106,0.0012741947748648326,0.0012741947748648326,6.9,0.00563090621495469,1.8498033697685508,1.0,4.23378697456437,1.4429124530410216,-0.3357053308644752,1.4033168843743138,0.0,6.9,4.476638983433143,2.779197149234986,3.509467166633341
24151.7,-0.943941724182813,-0.9448758173668583,-0.3985161240406967,-0.943941724182813,0.0017967291332396046,0.0017967291332396046,6.95,0.0034200506393340597,1.1481191222447122,1.0,4.264466590322082,1.351225013617032,0.6146607482331163,1.2033292159695343,0.0,6.95,4.590536595012703,1.871340301069016,4.191790990465262
24152.072,-0.945277131141963,-0.9450174818377004,-0.3987111825817422,-0.945277131141963,-0.0004994356851782061,-0.0004994356851782061,7.0,0.000593637997330868,0.20361783308448772,1.0,4.295146206079795,1.2238165976049784,1.1063996408147685,0.5230744682914443,0.0,7.0,4.702998893966697,0.7997327549634395,4.63450386959495
24152.444,-0.944823657399331,-0.9451591463085407,-0.3989062242210153,-0.944823657399331,0.0006453132378562334,0.0006453132378562334,7.050000000000001,-0.00012348771867750006,-0.043270420779857564,1.0,4.325825821837508,1.0608293867513687,1.0495858463934562,-0.15404070515879,0.0,7.050000000000001,4.813813099588545,-0.37159583291197174,4.799449249104811
24152.816,-0.945398864685292,-0.945300810779381,-0.39910124895853727,-0.945398864685292,-0.00018860678183652523,-0.00018860678183652523,7.1000000000000005,-0.003995115965533577,-1.4298959503400883,1.0,4.356505437595221,0.883117650027084,0.7150776731693609,-0.5182284294826479,0.0,7.1000000000000005,4.922777997036923,-1.570076449143141,4.665683567491148
24153.188,-0.945822563320025,-0.9454424752502231,-0.39929625679431524,-0.945822563320025,-0.000731099765927418,-0.000731099765927418,7.15,-0.0055039941212023,-2.011852267147327,1.0,4.387185053352934,0.7463302685050647,0.43302820518172974,-0.6078613684088928,0.0,7.15,5.029703747577968,-2.719232104945217,4.2312759952330055
24153.559,-0.945418838579782,-0.945583758902595,-0.39949072358178483,-0.945418838579782,0.00031722439872447315,0.00031722439872447315,7.2,-0.010097570325617082,-3.768897928895925,1.0,4.417864669110647,0.7358780332399879,0.30061848387669976,-0.6716732888516761,0.0,7.2,5.134411712646195,-3.7436518664539653,3.513866010216407
24153.958,-0.945888207041899,-0.9457357054721243,-0.3996998483459251,-0.945888207041899,-0.0002933369153732827,-0.0002933369153732827,7.25,-0.013228123329878114,-5.040948435818708,1.0,4.448544284868359,0.8774999797336506,0.14014469523176046,-0.8662365028275789,0.0,7.25,5.236734288641131,-4.573976552926763,2.5499263720950722
24154.33,-0.946453516231354,-0.9458773699429681,-0.3998948042951014,-0.946453516231354,-0.0011082179369595873,-0.0011082179369595873,7.300000000000001,-0.014829485484855399,-5.7689219548619945,1.0,4.479223900626073,1.0988789808624648,-0.2725336495012874,-1.0645470513184652,0.0,7.300000000000001,5.336514749214735,-5.151562034465946,1.3927664102912207
24154.702,-0.946732975341586,-0.9460190344138084,-0.40008974334251235,-0.946732975341586,-0.001373266057669615,-0.001373266057669615,7.3500000000000005,-0.012358170428842298,-4.9070015756421785,1.0,4.509903516383785,1.3228127060461512,-0.9206758892979185,-0.9498364923199297,0.0,7.3500000000000005,5.43360709182113,-5.432505739264766,0.10939570898465732
24155.074,-0.946366094914122,-0.9461606988846487,-0.400284665488158,-0.946366094914122,-0.00039507945921224554,-0.00039507945921224554,7.4,-0.013207591080461767,-5.35203288798904,1.0,4.540583132141498,1.5008911517210175,-1.4659053256459178,-0.32217359537581247,0.0,7.4,5.527875885437885,-5.390763024727421,-1.223554582369477
24155.446,-0.946663119087839,-0.9463023633554908,-0.40047957073206675,-0.946663119087839,-0.000693913996338159,-0.000693913996338159,7.45,-0.010628709870808458,-4.394903773553871,1.0,4.571262747899211,1.6059762774805952,-1.470835395054705,0.6448279185059369,0.0,7.45,5.619196116585534,-5.020139609051741,-2.5245917100156556
24155.817,-0.946933728239595,-0.946443647007861,-0.40067393520345007,-0.946933728239595,-0.0009426717181437675,-0.0009426717181437675,7.5,-0.009061888461012269,-3.822984194489551,1.0,4.601942363656923,1.6272526290415248,-0.7648288141721951,1.4363105526781137,0.0,7.5,5.707453031039128,-4.335020179417641,-3.7124951374459156
24156.189,-0.947497345421905,-0.9465853114787013,-0.4008688066892674,-0.947497345421905,-0.0017542981623747058,-0.0017542981623747058,7.550000000000001,-0.006450619876098717,-2.776146019129245,1.0,4.632621979414636,1.5697412563516862,0.34477988748952504,1.5314092990037904,0.0,7.550000000000001,5.792541968921424,-3.3697765169669966,-4.71149113205298
24156.561,-0.946567488049489,-0.9467269759495434,-0.4010636612733123,-0.946567488049489,0.0003067751283505697,0.0003067751283505697,7.6000000000000005,-0.006144346361370037,-2.6972205883287743,1.0,4.663301595172349,1.4559445175071357,1.2140751337047258,0.8036143402024001,0.0,7.6000000000000005,5.874368191176683,-2.176885344502863,-5.456131582210703
24156.907,-0.947116556487722,-0.9468587391401648,-0.4012448818174903,-0.947116556487722,-0.0004959119147024904,-0.0004959119147024904,7.65,-0.0033481591075390617,-1.498961206487804,1.0,4.693981210930062,1.3279051489815699,1.2868722855776078,-0.327554278408982,0.0,7.65,5.952846695736893,-0.8238707550777767,-5.895559410426904
24157.279,-0.946857494006389,-0.9470004036110051,-0.40143970377931026,-0.946857494006389,0.00027488676121325585,0.00027488676121325585,7.7,0.002333344938711297,1.0652489649046846,1.0,4.724660826687775,1.2435444887075764,0.5017140477508213,-1.1378426559434631,0.0,7.7,6.02790202200151,0.6107371251781523,-5.99688276947107
24157.651,-0.947214449908036,-0.9471420680818472,-0.4016345088393791,-0.947214449908036,-0.00013922651192825386,-0.00013922651192825386,7.75,0.0028057583622967683,1.3060366776747347,1.0,4.755340442445488,1.2521969065780176,-0.6281410356091993,-1.0832524785235247,0.0,7.75,6.099468042552856,2.0421716983902694,-5.7474381385463715
24157.996,-0.946764468863537,-0.9472734504539968,-0.4018151597163495,-0.946764468863537,0.0009790265762363865,0.0009790265762363865,7.800000000000001,0.006064062822096867,2.8777131403517133,1.0,4.7860200582032,1.3549035151479691,-1.3422154503473556,-0.18498978406703587,0.0,7.800000000000001,6.167487741319374,3.384625279890187,-5.155794483302552
24158.395,-0.946726236404825,-0.9474253970235296,-0.4020240682542493,-0.946726236404825,0.0013448361190261252,0.0013448361190261252,7.8500000000000005,0.007440949578171229,3.599459835739725,1.0,4.816699673960914,1.503056688940198,-1.1474117299915856,0.9708891450858785,0.0,7.8500000000000005,6.231912977676007,4.556541008020765,-4.251431923899494
24158.767,-0.947605080337803,-0.9475670614943699,-0.4022188226090293,-0.947605080337803,-7.31292817195658e-05,-7.31292817195658e-05,7.9,0.00987427171532291,4.868401052251093,1.0,4.847379289718626,1.6365032283582268,-0.15392465778961828,1.629248297881955,0.0,7.9,6.292704236234066,5.485666606473717,-3.083113440556038
24159.139,-0.947879858790382,-0.9477087259652102,-0.4024135600620582,-0.947879858790382,-0.0003291741529556119,-0.0003291741529556119,7.95,0.011610216507521578,5.833667935092229,1.0,4.878058905476339,1.7081444480709211,1.0094125955248046,1.3779853654779461,0.0,7.95,6.3498303623215815,6.113551594767557,-1.71605143523616
24159.538,-0.947782790156784,-0.9478606725347429,-0.4026224128986726,-0.947782790156784,0.00014980682852083248,0.00014980682852083248,8.0,0.01284764819830544,6.577995877532385,1.0,4.908738521234052,1.6883504801280589,1.637509123987144,0.41120701916127733,0.0,8.0,6.403268283388837,6.399206141772743,-0.22804706564964425
24159.91,-0.947914399544783,-0.9480023370055832,-0.40281711532143305,-0.947914399544783,0.00016914778998675038,0.00016914778998675038,8.05,0.011671202134523474,6.088400764395784,1.0,4.9394181369917645,1.563399828576877,1.426977463928841,-0.6387130352775192,0.0,8.05,6.453002716792695,6.321694066635609,1.2951556627672378
24160.282,-0.949109154653345,-0.9481440014764253,-0.40301180084243526,-0.949109154653345,-0.0018564730592511964,-0.0018564730592511964,8.1,0.012642321629909452,6.718648049320708,1.0,4.970097752749477,1.3335642722301657,0.6471331359596644,-1.1660241732107366,0.0,8.1,6.49902586461717,5.8815007795702865,2.7650109889251935
24160.68,-0.949834453281938,-0.9482955672274862,-0.40322007470099663,-0.949834453281938,-0.002960048798124535,-0.002960048798124535,8.15,0.0123570346086557,6.689398820041482,1.0,5.00077736850719,1.0116206307091,-0.10587491198014566,-1.0060650095741694,0.0,8.15,6.541337096376572,5.1005946497867605,4.095488399080011
24161.052,-0.947156219488236,-0.9484372316983265,-0.4034147252371696,-0.947156219488236,0.002464028211765043,0.002464028211765043,8.200000000000001,0.009714240537475972,5.356121376667054,1.0,5.031456984264903,0.6232005409833891,-0.37210175365790854,-0.49991919267687446,0.0,8.200000000000001,6.57994262062138,4.021182295063817,5.208237498476335
24161.451,-0.948505797530599,-0.9485891782678593,-0.40362348484843835,-0.948505797530599,0.0001603829278976495,0.0001603829278976495,8.25,0.004371946903645694,2.4549164980674263,1.0,5.062136600022616,0.2367428282232182,-0.15433908797999024,-0.17951772234693997,0.0,8.25,6.614855146625553,2.7032393345700045,6.037284630599429
24161.823,-0.949081649990997,-0.9487308427386996,-0.40381810035436416,-0.949081649990997,-0.0006747780854419467,-0.0006747780854419467,8.3,0.0016540789711478733,0.9457808526757293,1.0,5.092816215780329,0.3538123466547269,0.13092132423914804,-0.32869862108745224,0.0,8.3,6.646093537477163,1.2209731282659162,6.53297665149266
24162.195,-0.949039055644531,-0.9488725072095399,-0.40401269895851755,-0.949039055644531,-0.000320356074056759,-0.000320356074056759,8.35,-0.0006356543103849698,-0.3700670539260641,1.0,5.123495831538041,0.7618026509219598,0.02519094706213371,-0.7613860355547888,0.0,8.35,6.673682456021713,-0.3415616707358258,6.664936094884643
24162.594,-0.949330407581123,-0.9490244537790726,-0.40422140286850805,-0.949330407581123,-0.0005885024309764965,-0.0005885024309764965,8.4,-0.0037324124964389824,-2.212215816289371,1.0,5.154175447295755,1.1391398393354548,-0.5757044881418842,-0.9829567212723542,0.0,8.4,6.697652005219023,-1.8954241388943025,6.423854739695722
24162.94,-0.948708752326781,-0.9491562169696923,-0.4044023684624136,-0.948708752326781,0.0008606986687683905,0.0008606986687683905,8.450000000000001,-0.005816633834807311,-3.509472567944057,1.0,5.184855063053467,1.4435367139213513,-1.3117329925428283,-0.602623265990859,0.0,8.450000000000001,6.718037364569622,-3.3520216404313143,5.822025159154993
24163.312,-0.949125457712117,-0.9492978814405344,-0.40459691631586026,-0.949125457712117,0.0003316572065837048,0.0003316572065837048,8.5,-0.008141942831210369,-5.000170641217068,1.0,5.21553467881118,1.6536857638557645,-1.620936416038162,0.3274778477097071,0.0,8.5,6.734878424344941,-4.628301501318793,4.892587516191937
24163.684,-0.949418507197283,-0.9494395459113747,-0.40479144726752736,-0.949418507197283,4.04679866848561e-05,4.04679866848561e-05,8.55,-0.010227013963125794,-6.3921534644469,1.0,5.246214294568893,1.7588918188858618,-1.1717034236490662,1.3117970565421588,0.0,8.55,6.748219419416618,-5.6515895117868045,3.687546789242536
24164.056,-0.949965830748001,-0.9495812103822168,-0.40498596131743625,-0.949965830748001,-0.0007398176415858065,-0.0007398176415858065,8.6,-0.00973738037565992,-6.193519212220745,1.0,5.2768939103266055,1.7583537950518102,-0.13311301639799616,1.7533080144226028,0.0,8.6,6.758108564523789,-6.363789860989386,2.274688984247839
24164.402,-0.949432205630623,-0.9497129735728365,-0.4051668651282725,-0.949432205630623,0.0005400574054826988,0.0005400574054826988,8.65,-0.01031991329075609,-6.679198810509219,1.0,5.307573526084319,1.6606479614853722,0.923313245603993,1.3803058727969473,0.0,8.65,6.764597692842598,-6.724702866726906,0.7335893266987574
24164.774,-0.949594791694449,-0.9498546380436785,-0.40536134655597067,-0.949594791694449,0.0004998147013605658,0.0004998147013605658,8.700000000000001,-0.009276263042326418,-6.1084470421610755,1.0,5.338253141842031,1.4826199965042615,1.4162709100412714,0.4385644347244377,0.0,8.700000000000001,6.76774189972931,-6.71427261495743,-0.8490427983231433
24165.146,-0.950462934552627,-0.9499963025145188,-0.40555581108191063,-0.950462934552627,-0.0008975671717685649,-0.0008975671717685649,8.75,-0.008749866675050455,-5.8617270889498165,1.0,5.368932757599744,1.2477089455403105,1.14771129235868,-0.4894245622909436,0.0,8.75,6.767599193496927,-6.333642713227641,-2.384401145990049
24165.492,-0.950329649464407,-0.9501280657051403,-0.4057366688301087,-0.950329649464407,-0.0003877465538222678,-0.0003877465538222678,8.8,-0.00864485959252114,-5.8912297562345675,1.0,5.399612373357457,0.9839870845939221,0.4093207407124984,-0.8948112168889135,0.0,8.8,6.764230155055057,-5.604970601708611,-3.78670227830739
24165.864,-0.949767342656695,-0.9502697301759824,-0.40593110073382377,-0.949767342656695,0.0009663428740270993,0.0009663428740270993,8.85,-0.006613013754951956,-4.583837762926687,1.0,5.43029198911517,0.7224785320806614,-0.2613659850330942,-0.6735451367095657,0.0,8.85,6.757697608193814,-4.5700248056674955,-4.978087006006641
24166.263,-0.950988647335961,-0.9504216767455116,-0.40613962584417607,-0.950988647335961,-0.001090568473199619,-0.001090568473199619,8.9,-0.004303255503693333,-3.0336617291831858,1.0,5.460971604872882,0.4967052556970053,-0.4757605945367587,-0.14271638911861984,0.0,8.9,6.748066302225111,-3.287660718237009,-5.893020093380592
24166.635,-0.951355620581042,-0.9505633412163537,-0.40633402271762975,-0.951355620581042,-0.0015239501160206348,-0.0015239501160206348,8.950000000000001,-0.005444275931592471,-3.903096009652955,1.0,5.491651220630596,0.34258895092048913,-0.23913781455677718,0.2453167237303844,0.0,8.950000000000001,6.735402608608995,-1.8303348151606584,-6.481938195051512
24167.008,-0.951010570177012,-0.9507053865056658,-0.4065289251933706,-0.951010570177012,-0.0005870210838301003,-0.0005870210838301003,9.0,-0.00033363043245009674,-0.24321658525612053,1.0,5.522330836388308,0.2800265692367574,0.1227836921360859,0.25167249437302314,0.0,9.0,6.719774233089215,-0.2798709833325588,-6.713943548792931
24167.38,-0.951332421468662,-0.9508470509765061,-0.40672328821786863,-0.951332421468662,-0.0009336106060581472,-0.0009336106060581472,9.05,0.0006657293961276942,0.4934503618904539,1.0,5.553010452146021,0.26932255250546183,0.2692036184920723,-0.008003066839158636,0.0,9.05,6.701249944741841,1.277267033064286,-6.5783994822562795
24167.726,-0.950957843484529,-0.9509788141671276,-0.4069040515588327,-0.950957843484529,4.033712804277575e-05,4.033712804277575e-05,9.1,0.0033289038636773504,2.5085654134552042,1.0,5.583690067903734,0.2509781515183052,0.12095848872097427,-0.219906972481282,0.0,9.1,6.6798993232043085,2.7549182629236975,-6.0853496475350415
24168.098,-0.951259242088947,-0.9511204786379697,-0.40709838196112,-0.951259242088947,-0.00026691163072191815,-0.00026691163072191815,9.15,0.004234962284007656,3.244238912878904,1.0,5.6143696836614465,0.20590923584054177,-0.11155819019935664,-0.17307045849560812,0.0,9.15,6.655792525200896,4.072095232190781,-5.2647520889866435
24168.47,-0.950583241360391,-0.95126214310881,-0.40729269546164204,-0.950583241360391,0.0013058681626484218,0.0013058681626484218,9.200000000000001,0.007704381199799066,5.9993091877091365,1.0,5.64504929941916,0.16402682275735678,-0.15390153489706296,0.05673725531078722,0.0,9.200000000000001,6.629000071315958,5.157504361290982,-4.16458769973349
24168.843,-0.950598975699881,-0.9514041883981204,-0.4074875143403247,-0.950598975699881,0.0015488273954804555,0.0015488273954804555,9.25,0.0057903707112541445,4.582806994330565,1.0,5.675728915176872,0.2022362845611001,0.060724299363245,0.19290431374109096,0.0,9.25,6.59959265378952,5.953462066385931,-2.8479664007948493
24169.215,-0.952165595638471,-0.9515458528689624,-0.4076817939918911,-0.952165595638471,-0.001192075810111715,-0.001192075810111715,9.3,0.008236515965406865,6.625099272386771,1.0,5.706408530934585,0.3174201248795791,0.315754486562826,0.032475219691539235,0.0,9.3,6.567640965923168,6.418991192548181,-1.3894099205278019
24169.588,-0.951762589109838,-0.9516878981582728,-0.4078765789306047,-0.951762589109838,-0.00014366811679901242,-0.00014366811679901242,9.35,0.010564775085343599,8.635651116550514,1.0,5.737088146692298,0.45328845400765155,0.3038090710710895,-0.3364081908508895,0.0,9.35,6.5332155534895,6.5319326477869835,0.1294656445997696
24169.933,-0.951616771532324,-0.9518192805304242,-0.4080567268164046,-0.951616771532324,0.0003895262516036424,0.0003895262516036424,9.4,0.009068682144824026,7.532302290576519,1.0,5.767767762450011,0.5815090995730667,-0.07461975259717087,-0.5767015913005753,0.0,9.4,6.496386688337748,6.289965886606485,1.6246135385803584
24170.306,-0.951927639346817,-0.9519613258197346,-0.4082514790452336,-0.951927639346817,6.479596288773266e-05,6.479596288773266e-05,9.450000000000001,0.008458392420739487,7.138110317496684,1.0,5.798447378207723,0.6905420385893777,-0.5713786263014704,-0.3877818619598114,0.0,9.450000000000001,6.457224264184036,5.7104956970378895,3.0142966164727074
24170.678,-0.951401273704671,-0.9521029902905767,-0.40844569222562654,-0.951401273704671,0.0013497525243829811,0.0013497525243829811,9.5,0.005997492391282038,5.142100038975437,1.0,5.829126993965437,0.7801967086661258,-0.754385201226448,0.19902229117359457,0.0,9.5,6.415797714369363,4.829427860339948,4.223634318152965
24171.051,-0.951649375960064,-0.952245035579887,-0.4086404105144936,-0.951649375960064,0.001145751848649005,0.001145751848649005,9.55,0.00564055532860168,4.912832737257391,1.0,5.859806609723149,0.8601671921730742,-0.36636595768177577,0.7782439100582963,0.0,9.55,6.37217595116441,3.6989189716242095,5.188701648192595
24171.423,-0.95231950709048,-0.9523867000507273,-0.4088345898459309,-0.95231950709048,0.0001292457233251874,0.0001292457233251874,9.600000000000001,0.002054307539973907,1.8175198356863556,1.0,5.890486225480862,0.9463246419659539,0.4105091084455705,0.852650338576848,0.0,9.600000000000001,6.326427325999847,2.3842425401486453,5.85995479683104
24171.822,-0.953272433384279,-0.9525386466202601,-0.4090428440521521,-0.953272433384279,-0.0014114395426681355,-0.0014114395426681355,9.65,0.0003462650331179358,0.31116488252396607,1.0,5.921165841238575,1.0529629908867288,1.0248408083287652,0.24172790025391913,0.0,9.65,6.278619609806832,0.9599613383496253,6.204799628797443
24172.194,-0.953258847768576,-0.9526803110911004,-0.409236988353328,-0.953258847768576,-0.0011128158526606576,-0.0011128158526606576,9.700000000000001,-0.001413707844949091,-1.2902529799732223,1.0,5.9518454569962875,1.1843599007336107,0.9473490309895153,-0.7108010888771588,0.0,9.700000000000001,6.228819992466833,-0.49436769154763943,6.209170563296548
24172.567,-0.953260747672964,-0.9528223563804108,-0.40943163757781775,-0.953260747672964,-0.0008432460706732096,-0.0008432460706732096,9.75,-0.00341749156688976,-3.1675340977552136,1.0,5.982525072754001,1.3318946510083722,0.10231982436285364,-1.327958589311831,0.0,9.75,6.177095100195347,-1.8987066781513264,5.8780453236769885
24172.939,-0.953196151601532,-0.9529640208512529,-0.40962574803004514,-0.953196151601532,-0.0004465037202617011,-0.0004465037202617011,9.8,-0.0052480029182028305,-4.93937836258916,1.0,6.013204688511713,1.4779652320437453,-1.005144340237155,-1.0835432997436405,0.0,9.8,6.123511029522419,-3.177010349197478,5.234882288053365
24173.312,-0.953384269867814,-0.953106066140565,-0.40982036331458005,-0.953384269867814,-0.0005351251355451263,-0.0005351251355451263,9.850000000000001,-0.00496025986051336,-4.740379601319078,1.0,6.043884304269426,1.6023559247320256,-1.602113715968663,-0.027859480054513216,0.0,9.850000000000001,6.068133396386245,-4.261408096004208,4.320028235515118
24173.711,-0.954022496780309,-0.9532580127100942,-0.4100285254650373,-0.954022496780309,-0.0014704858405066804,-0.0014704858405066804,9.9,-0.004987328970732291,-4.839200312972571,1.0,6.074563920027139,1.6875597722194644,-1.2022634771922958,1.1842383696802348,0.0,9.9,6.011027398725968,-5.095863035792786,3.188201735881061
24174.083,-0.954718801789569,-0.9533996771809363,-0.41022258393980593,-0.954718801789569,-0.002537337446826483,-0.002537337446826483,9.950000000000001,-0.004358018880013353,-4.292974903476796,1.0,6.105243535784852,1.7224575765449255,0.0033945357594525796,1.7224542316485496,0.0,9.950000000000001,5.952257890847869,-5.639109510802767,1.9052081052563523
24174.429,-0.954958310513502,-0.9535314403715578,-0.4104030640167551,-0.954958310513502,-0.0027445860832406924,-0.0027445860832406924,10.0,-0.005394325214248291,-5.394325214248291,1.0,6.135923151542564,1.704877805918272,1.2316760351210367,1.1788055300265707,0.0,10.0,5.891889467746285,-5.866714173428722,0.5440829968213905
24174.802,-0.954161725538566,-0.9536734856608682,-0.4105976114214087,-0.954161725538566,-0.0009391298718934756,-0.0009391298718934756,10.05,-0.004722171341853697,-4.79335866510356,1.0,6.166602767300278,1.6434575695249385,1.6400952215939812,-0.10507353107899206,0.0,10.05,5.829986557487896,-5.772157649084203,-0.8191088661516764
24175.174,-0.95521159818931,-0.9538151501317085,-0.4107916203267621,-0.95521159818931,-0.0026860691749000997,-0.0026860691749000997,10.100000000000001,-0.0018081919134722202,-1.8629819366423426,1.0,6.19728238305799,1.5586716418969089,0.9378415416311585,-1.244954027281529,0.0,10.100000000000001,5.7666135197158965,-5.36689072114719,-2.109577083928045
24175.52,-0.954571598569214,-0.9539469133223317,-0.41097205429883843,-0.954571598569214,-0.0012015826700689331,-0.0012015826700689331,10.15,-0.0026910566184864494,-2.8139797118519057,1.0,6.227961998815704,1.4815839958913688,-0.37627495118598064,-1.433006733407566,0.0,10.15,5.701834748299359,-4.679377772189605,-3.257966108180358
24175.893,-0.955052144244185,-0.9540889586116421,-0.41116655200081453,-0.955052144244185,-0.001852688485759982,-0.001852688485759982,10.200000000000001,-0.00463028219152978,-4.913692503908936,1.0,6.258641614573416,1.4467103759008484,-1.3457119268850959,-0.531065270544381,0.0,10.200000000000001,5.635714776142615,-3.7531975013189736,-4.204139573578073
24176.266,-0.955197706075319,-0.9542310039009525,-0.4113610327100474,-0.955197706075319,-0.0018594525573220888,-0.0018594525573220888,10.25,-0.0025675304249278825,-2.764949444007103,1.0,6.2893212303311286,1.47681957779913,-1.2398178097267385,0.8024013111001215,0.0,10.25,5.5683183801794565,-2.6443234943400222,-4.900379866941514
24176.612,-0.956446081767748,-0.954362767091574,-0.41154142053497367,-0.956446081767748,-0.004007257772909525,-0.004007257772909525,10.3,-0.0024604500803399594,-2.6886002349396434,1.0,6.320000846088842,1.569318943610333,-0.09990725440045657,1.5661355264766883,0.0,10.3,5.499710684606737,-1.4177521223863767,-5.313830683588481
24176.984,-0.955186449479764,-0.954504431562416,-0.4117353472032619,-0.955186449479764,-0.0013118621165648773,-0.0013118621165648773,10.350000000000001,-0.0010622438651190112,-1.1777287608665372,1.0,6.350680461846554,1.6996360952908196,1.2602920561512265,1.1403625693688553,0.0,10.350000000000001,5.4299572604605535,-0.1436800138129603,-5.428055996768916
24177.357,-0.954801013782825,-0.9546464768517264,-0.41192977820983856,-0.954801013782825,-0.00029725193482704943,-0.00029725193482704943,10.4,-0.0017419443104334902,-1.9594504448114576,1.0,6.381360077604267,1.8371830087971304,1.821398491033001,-0.24031010106856518,0.0,10.4,5.359124219704633,1.1065438943092827,-5.2436411978883175
24177.729,-0.956068809961828,-0.9547881413225667,-0.41212367102917824,-0.956068809961828,-0.0024633673529462934,-0.0024633673529462934,10.450000000000001,0.0011288306071250026,1.288183249714237,1.0,6.41203969336198,1.9579614839829957,1.0979948325881312,-1.6211170594286697,0.0,10.450000000000001,5.287278302083389,2.2644571446342336,-4.777818088185943
24178.075,-0.955163012683174,-0.9549199045131882,-0.41230399702876497,-0.955163012683174,-0.00046761879757055696,-0.00046761879757055696,10.5,0.002956759487664528,3.4228187019076493,1.0,6.442719309119693,2.0492995582813154,-0.4826653166023779,-1.9916482801240585,0.0,10.5,5.214486953089997,3.2682828376949837,-4.063151667951152
24178.448,-0.955519947380463,-0.9550619498025004,-0.4124983783326712,-0.955519947380463,-0.0008809587794172779,-0.0008809587794172779,10.55,0.0037497188870467433,4.403075061789239,1.0,6.473398924877405,2.1099146071174206,-1.8496245419010333,-1.0151988491546133,0.0,10.55,5.140818391511099,4.066275716141898,-3.1453800302687527
24178.821,-0.958238732960287,-0.9552039950918108,-0.41269274264383426,-0.958238732960287,-0.005837321193612363,-0.005837321193612363,10.600000000000001,0.004089391596365139,4.870530821536424,1.0,6.504078540635119,2.147642053682641,-2.029714566157017,0.7018726171295063,0.0,10.600000000000001,5.066341665132784,4.61943134408651,-2.0805460641695794
24179.193,-0.956296817506141,-0.955345659562651,-0.4128865689465613,-0.956296817506141,-0.0018295532143586919,-0.0018295532143586919,10.65,0.0037716579909192935,4.555972855759215,1.0,6.534758156392831,2.1753808130630543,-0.8416972496197851,2.0059480107483756,0.0,10.65,4.99112669332561,4.903414123311313,-0.9315984135552112
24179.566,-0.955567071024424,-0.9554877048519632,-0.4130808993177766,-0.955567071024424,-0.00015266090866476262,-0.00015266090866476262,10.700000000000001,0.00520237327818308,6.373130967825237,1.0,6.565437772150545,2.2055944373450997,0.9526049689521171,1.989268859449467,0.0,10.700000000000001,4.915244295367892,4.909607406554571,0.2353329485029857
24179.939,-0.956578933090958,-0.9556297501412736,-0.41327521269622736,-0.956578933090958,-0.001825754311883954,-0.001825754311883954,10.75,0.003884056115640135,4.825150774784378,1.0,6.596117387908257,2.2447675151528728,2.1558101240889966,0.6256707648284273,0.0,10.75,4.838766203514705,4.645241491707338,1.3547656092463725
24180.311,-0.957860950392248,-0.9557714146121157,-0.4134689882028084,-0.957860950392248,-0.004019224072325403,-0.004019224072325403,10.8,0.004751365292257082,5.985351875039754,1.0,6.62679700366597,2.2902301253557704,1.9512659292497645,-1.1990476639550909,0.0,10.8,4.761765059973366,4.132609672163716,2.365574725922235
24180.684,-0.956696590150253,-0.9559134599014261,-0.41366326764130434,-0.956696590150253,-0.0015063517829075482,-0.0015063517829075482,10.850000000000001,0.0018527517054659206,2.3664996047168243,1.0,6.657476619423683,2.330988123557634,0.46001702833434754,-2.2851455021090397,0.0,10.850000000000001,4.684314397103194,3.407435550071965,3.214371531577211
24181.057,-0.956435673112641,-0.9560555051907382,-0.41385753008707127,-0.956435673112641,-0.0007312533615197478,-0.0007312533615197478,10.9,0.0012238516592609618,1.5849233904410642,1.0,6.6881562351813955,2.351810211420347,-1.345989120685458,-1.9285550439480346,0.0,10.9,4.606488600316699,2.5165033658085494,3.858360796338511
24181.456,-0.957092849405741,-0.9562074517602674,-0.41406531480406983,-0.957092849405741,-0.001703063218205509,-0.001703063218205509,10.950000000000001,0.0015805300338926013,2.075129051157444,1.0,6.718835850939108,2.3382400145232296,-2.306733682781946,-0.38255206473999437,0.0,10.950000000000001,4.528362853319792,1.5147043238126479,4.267521639400301
24181.829,-0.956425987077141,-0.9563494970495796,-0.41425954207983295,-0.956425987077141,-0.00014712864119899427,-0.00014712864119899427,11.0,0.0014175313290416883,1.886734198954487,1.0,6.749515466696821,2.280625174639434,-1.847625592322401,1.3369857358231036,0.0,11.0,4.450013065489269,0.46168342801920237,4.4259987229231825
24182.202,-0.957455659052378,-0.9564915423388918,-0.41445375236286,-0.957455659052378,-0.0018544794208451387,-0.0018544794208451387,11.05,-0.0009875812417126323,-1.3324768311566948,1.0,6.780195082454534,2.176490934674184,-0.33397028502476656,2.1507153780636292,0.0,11.05,4.371515781345747,-0.5817085905655652,4.332639535227589
24182.575,-0.956986290964344,-0.9566335876282022,-0.41464794565312246,-0.956986290964344,-0.0006784252045307547,-0.0006784252045307547,11.100000000000001,-0.002214085202075207,-3.0280515589993184,1.0,6.810874698212247,2.0313657665242344,1.217687430309968,1.6259410196780497,0.0,11.100000000000001,4.292948072238801,-1.5569461261542703,4.000665183590354
24182.921,-0.957472212333394,-0.9567653508188219,-0.41482806686419593,-0.957472212333394,-0.0013596487995954686,-0.0013596487995954686,11.15,-0.001619415307907029,-2.2448268197325785,1.0,6.84155431396996,1.8583087444955346,1.845573620666052,0.21718517576061674,0.0,11.15,4.214387410518068,-2.411135468545868,3.4565137057812
24183.294,-0.95779257550466,-0.956907396108134,-0.4150222273989854,-0.95779257550466,-0.0017026434161460191,-0.0017026434161460191,11.200000000000001,-0.0038902842853837634,-5.465569320495641,1.0,6.872233929727672,1.676145699022148,1.2659848765931054,-1.0985202303954098,0.0,11.200000000000001,4.135911526618919,-3.0999082091069816,2.7379432519923395
24183.64,-0.957924503899311,-0.9570391592987555,-0.4152023182256528,-0.957924503899311,-0.0017029611862549572,-0.0017029611862549572,11.25,-0.003667218582521271,-5.221488958316419,1.0,6.902913545485386,1.5059932649254129,-0.0011371485202477986,-1.505992835605119,0.0,11.25,4.057598249644391,-3.5897406428820395,1.8915246951488818
24184.013,-0.958138358463875,-0.9571812045880659,-0.4153964460049835,-0.958138358463875,-0.0018410863959112955,-0.0018410863959112955,11.3,-0.0037127532236946145,-5.357120488209289,1.0,6.933593161243098,1.3655126855306008,-1.052298543343898,-0.8702256431646359,0.0,11.3,3.9795253321761823,-3.8595763164329973,0.9696868190614171
24184.385,-0.958328351525267,-0.9573228690589062,-0.41559003641002334,-0.958328351525267,-0.0019340464860776747,-0.0019340464860776747,11.350000000000001,-0.001595271618743095,-2.332503066497793,1.0,6.964272777000811,1.261812694558684,-1.2371220678388741,0.24839538122822502,0.0,11.350000000000001,3.9017702601971025,-3.9016733457725543,0.02750029539053661
24184.758,-0.95834548871359,-0.9574649143482201,-0.4157841302493921,-0.95834548871359,-0.0016937856343112866,-0.0016937856343112866,11.4,0.00023043275485323418,0.34139626535628,1.0,6.994952392758524,1.187332156713439,-0.5597665526734626,1.0471003088882431,0.0,11.4,3.824410049155827,-3.7216464454240614,-0.8806020436874558
24185.131,-0.957893940826376,-0.9576069596375305,-0.41597820709602473,-0.957893940826376,-0.0005520085913242607,-0.0005520085913242607,11.450000000000001,-0.0010462666835639942,-1.5705756367483112,1.0,7.0256320085162365,1.1233147627835032,0.4060718079309345,1.0473498666114682,0.0,11.450000000000001,3.747521027352452,-3.3377227246296943,-1.7039720842605692
24185.504,-0.959025416346247,-0.9577490049268409,-0.41617226694989995,-0.959025416346247,-0.002455178586481782,-0.002455178586481782,11.5,-0.0019679928808237898,-2.9930711726228814,1.0,7.056311624273949,1.0488094338455827,0.9798568629277059,0.37400769603975614,0.0,11.5,3.671178607970732,-2.779277172093489,-2.398576822263973
24185.877,-0.958162198920637,-0.9578910502161513,-0.41636630981101064,-0.958162198920637,-0.0005215547925099295,-0.0005215547925099295,11.55,-0.0015945112454061596,-2.45682113309666,1.0,7.086991240031662,0.9484955094123879,0.8529048377465079,-0.41496634697776186,0.0,11.55,3.595457051230313,-2.0847555085578735,-2.9293524671468574
24186.276,-0.958753500993018,-0.958042996785684,-0.41657385963723215,-0.958753500993018,-0.0013666555226082143,-0.0013666555226082143,11.600000000000001,-0.00172586869637774,-2.6939015447012298,1.0,7.117670855789375,0.8161629542076526,0.2463551045665305,-0.7780945509865602,0.0,11.600000000000001,3.5204292182799155,-1.2991262498195744,-3.271955511303396
24186.649,-0.957328604390422,-0.9581850420749944,-0.41676786732836746,-0.957328604390422,0.0016473587057036642,0.0016473587057036642,11.65,6.117513521649e-05,0.09672811267174376,1.0,7.148350471547088,0.6552112531420715,-0.32596133613298195,-0.5683757503539405,0.0,11.65,3.4461663186003086,-0.4710284296860975,-3.4138240308900887
24187.022,-0.959078586978891,-0.9583270873643066,-0.41696185802675245,-0.959078586978891,-0.0014455102276783218,-0.0014455102276783218,11.700000000000001,0.001970494206792469,3.155969138023508,1.0,7.179030087304801,0.4791368713648415,-0.4729240664917668,-0.07690883456521475,0.0,11.700000000000001,3.3727376528335142,0.350204835066118,-3.3545067965853392
24187.395,-0.958308312881931,-0.958469132653617,-0.41715583173238,-0.958308312881931,0.00030933698470836434,0.00030933698470836434,11.75,0.0009140492601950005,1.482802130331649,1.0,7.209709703062513,0.318151476520395,-0.19621515267680276,0.25043956530893124,0.0,11.75,3.300210353101193,1.1174644968060634,-3.1052635110557483
24187.795,-0.959746358954752,-0.9586214600416163,-0.41736382754776713,-0.959746358954752,-0.0021637441357053814,-0.0021637441357053814,11.8,5.442156813002942e-07,0.0008941637792781852,1.0,7.240389318820227,0.2438295742273478,0.1684703227425684,0.17626857809293336,0.0,11.8,3.2286491230190792,1.7885520747969088,-2.687983749078767
24188.168,-0.958562401467323,-0.9587635053309302,-0.41755776603786643,-0.958562401467323,0.00038682347406219006,0.00038682347406219006,11.850000000000001,0.0004739968137045428,0.7887338382332503,1.0,7.271068934577939,0.30892317625923654,0.25958160795144575,-0.16748408176133409,0.0,11.850000000000001,3.158115979753441,2.328480658629593,-2.13351221322071
24188.567,-0.959584791745092,-0.9589154519004595,-0.4177652042178366,-0.959584791745092,-0.001287475831566525,-0.001287475831566525,11.9,0.00329344635712789,5.549980769731278,1.0,7.301748550335652,0.4247210516125658,-0.013118500744942892,-0.42451840551510683,0.0,11.9,3.0886700005969425,2.7112650548642327,-1.479501326413588
24188.94,-0.959564639645105,-0.9590574971897716,-0.4179591075379463,-0.959564639645105,-0.0009754889980610693,-0.0009754889980610693,11.950000000000001,-0.0014954462414028295,-2.5519638695607347,1.0,7.332428166093365,0.5257700493072606,-0.4123507598482519,-0.3261916547079776,0.0,11.950000000000001,3.020367076661027,2.9211110856717406,-0.7679370436067948
24189.313,-0.959097745189437,-0.959199542479082,-0.4181529938652986,-0.959097745189437,0.00019580718403047553,0.00019580718403047553,12.0,0.0026001926284333157,4.49313286193277,1.0,7.3631077818510775,0.5912677195751898,-0.58488865294031,0.08661858849759001,0.0,12.0,2.9532596763853176,2.952953872228602,-0.0424987606126809
24189.686,-0.959659707361416,-0.9593415877683942,-0.41834686319988634,-0.959659707361416,-0.0006119033415502857,-0.0006119033415502857,12.05,0.0005215058527194759,0.9124736406329715,1.0,7.39378739760879,0.6165592489020271,-0.3578458920287031,0.5020872682759577,0.0,12.05,2.8873966216457867,2.8123365525764643,0.6540813143133114
24190.059,-0.960544533787642,-0.9594836330577046,-0.4185407155417309,-0.960544533787642,-0.0020406435690909198,-0.0020406435690909198,12.100000000000001,0.0012381220714813123,2.193408775075506,1.0,7.424467013366503,0.6056893020717455,0.11926790882084283,0.5938305284924827,0.0,12.100000000000001,2.8228228792960324,2.5146615965866537,1.2824999269120458
24190.432,-0.959295805401604,-0.9596256783470167,-0.4187345508908322,-0.959295805401604,0.0006345109261196335,0.0006345109261196335,12.15,0.001384089948058947,2.4825222430415828,1.0,7.455146629124216,0.5695853088627197,0.49366257092552474,0.28412090760702774,0.0,12.15,2.759579370992633,2.083884134626093,1.8090619719240564
24190.805,-0.960584975774952,-0.9597677236363271,-0.4189283692471548,-0.960584975774952,-0.0015719852705814083,-0.0015719852705814083,12.200000000000001,0.00018128820725647507,0.3291918285702558,1.0,7.485826244881929,0.5250723751145907,0.48798865544164693,-0.19382484688174298,0.0,12.200000000000001,2.697702804128386,1.5507482638380943,2.207437483057061
24191.152,-0.959886459985556,-0.9598998676454169,-0.41910866221947174,-0.959886459985556,2.5789646570735083e-05,2.5789646570735083e-05,12.25,0.0016135546824496718,2.966142106805022,1.0,7.516505860639642,0.4921505346103472,0.1163050915860889,-0.4782104917171956,0.0,12.25,2.637225526618472,0.9506913360342777,2.459907409200077
24191.525,-0.960339292644309,-0.9600419129347291,-0.41930244777478975,-0.960339292644309,-0.0005720101559059868,-0.0005720101559059868,12.3,0.0009734690512438945,1.8114964329810725,1.0,7.547185476397354,0.4863421339458059,-0.3291010685998727,-0.35807982056712173,0.0,12.3,2.5781754081462873,0.32155651581015365,2.558044143933077
24191.898,-0.96023074972943,-0.9601839582240412,-0.41949621633735035,-0.96023074972943,-9.00035053848234e-05,-9.00035053848234e-05,12.350000000000001,0.00151993797162623,2.863035530075418,1.0,7.577865092155068,0.5088194290372623,-0.5042407519399648,0.06810635395339079,0.0,12.350000000000001,2.5205757502711403,-0.2987402048749606,2.5028097016845265
24192.271,-0.960834657124075,-0.9603260035133516,-0.4196899679071606,-0.960834657124075,-0.0009783957068996724,-0.0009783957068996724,12.4,0.0010169101106088862,1.9388652227295573,1.0,7.60854470791278,0.5465637096611773,-0.2741340639351193,0.47284501024014586,0.0,12.4,2.464445227523439,-0.8744458335246548,2.3040908757456653
24192.644,-0.960797022580795,-0.960468048802662,-0.4198837024842135,-0.960797022580795,-0.0006327813769967336,-0.0006327813769967336,12.450000000000001,-0.003137151005490075,-6.054014796669519,1.0,7.639224323670493,0.5828162449252204,0.19150309170903795,0.5504555760591533,0.0,12.450000000000001,2.409797861260899,-1.3739785913299578,1.9797243653358785
24193.017,-0.961154686481229,-0.9606100940919742,-0.4200774200685302,-0.961154686481229,-0.0010475239817907256,-0.0010475239817907256,12.5,0.00041619485381831596,0.8128805738638983,1.0,7.669903939428206,0.6048625502953372,0.5539689239527811,0.2428520867614221,0.0,12.5,2.3566430276305743,-1.7715979081931463,1.5540936945259984
24193.39,-0.960856696176874,-0.9607521393812846,-0.4202711206600753,-0.960856696176874,-0.00020111509635482015,-0.00020111509635482015,12.55,-0.0020313600131985107,-4.015300720008921,1.0,7.7005835551859185,0.6057698231387701,0.5610713253991327,-0.2283769831669499,0.0,12.55,2.304985500478431,-2.048651427612473,1.0564021419692309
24193.763,-0.961200291587874,-0.960894184670595,-0.4204648042588701,-0.961200291587874,-0.0005887969482654346,-0.0005887969482654346,12.600000000000001,-0.0040300015578220326,-8.06151839622981,1.0,7.731263170943632,0.5835029438589517,0.225369444068233,-0.5382232800357474,0.0,12.600000000000001,2.2548255294765625,-2.1943441444761826,0.5187407290567715
24194.136,-0.961593862904988,-0.9610362299599071,-0.4206584708649288,-0.961593862904988,-0.0010726075033992105,-0.0010726075033992105,12.65,-0.0011185107080204577,-2.264184029143677,1.0,7.761942786701344,0.5394948522255647,-0.20369160095801345,-0.49956423738799133,0.0,12.65,2.206158953107977,-2.206006646463939,-0.025923003981189307
24194.51,-0.961240066270733,-0.9611786560676876,-0.4208526396232415,-0.961240066270733,-0.00011812258431431585,-0.00011812258431431585,12.700000000000001,-0.001352659416973831,-2.770764554519108,1.0,7.792622402459057,0.4772013938520399,-0.43987236702210936,-0.1850228932448535,0.0,12.700000000000001,2.15897734547414,-2.0888711015810935,-0.5457111866637447
24194.883,-0.960960373569319,-0.9613207013569998,-0.4210462721982182,-0.960960373569319,0.000693090844361022,0.000693090844361022,12.75,-0.0005949143851552805,-1.2330623141442674,1.0,7.82330201821677,0.4007700339537486,-0.3701505038062454,0.15363991879479594,0.0,12.75,2.1132681951891747,-1.8553931208009222,-1.0116416520105957
24195.256,-0.96179001436296,-0.9614627466463102,-0.42123988778045884,-0.96179001436296,-0.0006294997661014653,-0.0006294997661014653,12.8,0.0002514448067509108,0.5273179793672862,1.0,7.853981633974483,0.31396528827220377,-0.11502427002516068,0.29213630302484994,0.0,12.8,2.0690151139183266,-1.5241831656963607,-1.3991744776940032
24195.629,-0.960842849303215,-0.9616047919356223,-0.42143348636994205,-0.960842849303215,0.0014655973824524852,0.0014655973824524852,12.850000000000001,0.001323150398539157,2.8074924366237486,1.0,7.884661249732195,0.21957715485075002,0.09513155276634737,0.19789925366361014,0.0,12.850000000000001,2.0261980714312213,-1.1186313611190355,-1.6894207594890547
24196.002,-0.961540634202126,-0.9617468372249327,-0.4216270679666678,-0.961540634202126,0.0003966317116611226,0.0003966317116611226,12.9,-0.0008612573969774769,-1.8488517802601832,1.0,7.915340865489909,0.11980696006165927,0.11666622069467109,0.02725253434156751,0.0,12.9,1.9847936533985715,-0.6653234375093218,-1.86996004504696
24196.349,-0.961382792476967,-0.9618789812340225,-0.4218071406827164,-0.961382792476967,0.0009544195489432475,0.0009544195489432475,12.950000000000001,0.0007857772878319857,1.7065097621837346,1.0,7.946020481247621,0.030063680677205235,0.0002141127232098342,-0.030062918215015704,0.0,12.950000000000001,1.9447753375906762,-0.19235256274058113,-1.9352394180845065
24196.749,-0.961588804725224,-0.9620313086220253,-0.4220146990534204,-0.961588804725224,0.0008511566688794171,0.0008511566688794171,13.0,-0.0011559630585301435,-2.5396508395907254,1.0,7.976700097005334,0.10632202645951513,-0.07330476915400107,0.07701158438661322,0.0,13.0,1.9061137836627375,0.27236799692095814,-1.8865538504167705
24197.095,-0.962029896365031,-0.9621630718126468,-0.42219422128136586,-0.962029896365031,0.0002561631009095843,0.0002561631009095843,13.05,7.956254409609005e-05,0.17682358716531313,1.0,8.007379712763047,0.2189598205981455,0.03190045398530333,0.2166235538253022,0.0,13.05,1.8687771313586592,0.702692700469474,-1.7316324481240288
24197.469,-0.962695581809891,-0.9623054979204273,-0.4223882548751803,-0.962695581809891,-0.0007503267346107001,-0.0007503267346107001,13.100000000000001,0.0006871944004215578,1.5448755468381008,1.0,8.03805932852076,0.3326874923126511,0.2704388120312657,0.19376226796876128,0.0,13.100000000000001,1.8327313017506248,1.075645226533892,-1.4838771414950065
24197.842,-0.96233052237339,-0.9624475432097377,-0.4225817526470692,-0.96233052237339,0.00022508969067879702,0.00022508969067879702,13.15,0.0003567875459436597,0.8113102165367688,1.0,8.068738944278472,0.44183254303719244,0.4368204412344395,-0.06636187313858809,0.0,13.15,1.7979402960704787,1.3725631924198738,-1.1613180404386065
24198.215,-0.962518968945515,-0.9625895884990499,-0.4227752334262149,-0.962518968945515,0.0001358367787921136,0.0001358367787921136,13.200000000000001,0.0021072832894058753,4.846684132568254,1.0,8.099418560036185,0.5406403200488239,0.3323245326761961,-0.42644150905375355,0.0,13.200000000000001,1.7643664867886732,1.5799351796201808,-0.7853622908578894
24198.615,-0.962451841154672,-0.9627419158870509,-0.42298270063411536,-0.962451841154672,0.0005579590252707146,0.0005579590252707146,13.25,-0.0011568681515783685,-2.6911103094145745,1.0,8.130098175793899,0.6233026366602247,-0.05530561803956423,-0.6208441555502072,0.0,13.25,1.7319708958587259,1.6899003940504973,-0.37942040310143027
24198.988,-0.961806880836581,-0.9628839611763613,-0.4231761461977044,-0.961806880836581,0.0020717650641041874,0.0020717650641041874,13.3,0.0029342861101021153,6.903310071212311,1.0,8.160777791551611,0.6847346937993897,-0.5088335167966366,-0.4582030696938977,0.0,13.3,1.7007134554641654,1.7004028124604282,0.03250435314734913
24199.362,-0.963724254935505,-0.9630263872841436,-0.423370093320969,-0.963724254935505,-0.0013423490951044016,-0.0013423490951044016,13.350000000000001,0.0012799248061592676,3.045287173522364,1.0,8.191457407309324,0.7214193515347013,-0.7212920265785888,0.013553345081612288,0.0,13.350000000000001,1.6705532471688394,1.6150121214641298,0.4271814592773006
24199.762,-0.962811841151649,-0.9631787146721429,-0.42357750449255605,-0.962811841151649,0.0007056815676899169,0.0007056815676899169,13.4,0.0020964012374924904,5.044159403135632,1.0,8.222137023067036,0.7321644417252937,-0.5209143812052891,0.5145026503142833,0.0,13.4,1.641448716061893,1.442441977057685,0.7833996619115646
24200.135,-0.963360172915479,-0.963320759961455,-0.4237708978022994,-0.963360172915479,-7.581085477494769e-05,-7.581085477494769e-05,13.450000000000001,-0.00016648831611883785,-0.40508915255995454,1.0,8.252816638824749,0.718705235710603,-0.011561824803855482,0.7186122320452376,0.0,13.450000000000001,1.61335785728241,1.1958111773972244,1.0830324111801795
24200.508,-0.963349327063911,-0.9634628052507672,-0.4239642741192853,-0.963349327063911,0.0002182754009924735,0.0002182754009924735,13.5,-0.0004646555083435752,-1.1432267963408238,1.0,8.283496254582463,0.686106372718943,0.48362886490615464,0.486667315232007,0.0,13.5,1.5862383731781533,0.8917046095166876,1.311874638031228
24200.882,-0.964317188179144,-0.9636052313585477,-0.42415815181028904,-0.964317188179144,-0.0013694496256081723,-0.0013694496256081723,13.55,-0.0019308977777070448,-4.803714282586252,1.0,8.314175870340176,0.6428466176979243,0.6423081753873513,-0.02630554535136576,0.0,13.55,1.560047800267927,0.5490979596787736,1.460219356739735
24201.255,-0.964803558163056,-0.9637472766478581,-0.4243514940962143,-0.964803558163056,-0.0020317585051196968,-0.0020317585051196968,13.600000000000001,-6.899825007801463e-05,-0.1735620621482424,1.0,8.344855486097888,0.600185111324043,0.36970463355253397,-0.4728008584857269,0.0,13.600000000000001,1.534743606106169,0.18821311707777416,1.5231591377934335
24201.628,-0.964085235112882,-0.9638893219371703,-0.42454481938939637,-0.964085235112882,-0.0003768391809287997,-0.0003768391809287997,13.65,-0.001734252573859113,-4.410728256382602,1.0,8.3755351018556,0.5699183100762903,-0.13324323542043723,-0.5541237410316476,0.0,13.65,1.5102832570598794,-0.17062983372016033,1.500613533325629
24202.002,-0.963521812086299,-0.9640317480449507,-0.4247386459197884,-0.963521812086299,0.0009808623043668834,0.0009808623043668834,13.700000000000001,0.0019427696474174523,4.995546561195809,1.0,8.406214717613313,0.5599420931040251,-0.5113243309296681,-0.22821607355540055,0.0,13.700000000000001,1.486624258871394,-0.5081027087528351,1.397098179951199
24202.348,-0.964243294139695,-0.9641635112355722,-0.42491794615968814,-0.964243294139695,-0.00015346249241547267,-0.00015346249241547267,13.75,-0.00019550734471336604,-0.5082427261982231,1.0,8.436894333371026,0.5698727288765281,-0.5044424988294084,0.2651276909187782,0.0,13.75,1.4637241726677723,-0.8068475935930867,1.2212638594361989
24202.722,-0.964244865928151,-0.9643059373433527,-0.4251117398011317,-0.964244865928151,0.00011747092557287297,0.00011747092557287297,13.8,-8.042544251943187e-06,-0.021136385357292842,1.0,8.46757394912874,0.5912307439274679,-0.12576437286247213,0.577699848609584,0.0,13.8,1.441540609763767,-1.0522994013796114,0.9852437766635245
24203.095,-0.963925805739414,-0.9644479826326648,-0.4253049982622201,-0.963925805739414,0.001004407753780147,0.001004407753780147,13.850000000000001,-0.0007846691487006646,-2.084663189206371,1.0,8.498253564886452,0.612183269310492,0.35661684888684664,0.49758695553008464,0.0,13.850000000000001,1.4200312091698528,-1.2333197341817568,0.7038544368647786
24203.469,-0.964484827303297,-0.9645904087404453,-0.42549875778135515,-0.964484827303297,0.00020308599537379208,0.00020308599537379208,13.9,-0.00015173305528294617,-0.4074971761959306,1.0,8.528933180644165,0.6221428890689866,0.6156825381832072,0.08942475381788335,0.0,13.9,1.3991536021434827,-1.3426210771840696,0.39369968947431444
24203.842,-0.9649230709465,-0.9647324540297557,-0.42569198221139004,-0.9649230709465,-0.0003666518217374169,-0.0003666518217374169,13.950000000000001,0.0003785286805882,1.0275936545201048,1.0,8.559612796401877,0.6138305814060544,0.49338363502984905,-0.36518566696137933,0.0,13.950000000000001,1.3788653683998138,-1.3769722936358753,0.072228849717483
24204.216,-0.964980247471438,-0.964874880137538,-0.42588570760821653,-0.964980247471438,-0.00020267416757073443,-0.00020267416757073443,14.0,-0.001634062506845276,-4.483867518783438,1.0,8.59029241215959,0.5835486856561855,0.0972770534656534,-0.5753835619828759,0.0,14.0,1.3591239887220727,-1.337187747260943,-0.2432014500265192
24204.562,-0.965118577171426,-0.9650066433281594,-0.42606491428607285,-0.965118577171426,-0.00021530485462012227,-0.00021530485462012227,14.05,-0.0014956759377011846,-4.148264878553417,1.0,8.620972027917304,0.5307505874273124,-0.2955067984832691,-0.44087630703475744,0.0,14.05,1.3398867986815914,-1.2279126689824136,-0.536215544938497
24204.936,-0.965333463474323,-0.9651490694359399,-0.4262586067939438,-0.965333463474323,-0.0003546821092557522,-0.0003546821092557522,14.100000000000001,0.00032828945038472317,0.9202678813969144,1.0,8.651651643675017,0.45741314439607683,-0.44601358463519897,-0.10148234815556077,0.0,14.100000000000001,1.321110947998634,-1.0572262418466976,-0.7922163911915467
24205.309,-0.965606334757309,-0.9652911147252503,-0.42645176439187793,-0.965606334757309,-0.0006063260332632674,-0.0006063260332632674,14.15,0.0011127989091192783,3.152724421073056,1.0,8.682331259432729,0.3673804268185917,-0.31517599534724267,0.18876564826865472,0.0,14.15,1.3027533697581277,-0.8360910605064167,-0.9990585973592403
24205.683,-0.964598721960849,-0.9654335408330326,-0.42664542277746165,-0.964598721960849,0.0016057748993891594,0.0016057748993891594,14.200000000000001,-0.0009440540976849612,-2.7030987692521777,1.0,8.713010875190442,0.2657860048850118,-0.0647871280434539,0.25776894388699473,0.0,14.200000000000001,1.284770763254251,-0.5776830006737591,-1.1475705925325348
24206.083,-0.966068336826256,-0.9655858682210319,-0.426852525138699,-0.966068336826256,-0.0009280288237684382,-0.0009280288237684382,14.25,-0.0007184355602824495,-2.078894323677932,1.0,8.743690490948154,0.1589527292903137,0.09063596698602194,0.130579828600548,0.0,14.25,1.2671195936938595,-0.29663907614859863,-1.2319080011204562
24206.457,-0.96605946832253,-0.9657282943288141,-0.4270461481686425,-0.96605946832253,-0.0006370134937754589,-0.0006370134937754589,14.3,-0.0001606461600231444,-0.469762625662799,1.0,8.774370106705868,0.06029429354985272,0.057609498718319635,-0.01779178158869257,0.0,14.3,1.2497561113630264,-0.008262607840368056,-1.2497287974600368
24206.83,-0.966270217026258,-0.9658703396181263,-0.42723923647443485,-0.966270217026258,-0.0007691645771389747,-0.0007691645771389747,14.350000000000001,0.0007572053804997251,2.2375327182614497,1.0,8.80504972246358,0.07779735769687658,-0.0737849115222289,-0.02466202944351126,0.0,14.350000000000001,1.2326363921781816,0.2722749238619853,-1.2021891869244183
24207.204,-0.966993490535553,-0.9660127657259068,-0.42743282538206984,-0.966993490535553,-0.0018864251096993077,-0.0018864251096993077,14.4,0.001163128734892816,3.4730837923301903,1.0,8.835729338221293,0.17059089289200674,-0.12295895654505523,0.11824697773323145,0.0,14.4,1.2157164008289334,0.5306974940642215,-1.0937671310834
24207.604,-0.966331901805962,-0.9661650931139079,-0.42763985343535893,-0.966331901805962,-0.0003208566787664726,-0.0003208566787664726,14.450000000000001,-0.0012412372651396436,-3.7450562665849314,1.0,8.866408953979006,0.258907802102489,0.013000652017277202,0.258581192349071,0.0,14.450000000000001,1.1989520769993256,0.7543187054839282,-0.9319277726830808
24207.977,-0.965970161028794,-0.9663071384032182,-0.42783288948728426,-0.965970161028794,0.000648176302120735,0.000648176302120735,14.5,-0.002878719401487966,-8.776135935361252,1.0,8.897088569736718,0.33656720288326336,0.2563962244789204,0.21803315832601886,0.0,14.5,1.1822994444525181,0.9326357997354746,-0.7266515268025688
24208.351,-0.966633884962508,-0.9664495645109987,-0.42802642600098295,-0.966633884962508,-0.0003545405648335589,-0.0003545405648335589,14.55,-0.0003086081254118878,-0.9505967747986481,0.9938441702975687,8.92776818549443,0.4021383388192122,0.3999513073242763,-0.04188311494955656,0.0,14.55,1.1657147421030478,1.0577980626324632,-0.4898511188589679
24208.725,-0.966879365192664,-0.966591990618781,-0.42821994543070474,-0.966879365192664,-0.000552765267820364,-0.000552765267820364,14.600000000000001,0.0005213809296097403,1.6226083607519393,0.975528258147576,8.958447801252145,0.4555875496189782,0.27700373289460717,-0.3617028439621094,0.0,14.600000000000001,1.1491545756003796,1.1249303492272837,-0.23470821888180607
24209.098,-0.965921810723202,-0.9667340359080931,-0.4284129304132591,-0.965921810723202,0.0015623159202646554,0.0015623159202646554,14.65,0.00229497114876631,7.2158933247598265,0.9455032620941837,8.989127417009858,0.49786520217625413,-0.08344979847279774,-0.4908216485372786,0.0,14.65,1.132576087423086,1.132299325721628,0.025036588684006617
24209.498,-0.967734675015681,-0.9668863632960925,-0.4286198659358078,-0.967734675015681,-0.0016317284042823212,-0.0016317284042823212,14.700000000000001,0.0011880518075134637,3.773873891758091,0.9045084971874728,9.01980703276757,0.5308622753497715,-0.4475173406478637,-0.2855573238581013,0.0,14.700000000000001,1.1159371430462917,1.08131737845506,0.27580506572830715
24209.845,-0.967297293402722,-0.967018507305184,-0.4287993666721519,-0.967297293402722,-0.0005362453253532085,-0.0005362453253532085,14.75,0.0032564167382768084,10.449993957664885,0.8535533905932737,9.050486648525283,0.5575038341119231,-0.5355950708499347,0.15475285176935502,0.0,14.75,1.0991965304032778,0.9763867288694029,0.5048781715803439
24210.219,-0.96731392990873,-0.9671609334129663,-0.42899281785729215,-0.96731392990873,-0.0002942889059866048,-0.0002942889059866048,14.8,0.0012243216784327206,3.968996222569767,0.7938926261462357,9.081166264282995,0.5818366309622666,-0.23966823552676073,0.5301820461021006,0.0,14.8,1.082314169618361,0.8245938414739836,0.7010342062694666
24210.593,-0.966510495828424,-0.9673033595207468,-0.42918625195841287,-0.966510495828424,0.0015250740707846743,0.0015250740707846743,14.850000000000001,-9.087161436690085e-05,-0.29758264835148973,0.7269952498697714,9.11184588004071,0.6088803933064918,0.26734986525403137,0.5470460519021405,0.0,14.850000000000001,1.0652513298413584,0.6352714146593857,0.8550968515001357
24210.966,-0.96743752764884,-0.9674454048100571,-0.42937915184051434,-0.96743752764884,1.5151727138042618e-05,1.5151727138042618e-05,14.9,0.001145530546350597,3.789356625269911,0.6545084971874732,9.142525495798422,0.6439798060949596,0.6273212652277159,0.14552670150594185,0.0,14.9,1.0479708499597082,0.41945177573421655,0.9603661334088608
24211.34,-0.967395058713752,-0.9675878309178394,-0.42957255181935494,-0.967395058713752,0.00037079751900412285,0.00037079751900412285,14.950000000000001,-0.0010265470683122888,-3.4300657502252374,0.5782172325201137,9.173205111556134,0.6916128655042878,0.5458643635561005,-0.4246886534045212,0.0,14.950000000000001,1.0304373599952537,0.18924102798265763,1.012911144277747
24211.714,-0.967478031850247,-0.9677302570256199,-0.42976593471420443,-0.967478031850247,0.0004851553661556439,0.0004851553661556439,15.0,-0.002338515291106407,-7.892489107484123,0.5000000000000001,9.203884727313847,0.7540930889573247,0.02177801729925062,-0.7537785515492685,0.0,15.0,1.0126175000993465,-0.042852503685432496,1.0117103658831117
24212.114,-0.967084123682682,-0.967882584413621,-0.4299727424329447,-0.967084123682682,0.001535839979917983,0.001535839979917983,15.05,-0.0006943229341097699,-2.366851499767133,0.4217827674798836,9.23456434307156,0.8308795955612307,-0.6165544750176736,-0.5569752971682633,0.0,15.05,0.9944801342314359,-0.2645993986855744,0.9586333478427543
24212.488,-0.968481209758207,-0.9680250105214032,-0.4301660899721469,-0.968481209758207,-0.0008774996684775498,-0.0008774996684775498,15.100000000000001,-0.002370997635426799,-8.163228679890334,0.3454915028125242,9.265243958829272,0.9188238666904879,-0.9131644839411487,0.10182299970318634,0.0,15.100000000000001,0.9759965558310268,-0.4647029684066279,0.8582659425539937
24212.862,-0.968082497299788,-0.9681674366291837,-0.4303594204273722,-0.968082497299788,0.00016338088136145617,0.00016338088136145617,15.15,0.0009663493821004898,3.360253729705369,0.27300475013022607,9.295923574586986,1.0130385942149496,-0.5995856079295853,0.8165441152397775,0.0,15.15,0.9571406830593068,-0.633390160718321,0.7175898490589564
24213.262,-0.96855222812253,-0.9683197640171848,-0.43056617206094216,-0.96855222812253,-0.00044714492905009354,-0.00044714492905009354,15.200000000000001,-0.0012479565790104053,-4.382583897821375,0.20610737385376204,9.326603190344699,1.107872938572854,0.19380608903146726,1.0907894608385147,0.0,15.200000000000001,0.9378892414838819,-0.7629071811485826,0.5455353904588913
24213.636,-0.96916314930335,-0.9684621901249653,-0.43075946716052727,-0.96916314930335,-0.0013482956502918063,-0.0013482956502918063,15.25,0.0007715282713227351,2.736285289892277,0.1464466094067263,9.357282806102411,1.197701954722731,0.9886877124854591,0.6760078250485869,0.0,15.25,0.9182219323979735,-0.8478926655791794,0.35243374525391635
24214.036,-0.968917565654389,-0.9686145175129663,-0.43096618098060446,-0.968917565654389,-0.0005829133899790915,-0.0005829133899790915,15.3,0.0016048651825387066,5.7479482258814345,0.09549150281252565,9.387962421860124,1.2774782047833566,1.2557165962585788,-0.2347901053649348,0.0,15.3,0.898121585295731,-0.8856081444475158,0.14940079137121418
24214.41,-0.968778678092699,-0.9687569436207486,-0.4311594407245636,-0.968778678092699,-4.180627759189379e-05,-4.180627759189379e-05,15.350000000000001,-0.001272141758903657,-4.601089151364702,0.054496737905815086,9.418642037617836,1.3430856924534291,0.7682237594713908,-1.1016857231791424,0.0,15.350000000000001,0.8775742933613637,-0.8760138050804922,-0.05231112383704081
24214.81,-0.968918569404487,-0.9689092710087497,-0.4313661167311196,-0.968918569404487,-1.7885473097219036e-05,-1.7885473097219036e-05,15.4,-0.0020266256484589113,-7.401771897343138,0.024471741852423023,9.44932165337555,1.3915370570942,-0.226218327514444,-1.3730260920910988,0.0,15.4,0.8565695311668616,-0.8216867239541247,-0.24195513923236953
24215.184,-0.9690774469152,-0.9690516971165302,-0.4315593411194385,-0.9690774469152,-4.9529762378574936e-05,-4.9529762378574936e-05,15.450000000000001,0.0012644331548886003,4.6631708371416005,0.0061558297024308685,9.480001269133263,1.421036845968892,-1.1416833418327519,-0.8461116147310687,0.0,15.450000000000001,0.8351002541087895,-0.7275882519648668,-0.409887508976883
24215.585,-0.969424050857854,-0.9692044053230013,-0.4317664958834726,-0.969424050857854,-0.00042248839644310295,-0.00042248839644310295,15.5,-0.0010045937280429205,-3.7409814690158303,3.749399456654644e-33,9.510680884890975,1.4309250247860108,-1.4185951831313766,0.18744101193522653,0.0,15.5,0.8131629794487705,-0.6006964860056517,-0.5480855433656897
24215.959,-0.968874929272129,-0.9693468314307818,-0.43195968487048475,-0.968874929272129,0.0009077042536785473,0.0009077042536785473,15.55,0.0013430501849748858,5.049907476079662,0.0,9.541360500648688,1.421518464399277,-0.8818899928089293,1.1148922751600467,0.0,15.55,0.7907578491574486,-0.44952812926080876,-0.6505554834196633
24216.332,-0.968746457704595,-0.969488876720094,-0.43215234029385385,-0.968746457704595,0.0014280436866492725,0.0014280436866492725,15.600000000000001,-0.0011831715506427712,-4.491811405605028,0.0,9.5720401164064,1.393879452346604,0.14373808836782456,1.386448444633421,0.0,15.600000000000001,0.7678886751033014,-0.28358094407519585,-0.713606940485674
24216.706,-0.968329029719314,-0.9696313028278745,-0.43234549515855747,-0.968329029719314,0.0025049235703142195,0.0025049235703142195,15.65,0.002040479628567766,7.821234169106458,0.0,9.602719732164113,1.3495538808174004,1.039556058099473,0.8605921678112061,0.0,15.65,0.7445629674847379,-0.11273292841071225,-0.7359791433197168
24217.08,-0.969681969134178,-0.9697737289356567,-0.43253863293927,-0.969681969134178,0.00017650006593885112,0.00017650006593885112,15.700000000000001,-0.0004290979918511492,-1.6605633149788197,0.0,9.633399347921827,1.2903322140841749,1.2852243121015146,-0.11469825755676245,0.0,15.700000000000001,0.7207919477898325,0.0533630839376389,-0.7188138933488453
24217.454,-0.969560526375192,-0.9699161550434372,-0.4327317536359985,-0.969560526375192,0.0006840520836306471,0.0006840520836306471,15.75,0.0013768323941658472,5.379262650999807,0.0,9.66407896367954,1.218088535628266,0.7806539639601721,-0.9350503030224009,0.0,15.75,0.696590548002077,0.2058507136137499,-0.6654801839803676
24217.828,-0.971099791435248,-0.9700585811512195,-0.4329248572487572,-0.971099791435248,-0.00200276897754562,-0.00200276897754562,15.8,0.0012082031005328597,4.765529987868965,0.0,9.694758579437252,1.134743647186636,-0.11061365961318936,-1.1293395251816019,0.0,15.8,0.6719773982798634,0.3371711720322439,-0.5812651929621945
24218.175,-0.970072903075705,-0.9701907251603092,-0.43310400494782897,-0.970072903075705,0.00022663089246683952,0.00022663089246683952,15.850000000000001,-0.00020399081090086968,-0.8122662416409684,0.0,9.725438195194965,1.0423781669748682,-0.8167086308039447,-0.6477185000879874,0.0,15.850000000000001,0.6469748059605493,0.44146331829321867,-0.4729551121927226
24218.549,-0.970966540448863,-0.9703331512680897,-0.4332970756259442,-0.970966540448863,-0.0012183246952360133,-0.0012183246952360133,15.9,0.0014441597095581626,5.805058457157045,0.0,9.756117810952677,0.9434966861205574,-0.9336080549409154,0.13624241802725856,0.0,15.9,0.6216087295317736,0.5148389708505161,-0.3483363987924418
24218.923,-0.971051548718675,-0.970475577375872,-0.43349012922004704,-0.971051548718675,-0.0011078814289636892,-0.0011078814289636892,15.950000000000001,-0.0009856535191826046,-3.999505874650949,0.0,9.786797426710391,0.8414213388473845,-0.4699568184499003,0.6979473176824827,0.0,15.950000000000001,0.5959087522524249,0.5555187043360653,-0.21565298547393483
24219.297,-0.970181075019422,-0.9706180034836525,-0.43368316573016585,-0.970181075019422,0.0008404323189948888,0.0008404323189948888,16.0,-0.0015738163393626122,-6.44635172602926,0.0,9.817477042468104,0.7407675330238198,0.1945395788336876,0.7147663186310667,0.0,16.0,0.5699080615091512,0.5638232583176442,-0.08305740155575173
24219.671,-0.969675105876412,-0.9707604295914329,-0.43387618515629356,-0.969675105876412,0.0020876212042664913,0.0020876212042664913,16.05,0.0004439840300445588,1.8356609073978336,0.0,9.848156658225816,0.6478762153444959,0.5934688015267984,0.2598814576368487,0.0,16.05,0.5436434419335341,0.5420258592880711,0.04190656058862394
24220.045,-0.970507394605556,-0.9709028556992152,-0.43406918749843726,-0.970507394605556,0.0007606697920255207,0.0007606697920255207,16.1,-0.0018143725274977916,-7.571886395928513,0.0,9.878836273983529,0.5708016531484994,0.4950428557684738,-0.2841603388751742,0.0,16.1,0.5171552930391551,0.4940804574039926,0.1527550284929297
24220.419,-0.971541869992508,-0.9710452818069975,-0.43426217275658985,-0.971541869992508,-0.0009551878499587792,-0.0009551878499587792,16.150000000000002,0.00019509460473084644,0.8217937600599412,0.0,9.909515889741241,0.5178718330427128,0.03929903815483958,-0.5163785637099237,0.0,16.150000000000002,0.4904876860633373,0.4252493815232498,0.24441999446416093
24220.819,-0.971032584286976,-0.9711976091949968,-0.43446855519545124,-0.971032584286976,0.0003174255684715814,0.0003174255684715814,16.2,-0.0007248396500367917,-3.08167606764162,0.0,9.940195505498954,0.4938631136778581,-0.392403056774166,-0.2998676642885653,0.0,16.2,0.4636884804317842,0.3416605826059778,0.31348852160562574
24221.193,-0.971058379637824,-0.971340035302779,-0.43466150509797785,-0.971058379637824,0.0005417649410254093,0.0005417649410254093,16.25,0.0013607517523810337,5.839007031213146,0.0,9.970875121256668,0.4958253482943518,-0.4689699744572982,0.16096564561649898,0.0,16.25,0.4368095287795617,0.24982896784869535,0.35831278410946804
24221.567,-0.971638530241062,-0.9714824614105595,-0.43485443791652045,-0.971638530241062,-0.0003001985447961215,-0.0003001985447961215,16.3,-0.0005287509024628024,-2.2898863845880744,0.0,,,,,,16.3,0.4099070123226395,0.15617800752107588,0.3789883754391674
24221.941,-0.971146700581572,-0.97162488751834,-0.43504735365105773,-0.971146700581572,0.000919793030396235,0.000919793030396235,16.35,0.0006570135824341039,2.871624293930437,0.0,,,,,,16.35,0.38304196813342845,0.06659671244768776,0.3772082014520501
24222.315,-0.971815816860862,-0.9717673136261222,-0.435240252301611,-0.971815816860862,-9.329601842930826e-05,-9.329601842930826e-05,16.400000000000002,-0.0003202183280776799,-1.4124651129242742,0.0,,,,,,16.400000000000002,0.3562811007669213,-0.01393666036224888,0.35600841599832506
24222.689,-0.972494310508152,-0.9719097397339027,-0.43543313386817317,-0.972494310508152,-0.0011244224435784068,-0.0011244224435784068,16.45,0.00016631682249695708,0.740344553937605,0.0,,,,,,16.45,0.32969801984648456,-0.08163889530522643,0.3194305481071515
24223.063,-0.972485412134195,-0.9720521658416832,-0.43562599835075133,-0.972485412134195,-0.0008333496581710222,-0.0008333496581710222,16.5,0.002481003112934321,11.144976108690086,0.0,,,,,,16.5,0.3033751248261641,-0.13409673387128132,0.2721296241285491
24223.437,-0.973222833316088,-0.9721945919494654,-0.4358188457493455,-0.973222833316088,-0.001977823252506711,-0.001977823252506711,,,,,,,,,,16.55,0.2774064891439208,-0.1703241524642077,0.21896128266546483
24223.785,-0.971673949819552,-0.9723271167770271,-0.43599827130049107,-0.971673949819552,0.0012563672676450725,0.0012563672676450725,,,,,,,,,,16.6,0.251902314315324,-0.1907032800087928,0.16458139308957206
24224.159,-0.97341671109014,-0.9724695428848076,-0.436191085718761,-0.97341671109014,-0.0018218789491953773,-0.0018218789491953773,,,,,,,,,,16.650000000000002,0.22699589042947912,-0.1968194486807022,0.11308951716625429
24224.533,-0.972498013288124,-0.9726119689925881,-0.4363838830530469,-0.972498013288124,0.00021919390656793776,0.00021919390656793776,,,,,,,,,,16.7,0.20285460647188167,-0.191209019049251,0.06774291402859153
24224.907,-0.972671958482444,-0.9727543951003703,-0.43657666330333456,-0.972671958482444,0.00015856691345550553,0.00015856691345550553,,,,,,,,,,16.75,0.17969751455342323,-0.1770450552240377,0.030761098117511914
24225.308,-0.973145851116945,-0.9729071033068415,-0.4367833418659046,-0.973145851116945,-0.0004592316411648575,-0.0004592316411648575,,,,,,,,,,16.8,0.1578232608660037,-0.15779014759367196,0.00323279952144742
24225.682,-0.974592133630374,-0.973049529414622,-0.43697608671489263,-0.974592133630374,-0.002967200684942923,-0.002967200684942923,,,,,,,,,,16.85,0.13765309497493658,-0.13684738005556338,-0.014871756053240846
24226.056,-0.972484642478057,-0.9731919555224042,-0.43716881447988243,-0.972484642478057,0.0013605173175499396,0.0013605173175499396,,,,,,,,,,16.900000000000002,0.1197903891391982,-0.11723951815403895,-0.024589280451638024
24226.457,-0.973208235482531,-0.9733446637288736,-0.4373754367681002,-0.973208235482531,0.000262419862372851,0.000262419862372851,,,,,,,,,,16.95,0.10507814124831236,-0.10134307729989914,-0.027766822857268926
24226.831,-0.972224467504946,-0.9734870898366559,-0.4375681291317761,-0.972224467504946,0.0024286552631048704,0.0024286552631048704,,,,,,,,,,17.0,0.09457533919475664,-0.09069834750619171,-0.02680120414177986
24227.205,-0.972583379814402,-0.9736295159444381,-0.43776080441146803,-0.972583379814402,0.0020122438470540913,0.0020122438470540913,,,,,,,,,,17.05,0.08929080851725194,-0.08590921272208064,-0.024340411975495555
24227.58,-0.973132479336763,-0.9737723228706887,-0.4379539777131356,-0.973132479336763,0.0012307396497002823,0.0012307396497002823,,,,,,,,,,17.1,0.08963299334503938,-0.08663835258735615,-0.02297540765559626
24227.954,-0.97376642749391,-0.9739147489784692,-0.4381466187791645,-0.97376642749391,0.0002852965174617751,0.0002852965174617751,,,,,,,,,,17.150000000000002,0.09502890582201495,-0.09169487375794877,-0.024950812977601093
24228.328,-0.974672415337784,-0.9740571750862514,-0.4383392427612094,-0.974672415337784,-0.001183415212476903,-0.001183415212476903,,,,,,,,,,17.2,0.10421236792941987,-0.09920332372397014,-0.03192049798442941
24228.702,-0.974718363967997,-0.9741996011940319,-0.43853184965925607,-0.974718363967997,-0.000997840692067465,-0.000997840692067465,,,,,,,,,,17.25,0.11583717109985617,-0.106836081104388,-0.044769431341865215
24229.05,-0.974730445591853,-0.9743321260215918,-0.43871105142918054,-0.974730445591853,-0.0007661680745043725,-0.0007661680745043725,,,,,,,,,,17.3,0.12883174153104776,-0.11208587478706739,-0.06351672456243747
24229.424,-0.974982838068437,-0.9744745521293741,-0.4389036253469101,-0.974982838068437,-0.0009776884901090122,-0.0009776884901090122,,,,,,,,,,17.35,0.14244478541167446,-0.1125520860510516,-0.08730718651139013
24229.798,-0.973817561369068,-0.9746169782371545,-0.4390961821806485,-0.973817561369068,0.0015376791106361488,0.0015376791106361488,,,,,,,,,,17.400000000000002,0.1561712492370948,-0.10621376779512198,-0.11449058746918322
24230.146,-0.974640970249401,-0.9747495030647162,-0.43927533736665936,-0.974640970249401,0.00020876297410158794,0.00020876297410158794,,,,,,,,,,17.45,0.16967143756477227,-0.09166399845273002,-0.1427799289569592
24230.52,-0.975229926517837,-0.9748919291724967,-0.43946786122008774,-0.975229926517837,-0.000650138217153673,-0.000650138217153673,,,,,,,,,,17.5,0.18271239653231888,-0.06828409080739818,-0.1694730149291926
24230.867,-0.974533774642871,-0.9750240731815865,-0.439646471014143,-0.974533774642871,0.0009430897083304248,0.0009430897083304248,,,,,,,,,,17.55,0.19513023062673776,-0.03634192223173073,-0.19171612241266175
24231.242,-0.974338269470401,-0.9751668801078388,-0.43983947659161515,-0.974338269470401,0.0015938333539155742,0.0015938333539155742,,,,,,,,,,17.6,0.2068067144095174,0.002994288972977465,-0.20678503659212386
24231.616,-0.97567126439461,-0.9753093062156211,-0.4400319503807424,-0.97567126439461,-0.0006962269036022491,-0.0006962269036022491,,,,,,,,,,17.650000000000002,0.21765480017321476,0.04772770635970401,-0.2123574300185513
24231.99,-0.975051257028632,-0.9754517323234015,-0.4402244070858785,-0.975051257028632,0.0007703146126587453,0.0007703146126587453,,,,,,,,,,17.7,0.22760952296398118,0.09518333109551891,-0.20675161045431278
24232.365,-0.975025461273749,-0.9755945392496539,-0.4404173612285476,-0.975025461273749,0.0010946220311395432,0.0010946220311395432,,,,,,,,,,17.75,0.23662218475449306,0.142223412163756,-0.18910991341145453
24232.739,-0.976595445902229,-0.9757369653574344,-0.4406097837200207,-0.976595445902229,-0.001651288149295661,-0.001651288149295661,,,,,,,,,,17.8,0.24465655634410535,0.18550832919432717,-0.1595101575501872
24233.113,-0.976385282458587,-0.9758793914652149,-0.4408021891274885,-0.976385282458587,-0.0009730818097813733,-0.0009730818097813733,,,,,,,,,,17.85,0.2516863424178536,0.22177955902580404,-0.11899513501818866
24233.488,-0.975843239072071,-0.9760221983914654,-0.4409950918353758,-0.975843239072071,0.0003442284220810641,0.0003442284220810641,,,,,,,,,,17.900000000000002,0.257693452162113,0.2481395487395279,-0.06951747721667309
24233.862,-0.977515560907931,-0.9761646244992477,-0.44118746302920187,-0.977515560907931,-0.002598527474660991,-0.002598527474660991,,,,,,,,,,17.95,0.26266679302008483,0.26230377965681917,-0.013804757629272416
24234.263,-0.975918659362123,-0.9763173327057171,-0.44139370300450054,-0.975918659362123,0.0007668485578488101,0.0007668485578488101,,,,,,,,,,18.0,0.2666014100145799,0.26280294955341826,0.044843299697787976
24234.638,-0.975670808407449,-0.9764601396319694,-0.44158655304092775,-0.975670808407449,0.0015182793655869752,0.0015182793655869752,,,,,,,,,,18.05,0.269497856947497,0.2491177630074907,0.10280775774929278
24235.012,-0.977104408739097,-0.9766025657397499,-0.44177887170378227,-0.977104408739097,-0.0009652954894010412,-0.0009652954894010412,,,,,,,,,,18.1,0.2713617254790409,0.22173487465481753,0.15643155505451808
24235.387,-0.976853832763742,-0.9767453726660005,-0.4419716874350783,-0.976853832763742,-0.00020862310177913683,-0.00020862310177913683,,,,,,,,,,18.150000000000002,0.2722032832677135,0.18211952281095928,0.20230449039216
24235.761,-0.976983439790353,-0.9768877987737827,-0.4421639718842556,-0.976983439790353,-0.00018396558688092322,-0.00018396558688092322,,,,,,,,,,18.2,0.2720371886767405,0.13260769114481047,0.2375277505311475
24236.109,-0.976398140078499,-0.9770203236013444,-0.44234287362153424,-0.976398140078499,0.0011967706014902818,0.0011967706014902818,,,,,,,,,,18.25,0.27088226039956154,0.07622759455334653,0.2599356705567485
24236.483,-0.976502381119439,-0.9771627497091249,-0.4425351250904157,-0.976502381119439,0.0012702196140929676,0.0012702196140929676,,,,,,,,,,18.3,0.26876128778202335,0.01646629174279872,0.268256390504481
24236.831,-0.976509368416443,-0.9772952745366847,-0.44271399614012097,-0.976509368416443,0.0015116911742299103,0.0015116911742299103,,,,,,,,,,18.35,0.26570087290691136,-0.04299823633021024,0.2621985994165225
24237.205,-0.977526900784312,-0.977437700644467,-0.4429062146286711,-0.977526900784312,-0.00017157655433747428,-0.00017157655433747428,,,,,,,,,,18.400000000000002,0.261731299490246,-0.09857651601256764,0.24245812756778606
24237.58,-0.976990927971584,-0.9775805075707193,-0.4430989299178165,-0.976990927971584,0.0011340569230389413,0.0011340569230389413,,,,,,,,,,18.45,0.2568864268891215,-0.1470348652639784,0.21064516305071826
24237.928,-0.978446551861429,-0.9777130323982792,-0.4432777543411248,-0.978446551861429,-0.0014109253891906608,-0.0014109253891906608,,,,,,,,,,18.5,0.25120361046596956,-0.18572833631359487,0.16913970261686867
24238.329,-0.978440863714745,-0.9778657406047504,-0.4434837951767321,-0.978440863714745,-0.0011062498523450827,-0.0011062498523450827,,,,,,,,,,18.55,0.24472365256176012,-0.2127804991968016,0.12088889644929762
24238.703,-0.978821577708852,-0.9780081667125327,-0.4436759452379704,-0.978821577708852,-0.0015645968296815068,-0.0015645968296815068,,,,,,,,,,18.6,0.23749079177383842,-0.22719621909831378,0.06916468900237806
24239.078,-0.976787067251847,-0.9781509736387832,-0.44386859191685346,-0.976787067251847,0.00262347524023984,0.00262347524023984,,,,,,,,,,18.650000000000002,0.22955274255612096,-0.22889967470431133,0.017303194366856275
24239.479,-0.978398066082142,-0.9783036818452544,-0.44407457642913073,-0.978398066082142,-0.0001815481699588622,-0.0001815481699588622,,,,,,,,,,18.7,0.2209608029519142,-0.21869652225127215,-0.03155166550839256
24239.854,-0.978194353099057,-0.978446488771505,-0.44426718756624695,-0.978194353099057,0.00048498320719384745,0.00048498320719384745,,,,,,,,,,18.75,0.21177005638062738,-0.19816572847477454,-0.07467865048001357
24240.228,-0.977710538833335,-0.9785889148792855,-0.44445926796682755,-0.977710538833335,0.0016895571648045552,0.0016895571648045552,,,,,,,,,,18.8,0.20203970509207064,-0.1694925861862847,-0.10996502017267001
24240.63,-0.977959280977341,-0.9787420039042285,-0.44466570966788055,-0.977959280977341,0.0015055682987673927,0.0015055682987673927,,,,,,,,,,18.85,0.1918335900921452,-0.13525926562540322,-0.13603329500573674
24241.004,-0.979409217657839,-0.978884430012009,-0.4448577546214665,-0.979409217657839,-0.0010094295388640268,-0.0010094295388640268,,,,,,,,,,18.900000000000002,0.18122097795012468,-0.09821253194748948,-0.15230016880379002
24241.379,-0.978045926303581,-0.9790272369382595,-0.44505029591167755,-0.978045926303581,0.0018875519447095874,0.0018875519447095874,,,,,,,,,,18.95,0.17027773331654472,-0.0610297105009481,-0.15896503042993698
24241.78,-0.978315657123622,-0.9791799451447307,-0.44525616772834553,-0.978315657123622,0.0016624588355422898,0.0016624588355422898,,,,,,,,,,19.0,0.15908805360374467,-0.026103512187500736,-0.15693188156300472
24242.155,-0.978745009049386,-0.9793227520709813,-0.4454486734767755,-0.978745009049386,0.0011112892548156602,0.0011112892548156602,,,,,,,,,,19.05,0.14774702762679465,0.004635978573445167,-0.14767427628134622
24242.53,-0.979212974390177,-0.9794655589972319,-0.44564116204973914,-0.979212974390177,0.0004858467333398191,0.0004858467333398191,,,,,,,,,,19.1,0.136364401928022,0.02984775563199833,-0.1330577378318136
24242.904,-0.979081641377805,-0.9796079851050141,-0.4458331202130168,-0.979081641377805,0.0010124226628857467,0.0010124226628857467,,,,,,,,,,19.150000000000002,0.12507009777080183,0.04884549935921337,-0.1151375114753963
24243.279,-0.979769054319122,-0.9797507920312647,-0.4460255744808421,-0.979769054319122,-3.512752816660944e-05,-3.512752816660944e-05,,,,,,,,,,19.200000000000003,0.11402218258301551,0.061598893109670295,-0.09595120889628198
24243.654,-0.97836366311484,-0.9798935989575153,-0.4462180115732082,-0.97836366311484,0.00294283305720879,0.00294283305720879,,,,,,,,,,19.25,0.10341800710693773,0.06867320937404309,-0.07732576872065007
24244.028,-0.979090051818561,-0.9800360250652975,-0.4464099183931509,-0.979090051818561,0.0018195804451927224,0.0018195804451927224,,,,,,,,,,19.3,0.09350859295724087,0.07111535894331585,-0.06071624724244989
24244.376,-0.979795852758447,-0.9801685498928592,-0.44658846875349667,-0.979795852758447,0.0007168832946335527,0.0007168832946335527,,,,,,,,,,19.35,0.08461388837133534,0.07029934164229326,-0.04709047324010376
24244.751,-0.979891821005831,-0.9803113568191097,-0.44678085560189373,-0.979891821005831,0.0008069775382480415,0.0008069775382480415,,,,,,,,,,19.400000000000002,0.07712999704113382,0.06774747675473285,-0.036868900674311464
24245.126,-0.980242912149821,-0.9804541637453603,-0.4469732252748031,-0.980242912149821,0.0004063426461427778,0.0004063426461427778,,,,,,,,,,19.450000000000003,0.07150771146769594,0.06494563272166114,-0.029923529032023482
24245.501,-0.980182240385339,-0.9805969706716127,-0.4471655777722603,-0.980182240385339,0.0007977341024560733,0.0007977341024560733,,,,,,,,,,19.5,0.06817368865962645,0.06317077814904677,-0.025634051835470607
24245.875,-0.980768402947074,-0.9807393967793931,-0.4473574002228844,-0.980768402947074,-5.579339128687674e-05,-5.579339128687674e-05,,,,,,,,,,19.55,0.06739166302132475,0.06334756095571543,-0.022993972378467085
24246.25,-0.980145367383127,-0.9808822037056437,-0.4475497184152104,-0.980145367383127,0.001417305371356502,0.001417305371356502,,,,,,,,,,19.6,0.06913631446018317,0.06594746892710146,-0.02075479027227981
24246.598,-0.981282191281618,-0.9810147285332054,-0.44772817433263157,-0.981282191281618,-0.0005144648524765681,-0.0005144648524765681,,,,,,,,,,19.650000000000002,0.07308871028844435,0.0709397515627015,-0.017592930962472983
24246.973,-0.981083603374253,-0.9811575354594577,-0.4479204594106392,-0.981083603374253,0.00014220843662846234,0.00014220843662846234,,,,,,,,,,19.700000000000003,0.07876165609633744,0.07779811647502324,-0.012282163652078786
24247.374,-0.980246673104064,-0.9813102436659271,-0.44812605725106636,-0.980246673104064,0.002045778993354369,0.002045778993354369,,,,,,,,,,19.75,0.08564850183816111,0.08556174754219163,-0.0038539881483666927
24247.722,-0.980874505536987,-0.9814427684934888,-0.4483044653944859,-0.980874505536987,0.0010930543405379232,0.0010930543405379232,,,,,,,,,,19.8,0.09331115300845337,0.09294394122390602,0.008270130926055485
24248.097,-0.98010414787341,-0.9815855754197411,-0.44849669899190303,-0.98010414787341,0.0028495273027786564,0.0028495273027786564,,,,,,,,,,19.85,0.10140411962287847,0.09847710973589859,0.02418789644749694
24248.472,-0.98134487702238,-0.9817283823459917,-0.4486889154138254,-0.98134487702238,0.0007376728568999625,0.0007376728568999625,,,,,,,,,,19.900000000000002,0.10966539165082746,0.10067947141351803,0.043475765224133586
24248.847,-0.980919292221976,-0.9818711892722423,-0.44888111466028846,-0.980919292221976,0.001830974886949931,0.001830974886949931,,,,,,,,,,19.950000000000003,0.11789801598099178,0.09822674677627002,0.06520313174997594
24249.222,-0.981534056825198,-0.9820139961984946,-0.44907329673128515,-0.981534056825198,0.0009231638437358368,0.0009231638437358368,,,,,,,,,,20.0,0.12595286883091447,0.09011177461786625,0.08799996160201674
24249.597,-0.980657426198726,-0.9821568031247452,-0.44926546162681547,-0.980657426198726,0.002884052951782513,0.002884052951782513,,,,,,,,,,20.05,0.13371539809467684,0.07577617669657333,0.11017158768424644
24249.972,-0.981421019711238,-0.9822996100509958,-0.4494576093468794,-0.981421019711238,0.0016899693591480567,0.0016899693591480567,,,,,,,,,,20.1,0.1410961705909412,0.0552009026617307,0.12984987370328133
24250.32,-0.98141255303594,-0.9824321348785574,-0.44963590706606027,-0.98141255303594,0.001961166649797398,0.001961166649797398,,,,,,,,,,20.150000000000002,0.14802433354448954,0.02894641238205539,0.14516648556570586
24250.695,-0.981736479105031,-0.982574941804808,-0.4498280216718129,-0.981736479105031,0.001612783805251287,0.001612783805251287,,,,,,,,,,20.200000000000003,0.15444313076885977,-0.001861976052918234,0.15443190631105178
24251.07,-0.982109710489779,-0.9827177487310585,-0.45002011910209916,-0.982109710489779,0.001169562138864351,0.001169562138864351,,,,,,,,,,20.25,0.16030682020531134,-0.035602879086305494,0.1563032680563779
24251.444,-0.982043502576782,-0.982860174838839,-0.45021168716573357,-0.982043502576782,0.0015708698774482836,0.0015708698774482836,,,,,,,,,,20.3,0.16557853673687195,-0.07027601147899686,0.14992509475910815
24251.819,-0.983128869796098,-0.9830029817650914,-0.45040375029088864,-0.983128869796098,-0.00024214574808936127,-0.00024214574808936127,,,,,,,,,,20.35,0.17022879254085052,-0.10365743471054246,0.1350295450601295
24252.194,-0.983018205029906,-0.983145788691342,-0.4505957962405631,-0.983018205029906,0.00024540729484245433,0.00024540729484245433,,,,,,,,,,20.400000000000002,0.1742344097099018,-0.13347906032394002,0.111986472316954
24252.569,-0.981026361336313,-0.9832885956175925,-0.4507878250147783,-0.981026361336313,0.00435140980451776,0.00435140980451776,,,,,,,,,,20.450000000000003,0.1775777482833712,-0.15761632874748613,0.08179822490468071
24252.971,-0.982219774471129,-0.9834416846425356,-0.45099366078579095,-0.982219774471129,0.0023503453838085537,0.0023503453838085537,,,,,,,,,,20.5,0.18024613798720973,-0.17426722531921565,0.04603916201285575
24253.346,-0.982431478924919,-0.9835844915687861,-0.4511856539724377,-0.982431478924919,0.002217820923666117,0.002217820923666117,,,,,,,,,,20.55,0.18223145179418845,-0.18210658551462097,0.006744889563489427
24253.721,-0.982943796083601,-0.9837272984950367,-0.45137762998360387,-0.982943796083601,0.001507067638041522,0.001507067638041522,,,,,,,,,,20.6,0.18352977923879907,-0.18040189551127575,-0.03373923477764522
24254.096,-0.983446679276612,-0.983870105421289,-0.45156958881931075,-0.983446679276612,0.0008144605944150053,0.0008144605944150053,,,,,,,,,,20.650000000000002,0.18414117075807865,-0.16908029303955055,-0.07293713233885465
24254.471,-0.983752256184172,-0.9840129123475396,-0.45176153047952994,-0.983752256184172,0.0005013723796301974,0.0005013723796301974,,,,,,,,,,20.700000000000003,0.18406943345155308,-0.14874088546121536,-0.1084329531249119
24254.846,-0.982513327826363,-0.9841557192737902,-0.45195345496430406,-0.982513327826363,0.003159141520545198,0.003159141520545198,,,,,,,,,,20.75,0.18332196503465736,-0.12061141509215402,-0.1380573410349347
24255.221,-0.983727962573143,-0.9842985262000425,-0.4521453622736047,-0.983727962573143,0.0010974796822492432,0.0010974796822492432,,,,,,,,,,20.8,0.18190961736904085,-0.08645326207948423,-0.1600529361404122
24255.569,-0.983681501311601,-0.9844310510276024,-0.4523234368915823,-0.983681501311601,0.0014417595958882018,0.0014417595958882018,,,,,,,,,,20.85,0.17984658444251328,-0.04842332927271675,-0.17320500892810262
24255.945,-0.983288828696845,-0.9845742387723231,-0.45251582272813806,-0.983288828696845,0.0024724875100459896,0.0024724875100459896,,,,,,,,,,20.900000000000002,0.17715031250037136,-0.008905090318356908,-0.17692634791178258
24256.32,-0.983778069009286,-0.9847170456985754,-0.4527076797018452,-0.983778069009286,0.0018061225602490673,0.0018061225602490673,,,,,,,,,,20.950000000000003,0.17384143254729895,0.029676329934855368,-0.17128969353611062
24256.668,-0.984143997442877,-0.9848495705261371,-0.4528857076084165,-0.984143997442877,0.0013571705007341315,0.0013571705007341315,,,,,,,,,,21.0,0.16994371794303947,0.06503895710307875,-0.15700573660617384
24257.043,-0.984442716839431,-0.9849923774523877,-0.4530775314678408,-0.984442716839431,0.0010572727149304104,0.0010572727149304104,,,,,,,,,,21.05,0.16548407260152245,0.09521281418062465,-0.13534954119091722
24257.418,-0.984740743078678,-0.9851351843786382,-0.4532693381517845,-0.984740743078678,0.0007587082178699016,0.0007587082178699016,,,,,,,,,,21.1,0.16049255871408116,0.11867864942924675,-0.10804276732962158
24257.766,-0.983544045552993,-0.9852677092061981,-0.45344731938945415,-0.983544045552993,0.0033154686861192216,0.0033154686861192216,,,,,,,,,,21.150000000000002,0.15500247739687026,0.13446530563566877,-0.07710285065724523
24258.142,-0.984188059982415,-0.9854108969509205,-0.45363960433232364,-0.984188059982415,0.0023521280789151407,0.0023521280789151407,,,,,,,,,,21.200000000000003,0.1490505218318757,0.14219838352022204,-0.0446730095537596
24258.517,-0.984647460768173,-0.9855537038771711,-0.4538313606806952,-0.984647460768173,0.0017431594872396403,0.0017431594872396403,,,,,,,,,,21.25,0.14267703123410003,0.14209734268909058,-0.012848363416229669
24258.892,-0.984856416757917,-0.9856965108034217,-0.45402309985358613,-0.984856416757917,0.001615921700319419,0.001615921700319419,,,,,,,,,,21.3,0.1359263866722552,0.13492285283161137,0.01648655141485866
24259.24,-0.984620623018993,-0.9858290356309833,-0.4542010184410117,-0.984620623018993,0.0023243828153570777,0.0023243828153570777,,,,,,,,,,21.35,0.1288476083709779,0.12188062566599928,0.04179496704371774
24259.616,-0.986005742119017,-0.9859722233757058,-0.4543932356927982,-0.986005742119017,-6.44733348295039e-05,-6.44733348295039e-05,,,,,,,,,,21.400000000000002,0.12149524147606937,0.1044917233790939,0.06198849446950077
24260.017,-0.985144554813528,-0.9861249315821752,-0.4545982143194891,-0.985144554813528,0.00188575565250469,0.00188575565250469,,,,,,,,,,21.450000000000003,0.11393065723193815,0.08444211675404639,0.07648348563838718
24260.393,-0.985678470576508,-0.9862681193268976,-0.4547903958888071,-0.985678470576508,0.0011341899355427087,0.0011341899355427087,,,,,,,,,,21.5,0.10622395358461047,0.06342581655158172,0.08520970666485468
24260.768,-0.984920551030086,-0.9864109262531482,-0.45498204913857876,-0.984920551030086,0.0028667381675319434,0.0028667381675319434,,,,,,,,,,21.55,0.09845671621494817,0.042996102559615466,0.08857234406130317
24261.143,-0.986087871596366,-0.9865537331793988,-0.4551736852128556,-0.986087871596366,0.0008960852006938618,0.0008960852006938618,,,,,,,,,,21.6,0.09072599122675903,0.024438230253825313,0.08737264094748982
24261.545,-0.985460456589968,-0.98670682220434,-0.4553791000095444,-0.985460456589968,0.0023973854517513014,0.0023973854517513014,,,,,,,,,,21.650000000000002,0.08314988492460315,0.008674634019986896,0.08269615521651555
24261.92,-0.986182371949935,-0.9868496291305906,-0.455570700496267,-0.986182371949935,0.0012834698254142083,0.0012834698254142083,,,,,,,,,,21.700000000000003,0.07587511297375775,-0.0037896917968018753,0.07578041306871951
24262.296,-0.985691738616869,-0.986992816875313,-0.4557627946733902,-0.985691738616869,0.0025026252749720994,0.0025026252749720994,,,,,,,,,,21.75,0.06908621583971127,-0.012877939995933061,0.06787535547245642
24262.644,-0.986484725213451,-0.9871253417028747,-0.4559405685786899,-0.986484725213451,0.0012322264303401252,0.0012322264303401252,,,,,,,,,,21.8,0.0630142584972912,-0.018908925654410887,0.060110309469835525
24263.02,-0.987265957867782,-0.9872685294475954,-0.4561326295072661,-0.987265957867782,4.9464362313663845e-06,4.9464362313663845e-06,,,,,,,,,,21.85,0.05793847372144966,-0.022525887370680956,0.053380250424052055
24263.368,-0.985853247564397,-0.9874010542751552,-0.456310372639976,-0.985853247564397,0.002977207689065106,0.002977207689065106,,,,,,,,,,21.900000000000002,0.05416759217568791,-0.024594931148808664,0.048261966432139994
24263.743,-0.986463611424694,-0.9875438612014058,-0.4565018896310207,-0.986463611424694,0.0020778614790743282,0.0020778614790743282,,,,,,,,,,21.950000000000003,0.05198527364084729,-0.026084141919459833,0.0449676129657696
24264.119,-0.987299837705392,-0.9876870489461282,-0.45669390008980315,-0.987299837705392,0.000744801192034941,0.000744801192034941,,,,,,,,,,22.0,0.05156280340145462,-0.027936039929960476,0.043339362796985303
24264.494,-0.986917215054477,-0.9878298558723788,-0.4568853826840993,-0.986917215054477,0.0017554654864370555,0.0017554654864370555,,,,,,,,,,22.05,0.052884672999738855,-0.030946474928327194,0.04288477967530816
24264.869,-0.986152281237565,-0.9879726627986294,-0.45707684810292193,-0.986152281237565,0.0035015056744249523,0.0035015056744249523,,,,,,,,,,22.1,0.055747577758938585,-0.03566220767776259,0.042848563214383684
24265.245,-0.986663590362958,-0.9881158505433518,-0.4572688068519639,-0.986663590362958,0.002793423846491343,0.002793423846491343,,,,,,,,,,22.150000000000002,0.05983553453032459,-0.042307421827671575,0.04231280244589249
24265.62,-0.986800501064702,-0.9882586574696024,-0.4574602378740664,-0.986800501064702,0.0028047652399712983,0.0028047652399712983,,,,,,,,,,22.200000000000003,0.06481137191795579,-0.05074644365196853,0.04031516323376567
24265.995,-0.987754226697258,-0.988401464395853,-0.4576516517206741,-0.987754226697258,0.001244962332516162,0.001244962332516162,,,,,,,,,,22.25,0.07037495511620694,-0.060486314604139876,0.03597276821732177
24266.398,-0.987835268451058,-0.9885549342392661,-0.4578573386541862,-0.987835268451058,0.0013842778321853475,0.0013842778321853475,,,,,,,,,,22.3,0.07628283310894755,-0.07071891353717695,0.02859905409709973
24266.773,-0.987889092398394,-0.9886977411655167,-0.458048716867431,-0.987889092398394,0.001555436677265305,0.001555436677265305,,,,,,,,,,22.35,0.08234565888662917,-0.08039843929731795,0.017801643071036186
24267.148,-0.987740338130933,-0.9888405480917672,-0.4582400779052094,-0.987740338130933,0.002116254912331461,0.002116254912331461,,,,,,,,,,22.400000000000002,0.08841795012235945,-0.08834660809770618,0.0035511605807623157
24267.551,-0.987888279528412,-0.9889940179351786,-0.4584457080867992,-0.987888279528412,0.0021268888833719376,0.0021268888833719376,,,,,,,,,,22.450000000000003,0.09438745191174285,-0.0933752175021194,-0.013786219018406218
24267.926,-0.988879896570654,-0.9891368248614292,-0.45863703349121465,-0.988879896570654,0.0004942018131317293,0.0004942018131317293,,,,,,,,,,22.5,0.10016649027867738,-0.09441403001155896,-0.03345619093269308
24268.328,-0.989646036469205,-0.9892899138863722,-0.45884211524979435,-0.989646036469205,-0.000685002128812395,-0.000685002128812395,,,,,,,,,,22.55,0.10568557987232267,-0.09063138758613436,-0.05436352984456571
24268.704,-0.988702838673103,-0.9894331016310929,-0.4590339151498455,-0.988702838673103,0.0014046614983996637,0.0014046614983996637,,,,,,,,,,22.6,0.11088888572641421,-0.0815356273680639,-0.07515508264476847
24269.079,-0.988867952119783,-0.9895759085573435,-0.4592251877454103,-0.988867952119783,0.0013617548850112396,0.0013617548850112396,,,,,,,,,,22.650000000000002,0.11573105034971044,-0.06704715875179648,-0.09433108988217308
24269.455,-0.988729607742649,-0.9897190963020659,-0.45941695315699604,-0.988729607742649,0.0019032821907684237,0.0019032821907684237,,,,,,,,,,22.700000000000003,0.12017498066742933,-0.04753380760841696,-0.1103746488676771
24269.83,-0.989501700875842,-0.9898619032283165,-0.4596081913558123,-0.989501700875842,0.000692849569621626,0.000692849569621626,,,,,,,,,,22.75,0.1241902971707242,-0.023805471552843516,-0.1218873637236426
24270.206,-0.988848045361664,-0.9900050909730354,-0.4597999222789326,-0.988848045361664,0.002225578340519089,0.002225578340519089,,,,,,,,,,22.8,0.1277522374956835,0.002932065520794388,-0.12771858587118515
24270.581,-0.988314131390305,-0.9901478978992877,-0.45999112608102877,-0.988314131390305,0.003527251634552464,0.003527251634552464,,,,,,,,,,22.85,0.130840872333066,0.03116049877377632,-0.1270761865537645
24270.957,-0.989255832402007,-0.9902910856440084,-0.46018282251567655,-0.989255832402007,0.001991310601506649,0.001991310601506649,,,,,,,,,,22.900000000000002,0.13344053709057388,0.05916242188906668,-0.11960846447990588
24271.306,-0.990205095653685,-0.9904239912900401,-0.4603607380630663,-0.990205095653685,0.0004210459659656286,0.0004210459659656286,,,,,,,,,,22.950000000000003,0.13553941360455096,0.08515487878024086,-0.1054494156464986
24271.681,-0.989785581743883,-0.9905667982162907,-0.4605518914837674,-0.989785581743883,0.001502670632134089,0.001502670632134089,,,,,,,,,,23.0,0.13712921701512945,0.10743125448516985,-0.0852229295373325
24272.057,-0.990032695259014,-0.9907099859610131,-0.460743537402692,-0.990032695259014,0.0013027693133182464,0.0013027693133182464,,,,,,,,,,23.05,0.13820495699700203,0.12449893423499016,-0.06000521238104883
24272.432,-0.990389920887992,-0.9908527928872637,-0.46093465642666587,-0.990389920887992,0.0008903347334689833,0.0008903347334689833,,,,,,,,,,23.1,0.13876475214670633,0.13520054027689055,-0.03124852551999434
24272.808,-0.989820906767907,-0.9909959806319844,-0.4611262678571393,-0.989820906767907,0.0022602557018483304,0.0022602557018483304,,,,,,,,,,23.150000000000002,0.138809682983805,0.13880805239742108,-0.0006728147584914739
24273.184,-0.990188113239561,-0.9911391683767068,-0.46131786202040814,-0.990188113239561,0.0018293554662572296,0.0018293554662572296,,,,,,,,,,23.200000000000003,0.13834367373689635,0.1350815843435916,0.029865324947938796
24273.559,-0.989979014981009,-0.9912819753029574,-0.46150892942635835,-0.989979014981009,0.0025062454259232895,0.0025062454259232895,,,,,,,,,,23.25,0.13737339653316114,0.12428778993284684,0.058514915608463995
24273.935,-0.990825725925205,-0.991425163047678,-0.4617004891011902,-0.990825725925205,0.0011530178786105755,0.0011530178786105755,,,,,,,,,,23.3,0.13590819425737086,0.10717650900783136,0.0835717247829282
24274.311,-0.990866919664939,-0.9915683507924005,-0.4618920315088033,-0.990866919664939,0.001349203444792409,0.001349203444792409,,,,,,,,,,23.35,0.13396002052741135,0.08491799645643333,0.103606085620149
24274.686,-0.990173439387285,-0.991711157718651,-0.4620830472967512,-0.990173439387285,0.002957802681651771,0.002957802681651771,,,,,,,,,,23.400000000000002,0.13154339720866798,0.059006563457226435,0.1175665378335422
24275.062,-0.990527521283331,-0.9918543454633717,-0.4622745552158989,-0.990527521283331,0.0025521475797966302,0.0025521475797966302,,,,,,,,,,23.450000000000003,0.12867539188755436,0.0311393813157484,0.12485069246379098
24275.438,-0.990140492156619,-0.9919975332080924,-0.4624660458678491,-0.990140492156619,0.0035720202393019654,0.0035720202393019654,,,,,,,,,,23.5,0.1253756199776551,0.0030812925467660194,0.12533775058226723
24275.813,-0.990099564241112,-0.9921403401343429,-0.4626570100377947,-0.990099564241112,0.003925434383217843,0.003925434383217843,,,,,,,,,,23.55,0.12166627891400278,-0.023472441757434955,0.1193806010318416
24276.189,-0.991094882719453,-0.9922835278790636,-0.4628484662012937,-0.991094882719453,0.002286360101791387,0.002286360101791387,,,,,,,,,,23.6,0.11757222556035815,-0.047023542393354094,0.1077590584776805
24276.565,-0.990577698307955,-0.992426715623786,-0.4630399050975953,-0.990577698307955,0.0035565865761171146,0.0035565865761171146,,,,,,,,,,23.650000000000002,0.11312111301273511,-0.0663774403454082,0.09159924466081457
24276.94,-0.992048681668512,-0.9925695225500366,-0.46323081764952434,-0.992048681668512,0.0010018379339464271,0.0010018379339464271,,,,,,,,,,23.700000000000003,0.10834361015659405,-0.0807205766993195,0.07226704891645507
24277.316,-0.991742898754336,-0.9927127102947573,-0.4634222220573676,-0.991742898754336,0.0018654334259036024,0.0018654334259036024,,,,,,,,,,23.75,0.10327373768943486,-0.08966234661037355,0.05124576564622128
24277.692,-0.991711814513988,-0.9928558980394797,-0.4636136091980134,-0.991711814513988,0.00220064575592764,0.00220064575592764,,,,,,,,,,23.8,0.09794936939976978,-0.09323908190554503,0.030009208107239737
24278.041,-0.990286418202459,-0.9929888036855115,-0.4637912376613116,-0.990286418202459,0.005198041062259115,0.005198041062259115,,,,,,,,,,23.85,0.09241296946299479,-0.09188096875688782,0.009901742536756391
24278.417,-0.991421205949254,-0.9931319914302321,-0.4639825915075022,-0.991421205949254,0.0032906975095190155,0.0032906975095190155,,,,,,,,,,23.900000000000002,0.08671266815802098,-0.08634615199066045,-0.007964223470548114
24278.819,-0.992226394565612,-0.9932850804551734,-0.4641871581690964,-0.992226394565612,0.002036383321508356,0.002036383321508356,,,,,,,,,,23.950000000000003,0.08090382254088399,-0.07762917738064785,-0.02278462904966329
24279.195,-0.991271800210112,-0.993428268199894,-0.4643784762868961,-0.991271800210112,0.004147968241626704,0.004147968241626704,,,,,,,,,,24.0,0.07505126564746278,-0.06685310547900551,-0.03410798679340353
24279.571,-0.99153836897086,-0.9935714559446147,-0.46456977713749836,-0.99153836897086,0.003910644739248669,0.003910644739248669,,,,,,,,,,24.05,0.06923250813886056,-0.05515590320268595,-0.04184455191650799
24279.974,-0.992042727821025,-0.9937249257880261,-0.4647747958456421,-0.992042727821025,0.00323570939903199,0.00323570939903199,,,,,,,,,,24.1,0.06354217948313864,-0.04358197791230069,-0.046240888558927384
24280.349,-0.991494180179135,-0.9938677327142766,-0.4649655522611198,-0.991494180179135,0.004565530572329432,0.004565530572329432,,,,,,,,,,24.150000000000002,0.05809785973527469,-0.03298895458023528,-0.0478235316713731
24280.725,-0.992174524691246,-0.9940109204589973,-0.4651568001161337,-0.992174524691246,0.0035323090163094954,0.0035323090163094954,,,,,,,,,,24.200000000000003,0.053046851911849754,-0.02397809709207088,-0.04731827720448981
24281.101,-0.99317695632914,-0.9941541082037197,-0.46534803070394304,-0.99317695632914,0.001879552565680403,0.001879552565680403,,,,,,,,,,24.25,0.04857176552477837,-0.016854313485113494,-0.045553798119800835
24281.504,-0.992474171797756,-0.9943075780471311,-0.46555297410384355,-0.992474171797756,0.003526558674852572,0.003526558674852572,,,,,,,,,,24.3,0.04488928524178333,-0.011618704938589443,-0.043359585157934616
24281.853,-0.99243776692886,-0.9944404836931611,-0.4657304400779978,-0.99243776692886,0.0038522276123067987,0.0038522276123067987,,,,,,,,,,24.35,0.042231910903653185,-0.007993408188615006,-0.041468538967562904
24282.256,-0.991968406080297,-0.9945939535365742,-0.4659353464636453,-0.991968406080297,0.005050243044239242,0.005050243044239242,,,,,,,,,,24.400000000000002,0.04080291426352379,-0.005475347425601494,-0.04043387667495453
24282.605,-0.993795032897168,-0.9947268591826042,-0.46611278038327697,-0.993795032897168,0.0017923687515959458,0.0017923687515959458,,,,,,,,,,24.450000000000003,0.0407117301762119,-0.0034127504247021476,-0.04056843734332613
24282.981,-0.992069962739962,-0.9948700469273248,-0.4663039246351204,-0.992069962739962,0.005385964613477078,0.005385964613477078,,,,,,,,,,24.5,0.04192647016249044,-0.0010961518952917885,-0.04191213847214968
24283.356,-0.993117288991519,-0.9950128538535772,-0.46649454332624174,-0.993117288991519,0.0036461208258210874,0.0036461208258210874,,,,,,,,,,24.55,0.044282495732583645,0.002145700252913679,-0.044230480426182744
24283.732,-0.993156150898528,-0.9951560415982978,-0.46668565308961973,-0.993156150898528,0.0038467916744769383,0.0038467916744769383,,,,,,,,,,24.6,0.047540708002723996,0.006854987875239004,-0.047043895019764165
24284.081,-0.99312311935457,-0.9952889472443278,-0.46686302409369773,-0.99312311935457,0.004165972018185486,0.004165972018185486,,,,,,,,,,24.650000000000002,0.05145173827708018,0.013368370329136865,-0.04968468623707119
24284.457,-0.993619561360733,-0.9954321349890485,-0.46705410056262764,-0.993619561360733,0.003486487108311905,0.003486487108311905,,,,,,,,,,24.700000000000003,0.05579491169370853,0.02176279785436187,-0.05137560511039179
24284.833,-0.992472282238094,-0.9955753227337709,-0.4672451597643672,-0.992472282238094,0.005968701362383772,0.005968701362383772,,,,,,,,,,24.75,0.06039077259543953,0.03182920939184889,-0.05132199181797146
24285.209,-0.993565348500063,-0.9957185104784916,-0.4674362016989093,-0.993565348500063,0.004141609125625185,0.004141609125625185,,,,,,,,,,24.8,0.06509881456504137,0.04307696408640824,-0.04880810202079095
24285.585,-0.992824575534643,-0.9958616982232122,-0.4676272263662611,-0.992824575534643,0.005841908397342936,0.005841908397342936,,,,,,,,,,24.85,0.06981017574942347,0.05476882656089309,-0.043287830568281026
24285.961,-0.992853566664884,-0.9960048859679347,-0.4678182337664225,-0.992853566664884,0.0060615656945598026,0.0060615656945598026,,,,,,,,,,24.900000000000002,0.07444012014526628,0.06598332744475181,-0.03446058598689728
24286.337,-0.993280181273623,-0.9961480737126553,-0.4680092238993794,-0.993280181273623,0.005516393850441252,0.005516393850441252,,,,,,,,,,24.950000000000003,0.07892190352012901,0.07569863753986344,-0.022324496183540782
24286.713,-0.993691418406574,-0.996291261457376,-0.4682001967651459,-0.993691418406574,0.005000800595714003,0.005000800595714003,,,,,,,,,,25.0,0.0832022078343718,0.08288997939319763,-0.007201298820995522
24287.09,-0.993476493504057,-0.9964348300205685,-0.46839166020132694,-0.993476493504057,0.005690363120008355,0.005690363120008355,,,,,,,,,,25.05,0.0872378762727848,0.08663125140824927,0.010270021228138637
24287.492,-0.993360472817166,-0.996587919045508,-0.46859580102781706,-0.993360472817166,0.0062079959081949845,0.0062079959081949845,,,,,,,,,,25.1,0.09099361485261712,0.0861910808524814,0.029170799190756484
24287.869,-0.99501129641079,-0.9967314876086988,-0.46878722859454314,-0.99501129641079,0.0033087894150343783,0.0033087894150343783,,,,,,,,,,25.150000000000002,0.09444037955961641,0.08111399244376966,0.04836843517415561
24288.271,-0.993683716094708,-0.9968845766336418,-0.4689913311729512,-0.993683716094708,0.006156858309181533,0.006156858309181533,,,,,,,,,,25.200000000000003,0.09755424024830814,0.0712787301992151,0.06660459752608767
24288.621,-0.994495947887653,-0.9970178630981419,-0.4691690163496247,-0.994495947887653,0.004850906320311341,0.004850906320311341,,,,,,,,,,25.25,0.10031557405802813,0.056927871044718366,0.08259801387992112
24289.024,-0.993887279332411,-0.9971713329415532,-0.4693735896070166,-0.993887279332411,0.006316880259325299,0.006316880259325299,,,,,,,,,,25.3,0.10270848672447504,0.0386655189298422,0.09515256639270261
24289.4,-0.995686421221144,-0.9973145206862757,-0.4695644390766489,-0.995686421221144,0.0031316508789253758,0.0031316508789253758,,,,,,,,,,25.35,0.10472039216922262,0.017422817276372807,0.1032608637104586
24289.776,-0.995630719845613,-0.9974577084309963,-0.4697552712790838,-0.995630719845613,0.003514214292024032,0.003514214292024032,,,,,,,,,,25.400000000000002,0.10634170267811668,-0.005606011439581927,0.10619383392749433
24290.152,-0.995163561007969,-0.997600896175717,-0.4699460862143283,-0.995163561007969,0.004688216527174292,0.004688216527174292,,,,,,,,,,25.450000000000003,0.1075655968983098,-0.029051674501439344,0.10356813141479426
24290.501,-0.994443124594094,-0.9977338018217488,-0.4701231835614408,-0.994443124594094,0.006329620795871596,0.006329620795871596,,,,,,,,,,25.5,0.1083878430566283,-0.05147423282708426,0.09538515543485479
24290.878,-0.994538468709633,-0.9978773703849395,-0.4703144725771864,-0.994538468709633,0.00642238056707024,0.00642238056707024,,,,,,,,,,25.55,0.10880666180065096,-0.07147480703625225,0.08203804977772047
24291.254,-0.996065051711253,-0.9980205581296602,-0.4705052369048488,-0.996065051711253,0.0037614184668095445,0.0037614184668095445,,,,,,,,,,25.6,0.1088226179521742,-0.08780477766003467,0.06428594868271559
24291.63,-0.995394466807523,-0.9981637458743826,-0.47069598396532086,-0.995394466807523,0.00532671093471515,0.00532671093471515,,,,,,,,,,25.650000000000002,0.10843853395632498,-0.09946293607894419,0.043197685043910715
24292.006,-0.994767446476681,-0.9983069336191033,-0.4708867137586026,-0.994767446476681,0.006808206904985013,0.006808206904985013,,,,,,,,,,25.700000000000003,0.10765942039434266,-0.10577215862596559,0.020069909298484043
24292.382,-0.99557613485754,-0.9984501213638239,-0.47107742628468685,-0.99557613485754,0.00552811579463044,0.00552811579463044,,,,,,,,,,25.75,0.10649242094228012,-0.10642905405366213,-0.0036731691208610005
24292.785,-0.995619228455773,-0.9986035912072353,-0.47128181442160866,-0.995619228455773,0.0057404246078376665,0.0057404246078376665,,,,,,,,,,25.8,0.10494677084932122,-0.10152249512470302,-0.026589616307020877
24293.162,-0.995488186662096,-0.998747159770426,-0.47147299826937683,-0.995488186662096,0.006268637892016369,0.006268637892016369,,,,,,,,,,25.85,0.10303376957565592,-0.0915197568144895,-0.04732960791709627
24293.538,-0.995218245585714,-0.9988903475151467,-0.471663657708028,-0.995218245585714,0.007063291574683704,0.007063291574683704,,,,,,,,,,25.900000000000002,0.10076676984971711,-0.07722188441571141,-0.06473578973977503
24293.941,-0.994566604598918,-0.9990438173585581,-0.47186798894537674,-0.994566604598918,0.008611923026907336,0.008611923026907336,,,,,,,,,,25.950000000000003,0.09816118726566495,-0.05969263682698802,-0.07792565555737248
24294.344,-0.996108556801668,-0.9991972872019694,-0.47207230034666736,-0.996108556801668,0.005941175880237384,0.005941175880237384,,,,,,,,,,26.0,0.09523453687005211,-0.04016764482124791,-0.08634915936109273
24294.72,-0.996552647089309,-0.9993404749466919,-0.4722629055038752,-0.996552647089309,0.0053623895510337884,0.0053623895510337884,,,,,,,,,,26.05,0.09200650628094621,-0.019952084628662072,-0.08981710035954457
24295.097,-0.995531781434085,-0.9994840435098826,-0.472454000253542,-0.995531781434085,0.007602179884270205,0.007602179884270205,,,,,,,,,,26.1,0.08849907916427352,-0.00031604822007561933,-0.08849851482622147
24295.473,-0.995904113003581,-0.9996272312546033,-0.47264457083043965,-0.995904113003581,0.007161421518073173,0.007161421518073173,,,,,,,,,,26.150000000000002,0.08473672896878622,0.01760317836027451,-0.082888125494222
24295.876,-0.997150352901268,-0.9997807010980146,-0.47284880682502717,-0.997150352901268,0.005059477273125594,0.005059477273125594,,,,,,,,,,26.200000000000003,0.08074671157624508,0.03288353017189362,-0.07374757537581472
24296.253,-0.99706279943665,-0.9999242696612054,-0.47303984834606894,-0.99706279943665,0.0055040407147502685,0.0055040407147502685,,,,,,,,,,26.25,0.07655949821951871,0.04487844297591109,-0.0620264630918319
24296.629,-0.997824197217964,-1.000067457405926,-0.47323036583552636,-0.997824197217964,0.004314913117867545,0.004314913117867545,,,,,,,,,,26.3,0.07220940837774896,0.05325033822044328,-0.04877089437023805
24297.005,-0.996129211710621,-1.0002106451506485,-0.4734208660577863,-0.996129211710621,0.007850641126956041,0.007850641126956041,,,,,,,,,,26.35,0.06773552845240104,0.05797521537061716,-0.035028220301017106
24297.382,-0.996695474830209,-1.0003542137138393,-0.47361185559344676,-0.996695474830209,0.007037587743297079,0.007037587743297079,,,,,,,,,,26.400000000000002,0.063183037576699,0.05931896184263031,-0.021756769138158535
24297.731,-0.997031742607827,-1.0004871193598692,-0.4737886447567732,-0.997031742607827,0.00664642048861328,0.00664642048861328,,,,,,,,,,26.450000000000003,0.058605105700104694,0.057788592073613275,-0.009748694285388394
24298.108,-0.997161440513041,-1.0006306879230618,-0.4739796008633732,-0.997161440513041,0.006673100712506254,0.006673100712506254,,,,,,,,,,26.5,0.05406556945259003,0.0540638803392425,0.00042736740271660697
24298.484,-0.996912479363321,-1.0007738756677824,-0.47417003316494544,-0.996912479363321,0.007427399486166011,0.007427399486166011,,,,,,,,,,26.55,0.04964258647715437,0.04891655125292033,0.008459161049546702
24298.86,-0.9972407131529,-1.000917063412503,-0.4743604481993273,-0.9972407131529,0.0070714632418312755,0.0070714632418312755,,,,,,,,,,26.6,0.0454333019483458,0.04312518632509649,0.01429696577443176
24299.237,-0.996828357161605,-1.0010606319756956,-0.4745513523205389,-0.996828357161605,0.008140784654289445,0.008140784654289445,,,,,,,,,,26.650000000000002,0.04155895732188943,0.03739421141251138,0.01813339147867907
24299.613,-0.997454115670614,-1.0012038197204163,-0.47474173277461773,-0.997454115670614,0.007212559327463259,0.007212559327463259,,,,,,,,,,26.700000000000003,0.038168332094975686,0.032284740271422495,0.020359693527141842
24299.99,-0.997557034905486,-1.001347388283607,-0.4749326022235252,-0.997557034905486,0.0072907483493772655,0.0072907483493772655,,,,,,,,,,26.75,0.035434500653237624,0.028163730646683822,0.02150367672295461
24300.366,-0.996392445536817,-1.0014905760283277,-0.47512294809729383,-0.996392445536817,0.00980625887824647,0.00980625887824647,,,,,,,,,,26.8,0.03353679124492709,0.02517599615161628,0.02215593791243378
24300.743,-0.996909585527185,-1.0016341445915184,-0.4753137828739469,-0.996909585527185,0.009087693880642787,0.009087693880642787,,,,,,,,,,26.85,0.03262224522587686,0.02324129886301914,0.02289220196348684
24301.119,-0.998789999431005,-1.0017773323362391,-0.47550409416739114,-0.998789999431005,0.005746137701459567,0.005746137701459567,,,,,,,,,,26.900000000000002,0.03275650733336611,0.022076249400413566,0.024199751756817826
24301.496,-0.998639933706447,-1.0019209008994316,-0.47569489427175426,-0.998639933706447,0.00631094353489323,0.00631094353489323,,,,,,,,,,26.950000000000003,0.03389454521398648,0.02123830310625032,0.02641542497159589
24301.872,-0.998409725884292,-1.0020640886441523,-0.4758851709849026,-0.998409725884292,0.0070291702650386355,0.0070291702650386355,,,,,,,,,,27.0,0.0358956922024916,0.020186994381514774,0.0296814079271302
24302.249,-0.998294416801119,-1.002207657207343,-0.47607593641698287,-0.998294416801119,0.007527121665510184,0.007527121665510184,,,,,,,,,,27.05,0.03857102833922938,0.018355897862222265,0.03392322568414301
24302.625,-0.999138842062132,-1.0023508449520655,-0.4762661785498068,-0.999138842062132,0.006178290631990195,0.006178290631990195,,,,,,,,,,27.1,0.04172973302267647,0.01522779785070974,0.038852088628049
24303.002,-0.999041033241977,-1.0024944135152563,-0.4764569093096256,-0.999041033241977,0.006642580259802487,0.006642580259802487,,,,,,,,,,27.150000000000002,0.045205160963400735,0.010405276487986741,0.04399132640573048
24303.351,-0.998317883870507,-1.0026273191612862,-0.4766334589165169,-0.998317883870507,0.008289202905026117,0.008289202905026117,,,,,,,,,,27.200000000000003,0.04886223022902456,0.0036694162250898174,0.04872425399655955
24303.728,-0.998352873236767,-1.002770887724477,-0.47682415624728947,-0.998352873236767,0.008498055094209589,0.008498055094209589,,,,,,,,,,27.25,0.05259495043585709,-0.004979498933085952,0.0523586993891718
24304.105,-0.999383450095682,-1.0029144562876695,-0.47701483621887775,-0.999383450095682,0.006791893788709387,0.006791893788709387,,,,,,,,,,27.3,0.05632081004082429,-0.015303624596886788,0.05420177781080779
24304.481,-0.99900137574468,-1.0030576440323902,-0.4772049931178941,-0.99900137574468,0.007802235932395983,0.007802235932395983,,,,,,,,,,27.35,0.05997521263337034,-0.02683369394012631,0.05363747756881949
24304.858,-0.998518101679127,-1.003201212595581,-0.4773956384172209,-0.998518101679127,0.009007968328539433,0.009007968328539433,,,,,,,,,,27.400000000000002,0.0635069803647125,-0.03889941821169491,0.05019932089018373
24305.234,-0.998690930309039,-1.0033444003403034,-0.47758576073592707,-0.998690930309039,0.008950954057517354,0.008950954057517354,,,,,,,,,,27.450000000000003,0.0668750101740522,-0.05068155356293084,0.0436308046479475
24305.638,-0.999016546479222,-1.003498251002183,-0.477790021855796,-0.999016546479222,0.00862056293795286,0.00862056293795286,,,,,,,,,,27.5,0.07004587686823258,-0.06128092671724302,0.0339274650823708
24305.988,-0.998851573109846,-1.0036315374666849,-0.47796696463084487,-0.998851573109846,0.009194266013788135,0.009194266013788135,,,,,,,,,,27.55,0.07299213962505363,-0.06979805069540343,0.021356136499030377
24306.391,-0.999020484122843,-1.0037850073100962,-0.478170683065791,-0.999020484122843,0.009164564909316053,0.009164564909316053,,,,,,,,,,27.6,0.07569114881021642,-0.07541590581421594,0.006449120748725177
24306.768,-0.999096439828605,-1.003928575873287,-0.47836124041815964,-0.999096439828605,0.009294618305271549,0.009294618305271549,,,,,,,,,,27.650000000000002,0.07812420214470334,-0.07747810790507398,-0.010026652292574168
24307.171,-0.999597457942809,-1.0040820457166983,-0.4785649204606628,-0.999597457942809,0.008626108873872183,0.008626108873872183,,,,,,,,,,27.700000000000003,0.0802759433673551,-0.07555506583202276,-0.027123036530549254
24307.521,-1.00002839868611,-1.0042153321812002,-0.47874179770327885,-1.00002839868611,0.008053570583810052,0.008053570583810052,,,,,,,,,,27.75,0.0821339293154698,-0.06949180548418757,-0.04378208897878706
24307.898,-1.00065201245468,-1.004358900744391,-0.47893230302420164,-1.00065201245468,0.007130203171961973,0.007130203171961973,,,,,,,,,,27.8,0.08368831443595436,-0.059432804024252946,-0.05891923097721073
24308.275,-1.0000199764078,-1.0045024693075817,-0.47912279098596144,-1.0000199764078,0.008622079381521814,0.008622079381521814,,,,,,,,,,27.85,0.08493161764350916,-0.04582127801299239,-0.07151076951620153
24308.651,-1.00117622610392,-1.0046456570523041,-0.47931275638445925,-1.00117622610392,0.006673453748723641,0.006673453748723641,,,,,,,,,,27.900000000000002,0.08585854732276217,-0.029372704229266362,-0.08067796721927883
24309.001,-1.0002754006065,-1.0047789435168042,-0.47948957036028617,-1.0002754006065,0.008662569096902103,0.008662569096902103,,,,,,,,,,27.950000000000003,0.08646586773360006,-0.011024703931873932,-0.0857601433425746
24309.378,-0.999958284999094,-1.004922512079995,-0.47968000753382256,-0.999958284999094,0.009548695539821643,0.009548695539821643,,,,,,,,,,28.0,0.08675229524472833,0.008132428813474528,-0.08637027458461784
24309.755,-1.00001890715007,-1.0050660806431857,-0.4798704273482173,-1.00001890715007,0.009708243043078747,0.009708243043078747,,,,,,,,,,28.05,0.08671841645395645,0.026938524749462678,-0.0824281483269181
24310.131,-0.999166051707944,-1.0052092683879081,-0.48006032478009786,-0.999166051707944,0.011624133065983021,0.011624133065983021,,,,,,,,,,28.1,0.08636662287296384,0.04425244387610914,-0.07416815190816455
24310.481,-1.00063045728635,-1.0053425548524082,-0.4802370754891143,-1.00063045728635,0.009063724176787297,0.009063724176787297,,,,,,,,,,28.150000000000002,0.0857010588142369,0.05903934518080429,-0.06212106890985644
24310.858,-1.00021948869533,-1.005486123415599,-0.48042744451528563,-1.00021948869533,0.010130376923485855,0.010130376923485855,,,,,,,,,,28.200000000000003,0.08472758066868304,0.07044876791578122,-0.04707158405149104
24311.235,-1.00077062795918,-1.0056296919787915,-0.48061779618230105,-1.00077062795918,0.009346414290812852,0.009346414290812852,,,,,,,,,,28.25,0.08345372709067278,0.07787684599018575,-0.02999535670642012
24311.612,-1.00039543456233,-1.0057732605419822,-0.48080813049013926,-1.00039543456233,0.010344253417295795,0.010344253417295795,,,,,,,,,,28.3,0.08188870086546594,0.08100745336922567,-0.011981311617118134
24311.962,-1.00113511480309,-1.0059065470064823,-0.4809848178896132,-1.00113511480309,0.009177854408470049,0.009177854408470049,,,,,,,,,,28.35,0.0800433645645245,0.07982901421305232,0.005853947435847756
24312.338,-0.999843404935252,-1.0060497347512047,-0.48117461396857664,-0.999843404935252,0.011937881339121648,0.011937881339121648,,,,,,,,,,28.400000000000002,0.07793025365077434,0.07462592397530311,0.022452080191071547
24312.715,-1.00128672286104,-1.0061933033143955,-0.481364897488227,-1.00128672286104,0.009437812196582355,0.009437812196582355,,,,,,,,,,28.450000000000003,0.07556361266731802,0.06594581002504817,0.03689186494983306
24313.092,-0.999811117154782,-1.0063368718775862,-0.4815551636486859,-0.999811117154782,0.012552295453072253,0.012552295453072253,,,,,,,,,,28.5,0.07295946278249345,0.05454600135307866,0.0484542768587045
24313.469,-1.00010127660059,-1.006480440440777,-0.48174541245000313,-1.00010127660059,0.012270327750101897,0.012270327750101897,,,,,,,,,,28.55,0.07013571262835652,0.04132438069794536,0.05666845459176286
24313.846,-1.00033796052127,-1.0066240090039695,-0.48193564389214316,-1.00033796052127,0.01209122027088276,0.01209122027088276,,,,,,,,,,28.6,0.0671123295722364,0.027241096548100533,0.06133504250809273
24314.223,-1.00052535529187,-1.0067675775671603,-0.4821258579751273,-1.00052535529187,0.012006920518998869,0.012006920518998869,,,,,,,,,,28.650000000000002,0.0639115960408693,0.013238302774676662,0.06252551037886254
24314.6,-0.999878023193793,-1.006911146130351,-0.48231605469894845,-0.999878023193793,0.01352821869767097,0.01352821869767097,,,,,,,,,,28.700000000000003,0.060558486310030385,0.00016511437414266502,0.06055826121517682
24314.977,-0.999656705466349,-1.0070547146935418,-0.4825062340636066,-0.999656705466349,0.014230077826825527,0.014230077826825527,,,,,,,,,,28.75,0.057081214640296085,-0.0112856737892831,0.05595443353241493
24315.354,-1.00051676741231,-1.0071982832567326,-0.48269639606910886,-1.00051676741231,0.012851902119535085,0.012851902119535085,,,,,,,,,,28.8,0.05351202728959568,-0.020623793337218636,0.04937809446532064
24315.731,-0.999847155399015,-1.0073418518199233,-0.4828865407154339,-0.999847155399015,0.014416055736446302,0.014416055736446302,,,,,,,,,,28.85,0.04988833958848554,-0.02758702683842167,0.0415668422797818
24316.107,-1.00030912459362,-1.0074850395646457,-0.48307616370914985,-1.00030912459362,0.013802879312591299,0.013802879312591299,,,,,,,,,,28.900000000000002,0.04625435238450291,-0.0321444523697918,0.03325957450653806
24316.484,-1.00160613835502,-1.0076286081278365,-0.4832662736832205,-1.00160613835502,0.011584226370234034,0.011584226370234034,,,,,,,,,,28.950000000000003,0.0426633064113038,-0.034477930944261805,0.025128270767156072
24316.861,-1.00136509926645,-1.0077721766910273,-0.48345636629809974,-1.00136509926645,0.012324019556383686,0.012324019556383686,,,,,,,,,,29.0,0.0391805058815807,-0.03494439177990879,0.01772008815635021
24317.238,-1.00018170179447,-1.0079157452542198,-0.4836464415538444,-1.00018170179447,0.014876439994661966,0.014876439994661966,,,,,,,,,,29.05,0.03588705194028907,-0.034023224448262404,0.011414932987458359
24317.615,-1.00040670766685,-1.0080593138174105,-0.48383649945039764,-1.00040670766685,0.014719795252518599,0.014719795252518599,,,,,,,,,,29.1,0.032883627314881717,-0.0322544017489583,0.0064020710087307284
24317.966,-1.0002258560677,-1.0081929811003807,-0.4840134343011542,-1.0002258560677,0.015324772623204207,0.015324772623204207,,,,,,,,,,29.150000000000002,0.03029227102434176,-0.03017371489039855,0.0026774266610154122
24318.343,-1.00046902387513,-1.0083365496635732,-0.4842034586765749,-1.00046902387513,0.015133193381618264,0.015133193381618264,,,,,,,,,,29.200000000000003,0.028251705542825068,-0.028251639286809904,6.118567211282211e-05
24318.72,-0.999708056021259,-1.008480118226764,-0.4843934656928397,-0.999708056021259,0.016873070045285217,0.016873070045285217,,,,,,,,,,29.25,0.026899935440365376,-0.026841860419541,-0.0017666510446897254
24319.097,-1.00013578794005,-1.0086236867899547,-0.4845834553499273,-1.00013578794005,0.01632648155890413,0.01632648155890413,,,,,,,,,,29.3,0.026341585848455543,-0.02614442930063999,-0.0032168247629285776
24319.474,-0.999353964029711,-1.0087672553531455,-0.48477342764787323,-0.999353964029711,0.018106474867142428,0.018106474867142428,,,,,,,,,,29.35,0.026611247289623035,-0.026186994047175893,-0.004732845347425122
24319.851,-0.999600005466507,-1.0089108239163362,-0.48496338258664196,-0.999600005466507,0.01790936819671808,0.01790936819671808,,,,,,,,,,29.400000000000002,0.027657191243895957,-0.026825718511828214,-0.00673060575472909
24320.228,-1.0005610756548,-1.009054392479527,-0.4851533201662619,-1.0005610756548,0.016336903038658757,0.016336903038658757,,,,,,,,,,29.450000000000003,0.029359356273051366,-0.027765529430865975,-0.009541864398097259
24320.632,-0.999429713014201,-1.0092082431414102,-0.48535684143397617,-0.999429713014201,0.018809012055658866,0.018809012055658866,,,,,,,,,,29.5,0.03156739603218593,-0.028597419649787837,-0.013367426140689795
24321.009,-1.00035380599035,-1.0093518117045992,-0.4855467430520193,-1.00035380599035,0.017307672600534462,0.017307672600534462,,,,,,,,,,29.55,0.034134014666897736,-0.02884885907147558,-0.018244842765947063
24321.413,-1.00038833613448,-1.0095056623664824,-0.4857502257826951,-1.00038833613448,0.017537185730597094,0.017537185730597094,,,,,,,,,,29.6,0.03693224814185074,-0.028042085180457893,-0.024033984512418692
24321.79,-0.999823019716626,-1.0096492309296732,-0.48594009143921113,-0.999823019716626,0.01890072666988885,0.01890072666988885,,,,,,,,,,29.650000000000002,0.03985955448729885,-0.025754280488358722,-0.030422049905502613
24322.167,-0.999349103258594,-1.009792799492864,-0.48612993973653573,-0.999349103258594,0.020088459699012483,0.020088459699012483,,,,,,,,,,29.700000000000003,0.042835361974812726,-0.021673464286287265,-0.03694765461222488
24322.571,-1.0003305419017,-1.0099466501547454,-0.4863333653277664,-1.0003305419017,0.01849659342530181,0.01849659342530181,,,,,,,,,,29.75,0.04579670615102641,-0.01564434393996413,-0.04304175643455513
24322.949,-0.999277188066345,-1.0100905995364062,-0.4865236811214615,-0.999277188066345,0.020799607308795882,0.020799607308795882,,,,,,,,,,29.8,0.04869406247540441,-0.007699343091919643,-0.048081512417055855
24323.326,-0.999578592848115,-1.010234168099597,-0.48671347605205995,-0.999578592848115,0.020496009191343062,0.020496009191343062,,,,,,,,,,29.85,0.05148801323051932,0.0019285452072671846,-0.05145188256817877
24323.703,-0.998742584281963,-1.0103777366627895,-0.4869032536234599,-0.998742584281963,0.022380226736883998,0.022380226736883998,,,,,,,,,,29.900000000000002,0.05414677336324903,0.012812681746400921,-0.052609013031195515
24324.08,-0.999087645951877,-1.0105213052259803,-0.4870930138357039,-0.999087645951877,0.021992654553315834,0.021992654553315834,,,,,,,,,,29.950000000000003,0.05664441381770707,0.024359179287812203,-0.051139221749806334
24324.43,-0.999211578790108,-1.0106545916904803,-0.48726916825520306,-0.999211578790108,0.02201064626239384,0.02201064626239384,,,,,,,,,,30.0,0.05895960214403942,0.035850600363604865,-0.04680778929358353
24324.781,-0.998023052425694,-1.0107882589734505,-0.4874458109470936,-0.998023052425694,0.02455388700819519,0.02455388700819519,,,,,,,,,,,,,
24325.158,-0.998783929302196,-1.010931827536643,-0.48763552152228584,-0.998783929302196,0.023366493876911865,0.023366493876911865,,,,,,,,,,,,,
24325.535,-0.998869236162287,-1.0110753960998338,-0.48782521473829377,-0.998869236162287,0.023478560318568282,0.023478560318568282,,,,,,,,,,,,,
24325.913,-0.999469745998351,-1.0112193454814946,-0.4880153936910503,-0.999469745998351,0.02260036584769249,0.02260036584769249,,,,,,,,,,,,,
24326.263,-0.998490477764883,-1.0113526319459964,-0.48819146975375105,-0.998490477764883,0.024740365873715614,0.024740365873715614,,,,,,,,,,,,,
24326.64,-0.997909913458748,-1.0114962005091872,-0.48838111208947055,-0.997909913458748,0.026133236140704647,0.026133236140704647,,,,,,,,,,,,,
24327.017,-0.998014139589776,-1.011639769072378,-0.48857073706601284,-0.998014139589776,0.026208911346612025,0.026208911346612025,,,,,,,,,,,,,
24327.395,-0.997437495524513,-1.0117837184540388,-0.4887608475983001,-0.997437495524513,0.027594973531224656,0.027594973531224656,,,,,,,,,,,,,
24327.772,-0.998285646349989,-1.0119272870172313,-0.4889504378104874,-0.998285646349989,0.026239708875587228,0.026239708875587228,,,,,,,,,,,,,
24328.149,-0.997810074110786,-1.012070855580422,-0.48914001066349044,-0.997810074110786,0.027430626801377415,0.027430626801377415,,,,,,,,,,,,,
24328.527,-0.997165245554939,-1.012214804962083,-0.489330068933981,-0.997165245554939,0.028947841918866395,0.028947841918866395,,,,,,,,,,,,,
24328.904,-0.997162523910789,-1.0123583735252737,-0.4895196070226291,-0.997162523910789,0.029229231272655025,0.029229231272655025,,,,,,,,,,,,,
24329.281,-0.996680790755068,-1.0125019420884644,-0.48970912775210707,-0.996680790755068,0.030431999727262387,0.030431999727262387,,,,,,,,,,,,,
24329.659,-0.996896788942999,-1.0126458914701253,-0.48989913376080807,-0.996896788942999,0.030293413779466268,0.030293413779466268,,,,,,,,,,,,,
24330.009,-0.997220423727058,-1.0127791779346271,-0.4900750496901196,-0.997220423727058,0.029927278604675343,0.029927278604675343,,,,,,,,,,,,,
24330.387,-0.995556896040682,-1.012923127316288,-0.49026502208876366,-0.995556896040682,0.033403962474415065,0.033403962474415065,,,,,,,,,,,,,
24330.764,-0.996121047698525,-1.0130666958794787,-0.49045447453273994,-0.996121047698525,0.032594970489442834,0.032594970489442834,,,,,,,,,,,,,
24331.142,-0.995373713157626,-1.0132106452611414,-0.4906444120748006,-0.995373713157626,0.03430935596725919,0.03430935596725919,,,,,,,,,,,,,
24331.519,-0.994944973467783,-1.013354213824332,-0.4908338297543935,-0.994944973467783,0.03541019143954686,0.03541019143954686,,,,,,,,,,,,,
24331.896,-0.995139536800789,-1.0134977823875229,-0.4910232300748447,-0.995139536800789,0.035312102951016,0.035312102951016,,,,,,,,,,,,,
24332.247,-0.995155950295065,-1.013631449670493,-0.491199552699527,-0.995155950295065,0.03553764072575622,0.03553764072575622,,,,,,,,,,,,,
24332.651,-0.993840316455549,-1.0137853003323762,-0.49140248091115524,-0.993840316455549,0.038364195570181406,0.038364195570181406,,,,,,,,,,,,,
24333.029,-0.993566944622858,-1.0139292497140353,-0.4915923313348429,-0.993566944622858,0.03916691332527143,0.03916691332527143,,,,,,,,,,,,,
24333.433,-0.993011641650434,-1.0140831003759185,-0.49179522096007844,-0.993011641650434,0.04053097101937048,0.04053097101937048,,,,,,,,,,,,,
24333.811,-0.993190525429625,-1.0142270497575794,-0.4919850352806492,-0.993190525429625,0.04046377467229633,0.04046377467229633,,,,,,,,,,,,,
24334.188,-0.992636682888987,-1.0143706183207701,-0.4921743300647492,-0.992636682888987,0.04180524559778504,0.04180524559778504,,,,,,,,,,,,,
24334.566,-0.992360484246628,-1.014514567702431,-0.49236410952873655,-0.992360484246628,0.042613400723979344,0.042613400723979344,,,,,,,,,,,,,
24334.943,-0.99232094438674,-1.0146581362656217,-0.4925533695484532,-0.99232094438674,0.04296560995096717,0.04296560995096717,,,,,,,,,,,,,
24335.321,-0.991451689315589,-1.0148020856472826,-0.49274311415585714,-0.991451689315589,0.04491450968537173,0.04491450968537173,,,,,,,,,,,,,
24335.699,-0.991580697759508,-1.0149460350289452,-0.49293284131187676,-0.991580697759508,0.044943248593416994,0.044943248593416994,,,,,,,,,,,,,
24336.049,-0.988707051439763,-1.0150793214934453,-0.49310849904428267,-0.988707051439763,0.050727086680906947,0.050727086680906947,,,,,,,,,,,,,
24336.427,-0.988880885775111,-1.015223270875106,-0.4932981925902524,-0.988880885775111,0.05066960294389614,0.05066960294389614,,,,,,,,,,,,,
24336.777,-0.988284006221218,-1.015356557339608,-0.49347381920222944,-0.988284006221218,0.05207407797889204,0.05207407797889204,,,,,,,,,,,,,
24337.155,-0.987604772080774,-1.0155005067212688,-0.49366347913814224,-0.987604772080774,0.05365747227127216,0.05365747227127216,,,,,,,,,,,,,
24337.533,-0.986258066169031,-1.0156444561029296,-0.493853121622692,-0.986258066169031,0.056524749154374325,0.056524749154374325,,,,,,,,,,,,,
24337.883,-0.985275636135461,-1.0157777425674315,-0.4940287009555675,-0.985275636135461,0.058670830905918736,0.058670830905918736,,,,,,,,,,,,,
24338.261,-0.984305805715919,-1.0159216919490923,-0.4942183098300319,-0.984305805715919,0.06081318741918265,0.06081318741918265,,,,,,,,,,,,,
24338.639,-0.984660748912997,-1.0160656413307532,-0.4944079012531404,-0.984660748912997,0.06040734061335144,0.06040734061335144,,,,,,,,,,,,,
24339.016,-0.98297039697629,-1.016209209893944,-0.49459697372945755,-0.98297039697629,0.0639348884495765,0.0639348884495765,,,,,,,,,,,,,
24339.394,-0.982727877395601,-1.0163531592756065,-0.49478653029598263,-0.982727877395601,0.06467826186842837,0.06467826186842837,,,,,,,,,,,,,
24339.772,-0.981108692330656,-1.0164971086572674,-0.4949760694111305,-0.981108692330656,0.06806965266341902,0.06806965266341902,,,,,,,,,,,,,
24340.149,-0.978903536853223,-1.0166406772204581,-0.4951650897178439,-0.978903536853223,0.0725874256027879,0.0725874256027879,,,,,,,,,,,,,
24340.527,-0.97666140544454,-1.016784626602119,-0.49535459397640125,-0.97666140544454,0.07717705428598554,0.07717705428598554,,,,,,,,,,,,,
24340.905,-0.97562751551812,-1.0169285759837798,-0.4955440807835956,-0.97562751551812,0.07944262932202067,0.07944262932202067,,,,,,,,,,,,,
24341.283,-0.974795091194909,-1.0170725253654407,-0.49573355013939846,-0.974795091194909,0.08132068507752341,0.08132068507752341,,,,,,,,,,,,,
24341.66,-0.972325431070114,-1.0172160939286332,-0.4959225008713446,-0.972325431070114,0.08634723295917103,0.08634723295917103,,,,,,,,,,,,,
24342.065,-0.970130629377891,-1.017370325408983,-0.4961254657384444,-0.970130629377891,0.09086560051413967,0.09086560051413967,,,,,,,,,,,,,
24342.443,-0.968229710910932,-1.0175142747906438,-0.4963148815397602,-0.968229710910932,0.09479890577746311,0.09479890577746311,,,,,,,,,,,,,
24342.821,-0.965120193883172,-1.0176582241723064,-0.496504279889713,-0.965120193883172,0.10105695152886232,0.10105695152886232,,,,,,,,,,,,,
24343.199,-0.962713304765476,-1.0178021735539673,-0.4966936607882886,-0.962713304765476,0.1059634918229848,0.1059634918229848,,,,,,,,,,,,,
24343.549,-0.960063913637358,-1.0179354600184674,-0.49686899791193184,-0.960063913637358,0.11131597483481583,0.11131597483481583,,,,,,,,,,,,,
24343.927,-0.954990852961456,-1.01807940940013,-0.49705834520045045,-0.954990852961456,0.1213508986721095,0.1213508986721095,,,,,,,,,,,,,
24344.305,-0.951827516612262,-1.0182233587817908,-0.4972476750375847,-0.951827516612262,0.12771246593977745,0.12771246593977745,,,,,,,,,,,,,
24344.683,-0.946384155671506,-1.0183673081634517,-0.49743698742334885,-0.946384155671506,0.13845966269081283,0.13845966269081283,,,,,,,,,,,,,
24345.061,-0.943295462170122,-1.0185112575451125,-0.49762628235774287,-0.943295462170122,0.1446776543693009,0.1446776543693009,,,,,,,,,,,,,
24345.439,-0.936838416478816,-1.0186552069267734,-0.49781555984074544,-0.936838416478816,0.1573746747078997,0.1573746747078997,,,,,,,,,,,,,
24345.817,-0.933658704590803,-1.0187991563084342,-0.498004819872385,-0.933658704590803,0.1637677403401538,0.1637677403401538,,,,,,,,,,,,,
24346.194,-0.925731574055907,-1.0189427248716267,-0.49819356183391506,-0.925731574055907,0.1792917377772683,0.1792917377772683,,,,,,,,,,,,,
24346.572,-0.918184966782519,-1.0190866742532876,-0.4983827870089712,-0.918184966782519,0.19408453086148048,0.19408453086148048,,,,,,,,,,,,,
24346.95,-0.911322377657055,-1.0192306236349484,-0.498571994732643,-0.911322377657055,0.20756161438370116,0.20756161438370116,,,,,,,,,,,,,
24347.328,-0.903529581417352,-1.0193745730166093,-0.4987611850049376,-0.903529581417352,0.2228279521801709,0.2228279521801709,,,,,,,,,,,,,
24347.733,-0.894508915504754,-1.0195288044969608,-0.49896386950243965,-0.894508915504754,0.24047587609393323,0.24047587609393323,,,,,,,,,,,,,
24348.111,-0.886178529839055,-1.0196727538786217,-0.49915302362546754,-0.886178529839055,0.25677626766566475,0.25677626766566475,,,,,,,,,,,,,
24348.489,-0.87688769604722,-1.0198167032602843,-0.4993421602971182,-0.87688769604722,0.2749240821269666,0.2749240821269666,,,,,,,,,,,,,
24348.894,-0.868080395886009,-1.019970934740634,-0.4995447873653305,-0.868080395886009,0.29216159681378706,0.29216159681378706,,,,,,,,,,,,,
24349.272,-0.857712233210606,-1.0201148841222967,-0.49973388788769313,-0.857712233210606,0.3123816544134067,0.3123816544134067,,,,,,,,,,,,,
24349.677,-0.84859016764228,-1.0202691156026464,-0.49993647622456194,-0.84859016764228,0.3302246206619763,0.3302246206619763,,,,,,,,,,,,,
24350.055,-0.839822328469927,-1.0204130649843073,-0.5001255405976366,-0.839822328469927,0.34736645447230674,0.34736645447230674,,,,,,,,,,,,,
24350.433,-0.831310255087468,-1.02055701436597,-0.5003145875193553,-0.831310255087468,0.364016322541066,0.364016322541066,,,,,,,,,,,,,
24350.811,-0.82308489326334,-1.0207009637476308,-0.5005036169896897,-0.82308489326334,0.3801147006530503,0.3801147006530503,,,,,,,,,,,,,
24351.189,-0.813613659820653,-1.0208449131292916,-0.500692629008654,-0.813613659820653,0.39860951401536665,0.39860951401536665,,,,,,,,,,,,,
24351.567,-0.804610918360065,-1.0209888625109524,-0.5008816235762339,-0.804610918360065,0.4162031826018686,0.4162031826018686,,,,,,,,,,,,,
24351.945,-0.796356633077512,-1.0211328118926133,-0.5010706006924508,-0.796356633077512,0.432357195013807,0.432357195013807,,,,,,,,,,,,,
24352.324,-0.788617940301248,-1.0212771420927442,-0.5012600602274446,-0.788617940301248,0.4475201972512778,0.4475201972512778,,,,,,,,,,,,,
24352.675,-0.780952766917196,-1.0214108093757162,-0.5014355071043752,-0.780952766917196,0.4625212747361289,0.4625212747361289,,,,,,,,,,,,,
24353.053,-0.772704869873775,-1.021554758757377,-0.5016244330668158,-0.772704869873775,0.4786629993639847,0.4786629993639847,,,,,,,,,,,,,
24353.431,-0.764461943086888,-1.0216987081390378,-0.5018133415778934,-0.953195589879384,0.4947951636986418,0.4947951636986418,,,,,,,,,,,,,
24353.809,-0.756644750790677,-1.0218426575207005,-0.5020022326375795,-0.8025071217923887,0.5101084273331499,0.5101948727616293,,,,,,,,,,,,,
24354.187,-0.749399081495937,-1.0219866069023613,-0.5021911062458955,-0.7605121504488273,0.5243223659274989,0.5244952232166853,,,,,,,,,,,,,
24354.592,-0.740334005557809,-1.022140838382711,-0.5023934514605628,-0.7313324819027257,0.5420557125678557,0.5423211167435341,,,,,,,,,,,,,
24354.971,-0.731797283809086,-1.0222851685828438,-0.5025827884664409,-0.7106061503559545,0.5587537242973987,0.5591056991748594,,,,,,,,,,,,,
24355.322,-0.722850236471712,-1.022418835865814,-0.5027581218665844,-0.6948222328133647,0.5762204875579418,0.5766526073143954,,,,,,,,,,,,,
24355.727,-0.713692649649761,-1.0225730673461655,-0.5029604109380514,-0.6794085372206808,0.5941317789718489,0.5946563376231985,,,,,,,,,,,,,
24356.105,-0.704231722850904,-1.0227170167278263,-0.503149195996798,-0.6670207987411033,0.6126067674948971,0.613217567681518,,,,,,,,,,,,,
24356.483,-0.693458519209014,-1.0228609661094872,-0.5033379636041673,-0.6561184426396915,0.6336059217810888,0.6343029299351943,,,,,,,,,,,,,
24356.862,-0.684461991821215,-1.0230052963096181,-0.5035272130760475,-0.6463839314397428,0.651188370097327,0.6519717805812176,,,,,,,,,,,,,
24357.24,-0.673176552707261,-1.0231492456912807,-0.5037159457344984,-0.6376578388038592,0.6731728098041379,0.6740423610311359,,,,,,,,,,,,,
24357.618,-0.663057784634527,-1.0232931950729398,-0.5039046609415649,-0.6297561936775634,0.6929131566468989,0.6938688150492318,,,,,,,,,,,,,
24357.996,-0.650372385139773,-1.0234371444546024,-0.5040933586972614,-0.6225584137834597,0.7175904214856424,0.7186321534955235,,,,,,,,,,,,,
24358.375,-0.639667749470133,-1.0235814746547334,-0.5042825381326921,-0.6159527776794919,0.7384584177162979,0.7395864173405714,,,,,,,,,,,,,
24358.753,-0.626478047093391,-1.0237254240363942,-0.5044712009394701,-0.609897572706363,0.7641057096310525,0.7653197156384969,,,,,,,,,,,,,
24359.131,-0.61706839612752,-1.023869373418055,-0.5046598462948637,-0.6043121175154004,0.7824820690402923,0.7837820478631208,,,,,,,,,,,,,
24359.51,-0.605973888602438,-1.024013703618186,-0.5048489731913648,-0.5991313916072587,0.8040999841579148,0.8054861295363336,,,,,,,,,,,,,
24359.915,-0.595420839607324,-1.0241679350985375,-0.5050510551019585,-0.5940100525879789,0.8246954483970612,0.8261736341956507,,,,,,,,,,,,,
24360.293,-0.585998702636349,-1.0243118844802002,-0.50523964681053,-0.5895776974547672,0.8430958246490681,0.8446598800731939,,,,,,,,,,,,,
24360.699,-0.575032616676166,-1.02446649677902,-0.5054421888370086,-0.5851540927029513,0.8644864983904013,0.8661427467634253,,,,,,,,,,,,,
24361.077,-0.565525727311894,-1.0246104461606809,-0.5056307443501353,-0.5813206253857798,0.8830498959520017,0.8847919443284868,,,,,,,,,,,,,
24361.455,-0.55817693152752,-1.0247543955423435,-0.5058192824119061,-0.5777378996770873,0.8974621984478354,0.8992900132599949,,,,,,,,,,,,,
24361.834,-0.551335130449049,-1.0248987257424726,-0.5060083017309225,-0.5743766926466661,0.9109000286464634,0.9128138030885081,,,,,,,,,,,,,
24362.212,-0.544938182075976,-1.0250426751241353,-0.5061968048437606,-0.5712364593169394,0.9234814517359443,0.9254809253893005,,,,,,,,,,,,,
24362.591,-0.536819853977494,-1.0251870053242662,-0.5063857891213885,-0.5682842817546924,0.9393746828789317,0.9414600487599755,,,,,,,,,,,,,
24362.969,-0.534070060507418,-1.025330954705927,-0.5065742572853154,-0.5655212302926637,0.9449408000229433,0.9471117978909072,,,,,,,,,,,,,
24363.347,-0.529473319167991,-1.025474904087588,-0.5067627079978578,-0.5629262755652844,0.9540595231607878,0.9563161194478991,,,,,,,,,,,,,
24363.726,-0.526704098702876,-1.0256192342877188,-0.5069516397365703,-0.5604814606461269,0.9596637406530362,0.9620061281090186,,,,,,,,,,,,,
24364.077,-0.524255260765785,-1.0257529015706908,-0.5071265978101067,-0.558348194953654,0.9646311919147351,0.9670530023076523,,,,,,,,,,,,,
24364.456,-0.521439589929015,-1.02589723177082,-0.5073154957572754,-0.5561770000586419,0.9703247567413017,0.9728322933049144,,,,,,,,,,,,,
24364.834,-0.520734686582997,-1.0260411811524826,-0.5075038778184862,-0.5541397048710086,0.9719575257751666,0.9745505287068704,,,,,,,,,,,,,
24365.213,-0.520573933685458,-1.0261855113526135,-0.5076927407242877,-0.5522174369037424,0.9725443534054343,0.975223015105636,,,,,,,,,,,,,
24365.591,-0.518865115127491,-1.0263294607342743,-0.5078810878366014,-0.5504129520674409,0.9761081543100131,0.9788722151539287,,,,,,,,,,,,,
24365.97,-0.519363230572621,-1.026473790934407,-0.5080699157010002,-0.5487098923529378,0.9754276480527636,0.9782773002629653,,,,,,,,,,,,,
24366.321,-0.51968815564033,-1.0266074582173772,-0.5082447775743404,-0.5472220264195232,0.9750597635208255,0.97798865362649,,,,,,,,,,,,,
24366.727,-0.520759264210785,-1.026762070516197,-0.5084470206874414,-0.5456020102350827,0.9732968820654434,0.976317390159042,,,,,,,,,,,,,
24367.106,-0.521108677788615,-1.0269064007163298,-0.508635795966633,-0.5441819286996363,0.9729024039922215,0.9760084023042587,,,,,,,,,,,,,
24367.484,-0.521050457359433,-1.0270503500979906,-0.5088240556835686,-0.5428491922730071,0.9732912778168112,0.9764825071672318,,,,,,,,,,,,,
24367.863,-0.523034439753258,-1.0271946802981216,-0.509012795921393,-0.5415921355626095,0.9697527050620851,0.9730293572287325,,,,,,,,,,,,,
24368.241,-0.525085970046471,-1.0273386296797842,-0.5092010206894031,-0.5404131126599764,0.9660834713535692,0.9694452873342229,,,,,,,,,,,,,
24368.62,-0.525099383477182,-1.0274829598799133,-0.5093897258858533,-0.5393018808553638,0.9663352898848044,0.9697824612794589,,,,,,,,,,,,,
24369.026,-0.527928472066301,-1.027637572178735,-0.5095918549973248,-0.5381860077031717,0.9611909321815129,0.9647295022815465,,,,,,,,,,,,,
24369.431,-0.531192433271752,-1.0277918036590865,-0.5097934661956316,-0.53714550270354,0.9552093640799345,0.9588390691833556,,,,,,,,,,,,,
24369.81,-0.534256360844292,-1.0279361338592174,-0.5099821163072278,-0.5362339540908998,0.9495935157406726,0.9533084703021749,,,,,,,,,,,,,
24370.161,-0.537554093496319,-1.0280698011421894,-0.5101568135598598,-0.5354406241750221,0.943507432975958,0.9473013087844414,,,,,,,,,,,,,
24370.54,-0.540738576488114,-1.0282141313423203,-0.5103454298799122,-0.5346362384932553,0.9376596961724131,0.941538756440802,,,,,,,,,,,,,
24370.919,-0.544509472129396,-1.0283584615424513,-0.5105340286561031,-0.5338834417787732,0.9306839940765077,0.9346482050591665,,,,,,,,,,,,,
24371.27,-0.547221928726136,-1.0284921288254214,-0.510708678365944,-0.5332300467396036,0.9257236903641191,0.9297667311450046,,,,,,,,,,,,,
24371.649,-0.550580065761117,-1.0286364590255541,-0.5108972433505912,-0.5325695378645143,0.9195419298423593,0.923670056339339,,,,,,,,,,,,,
24372.028,-0.551500126637082,-1.0287807892256833,-0.5110857907914124,-0.5319535360004347,0.9180498111451798,0.9222629896126464,,,,,,,,,,,,,
24372.407,-0.555498295920516,-1.0289251194258142,-0.5112743206883934,-0.5313798793930513,0.9106369479811426,0.9149351446734463,,,,,,,,,,,,,
24372.812,-0.557629109781966,-1.0290793509061675,-0.5114757646443522,-0.5308113608517107,0.9068349898799346,0.9112239998843654,,,,,,,,,,,,,
24373.191,-0.559421495143169,-1.0292236811062967,-0.5116642582501356,-0.530318929085174,0.9036649542007711,0.9081389126237911,,,,,,,,,,,,,
24373.57,-0.558829768293788,-1.0293680113064294,-0.5118527343120931,-0.5298628994910711,0.9050807606397605,0.9096396337357483,,,,,,,,,,,,,
24373.949,-0.560639290977852,-1.0295123415065603,-0.5120411928302104,-0.5294415346060362,0.9018777613036805,0.9065215153270004,,,,,,,,,,,,,
24374.355,-0.563245730348812,-1.029666953805382,-0.5122430576899504,-0.529026735671692,0.8971616695845458,0.9018963140240973,,,,,,,,,,,,,
24374.733,-0.563408863128992,-1.0298109031870428,-0.5124309827375058,-0.5286729081388287,0.8971247702991398,0.9019440020393255,,,,,,,,,,,,,
24375.112,-0.56412980721358,-1.0299552333871738,-0.5126193874205924,-0.528347955622039,0.89601565294069,0.9009196620563242,,,,,,,,,,,,,
24375.518,-0.564859638441434,-1.0301098456859954,-0.5128211946101047,-0.5280313624013186,0.8949092187803339,0.8999040073832768,,,,,,,,,,,,,
24375.897,-0.564263513772627,-1.0302541758861263,-0.5130095629556877,-0.5277638069561209,0.8963334844291939,0.9014129805122923,,,,,,,,,,,,,
24376.303,-0.565757317206792,-1.030408788184948,-0.5132113312190114,-0.5275056753322588,0.89375754899904,0.8989277496947984,,,,,,,,,,,,,
24376.682,-0.564946139643755,-1.030553118385079,-0.513399663227105,-0.5272900025625881,0.8955954690957112,0.9008503073763178,,,,,,,,,,,,,
24377.06,-0.562892405781309,-1.0306970677667397,-0.5135874808425243,-0.527098034458039,0.8998227149184658,0.9051619338535716,,,,,,,,,,,,,
24377.439,-0.563232068858782,-1.0308413979668707,-0.5137757778092436,-0.5269276417954813,0.8994469919420063,0.9048707810597627,,,,,,,,,,,,,
24377.818,-0.560455074711322,-1.0309857281670016,-0.5139640572321369,-0.5267782950407484,0.9050661621196829,0.9105744876744544,,,,,,,,,,,,,
24378.197,-0.561025503031233,-1.0311300583671326,-0.5141523191112043,-0.5266489724288316,0.9042465619786009,0.9098393902247659,,,,,,,,,,,,,
24378.576,-0.558370414659471,-1.0312743885672635,-0.5143405634464173,-0.5265386954066519,0.9096312462800846,0.9153085434720076,,,,,,,,,,,,,
24378.955,-0.55756711409649,-1.0314187187673962,-0.5145287902378044,-0.5264465262581178,0.9114540149596149,0.9172157473516744,,,,,,,,,,,,,
24379.307,-0.556023590530274,-1.0315527668688365,-0.5147035920191101,-0.5263763553140078,0.9146808256674307,0.9205209478618587,,,,,,,,,,,,,
24379.686,-0.55434455729496,-1.0316970970689674,-0.5148917849726544,-0.526316604477335,0.9181880669800796,0.9241125592874374,,,,,,,,,,,,,
24380.065,-0.552511830071019,-1.0318414272690983,-0.5150799603823586,-0.5262724298679974,0.9219909388269052,0.9279997675015572,,,,,,,,,,,,,
24380.444,-0.550325404806918,-1.0319857574692293,-0.515268118248251,-0.5262430341417422,0.9264741491923921,0.9325672804887027,,,,,,,,,,,,,
24380.823,-0.547053637575851,-1.0321300876693602,-0.5154562585702962,-0.5262276512209365,0.9330450158697795,0.9392224160421415,,,,,,,,,,,,,
24381.202,-0.544678012520551,-1.032274417869493,-0.5156443813485225,-0.5262255447106305,0.9378921522146652,0.9441537875174287,,,,,,,,,,,,,
24381.581,-0.541489147275987,-1.032418748069622,-0.5158324865829016,-0.5262360064143441,0.9443035568416911,0.950649393529249,,,,,,,,,,,,,
24381.96,-0.53823042755567,-1.032563078269753,-0.5160205742734547,-0.5262583549420651,0.9508493266196671,0.957279330946398,,,,,,,,,,,,,
24382.339,-0.535180855096059,-1.0327074084698857,-0.5162086444201677,-0.5262919344036203,0.9569928014415693,0.9635069396618233,,,,,,,,,,,,,
24382.718,-0.532160666700152,-1.0328517386700167,-0.5163966970230476,-0.5263361131811543,0.9630797559888188,0.9696779943569888,,,,,,,,,,,,,
24383.097,-0.529541356403295,-1.0329960688701476,-0.5165847320821015,-0.5263902827749933,0.9683956211289908,0.9750779258994269,,,,,,,,,,,,,
24383.476,-0.525173776950553,-1.0331403990702785,-0.5167727495973153,-0.5264538567176538,0.9770742836632291,0.9838406210903241,,,,,,,,,,,,,
24383.855,-0.520339949252752,-1.0332847292704095,-0.5169607495687032,-0.5265262695511802,0.9866497751429388,0.9935001114810571,,,,,,,,,,,,,
24384.234,-0.517875875845496,-1.0334290594705404,-0.5171487319962509,-0.5266069758634,0.9916670419774346,0.9986013434809548,,,,,,,,,,,,,
24384.586,-0.514774418584213,-1.0335631075719824,-0.5173233068222061,-0.5266889004642537,0.9978905396383261,1.004902794394801,,,,,,,,,,,,,
24384.965,-0.510118474870137,-1.0337074377721134,-0.5175112554119252,-0.5267841324702426,1.0071238711051436,1.0142200259398138,,,,,,,,,,,,,
24385.345,-0.507111435790617,-1.0338521487907144,-0.517699682294861,-0.5268864453377915,1.0131862654344332,1.020366507840214,,,,,,,,,,,,,
24385.724,-0.503405890117281,-1.0339964789908453,-0.5178875957506222,-0.5269948245655932,1.0205915053605588,1.0278555802642324,,,,,,,,,,,,,
24386.103,-0.499294437579151,-1.0341408091909763,-0.5180754916625361,-0.5271090717187643,1.0287775075294818,1.036125381185427,,,,,,,,,,,,,
24386.482,-0.496397300680845,-1.0342851393911072,-0.5182633700306312,-0.52722874321977,1.0346277724033621,1.0420594110659573,,,,,,,,,,,,,
24386.861,-0.49468661458853,-1.03442946959124,-0.518451230854879,-0.5273534101803161,1.038195898016741,1.0457112679403364,,,,,,,,,,,,,
24387.267,-0.491419479901365,-1.0345840818900598,-0.5186524554409928,-0.5274920295307782,1.0447776316181665,1.0523826603893331,,,,,,,,,,,,,
24387.647,-0.489867657269702,-1.0347287929086626,-0.5188407754836817,-0.5276260971575607,1.0480409157176742,1.055729826552305,,,,,,,,,,,,,
24388.026,-0.485981931523867,-1.0348731231087935,-0.5190285823803151,-0.5277635800016557,1.0557927321856455,1.063565270551331,,,,,,,,,,,,,
24388.405,-0.484507606241082,-1.0350174533089227,-0.5192163717331226,-0.5279044504778306,1.0589062175557395,1.0667623497068441,,,,,,,,,,,,,
24388.784,-0.482492851384977,-1.0351617835090554,-0.5194041435420829,-0.5280483453644822,1.0630592197271977,1.0709989119181142,,,,,,,,,,,,,
24389.164,-0.479702414720237,-1.0353064945276564,-0.5195923931778665,-0.5281953027908766,1.0687049791044159,1.0767284179308574,,,,,,,,,,,,,
24389.543,-0.480483405107795,-1.0354508247277874,-0.5197801298528901,-0.5283442076845969,1.0674803626247513,1.0755872939106883,,,,,,,,,,,,,
24389.922,-0.478835818164388,-1.0355951549279183,-0.5199678489840664,-0.5284951130734392,1.07092711696483,1.0791175069646552,,,,,,,,,,,,,
24390.274,-0.476941821626603,-1.0357292030293603,-0.5201421792709198,-0.5286367795908626,1.0748280627687903,1.0830959356497116,,,,,,,,,,,,,
24390.654,-0.47812663083931,-1.0358739140479596,-0.5203303597529114,-0.5287910550832922,1.0728274328972716,1.0811789193961672,,,,,,,,,,,,,
24391.033,-0.478594047983758,-1.0360182442480923,-0.5205180274561201,-0.5289460152981917,1.0722059748507555,1.080640821141666,,,,,,,,,,,,,
24391.385,-0.477986884391437,-1.0361522923495325,-0.5206923099787417,-0.5290906554187219,1.0736316962528871,1.0821439335502117,,,,,,,,,,,,,
24391.765,-0.479384316044426,-1.0362970033681336,-0.5208804388970734,-0.5292473095433877,1.071222086914055,1.0798178386464838,,,,,,,,,,,,,
24392.144,-0.481832477654087,-1.0364413335682645,-0.5210680551723357,-0.5294038071749572,1.0667906649935475,1.0754696775960895,,,,,,,,,,,,,
24392.523,-0.485819345931245,-1.0365856637683972,-0.5212556539037578,-0.5295602918144646,1.0593995393258984,1.0681617790529463,,,,,,,,,,,,,
24392.876,-0.487752923855397,-1.0367200926883076,-0.5214303672854044,-0.5297058007166533,1.0559388744948368,1.0647786014813452,,,,,,,,,,,,,
24393.255,-0.490557985079411,-1.0368644228884385,-0.5216179321326919,-0.5298615297694176,1.0508209558246444,1.0597438447594068,,,,,,,,,,,,,
24393.634,-0.493424304113153,-1.0370087530885694,-0.5218054794361464,-0.5300165035707776,1.0455852076988297,1.0545912248362104,,,,,,,,,,,,,
24394.014,-0.498125024831825,-1.0371534641071705,-0.5219935039740307,-0.5301708877575831,1.0368217186816115,1.0459110494779258,,,,,,,,,,,,,
24394.366,-0.500440101628566,-1.0372875122086125,-0.5221676583371817,-0.5303128004917136,1.0326265078994237,1.0417929831869526,,,,,,,,,,,,,
24394.773,-0.505813193332187,-1.0374425053259042,-0.5223690054547845,-0.5304753299857743,1.0225894902760098,1.0318451275949962,,,,,,,,,,,,,
24395.152,-0.509452941172815,-1.0375868355260334,-0.5225564824903159,-0.5306249485781733,1.0158660511001394,1.025204681461154,,,,,,,,,,,,,
24395.559,-0.514981771146122,-1.037741828643325,-0.5227577905361329,-0.5307835691878466,1.005529470765976,1.0149571880037604,,,,,,,,,,,,,
24395.938,-0.518931781329716,-1.037886158843456,-0.5229452311879044,-0.5309293828878887,0.9982092416765592,1.0077198819720476,,,,,,,,,,,,,
24396.317,-0.523072035175768,-1.038030489043587,-0.5231326542958286,-0.5310734270963025,0.9905230787203817,1.0001166083279243,,,,,,,,,,,,,
24396.697,-0.526938904006938,-1.038175200062188,-0.5233205543105015,-0.5312161298026032,0.9833635046065925,0.9930401083522102,,,,,,,,,,,,,
24397.049,-0.531739753076214,-1.03830924816363,-0.5234945933258217,-0.5313468263500474,0.9743869084798286,0.9841404348447037,,,,,,,,,,,,,
24397.429,-0.535639126361567,-1.038453959182231,-0.5236824593669738,-0.5314863586936814,0.9671648120173186,0.9770013471720658,,,,,,,,,,,,,
24397.808,-0.540099553696758,-1.038598289382362,-0.5238698134568054,-0.5316239597799124,0.9588627950484443,0.9687820867587056,,,,,,,,,,,,,
24398.161,-0.543623991428207,-1.0387327183022723,-0.5240442989796747,-0.531750759967202,0.9523421098559326,0.9623384505384807,,,,,,,,,,,,,
24398.54,-0.546994031856463,-1.038877048502405,-0.524231619185386,-0.5318854838205196,0.9461374531458195,0.956216485207644,,,,,,,,,,,,,
24398.893,-0.548871664583867,-1.0390114774223154,-0.5244060731486258,-0.5320096874979704,0.9427843989542304,0.9529404192832793,,,,,,,,,,,,,
24399.272,-0.553319103200556,-1.0391558076224463,-0.5245933594702024,-0.5321417110230005,0.9345073657978221,0.9447460123298955,,,,,,,,,,,,,
24399.652,-0.55552058032947,-1.0393005186410473,-0.5247811223376075,-0.5322727464326465,0.9305511742167477,0.9408726310836381,,,,,,,,,,,,,
24400.059,-0.557571591362254,-1.039455511758339,-0.5249822066901189,-0.532411658608043,0.9269041819422128,0.9373142954109639,,,,,,,,,,,,,
24400.411,-0.558765154610044,-1.0395895598597793,-0.5251561011659902,-0.5325306433407229,0.9248662035444787,0.9353529616103023,,,,,,,,,,,,,
24400.818,-0.560994506864564,-1.039744552977071,-0.5253571477888954,-0.5326669299181738,0.9208761717592998,0.9314515138539682,,,,,,,,,,,,,
24401.198,-0.562712772077053,-1.039889263995672,-0.525544838903464,-0.532792969997327,0.9178494387617999,0.9285074531744126,,,,,,,,,,,,,
24401.577,-0.563732870543889,-1.0400335941958048,-0.5257320185270515,-0.5329175603674593,0.9161648976628723,0.9269053330445641,,,,,,,,,,,,,
24401.984,-0.564166184123955,-1.0401885873130947,-0.5259330071885344,-0.5330501569521715,0.915629547986429,0.9264584559079502,,,,,,,,,,,,,
24402.364,-0.56554854835423,-1.0403332983316957,-0.5261206441867827,-0.5331728780282582,0.9132489208496036,0.9241603969961499,,,,,,,,,,,,,
24402.743,-0.565036366271358,-1.0404776285318267,-0.5263077698364782,-0.533294276762643,0.9145117228541022,0.9255055161507226,,,,,,,,,,,,,
24403.15,-0.566772615590275,-1.0406326216491184,-0.5265087005365459,-0.5334235748734771,0.9114701750373503,0.9225523293847847,,,,,,,,,,,,,
24403.53,-0.566189415475525,-1.0407773326677194,-0.5266962834184667,-0.5335433341472974,0.912870312798807,0.9240349312783475,,,,,,,,,,,,,
24403.91,-0.565550760555735,-1.0409220436863205,-0.5268838486638714,-0.5336622013810147,0.9143771179308166,0.9256241666184953,,,,,,,,,,,,,
24404.289,-0.564433657738218,-1.0410663738864514,-0.5270709027495357,-0.5337799018030869,0.9168034855471855,0.9281327137312668,,,,,,,,,,,,,
24404.669,-0.565148114974825,-1.0412110849050542,-0.5272584327682779,-0.5338970903956192,0.9157075781517285,0.9271191687853566,,,,,,,,,,,,,
24405.049,-0.563885259938234,-1.0413557959236535,-0.5274459451504683,-0.5340134887172362,0.918415032805628,0.9299089519648636,,,,,,,,,,,,,
24405.401,-0.563569406889931,-1.0414898440250955,-0.527619625095717,-0.5341206335678155,0.9192804180976223,0.9308505692035082,,,,,,,,,,,,,
24405.808,-0.562657099971089,-1.0416448371423872,-0.527820423667599,-0.534243742489906,0.9213333707383043,0.9329916287459895,,,,,,,,,,,,,
24406.161,-0.561937968850556,-1.0417792660622975,-0.5279945642765185,-0.5343498707593005,0.9229751942927724,0.9347098378294849,,,,,,,,,,,,,
24406.514,-0.56009060513018,-1.0419136949822079,-0.5281686896660887,-0.534455423960031,0.9267871743325168,0.9385981741238391,,,,,,,,,,,,,
24406.921,-0.559411882118813,-1.0420686880994996,-0.5283694329111697,-0.5345764416767994,0.9283908281036809,0.9402898283754632,,,,,,,,,,,,,
24407.273,-0.559353829215687,-1.0422027362009416,-0.5285430323751967,-0.534680542707649,0.9287603345697673,0.9407354119822682,,,,,,,,,,,,,
24407.653,-0.557826049727029,-1.0423474472195409,-0.5287304239007184,-0.5347923660909214,0.931977371660694,0.9440345451305499,,,,,,,,,,,,,
24408.033,-0.556573548635846,-1.042492158238142,-0.5289177977897168,-0.5349036372023231,0.9346649104906982,0.9468041460939697,,,,,,,,,,,,,
24408.413,-0.555733251381638,-1.0426368692567447,-0.5291051540421563,-0.5350143836765546,0.936559574845893,0.9487808386586267,,,,,,,,,,,,,
24408.793,-0.554295171973098,-1.0427815802753457,-0.5292924926580866,-0.5351246325949297,0.9396040737468924,0.9519073318451491,,,,,,,,,,,,,
24409.173,-0.552811000835625,-1.0429262912939468,-0.5294798136374652,-0.5352344104994566,0.9427372301325943,0.955122448592449,,,,,,,,,,,,,
24409.552,-0.552623112037812,-1.0430706214940777,-0.5296666240999457,-0.5353434562498894,0.9433762536930023,0.9558431830391488,,,,,,,,,,,,,
24409.932,-0.550924683267373,-1.0432153325126787,-0.529853909852676,-0.5354523707341825,0.9469215348407133,0.9594703567898378,,,,,,,,,,,,,
24410.285,-0.552266960839916,-1.043349761432589,-0.5300278726584295,-0.5355531925354396,0.9445982368017202,0.9572231022748913,,,,,,,,,,,,,
24410.665,-0.551500553517479,-1.0434944724511919,-0.5302151243912192,-0.5356613679218564,0.9463507738024567,0.9590574664411299,,,,,,,,,,,,,
24411.072,-0.549749800335444,-1.0436494655684818,-0.5304156612916344,-0.5357768444571842,0.9500164786326017,0.9628107748470534,,,,,,,,,,,,,
24411.425,-0.549458660803702,-1.0437838944883921,-0.5305895749471716,-0.5358766992476048,0.9508350599565334,0.9637053051543647,,,,,,,,,,,,,
24411.805,-0.546856050198695,-1.043928605506995,-0.5307767737703557,-0.5359839019575172,0.9561195357281489,0.9690715063196647,,,,,,,,,,,,,
24412.185,-0.548481398761745,-1.044073316525596,-0.530963954956988,-0.5360908264682639,0.9532715279947463,0.9663051900559931,,,,,,,,,,,,,
24412.565,-0.54694371178206,-1.044218027544197,-0.5311511185070898,-0.5361974950649021,0.9565076221541462,0.969622941761199,,,,,,,,,,,,,
24412.945,-0.545901516997457,-1.044362738562798,-0.5313382644206612,-0.5363039296113098,0.9587906366022254,0.9719875798311308,,,,,,,,,,,,,
24413.325,-0.546116725851302,-1.044507449581399,-0.5315253926977022,-0.5364101515602018,0.9586550339486822,0.9719335668755152,,,,,,,,,,,,,
24413.705,-0.54479297332337,-1.0446521606,-0.5317125033382055,-0.5365161819628584,0.9614796249854457,0.9748397136862529,,,,,,,,,,,,,
24414.112,-0.544412449348121,-1.0448071537172918,-0.5319128891213651,-0.5366295571083185,0.9625096926253234,0.9759570942273312,,,,,,,,,,,,,
24414.492,-0.544603547372766,-1.044951864735891,-0.5320999632356731,-0.5367352560739116,0.9624204671748121,0.9759493542925274,,,,,,,,,,,,,
24414.872,-0.543932318524097,-1.0450965757544939,-0.5322870197134506,-0.5368408257316605,0.9639899282901903,0.9776002669996879,,,,,,,,,,,,,
24415.252,-0.543274251087805,-1.045241286773095,-0.5324740585546905,-0.5369462855931659,0.965534073416265,0.9792258297936058,,,,,,,,,,,,,
24415.632,-0.542566110160063,-1.045385997791696,-0.5326610797594071,-0.5370516548137227,0.9671745349510537,0.9809476750722985,,,,,,,,,,,,,
24416.04,-0.541400977004269,-1.0455413717274578,-0.5328618618402174,-0.5371647086208141,0.9697145316051053,0.9835750144016363,,,,,,,,,,,,,
24416.393,-0.543335692831059,-1.045675800647368,-0.5330355613041675,-0.5372624731238237,0.966251678017231,0.9801876977988981,,,,,,,,,,,,,
24416.773,-0.543066951476216,-1.0458205116659691,-0.5332225295528588,-0.537367681841866,0.9670469540531366,0.9810642557176175,,,,,,,,,,,,,
24417.153,-0.542582765157361,-1.0459652226845702,-0.5334094801650195,-0.5374728731828868,0.968256638683454,0.9823551883067952,,,,,,,,,,,,,
24417.533,-0.54203664184761,-1.0461099337031712,-0.5335964131406428,-0.5375780646374169,0.9695854591750206,0.9837652228332971,,,,,,,,,,,,,
24417.913,-0.541898406718876,-1.0462546447217722,-0.5337833284797213,-0.5376832733852265,0.9701297063601387,0.9843906501293972,,,,,,,,,,,,,
24418.266,-0.540427771138018,-1.0463890736416843,-0.5339569471907026,-0.5377810370348752,0.9732170494630752,0.9875533748888203,,,,,,,,,,,,,
24418.646,-0.542044632895135,-1.0465337846602853,-0.5341438285098405,-0.537886326552986,0.9703853661090047,0.9848028062082559,,,,,,,,,,,,,
24419.027,-0.541185409613929,-1.0466788764973547,-0.5343311839157181,-0.5379919593112097,0.9723171671999232,0.9868159013743757,,,,,,,,,,,,,
24419.38,-0.539747409451326,-1.0468133054172668,-0.5345047545974353,-0.5380899022092799,0.9753417360446209,0.9899157594910778,,,,,,,,,,,,,
24419.76,-0.539815512278537,-1.0469580164358678,-0.5346915842136752,-0.5381954300053732,0.9754890919740575,0.9901441306433185,,,,,,,,,,,,,
24420.14,-0.539653230992606,-1.0471027274544689,-0.5348783961933847,-0.5383010698800721,0.9760795919655512,0.9908156119336629,,,,,,,,,,,,,
24420.493,-0.538755480728909,-1.0472371563743792,-0.5350519188889393,-0.5383993175004216,0.9780649896127955,0.9928762065513639,,,,,,,,,,,,,
24420.873,-0.536416763235158,-1.047381867392982,-0.5352386968487082,-0.5385052163446975,0.9828418667324207,0.9977339995323496,,,,,,,,,,,,,
24421.254,-0.536414339936404,-1.0475269592300531,-0.5354259486231854,-0.538611550432452,0.9831256122373209,0.9980988397771189,,,,,,,,,,,,,
24421.634,-0.535135630636387,-1.0476716702486542,-0.5356126912634664,-0.5387177760839433,0.9858635625820928,1.0009176380461005,,,,,,,,,,,,,
24422.014,-0.533428585983025,-1.0478163812672552,-0.53579941626721,-0.5388241864063417,0.9894254163888497,1.004560305853142,,,,,,,,,,,,,
24422.395,-0.534445448471214,-1.0479614731043263,-0.5359866149463315,-0.538931076209972,0.9877485647073256,1.002964446782323,,,,,,,,,,,,,
24422.802,-0.532905539848653,-1.048116466221618,-0.5361865687528677,-0.5390454965957252,0.9910087098255925,1.0063110738931722,,,,,,,,,,,,,
24423.182,-0.531150259927136,-1.048261177240219,-0.5363732395474727,-0.5391525610862661,0.9946633442167964,1.010046418013168,,,,,,,,,,,,,
24423.563,-0.531315356176211,-1.0484062690772884,-0.536560383874793,-0.5392601484782772,0.9946248657111637,1.0100888275723787,,,,,,,,,,,,,
24423.97,-0.528990456450668,-1.048561262194582,-0.5367602796204807,-0.5393753593922704,0.9993949419670892,1.014945274140636,,,,,,,,,,,,,
24424.323,-0.527440696309948,-1.0486956911144922,-0.536933637188497,-0.5394755318311729,1.0026344812366221,1.0182596927571796,,,,,,,,,,,,,
24424.704,-0.527325543723366,-1.0488407829515634,-0.5371207284204473,-0.5395839201804313,1.0031350616345174,1.018841059090783,,,,,,,,,,,,,
24425.084,-0.525684207831762,-1.0489854939701644,-0.5373073109395463,-0.5396923156202211,1.0065705245751637,1.02235706196198,,,,,,,,,,,,,
24425.437,-0.525321181521045,-1.0491199228900765,-0.5374806204783056,-0.5397932808682829,1.0075273801872373,1.0233887045365964,,,,,,,,,,,,,
24425.818,-0.523203914019341,-1.0492650147271458,-0.5376676598712891,-0.5399025595998149,1.0118790305399643,1.0278210411126225,,,,,,,,,,,,,
24426.171,-0.522026961089725,-1.049399443647058,-0.5378409377641944,-0.5400040999724576,1.014401474782245,1.0304182114465146,,,,,,,,,,,,,
24426.552,-0.520753647665921,-1.049544535484129,-0.5380279430011683,-0.5401140214061821,1.0171297786586502,1.0332271358470075,,,,,,,,,,,,,
24426.959,-0.520034721944947,-1.049699528601419,-0.5382276901647955,-0.5402318316393214,1.018810762380205,1.0349942040827425,,,,,,,,,,,,,
24427.34,-0.519337206258757,-1.049844620438492,-0.5384146587329255,-0.5403424907696975,1.0204315187573973,1.0366955104513584,,,,,,,,,,,,,
24427.72,-0.518902476172276,-1.049989331457093,-0.5386011189101723,-0.5404532318980453,1.0215460742774245,1.0378903705769322,,,,,,,,,,,,,
24428.128,-0.519368570305802,-1.0501447053928548,-0.5388012986246622,-0.5405725594225895,1.020948403679732,1.0373788840007094,,,,,,,,,,,,,
24428.508,-0.516553154244001,-1.0502894164114558,-0.5389877222293151,-0.5406841064539357,1.0266422109510969,1.0431529255300815,,,,,,,,,,,,,
24428.916,-0.518000250024663,-1.0504447903472158,-0.5391878626763642,-0.5408043238272,1.024157582746525,1.0407544058159597,,,,,,,,,,,,,
24429.296,-0.516083556576566,-1.0505895013658169,-0.5393742497084162,-0.5409167221452894,1.0281226962105439,1.0447996831904465,,,,,,,,,,,,,
24429.704,-0.516917880826376,-1.0507448753015787,-0.5395743508880315,-0.5410378772956601,1.0268167346318613,1.0435797545711658,,,,,,,,,,,,,
24430.085,-0.517459231578157,-1.0508899671386498,-0.539761191720153,-0.5411514695358518,1.0260545302302815,1.0428978544602912,,,,,,,,,,,,,
24430.492,-0.51748466038715,-1.0510449602559397,-0.5399607632596712,-0.5412733101135333,1.0263037473012562,1.0432328182318573,,,,,,,,,,,,,
24430.9,-0.517808582062689,-1.0512003341917033,-0.5401608048405322,-0.541395976707281,1.0259795455625338,1.042994534814055,,,,,,,,,,,,,
24431.281,-0.518647872387625,-1.0513454260287727,-0.5403475900178876,-0.5415110122116286,1.024644254106922,1.0417394405970462,,,,,,,,,,,,,
24431.661,-0.519306095478211,-1.0514901370473737,-0.5405338672857027,-0.5416262234990884,1.0236565131451372,1.0408316524138386,,,,,,,,,,,,,
24432.042,-0.519005052186736,-1.0516352288844466,-0.5407206170506385,-0.5417422262566284,1.0245146544917556,1.041769922883122,,,,,,,,,,,,,
24432.423,-0.519696296086446,-1.051780320721516,-0.5409073490860976,-0.5418587271182671,1.023464130476715,1.0407994938880347,,,,,,,,,,,,,
24432.803,-0.520844884703189,-1.051925031740117,-0.541093573351489,-0.5419754273512968,1.0215331709561917,1.038948385195726,,,,,,,,,,,,,
24433.184,-0.521263615719393,-1.0520701235771899,-0.5412802699745143,-0.5420929500557237,1.0210068257333187,1.0385020668768685,,,,,,,,,,,,,
24433.564,-0.522383880033753,-1.0522148345957891,-0.5414664589204108,-0.542210687036131,1.0191303480355258,1.0367053720701391,,,,,,,,,,,,,
24433.945,-0.523920973662381,-1.0523599264328602,-0.5416531201310093,-0.5423292665796271,1.0164528312576169,1.034107814080308,,,,,,,,,,,,,
24434.299,-0.52444735138277,-1.0524947361712425,-0.5418265374924331,-0.5424399283523514,1.0156996498695796,1.0334288945462808,,,,,,,,,,,,,
24434.679,-0.525753801018291,-1.0526394471898435,-0.5420126746890475,-0.5425592461345841,1.0134650445283975,1.0312739725561877,,,,,,,,,,,,,
24435.087,-0.526898087703124,-1.0527948211256053,-0.5422125076242992,-0.5426879738549524,1.01156286990938,1.0294573149275517,,,,,,,,,,,,,
24435.468,-0.528531245460145,-1.0529399129626764,-0.5423990979635178,-0.5428087693693301,1.0087005736885941,1.026674841173468,,,,,,,,,,,,,
24435.849,-0.529115444763913,-1.0530850047997458,-0.5425856705732528,-0.5429301395471869,1.0078559500562667,1.025910005905117,,,,,,,,,,,,,
24436.229,-0.531157593158041,-1.0532297158183486,-0.5427717358313515,-0.5430517714168888,1.0042062274490002,1.0223398282749765,,,,,,,,,,,,,
24436.61,-0.531486900613516,-1.0533748076554197,-0.5429582730286455,-0.5431743128948372,1.0038518885307453,1.0220652096047742,,,,,,,,,,,,,
24436.991,-0.533823048586245,-1.0535198994924908,-0.5431447924964701,-0.543297452314893,0.9996373899574331,1.0179303971767888,,,,,,,,,,,,,
24437.372,-0.534210873157435,-1.053664991329562,-0.543331294234811,-0.5434211972129451,0.9991704933111119,1.017543152573054,,,,,,,,,,,,,
24437.752,-0.536435496871648,-1.053809702348163,-0.5435172888075428,-0.543545227805898,0.9951697792510684,1.013621847526562,,,,,,,,,,,,,
24438.133,-0.537584272807047,-1.053954794185234,-0.5437037551334427,-0.5436702041844522,0.9932391919276227,1.0117708441297935,,,,,,,,,,,,,
24438.514,-0.539957802970917,-1.0540998860223052,-0.5438902037298803,-0.543795807965999,0.9889527886738839,1.0075639907000058,,,,,,,,,,,,,
24438.895,-0.540186631188514,-1.0542449778593763,-0.5440766345968342,-0.5439220462504698,0.9887917216658246,1.0074824394131718,,,,,,,,,,,,,
24439.276,-0.541692236227008,-1.0543900696964474,-0.5442630477342973,-0.5440489260333989,0.986174773221166,1.0049449725870123,,,,,,,,,,,,,
24439.657,-0.541332261452815,-1.0545351615335186,-0.544449443142291,-0.5441764542077187,0.9871462693311739,1.0059959162128078,,,,,,,,,,,,,
24440.037,-0.544078396013798,-1.0546798725521196,-0.5446353316637413,-0.5443043002628377,0.9821424286583934,1.0010712805635804,,,,,,,,,,,,,
24440.418,-0.545745560218624,-1.0548249643891907,-0.5448216916593012,-0.5444331437511764,0.9792147210027178,0.9982229523077546,,,,,,,,,,,,,
24440.799,-0.546269000153309,-1.0549700562262618,-0.5450080339253844,-0.5445626556942523,0.9784869680749587,0.9975745446771335,,,,,,,,,,,,,
24441.207,-0.547694327453719,-1.0551254301620219,-0.5452075618902796,-0.544702094214036,0.9760442115629795,0.9952167185439018,,,,,,,,,,,,,
24441.588,-0.548004220162025,-1.0552705219990948,-0.5453938674409713,-0.5448330109982202,0.9757272169294833,0.9949789985853652,,,,,,,,,,,,,
24441.996,-0.549252894024789,-1.0554258959348548,-0.5455933560886024,-0.5449739685048016,0.9736242534738357,0.9929608898815792,,,,,,,,,,,,,
24442.377,-0.550516306941623,-1.0555709877719277,-0.5457796249239166,-0.5451063171777503,0.9714731618069201,0.990889002267459,,,,,,,,,,,,,
24442.785,-0.552222437880331,-1.0557263617076877,-0.5459790742542907,-0.5452488222031324,0.9684902792280053,0.9879908988135339,,,,,,,,,,,,,
24443.166,-0.552245078404122,-1.0558714535447589,-0.5461653063742276,-0.5453826290117729,0.9687258144462596,0.9883055674623911,,,,,,,,,,,,,
24443.52,-0.551867741953968,-1.056006263283141,-0.5463383250529787,-0.545507592578949,0.9697109281299238,0.9893641761325217,,,,,,,,,,,,,
24443.928,-0.55352022590902,-1.056161637218901,-0.5465377174256574,-0.5456523883413921,0.9668312355754002,0.9865691531446165,,,,,,,,,,,,,
24444.282,-0.554107421472952,-1.0562964469572815,-0.546710703158297,-0.545778693247229,0.9659610710071147,0.9857724201907982,,,,,,,,,,,,,
24444.663,-0.554758539651789,-1.0564415387943544,-0.5468968656167164,-0.5459153360343951,0.964987728854572,0.9848780774747093,,,,,,,,,,,,,
24445.044,-0.554677817580956,-1.0565866306314255,-0.5470830103456876,-0.546052714635762,0.9654220821224813,0.9853913960763749,,,,,,,,,,,,,
24445.425,-0.556107901897406,-1.056731722468495,-0.5472691373451468,-0.546190834585657,0.9629503978589283,0.9829986430438239,,,,,,,,,,,,,
24445.806,-0.556058195883387,-1.0568768143055678,-0.5474552466151295,-0.5463297013401116,0.9633250917118837,0.9834522340250836,,,,,,,,,,,,,
24446.187,-0.558045800058905,-1.057021906142639,-0.5476413381556426,-0.5464693202781149,0.959781017465989,0.9799870228047672,,,,,,,,,,,,,
24446.541,-0.55857220023699,-1.0571567158810193,-0.5478142262173051,-0.5465997237181035,0.9590277928805486,0.9793070419632963,,,,,,,,,,,,,
24446.922,-0.557099527592004,-1.0573018077180905,-0.548000283555254,-0.5467408086369039,0.9621395644096418,0.9824976107292565,,,,,,,,,,,,,
24447.303,-0.55881931194554,-1.0574468995551616,-0.5481863231637334,-0.5468826588295816,0.9591106418475759,0.9795474513013316,,,,,,,,,,,,,
24447.684,-0.558426120847166,-1.0575919913922327,-0.5483723450427433,-0.5470252682699777,0.9601460295889268,0.9806615680741118,,,,,,,,,,,,,
24448.065,-0.558882113838341,-1.0577370832293038,-0.5485583491922696,-0.5471686287754238,0.9595480109215418,0.9801422443354301,,,,,,,,,,,,,
24448.447,-0.558166440563079,-1.057882555884845,-0.548744823742318,-0.5473131114477362,0.9612044259433752,0.981877526597227,,,,,,,,,,,,,
24448.828,-0.559396447724048,-1.0580276477219162,-0.5489307923863436,-0.5474579518109456,0.9591175902798246,0.9798693175674278,,,,,,,,,,,,,
24449.209,-0.558549900670329,-1.0581727395589873,-0.5491167433008926,-0.5476035192029082,0.9610250086350468,0.9818553284536896,,,,,,,,,,,,,
24449.59,-0.560169038295316,-1.0583178313960584,-0.5493026764859579,-0.54774980579184,0.9581896801516425,0.9790985583985989,,,,,,,,,,,,,
24449.971,-0.559033196561619,-1.0584629232331295,-0.5494885919415324,-0.547896803830477,0.9606535571005957,0.9816409596731256,,,,,,,,,,,,,
24450.352,-0.558227687679282,-1.0586080150702006,-0.5496744896676447,-0.5480445056548722,0.9624820384938998,0.9835479312892913,,,,,,,,,,,,,
24450.761,-0.560820012973005,-1.0587637698244308,-0.549874029437099,-0.5482038368324111,0.9577952927299058,0.9789454061043379,,,,,,,,,,,,,
24451.142,-0.560072540254305,-1.0589088616615037,-0.5500598904012932,-0.5483529738834942,0.9595121415069293,0.980740674392559,,,,,,,,,,,,,
24451.523,-0.560633266762405,-1.0590539534985748,-0.5502457336360038,-0.5485027916743699,0.9587126678195314,0.9800195861136326,,,,,,,,,,,,,
24451.904,-0.560245256750195,-1.0591990453356441,-0.5504315591412237,-0.5486532828684338,0.9597380897366852,0.9811233593365178,,,,,,,,,,,,,
24452.286,-0.559640283693468,-1.0593445179911871,-0.5506178545780998,-0.5488048378151894,0.9611815727822534,0.9826453650972143,,,,,,,,,,,,,
24452.64,-0.559511880801201,-1.0594793277295675,-0.5507904789410674,-0.5489458755347736,0.9616878625291422,0.9832243913626927,,,,,,,,,,,,,
24453.021,-0.560019091936277,-1.0596244195666387,-0.5509762524677342,-0.5490982994294279,0.9609913257129586,0.9826061058713033,,,,,,,,,,,,,
24453.402,-0.559071193982405,-1.0597695114037098,-0.5511620082649031,-0.5492513686228059,0.9630936926215963,0.9847866900020232,,,,,,,,,,,,,
24453.783,-0.558429435622667,-1.059914603240781,-0.5513477463326311,-0.5494050761502353,0.9646071997280068,0.9863783802277901,,,,,,,,,,,,,
24454.165,-0.558740401679728,-1.0600600758963221,-0.5515339541024815,-0.5495598210333748,0.9642888730118414,0.9861384075989178,,,,,,,,,,,,,
24454.546,-0.559783032046673,-1.0602051677333932,-0.5517196566646874,-0.5497147862537778,0.9625624567908757,0.9844901062023708,,,,,,,,,,,,,
24454.927,-0.559613205040643,-1.0603502595704644,-0.5519053414974167,-0.5498703693266982,0.963168203486891,0.9851739336200646,,,,,,,,,,,,,
24455.309,-0.557962229337953,-1.0604957322260056,-0.5520914958925616,-0.5500269743281232,0.9666236736227675,0.9887076551768005,,,,,,,,,,,,,
24455.69,-0.558284674653828,-1.0606408240630767,-0.5522771452198114,-0.5501837747096656,0.9662825340365987,0.9884445280173725,,,,,,,,,,,,,
24456.099,-0.558190741438503,-1.0607965788173068,-0.5524764183353597,-0.5503527638344785,0.9667628090849363,0.9890085107350004,,,,,,,,,,,,,
24456.48,-0.557592086773159,-1.0609416706543797,-0.5526620309006773,-0.5505107969491088,0.9681934061939423,0.9905170495590689,,,,,,,,,,,,,
24456.889,-0.558080297946327,-1.0610974254086099,-0.5528612645526536,-0.550681094537205,0.9675539259540253,0.989961201080096,,,,,,,,,,,,,
24457.27,-0.557749465085491,-1.061242517245681,-0.5530468403560675,-0.5508403328350817,0.9684693675658084,0.9909545136952632,,,,,,,,,,,,,
24457.679,-0.55739194590854,-1.0613982719999129,-0.5532460345444576,-0.5510119096219036,0.9694566504635324,0.992025352445585,,,,,,,,,,,,,
24458.06,-0.557267348612968,-1.061543363836984,-0.5534315735859394,-0.5511723261266899,0.9699753977682065,0.992621900041965,,,,,,,,,,,,,
24458.442,-0.557789846435342,-1.0616888364925252,-0.5536175818071953,-0.5513337246156279,0.9692501894990708,0.991974662027665,,,,,,,,,,,,,
24458.823,-0.55694822293247,-1.0618339283295963,-0.5538030853431906,-0.5514952539739968,0.971148137399528,0.9939503419248762,,,,,,,,,,,,,
24459.205,-0.557118745835557,-1.0619794009851375,-0.5539890579657651,-0.5516577560680523,0.971099953224406,0.9939800595303965,,,,,,,,,,,,,
24459.586,-0.556643486179801,-1.0621244928222087,-0.5541745259962525,-0.5518203741256469,0.9722931999144033,0.9952509699221816,,,,,,,,,,,,,
24459.968,-0.556336748298586,-1.0622699654777499,-0.5543604630201315,-0.5519839558474497,0.973163027314523,0.9961986306287359,,,,,,,,,,,,,
24460.349,-0.556062098152834,-1.062415057314821,-0.5545458955451394,-0.5521476389262916,0.9739704014200871,0.9970836001411502,,,,,,,,,,,,,
24460.731,-0.555628718920849,-1.0625605299703622,-0.5547317969703371,-0.552312276769864,0.9750838235795818,0.9982747871328861,,,,,,,,,,,,,
24461.085,-0.555459966080452,-1.0626953397087426,-0.5549040562020693,-0.5524653113271941,0.975667726490305,0.9989307242309354,,,,,,,,,,,,,
24461.466,-0.556146806350327,-1.0628404315458138,-0.55508943674851,-0.5526305118111559,0.9746256728614687,0.9979661660279978,,,,,,,,,,,,,
24461.848,-0.554708779694508,-1.0629859042013567,-0.5552752860587233,-0.5527966543316176,0.9776715353019452,1.0010896930573463,,,,,,,,,,,,,
24462.229,-0.556148086482473,-1.063130996038426,-0.5554606310996633,-0.5529628634508256,0.9751821116056092,0.9986776964919712,,,,,,,,,,,,,
24462.611,-0.554965341789638,-1.0632764686939673,-0.5556464448111953,-0.553130006110661,0.9777369389460323,1.0013101199470587,,,,,,,,,,,,,
24462.965,-0.554134949150846,-1.0634112784323495,-0.5558186227585367,-0.5532853372221558,0.9795935066420199,1.0032385654795362,,,,,,,,,,,,,
24463.374,-0.553917467104721,-1.0635670331865796,-0.5560175324594852,-0.5534653225789637,0.9803114279846112,1.0040394954621035,,,,,,,,,,,,,
24463.756,-0.553601389739264,-1.0637125058421226,-0.5562032927496574,-0.553633925022645,0.98119921989161,1.0050047807276057,,,,,,,,,,,,,
24464.137,-0.553746273413885,-1.063857597679192,-0.5563885490035858,-0.5538025604955236,0.9811996202922784,1.005082437477091,,,,,,,,,,,,,
24464.519,-0.55293665975702,-1.0640030703347332,-0.5565742736950838,-0.5539721089373218,0.9830367297280062,1.0069969717971148,,,,,,,,,,,,,
24464.901,-0.552132246137438,-1.0641485429902762,-0.5567599805638892,-0.5541421231092638,0.9848638368870479,1.0089014695584706,,,,,,,,,,,,,
24465.255,-0.553480129967031,-1.0642833527286566,-0.5569320594999212,-0.5543000867575398,0.982530487711947,1.0066398077712568,,,,,,,,,,,,,
24465.637,-0.552657652654172,-1.064428825384196,-0.5571177320297664,-0.5544709836419601,0.9843923404022834,1.0085789850127642,,,,,,,,,,,,,
24466.018,-0.553560452503817,-1.064573917221269,-0.5573029007531076,-0.5546418820461251,0.9829348883151356,1.0071986209090442,,,,,,,,,,,,,
24466.373,-0.551707014639491,-1.0647091077781194,-0.557475417334679,-0.5548015171359771,0.9867600169859628,1.0110955462747113,,,,,,,,,,,,,
24466.755,-0.551874894873686,-1.0648545804336607,-0.5576610377028857,-0.5549737187491126,0.986716915986983,1.0111296694938061,,,,,,,,,,,,,
24467.136,-0.551762146611348,-1.0649996722707318,-0.5578461544011404,-0.5551459038624205,0.9872128716648945,1.0117026130846938,,,,,,,,,,,,,
24467.518,-0.551720836080237,-1.065145144926273,-0.5580317391706657,-0.5553189714275119,0.9875721493031318,1.0121390464667979,,,,,,,,,,,,,
24467.9,-0.550970860719956,-1.0652906175818142,-0.5582173061175126,-0.5554924652111812,0.9892945444183189,1.0139385630438986,,,,,,,,,,,,,
24468.309,-0.551039655423439,-1.065446372336046,-0.5584159692959858,-0.5556786886396635,0.9894618121591368,1.0141883652378016,,,,,,,,,,,,,
24468.69,-0.552208153854099,-1.0655914641731155,-0.5586010136803026,-0.5558525927082699,0.9874932885971828,1.0122966904926654,,,,,,,,,,,,,
24469.072,-0.550808771771873,-1.0657369368286567,-0.5587865259460614,-0.5560273642248389,0.9904648181633752,1.0153452363415316,,,,,,,,,,,,,
24469.481,-0.551285434345897,-1.0658926915828886,-0.55898513057857,-0.5562149395897737,0.9898475516649646,1.014810391682814,,,,,,,,,,,,,
24469.863,-0.549981415521261,-1.0660381642384298,-0.559170605939272,-0.5563905484264677,0.9926356499139404,1.0176754352274218,,,,,,,,,,,,,
24470.245,-0.550826411116574,-1.066183636893971,-0.5593560634773098,-0.5565665545415655,0.9912901168699947,1.0164068131971407,,,,,,,,,,,,,
24470.627,-0.551196109704524,-1.0663291095495122,-0.5595415031926905,-0.5567429533735684,0.99085881807447,1.016052391133327,,,,,,,,,,,,,
24471.009,-0.55084611365445,-1.0664745822050516,-0.5597269250853927,-0.5569197404024115,0.9918118526037755,1.0170822681123477,,,,,,,,,,,,,
24471.363,-0.54982426128822,-1.0666093919434338,-0.5598987399336011,-0.5570839118764289,0.9940366932686765,1.0193782881912705,,,,,,,,,,,,,
24471.745,-0.551248786232812,-1.066754864598975,-0.560084127487336,-0.5572614342513865,0.9915764349669065,1.016994806288101,,,,,,,,,,,,,
24472.127,-0.551395482600934,-1.0669003372545163,-0.5602694972183784,-0.5574393318278199,0.9915740811545867,1.0170691945923855,,,,,,,,,,,,,
24472.481,-0.550504253477017,-1.0670351469928967,-0.5604412637283147,-0.5576045209485546,0.9935476678879164,1.0191138677608857,,,,,,,,,,,,,
24472.863,-0.550816579471531,-1.0671806196484397,-0.5606265991204182,-0.5577831291618114,0.9932267253307627,1.0188696012692218,,,,,,,,,,,,,
24473.218,-0.551606436068197,-1.0673158102052902,-0.5607988189129429,-0.5579494383374388,0.9919674745768015,1.0176815763352687,,,,,,,,,,,,,
24473.6,-0.550155956338619,-1.0674612828608296,-0.5609841199194108,-0.5581287422057307,0.9950372905165615,1.0208280021996479,,,,,,,,,,,,,
24473.982,-0.550684291782857,-1.0676067555163726,-0.5611694031031931,-0.5583084004552534,0.9943008535761885,1.0201681409019123,,,,,,,,,,,,,
24474.336,-0.55256518701848,-1.067741565254753,-0.5613410894096447,-0.5584752027691238,0.9909422564516103,1.0168804759408014,,,,,,,,,,,,,
24474.746,-0.552218415153832,-1.0678977008274533,-0.561539916002765,-0.5586687634290753,0.9919095993885251,1.0179299351536075,,,,,,,,,,,,,
24475.128,-0.552629622779265,-1.0680431734829963,-0.5617251457185546,-0.5588494599108127,0.9913984579196898,1.0174952664815073,,,,,,,,,,,,,
24475.482,-0.552265583810861,-1.0681779832213767,-0.5618967824761185,-0.5590172133645592,0.9923579938844816,1.018525639302296,,,,,,,,,,,,,
24475.864,-0.552300385972077,-1.068323455876918,-0.5620819778529196,-0.5591985572699638,0.9925708686862043,1.0188149208495962,,,,,,,,,,,,,
24476.246,-0.553791020716666,-1.0684689285324591,-0.5622671554070635,-0.5593802313350315,0.9899834481208871,1.0163038727479177,,,,,,,,,,,,,
24476.628,-0.553301786609339,-1.0686144011880003,-0.5624523151385361,-0.5595622315960602,0.9912043071865433,1.0176010699952165,,,,,,,,,,,,,
24477.01,-0.553659870637699,-1.0687598738435415,-0.5626374570473232,-0.5597445541238326,0.9907953490075027,1.017268415715837,,,,,,,,,,,,,
24477.42,-0.553257480736402,-1.0689160094162418,-0.5628361497371372,-0.5599405947324338,0.9918696732911262,1.018424598711852,,,,,,,,,,,,,
24477.802,-0.554744536920363,-1.069061482071783,-0.5630212546941991,-0.5601235730442004,0.989289136090601,1.0159202943342325,,,,,,,,,,,,,
24478.157,-0.554774293899881,-1.0691966726286353,-0.5631932603390268,-0.560293896683247,0.9894919376774809,1.0161939098272186,,,,,,,,,,,,,
24478.566,-0.555587467167164,-1.0693524273828654,-0.5633914111403584,-0.5604904570836855,0.988227392538614,1.0150109135821548,,,,,,,,,,,,,
24478.921,-0.555598796383661,-1.069487617939716,-0.5635633836592504,-0.5606613473526196,0.9884656399452929,1.0153199111771194,,,,,,,,,,,,,
24479.303,-0.554970641228647,-1.069633090595259,-0.5637484185853765,-0.5608455236292526,0.9899537137790965,1.0168840831290233,,,,,,,,,,,,,
24479.658,-0.556976123840866,-1.0697682811521094,-0.5639203591490514,-0.5610169473644574,0.9863562052211238,1.0133572632933538,,,,,,,,,,,,,
24480.04,-0.556509357493472,-1.0699137538076506,-0.5641053596895347,-0.5612016908264107,0.9875338475290522,1.0146109375784977,,,,,,,,,,,,,
24480.395,-0.557139099978137,-1.0700489443645012,-0.5642772682979782,-0.5613736353396293,0.98658257642272,1.013730293728472,,,,,,,,,,,,,
24480.804,-0.556728867560726,-1.070204699118733,-0.5644753073025015,-0.5615720400625476,0.9876712532889044,1.014900304446864,,,,,,,,,,,,,
24481.159,-0.558830970613476,-1.0703398896755836,-0.5646471827850235,-0.5617445112596261,0.9838878952211252,1.0111875099175711,,,,,,,,,,,,,
24481.568,-0.558471796377536,-1.0704956444298155,-0.5648451836247759,-0.5619435151539401,0.9848783616263983,1.012259236764974,,,,,,,,,,,,,
24481.951,-0.559360122198717,-1.0706414979038268,-0.56503057908985,-0.5621301537111523,0.9834502153562293,1.010907149605047,,,,,,,,,,,,,
24482.333,-0.560046052868385,-1.0707869705593662,-0.5652154726476581,-0.5623165762164982,0.9824106438489497,1.009943404293394,,,,,,,,,,,,,
24482.715,-0.560530552056542,-1.0709324432149092,-0.565400348382795,-0.5625032661616223,0.9817585259890905,1.009367078347208,,,,,,,,,,,,,
24483.124,-0.560760701747224,-1.0710881979691393,-0.5655982714942738,-0.5627034440415162,0.9816154272576452,1.0093050905472947,,,,,,,,,,,,,
24483.479,-0.562166037055494,-1.0712233885259899,-0.5657700463850475,-0.5628774346845549,0.9791723026130318,1.0069323359525502,,,,,,,,,,,,,
24483.889,-0.563970129888515,-1.0713795240986919,-0.5659684151329856,-0.5630786579065835,0.9760024552460637,1.003843724194613,,,,,,,,,,,,,
24484.271,-0.563448444168613,-1.071524996754233,-0.5661532182710687,-0.5632664020862048,0.9772857350195574,1.0052026562410612,,,,,,,,,,,,,
24484.653,-0.564377310764564,-1.0716704694097743,-0.5663380035864662,-0.5634543966021722,0.9757788760256378,1.0037714152381287,,,,,,,,,,,,,
24485.063,-0.564377110912401,-1.0718266049824745,-0.5665363135451358,-0.5636564456075597,0.976079587364942,1.0041532491050935,,,,,,,,,,,,,
24485.445,-0.565779328150668,-1.0719720776380175,-0.5667210619088294,-0.5638449487040624,0.9736622379576353,1.001811446612019,,,,,,,,,,,,,
24485.828,-0.566415483487433,-1.0721179311120288,-0.5669062760142651,-0.5640341865260113,0.972719141855514,1.0009440607742097,,,,,,,,,,,,,
24486.237,-0.566575656170279,-1.072273685866259,-0.5671040436192527,-0.5642365338693949,0.9727106439655943,1.0010163746985188,,,,,,,,,,,,,
24486.62,-0.566393251356205,-1.0724195393402702,-0.5672892206762441,-0.5644262610352768,0.9733420490967998,1.001723418831204,,,,,,,,,,,,,
24486.975,-0.56772986989411,-1.0725547298971208,-0.5674608439856428,-0.5646023248358046,0.9710311012257306,0.9994825494427003,,,,,,,,,,,,,
24487.357,-0.568259320805838,-1.072700202552662,-0.5676455031426642,-0.5647919989289371,0.9702925186825699,0.9988193422244085,,,,,,,,,,,,,
24487.739,-0.56831833364189,-1.072845675208205,-0.5678301444770213,-0.5649818975608905,0.9704588242280845,0.9990609888128243,,,,,,,,,,,,,
24488.094,-0.570387372257012,-1.0729808657650555,-0.5680017192682314,-0.5651585726386249,0.9667390656377183,0.9954112153801095,,,,,,,,,,,,,
24488.477,-0.570116854288981,-1.073126719239065,-0.5681868094578348,-0.5653493943180852,0.9675399565048621,0.9962875781589957,,,,,,,,,,,,,
24488.859,-0.571669867799706,-1.073272191894608,-0.5683713985372236,-0.565539933642036,0.9648325503232025,0.9936554125076578,,,,,,,,,,,,,
24489.242,-0.57136409491518,-1.0734180453686175,-0.5685564529413938,-0.565731185176969,0.9657012540559557,0.9945995193187522,,,,,,,,,,,,,
24489.624,-0.571593313876843,-1.0735635180241587,-0.5687410063287857,-0.565922147233441,0.9655401679560033,0.9945136050954165,,,,,,,,,,,,,
24490.006,-0.572732406145862,-1.0737089906797017,-0.5689255418935133,-0.5661133159292262,0.9636289396787997,0.9926775144128622,,,,,,,,,,,,,
24490.389,-0.573239530183505,-1.0738548441537112,-0.5691105426429317,-0.5663051895710014,0.9629340354039915,0.9920579100112565,,,,,,,,,,,,,
24490.771,-0.573458883732372,-1.0740003168092525,-0.5692950425156482,-0.5664967632916853,0.9627919254349911,0.991990868983229,,,,,,,,,,,,,
24491.154,-0.574873816303536,-1.0741461702832638,-0.5694800074796262,-0.5666890371921719,0.9603508505773795,0.9896250251654044,,,,,,,,,,,,,
24491.536,-0.574347282007706,-1.074291642938805,-0.5696644716603387,-0.5668810043613767,0.9616434565913095,0.9909926314666164,,,,,,,,,,,,,
24491.919,-0.575646840447496,-1.0744374964128163,-0.5698494008388977,-0.5670736670059443,0.959424303985784,0.9888486410674769,,,,,,,,,,,,,
24492.301,-0.574816110160396,-1.0745829690683575,-0.5700338293276133,-0.567266016229973,0.9613020312799728,0.9908012999952428,,,,,,,,,,,,,
24492.684,-0.575764832169084,-1.0747288225423688,-0.5702187227207318,-0.5674590562852803,0.959757712885348,0.9893320749736026,,,,,,,,,,,,,
24493.066,-0.576983808993033,-1.07487429519791,-0.5704031155174576,-0.5676517763494195,0.9576928265903005,0.9873420516584416,,,,,,,,,,,,,
24493.449,-0.576305214964452,-1.0750201486719213,-0.5705879731251429,-0.5678451826597547,0.9592786521503577,0.989002901758068,,,,,,,,,,,,,
24493.831,-0.576895138976862,-1.0751656213274607,-0.5707723302298646,-0.5680382625246603,0.9584237495401718,0.988222793474092,,,,,,,,,,,,,
24494.187,-0.576637599724711,-1.0753011927027831,-0.5709441234244608,-0.5682183589498637,0.9591798982082401,0.989048614893668,,,,,,,,,,,,,
24494.569,-0.577050990257337,-1.0754466653583243,-0.5711284460969281,-0.5684117756158745,0.9586645579153271,0.9886080026963243,,,,,,,,,,,,,
24494.952,-0.57650848172103,-1.0755925188323356,-0.5713132333967508,-0.5686058696865512,0.9599886229007903,0.9900069569839569,,,,,,,,,,,,,
24495.362,-0.577373384651971,-1.0757486544050376,-0.5715110276223498,-0.5688138334460655,0.9586253082090781,0.9887237728054703,,,,,,,,,,,,,
24495.744,-0.577531030154718,-1.075894127060577,-0.5716952954737593,-0.5690077658492931,0.9586018937258275,0.9887749809693106,,,,,,,,,,,,,
24496.127,-0.575565006549191,-1.0760399805345884,-0.5718800278090228,-0.5692023688940464,0.9626640913089364,0.9929119621300646,,,,,,,,,,,,,
24496.51,-0.578432045385173,-1.0761858340085997,-0.5720647422281857,-0.5693971325126237,0.9574298886615904,0.9877525085986716,,,,,,,,,,,,,
24496.92,-0.577605101141388,-1.0763419695813,-0.5722624584353184,-0.5696058012227021,0.9593208436291979,0.9897234440106905,,,,,,,,,,,,,
24497.302,-0.577408780511084,-1.076487442236843,-0.5724466535963586,-0.5698003795417336,0.959978283341548,0.9904553665499582,,,,,,,,,,,,,
24497.685,-0.578541845384924,-1.0766332957108542,-0.5726313130509695,-0.5699956197280481,0.9580793812694263,0.9886311078692794,,,,,,,,,,,,,
24498.068,-0.577542650118708,-1.0767791491848655,-0.5728159545894798,-0.5701910100896828,0.9602818836168215,0.990908219146397,,,,,,,,,,,,,
24498.45,-0.57784584611163,-1.0769246218404067,-0.5730000961891761,-0.5703860373864421,0.9599785026264618,0.990679217957541,,,,,,,,,,,,,
24498.833,-0.57698022471535,-1.0770704753144162,-0.5731847019422531,-0.5705817202211861,0.9619240755072298,0.9926993309346301,,,,,,,,,,,,,
24499.188,-0.577469705481991,-1.0772056658712668,-0.5733557957140718,-0.5707632247635236,0.9612425979497177,0.9920869132922379,,,,,,,,,,,,,
24499.571,-0.577042955010882,-1.0773515193452798,-0.5735403669447194,-0.5709591804120725,0.96234400218602,0.9932627912208484,,,,,,,,,,,,,
24499.954,-0.577033115327295,-1.0774973728192911,-0.5737249202592878,-0.571155274073741,0.9626434781236256,0.9936367063890842,,,,,,,,,,,,,
24500.337,-0.577068868373396,-1.0776432262933024,-0.5739094556577129,-0.5713515033337772,0.9628552564020537,0.9939228894364504,,,,,,,,,,,,,
24500.692,-0.577078893447522,-1.077778416850153,-0.574080484218328,-0.5715335058542085,0.9630960123278312,0.9942325798433342,,,,,,,,,,,,,
24501.075,-0.577313591867853,-1.0779242703241643,-0.5742649850943593,-0.5717299896553985,0.9629251189885794,0.9941360248690218,,,,,,,,,,,,,
24501.458,-0.577395277449567,-1.0780701237981738,-0.5744494680542687,-0.5719266020911027,0.9630485459908049,0.9943337557744945,,,,,,,,,,,,,
24501.841,-0.575762447245554,-1.0782159772721869,-0.5746339330980774,-0.5721233408169877,0.9664698457473097,0.9978293249725542,,,,,,,,,,,,,
24502.196,-0.575724179668635,-1.0783511678290374,-0.5748048964474961,-0.5723058073061656,0.9668034926335779,0.9982317809059297,,,,,,,,,,,,,
24502.606,-0.576314843540371,-1.0785073034017394,-0.5750023279222845,-0.5725166733734761,0.9659676770346349,0.997475398067729,,,,,,,,,,,,,
24502.989,-0.576675188581561,-1.0786531568757507,-0.5751867392645664,-0.5727137767694543,0.965555102299944,0.9971369894794855,,,,,,,,,,,,,
24503.345,-0.576169226442154,-1.0787887282510713,-0.5753581342633396,-0.5728970901969743,0.9667890926293335,0.9984398866292633,,,,,,,,,,,,,
24503.755,-0.575821788106624,-1.0789448638237733,-0.575555508200793,-0.5731083325794708,0.9677577175236308,0.9994878336109906,,,,,,,,,,,,,
24504.138,-0.575129537559276,-1.0790907172977828,-0.5757398657947377,-0.5733057804932362,0.9693698114105992,1.0011739902593155,,,,,,,,,,,,,
24504.521,-0.575362705294652,-1.0792365707717941,-0.5759242054725959,-0.5735033387736607,0.9692018623453229,1.0010800694937039,,,,,,,,,,,,,
24504.931,-0.574532184123432,-1.0793927063444961,-0.5761215205206156,-0.5737149439455219,0.9710996975362775,1.003057113498076,,,,,,,,,,,,,
24505.314,-0.575538253266633,-1.0795385598185057,-0.5763058231032403,-0.5739127237366892,0.9694450718735443,1.0014764447822064,,,,,,,,,,,,,
24505.697,-0.575136820183609,-1.0796844132925187,-0.5764901077697644,-0.5741106071636015,0.9704977780896419,1.0026030734834754,,,,,,,,,,,,,
24506.08,-0.574600729574483,-1.07983026676653,-0.5766743745201737,-0.5743085920667348,0.9718094981860318,1.0039886816033303,,,,,,,,,,,,,
24506.463,-0.572744684473241,-1.0799761202405396,-0.5768586233544681,-0.5745066763023331,0.975660152010919,1.0079131889900044,,,,,,,,,,,,,
24506.818,-0.575218926507687,-1.0801113107973919,-0.5770293863008149,-0.5746903660345702,0.9711609842557931,1.0034824448059436,,,,,,,,,,,,,
24507.201,-0.572605402221678,-1.0802571642714032,-0.5772136006127013,-0.5748886356855532,0.9764686500173294,1.0088638977252682,,,,,,,,,,,,,
24507.584,-0.573275144449351,-1.0804030177454127,-0.5773977970084658,-0.5750869984836998,0.9754609494984076,1.0079299499024281,,,,,,,,,,,,,
24507.967,-0.573324590242904,-1.0805488712194258,-0.5775819754881653,-0.5752854523457754,0.9756463897640141,1.0081891084024388,,,,,,,,,,,,,
24508.35,-0.572827681907653,-1.0806947246934353,-0.5777661360517214,-0.5754839952036017,0.9768827427191131,1.0094991451302353,,,,,,,,,,,,,
24508.733,-0.573378074419959,-1.0808405781674466,-0.5779502786991841,-0.5756826250039294,0.9761046114918954,1.008794663214023,,,,,,,,,,,,,
24509.144,-0.573687205994191,-1.0809970945586187,-0.5781478635436343,-0.5758958704295236,0.9758110560412595,1.0085801030253454,,,,,,,,,,,,,
24509.527,-0.573652907884178,-1.0811429480326282,-0.5783319690491027,-0.5760946739942432,0.9761575777854936,1.0090002026378009,,,,,,,,,,,,,
24509.91,-0.573048035736658,-1.0812888015066413,-0.5785160566384562,-0.5762935582835638,0.9776015992367971,1.0105177674956334,,,,,,,,,,,,,
24510.32,-0.573593645285843,-1.0814449370793415,-0.5787131018267289,-0.576506550336405,0.9768524456703849,1.0098473036664293,,,,,,,,,,,,,
24510.703,-0.571979718846964,-1.0815907905533528,-0.5788971523208559,-0.5767055954439076,0.9802373840165642,1.0133057140663366,,,,,,,,,,,,,
24511.086,-0.573731186033319,-1.0817366440273641,-0.5790811848988753,-0.5769047151989982,0.9771489845046406,1.0102907521464348,,,,,,,,,,,,,
24511.497,-0.57198084462555,-1.0818931604185344,-0.5792786516270283,-0.5771184728226529,0.9808168273053574,1.0140373630119903,,,,,,,,,,,,,
24511.907,-0.572810395423202,-1.0820492959912364,-0.5794756173446487,-0.5773317913826514,0.979521512475851,1.0128205850575778,,,,,,,,,,,,,
24512.29,-0.572616135162237,-1.0821951494652478,-0.5796595936015407,-0.5775311331608077,0.9801757215704944,1.01354812341035,,,,,,,,,,,,,
24512.701,-0.57218616465152,-1.0823516658564198,-0.5798569998910992,-0.577745122319384,0.9813038296874212,1.0147548833382574,,,,,,,,,,,,,
24513.057,-0.572314204687767,-1.0824872372317405,-0.5800279726057624,-0.5779305356891282,0.9813183162253353,1.014837464431531,,,,,,,,,,,,,
24513.467,-0.571828825847998,-1.0826433728044424,-0.5802248602047726,-0.5781441407726281,0.9825522698115159,1.0161498046313633,,,,,,,,,,,,,
24513.878,-0.573148716011114,-1.0827998891956128,-0.5804222074110825,-0.5783583368608087,0.9803145192480773,1.013990592232057,,,,,,,,,,,,,
24514.234,-0.572760295935521,-1.0829354605709334,-0.580593128949026,-0.578543924130065,0.9813224173052578,1.015066486405964,,,,,,,,,,,,,
24514.617,-0.572349818945957,-1.0830813140449447,-0.5807769963527036,-0.5787436419599844,0.9823925194842347,1.0162097084635477,,,,,,,,,,,,,
24515.0,-0.57309132899607,-1.083227167518956,-0.5809608458402948,-0.5789434151412919,0.9812467734901867,1.0151370478864004,,,,,,,,,,,,,
24515.383,-0.572290368581647,-1.0833730209929673,-0.5811446774117641,-0.5791432418593427,0.9830679709104895,1.0170312962619117,,,,,,,,,,,,,
24515.767,-0.572327454284994,-1.0835192552854487,-0.5813289709749085,-0.579343642254142,0.9832779183261213,1.0173144507695444,,,,,,,,,,,,,
24516.15,-0.571702327825945,-1.08366510875946,-0.5815127666673874,-0.579543570780292,0.9847608989650266,1.0188704133502906,,,,,,,,,,,,,
24516.533,-0.572982988255421,-1.0838109622334713,-0.5816965444437585,-0.5797435474700535,0.9825780967004214,1.0167605585658344,,,,,,,,,,,,,
24516.916,-0.574035603660244,-1.0839568157074826,-0.581880304304029,-0.5799435705587339,0.980833939258927,1.0150893141427826,,,,,,,,,,,,,
24517.3,-0.572929364103717,-1.0841030499999622,-0.5820645259687254,-0.5801441607208192,0.9832430739058422,1.017571517584801,,,,,,,,,,,,,
24517.683,-0.573585084007285,-1.0842489034739753,-0.5822482499500126,-0.5803442714717214,0.9822623453407595,1.0166636330247933,,,,,,,,,,,,,
24518.066,-0.574176422210379,-1.0843947569479848,-0.5824319560151991,-0.5805444233957655,0.9814054550381315,1.0158795522655624,,,,,,,,,,,,,
24518.45,-0.573740416311047,-1.0845409912404662,-0.5826161237443372,-0.5807451375195327,0.9825253946041645,1.0170724568814482,,,,,,,,,,,,,
24518.833,-0.575393057316877,-1.0846868447144775,-0.5827997939305334,-0.5809453667485752,0.9796270873450365,1.0142468901523354,,,,,,,,,,,,,
24519.216,-0.573593778914886,-1.0848326981884888,-0.5829834462006147,-0.5811456320321939,0.9833685503696038,1.0180610592452402,,,,,,,,,,,,,
24519.6,-0.57321529722269,-1.0849789324809702,-0.5831675599942088,-0.5813464547081321,0.9843778420681724,1.0191432122484394,,,,,,,,,,,,,
24520.011,-0.575902949688224,-1.0851354488721405,-0.583364599335134,-0.5815614342159957,0.9795091994073755,1.014352515571589,,,,,,,,,,,,,
24520.394,-0.575083013251568,-1.0852813023461518,-0.5835481965003311,-0.5817618006050761,0.9813668972245995,1.016282813462691,,,,,,,,,,,,,
24520.75,-0.575550047448664,-1.0854168737214742,-0.5837188347183186,-0.5819480692370861,0.9807293281697784,1.015712695557659,,,,,,,,,,,,,
24521.133,-0.575873003683104,-1.0855627271954855,-0.5839023973143185,-0.5821484933110622,0.9803886708406442,1.0154445718084208,,,,,,,,,,,,,
24521.517,-0.575517657413182,-1.0857089614879651,-0.5840864211996859,-0.582349469094757,0.9813534615323296,1.0164820508659393,,,,,,,,,,,,,
24521.928,-0.576003829548132,-1.0858654778791372,-0.5842833643107284,-0.5825646062713029,0.9807193683937623,1.0159257186127615,,,,,,,,,,,,,
24522.311,-0.577066804505247,-1.0860113313531485,-0.5844668718018298,-0.5827651139446246,0.9789552843435222,1.0142340621479722,,,,,,,,,,,,,
24522.695,-0.576317043312113,-1.08615756564563,-0.5846508404384352,-0.5829661702323871,0.9806787325173806,1.0160300924164622,,,,,,,,,,,,,
24523.078,-0.577019588920542,-1.0863034191196412,-0.5848343120505604,-0.5831667269056324,0.9796079346641923,1.0150316531353574,,,,,,,,,,,,,
24523.462,-0.577245447347056,-1.0864496534121209,-0.5850182447144903,-0.5833678302003238,0.9794547775661938,1.0149510089384148,,,,,,,,,,,,,
24523.872,-0.577708822716698,-1.0866057889848229,-0.5852146112723702,-0.5835825740708365,0.9788638015228166,1.0144374172841815,,,,,,,,,,,,,
24524.256,-0.578888148654444,-1.0867520232773042,-0.5853985066973308,-0.5837837216041041,0.9768766487547011,1.0125227057878206,,,,,,,,,,,,,
24524.64,-0.578088465089917,-1.0868982575697856,-0.5855823841124845,-0.5839848889362247,0.978696122657699,1.014414586320687,,,,,,,,,,,,,
24525.023,-0.578716855407446,-1.087044111043797,-0.585765764740735,-0.5841855510903721,0.9777679625775076,1.0135586098047522,,,,,,,,,,,,,
24525.407,-0.577697374404669,-1.0871903453362766,-0.5859496061832203,-0.584386754888543,0.9800102170632752,1.0158732017268275,,,,,,,,,,,,,
24525.818,-0.579465903060775,-1.0873468617274487,-0.5861463540233842,-0.5846021243365161,0.9769095099293222,1.0128498798740195,,,,,,,,,,,,,
24526.174,-0.578458833413562,-1.0874824331027693,-0.5863167564023044,-0.584788687586861,0.9791073810294298,1.0151147484866176,,,,,,,,,,,,,
24526.557,-0.57988704887348,-1.0876282865767806,-0.5865000652725669,-0.5849894143980499,0.9766407565225909,1.0127201695173005,,,,,,,,,,,,,
24526.941,-0.57987509899513,-1.087774520869262,-0.5866838347697225,-0.5851906790023798,0.9769450239265335,1.0130966359704283,,,,,,,,,,,,,
24527.297,-0.579361312485939,-1.0879100922445826,-0.586854188319883,-0.5853772794555322,0.9781940644386888,1.0144125800727504,,,,,,,,,,,,,
24527.681,-0.580752268518089,-1.088056326537064,-0.5870379231106924,-0.585578567712015,0.9757998409815025,1.0120904889069573,,,,,,,,,,,,,
24528.064,-0.580683543042028,-1.0882021800110753,-0.5872211614859779,-0.5857793425774205,0.9762125837972732,1.012575141662917,,,,,,,,,,,,,
24528.421,-0.581211751639412,-1.088338132204866,-0.5873919445696174,-0.5859664966776249,0.9754580782296555,1.011887633388815,,,,,,,,,,,,,
24528.832,-0.580854686124783,-1.088494648596038,-0.5875885411124884,-0.5861819693547984,0.9764459535168525,1.012952602936275,,,,,,,,,,,,,
24529.188,-0.581427510835806,-1.0886302199713587,-0.5877588124407183,-0.5863686148860671,0.9756048963072704,1.012178291162694,,,,,,,,,,,,,
24529.572,-0.582733210658271,-1.08877645426384,-0.5879424585427131,-0.5865699471831876,0.9733746632509853,1.0100200198045632,,,,,,,,,,,,,
24529.955,-0.582187076707752,-1.0889223077378514,-0.5881256084601603,-0.5867707612669222,0.9747057017241539,1.0114227980689274,,,,,,,,,,,,,
24530.339,-0.582190715993076,-1.0890685420303328,-0.5883092185894867,-0.5869721048355542,0.9749799833568543,1.0117689722062209,,,,,,,,,,,,,
24530.723,-0.582264988518382,-1.0892147763228142,-0.5884928107090417,-0.5871734526427123,0.9751184018848682,1.0119792485969135,,,,,,,,,,,,,
24531.107,-0.583544798038057,-1.0893610106152956,-0.5886763848187968,-0.5873748037592834,0.9729379688507711,1.0098706387836378,,,,,,,,,,,,,
24531.49,-0.582995969033163,-1.0895068640893069,-0.5888594629314952,-0.5875756329017866,0.9742741912636089,1.0112784628709672,,,,,,,,,,,,,
24531.874,-0.583921390855981,-1.0896530983817865,-0.5890430010685819,-0.5877769878712111,0.9727754233034862,1.0098514489380908,,,,,,,,,,,,,
24532.285,-0.584109864617148,-1.0898096147729586,-0.5892394242771601,-0.5879925012091795,0.9727139532717247,1.0098667397574732,,,,,,,,,,,,,
24532.669,-0.58556601850264,-1.08995584906544,-0.5894229251283747,-0.5881938563356932,0.9701943216812545,1.0074187904747227,,,,,,,,,,,,,
24533.053,-0.583890186839744,-1.0901020833579214,-0.5896064079697965,-0.5883952101545648,0.9736990672897522,1.0109951837490545,,,,,,,,,,,,,
24533.437,-0.585999485535096,-1.0902483176504028,-0.5897898728014397,-0.5885965617724197,0.969923111032596,1.0072908405158465,,,,,,,,,,,,,
24533.82,-0.585197255902616,-1.0903941711244123,-0.5899728419205843,-0.5887973859612468,0.9717467497950423,1.0091858713033133,,,,,,,,,,,,,
24534.204,-0.585952616506801,-1.0905404054168955,-0.5901562707795591,-0.5889987305312588,0.9705750947516796,1.0080857600903377,,,,,,,,,,,,,
24534.561,-0.584836294405025,-1.0906763576106862,-0.5903267861420503,-0.5891859137337986,0.972983845557362,1.0105609932269566,,,,,,,,,,,,,
24534.945,-0.586431388499,-1.0908225919031658,-0.5905101802477546,-0.5893872481738074,0.9701969623429352,1.0078455869949,,,,,,,,,,,,,
24535.301,-0.587114334476787,-1.0909581632784864,-0.5906801857787585,-0.5895738961720041,0.9691440867713702,1.0068589455973913,,,,,,,,,,,,,
24535.685,-0.58701607352564,-1.0911043975709696,-0.5908635451781308,-0.5897752172788534,0.9696143736064227,1.007400642657022,,,,,,,,,,,,,
24536.069,-0.587988067941604,-1.0912506318634492,-0.591046886567689,-0.5899765302129939,0.9680260232188239,1.005883667852101,,,,,,,,,,,,,
24536.48,-0.587572794554893,-1.0914071482546213,-0.5912430991949549,-0.5901919879446411,0.9691258614036631,1.007059861834131,,,,,,,,,,,,,
24536.864,-0.589152144826216,-1.0915533825471027,-0.5914264032986551,-0.5903932812644633,0.9663692614471742,1.004374565740808,,,,,,,,,,,,,
24537.248,-0.590019462031387,-1.0916996168395823,-0.5916096893925555,-0.5905945638199671,0.9649822577746895,1.0030588312895894,,,,,,,,,,,,,
24537.632,-0.588898215991237,-1.0918458511320654,-0.5917929574766845,-0.5907958347778927,0.9674202574072183,1.0055680655015125,,,,,,,,,,,,,
24538.043,-0.589063614074085,-1.0920023675232358,-0.5919890916442014,-0.5910112438118243,0.9674031734647783,1.005627186438663,,,,,,,,,,,,,
24538.427,-0.589367826236257,-1.0921486018157172,-0.5921723224424511,-0.5912124881333883,0.9670993028812772,1.0053944787150155,,,,,,,,,,,,,
24538.811,-0.589191643589973,-1.0922948361081986,-0.5923555352308938,-0.5914137183316045,0.9677194721714769,1.0060857762231832,,,,,,,,,,,,,
24539.223,-0.589534367444763,-1.0924517333178407,-0.5925520872577081,-0.5916296049344743,0.9673620344417386,1.0058046146210458,,,,,,,,,,,,,
24539.607,-0.590577120206757,-1.0925979676103204,-0.5927352627133757,-0.5918308032752604,0.9656375803078503,1.0041512168953743,,,,,,,,,,,,,
24540.018,-0.590908732753521,-1.0927544840014924,-0.5929312977395114,-0.5920461299586303,0.9653007826850396,1.003890433453341,,,,,,,,,,,,,
24540.402,-0.592282584117262,-1.092900718293972,-0.5931144359093068,-0.5922472930436797,0.9629394600739001,1.0016000955308921,,,,,,,,,,,,,
24540.786,-0.591778688234336,-1.0930469525864535,-0.5932975560693023,-0.5924484378819723,0.9641899860883324,1.0029215715921294,,,,,,,,,,,,,
24541.17,-0.593057454563582,-1.0931931868789349,-0.5934806582195264,-0.5926495636870698,0.9620115596320234,1.0008140605407534,,,,,,,,,,,,,
24541.527,-0.592797212393788,-1.0933291390727256,-0.5936508698449856,-0.5928365300764651,0.9627736398694523,1.0016420388698024,,,,,,,,,,,,,
24541.911,-0.592479031107711,-1.093475373365207,-0.5938339372419463,-0.5930376169484936,0.9636669436791562,1.0026061912364224,,,,,,,,,,,,,
24542.295,-0.592119467826994,-1.0936216076576883,-0.5940169866291356,-0.5932386825112946,0.9646398457951441,1.0036499072674268,,,,,,,,,,,,,
24542.679,-0.593929737127714,-1.0937678419501697,-0.5942000180065392,-0.5934397259974149,0.9614390728646698,1.000519913610097,,,,,,,,,,,,,
24543.036,-0.593495910987913,-1.0939037941439604,-0.5943701638353787,-0.5936266131423636,0.96253504203449,1.0016816543115268,,,,,,,,,,,,,
24543.42,-0.59443292860199,-1.0940500284364418,-0.5945531604595189,-0.593827611875534,0.9610139695587895,1.00023129426094,,,,,,,,,,,,,
24543.832,-0.594272425800689,-1.0942069256460822,-0.5947494805600186,-0.5940432397259265,0.9616244887835197,1.0009176435021974,,,,,,,,,,,,,
24544.188,-0.595527654699898,-1.0943424970214028,-0.5949190996784424,-0.5942295356989863,0.9594708264650463,0.9988294720917806,,,,,,,,,,,,,
24544.572,-0.594855888555721,-1.094488731313886,-0.5951020422732398,-0.5944304592957801,0.9610442510876144,1.0004735052138192,,,,,,,,,,,,,
24544.957,-0.596308646545346,-1.0946353464248357,-0.5952854432008365,-0.5946318794954173,0.9585318840107818,0.998031895735423,,,,,,,,,,,,,
24545.341,-0.595203885576206,-1.0947815807173171,-0.5954683497291597,-0.594832749222259,0.9609381745934469,1.000508725443562,,,,,,,,,,,,,
24545.725,-0.597775584996247,-1.0949278150097985,-0.5956512382476973,-0.5950335909496727,0.9562727900999322,0.9959138454336356,,,,,,,,,,,,,
24546.109,-0.597958145835872,-1.09507404930228,-0.595834108756442,-0.5952344039512771,0.9562029159517444,0.9959144411271503,,,,,,,,,,,,,
24546.466,-0.598147381015966,-1.0952100014960706,-0.596004105027717,-0.5954210708890736,0.9561004260766096,0.9958774351091008,,,,,,,,,,,,,
24546.85,-0.59809749910328,-1.095356235788552,-0.5961869407831983,-0.595621826421936,0.9564776557848905,0.9963250678110672,,,,,,,,,,,,,
24547.234,-0.599285598899737,-1.0955024700810334,-0.5963697585289083,-0.5958225511262703,0.95447362649115,0.9943914068691264,,,,,,,,,,,,,
24547.619,-0.599052801260727,-1.095649085191985,-0.5965530342823016,-0.5960237668895634,0.9552034272787181,0.9951917244820975,,,,,,,,,,,,,
24548.003,-0.599602326071105,-1.0957953194844663,-0.5967358159615443,-0.5962244277287225,0.9544276975816809,0.9944862937628779,,,,,,,,,,,,,
24548.387,-0.599312996839456,-1.095941553776946,-0.5969185796310015,-0.596425055622862,0.9552655044370837,0.9953943649542125,,,,,,,,,,,,,
24548.772,-0.600534643674517,-1.0960881688878992,-0.5971018011673195,-0.5966261722119636,0.953197679887186,0.9933969529429625,,,,,,,,,,,,,
24549.128,-0.599649431629866,-1.0962237402632198,-0.5972712054913174,-0.5968121090621638,0.955161157772174,0.9954255085781579,,,,,,,,,,,,,
24549.54,-0.600667062918116,-1.0963806374728602,-0.5974672383634996,-0.5970272568464327,0.953505534948429,0.993845163286205,,,,,,,,,,,,,
24549.924,-0.601519692457946,-1.0965268717653416,-0.5976499299469182,-0.5972277459448372,0.9521467830142841,0.9925565370302382,,,,,,,,,,,,,
24550.309,-0.601139669480687,-1.096673486876293,-0.5978330792094653,-0.5974287206205261,0.9531597718808376,0.993639799416602,,,,,,,,,,,,,
24550.693,-0.602331116824239,-1.0968197211687745,-0.5980157347264097,-0.5976291361720948,0.9511493035770567,0.9916993874170029,,,,,,,,,,,,,
24551.078,-0.603100017114731,-1.096966336279726,-0.5981988478285771,-0.5978300357551604,0.949952337438816,0.9905726252439279,,,,,,,,,,,,,
24551.462,-0.603987539356385,-1.0971125705722056,-0.5983814672790544,-0.598030375066508,0.9485264693593244,0.9892167440946359,,,,,,,,,,,,,
24551.874,-0.603431365768777,-1.0972694677818478,-0.5985773827036525,-0.5982452789890265,0.9498980617200922,0.9906633880763288,,,,,,,,,,,,,
24552.231,-0.605326957881495,-1.0974054199756385,-0.598747127604824,-0.5984314572826482,0.9465133926524345,0.9873437193544703,,,,,,,,,,,,,
24552.615,-0.60381623013026,-1.0975516542681198,-0.5989296929790484,-0.5986316773068223,0.9497005607288831,0.9906007703452506,,,,,,,,,,,,,
24553.0,-0.60469778179478,-1.0976982693790713,-0.5991127157037397,-0.5988323775388018,0.9482869095649163,0.9892571493050354,,,,,,,,,,,,,
24553.384,-0.60517518032142,-1.097844503671551,-0.5992952450114899,-0.5990325147306946,0.947649914843655,0.9886899681241237,,,,,,,,,,,,,
24553.741,-0.606382714782682,-1.0979804558653434,-0.599464924072457,-0.599218541818642,0.9455887253269012,0.9866936523092861,,,,,,,,,,,,,
24554.125,-0.604800845748142,-1.0981266901578248,-0.599647418626958,-0.5994185967504067,0.9489127337298541,0.9900874074045575,,,,,,,,,,,,,
24554.51,-0.60673788894686,-1.0982733052687745,-0.5998303703474903,-0.5996191289245952,0.9454688435899731,0.9867134108116976,,,,,,,,,,,,,
24554.894,-0.606187262549334,-1.098419539561256,-0.6000128288355242,-0.5998190959813435,0.9468092557939497,0.9881235003340249,,,,,,,,,,,,,
24555.251,-0.607098439429873,-1.0985554917550484,-0.6001824420562727,-0.6000049626577827,0.9453181103672678,0.9866971019653478,,,,,,,,,,,,,
24555.636,-0.607974442713308,-1.0987021068659981,-0.6003653408293417,-0.6002053631126542,0.9439151315196229,0.9853639148200758,,,,,,,,,,,,,
24556.021,-0.607492116478468,-1.0988487219769496,-0.6005482214986984,-0.6004057172954012,0.9451249008000159,0.9866434409803074,,,,,,,,,,,,,
24556.405,-0.608007696308851,-1.098994956269431,-0.6007306091200988,-0.6006055043654321,0.9444144643044772,0.9860025454908814,,,,,,,,,,,,,
24556.762,-0.608408117397845,-1.0991309084632217,-0.6009001564570298,-0.6007912015215474,0.9439057581315132,0.9855584596481811,,,,,,,,,,,,,
24557.147,-0.607245391414923,-1.0992775235741732,-0.6010829841789231,-0.6009914168101824,0.9464242769783396,0.9881466335301837,,,,,,,,,,,,,
24557.531,-0.608273322295308,-1.0994237578666546,-0.6012653189903858,-0.6011910635521927,0.9447283327479111,0.9865201287257689,,,,,,,,,,,,,
24557.916,-0.608548388970433,-1.099570372977606,-0.6014481105518925,-0.6013911809667375,0.9444812560413225,0.986342637499726,,,,,,,,,,,,,
24558.273,-0.608829638195763,-1.0997063251713968,-0.6016175920050202,-0.6015766998035188,0.9442017770621384,0.9861276521230217,,,,,,,,,,,,,
24558.685,-0.608886064178061,-1.099863222381039,-0.6018131646979867,-0.6017907460060562,0.9443950335640644,0.986395301000372,,,,,,,,,,,,,
24559.07,-0.60907667911607,-1.1000098374919887,-0.6019959019954015,-0.601990712022919,0.9443103998546174,0.9863801483942634,,,,,,,,,,,,,
24559.454,-0.608532820039071,-1.10015607178447,-0.6021781466172271,-0.6021901071461406,0.9456377951110853,0.9877768095966843,,,,,,,,,,,,,
24559.839,-0.608772603395775,-1.1003026868954215,-0.6023608477542268,-0.6023899693018997,0.9454585859012382,0.9876670119355168,,,,,,,,,,,,,
24560.224,-0.608488055124907,-1.1004493020063713,-0.6025435307875426,-0.6025897785767378,0.9462879290786962,0.98856573183912,,,,,,,,,,,,,
24560.608,-0.611253138751621,-1.1005955362988544,-0.6027257212862196,-0.6027890156096524,0.9412505698786218,0.9835975344789061,,,,,,,,,,,,,
24561.02,-0.610583774283959,-1.1007524335084948,-0.6029211764812814,-0.6030027205392922,0.9428398850054694,0.9852610159734926,,,,,,,,,,,,,
24561.378,-0.610340275945093,-1.1008887665207556,-0.60309099692833,-0.60318836479491,0.9435704909727797,0.9860560350935025,,,,,,,,,,,,,
24561.735,-0.611386700880457,-1.101024718714548,-0.6032603274285933,-0.6033734429646392,0.9418191957832382,0.9843689431480689,,,,,,,,,,,,,
24562.12,-0.610552062709181,-1.1011713338254978,-0.6034429213069998,-0.6035729833555387,0.9437066374104498,0.9863255900116806,,,,,,,,,,,,,
24562.504,-0.610428336998272,-1.1013175681179792,-0.603625022882369,-0.6037719493845177,0.9442259057352655,0.986913849132051,,,,,,,,,,,,,
24562.889,-0.609937460195418,-1.1014641832289307,-0.603807580600396,-0.6039713767694644,0.9454521220414146,0.9882092011199556,,,,,,,,,,,,,
24563.246,-0.611750638579453,-1.1016001354227214,-0.6039768452168559,-0.6041562490492451,0.9422259758597311,0.9850471314546245,,,,,,,,,,,,,
24563.631,-0.611864319387999,-1.1017467505336729,-0.6041593680440869,-0.6043555652721464,0.9422893250219192,0.9851795491860161,,,,,,,,,,,,,
24564.043,-0.611794587271819,-1.101903647743315,-0.6043546711208521,-0.6045687947120266,0.9427252467469742,0.9856893446787467,,,,,,,,,,,,,
24564.428,-0.611378606954735,-1.1020502628542648,-0.604537156471082,-0.6047679892362691,0.9438073995910811,0.9868404940048675,,,,,,,,,,,,,
24564.813,-0.611680185525691,-1.1021968779652163,-0.6047196237175854,-0.6049671241285818,0.9435093272274954,0.9866113833007474,,,,,,,,,,,,,
24565.198,-0.610105714611948,-1.1023434930761677,-0.6049020728603907,-0.6051661988434309,0.9468198378427083,0.9899908207528633,,,,,,,,,,,,,
24565.61,-0.612352783214965,-1.10250039028581,-0.6050972970852442,-0.6053791673715857,0.9427993911677026,0.9860440961735781,,,,,,,,,,,,,
24565.995,-0.611053769999547,-1.1026470053967596,-0.60527970875102,-0.6055781157911134,0.9455800586366296,0.9888936183922186,,,,,,,,,,,,,
24566.407,-0.612140662742768,-1.1028039026064018,-0.605474892870582,-0.605790947934189,0.9437912113379828,0.9871784160466054,,,,,,,,,,,,,
24566.792,-0.613469493988956,-1.1029505177173533,-0.6056572670593283,-0.6059897677613238,0.9415172174707263,0.9849732048418727,,,,,,,,,,,,,
24567.177,-0.61222085245623,-1.103097132828303,-0.6058396231443766,-0.6061885246556294,0.9442009949598,0.9877257301709361,,,,,,,,,,,,,
24567.589,-0.610622648260718,-1.1032540300379452,-0.6060347477853298,-0.6064011500403609,0.9475769341918727,0.9911751999487428,,,,,,,,,,,,,
24567.974,-0.611570637783996,-1.103400645148895,-0.6062170663933557,-0.6065997749852267,0.9460354897430144,0.9897024312526562,,,,,,,,,,,,,
24568.359,-0.612127947414974,-1.1035472602598482,-0.6063993668976622,-0.6067983353897509,0.9452455184407996,0.9889811008806789,,,,,,,,,,,,,
24568.744,-0.612913946033957,-1.1036938753707979,-0.6065816492982563,-0.6069968307363675,0.9440156636513437,0.9878198521988979,,,,,,,,,,,,,
24569.102,-0.612288423476631,-1.1038302083830587,-0.6067511320139687,-0.6071813468049589,0.9454810935683774,0.989349045641179,,,,,,,,,,,,,
24569.487,-0.612138577588276,-1.1039768234940102,-0.6069333794767715,-0.6073797151458892,0.9460513365841937,0.9899878275616804,,,,,,,,,,,,,
24569.872,-0.612064110834617,-1.1041234386049616,-0.6071156088358549,-0.6075780169293252,0.9464765877623001,0.9904815828219377,,,,,,,,,,,,,
24570.257,-0.612312368901629,-1.1042700537159131,-0.6072978200912331,-0.6077762516491154,0.9462810774390671,0.9903545417582929,,,,,,,,,,,,,
24570.642,-0.611347706489758,-1.1044166688268646,-0.6074800132429203,-0.6079744188019549,0.9484186208174722,0.992560519573752,,,,,,,,,,,,,
24570.999,-0.611740586343739,-1.1045526210206553,-0.6076489398069214,-0.6081581129871303,0.9479244202172712,0.9921297452448048,,,,,,,,,,,,,
24571.384,-0.610771228860177,-1.104699236131605,-0.6078310980678054,-0.6083561485107606,0.9500709945705627,0.9943446869225984,,,,,,,,,,,,,
24571.769,-0.610200237211769,-1.1048458512425583,-0.6080132382249914,-0.6085541150103702,0.951451311858791,0.9957933367127804,,,,,,,,,,,,,
24572.154,-0.613303006295221,-1.104992466353508,-0.608195360278458,-0.6087520119936789,0.9457651468642725,0.9901754693976672,,,,,,,,,,,,,
24572.539,-0.612127038334249,-1.1051390814644595,-0.6083774642282407,-0.6089498389711745,0.948309136668548,0.9927877220587996,,,,,,,,,,,,,
24572.924,-0.612051572361202,-1.105285696575411,-0.6085595500742969,-0.609147595456079,0.9487363098461034,0.9932831232706777,,,,,,,,,,,,,
24573.309,-0.611743918041428,-1.1054323116863625,-0.6087416178166549,-0.6093452809643461,0.9496100975307429,0.9942251041670773,,,,,,,,,,,,,
24573.694,-0.612824620111134,-1.105578926797314,-0.6089236674552936,-0.6095428950146274,0.9478133803718563,0.9924965453974166,,,,,,,,,,,,,
24574.079,-0.612378454606053,-1.1057255419082654,-0.609105698990227,-0.6097404371282692,0.9489535944539597,0.9937048830461833,,,,,,,,,,,,,
24574.465,-0.612770424434474,-1.1058725378376852,-0.6092881851600467,-0.6099384196428956,0.9484823869248429,0.9933019410697226,,,,,,,,,,,,,
24574.85,-0.611477501007805,-1.1060191529486367,-0.6094701804405389,-0.6101358162680122,0.951251340679288,0.9961389486552821,,,,,,,,,,,,,
24575.235,-0.611921649780466,-1.1061657680595882,-0.6096521576173402,-0.6103331395352436,0.9506790343963132,0.9956346613808875,,,,,,,,,,,,,
24575.592,-0.612015086091568,-1.106301720253379,-0.6098208839137342,-0.6105160460620341,0.9507608137373438,0.9957794817776999,,,,,,,,,,,,,
24575.978,-0.611580730166713,-1.1064487161828005,-0.6100032987535258,-0.6107137386907339,0.9518790445852746,0.996965840974744,,,,,,,,,,,,,
24576.363,-0.612898426282972,-1.106595331293752,-0.6101852228888234,-0.6109108443437601,0.9496264691510904,0.9947811825236018,,,,,,,,,,,,,
24576.775,-0.612049183550003,-1.1067522285033924,-0.6103798852874291,-0.6111216897025955,0.9515617802933612,0.9967891350867725,,,,,,,,,,,,,
24577.133,-0.612095505248079,-1.106888561515655,-0.6105490168482532,-0.6113048296444138,0.951734917142321,0.9970253600132569,,,,,,,,,,,,,
24577.546,-0.612130498729107,-1.1070458395437637,-0.6107441128625126,-0.6115160238514538,0.951970131585631,0.9973333174328958,,,,,,,,,,,,,
24577.931,-0.611798105131718,-1.107192454654717,-0.6109259632663253,-0.6117128204521146,0.9528915052944368,0.998322466302005,,,,,,,,,,,,,
24578.316,-0.612194963489132,-1.1073390697656667,-0.6111077955664328,-0.6119095400209071,0.952410162170433,0.9979088635157422,,,,,,,,,,,,,
24578.729,-0.61248052164128,-1.107496347793779,-0.6113028319072953,-0.6121204803185671,0.9521634152291136,0.9977347447687259,,,,,,,,,,,,,
24579.114,-0.611138949792919,-1.1076429629047304,-0.6114846266833638,-0.6123170387982609,0.9550259442692292,1.0006649419689406,,,,,,,,,,,,,
24579.5,-0.61140792309541,-1.1077899588341502,-0.6116668754793224,-0.6125140291134953,0.9547913206754204,1.000498127338355,,,,,,,,,,,,,
24579.885,-0.612487849638739,-1.1079365739451017,-0.6118486340009639,-0.6127104301478825,0.9529960952422618,0.9987705003297611,,,,,,,,,,,,,
24580.27,-0.612122996431062,-1.1080831890560532,-0.6120303744188718,-0.6129067519032296,0.9539799050425101,0.9998218737320114,,,,,,,,,,,,,
24580.655,-0.611602317356998,-1.1082298041670047,-0.6122120967330744,-0.6131029939441247,0.9552634460458459,1.0011729435148151,,,,,,,,,,,,,
24581.041,-0.610587337566681,-1.1083768000964263,-0.6123942728789942,-0.6132996652442261,0.9574985074545265,1.0034756741440516,,,,,,,,,,,,,
24581.399,-0.611667466683762,-1.108513133108687,-0.6125632179092619,-0.6134819978435568,0.9556831147438928,1.0017230107187642,,,,,,,,,,,,,
24581.811,-0.612458130298999,-1.1086700303183292,-0.6127576268948189,-0.6136917464475662,0.9544640644563517,1.0005761144111802,,,,,,,,,,,,,
24582.169,-0.61228808909773,-1.10880636333059,-0.6129265382569002,-0.6138739280255852,0.9550533755492111,1.0012280900284893,,,,,,,,,,,,,
24582.555,-0.612644188389337,-1.1089533592600098,-0.6131086430256545,-0.6140702791623185,0.9546511650319767,1.0008934114375885,,,,,,,,,,,,,
24582.94,-0.612052432300419,-1.1090999743709613,-0.6132902578931905,-0.6142660392608227,0.9560714227413898,1.0023809912523818,,,,,,,,,,,,,
24583.325,-0.611790142389569,-1.1092465894819128,-0.6134718546569999,-0.6144617166900684,0.95685795194206,1.0032348077358981,,,,,,,,,,,,,
24583.711,-0.611660593921373,-1.1093935854113326,-0.6136539049264158,-0.6146578189618552,0.9573898853554681,1.0038341682459588,,,,,,,,,,,,,
24584.069,-0.610631745730035,-1.1095299184235952,-0.6138227332111441,-0.6148396211832836,0.9596311125154242,1.0061379001307669,,,,,,,,,,,,,
24584.482,-0.612548675992645,-1.1096871964517057,-0.6140174793566118,-0.6150492637895081,0.9562464197587518,1.0028252773765263,,,,,,,,,,,,,
24584.84,-0.610268844185406,-1.1098235294639665,-0.6141862739294197,-0.6152309093934109,0.9608939151008151,1.0075352125984445,,,,,,,,,,,,,
24585.225,-0.612369666920489,-1.109970144574918,-0.6143677813502535,-0.6154261727822126,0.9571349948660373,1.0038434077949592,,,,,,,,,,,,,
24585.611,-0.611372904223682,-1.1101171405043395,-0.6145497420446588,-0.615621857905677,0.9593350156779216,1.0061106834056082,,,,,,,,,,,,,
24586.024,-0.611822457950597,-1.1102744185324518,-0.6147444104078872,-0.6158311356484931,0.9587728230916289,1.0056204112073108,,,,,,,,,,,,,
24586.409,-0.61184112670023,-1.1104210336434015,-0.614925862153946,-0.616026136008464,0.9590189280400389,1.0059335244963856,,,,,,,,,,,,,
24586.795,-0.61142953588208,-1.110568029572823,-0.6151077670289453,-0.6162215561806079,0.9600933701834414,1.0070751140697474,,,,,,,,,,,,,
24587.18,-0.610753029463001,-1.1107146446837746,-0.61528918252057,-0.6164163832273052,0.9616766452340072,1.008725327725429,,,,,,,,,,,,,
24587.593,-0.612777126720073,-1.110871922711885,-0.6154837717395978,-0.616625282628604,0.9580858166609512,1.0052062673062176,,,,,,,,,,,,,
24587.979,-0.611789735600491,-1.1110189186413066,-0.6156656207952125,-0.6168204340848118,0.9602678112350765,1.0074553019415111,,,,,,,,,,,,,
24588.364,-0.613190199834648,-1.1111655337522581,-0.6158469806120621,-0.6170149919025651,0.9578560312469241,1.0051103534678467,,,,,,,,,,,,,
24588.75,-0.612608532265774,-1.111312529681678,-0.6160287933190673,-0.6172099663812546,0.9592576161830678,1.0065789085484638,,,,,,,,,,,,,
24589.135,-0.612866128871795,-1.1114591447926294,-0.6162101168814829,-0.6174043469032928,0.959044143171116,1.0064321973154509,,,,,,,,,,,,,
24589.521,-0.612580246405401,-1.111606140722051,-0.6163918932398715,-0.6175991428512407,0.9598767851796399,1.0073317395517964,,,,,,,,,,,,,
24589.906,-0.613064794823546,-1.1117527558330025,-0.6165731805478529,-0.6177933445366778,0.9592267701399229,1.0067484165554694,,,,,,,,,,,,,
24590.265,-0.612620488894658,-1.1118894696637334,-0.616742208765487,-0.617974350335945,0.960344362203462,1.0079281654096706,,,,,,,,,,,,,
24590.65,-0.61235415508382,-1.1120360847746849,-0.616923461088632,-0.6181683780020866,0.9611386698496284,1.008789097805785,,,,,,,,,,,,,
24591.036,-0.612799242526925,-1.1121830807041064,-0.6171051660227249,-0.6183628186797371,0.9605652905378482,1.0082824813369249,,,,,,,,,,,,,
24591.449,-0.613496411848665,-1.112340358732217,-0.6172995607356881,-0.618570758850276,0.9595268091179907,1.007315393937775,,,,,,,,,,,,,
24591.835,-0.613088636094056,-1.1124873546616385,-0.6174812280011324,-0.6187650098133386,0.9605939129830221,1.0084491881899214,,,,,,,,,,,,,
24592.248,-0.612537964781832,-1.112644632689749,-0.617675582410584,-0.6189727461418634,0.9619556542165123,1.0098822459201835,,,,,,,,,,,,,
24592.634,-0.613885339961651,-1.1127916286191706,-0.6178572120073582,-0.6191668057923272,0.9596467235798655,1.007639933214847,,,,,,,,,,,,,
24593.019,-0.612831590162972,-1.112938243730122,-0.6180383529339153,-0.6193602700678349,0.9619556266320334,1.0100152467452266,,,,,,,,,,,,,
24593.433,-0.613145856529718,-1.1130959025767027,-0.6182331180414238,-0.6195682033359267,0.9616543919171551,1.0097853860004493,,,,,,,,,,,,,
24593.818,-0.614533062122098,-1.1132425176876541,-0.618414221396911,-0.6197614744637886,0.9592681149391462,1.0074654472325728,,,,,,,,,,,,,
24594.232,-0.614235903259427,-1.1134001765342347,-0.6186089461033148,-0.6199691991994056,0.9601429572380554,1.008411585789922,,,,,,,,,,,,,
24594.617,-0.613758988501753,-1.1135467916451862,-0.6187900118877323,-0.6201622756288778,0.9613423175369419,1.009677212030847,,,,,,,,,,,,,
24595.031,-0.614096181463689,-1.1137044504917668,-0.6189846961930243,-0.6203697901736261,0.9609969834942798,1.009403096534964,,,,,,,,,,,,,
24595.416,-0.613649081695014,-1.11385106560272,-0.6191657244063862,-0.6205626703709507,0.9621389946333037,1.0106113013479185,,,,,,,,,,,,,
24595.802,-0.613622231615472,-1.1139980615321399,-0.6193472046485837,-0.6207559560871302,0.9624733875978753,1.0110120249597192,,,,,,,,,,,,,
24596.216,-0.613629524226114,-1.1141557203787222,-0.6195418290348513,-0.6209631558820405,0.962762617196575,1.011372357850718,,,,,,,,,,,,,
24596.574,-0.614048717377917,-1.114292053390983,-0.6197101105393656,-0.6211422393324328,0.9622185354475287,1.0108897290927907,,,,,,,,,,,,,
24596.96,-0.613189382515598,-1.1144390493204028,-0.6198915361879358,-0.6213352361609596,0.9641542136882827,1.0128916329697342,,,,,,,,,,,,,
24597.345,-0.614834336075918,-1.1145856644313543,-0.6200724736946484,-0.6215276363811948,0.9612721582473314,1.0100755967281914,,,,,,,,,,,,,
24597.731,-0.613791569747305,-1.114732660360776,-0.6202538629946233,-0.6217204391298471,0.9635606670890101,1.012430261289393,,,,,,,,,,,,,
24598.117,-0.613396218982903,-1.1148796562901957,-0.6204352340967247,-0.6219131441964202,0.9646038714734867,1.0135395863897125,,,,,,,,,,,,,
24598.475,-0.614477063076884,-1.1150159893024583,-0.620603432480145,-0.6220917830482888,0.9627871035041052,1.0117841115277244,,,,,,,,,,,,,
24598.861,-0.613889101499966,-1.1151629852318798,-0.6207847685065389,-0.6222842988729469,0.9642007949707473,1.013263856241974,,,,,,,,,,,,,
24599.247,-0.614261310392665,-1.1153099811612996,-0.6209660863350734,-0.6224767160191949,0.9637675976203989,1.012896677135553,,,,,,,,,,,,,
24599.661,-0.614636289732244,-1.115467640007882,-0.6211605365263466,-0.622682980827456,0.9633495814441903,1.0125494291869601,,,,,,,,,,,,,
24600.019,-0.616301476119924,-1.1156039730201428,-0.6213286673984797,-0.6228612529308966,0.9604088305137842,1.0096698415057537,,,,,,,,,,,,,
24600.405,-0.617154040383807,-1.1157509689495644,-0.6215099306333869,-0.6230533720279688,0.9590516691473691,1.0083785933722265,,,,,,,,,,,,,
24600.819,-0.615944700461742,-1.115908627796145,-0.6217043222708867,-0.6232593160556686,0.9616810925867857,1.0110786724108598,,,,,,,,,,,,,
24601.177,-0.617492545280706,-1.1160449608084058,-0.6218724025095526,-0.6234373098467179,0.9589660482760757,1.008424693955683,,,,,,,,,,,,,
24601.563,-0.615887365041082,-1.1161919567378273,-0.6220536111508324,-0.6236291279104536,0.9623363608136944,1.0118608147151495,,,,,,,,,,,,,
24601.976,-0.617750245455553,-1.1163492347659378,-0.6222474748561737,-0.6238342514477948,0.9590556329916315,1.008650459518744,,,,,,,,,,,,,
24602.335,-0.617055738386882,-1.1164859485966687,-0.6224159738397432,-0.6240124607146738,0.9606544871869326,1.0103104525210718,,,,,,,,,,,,,
24602.721,-0.617068070974096,-1.116632944526092,-0.6225971278873956,-0.6242039748074715,0.9609135122545165,1.0106351807994638,,,,,,,,,,,,,
24603.107,-0.617491793388467,-1.1167799404555119,-0.6227782637371604,-0.6243953869317466,0.9603812285959443,1.010168565348034,,,,,,,,,,,,,
24603.493,-0.618040695809447,-1.1169269363849335,-0.6229593813890659,-0.6245866967678604,0.9596081610748929,1.0094611310304447,,,,,,,,,,,,,
24603.879,-0.617890916493061,-1.117073932314355,-0.6231404808430909,-0.6247779039978366,0.9601790085441544,1.0100975766994744,,,,,,,,,,,,,
24604.237,-0.618475984273997,-1.1172102653266158,-0.6233084272834759,-0.6249551492856866,0.9593158667872641,1.0092952434366536,,,,,,,,,,,,,
24604.651,-0.617380662399229,-1.1173679241731982,-0.6235026251575064,-0.6251600093757144,0.9617259764036175,1.0117756359474765,,,,,,,,,,,,,
24605.037,-0.619095593118021,-1.117514920102618,-0.6236836700179111,-0.6253509068958862,0.9587100523360801,1.0088252050686675,,,,,,,,,,,,,
24605.423,-0.61826426377856,-1.1176619160320396,-0.6238646966804282,-0.6255417005544402,0.9605918619268247,1.0107724728444887,,,,,,,,,,,,,
24605.809,-0.619723123056676,-1.1178089119614611,-0.624045705145079,-0.6257323900415666,0.958068491520437,1.0083145256194839,,,,,,,,,,,,,
24606.223,-0.619607378470069,-1.1179665708080417,-0.6242398235315747,-0.6259367957957062,0.9585943832857623,1.0089105473847355,,,,,,,,,,,,,
24606.609,-0.619694308565462,-1.1181135667374633,-0.6244207942804252,-0.6261272684039882,0.9587099199749863,1.0090914347088575,,,,,,,,,,,,,
24606.995,-0.619980088487832,-1.1182605626668831,-0.6246017468313951,-0.6263176358989311,0.95844296883176,1.0088897991968637,,,,,,,,,,,,,
24607.409,-0.619777186199397,-1.1184182215134655,-0.6247958052483114,-0.6265216952626098,0.9591365085199461,1.0096533535332375,,,,,,,,,,,,,
24607.795,-0.620148925155858,-1.1185652174428853,-0.624976720083481,-0.6267118439420367,0.9587042150924012,1.0092863031904264,,,,,,,,,,,,,
24608.154,-0.620712988159599,-1.1187019312736162,-0.6251449639209739,-0.6268885968986295,0.9578822085492341,1.008524944679889,,,,,,,,,,,,,
24608.54,-0.619505072520006,-1.1188489272030395,-0.6253258436332985,-0.6270785406466411,0.960488382248599,1.0111962939050871,,,,,,,,,,,,,
24608.926,-0.622412597689956,-1.1189959231324593,-0.6255067051477496,-0.6272683777794257,0.9551785016132002,1.0059515537918273,,,,,,,,,,,,,
24609.285,-0.621995460438486,-1.1191326369631902,-0.6256748993942125,-0.6274448402001613,0.9562438346997313,1.0070774395224733,,,,,,,,,,,,,
24609.671,-0.622511217549101,-1.1192796328926118,-0.6258557257858186,-0.6276344707255506,0.9555345222148797,1.0064332000008458,,,,,,,,,,,,,
24610.057,-0.622933081670718,-1.1194266288220334,-0.6260365339795584,-0.627823993773896,0.9550058129842014,1.005969528729726,,,,,,,,,,,,,
24610.444,-0.623529932267823,-1.1195740055699233,-0.6262177923196433,-0.6280138996269793,0.9541412496051853,1.0051701366625556,,,,,,,,,,,,,
24610.802,-0.622937174211692,-1.1197103385821858,-0.626385451705886,-0.6281894781002979,0.9555436569728253,1.0066328003745648,,,,,,,,,,,,,
24611.189,-0.622837843142534,-1.1198577153300757,-0.6265666748321479,-0.6283791745956835,0.9560181996949639,1.0071724466746135,,,,,,,,,,,,,
24611.575,-0.625407900351718,-1.1200047112594973,-0.6267474114601441,-0.6285682721652885,0.9513574390049869,1.0025765862872404,,,,,,,,,,,,,
24611.934,-0.624325423055531,-1.12014142509023,-0.626915489555735,-0.628744044969423,0.9537025543041234,1.0049820308138573,,,,,,,,,,,,,
24612.32,-0.62600320964807,-1.1202884210196498,-0.6270961910608932,-0.6289329321037699,0.9507580769989727,1.0021023862523817,,,,,,,,,,,,,
24612.706,-0.626701897267503,-1.1204354169490713,-0.6272768743681638,-0.6291217097926587,0.9496968975053842,1.0011060044988023,,,,,,,,,,,,,
24613.092,-0.627191286501935,-1.120582412878493,-0.6274575394775752,-0.6293103778768253,0.9490383036555992,1.0005121733853466,,,,,,,,,,,,,
24613.506,-0.627231384304735,-1.1207400717250735,-0.6276512896022339,-0.6295126102867903,0.949264432435792,1.0008077238124664,,,,,,,,,,,,,
24613.865,-0.627518615263838,-1.1208767855558044,-0.6278192830291616,-0.6296878747361527,0.9489749125953554,1.000578370338994,,,,,,,,,,,,,
24614.279,-0.627123781427316,-1.121034444402385,-0.6280129940673973,-0.629889873915674,0.9500376327999213,1.001710437007619,,,,,,,,,,,,,
24614.666,-0.628343894568121,-1.1211818211502766,-0.6281940528466734,-0.6300785869789784,0.947974223321772,0.9997118149853818,,,,,,,,,,,,,
24615.052,-0.62754546722152,-1.1213288170796982,-0.6283746255523681,-0.6302667048137488,0.9497927458977701,1.0015949225588119,,,,,,,,,,,,,
24615.438,-0.628880458531737,-1.121475813009118,-0.6285551800601823,-0.630454715631514,0.947507635646148,0.9993743623009559,,,,,,,,,,,,,
24615.825,-0.62925695204178,-1.1216231897570115,-0.6287361840571251,-0.6306431065323139,0.9470669293349374,0.9989983380716296,,,,,,,,,,,,,
24616.211,-0.630182930780757,-1.1217701856864313,-0.6289167021220337,-0.6308309043584549,0.9455685551554334,0.9975644437878524,,,,,,,,,,,,,
24616.598,-0.629140792380817,-1.121917562434323,-0.6290976695816752,-0.6310190825941161,0.9478565886804005,0.9999170891150782,,,,,,,,,,,,,
24616.957,-0.629950497030584,-1.1220542762650538,-0.629265527433482,-0.6311935512508757,0.9465620901960755,0.998682496218472,,,,,,,,,,,,,
24617.343,-0.629725684838983,-1.1222012721944754,-0.6294459921305275,-0.6313810403181249,0.9472772634726038,0.9994620467374528,,,,,,,,,,,,,
24617.702,-0.63156278603848,-1.1223379860252063,-0.629613817316276,-0.6315553211240685,0.9440065667418732,0.9962511927611469,,,,,,,,,,,,,
24618.116,-0.631828613071324,-1.1224956448717887,-0.6298073343382242,-0.6317561906279564,0.9437985051321052,0.9961121044243955,,,,,,,,,,,,,
24618.475,-0.630530884212217,-1.1226323587025178,-0.6299751256301604,-0.6319302780947579,0.9465576570184611,0.998931033870379,,,,,,,,,,,,,
24618.861,-0.633055462231061,-1.1227793546319393,-0.6301555187614838,-0.6321173589287655,0.9419843755946171,0.9944219920320048,,,,,,,,,,,,,
24619.276,-0.632487332268131,-1.1229373942969918,-0.6303494444446045,-0.6323183804442993,0.9433811635688312,0.995887806834632,,,,,,,,,,,,,
24619.662,-0.633511203714162,-1.1230843902264116,-0.6305297998129831,-0.6325052485173841,0.9416944926736462,0.9942653028877672,,,,,,,,,,,,,
24620.049,-0.633861400118154,-1.1232317669743033,-0.6307106041545794,-0.6326924984275463,0.9413043688710822,0.9939394771293258,,,,,,,,,,,,,
24620.435,-0.63330579582137,-1.1233787629037248,-0.6308909230800595,-0.6328791628949263,0.9426558210784274,0.9953550261869376,,,,,,,,,,,,,
24620.822,-0.635096596783512,-1.1235261396516165,-0.6310716908843688,-0.6330662095126427,0.9394946930299096,0.9922581259028885,,,,,,,,,,,,,
24621.236,-0.636024497139093,-1.123683798498197,-0.6312650501448189,-0.6332661939246147,0.9380131327503901,0.9908452354415741,,,,,,,,,,,,,
24621.623,-0.635346579533653,-1.1238311752460888,-0.6314457800883275,-0.6334530316493783,0.9396005872286547,0.9924968448589776,,,,,,,,,,,,,
24622.037,-0.634837129659616,-1.1239888340926694,-0.6316390988465699,-0.6336527935485652,0.9408837714910436,0.9938486210333781,,,,,,,,,,,,,
24622.423,-0.635856845616603,-1.124135830022091,-0.6318193240482728,-0.6338389420391837,0.9392050936830142,0.9922338597976076,,,,,,,,,,,,,
24622.838,-0.636842601976561,-1.1242938696871416,-0.632013069185291,-0.6340389654434809,0.9376129798284115,0.990710425490359,,,,,,,,,,,,,
24623.224,-0.637905822419462,-1.1244408656165614,-0.6321932566240562,-0.6342249091164502,0.9358506211000984,0.989011910697141,,,,,,,,,,,,,
24623.611,-0.637597189537396,-1.1245882423644549,-0.6323738926009952,-0.6344112360511245,0.9367277560596297,0.9899530198507354,,,,,,,,,,,,,
24623.998,-0.637125082056106,-1.1247356191123448,-0.6325545102856438,-0.6345974648076224,0.9379193345671718,0.9912085373670744,,,,,,,,,,,,,
24624.357,-0.63744882724563,-1.1248723329430756,-0.6327220436691761,-0.6347701322227047,0.9375595795695839,0.9909080638413068,,,,,,,,,,,,,
24624.744,-0.637984532659669,-1.1250197096909673,-0.6329026260927293,-0.6349561728693204,0.9368126290087015,0.9902249844643503,,,,,,,,,,,,,
24625.13,-0.638781267923944,-1.125166705620389,-0.6330827236735743,-0.6351416361708676,0.935562854776449,0.9890388813251996,,,,,,,,,,,,,
24625.489,-0.638201715880922,-1.1253034194511198,-0.6332502074222219,-0.635314040393431,0.9369405928699265,0.9904758054176411,,,,,,,,,,,,,
24625.876,-0.639263269812509,-1.1254507961990114,-0.6334307363396547,-0.6354997984505165,0.9351821721824155,0.9887811529948397,,,,,,,,,,,,,
24626.263,-0.638999083445955,-1.1255981729469013,-0.6336112469648043,-0.6356854606809427,0.9359738142268267,0.98963652811868,,,,,,,,,,,,,
24626.65,-0.638700897446385,-1.125745549694793,-0.6337917392976564,-0.6358710274811433,0.9368308545978778,0.990557266383894,,,,,,,,,,,,,
24627.036,-0.640242911199645,-1.1258925456242146,-0.6339717470206168,-0.6360560201129304,0.9341475364789895,0.9879374465161002,,,,,,,,,,,,,
24627.396,-0.64048245155942,-1.1260296402734156,-0.6341396134705235,-0.6362284672381697,0.9339504820566817,0.9877995817141654,,,,,,,,,,,,,
24627.782,-0.640273940320583,-1.1261766362028371,-0.6343195860234871,-0.6364132782533897,0.9346343004349716,0.9885468306939554,,,,,,,,,,,,,
24628.197,-0.641801639335387,-1.1263346758678878,-0.6345130595304127,-0.636611869850608,0.9319997593652487,0.9859804466900726,,,,,,,,,,,,,
24628.556,-0.642107652411229,-1.1264713896986187,-0.634680408800115,-0.6367835768190029,0.9316741121052942,0.9857137267583297,,,,,,,,,,,,,
24628.943,-0.640879035704103,-1.1266187664465104,-0.6348607927499827,-0.6369685862390843,0.9343208368325536,0.9884239409046801,,,,,,,,,,,,,
24629.33,-0.641756211031928,-1.126766143194402,-0.6350411584075744,-0.6371535029324171,0.9329170685657898,0.987083626871741,,,,,,,,,,,,,
24629.717,-0.642894580041796,-1.126913519942292,-0.6352215057728756,-0.6373383272834379,0.9310108940017063,0.9852408713561875,,,,,,,,,,,,,
24630.103,-0.641767121047188,-1.1270605158717135,-0.635401368902869,-0.6375225824486028,0.9334623092674593,0.9877555067479636,,,,,,,,,,,,,
24630.49,-0.641551250349534,-1.1272078926196052,-0.6355816797308762,-0.637707223498559,0.934161016076517,0.9885175623259115,,,,,,,,,,,,,
24630.85,-0.642537935762265,-1.1273449872688062,-0.6357493943111621,-0.6378789007301737,0.9325268274299894,0.9869422711780025,,,,,,,,,,,,,
24631.236,-0.643529786481614,-1.1274919831982277,-0.6359292040261622,-0.6380628895471931,0.9309017484332178,0.9853803095632718,,,,,,,,,,,,,
24631.623,-0.643087046848714,-1.1276393599461176,-0.6361094613007694,-0.6382472646660308,0.932036837856283,0.9865786447451182,,,,,,,,,,,,,
24631.983,-0.643218237581536,-1.1277764545953186,-0.6362771260639448,-0.6384186955113229,0.9320481940450868,0.9866488026091452,,,,,,,,,,,,,
24632.397,-0.645443524480693,-1.127934113441901,-0.636469920973127,-0.6386157449943398,0.9280711095076795,0.9827393023581932,,,,,,,,,,,,,
24632.784,-0.643789439400908,-1.1280814901897909,-0.6366501233708775,-0.6387998509510823,0.9315362230568275,0.9862675561102526,,,,,,,,,,,,,
24633.171,-0.645051115363883,-1.1282288669376825,-0.6368303074763375,-0.6389838679320254,0.9293928674504676,0.9841873055215521,,,,,,,,,,,,,
24633.558,-0.644348882288552,-1.1283762436855742,-0.6370104732895143,-0.6391677963072596,0.9310270927583322,0.9858846006617672,,,,,,,,,,,,,
24633.945,-0.645327405065831,-1.1285236204334659,-0.637190620810415,-0.6393516364454628,0.9294283825755759,0.9843489251260952,,,,,,,,,,,,,
24634.36,-0.645398372890393,-1.1286816600985166,-0.6373837819350783,-0.6395486800527647,0.929595865344065,0.9845839640920488,,,,,,,,,,,,,
24634.747,-0.646010343482465,-1.1288290368464082,-0.6375638915479414,-0.6397323385004912,0.9287022186402668,0.9837532791190556,,,,,,,,,,,,,
24635.134,-0.645316270300492,-1.1289764135942981,-0.6377439828684928,-0.639915909835183,0.9303207483854465,0.9854347354097741,,,,,,,,,,,,,
24635.521,-0.645379094269617,-1.1291237903421898,-0.637924055896768,-0.6400993944198684,0.9304833857363032,0.985660264120889,,,,,,,,,,,,,
24635.908,-0.647108775670687,-1.1292711670900815,-0.638104110632753,-0.6402827926161992,0.9274398212219859,0.9826795557815495,,,,,,,,,,,,,
24636.267,-0.646656008595017,-1.1294078809208123,-0.6382711217977288,-0.6404528447677854,0.9285736883094557,0.9838716998515906,,,,,,,,,,,,,
24636.655,-0.645920737038491,-1.1295556384871723,-0.6384516064155363,-0.6406365508119701,0.930272195672198,0.9856331577626731,,,,,,,,,,,,,
24637.042,-0.646784424698084,-1.1297030152350658,-0.6386316075508631,-0.6408196979399591,0.9288943709481868,0.9843180861125956,,,,,,,,,,,,,
24637.401,-0.647076341817698,-1.1298397290657967,-0.6387985689932734,-0.6409895181253951,0.9285958372735235,0.9840777337789643,,,,,,,,,,,,,
24637.761,-0.647956970330552,-1.1299768237149959,-0.6389659797024265,-0.6411597381985062,0.9271656491753799,0.9827058586821675,,,,,,,,,,,,,
24638.148,-0.648046105836169,-1.1301242004628875,-0.6391459285605805,-0.641342643404849,0.9272776762606197,0.9828805382859868,,,,,,,,,,,,,
24638.535,-0.646951342934035,-1.1302715772107792,-0.639325859126437,-0.6415254646420753,0.9296669330659073,0.9853324124245733,,,,,,,,,,,,,
24638.922,-0.647601214984599,-1.130418953958669,-0.6395057714000103,-0.6417082022613942,0.9287003828704327,0.9844284443771171,,,,,,,,,,,,,
24639.282,-0.648102013452305,-1.1305560486078718,-0.6396731152320143,-0.6418781159806254,0.9280007982275544,0.9837870440971381,,,,,,,,,,,,,
24639.669,-0.646987323593438,-1.1307034253557635,-0.6398529921972127,-0.6420606931863011,0.9304283845531839,0.9862771446550224,,,,,,,,,,,,,
24640.056,-0.648801062448651,-1.1308508021036534,-0.6400328508701421,-0.6422431877956537,0.927223135445394,0.9831343745941926,,,,,,,,,,,,,
24640.443,-0.647065839270789,-1.130998178851545,-0.6402126912507669,-0.6424256001547703,0.9308443182038287,0.986818001214307,,,,,,,,,,,,,
24640.83,-0.64848880826267,-1.1311455555994367,-0.6403925133391226,-0.642607930608452,0.928390715302045,0.9844268069889224,,,,,,,,,,,,,
24641.218,-0.647958713302618,-1.1312933131657967,-0.6405727817207847,-0.6427906503222285,0.9296945652851589,0.9857931915893927,,,,,,,,,,,,,
24641.605,-0.646698871146781,-1.1314406899136884,-0.6407525671772945,-0.6429728177848854,0.9324013521928899,0.9885623167120551,,,,,,,,,,,,,
24642.02,-0.648220500251427,-1.131598729578739,-0.6409453400417178,-0.6431680754645251,0.9297784866011636,0.9860062604977724,,,,,,,,,,,,,
24642.407,-0.648190822555806,-1.1317461063266308,-0.6411250875901686,-0.6433500756973448,0.9301190509926637,0.9864090901879247,,,,,,,,,,,,,
24642.794,-0.649091541130288,-1.1318934830745224,-0.6413048168463504,-0.6435319957549446,0.9286699972684294,0.985022266577062,,,,,,,,,,,,,
24643.154,-0.648930210216538,-1.1320305777237234,-0.6414719904296078,-0.6437011520312174,0.9292440191242953,0.9856541453217723,,,,,,,,,,,,,
24643.569,-0.648456732541687,-1.132188617388774,-0.6416646847803023,-0.6438960662549289,0.9304587433318238,0.9869355278852913,,,,,,,,,,,,,
24643.929,-0.649368673086719,-1.132325712037975,-0.6418318242874008,-0.6440650747197185,0.9289683265098303,0.9855029024065785,,,,,,,,,,,,,
24644.316,-0.650224773981562,-1.1324730887858667,-0.6420114816033831,-0.6442466827210866,0.9276050949350713,0.9842017625679454,,,,,,,,,,,,,
24644.676,-0.648838006749886,-1.1326101834350677,-0.6421785882655016,-0.6444155498921011,0.9305362447209495,0.9871906405196234,,,,,,,,,,,,,
24645.063,-0.649424642311584,-1.1327575601829576,-0.6423582102731018,-0.6445970066205124,0.9296913299723124,0.9864077495913486,,,,,,,,,,,,,
24645.45,-0.648576146991536,-1.132904936930851,-0.6425378139884188,-0.6447783854625029,0.9316068908478354,0.9883852991019393,,,,,,,,,,,,,
24645.838,-0.647767997102607,-1.133052694497211,-0.6427178634327646,-0.6449601551253594,0.9334455797526837,0.9902861014974442,,,,,,,,,,,,,
24646.225,-0.650026137945049,-1.1332000712451027,-0.6428974305162427,-0.645141378980259,0.9293855229972642,0.9862879629156104,,,,,,,,,,,,,
24646.612,-0.6496670275387,-1.1333474479929944,-0.6430769793074376,-0.6453225259320735,0.9303597515230466,0.9873240744297265,,,,,,,,,,,,,
24647.0,-0.649474935498264,-1.1334952055593543,-0.6432569736857374,-0.6455040640890941,0.9310134525668825,0.9880397830444518,,,,,,,,,,,,,
24647.415,-0.650922420969782,-1.1336532452244068,-0.6434494730953304,-0.6456981502303687,0.9285332023244207,0.9856258161880517,,,,,,,,,,,,,
24647.802,-0.650318448038689,-1.1338006219722967,-0.6436289656389107,-0.6458790627418362,0.9299784241508261,0.98713281281031,,,,,,,,,,,,,
24648.217,-0.650275913404556,-1.1339586616373492,-0.6438214243977498,-0.6460729805525679,0.9303642290072162,0.9875848228609015,,,,,,,,,,,,,
24648.605,-0.650746948546372,-1.1341064192037091,-0.6440013427166633,-0.646254203752933,0.9297424042815187,0.9870248594055858,,,,,,,,,,,,,
24648.992,-0.649841310573147,-1.1342537959516008,-0.6441807790126433,-0.6464348848637382,0.9317678791050976,0.9891120008325653,,,,,,,,,,,,,
24649.408,-0.650291775159208,-1.1344122164351216,-0.6443736410395786,-0.6466290221950622,0.9312061319944374,0.9886165020979203,,,,,,,,,,,,,
24649.795,-0.651330358772548,-1.1345595931830132,-0.6445530393802485,-0.6468095488596083,0.9294918947360523,0.9869638584357355,,,,,,,,,,,,,
24650.21,-0.650433165189801,-1.134717632848064,-0.6447453971204595,-0.6470030547258444,0.9315216368978247,0.9890596114820034,,,,,,,,,,,,,
24650.598,-0.650495557752737,-1.1348653904144257,-0.644925220993045,-0.6471838944793803,0.9316858365635903,0.9892854907503073,,,,,,,,,,,,,
24650.985,-0.651395052920429,-1.1350127671623174,-0.6451045630861216,-0.6473641947586486,0.9302391360634872,0.9879002756539379,,,,,,,,,,,,,
24651.373,-0.650973330170401,-1.1351605247286773,-0.6452843502322096,-0.6475448876618248,0.9313345319969308,0.9890572805463684,,,,,,,,,,,,,
24651.76,-0.65115893623733,-1.135307901476569,-0.6454636556934474,-0.6477250420937708,0.9312609978651852,0.9890451613568888,,,,,,,,,,,,,
24652.148,-0.651275123834621,-1.1354556590429308,-0.645643406113031,-0.647905589396672,0.9313217227308985,0.9891674245380375,,,,,,,,,,,,,
24652.536,-0.651301334780784,-1.1356034166092908,-0.6458231381456798,-0.6480860642722701,0.9315555177711418,0.9894627225263662,,,,,,,,,,,,,
24652.896,-0.651498671811582,-1.1357405112584935,-0.6459898833809703,-0.6482534506825095,0.931439641492504,0.9894038792077152,,,,,,,,,,,,,
24653.283,-0.651265140860064,-1.1358878880063834,-0.6461691168547361,-0.6484333221122467,0.9321723178167627,0.9901978320060589,,,,,,,,,,,,,
24653.671,-0.650799670274811,-1.1360356455727452,-0.6463487951008346,-0.6486135868947442,0.9333518627531227,0.9914387764318867,,,,,,,,,,,,,
24654.058,-0.652731765435314,-1.1361830223206368,-0.6465279919427545,-0.6487933161350987,0.9299189551788691,0.9880670748702505,,,,,,,,,,,,,
24654.446,-0.653001503730058,-1.1363307798869968,-0.6467076334623627,-0.6489734389715515,0.9296843251311128,0.9878937736684105,,,,,,,,,,,,,
24654.806,-0.651725884783021,-1.1364678745361978,-0.6468742947164827,-0.6491405000978454,0.9324016810851429,0.9906680010443306,,,,,,,,,,,,,
24655.194,-0.651712017597359,-1.1366156321025596,-0.6470539007890963,-0.6493204870857816,0.9327125664503011,0.991040147072989,,,,,,,,,,,,,
24655.581,-0.651711224409974,-1.1367630088504495,-0.647233025643537,-0.6494999404362976,0.9329975714625693,0.9913862196297079,,,,,,,,,,,,,
24655.997,-0.652898888542792,-1.136921429333972,-0.6474255528909509,-0.6496927638481862,0.9310178203183824,0.9894720729118603,,,,,,,,,,,,,
24656.357,-0.652128765101041,-1.137058523983173,-0.6475921459488276,-0.6498595658561158,0.9327628551843432,0.9912738480240151,,,,,,,,,,,,,
24656.745,-0.653148197484853,-1.137206281549533,-0.6477716785210674,-0.6500392747310617,0.931086187838967,0.9896582999638878,,,,,,,,,,,,,
24657.132,-0.651795394291391,-1.1373536582974264,-0.647950730064565,-0.6502184518789849,0.933971785391517,0.9926048240470176,,,,,,,,,,,,,
24657.548,-0.65256841798848,-1.1375120787809454,-0.6481431785074321,-0.6504109797154984,0.9327895955221708,0.9914880870232041,,,,,,,,,,,,,
24657.908,-0.652020926830747,-1.1376491734301482,-0.6483097033690939,-0.6505775270408415,0.9341063969768145,0.99286149754836,,,,,,,,,,,,,
24658.296,-0.653072877611703,-1.1377969309965081,-0.6484891624409386,-0.6507569625672067,0.9323671804634187,0.9911832589419475,,,,,,,,,,,,,
24658.683,-0.653565692973256,-1.1379443077443998,-0.6486681406734931,-0.6509358682478218,0.9317027289595299,0.9905795929547676,,,,,,,,,,,,,
24659.071,-0.654780556150702,-1.1380920653107616,-0.6488475630188546,-0.6511151689521317,0.9296501502956164,0.9885879215543002,,,,,,,,,,,,,
24659.459,-0.652966011059743,-1.1382398228771216,-0.6490269669772601,-0.6512944025963958,0.9334246413344754,0.9924232844892412,,,,,,,,,,,,,
24659.847,-0.652804987433533,-1.1383875804434833,-0.6492063525487382,-0.6514735694714711,0.9340185822538251,0.993078061937337,,,,,,,,,,,,,
24660.235,-0.653598770289267,-1.138535338009845,-0.6493857197332531,-0.6516526698671835,0.9327759519916088,0.9918962328365171,,,,,,,,,,,,,
24660.622,-0.651651191780914,-1.138682714757735,-0.6495646063153018,-0.6518312427288132,0.9368056004314183,0.995986490502949,,,,,,,,,,,,,
24661.038,-0.653190822161955,-1.1388411352412575,-0.6497568774352729,-0.6520231239093587,0.9341488418720177,0.9933948437078487,,,,,,,,,,,,,
24661.426,-0.652113635786498,-1.1389888928076175,-0.6499361881794599,-0.6522020220403867,0.9365050227161134,0.9958117171501555,,,,,,,,,,,,,
24661.814,-0.653834243449625,-1.1391366503739793,-0.6501154805367193,-0.6523808548610767,0.9334796440501025,0.9928469957149917,,,,,,,,,,,,,
24662.229,-0.652590486481106,-1.13929469003903,-0.6503072290732703,-0.6525720602704739,0.936176001215995,0.9956081919599287,,,,,,,,,,,,,
24662.617,-0.653617201009859,-1.1394424476053917,-0.6504864833771364,-0.6527507588289183,0.9344853266578607,0.9939781014368204,,,,,,,,,,,,,
24663.005,-0.653311176974636,-1.1395902051717535,-0.6506657192940608,-0.6529293929478102,0.9353581760026812,0.9949114994493171,,,,,,,,,,,,,
24663.393,-0.653290493407312,-1.1397379627381135,-0.6508449368240292,-0.6531079629088133,0.9356821726844847,0.9952960094314468,,,,,,,,,,,,,
24663.781,-0.653789488694944,-1.1398857203044752,-0.651024135967063,-0.6532864689926153,0.9350065665915617,0.9946808812715,,,,,,,,,,,,,
24664.169,-0.652848808114769,-1.140033477870837,-0.6512033167231692,-0.6534649114789255,0.9371001784078289,0.9968349356533793,,,,,,,,,,,,,
24664.557,-0.653223567618378,-1.1401812354371987,-0.6513824790923053,-0.6536432906464748,0.9366635399643413,0.9964587044081681,,,,,,,,,,,,,
24664.945,-0.652434540034945,-1.1403289930035587,-0.6515616230745209,-0.6538216067730316,0.9384654470962719,0.9983209833710109,,,,,,,,,,,,,
24665.305,-0.653875223865392,-1.1404660876527597,-0.6517278226960102,-0.653986998586008,0.935957992058888,0.9958695118034621,,,,,,,,,,,,,
24665.693,-0.65351715981361,-1.1406138452191215,-0.6519069312312169,-0.6541651939602793,0.936930940425351,0.9969027638184211,,,,,,,,,,,,,
24666.081,-0.652888324472574,-1.1407616027854814,-0.6520860213794961,-0.6543433271012834,0.9384247176257613,0.9984568092999776,,,,,,,,,,,,,
24666.469,-0.654517808785196,-1.1409093603518432,-0.6522650931408194,-0.6545213982830258,0.9355746148116326,0.9956669393996593,,,,,,,,,,,,,
24666.857,-0.653438456363444,-1.141057117918205,-0.6524441465152222,-0.6546994077785596,0.9379349620478525,0.9980874841823255,,,,,,,,,,,,,
24667.246,-0.653290763034545,-1.141205256303035,-0.6526236429092904,-0.654877814409965,0.9385039946322584,0.9987168339572909,,,,,,,,,,,,,
24667.606,-0.653157020498593,-1.141342350952236,-0.652789741357644,-0.6550428660419876,0.9390249502170337,0.9992935784050178,,,,,,,,,,,,,
24668.022,-0.654489435678092,-1.1415007714357586,-0.6529816576285654,-0.6552335271005622,0.9367667702960599,0.9970998276949242,,,,,,,,,,,,,
24668.41,-0.654067730269189,-1.1416485290021186,-0.653160637407801,-0.6554112924071968,0.9378621328738332,0.9982552462585814,,,,,,,,,,,,,
24668.798,-0.653494096862541,-1.1417962865684803,-0.6533395988000734,-0.6555889973795408,0.9392497291006351,0.9997028631039314,,,,,,,,,,,,,
24669.186,-0.654465329286718,-1.141944044134842,-0.6535185418054255,-0.655766642285057,0.9376657744237373,0.9981788936782034,,,,,,,,,,,,,
24669.602,-0.65563290260626,-1.1421024646183628,-0.6537103777983546,-0.6559570405038972,0.935724667978106,0.9963020620284614,,,,,,,,,,,,,
24669.99,-0.653557561327929,-1.1422502221847246,-0.6538892827029414,-0.6561345617884065,0.9400008007329049,1.0006381067474606,,,,,,,,,,,,,
24670.378,-0.654528709416577,-1.1423979797510864,-0.654068169220551,-0.6563120238220455,0.9384170082754778,0.999114190886884,,,,,,,,,,,,,
24670.794,-0.654530233307984,-1.1425564002346071,-0.6542599446493469,-0.6565022268753062,0.9387187990205254,0.999480139932435,,,,,,,,,,,,,
24671.182,-0.655036433523084,-1.142704157800969,-0.654438793066177,-0.6566795669698668,0.9380293342427239,0.9988504784645005,,,,,,,,,,,,,
24671.57,-0.654899003205284,-1.1428519153673289,-0.6546176230960867,-0.6568568486209776,0.9385778934107698,0.9994588055750633,,,,,,,,,,,,,
24671.959,-0.654656934812115,-1.143000053752159,-0.6547968955700298,-0.6570345287762043,0.939328456521596,1.0002692551652952,,,,,,,,,,,,,
24672.319,-0.65505135030873,-1.1431371484013617,-0.6549627867915575,-0.6571989109753477,0.9388334996253973,0.9998296885304625,,,,,,,,,,,,,
24672.707,-0.654978969796648,-1.1432849059677217,-0.6551415629401163,-0.6573760228627917,0.9392569354299055,1.0003127886365588,,,,,,,,,,,,,
24673.068,-0.654766374911635,-1.1434223814353928,-0.655307881968227,-0.6575407583806733,0.9399302960882362,1.0010416299379168,,,,,,,,,,,,,
24673.484,-0.65515452048875,-1.1435808019189153,-0.6554995207211931,-0.6577305307319639,0.9394884196509131,1.000663648904676,,,,,,,,,,,,,
24673.872,-0.653945982325521,-1.1437285594852753,-0.6556782416615548,-0.6579074709765524,0.9420972557844638,1.0033320431466026,,,,,,,,,,,,,
24674.26,-0.655237190868484,-1.143876317051637,-0.6558569442149675,-0.6580843545690169,0.9398978267369322,1.001192136840111,,,,,,,,,,,,,
24674.649,-0.655980368248089,-1.144024455436469,-0.6560360888838872,-0.658261637431822,0.9387532686611604,1.0001072194102971,,,,,,,,,,,,,
24675.065,-0.655396331779442,-1.1441828759199897,-0.6562276473080715,-0.6584511628378111,0.9401813853190284,1.0015990769595142,,,,,,,,,,,,,
24675.453,-0.653936584295411,-1.1443306334863514,-0.6564062933263699,-0.658627873832746,0.943273422821499,1.0047505284575287,,,,,,,,,,,,,
24675.841,-0.655111335262415,-1.1444783910527114,-0.6565849209577479,-0.6588045292088803,0.9412980000327461,1.0028344842969554,,,,,,,,,,,,,
24676.257,-0.65462865480079,-1.144636811536234,-0.6567764188177492,-0.6589938714129101,0.9425311583141346,1.0041312669743214,,,,,,,,,,,,,
24676.646,-0.655952836705533,-1.144784949921064,-0.6569554686068741,-0.6591708672684589,0.9402690374783589,1.001928604282881,,,,,,,,,,,,,
24677.062,-0.654878262531552,-1.1449433704045866,-0.6571469255657831,-0.6593600871855889,0.9426407038817802,1.0043638164087998,,,,,,,,,,,,,
24677.45,-0.655723378428754,-1.1450911279709466,-0.6573254769481878,-0.6595365145894554,0.9412993344651823,1.00308167895528,,,,,,,,,,,,,
24677.839,-0.655295924482897,-1.1452392663557784,-0.6575044700565016,-0.659713342159381,0.9424064868639817,1.0042481804726378,,,,,,,,,,,,,
24678.255,-0.655830089648108,-1.1453976868392992,-0.657695866400438,-0.6599023829583454,0.9416837416092428,1.0035888643472965,,,,,,,,,,,,,
24678.643,-0.655815750817565,-1.145545444405661,-0.6578743612477354,-0.6600786440872578,0.9419955341837807,1.0039597801394167,,,,,,,,,,,,,
24679.032,-0.656478205558262,-1.145693582790491,-0.6580532976752238,-0.6602553057137746,0.9410062461811796,1.0030297322296255,,,,,,,,,,,,,
24679.392,-0.657630198616781,-1.145830677439692,-0.6582188779025842,-0.6604187494268732,0.9390540881198146,1.0011323662312432,,,,,,,,,,,,,
24679.809,-0.656489369574406,-1.1459894787416847,-0.6584106552125846,-0.6606080145927925,0.9415539283306753,1.0036956358552782,,,,,,,,,,,,,
24680.169,-0.65566175546264,-1.1461265733908856,-0.6585762012758849,-0.6607713598758749,0.9434095465554161,1.005605980428272,,,,,,,,,,,,,
24680.558,-0.65729597669422,-1.1462747117757157,-0.6587550652013334,-0.6609478126154034,0.9405510647778277,1.002806599285555,,,,,,,,,,,,,
24680.946,-0.656102562176814,-1.1464224693420775,-0.6589334509117037,-0.661123759303879,0.9431308105641714,1.0054452583641913,,,,,,,,,,,,,
24681.335,-0.657255469014652,-1.1465706077269076,-0.6591122779209826,-0.6613001071249218,0.9411981374834609,1.0035716149099798,,,,,,,,,,,,,
24681.723,-0.656330020139324,-1.146718365293271,-0.6592906268100975,-0.6614759496462284,0.9432624511008848,1.005694770993848,,,,,,,,,,,,,
24682.112,-0.656137772551655,-1.1468665036781012,-0.6594694169031996,-0.6616521935128665,0.9439171838446637,1.0064084623557106,,,,,,,,,,,,,
24682.5,-0.657008494385548,-1.1470142612444612,-0.659647728971045,-0.6618279328254091,0.942526561384341,1.0050766115359837,,,,,,,,,,,,,
24682.889,-0.657541655516783,-1.147162399629293,-0.6598264821479702,-0.6620040736953318,0.9417859697632497,1.004394907524575,,,,,,,,,,,,,
24683.278,-0.657938849613399,-1.147310538014123,-0.6600052168430608,-0.6621801633583815,0.9413069108633362,1.0039747006844562,,,,,,,,,,,,,
24683.666,-0.657700263320853,-1.1474582955804866,-0.6601834736552732,-0.6623557495757335,0.9420500436455976,1.0047764988229526,,,,,,,,,,,,,
24684.055,-0.657936633239119,-1.1476064339653167,-0.660362171434187,-0.6625317376673459,0.9418803302066148,1.0046655664353774,,,,,,,,,,,,,
24684.443,-0.657607550169125,-1.1477541915316767,-0.6605403914251511,-0.662707223044907,0.9427975336268767,1.0056413643860118,,,,,,,,,,,,,
24684.832,-0.659624773969476,-1.1479023299165085,-0.6607190522878881,-0.6628831105070279,0.9392023460418085,1.0021048868439504,,,,,,,,,,,,,
24685.221,-0.657706394120907,-1.1480504683013404,-0.6608976946687832,-0.663058947941542,0.9431772958409732,1.0061385111362335,,,,,,,,,,,,,
24685.581,-0.658888378669077,-1.1481875629505414,-0.66106300277076,-0.6632216323035384,0.941167449120569,1.0041829330446308,,,,,,,,,,,,,
24685.97,-0.658542075703985,-1.1483357013353732,-0.661241609565792,-0.663397374070107,0.9421185075302226,1.005192597497865,,,,,,,,,,,,,
24686.359,-0.658808506402488,-1.1484838397202033,-0.6614201978789822,-0.6635730664907674,0.9418909721516924,1.0050236326130273,,,,,,,,,,,,,
24686.747,-0.658104537147314,-1.148631597286565,-0.6615983086856119,-0.663748258334604,0.9435292695078377,1.0067203144831072,,,,,,,,,,,,,
24687.136,-0.659202792670937,-1.1487797356713951,-0.6617768600826324,-0.6639238528826268,0.9417017182823096,1.004951262742885,,,,,,,,,,,,,
24687.525,-0.659291318936457,-1.148927874056227,-0.661955392997811,-0.6640993987764433,0.9418163822508421,1.0051243906468061,,,,,,,,,,,,,
24687.914,-0.65893157032164,-1.1490760124410588,-0.6621339074311337,-0.664274896245303,0.9427933033806064,1.0061597401620852,,,,,,,,,,,,,
24688.302,-0.659191173912616,-1.1492237700074188,-0.662311944547838,-0.6644498945528985,0.9425781674452447,1.0060028469977988,,,,,,,,,,,,,
24688.719,-0.658935316770476,-1.1493825713094115,-0.6625032680627072,-0.6646379194305161,0.9433757633592736,1.0068629994484186,,,,,,,,,,,,,
24689.108,-0.659407161980544,-1.1495307096942415,-0.6626817257677118,-0.6648132696872565,0.9427531129712099,1.006298668328717,,,,,,,,,,,,,
24689.496,-0.661179183039875,-1.1496784672606033,-0.6628597063019157,-0.664988121855202,0.9396288405884092,1.003232529880347,,,,,,,,,,,,,
24689.885,-0.661872230491363,-1.1498266056454334,-0.6630381270907364,-0.6651633774591872,0.9385807074773307,1.0022426450292439,,,,,,,,,,,,,
24690.274,-0.660313552451358,-1.1499747440302652,-0.6632165293977152,-0.6653385860130872,0.9418637705035643,1.005583920765536,,,,,,,,,,,,,
24690.663,-0.659729252606667,-1.150122882415097,-0.6633949132228665,-0.6655137477409162,0.943272616138839,1.0070509435610093,,,,,,,,,,,,,
24691.052,-0.660855024462428,-1.1502710207999272,-0.6635732785661688,-0.6656888628659651,0.9413921372221162,1.0052286062545686,,,,,,,,,,,,,
24691.413,-0.661685388967989,-1.1504084962675982,-0.6637387887386836,-0.6658513318058519,0.9400593644947877,1.003949758333606,,,,,,,,,,,,,
24691.801,-0.661632005036989,-1.15055625383396,-0.6639166600411599,-0.666025907828328,0.9404462603574125,1.0043945780230752,,,,,,,,,,,,,
24692.19,-0.661911610438147,-1.15070439221879,-0.6640949713167501,-0.6662008878945498,0.94019338342572,1.0041997387022383,,,,,,,,,,,,,
24692.579,-0.662181088154853,-1.1508525306036237,-0.6642732641105056,-0.6663758222275215,0.9399599871047675,1.0040243444422676,,,,,,,,,,,,,
24692.968,-0.661470532543986,-1.1510006689884538,-0.6644515384224121,-0.6665507110469862,0.9416116858270782,1.0057340096756575,,,,,,,,,,,,,
24693.329,-0.662569705137111,-1.1511381444561248,-0.664616964115929,-0.6667129709420446,0.9397618604861281,1.0039379466454066,,,,,,,,,,,,,
24693.718,-0.662595245127916,-1.1512862828409567,-0.6647952027944726,-0.6668877726281782,0.9399976786143394,1.0042316627437695,,,,,,,,,,,,,
24694.107,-0.662467540652478,-1.1514344212257868,-0.6649734229911601,-0.6670625294401556,0.9405282626199878,1.0048201091696811,,,,,,,,,,,,,
24694.496,-0.662896554155863,-1.1515825596106186,-0.665151624706013,-0.6672372415949505,0.9399879990607132,1.0043376724807813,,,,,,,,,,,,,
24694.857,-0.663235486222057,-1.1517200350782897,-0.6653169830279637,-0.6673993383052361,0.9396004971007034,1.0040038032420329,,,,,,,,,,,,,
24695.246,-0.663347006619978,-1.1518681734631198,-0.6654951491094394,-0.6675739649699245,0.9396709318335584,1.004131996304321,,,,,,,,,,,,,
24695.635,-0.664257389317097,-1.1520163118479516,-0.6656732967090662,-0.6677485476087275,0.9382047541695686,1.00272354141989,,,,,,,,,,,,,
24696.024,-0.664229348640646,-1.1521644502327835,-0.6658514258268653,-0.6679230864358926,0.938543634762512,1.003120109242504,,,,,,,,,,,,,
24696.413,-0.663856544495163,-1.1523125886176135,-0.6660295364628084,-0.668097581664976,0.9395456682180005,1.0041797943777602,,,,,,,,,,,,,
24696.802,-0.665255104054274,-1.1524607270024454,-0.6662076286169167,-0.6682720335088538,0.9371404818928875,1.001832224182541,,,,,,,,,,,,,
24697.191,-0.664889907897872,-1.1526088653872755,-0.6663857022891762,-0.668446442179719,0.9381278813740994,1.00287720424373,,,,,,,,,,,,,
24697.58,-0.665723055333875,-1.1527570037721073,-0.6665637574795937,-0.6686208078890881,0.9368102658087637,1.0016171337084971,,,,,,,,,,,,,
24697.969,-0.664763197018365,-1.1529051421569392,-0.6667417941881766,-0.6687951308477962,0.9389414985219884,1.003805875901922,,,,,,,,,,,,,
24698.358,-0.665582686310481,-1.1530532805417693,-0.6669198124149034,-0.6689694112660102,0.9376501544094838,1.0025720057197294,,,,,,,,,,,,,
24698.747,-0.665057938280957,-1.153201418926601,-0.6670978121598026,-0.6691436493532255,0.9389444520713064,1.0039237417619895,,,,,,,,,,,,,
24699.164,-0.665274012387234,-1.153360220228592,-0.6672886037004702,-0.6693303822257851,0.9388342877774641,1.0038751107504247,,,,,,,,,,,,,
24699.525,-0.666725438820735,-1.153497695696263,-0.6674537562040541,-0.6694919993693076,0.936306901837519,1.0014009616393555,,,,,,,,,,,,,
24699.914,-0.666686345157829,-1.153645834081095,-0.6676317005034207,-0.6696661117138366,0.9366670428604839,1.001818434393079,,,,,,,,,,,,,
24700.276,-0.667306610226439,-1.153783690367236,-0.6677972773109602,-0.6698281018565925,0.9357391291058426,1.000943841111637,,,,,,,,,,,,,
24700.665,-0.667304152758835,-1.153931828752068,-0.6679751859294285,-0.6700021342674588,0.936028800372091,1.0012907754763263,,,,,,,,,,,,,
24701.026,-0.667230924125842,-1.154069304219739,-0.6681402722519252,-0.6701636031485126,0.9364340899113175,1.0017491745448568,,,,,,,,,,,,,
24701.415,-0.667771164329401,-1.154217442604569,-0.6683181452370235,-0.6703375564968485,0.9356798816878343,1.0010521608788867,,,,,,,,,,,,,
24701.804,-0.66872211317297,-1.154365580989401,-0.6684959997402871,-0.6705114691375097,0.9341356750023346,0.9995651132010119,,,,,,,,,,,,,
24702.194,-0.669189096035051,-1.154514100192701,-0.6686742928999081,-0.6706857881942268,0.9335231098499679,0.9990098183074951,,,,,,,,,,,,,
24702.583,-0.670188793817183,-1.154662238577533,-0.6688521103919669,-0.6708596199265864,0.9318851345345,0.9974289308084711,,,,,,,,,,,,,
24702.972,-0.670010377511783,-1.1548103769623648,-0.6690299094021981,-0.6710334115608955,0.9325132627936041,0.998114111334145,,,,,,,,,,,,,
24703.389,-0.668853279261683,-1.1549691782643539,-0.6692204857594319,-0.6712196683168928,0.9350443968410833,1.0007063647577799,,,,,,,,,,,,,
24703.778,-0.670177392819213,-1.1551173166491857,-0.6693982464756587,-0.6713933775102231,0.9327824074712406,0.9985013539958526,,,,,,,,,,,,,
24704.167,-0.670932032805549,-1.1552654550340176,-0.6695759887100508,-0.6715670472232624,0.9316158010604543,0.9973916906430791,,,,,,,,,,,,,
24704.585,-0.670553405471365,-1.1554246371544785,-0.6697669610509109,-0.671753620259062,0.9326502780610331,0.9984873161899235,,,,,,,,,,,,,
24704.974,-0.671310719654162,-1.1555727755393086,-0.6699446649437775,-0.6719272087047544,0.9314785278307921,0.9973724352676653,,,,,,,,,,,,,
24705.363,-0.670874212959411,-1.1557209139241422,-0.6701223503548093,-0.6721007582824761,0.9326030932007542,0.9985538343957218,,,,,,,,,,,,,
24705.78,-0.67199654790465,-1.1558797152261313,-0.6703128049360529,-0.6722867569204698,0.9307497353160662,0.9967613616506233,,,,,,,,,,,,,
24706.142,-0.670948559676445,-1.1560175715122725,-0.6704781223873439,-0.6724481875200764,0.933030708374012,0.9990951563091169,,,,,,,,,,,,,
24706.559,-0.671425730185199,-1.156176372814265,-0.670668537293345,-0.6726341037947069,0.9324183249001948,0.9985435816594163,,,,,,,,,,,,,
24706.948,-0.672055015034314,-1.1563245111990952,-0.6708461473991747,-0.6728074970421661,0.9314928392157881,0.9976747848832829,,,,,,,,,,,,,
24707.31,-0.671388639703469,-1.1564623674852381,-0.6710114132091363,-0.6729688212600697,0.9330397795005428,0.9992744474362883,,,,,,,,,,,,,
24707.699,-0.672845516664926,-1.1566105058700682,-0.671188987634082,-0.6731421415706752,0.9305224195962167,0.996813707807918,,,,,,,,,,,,,
24708.088,-0.673512313690896,-1.1567586442548983,-0.6713665435771858,-0.6733154243865762,0.929524779203738,0.9958726521415209,,,,,,,,,,,,,
24708.45,-0.67321024148218,-1.1568965005410412,-0.6715317589837824,-0.673476646349061,0.9303709820845172,0.9967714803395098,,,,,,,,,,,,,
24708.839,-0.673682847071341,-1.1570446389258713,-0.6717092792460093,-0.6736498573251446,0.9297468691065407,0.9962038834552973,,,,,,,,,,,,,
24709.229,-0.673914097528314,-1.1571931581291732,-0.6718872373053628,-0.673823476502246,0.9295877354609482,0.9961013755019715,,,,,,,,,,,,,
24709.618,-0.674266814666895,-1.1573412965140033,-0.6720647205563921,-0.6739966137178586,0.92919422803237,0.9957643129759763,,,,,,,,,,,,,
24710.008,-0.674636340187794,-1.1574898157173052,-0.672242641509385,-0.674170159329923,0.9287691221690161,0.9953957614307009,,,,,,,,,,,,,
24710.397,-0.674242026820531,-1.157637954102137,-0.6724200877492166,-0.6743432235519929,0.9298125286331812,0.9964955416062965,,,,,,,,,,,,,
24710.786,-0.675945062926266,-1.1577860924869672,-0.6725975155072064,-0.6745162516097643,0.9268216813793145,0.9935610325139578,,,,,,,,,,,,,
24711.176,-0.674780348313651,-1.1579346116902691,-0.6727753808245112,-0.6746896883562314,0.9293476878807161,0.996143486317971,,,,,,,,,,,,,
24711.565,-0.674816161608719,-1.1580827500750992,-0.6729527715713033,-0.6748626445614657,0.9295637452983445,0.9964158107059606,,,,,,,,,,,,,
24711.927,-0.675485790380904,-1.1582206063612404,-0.6731178332476446,-0.6750235641136666,0.9285408804126463,0.9954452754367709,,,,,,,,,,,,,
24712.316,-0.676698205826896,-1.1583687447460722,-0.6732951883135456,-0.6751964517639439,0.9264937424672179,0.9934543358294003,,,,,,,,,,,,,
24712.706,-0.676984218068803,-1.1585172639493724,-0.6734729807519102,-0.6753697484843614,0.9262292744759061,0.9932461749577807,,,,,,,,,,,,,
24713.095,-0.675626599597372,-1.1586654023342042,-0.6736502988066349,-0.6755425657607876,0.9291255992296165,0.9961986268583537,,,,,,,,,,,,,
24713.485,-0.677499638770186,-1.1588139215375062,-0.6738280541386388,-0.6757157923009801,0.9258084834182615,0.9929377467925168,,,,,,,,,,,,,
24713.847,-0.676734905487815,-1.1589517778236473,-0.6739930309251179,-0.6758765508689127,0.9275446153168808,0.9947260450216696,,,,,,,,,,,,,
24714.236,-0.676676469520144,-1.1590999162084774,-0.6741702947695885,-0.676049266414139,0.9279419612815643,0.9951794138596339,,,,,,,,,,,,,
24714.626,-0.6780483548739,-1.1592484354117794,-0.674347995752008,-0.6762223915060441,0.9255888153206648,0.9928823991025972,,,,,,,,,,,,,
24715.015,-0.678390475870083,-1.1593965737966094,-0.6745252225852809,-0.6763950385078212,0.9252156895821274,0.992565225046174,,,,,,,,,,,,,
24715.405,-0.67825036184213,-1.1595450929999114,-0.6747028864613611,-0.6765680952489648,0.9257708758786071,0.993176471172328,,,,,,,,,,,,,
24715.795,-0.6785610919314,-1.1596936122032115,-0.6748805317604578,-0.6767411180470079,0.9254588630842426,0.9929204824747422,,,,,,,,,,,,,
24716.184,-0.678882783706005,-1.1598417505880434,-0.6750577030531701,-0.676913663566834,0.9251250329729604,0.992642497213129,,,,,,,,,,,,,
24716.574,-0.678488682774312,-1.1599902697913453,-0.6752353112459275,-0.6770866191144883,0.9261687633217952,0.9937421802845683,,,,,,,,,,,,,
24716.991,-0.679334901717058,-1.1601490710933362,-0.675425194839832,-0.6772715115697129,0.9248465148320902,0.9924797186382149,,,,,,,,,,,,,
24717.381,-0.678811043662738,-1.1602975902966381,-0.6756027645925045,-0.6774443982170761,0.9261398331304479,0.9938289157195458,,,,,,,,,,,,,
24717.771,-0.679007588910762,-1.1604461094999383,-0.6757803157681934,-0.6776172518453253,0.9260474549874711,0.9937923806266464,,,,,,,,,,,,,
24718.16,-0.679908309435434,-1.1605942478847702,-0.6759573931788623,-0.6777896295467474,0.9245998625214276,0.9924004524277825,,,,,,,,,,,,,
24718.55,-0.680313478012379,-1.1607427670880703,-0.6761349072481977,-0.6779624177617605,0.924106197205663,0.9919625587879071,,,,,,,,,,,,,
24718.94,-0.680977308484709,-1.1608912862913723,-0.6763124027405709,-0.6781351734975818,0.9231149954866441,0.9910270930118815,,,,,,,,,,,,,
24719.302,-0.680900182792239,-1.1610291425775134,-0.6764771383425483,-0.6782954973487466,0.9235285135281949,0.9914923134646877,,,,,,,,,,,,,
24719.691,-0.681107092758612,-1.1611772809623435,-0.6766541430136144,-0.6784677481997733,0.923415466334865,0.9914347906236773,,,,,,,,,,,,,
24720.053,-0.679895707015651,-1.1613151372484847,-0.6768188454112689,-0.6786280147727861,0.9260107346687805,0.9940816975002364,,,,,,,,,,,,,
24720.443,-0.680753574324813,-1.1614636564517866,-0.6769962693107843,-0.6788006470084449,0.9246463029084636,0.9927728639737906,,,,,,,,,,,,,
24720.833,-0.681469531685633,-1.1616121756550868,-0.6771736746333019,-0.6789732476288286,0.9235548350695567,0.991736958635859,,,,,,,,,,,,,
24721.223,-0.6824080912349,-1.1617606948583887,-0.6773510613788432,-0.6791458168103471,0.9220351917081925,0.9902728420425743,,,,,,,,,,,,,
24721.612,-0.681983327670257,-1.1619088332432206,-0.6775279747809648,-0.6793179123637785,0.9231371691561524,0.9914301682866867,,,,,,,,,,,,,
24722.002,-0.681944798876597,-1.1620573524465208,-0.6777053244201525,-0.6794904192741349,0.9234969561572706,0.9918454106816961,,,,,,,,,,,,,
24722.392,-0.681992507984987,-1.1622058716498227,-0.6778826554823709,-0.6796628952711998,0.9236908644712875,0.9920947386566942,,,,,,,,,,,,,
24722.754,-0.681943965318362,-1.1623437279359639,-0.6780472384594205,-0.6798229608645684,0.9240494030352773,0.992504686057381,,,,,,,,,,,,,
24723.144,-0.682566831235398,-1.162492247139264,-0.6782245337013961,-0.6799953777460236,0.9231369966775577,0.9916476304602798,,,,,,,,,,,,,
24723.534,-0.682694257809465,-1.162640766342566,-0.6784018103663598,-0.6801677642230401,0.923177568370072,0.9917435171805169,,,,,,,,,,,,,
24723.924,-0.683825708742809,-1.1627892855458661,-0.6785790684543613,-0.6803401204683663,0.9212868982468764,0.989908126352134,,,,,,,,,,,,,
24724.313,-0.684210258830654,-1.162937423930698,-0.678755853528834,-0.6805120048305071,0.9208321601099348,0.9895084901726355,,,,,,,,,,,,,
24724.703,-0.682423636654016,-1.163085943134,-0.6789330745104749,-0.6806843012050348,0.9245544064057679,0.9932859443891072,,,,,,,,,,,,,
24725.093,-0.683754602982048,-1.1632344623373,-0.6791102769151465,-0.6808565678625622,0.9222799682299958,0.9910666784010638,,,,,,,,,,,,,
24725.483,-0.683550320521827,-1.163382981540602,-0.6792874607428061,-0.6810288049737714,0.9229585825673384,0.9918004291932393,,,,,,,,,,,,,
24725.873,-0.683291504468887,-1.1635315007439022,-0.6794646259935035,-0.6812010127088299,0.9237420923224495,0.9926390396702733,,,,,,,,,,,,,
24726.291,-0.68490877876007,-1.163690682864365,-0.6796544901751744,-0.6813855516535683,0.9209374506369853,0.9898934149828461,,,,,,,,,,,,,
24726.681,-0.684202781883136,-1.1638392020676651,-0.6798316169381664,-0.6815576990665535,0.9225811131349057,0.9915921041714407,,,,,,,,,,,,,
24727.043,-0.684256999093161,-1.1639770583538063,-0.6799960102836309,-0.6817174613511436,0.9227419929778399,0.9918040280940154,,,,,,,,,,,,,
24727.433,-0.683453843497671,-1.1641255775571082,-0.6801731012263801,-0.6818895532604262,0.9245725403638664,0.9936895332703676,,,,,,,,,,,,,
24727.823,-0.684305781077427,-1.1642740967604084,-0.6803501735921174,-0.6820616165607916,0.9232195144437318,0.9923914294076346,,,,,,,,,,,,,
24728.185,-0.685460601849959,-1.1644119530465495,-0.6805145164458111,-0.6822213010766832,0.9212633822811405,0.9904862442035387,,,,,,,,,,,,,
24728.575,-0.68572804689929,-1.1645604722498515,-0.6806915529913198,-0.6823933094708801,0.9210346283025169,0.9903123433819682,,,,,,,,,,,,,
24728.965,-0.685904179613043,-1.1647089914531517,-0.6808685709598379,-0.682565289522946,0.9209815136887408,0.9903140461923351,,,,,,,,,,,,,
24729.355,-0.685867249787999,-1.1648575106564536,-0.6810455703513654,-0.6827372413234782,0.9213382250721994,0.9907255392670268,,,,,,,,,,,,,
24729.745,-0.685998467536315,-1.1650060298597538,-0.6812225511659236,-0.6829091649628144,0.9213715044374152,0.9908135645905799,,,,,,,,,,,,,
24730.135,-0.685782943277634,-1.1651545490630557,-0.6813995134034627,-0.6830810605310347,0.9220717423848515,0.9915685127634577,,,,,,,,,,,,,
24730.525,-0.685102316764729,-1.1653030682663577,-0.6815764570640468,-0.6832529281179635,0.9236666049632916,0.9932180498344294,,,,,,,,,,,,,
24730.915,-0.686208602228341,-1.1654515874696578,-0.6817533821476331,-0.683424767813164,0.9218243406452032,0.9914304242759769,,,,,,,,,,,,,
24731.305,-0.686856690897003,-1.1656001066729598,-0.681930288654236,-0.6835965797059493,0.9208634183006016,0.9905241049581012,,,,,,,,,,,,,
24731.696,-0.68568298841827,-1.16574900669473,-0.6821076301187574,-0.6837688043220872,0.9234074454757686,0.9931228392973079,,,,,,,,,,,,,
24732.114,-0.685719318757938,-1.1659081888151928,-0.6822971970180802,-0.6839528909805204,0.9236437509936704,0.9934175899895419,,,,,,,,,,,,,
24732.532,-0.685552899590644,-1.166067370935652,-0.682486742577197,-0.6841369460146761,0.9242700453821947,0.9941022885044298,,,,,,,,,,,,,
24732.922,-0.686490883573534,-1.1662158901389539,-0.682663572060747,-0.6843086435816383,0.9227515091233073,0.9926382071181535,,,,,,,,,,,,,
24733.312,-0.687252109870788,-1.1663644093422558,-0.6828403829672993,-0.6844803138017974,0.9215729664418603,0.9915140835764219,,,,,,,,,,,,,
24733.702,-0.685793326173486,-1.1665129285455578,-0.6830171752968823,-0.6846519567629137,0.9246646151090188,0.9946601156503858,,,,,,,,,,,,,
24734.12,-0.686732856344798,-1.166672110666017,-0.6832066397836201,-0.6848358926430198,0.9231636148865764,0.9932173636113223,,,,,,,,,,,,,
24734.51,-0.68796294046089,-1.166820629869319,-0.6833833936254976,-0.6850074794071926,0.9210832237419972,0.9911912818423141,,,,,,,,,,,,,
24734.901,-0.686394786420427,-1.166969529891091,-0.6835605820338557,-0.6851794790426051,0.9243859788735617,0.9945484497338012,,,,,,,,,,,,,
24735.291,-0.687829517200843,-1.167118049094391,-0.683737298674103,-0.6853510118426651,0.9219119496743486,0.9921286583527218,,,,,,,,,,,,,
24735.681,-0.687188086053045,-1.167266568297693,-0.6839139967373811,-0.6855225178252192,0.9234314199305036,0.9937023306941146,,,,,,,,,,,,,
24736.071,-0.688868705689025,-1.1674150875009932,-0.6840906762236614,-0.6856939970765363,0.9204844232823499,0.9908095003982889,,,,,,,,,,,,,
24736.462,-0.688390708671211,-1.1675639875227652,-0.6842677900857765,-0.6858658892705354,0.9216902603378008,0.992069606823694,,,,,,,,,,,,,
24736.824,-0.688053992242434,-1.1677018438089064,-0.6844317509792646,-0.6860250086261862,0.9226031014090109,0.9930326601515856,,,,,,,,,,,,,
24737.214,-0.68818805916041,-1.1678503630122066,-0.6846083760206767,-0.686196410029037,0.9226309003936597,0.9931145207636722,,,,,,,,,,,,,
24737.605,-0.688625197345396,-1.1679992630339786,-0.6847854352983305,-0.6863682244266539,0.9220764740109352,0.9926142587574979,,,,,,,,,,,,,
24737.995,-0.688670448432978,-1.1681477822372788,-0.6849620231381479,-0.6865395730582748,0.9222751103303246,0.9928668851468878,,,,,,,,,,,,,
24738.385,-0.68917333493829,-1.1682963014405807,-0.6851385924009676,-0.6867108954655547,0.9215934844858541,0.992239213639522,,,,,,,,,,,,,
24738.776,-0.689320558060735,-1.1684452014623528,-0.6853155957570038,-0.6868826309207713,0.9215967100033142,0.9922964959681055,,,,,,,,,,,,,
24739.166,-0.688591411248852,-1.168593720665653,-0.6854921278182289,-0.6870539010662416,0.9232849014232585,0.9940385701677315,,,,,,,,,,,,,
24739.584,-0.688061965941378,-1.1687529027861139,-0.6856813133506847,-0.687237438697239,0.9246094769397613,0.9954208572980119,,,,,,,,,,,,,
24739.975,-0.68949395983839,-1.1689018028078841,-0.6858582594479472,-0.6874090941125098,0.9221414446430861,0.9930067716749965,,,,,,,,,,,,,
24740.365,-0.689845390322312,-1.1690503220111879,-0.6860347343968485,-0.687580284680972,0.921751144600674,0.9926702445565042,,,,,,,,,,,,,
24740.755,-0.690160258055422,-1.169198841214488,-0.6862111907687449,-0.687751449535585,0.9214311730444246,0.9924040101912647,,,,,,,,,,,,,
24741.146,-0.690094533664548,-1.16934774123626,-0.6863880809443899,-0.6879230275451786,0.9218440033074992,0.992870679562558,,,,,,,,,,,,,
24741.536,-0.689878967202976,-1.1694962604395602,-0.6865645001146916,-0.6880941411559983,0.9225443224322332,0.9936246643208646,,,,,,,,,,,,,
24741.927,-0.689564465446807,-1.1696451604613305,-0.6867413529933373,-0.6882656679569163,0.9234356761954762,0.9945697854514269,,,,,,,,,,,,,
24742.317,-0.689298737507466,-1.1697936796646324,-0.6869177349620301,-0.6884367306556537,0.9242324809706964,0.9954201843028109,,,,,,,,,,,,,
24742.68,-0.689852064128748,-1.1699319167692437,-0.6870818891789909,-0.6885959278172878,0.9234340558882278,0.9946716108295616,,,,,,,,,,,,,
24743.07,-0.691564106975392,-1.1700804359725456,-0.6872582352798133,-0.6887669417415775,0.9204266166643001,0.9917176966898033,,,,,,,,,,,,,
24743.488,-0.691080551734797,-1.1702396180930066,-0.6874472215008609,-0.6889502056767756,0.921662922593254,0.9930113308563169,,,,,,,,,,,,,
24743.879,-0.691340532798924,-1.1703885181147768,-0.6876239811608897,-0.6891216059350429,0.9214492581019998,0.9928512544260416,,,,,,,,,,,,,
24744.269,-0.691052634566162,-1.1705370373180788,-0.6878002701493671,-0.6892925428247171,0.9222887074578275,0.9937441190102626,,,,,,,,,,,,,
24744.688,-0.691835041016286,-1.1706966002570098,-0.6879896471058373,-0.6894761626716882,0.9210906673681192,0.992603426233259,,,,,,,,,,,,,
24745.078,-0.692420814876574,-1.1708451194603118,-0.6881658975589886,-0.6896470480174866,0.9202496076170468,0.9918157075877139,,,,,,,,,,,,,
24745.497,-0.691031642468429,-1.1710046823992428,-0.6883552331146703,-0.6898306126745349,0.9232286015389578,0.9948519691877552,,,,,,,,,,,,,
24745.887,-0.691910344472319,-1.171153201602543,-0.6885314450324742,-0.6900014468235273,0.9218240942233936,0.9935007288548522,,,,,,,,,,,,,
24746.278,-0.691251818959968,-1.1713021016243133,-0.6887080901272142,-0.6901726943569537,0.9233771780108102,0.9951071803364899,,,,,,,,,,,,,
24746.669,-0.693506296621589,-1.171451001646087,-0.6888847165495875,-0.6903439172874974,0.9193270974059745,0.9911104315094749,,,,,,,,,,,,,
24747.059,-0.692168944291088,-1.1715995208493872,-0.6890608726411429,-0.6905146778791469,0.9221851727229039,0.994021666427115,,,,,,,,,,,,,
24747.422,-0.69159189181289,-1.1717377579539967,-0.6892248166186548,-0.6906735947313588,0.9235610329198138,0.9954469738368843,,,,,,,,,,,,,
24747.84,-0.693779895029762,-1.1718969400744594,-0.6894135806564918,-0.6908565638807475,0.9196585935997208,0.9916014353841407,,,,,,,,,,,,,
24748.203,-0.692807143827511,-1.1720351771790707,-0.6895774900078777,-0.6910154356232444,0.9217955806709497,0.9937878030647525,,,,,,,,,,,,,
24748.594,-0.693869560249769,-1.1721840772008427,-0.6897540245010205,-0.6911865385947489,0.9200384310005741,0.9920838083460349,,,,,,,,,,,,,
24748.985,-0.693419703619029,-1.172332977222613,-0.6899305403217895,-0.6913576174362246,0.9211901399945602,0.9932886363752785,,,,,,,,,,,,,
24749.347,-0.692919758644796,-1.1724708335087541,-0.690093947529931,-0.6915159861225714,0.9224169513291299,0.9945645949507492,,,,,,,,,,,,,
24749.766,-0.694428988006015,-1.1726303964476852,-0.6902830646184199,-0.6916992656567008,0.9198208666745156,0.9920253577518305,,,,,,,,,,,,,
24750.129,-0.69347371455996,-1.1727686335522964,-0.6904468885794088,-0.6918580274106856,0.9219242352649791,0.9941779427029592,,,,,,,,,,,,,
24750.519,-0.692487376866565,-1.1729171527555966,-0.6906228798597738,-0.6920285750131081,0.9241071335915887,0.9964136836152999,,,,,,,,,,,,,
24750.91,-0.6935567351103,-1.1730660527773686,-0.6907993037513336,-0.6921995362046885,0.9223366313209603,0.9946961235537523,,,,,,,,,,,,,
24751.301,-0.694173220613829,-1.173214952799139,-0.6909757089705124,-0.6923704737314679,0.9214372301994176,0.9938496287248897,,,,,,,,,,,,,
24751.72,-0.693053929839775,-1.1733745157380717,-0.6911647260625315,-0.6925536261296954,0.9238971065399386,0.9963661601775289,,,,,,,,,,,,,
24752.082,-0.693813086339455,-1.173512372024211,-0.6913280123468084,-0.6927118410716127,0.922702034984741,0.9952200032657745,,,,,,,,,,,,,
24752.501,-0.694589835294407,-1.173671934963144,-0.6915169894709408,-0.6928949432369037,0.9215148770924126,0.9940894236071993,,,,,,,,,,,,,
24752.892,-0.693419816837578,-1.1738208349849142,-0.6916933187112164,-0.6930657852704789,0.9240518180479225,0.9966791247097089,,,,,,,,,,,,,
24753.283,-0.695102990260158,-1.1739697350066862,-0.6918696292791253,-0.6932366040314532,0.9211006416934954,0.9937806725859094,,,,,,,,,,,,,
24753.674,-0.6950365002404,-1.1741186350284565,-0.692045921174639,-0.6934073995965612,0.9215149446444574,0.9942476638510985,,,,,,,,,,,,,
24754.064,-0.694891711173412,-1.1742671542317566,-0.6922217435949634,-0.6935777353135795,0.9220791233829903,0.9948643603724366,,,,,,,,,,,,,
24754.483,-0.695707272247326,-1.1744267171706895,-0.6924106192897099,-0.693760711475946,0.9208173103427034,0.9936589304661302,,,,,,,,,,,,,
24754.874,-0.69482339198894,-1.1745756171924597,-0.6925868538787086,-0.6939314363286362,0.9228038641997347,0.9956980624080944,,,,,,,,,,,,,
24755.237,-0.695615939041432,-1.1747138542970728,-0.6927504513734064,-0.6940899148729226,0.9215452983889542,0.9944882773492388,,,,,,,,,,,,,
24755.628,-0.696779805175069,-1.174862754318843,-0.6929266499548064,-0.6942605956607065,0.919593010101672,0.9925884978861255,,,,,,,,,,,,,
24756.019,-0.696557672880759,-1.1750116543406133,-0.6931028298638253,-0.6944312537084902,0.9203066911166514,0.9933546518089157,,,,,,,,,,,,,
24756.382,-0.696996447277303,-1.1751498914452263,-0.6932663765942593,-0.6945896704297492,0.9197286073480718,0.9928252511469914,,,,,,,,,,,,,
24756.773,-0.695991607988214,-1.1752987914669966,-0.6934425204956796,-0.6947602848383866,0.9219478260163926,0.9950968734623588,,,,,,,,,,,,,
24757.163,-0.696221402875034,-1.1754473106702985,-0.6936181953003953,-0.6949304404592078,0.9217914921613822,0.9949927734510094,,,,,,,,,,,,,
24757.554,-0.696496429849959,-1.1755962106920688,-0.6937943019048163,-0.6951010099596815,0.9215488868463124,0.9948025000420726,,,,,,,,,,,,,
24757.973,-0.696479795520252,-1.1757557736309998,-0.6939829989979103,-0.6952837693263412,0.921887802461121,0.9951974552499006,,,,,,,,,,,,,
24758.364,-0.696926157939047,-1.1759046736527718,-0.6941590669204274,-0.695454292565103,0.9213156332558391,0.9946775435459706,,,,,,,,,,,,,
24758.755,-0.697182204696233,-1.176053573674542,-0.6943351161705849,-0.6956247935864842,0.9211095364077502,0.9945236682828473,,,,,,,,,,,,,
24759.174,-0.696398067549196,-1.1762131366134732,-0.6945237518021585,-0.6958074798227735,0.92292474442603,0.9963947976727388,,,,,,,,,,,,,
24759.565,-0.697490414204528,-1.1763620366352434,-0.6946997623703979,-0.6959779350532301,0.9211100239236963,0.9946322243506039,,,,,,,,,,,,,
24759.956,-0.696425948930002,-1.1765109366570154,-0.6948757542662634,-0.6961483682926269,0.923443933232058,0.9970182449227639,,,,,,,,,,,,,
24760.375,-0.697130902742849,-1.1766704995959465,-0.6950643284363665,-0.6963309821435033,0.9223948733642577,0.9960249882051675,,,,,,,,,,,,,
24760.766,-0.697340780521767,-1.1768193996177185,-0.6952402816503422,-0.6965013700588975,0.9222775825900447,0.9959597342899718,,,,,,,,,,,,,
24761.157,-0.696195078609053,-1.1769682996394888,-0.6954162161919157,-0.6966717362076966,0.9247677506496834,0.9985019032922557,,,,,,,,,,,,,
24761.576,-0.697440351956302,-1.1771278625784216,-0.695604728900534,-0.6968542784120039,0.9226793856404936,0.9964692232118761,,,,,,,,,,,,,
24761.967,-0.697291452893636,-1.1772767626001919,-0.6957806247602178,-0.6970245996998983,0.923252202464337,0.9970939665735554,,,,,,,,,,,,,
24762.386,-0.698603032804736,-1.177436325539123,-0.6959690960168601,-0.6972070939971835,0.9210362967161351,0.9949336660211648,,,,,,,,,,,,,
24762.75,-0.697812784485186,-1.1775749434622043,-0.6961328102045314,-0.6973656131827121,0.9228229718225637,0.9967686138330353,,,,,,,,,,,,,
24763.141,-0.697421430652257,-1.1777238434839745,-0.6963086499993238,-0.6975358700001375,0.9238621506289857,0.9978596113363036,,,,,,,,,,,,,
24763.532,-0.698401576302313,-1.1778727435057466,-0.6964844711217495,-0.6977061054894658,0.9222632488676563,0.9963124923554343,,,,,,,,,,,,,
24763.923,-0.698313852176666,-1.1780216435275168,-0.6966602735717942,-0.6978763197222093,0.9227183956416125,0.9968193859934642,,,,,,,,,,,,,
24764.314,-0.697125319107657,-1.1781705435492889,-0.696836057349465,-0.6980465127696907,0.9252909494713686,0.9994436507709077,,,,,,,,,,,,,
24764.677,-0.699697496395295,-1.1783087806539,-0.6969992363160102,-0.6982044991779871,0.9206092632005539,0.994809940211589,,,,,,,,,,,,,
24765.068,-0.699361444897228,-1.1784576806756704,-0.6971749840860753,-0.6983746515727317,0.9215420679129563,0.9957943866109288,,,,,,,,,,,,,
24765.46,-0.699672701930639,-1.1786069615159125,-0.6973511625948774,-0.6985452180818703,0.9212305065504192,0.9955345629569801,,,,,,,,,,,,,
24765.851,-0.699122604331467,-1.1787558615376827,-0.6975268729724391,-0.6987153285388452,0.9225750291430935,0.9969306553119744,,,,,,,,,,,,,
24766.242,-0.698620688034094,-1.1789047615594548,-0.6977025646776269,-0.6988854181594936,0.9238268749556616,0.9982340349704762,,,,,,,,,,,,,
24766.633,-0.69890357583354,-1.1790536615812268,-0.6978782377104338,-0.6990554870140275,0.9235691493371081,0.9980278072814843,,,,,,,,,,,,,
24767.025,-0.699112817447024,-1.1792029424214672,-0.6980543412908276,-0.6992259700517719,0.9234538147324042,0.9979640662603014,,,,,,,,,,,,,
24767.416,-0.699140056179836,-1.1793518424432392,-0.698229976931124,-0.6993959975312998,0.9236878303381229,0.9982495078709643,,,,,,,,,,,,,
24767.807,-0.699849079629076,-1.1795007424650095,-0.6984055938990537,-0.6995660044544115,0.9226104323894657,0.9972235000108509,,,,,,,,,,,,,
24768.17,-0.701299904099163,-1.1796389795696207,-0.6985686180012962,-0.6997238186283943,0.9200856693361066,0.9947464147869345,,,,,,,,,,,,,
24768.59,-0.700709426525975,-1.1797989233270219,-0.6987572208465807,-0.6999063915786764,0.9215291054834882,0.9962449767355128,,,,,,,,,,,,,
24768.981,-0.700522346715831,-1.179947823348794,-0.6989327817496331,-0.7000763371966904,0.9221753630116398,0.9969425165111903,,,,,,,,,,,,,
24769.372,-0.7000106829988,-1.1800967233705641,-0.6991083239802975,-0.7002462625352603,0.9234459579952431,0.9982643578259615,,,,,,,,,,,,,
24769.736,-0.699731292841674,-1.1802353412936455,-0.6992717275861438,-0.700404435732175,0.9242499969374666,0.9991160720683655,,,,,,,,,,,,,
24770.127,-0.700051756282552,-1.1803842413154175,-0.6994472337614539,-0.7005743221065992,0.9239199945366666,0.9988372466461103,,,,,,,,,,,,,
24770.518,-0.700419387172626,-1.1805331413371878,-0.6996227212643902,-0.7007441884025568,0.9234992655022055,0.9984676586738218,,,,,,,,,,,,,
24770.91,-0.699453149753896,-1.1806824221774281,-0.6997986388404129,-0.7009144690521477,0.9256449659406484,1.0006645949156905,,,,,,,,,,,,,
24771.273,-0.699955490706111,-1.1808206592820412,-0.6999615253692681,-0.7010721345325478,0.9249446118414163,1.0000116540229746,,,,,,,,,,,,,
24771.692,-0.700787716559905,-1.1809802222209704,-0.7001495203888979,-0.7012541017631422,0.9236507440810786,0.9987724754148306,,,,,,,,,,,,,
24772.084,-0.70041181155895,-1.1811295030612126,-0.7003253817566346,-0.7014243225865868,0.9246609395491123,0.9998337985694821,,,,,,,,,,,,,
24772.475,-0.701482947341805,-1.1812784030829828,-0.7005007758021833,-0.7015940894091284,0.9228870181802825,0.9981108384971896,,,,,,,,,,,,,
24772.867,-0.701327388367039,-1.181427683923225,-0.7006765996817848,-0.7017642706709653,0.9234733778561175,0.9987482537510655,,,,,,,,,,,,,
24773.258,-0.700730063485119,-1.181576583944997,-0.7008519563348088,-0.7019339981676529,0.9249087421723475,1.0002345074392012,,,,,,,,,,,,,
24773.65,-0.700610343168582,-1.1817258647852373,-0.701027742726275,-0.7021041401378795,0.9254261661547858,1.0008029148911177,,,,,,,,,,,,,
24774.069,-0.70128202469056,-1.1818854277241684,-0.70121561610231,-0.7022859794338188,0.9244411055703063,0.99987230947691,,,,,,,,,,,,,
24774.433,-0.700198529762321,-1.1820240456472497,-0.7013788108901267,-0.7024439315245266,0.9267918408091229,1.0022703183536303,,,,,,,,,,,,,
24774.824,-0.702210199885446,-1.1821729456690218,-0.7015540927581512,-0.7026135811739274,0.923208800736896,0.9987380238040745,,,,,,,,,,,,,
24775.216,-0.70089557621237,-1.182322226509262,-0.7017298041733397,-0.702783645365316,0.926024622468905,1.001604684788408,,,,,,,,,,,,,
24775.607,-0.701805744601206,-1.1824711265310324,-0.7019050486488538,-0.7029532564905021,0.9245603220364822,1.0001910579540245,,,,,,,,,,,,,
24775.971,-0.702054449874608,-1.1826097444541155,-0.7020681750606386,-0.7031111381354559,0.9243485689128138,1.0000264469467428,,,,,,,,,,,,,
24776.362,-0.700093546253855,-1.1827586444758857,-0.7022433834808055,-0.7032807123644939,0.9284067782378402,1.0041352605172138,,,,,,,,,,,,,
24776.754,-0.702190649235197,-1.182907925316126,-0.702419021260269,-0.7034507012026974,0.9246601404857799,1.0004393203789121,,,,,,,,,,,,,
24777.117,-0.702434410778783,-1.1830461624207373,-0.7025816486918188,-0.7036080973526658,0.9244571641264476,1.0002832588514783,,,,,,,,,,,,,
24777.509,-0.701631148395099,-1.1831954432609777,-0.7027572503237067,-0.7037780495723269,0.9262893819290473,1.002166104737876,,,,,,,,,,,,,
24777.901,-0.702612629707494,-1.1833447241012216,-0.7029328331875959,-0.7039479828755256,0.9246886435246258,1.000615958316907,,,,,,,,,,,,,
24778.264,-0.701784818164643,-1.183482961205831,-0.703095409766199,-0.7041053277701599,0.926546839022319,1.0025209708306846,,,,,,,,,,,,,
24778.656,-0.702427916308634,-1.1836322420460714,-0.7032709564825197,-0.7042752248241351,0.9255969809660767,1.0016216352279057,,,,,,,,,,,,,
24779.047,-0.701572914762966,-1.1837811420678435,-0.7034460366793311,-0.7044446698133602,0.9275279865915677,1.0036029984607606,,,,,,,,,,,,,
24779.439,-0.701633286052147,-1.1839304229080838,-0.7036215459075095,-0.7046145295289408,0.9276990041980978,1.0038244664121918,,,,,,,,,,,,,
24779.803,-0.703828697299543,-1.1840690408311652,-0.7037845019572231,-0.7047722397554341,0.9237427602708652,0.9999150369092535,,,,,,,,,,,,,
24780.222,-0.703220069554086,-1.184228603770098,-0.7039720604518607,-0.704953760039788,0.925220375787284,1.0014465019204342,,,,,,,,,,,,,
24780.614,-0.703111461986233,-1.1843778846103383,-0.7041475134238908,-0.7051235642085252,0.9257164243869959,1.0019928926561383,,,,,,,,,,,,,
24781.006,-0.702981221111371,-1.1845271654505805,-0.704322947627908,-0.7052933499746087,0.9262540846734415,1.0025808589782448,,,,,,,,,,,,,
24781.397,-0.702464875027087,-1.1846760654723507,-0.7044979155994398,-0.7054626843452686,0.9275336861949357,1.0039106022413493,,,,,,,,,,,,,
24781.789,-0.703853247665255,-1.1848253463125928,-0.7046733123153359,-0.705632433544793,0.9251502919360781,1.0015774419095897,,,,,,,,,,,,,
24782.181,-0.703390794178458,-1.1849746271528332,-0.704848690263205,-0.7058021645333833,0.9263269634994342,1.0028043112996838,,,,,,,,,,,,,
24782.573,-0.704575755555512,-1.1851239079930735,-0.7050240494430753,-0.7059718773746727,0.9243348309959473,1.0008623405226174,,,,,,,,,,,,,
24782.964,-0.703387719167323,-1.1852728080148456,-0.7051989425818377,-0.7061411392602946,0.9269064294596708,1.0034839367868575,,,,,,,,,,,,,
24783.356,-0.703919562378046,-1.185422088855086,-0.7053742642735514,-0.70631081604312,0.9261705703740167,1.0027981673190332,,,,,,,,,,,,,
24783.72,-0.704912609450847,-1.1855607067781673,-0.705537046182279,-0.7064683569750744,0.9245270750870241,1.0012011514955041,,,,,,,,,,,,,
24784.084,-0.704228897501552,-1.1856993247012486,-0.7056998119083673,-0.7066258824736665,0.9261088273833346,1.00282935212795,,,,,,,,,,,,,
24784.475,-0.703744271677447,-1.1858482247230189,-0.7058746328886656,-0.7067950754203896,0.927327414954025,1.0040977987020945,,,,,,,,,,,,,
24784.867,-0.703681215434908,-1.185997505563261,-0.7060498822373873,-0.7069646833302086,0.9277358455359159,1.0045561797497793,,,,,,,,,,,,,
24785.259,-0.705834793880932,-1.1861467864035014,-0.7062251128180677,-0.7071342735243878,0.923880577173505,1.0007508257528164,,,,,,,,,,,,,
24785.651,-0.705530593814277,-1.1862960672437435,-0.7064003246307635,-0.7073038460652967,0.9247528481318064,1.001672974976234,,,,,,,,,,,,,
24786.071,-0.70419853626782,-1.1864560110011446,-0.7065880307461967,-0.7074855114114995,0.927622714067305,1.0045962418497758,,,,,,,,,,,,,
24786.435,-0.70476515561228,-1.186594628924226,-0.7067506919521307,-0.7076429384359735,0.9267994529237769,1.0038192279974567,,,,,,,,,,,,,
24786.827,-0.705964737556061,-1.186743909764468,-0.7069258474607807,-0.7078124583896876,0.9247791977462053,1.0018487427840066,,,,,,,,,,,,,
24787.246,-0.705745275455564,-1.1869034727033974,-0.7071130465003606,-0.7079936352192969,0.9255082527721881,1.0026309558916309,,,,,,,,,,,,,
24787.638,-0.70604778135997,-1.1870527535436395,-0.7072881631803227,-0.7081631192314896,0.925213524214665,1.0023859226110643,,,,,,,,,,,,,
24788.058,-0.705928171893001,-1.1872126973010406,-0.7074757673678107,-0.708344690072711,0.9257512451092139,1.0029768483848924,,,,,,,,,,,,,
24788.422,-0.705152495962884,-1.187351315224122,-0.7076383402362012,-0.7085020354826673,0.9275098902106256,1.0047815708599293,,,,,,,,,,,,,
24788.842,-0.707256008579303,-1.187511258981523,-0.7078259042065298,-0.7086835695006761,0.9237714336507229,1.001096241821438,,,,,,,,,,,,,
24789.234,-0.706124716850528,-1.1876605398217652,-0.7080009444738664,-0.7088529835484386,0.9262346162124628,1.0036089726801918,,,,,,,,,,,,,
24789.626,-0.705931289198092,-1.1878098206620056,-0.7081759659732043,-0.7090223805664818,0.9268938163260249,1.00431768499045,,,,,,,,,,,,,
24790.018,-0.707287610344393,-1.187959101502246,-0.7083509687045293,-0.7091917606154345,0.9245720731424365,1.0020454179032265,,,,,,,,,,,,,
24790.41,-0.707563160329383,-1.188108382342488,-0.7085259526678627,-0.7093611237557728,0.9243291943217012,1.00185197907851,,,,,,,,,,,,,
24790.802,-0.707234775320231,-1.1882576631827284,-0.7087009178631547,-0.7095304700478193,0.925247985040032,1.0028201736925282,,,,,,,,,,,,,
24791.194,-0.706989997890762,-1.1884069440229705,-0.708875864290448,-0.7096997995517452,0.9260059564988513,1.003627512946689,,,,,,,,,,,,,
24791.586,-0.708220716973721,-1.1885562248632109,-0.7090507919497497,-0.7098691123275703,0.9239258090042758,1.0015966971471375,,,,,,,,,,,,,
24791.95,-0.708356255830522,-1.1886948427862922,-0.7092132079711959,-0.7100263164075494,0.9239317315912121,1.0016483954120634,,,,,,,,,,,,,
24792.342,-0.707321814917651,-1.1888441236265344,-0.7093880994350528,-0.7101955970909737,0.9262086215158949,1.003974547409695,,,,,,,,,,,,,
24792.734,-0.708286268497788,-1.1889934044667747,-0.7095629721308754,-0.7103648612212021,0.924640635970757,1.0024557878371603,,,,,,,,,,,,,
24793.098,-0.707923780841359,-1.189132022389856,-0.709725337114854,-0.7105220202864966,0.9256045130323964,1.0034653424059878,,,,,,,,,,,,,
24793.518,-0.708008675526992,-1.1892919661472572,-0.7099126612185316,-0.7107033400596388,0.9257488699937485,1.0036623655043773,,,,,,,,,,,,,
24793.882,-0.708850295536469,-1.1894305840703385,-0.7100749913476179,-0.7108604686547315,0.9243966448079429,1.0023557507822725,,,,,,,,,,,,,
24794.275,-0.708348486148712,-1.1895802457290507,-0.7102502362036986,-0.7110300999394832,0.9256497499891456,1.003658065281866,,,,,,,,,,,,,
24794.667,-0.708774489114925,-1.189729526569291,-0.7104250163522039,-0.7111992833100916,0.9251174747150731,1.0031748379652403,,,,,,,,,,,,,
24795.059,-0.708253216017569,-1.1898788074095314,-0.7105997777326607,-0.7113684504778154,0.9264072858556172,1.0045136609628993,,,,,,,,,,,,,
24795.451,-0.70787103452808,-1.1900280882497736,-0.7107745203451472,-0.7115376015012068,0.9274295541553513,1.005584905019417,,,,,,,,,,,,,
24795.815,-0.709748906536739,-1.1901667061728531,-0.7109367645374007,-0.7116946559039273,0.9240840972576432,1.0022848932856003,,,,,,,,,,,,,
24796.207,-0.709860720730113,-1.1903159870130953,-0.7111114709544211,-0.7118637759566295,0.9241561643887417,1.0024058665514213,,,,,,,,,,,,,
24796.6,-0.709963811207892,-1.1904656486718057,-0.7112866042111889,-0.7120333114032131,0.9242457440998221,1.0025444409191677,,,,,,,,,,,,,
24796.992,-0.710063661141484,-1.1906149295120478,-0.7114612730443213,-0.7122023995259723,0.9243408244960584,1.0026883551573484,,,,,,,,,,,,,
24797.412,-0.70879140101127,-1.190774873269449,-0.711648397395912,-0.7123835477760808,0.9270956700442003,1.005495482618689,,,,,,,,,,,,,
24797.776,-0.710483146188055,-1.1909134911925303,-0.7118105544065472,-0.7125405282559806,0.9241082282856893,1.0025533183298876,,,,,,,,,,,,,
24798.168,-0.709637261090569,-1.1910627720327724,-0.7119851669356336,-0.7127095689784684,0.9260224309190712,1.0045162465042048,,,,,,,,,,,,,
24798.561,-0.711429894003688,-1.1912124336914829,-0.7121602060649721,-0.7128790251821784,0.9228621741392427,1.0014048033265819,,,,,,,,,,,,,
24798.953,-0.71079913786703,-1.191361714531725,-0.7123347810101635,-0.7130480345519572,0.9243625760106394,1.0029538584461788,,,,,,,,,,,,,
24799.345,-0.710783658714508,-1.1915109953719654,-0.7125093371873703,-0.7132170283511763,0.924679492014358,1.0033193915977514,,,,,,,,,,,,,
24799.737,-0.710232452712529,-1.1916602762122057,-0.7126838745965429,-0.7133860066368143,0.9260268791255837,1.0047153597564855,,,,,,,,,,,,,
24800.13,-0.711673366984976,-1.191809937870918,-0.7128588384143413,-0.7135554004736167,0.9235431534876111,1.0022803028586904,,,,,,,,,,,,,
24800.522,-0.710864884518905,-1.1919592187111583,-0.7130333382396472,-0.7137243478632518,0.9253854121236765,1.0041710702495146,,,,,,,,,,,,,
24800.914,-0.710578354263221,-1.1921084995514004,-0.7132078192969189,-0.7138932799095414,0.9262236951836688,1.005057825963934,,,,,,,,,,,,,
24801.335,-0.712138261360306,-1.1922688241272699,-0.7133951874895459,-0.7140746924560675,0.9235315968650082,1.0024177460817367,,,,,,,,,,,,,
24801.699,-0.712589323134236,-1.192407442050353,-0.7135571700924217,-0.7142315290494308,0.922930610818962,1.0018617020314724,,,,,,,,,,,,,
24802.119,-0.713512057700422,-1.1925673858077523,-0.7137440529871668,-0.7144124780940709,0.9214633819684322,1.0004462906509657,,,,,,,,,,,,,
24802.512,-0.713819621153207,-1.1927170474664646,-0.7139189024696506,-0.7145817789853558,0.921159657716455,1.000191015214778,,,,,,,,,,,,,
24802.904,-0.713437085427108,-1.192866328306705,-0.7140932882505524,-0.7147506340079329,0.9221826073906438,1.0012622542789469,,,,,,,,,,,,,
24803.269,-0.712958878000721,-1.1930053270482563,-0.7142556458924503,-0.7149078452206961,0.9233698040452084,1.0024943818123546,,,,,,,,,,,,,
24803.661,-0.714307913470988,-1.1931546078884985,-0.7144299954300379,-0.7150766713212552,0.9210620748664459,1.0002348723094108,,,,,,,,,,,,,
24804.053,-0.713514115220677,-1.1933038887287388,-0.7146043261996127,-0.7152454825263505,0.9228760883994473,1.0020970694178848,,,,,,,,,,,,,
24804.446,-0.713072227874105,-1.193453550387451,-0.7147790828506615,-0.715414709475337,0.924013933477098,1.0032831847497043,,,,,,,,,,,,,
24804.81,-0.714345028189804,-1.1935921683105324,-0.7149409271454772,-0.7155714356823506,0.9218323325597266,1.001146259792061,,,,,,,,,,,,,
24805.203,-0.715421544306429,-1.1937418299692428,-0.7151156474607347,-0.7157406340566596,0.9200495271231256,0.9994116547176327,,,,,,,,,,,,,
24805.595,-0.715630210219536,-1.193891110809485,-0.7152899044030931,-0.7159093872033235,0.9199352998786512,0.9993454690417198,,,,,,,,,,,,,
24805.96,-0.715498801786055,-1.1940301095510346,-0.7154521420805153,-0.7160665038977069,0.9204554283385449,0.9999102976283638,,,,,,,,,,,,,
24806.352,-0.71547790939027,-1.194179390391275,-0.7156263627795596,-0.7162352288530044,0.9207827567208591,1.0002855978650638,,,,,,,,,,,,,
24806.745,-0.714991277454408,-1.1943290520499872,-0.7158010090792644,-0.7164043696550826,0.92200666805882,1.0015575671960089,,,,,,,,,,,,,
24807.109,-0.715751500425173,-1.1944676699730685,-0.7159627511657192,-0.7165610163598116,0.9208110101548569,1.000406388653623,,,,,,,,,,,,,
24807.502,-0.716497117551015,-1.194617331631779,-0.7161373611296398,-0.7167301292077713,0.9196646892436269,0.9993080558433667,,,,,,,,,,,,,
24807.894,-0.716366262402898,-1.194766612472021,-0.7163115080014677,-0.7168987973654978,0.9202035310852661,0.9998947275324663,,,,,,,,,,,,,
24808.315,-0.715716690097801,-1.1949269370478923,-0.7164985172857286,-0.7170799275942938,0.9217613685107073,1.0015038930328108,,,,,,,,,,,,,
24808.707,-0.71507029848036,-1.1950762178881327,-0.7166726252330733,-0.7172485661431527,0.9232918452443468,1.003082124742559,,,,,,,,,,,,,
24809.1,-0.717691769007322,-1.1952258795468431,-0.7168471584934579,-0.7174176206443772,0.9185373185212699,0.9983754385809179,,,,,,,,,,,,,
24809.521,-0.717837956672168,-1.1953862041227161,-0.7170341057657552,-0.7175987039753959,0.9185645108831564,0.9984538397374776,,,,,,,,,,,,,
24809.913,-0.717239106567819,-1.1955354849629565,-0.717208155972763,-0.7177672990279551,0.920003541470876,0.999940514237522,,,,,,,,,,,,,
24810.306,-0.717129881436025,-1.1956851466216687,-0.7173826313454938,-0.7179363100870302,0.9205015104601144,1.0004862124410905,,,,,,,,,,,,,
24810.699,-0.717338497230293,-1.1958348082803791,-0.7175570878543311,-0.7181053070988219,0.9203881121239629,1.0004205070345091,,,,,,,,,,,,,
24811.063,-0.717641117479852,-1.1959734262034605,-0.717718654154865,-0.7182618211090583,0.9200726534920676,1.0001491896393133,,,,,,,,,,,,,
24811.456,-0.717758280217826,-1.196123087862171,-0.7178930743279395,-0.718430791213447,0.9201351651971988,1.0002593243820184,,,,,,,,,,,,,
24811.82,-0.718855373211378,-1.1962617057852523,-0.7180546069739506,-0.7185872803933795,0.9182915374820918,0.9984597731690182,,,,,,,,,,,,,
24812.213,-0.718781400139353,-1.1964113674439645,-0.7182289908112409,-0.7187562237878488,0.9187216991006357,0.9989374879331399,,,,,,,,,,,,,
24812.606,-0.719699980920321,-1.196561029102675,-0.7184033557846377,-0.718925153393312,0.9172426824332814,0.9975059881265748,,,,,,,,,,,,,
24812.999,-0.719745390057247,-1.1967106907613854,-0.7185777018941479,-0.7190940692626175,0.9174432122586812,0.997753998528032,,,,,,,,,,,,,
24813.391,-0.718725191850231,-1.1968599716016275,-0.7187515855829503,-0.7192625416892529,0.9196927063250248,1.0000508162083452,,,,,,,,,,,,,
24813.784,-0.719361423144125,-1.197009633260338,-0.7189258940126777,-0.7194314302788969,0.9187567891662056,0.9991623071483915,,,,,,,,,,,,,
24814.177,-0.719395238942876,-1.1971592949190502,-0.7191001835785329,-0.7196003052900314,0.9189796187886807,0.9994325085850002,,,,,,,,,,,,,
24814.598,-0.71908239337684,-1.1973196194949214,-0.719286869793855,-0.7197811971039068,0.9198897620093626,1.0003933584562796,,,,,,,,,,,,,
24814.99,-0.720248302757302,-1.1974689003351635,-0.7194606769264027,-0.7199496145377097,0.9179342760395525,0.9984850488442089,,,,,,,,,,,,,
24815.411,-0.719537717541603,-1.197629224911033,-0.7196473213376251,-0.7201304765578592,0.9196094718569097,1.0002108709018611,,,,,,,,,,,,,
24815.832,-0.72092619041651,-1.1977895494869042,-0.7198339441012394,-0.7203113232434392,0.9172471274286379,0.997899111074588,,,,,,,,,,,,,
24816.225,-0.721514467930739,-1.1979392111456146,-0.7200081353636918,-0.7204801283384933,0.9164034494108858,0.9971026157839941,,,,,,,,,,,,,
24816.618,-0.722651496359872,-1.1980888728043269,-0.7201823077622507,-0.7206489201780935,0.9145042484832816,0.995250561298788,,,,,,,,,,,,,
24817.039,-0.72158123378692,-1.198249197380198,-0.7203688684624652,-0.7208297232522428,0.9168712840414532,0.9976680620788205,,,,,,,,,,,,,
24817.432,-0.721179168746955,-1.1983988590389103,-0.7205430017892596,-0.7209984878003816,0.9179325308742439,0.9987763801993357,,,,,,,,,,,,,
24817.852,-0.72061828106551,-1.1985588027963097,-0.7207290776220034,-0.7211788323826126,0.9193190508365433,1.0002131652449662,,,,,,,,,,,,,
24818.217,-0.722593149518484,-1.1986978015378629,-0.7208907688837982,-0.7213355483120688,0.9157877536900888,0.9967255171928063,,,,,,,,,,,,,
24818.638,-0.721983136668723,-1.1988581261137323,-0.7210772473641711,-0.7215162944106636,0.9172694984653378,0.9982575690397442,,,,,,,,,,,,,
24819.003,-0.722642595871432,-1.1989971248552838,-0.7212389035861761,-0.7216729862517939,0.9162683922703314,0.9973000445398617,,,,,,,,,,,,,
24819.424,-0.723063171600605,-1.199157449431155,-0.7214253416508072,-0.7218537046753072,0.9157677989279506,0.9968496805293284,,,,,,,,,,,,,
24819.789,-0.723789724858857,-1.1992964481727064,-0.7215869628330225,-0.7220103726168718,0.9146376372529124,0.9957630331502434,,,,,,,,,,,,,
24820.182,-0.722607673766829,-1.1994461098314186,-0.7217609641606231,-0.7221790465855739,0.9171991880031268,0.9983714012872466,,,,,,,,,,,,,
24820.575,-0.724776537167326,-1.199595771490129,-0.721934946624323,-0.7223477078123594,0.913315251520854,0.9945342459069881,,,,,,,,,,,,,
24820.968,-0.723034173430037,-1.1997454331488413,-0.7221089102241507,-0.722516356347558,0.9169545641803281,0.9982203033837307,,,,,,,,,,,,,
24821.389,-0.723593373082702,-1.1999057577247108,-0.7222952472493773,-0.7226970065313466,0.9161873275884732,0.9975031017740706,,,,,,,,,,,,,
24821.754,-0.724412689906375,-1.2000447564662622,-0.7224567808321112,-0.7228536155439136,0.9148787351065928,0.9962378550902522,,,,,,,,,,,,,
24822.147,-0.724221508975537,-1.2001944181249744,-0.7226306878402795,-0.7230222263051312,0.9155343461537063,0.9969401021003824,,,,,,,,,,,,,
24822.568,-0.724712993908277,-1.2003547427008439,-0.7228169642418791,-0.7232028361899673,0.9148973588904159,0.9963530332095178,,,,,,,,,,,,,
24822.961,-0.724503643367296,-1.200504404359556,-0.7229908321782759,-0.7233714211334483,0.9155879192000241,0.9970901543274407,,,,,,,,,,,,,
24823.326,-0.725252469485314,-1.2006434031011075,-0.7231522956814516,-0.7235279838388061,0.9144149156579158,0.9959603617850672,,,,,,,,,,,,,
24823.747,-0.724926692587004,-1.2008037276769787,-0.7233385114594171,-0.723708553904136,0.9153499323085988,0.996945180198393,,,,,,,,,,,,,
24824.112,-0.725357118019056,-1.2009427264185302,-0.723499939922803,-0.7238650937321255,0.9147893727905878,0.9964277642809602,,,,,,,,,,,,,
24824.505,-0.72607700483601,-1.2010923880772406,-0.7236737337476455,-0.7240336302881831,0.9136925441531222,0.995377353897965,,,,,,,,,,,,,
24824.898,-0.726219380698999,-1.2012420497359528,-0.7238475087085874,-0.7242021546494047,0.9137065583881666,0.9954377501027482,,,,,,,,,,,,,
24825.291,-0.726988947235592,-1.2013917113946633,-0.724021264805657,-0.7243706668648188,0.9125141707624426,0.9942917081619885,,,,,,,,,,,,,
24825.684,-0.727193673826742,-1.2015413730533755,-0.7241950020388401,-0.7245391669833373,0.9124082533122131,0.9942321001119776,,,,,,,,,,,,,
24826.078,-0.725632810007203,-1.201691415530556,-0.724369162415563,-0.7247080837612562,0.9156991832109262,0.9975694208231622,,,,,,,,,,,,,
24826.471,-0.727124281320495,-1.2018410771892665,-0.7245428618729619,-0.724876559801786,0.9131182110565125,0.9950346854071331,,,,,,,,,,,,,
24826.892,-0.727267515935532,-1.2020014017651377,-0.7247289159364882,-0.7250570259673772,0.9131510836125286,0.9951170486674769,,,,,,,,,,,,,
24827.285,-0.7259097126686,-1.20215106342385,-0.7249025763221297,-0.725225477308746,0.9160506938393281,0.9980628204779732,,,,,,,,,,,,,
24827.678,-0.726447151314794,-1.2023007250825604,-0.725076217843899,-0.7253939167996121,0.9153048044328836,0.9973630563704655,,,,,,,,,,,,,
24828.071,-0.727456065365437,-1.2024503867412708,-0.7252498405017747,-0.7255623444881897,0.9136520316348796,0.9957563725866524,,,,,,,,,,,,,
24828.465,-0.7269280939606,-1.2026004292184531,-0.725423886011626,-0.7257311889469011,0.9149561919856588,0.9971067028031009,,,,,,,,,,,,,
24828.886,-0.727190771738407,-1.2027607537943243,-0.7256098375445958,-0.7259115909634084,0.9147593155038052,0.9969591198076742,,,,,,,,,,,,,
24829.279,-0.727879324732821,-1.2029104154530348,-0.7257834022188234,-0.7260799826748805,0.913722757503975,0.9959685392902733,,,,,,,,,,,,,
24829.701,-0.728479084773758,-1.203071120847376,-0.7259697534611931,-0.7262607873157466,0.9128782354711664,0.9951733470805497,,,,,,,,,,,,,
24830.066,-0.72761262835784,-1.2032101195889275,-0.72613091649594,-0.7264171597283173,0.9148122294285654,0.997149974085576,,,,,,,,,,,,,
24830.487,-0.728712900421627,-1.2033704441647988,-0.7263167857062243,-0.7265975111952215,0.9130042395362299,0.9953911193316944,,,,,,,,,,,,,
24830.88,-0.726854325701971,-1.203520105823511,-0.7264902735329244,-0.7267658559198102,0.9168670841314759,0.999299793592848,,,,,,,,,,,,,
24831.246,-0.728329990353409,-1.2036594853835307,-0.726651825384188,-0.7269226247109403,0.9142967384795925,0.9967720963727659,,,,,,,,,,,,,
24831.639,-0.728931035818644,-1.203809147042243,-0.7268252767791026,-0.7270909474347818,0.9134285012958675,0.9959496187782823,,,,,,,,,,,,,
24832.032,-0.727810071256627,-1.2039588087009534,-0.7269987093101236,-0.7272592588359917,0.9158725520471557,0.9984393928340659,,,,,,,,,,,,,
24832.426,-0.72908073776394,-1.204108851178134,-0.7271725642093401,-0.7274279871917958,0.9137170306529971,0.9963296746653261,,,,,,,,,,,,,
24832.819,-0.728847286650979,-1.2042585128368462,-0.727345958964591,-0.7275962760600415,0.914453948435868,0.9971122430908586,,,,,,,,,,,,,
24833.212,-0.728877912383459,-1.2044081744955566,-0.7275193348559554,-0.7277645537463667,0.9146829141538643,0.9973868231667563,,,,,,,,,,,,,
24833.606,-0.729231261514781,-1.204558216972739,-0.727693132971396,-0.7279332484424159,0.9142918536101053,0.997041456624611,,,,,,,,,,,,,
24833.971,-0.729114510286359,-1.2046972157142903,-0.7278541219217018,-0.7280895165779331,0.9147837889220476,0.997575690132134,,,,,,,,,,,,,
24834.364,-0.730225786897182,-1.2048468773730008,-0.7280274425173943,-0.7282577617550802,0.9129341216415983,0.9957715308481598,,,,,,,,,,,,,
24834.758,-0.728581579860581,-1.204996919850183,-0.7282011851964612,-0.7284264239958539,0.9163853622980753,0.9992683588742068,,,,,,,,,,,,,
24835.151,-0.730294943056164,-1.2051465815088935,-0.7283744680163835,-0.7285946471930647,0.9133775808957714,0.9963060128065442,,,,,,,,,,,,,
24835.545,-0.73000108857224,-1.205296623986074,-0.7285481728235723,-0.7287632874907721,0.914231417125171,0.9972053635587824,,,,,,,,,,,,,
24835.91,-0.731204075172844,-1.2054356227276255,-0.7287090753334908,-0.7289195054363964,0.9121848354602734,0.9952009138210444,,,,,,,,,,,,,
24836.303,-0.730229914478567,-1.205585284386336,-0.7288823028577482,-0.729087696792873,0.9143465088315035,0.9974079161655178,,,,,,,,,,,,,
24836.697,-0.730990089894287,-1.2057353268635183,-0.7290559522285562,-0.7292563053038891,0.9131729175404588,0.9962797327652397,,,,,,,,,,,,,
24837.118,-0.731918919974693,-1.2058956514393877,-0.729241480475892,-0.7294364562918695,0.9116946964671866,0.9948499909869282,,,,,,,,,,,,,
24837.512,-0.730898760651924,-1.20604569391657,-0.7294150906273984,-0.7296050425527894,0.913945580749027,0.9971462077210708,,,,,,,,,,,,,
24837.905,-0.73130406754327,-1.2061953555752805,-0.729588241256117,-0.7297731902842769,0.9134538468994544,0.996699654935892,,,,,,,,,,,,,
24838.327,-0.730774299013699,-1.2063560609696236,-0.7297741479000024,-0.7299537340776652,0.91478197415274,0.9980762568254647,,,,,,,,,,,,,
24838.721,-0.730810731355054,-1.206506103446804,-0.7299476998721914,-0.7301222876928488,0.9150005033577009,0.9983400065745918,,,,,,,,,,,,,
24839.114,-0.731997984431358,-1.2066557651055163,-0.7301207924692719,-0.7302904030008592,0.913004695273209,0.9963892679304042,,,,,,,,,,,,,
24839.508,-0.732715467176238,-1.2068058075826968,-0.7302943065695757,-0.73045893559563,0.9119132233753695,0.9953429437300136,,,,,,,,,,,,,
24839.873,-0.732783095365093,-1.2069448063242465,-0.7304550324093952,-0.7306150541764415,0.9120505047017642,0.9955220171580206,,,,,,,,,,,,,
24840.239,-0.732449954701639,-1.207084185884268,-0.7306161822554031,-0.7307715915054568,0.9129593978037207,0.9964727854331585,,,,,,,,,,,,,
24840.632,-0.732333419870252,-1.2072338475429802,-0.7307892019889124,-0.7309396667063659,0.9134714270071198,0.9970297439235436,,,,,,,,,,,,,
24841.026,-0.732035062744446,-1.2073838900201608,-0.7309626430402503,-0.731108159265651,0.9143339240724875,0.9979372481764064,,,,,,,,,,,,,
24841.42,-0.731492582125622,-1.2075339324973413,-0.7311360651315795,-0.7312766415427809,0.9156659929102494,0.9993142877320343,,,,,,,,,,,,,
24841.813,-0.732560387202003,-1.2076835941560518,-0.731309028177435,-0.7314446860014474,0.9138999431678922,0.9975930582377412,,,,,,,,,,,,,
24842.207,-0.733519566017243,-1.207833636633234,-0.7314824123968648,-0.731613147874313,0.912343568647467,0.9960815815884507,,,,,,,,,,,,,
24842.6,-0.733524555365346,-1.2079832982919445,-0.7316553376669432,-0.7317811720692932,0.912621845975341,0.9964046065025407,,,,,,,,,,,,,
24843.022,-0.734326583143002,-1.2081440036862876,-0.7318410023226747,-0.7319615838046909,0.9113882617574296,0.99521903145581,,,,,,,,,,,,,
24843.416,-0.733826103646339,-1.2082940461634681,-0.7320143283627871,-0.7321300146783937,0.9126395413965287,0.9965150970579078,,,,,,,,,,,,,
24843.81,-0.733051892814778,-1.2084440886406504,-0.7321876354429051,-0.7322984355399781,0.9144173435202102,0.9983376486749588,,,,,,,,,,,,,
24844.231,-0.733084942926032,-1.20860441321652,-0.7323727979430643,-0.7324783869178036,0.9146621560746726,0.9986302370083737,,,,,,,,,,,,,
24844.625,-0.733764953560698,-1.2087544556937022,-0.7325460658038807,-0.7326467872090595,0.9136427618166859,0.997655516805278,,,,,,,,,,,,,
24845.047,-0.733577769975373,-1.2089151610880418,-0.7327316260877197,-0.732827144080092,0.9143119266019264,0.9983724900019704,,,,,,,,,,,,,
24845.441,-0.734363299011351,-1.209065203565224,-0.7329048546810952,-0.7329955239641588,0.9130895675980576,0.9971947295219586,,,,,,,,,,,,,
24845.835,-0.733207636061469,-1.2092152460424046,-0.7330780643144763,-0.7331638940619679,0.9156010932362946,0.9997508172143952,,,,,,,,,,,,,
24846.228,-0.734228222721044,-1.2093649077011168,-0.7332508154416075,-0.7333318271189058,0.913925868163845,0.9981200047635793,,,,,,,,,,,,,
24846.622,-0.732975519677432,-1.2095149501782974,-0.733423987203075,-0.7335001777995709,0.9166240505152184,1.000862676322435,,,,,,,,,,,,,
24847.016,-0.734432682732494,-1.2096649926554779,-0.7335971400045409,-0.733668518824478,0.9141098028330273,0.998392881378069,,,,,,,,,,,,,
24847.41,-0.735585825665132,-1.2098150351326602,-0.7337702738460266,-0.7338368502369641,0.9121803381472047,0.9965078329604422,,,,,,,,,,,,,
24847.775,-0.735595378097788,-1.2099540338742116,-0.7339306474155904,-0.7339927832343603,0.9124293282462176,0.9967979375679746,,,,,,,,,,,,,
24848.169,-0.73556525212085,-1.2101040763513922,-0.734103744732586,-0.7341610962513078,0.9127758824400974,0.9971888377750663,,,,,,,,,,,,,
24848.563,-0.734227068979911,-1.2102541188285727,-0.7342768230895445,-0.7343293997820873,0.9156384858404656,1.0000957507190171,,,,,,,,,,,,,
24848.929,-0.734635293639246,-1.2103934983885942,-0.7344375844750033,-0.7344857341945241,0.9151213620347086,0.9996197548811502,,,,,,,,,,,,,
24849.323,-0.734676242258032,-1.2105435408657765,-0.734610626259375,-0.7346540195483581,0.9153312041757135,0.9998738362181842,,,,,,,,,,,,,
24849.717,-0.735822763522636,-1.210693583342957,-0.7347836490837238,-0.734822295541547,0.9134144762746863,0.9980013110435428,,,,,,,,,,,,,
24850.111,-0.735415052666949,-1.2108436258201376,-0.7349566529480924,-0.7349905622167546,0.9144873153441082,0.9991183163697215,,,,,,,,,,,,,
24850.504,-0.736443068702753,-1.2109932874788498,-0.7351291988284601,-0.7351583925790147,0.9127977998593739,0.997472818713715,,,,,,,,,,,,,
24850.898,-0.736471016136443,-1.2111433299560304,-0.735302164820915,-0.735326640769244,0.9130326497923471,0.9977517620567136,,,,,,,,,,,,,
24851.292,-0.735887240122807,-1.2112933724332127,-0.7354751118533542,-0.7354948797687948,0.914444150361544,0.9992073195662926,,,,,,,,,,,,,
24851.686,-0.736140579648309,-1.2114434149103932,-0.7356480399257919,-0.7356631096199449,0.9142454583902644,0.9990526480657376,,,,,,,,,,,,,
24852.08,-0.737286408085605,-1.2115934573875755,-0.7358209490382492,-0.7358313303648752,0.9123300631432306,0.9971812368197993,,,,,,,,,,,,,
24852.474,-0.73571674857761,-1.2117434998647543,-0.7359938391906624,-0.7359995420456706,0.915637911557101,1.0005330327651218,,,,,,,,,,,,,
24852.868,-0.736360150925928,-1.2118935423419366,-0.7361667103830953,-0.7361677447043242,0.9146889333729312,0.9996279656427468,,,,,,,,,,,,,
24853.262,-0.737257618456806,-1.2120435848191171,-0.7363395626154983,-0.7363359383827296,0.9132512605670173,0.9982341674289843,,,,,,,,,,,,,
24853.628,-0.738067575566063,-1.2121829643791386,-0.7365001139461427,-0.7364921712018183,0.9119614040094631,0.9969850347981605,,,,,,,,,,,,,
24854.022,-0.737406475697701,-1.212333006856321,-0.7366729296059589,-0.7366603476759147,0.913521637087208,0.9985890721205316,,,,,,,,,,,,,
24854.416,-0.738501109393797,-1.2124830493335015,-0.7368457263057664,-0.7368285152919265,0.9117047149738514,0.9968159177821437,,,,,,,,,,,,,
24854.81,-0.737978361434811,-1.212633091810682,-0.737018504045551,-0.7369966740913771,0.912998828021535,0.9981537621351527,,,,,,,,,,,,,
24855.204,-0.738036666964155,-1.2127831342878643,-0.7371912628253412,-0.7371648241156976,0.9131752841284746,0.9983739130777745,,,,,,,,,,,,,
24855.598,-0.738444041013813,-1.2129331767650449,-0.7373640026451227,-0.737332965406224,0.9126803066026028,0.9979225939179557,,,,,,,,,,,,,
24855.992,-0.73753839977106,-1.2130832192422254,-0.7375367235048742,-0.7375010980041985,0.9147109152479597,0.9999968244597081,,,,,,,,,,,,,
24856.387,-0.738432521516279,-1.213233642537876,-0.737709863710208,-0.7376696486503267,0.9132804105686536,0.9986100157836764,,,,,,,,,,,,,
24856.781,-0.737884986362977,-1.2133836850150583,-0.7378825466018597,-0.7378377639647589,0.9146222018083237,0.9999953558878858,,,,,,,,,,,,,
24857.203,-0.739999825775046,-1.2135443904093997,-0.7380674803451086,-0.7380178170571073,0.910863423155534,0.9962831804934508,,,,,,,,,,,,,
24857.597,-0.738238608524166,-1.213694432886582,-0.7382401239693124,-0.7381859146693405,0.9145397330711306,1.0000029637425527,,,,,,,,,,,,,
24857.991,-0.738690424398476,-1.2138444753637625,-0.7384127486335075,-0.7383540037968488,0.9139592716530192,0.9994659391883036,,,,,,,,,,,,,
24858.385,-0.739557041999065,-1.213994517840943,-0.7385853543376939,-0.7385220844803144,0.9125809387175331,0.9981310066470507,,,,,,,,,,,,,
24858.78,-0.739057168064891,-1.2141449411365937,-0.7387583790951808,-0.7386905833290655,0.9138317860612969,0.9994253279297024,,,,,,,,,,,,,
24859.174,-0.739692010222564,-1.214294983613776,-0.7389309468312248,-0.7388586472249584,0.9128992734120228,0.9985361426428053,,,,,,,,,,,,,
24859.54,-0.739330171302246,-1.2144343631737975,-0.7390912338835207,-0.7390147600365865,0.9138633676385154,0.9995404524556647,,,,,,,,,,,,,
24859.934,-0.740275069641732,-1.214584405650978,-0.7392637650469851,-0.7391828079151711,0.912334461626863,0.99805480345885,,,,,,,,,,,,,
24860.328,-0.740332335992836,-1.2147344481281603,-0.7394362772504195,-0.7393508475490093,0.9125129165941416,0.9982764789713087,,,,,,,,,,,,,
24860.694,-0.74052401628725,-1.21487382768818,-0.7395965127165809,-0.7395069379283662,0.9124123160814936,0.998215994818914,,,,,,,,,,,,,
24861.089,-0.740640366145569,-1.2150242509838307,-0.7397694260787091,-0.7396753882180566,0.9124778563708018,0.9983247947777469,,,,,,,,,,,,,
24861.483,-0.741131997777554,-1.215174293461013,-0.739941882701423,-0.7398434039136528,0.9118208093047109,0.9977108613470982,,,,,,,,,,,,,
24861.877,-0.740719155037893,-1.2153243359381936,-0.7401143203641141,-0.740011411521814,0.912903519557867,0.9988366487660532,,,,,,,,,,,,,
24862.243,-0.740460685737021,-1.215463715498215,-0.7402744865868485,-0.7401674722835648,0.9136687822224524,0.9996418946009066,,,,,,,,,,,,,
24862.638,-0.741322608408882,-1.2156141387938657,-0.7404473252190442,-0.7403358907018684,0.9123002124915582,0.9983164407962444,,,,,,,,,,,,,
24863.032,-0.741109024759008,-1.2157641812710462,-0.7406197073010148,-0.7405038746405114,0.9129996476948604,0.9990588462555933,,,,,,,,,,,,,
24863.398,-0.741399041225134,-1.2159035608310695,-0.7407798218929145,-0.7406599133621737,0.9127098974618444,0.9988089798807418,,,,,,,,,,,,,
24863.792,-0.741822642192715,-1.21605360330825,-0.7409521674022841,-0.74082788162163,0.9121837074438218,0.9983256897712408,,,,,,,,,,,,,
24864.187,-0.740963359168464,-1.2162040266039007,-0.7411249313045403,-0.74099626800228,0.9141258785162266,1.0003108330265849,,,,,,,,,,,,,
24864.581,-0.740720707729427,-1.2163540690810812,-0.7412972388457604,-0.741164219891225,0.9148812256397956,1.0011090070268192,,,,,,,,,,,,,
24864.976,-0.742946077052367,-1.2165044923767319,-0.7414699646835103,-0.7413325898124795,0.9108900649710227,0.9971607453237629,,,,,,,,,,,,,
24865.37,-0.741869545009723,-1.2166545348539142,-0.7416422342566094,-0.7415005252365994,0.9132493822334793,0.999562816431043,,,,,,,,,,,,,
24865.764,-0.742504982734092,-1.2168045773310947,-0.7418144848696855,-0.7416684524035756,0.9123157240110923,0.9986718755838363,,,,,,,,,,,,,
24866.159,-0.742749075155071,-1.216955000626747,-0.7419871536348026,-0.7418367974695749,0.9121355513589052,0.9985344921179448,,,,,,,,,,,,,
24866.581,-0.743005497524336,-1.2171157060210867,-0.7421716040202355,-0.7420166404448039,0.9119514396660554,0.9983960539429125,,,,,,,,,,,,,
24866.948,-0.743290808008224,-1.2172554663995783,-0.7423319969803615,-0.7421730364029023,0.911671473899065,0.9981557749705159,,,,,,,,,,,,,
24867.37,-0.743124091866237,-1.2174161717939196,-0.7425164066994085,-0.7423528614911348,0.9123012695374654,0.9988311659048178,,,,,,,,,,,,,
24867.737,-0.74393644175983,-1.2175559321724112,-0.7426767642932717,-0.7425092418502545,0.9110075429616428,0.9975770580964548,,,,,,,,,,,,,
24868.131,-0.744423615000267,-1.2177059746495935,-0.7428489010019348,-0.7426771189220884,0.91035907161596,0.9969710850303981,,,,,,,,,,,,,
24868.497,-0.743448762548053,-1.2178453542096133,-0.7430087876582476,-0.74283305810084,0.9125022979575743,0.9991537567952105,,,,,,,,,,,,,
24868.892,-0.743519190831942,-1.2179957775052657,-0.7431813245725678,-0.7430013449432861,0.9126561684392396,0.9993501628476746,,,,,,,,,,,,,
24869.258,-0.743993946697165,-1.2181351570652872,-0.7433411772106311,-0.7431572689567751,0.9120110717953007,0.9987444461927406,,,,,,,,,,,,,
24869.681,-0.74471756009225,-1.2182962432780968,-0.7435259045503031,-0.7433374670959635,0.9109290502219753,0.997707898353875,,,,,,,,,,,,,
24870.075,-0.744058389270421,-1.2184462857552791,-0.7436979477100962,-0.7435053024035344,0.9124855727768685,0.9993067392467859,,,,,,,,,,,,,
24870.47,-0.743521825258604,-1.2185967090509298,-0.743870408495404,-0.7436735551242999,0.9138069935200831,1.0006705491263688,,,,,,,,,,,,,
24870.836,-0.744009557791481,-1.2187360886109513,-0.7440301905936835,-0.7438294474394829,0.9131369362434958,1.0000397361552507,,,,,,,,,,,,,
24871.259,-0.743730435331623,-1.218897174823761,-0.7442148364078562,-0.744009608846016,0.9139836780465581,1.0009317948781793,,,,,,,,,,,,,
24871.654,-0.742469267118768,-1.2190475981194133,-0.7443872400722995,-0.744177835725118,0.9166988756637646,1.0036892717595502,,,,,,,,,,,,,
24872.077,-0.744921356127138,-1.2192086843322247,-0.7445718436254651,-0.7443579779371146,0.9122921295945058,0.9993277613209851,,,,,,,,,,,,,
24872.471,-0.744458029493861,-1.219358726809407,-0.744743771485318,-0.7445257610093355,0.913471945665338,1.0005496739499784,,,,,,,,,,,,,
24872.894,-0.743773685633071,-1.2195198130222167,-0.7449283328291685,-0.7447058839465719,0.9150981312208034,1.0022210139463272,,,,,,,,,,,,,
24873.289,-0.744836338459377,-1.219670236317869,-0.7451006576146852,-0.7448740748059877,0.9133434568457817,1.0005084671115883,,,,,,,,,,,,,
24873.683,-0.745809927030695,-1.2198202787950496,-0.7452725271508598,-0.7450418311391833,0.91175936514575,0.9989663597839015,,,,,,,,,,,,,
24874.078,-0.744936912672146,-1.2199707020907002,-0.7454448138718632,-0.7452100044788048,0.9137279484528149,1.000976997414041,,,,,,,,,,,,,
24874.473,-0.746194429289082,-1.2201211253863526,-0.7456170815365155,-0.7453781690139217,0.9115984533900734,0.9988895200193644,,,,,,,,,,,,,
24874.896,-0.744576200479953,-1.220282211599164,-0.7458015394494097,-0.7455582442849552,0.9150209675372015,1.00235698965757,,,,,,,,,,,,,
24875.29,-0.745151023468876,-1.2204322540763446,-0.7459733316537651,-0.745725964840687,0.9142039018164404,1.001581759561153,,,,,,,,,,,,,
24875.657,-0.745524913976683,-1.2205720144548344,-0.746133334240298,-0.7458821839151141,0.913753552288686,1.0011703459429708,,,,,,,,,,,,,
24876.052,-0.744693814099602,-1.2207224377504868,-0.7463055257276991,-0.7460503130324707,0.9156415130505475,1.0031001778456694,,,,,,,,,,,,,
24876.446,-0.747361116032552,-1.2208724802276674,-0.7464772623031948,-0.7462180076250176,0.9107995620788935,0.9982999554960522,,,,,,,,,,,,,
24876.813,-0.745907126911043,-1.221012240606159,-0.7466372130730079,-0.746374202457667,0.9138651407670236,1.0014043704240918,,,,,,,,,,,,,
24877.208,-0.746415736140893,-1.2211626639018096,-0.7468093487903502,-0.7465423054215968,0.9131761697798835,1.0007571633039118,,,,,,,,,,,,,
24877.602,-0.746890716567983,-1.2213127063789901,-0.7469810297369932,-0.7467099738629023,0.9125511513223361,1.000173766466094,,,,,,,,,,,,,
24877.997,-0.746619743429936,-1.2214631296746425,-0.7471531273898435,-0.746878058868613,0.9133617077657437,1.0010260135592535,,,,,,,,,,,,,
24878.392,-0.747277595823787,-1.2216135529702932,-0.7473252059863142,-0.7470461348511308,0.9123856674098535,1.0000916271981057,,,,,,,,,,,,,
24878.787,-0.746375774413944,-1.2217639762659456,-0.7474972655264054,-0.7472142017887061,0.9144096611076482,1.002157238235633,,,,,,,,,,,,,
24879.182,-0.747284563707972,-1.2219143995615962,-0.7476693060101169,-0.7473822596596424,0.9129509433841744,1.0007401011968962,,,,,,,,,,,,,
24879.577,-0.747073106604917,-1.2220648228572468,-0.7478413274374631,-0.7475503084422954,0.9136470206773273,1.0014777225197908,,,,,,,,,,,,,
24879.971,-0.747328042859158,-1.2222148653344291,-0.7480128943834643,-0.7477179227097008,0.9134452573967938,1.0013173615782938,,,,,,,,,,,,,
24880.366,-0.747135947942345,-1.2223652886300798,-0.7481848777462972,-0.7478859532742103,0.9141040915061848,1.0020176665002039,,,,,,,,,,,,,
24880.761,-0.747477203349546,-1.2225157119257304,-0.7483568420527646,-0.7480539746858723,0.9137370257570318,1.0016920349085745,,,,,,,,,,,,,
24881.156,-0.747659344893178,-1.222666135221381,-0.7485287873028597,-0.7482219869232548,0.913676015676692,1.0016724223307345,,,,,,,,,,,,,
24881.551,-0.747376205521576,-1.2228165585170334,-0.7487007134965751,-0.7483899899649743,0.914509973881983,1.0025477413835295,,,,,,,,,,,,,
24881.918,-0.748369421040871,-1.222956318895525,-0.7488604354390773,-0.7485460756706541,0.9128683521020728,1.0009445156933547,,,,,,,,,,,,,
24882.313,-0.749086829428904,-1.2231067421911757,-0.7490323248708819,-0.7487140609126685,0.9117777557343912,0.9998952094614991,,,,,,,,,,,,,
24882.708,-0.749571071392509,-1.2232571654868263,-0.7492041952462998,-0.7488820368966869,0.9111356552071876,0.999294362415126,,,,,,,,,,,,,
24883.103,-0.748166300196601,-1.223407588782477,-0.7493760465653665,-0.7490500036015271,0.9141270732996907,1.0023269973334499,,,,,,,,,,,,,
24883.498,-0.748721554376376,-1.2235580120781293,-0.7495478788280465,-0.7492179610060608,0.913348380706744,1.0015894849113143,,,,,,,,,,,,,
24883.892,-0.749100416257833,-1.2237080545553098,-0.749719257088266,-0.7493854839159766,0.9129082463636867,1.001190389969553,,,,,,,,,,,,,
24884.287,-0.749860921612553,-1.2238584778509622,-0.7498910512864541,-0.7495534226803932,0.9117347529393515,1.0000580034988205,,,,,,,,,,,,,
24884.711,-0.749397962541522,-1.224019944882242,-0.7500754370168892,-0.7497336807059571,0.912935837144589,1.0013031718460483,,,,,,,,,,,,,
24885.106,-0.749084794961183,-1.2241703681778944,-0.7502471917032523,-0.7499016000329879,0.9138275546381164,1.0022359202920494,,,,,,,,,,,,,
24885.501,-0.749098494588053,-1.224320791473545,-0.7504189273332358,-0.7500695099533545,0.9140905427458312,1.0025399026972286,,,,,,,,,,,,,
24885.896,-0.749521065905333,-1.2244712147691956,-0.7505906439068468,-0.7502374104462363,0.9135670657658396,1.0020573833597055,,,,,,,,,,,,,
24886.291,-0.750076902859756,-1.224621638064848,-0.7507623414240712,-0.7504053014908632,0.9127872522052995,1.0013184907866246,,,,,,,,,,,,,
24886.686,-0.750038998189972,-1.2247720613604987,-0.7509340198849372,-0.7505731830665142,0.9131495012270029,1.0017216241407771,,,,,,,,,,,,,
24887.081,-0.749316030715428,-1.2249224846561493,-0.7511056792894237,-0.7507410551525182,0.9148294692091214,1.0034424398003496,,,,,,,,,,,,,
24887.476,-0.751699800866265,-1.2250729079518,-0.7512773196375377,-0.7509089177282573,0.9105336243963328,0.9991874060099909,,,,,,,,,,,,,
24887.871,-0.749673395945708,-1.2252233312474523,-0.7514489409292864,-0.7510767707731588,0.9147207555529727,1.0034153115340794,,,,,,,,,,,,,
24888.238,-0.750935712947556,-1.225363091625944,-0.7516083795830966,-0.7512327168150374,0.9125615168138991,1.001293923977944,,,,,,,,,,,,,
24888.633,-0.751007615641644,-1.2255135149215945,-0.7517799641129272,-0.7514005514159319,0.9127125512661323,1.0014856620859334,,,,,,,,,,,,,
24889.028,-0.750625552792271,-1.2256639382172452,-0.7519515295863712,-0.7515683764260173,0.9137367888755612,1.002550566696123,,,,,,,,,,,,,
24889.395,-0.75178574974379,-1.2258036985957368,-0.7521109163786548,-0.7517242963667411,0.9117739781510024,1.0006255073986081,,,,,,,,,,,,,
24889.791,-0.752295469677925,-1.2259545027098593,-0.7522828793159064,-0.7518925276317584,0.9110836032278021,0.9999758314933948,,,,,,,,,,,,,
24890.186,-0.751769836772598,-1.22610492600551,-0.7524543889228212,-0.7520603244077424,0.9123839979772246,1.001316785784093,,,,,,,,,,,,,
24890.581,-0.750846358508757,-1.2262553493011605,-0.7526258794733636,-0.7522281115130829,0.9144496486544019,1.0034229593475366,,,,,,,,,,,,,
24890.976,-0.752238212513943,-1.2264057725968112,-0.7527973509675476,-0.7523958889275975,0.9120617554968258,1.001075552421231,,,,,,,,,,,,,
24891.371,-0.751920003772885,-1.2265561958924618,-0.7529688034053308,-0.7525636566311473,0.9129631696678158,1.0020174161684818,,,,,,,,,,,,,
24891.767,-0.752287676017128,-1.2267070000065843,-0.7531406707711454,-0.7527318392950062,0.9125460236120324,1.0016407852986424,,,,,,,,,,,,,
24892.162,-0.752872855541321,-1.226857423302235,-0.7533120850479307,-0.7528995874916972,0.911709769590462,1.000844907450531,,,,,,,,,,,,,
24892.557,-0.753330669287396,-1.2270078465978873,-0.7534834802683648,-0.753067325917251,0.9111185037649668,1.0002939811434848,,,,,,,,,,,,,
24892.952,-0.751344561139825,-1.227158269893538,-0.7536548564324335,-0.7532350545517229,0.9152281240402096,1.0044439042821813,,,,,,,,,,,,,
24893.348,-0.752605693059595,-1.2273090740076587,-0.7538266473313868,-0.7534031979673657,0.9130924074436957,1.0023485557873608,,,,,,,,,,,,,
24893.743,-0.752028237819613,-1.2274594973033093,-0.7539979853344576,-0.7535709069351161,0.9144924825034099,1.0037888603077265,,,,,,,,,,,,,
24894.138,-0.752925776637931,-1.22760992059896,-0.7541693042811488,-0.7537386060521881,0.9130554050807287,1.0023919756906732,,,,,,,,,,,,,
24894.562,-0.754534300514276,-1.2277713876302432,-0.7543531798682253,-0.7539186062717672,0.9102719898547272,0.9996516633440459,,,,,,,,,,,,,
24894.929,-0.75297973333711,-1.227911148008733,-0.7545123186036022,-0.7540743991474546,0.913531030529142,1.00294797830719,,,,,,,,,,,,,
24895.324,-0.752680662155874,-1.2280615713043854,-0.7546835803329444,-0.7542420685690362,0.9143956335855072,1.0038526641113854,,,,,,,,,,,,,
24895.72,-0.753995905709327,-1.2282123754185061,-0.7548552565074615,-0.7544101525029467,0.9121558332098311,1.001653011164529,,,,,,,,,,,,,
24896.115,-0.753570510379294,-1.2283627987141585,-0.7550264800757986,-0.7545778020208214,0.9132634208872726,1.0028006081869987,,,,,,,,,,,,,
24896.511,-0.754167670549981,-1.2285136028282775,-0.7551981179927196,-0.7547458659613505,0.9124048545853962,1.0019821157253044,,,,,,,,,,,,,
24896.878,-0.753200108153689,-1.228653363206769,-0.7553571693658157,-0.7549016132265571,0.9145347910021648,1.0041491583891364,,,,,,,,,,,,,
24897.301,-0.754022158898586,-1.2288144494195805,-0.7555404697510468,-0.7550811150255864,0.9132634250922957,1.0029205214616321,,,,,,,,,,,,,
24897.697,-0.756179110279343,-1.2289652535337012,-0.7557120503057462,-0.7552491488421132,0.9094045989054649,0.9991016587785679,,,,,,,,,,,,,
24898.092,-0.755321451719684,-1.2291156768293536,-0.7558831784957292,-0.7554167482718093,0.9113436453186762,1.0010805310761794,,,,,,,,,,,,,
24898.488,-0.754865770028627,-1.2292664809434743,-0.7560547207928252,-0.755584761899988,0.9125102213452134,1.0022869970178316,,,,,,,,,,,,,
24898.883,-0.754901107973532,-1.2294169042391268,-0.7562258108218245,-0.7557523411536894,0.9127315881274881,1.0025481162817185,,,,,,,,,,,,,
24899.307,-0.754327603936762,-1.2295783712704065,-0.7564094406845641,-0.7559322124498039,0.9141453056800927,1.004004464062048,,,,,,,,,,,,,
24899.731,-0.754312144053807,-1.229739838301688,-0.7565930485900765,-0.7561120720800499,0.914485624768908,1.0043873711437858,,,,,,,,,,,,,
24900.098,-0.755220782975179,-1.2298795986801796,-0.7567519556293831,-0.7562677430304814,0.9130066861560244,1.0029452611513967,,,,,,,,,,,,,
24900.522,-0.756073215091935,-1.230041065711461,-0.7569355225721992,-0.7564475808341826,0.9116776141530077,1.0016586983494031,,,,,,,,,,,,,
24900.917,-0.755929598464744,-1.2301914890071117,-0.7571065144729303,-0.7566151078541609,0.9122432002259274,1.0022638481538566,,,,,,,,,,,,,
24901.341,-0.755452765982409,-1.2303529560383932,-0.7572900390030597,-0.7567949229724794,0.9134709699510855,1.0035340454990878,,,,,,,,,,,,,
24901.737,-0.755614923081947,-1.230503760152514,-0.7574614241586346,-0.7569628528704015,0.9134491324727729,1.0035517956735969,,,,,,,,,,,,,
24902.16,-0.755779125152155,-1.2306648463653254,-0.7576444735094086,-0.7571422211636042,0.9134431391180894,1.0035880484356055,,,,,,,,,,,,,
24902.556,-0.756029444962899,-1.230815650479446,-0.7578158190531141,-0.7573101297520465,0.913251720580419,1.0034361413571986,,,,,,,,,,,,,
24902.952,-0.75585071464731,-1.2309664545935686,-0.7579871454438631,-0.7574780280079552,0.9138855803712634,1.0041094757664757,,,,,,,,,,,,,
24903.347,-0.756354472261891,-1.2311168778892192,-0.7581580201117148,-0.7576454919661535,0.9132059414707351,1.0034691750996099,,,,,,,,,,,,,
24903.771,-0.756369313889479,-1.2312783449205007,-0.758341418801983,-0.7578252392641278,0.9134879755750288,1.0037933947705735,,,,,,,,,,,,,
24904.167,-0.756635877589316,-1.2314291490346214,-0.758512686427899,-0.7579931057003415,0.9132653119011462,1.003610092680749,,,,,,,,,,,,,
24904.534,-0.75772457134995,-1.231568909413113,-0.7586713946272496,-0.7581486695943109,0.9114400376326682,1.0018212645633708,,,,,,,,,,,,,
24904.93,-0.757542243585417,-1.2317197135272338,-0.7588426253498,-0.7583165159580323,0.9120808171199949,1.0025013346510385,,,,,,,,,,,,,
24905.325,-0.757517626516049,-1.2318701368228844,-0.7590134045910517,-0.7584839280618288,0.9124175074295846,1.002877179640866,,,,,,,,,,,,,
24905.721,-0.758161302784571,-1.2320209409370069,-0.7591845970559987,-0.7586517535433539,0.9114694673690236,1.0019683565920088,,,,,,,,,,,,,
24906.117,-0.757139933619159,-1.2321717450511276,-0.7593557703679608,-0.7588195685427349,0.913724143793725,1.0042622131875691,,,,,,,,,,,,,
24906.513,-0.759509530950371,-1.2323225491652483,-0.7595269245269449,-0.7589873730414546,0.909456292917737,1.000033505641609,,,,,,,,,,,,,
24906.908,-0.758216754349981,-1.232472972460899,-0.7596976273979621,-0.7591547433121291,0.9122322892986062,1.002848509804315,,,,,,,,,,,,,
24907.304,-0.758089956798242,-1.2326237765750214,-0.7598687432993501,-0.7593225267807725,0.9127662563684966,1.0034215466155958,,,,,,,,,,,,,
24907.7,-0.758745241040248,-1.2327745806891421,-0.760039840047753,-0.7594902996935022,0.9117958883598292,1.0024902115075023,,,,,,,,,,,,,
24908.096,-0.759022409159012,-1.2329253848032646,-0.7602109176431782,-0.7596580620319731,0.9115528270759978,1.0022861462833856,,,,,,,,,,,,,
24908.491,-0.758623386390307,-1.2330758080989153,-0.7603815441439679,-0.7598253901757183,0.9126096871064887,1.0033818671973123,,,,,,,,,,,,,
24908.915,-0.758127023133215,-1.2332372751301968,-0.7605646764473235,-0.7600049914216911,0.9138750242955788,1.0046888775568599,,,,,,,,,,,,,
24909.311,-0.760096206829259,-1.2333880792443175,-0.7607356952779085,-0.7601727212023743,0.910377369429947,1.001230105716568,,,,,,,,,,,,,
24909.707,-0.759567218011492,-1.2335388833584382,-0.7609066949555015,-0.7603404403346095,0.9116849517848503,1.0025765342559945,,,,,,,,,,,,,
24910.103,-0.758592431252577,-1.233689687472559,-0.7610776754801236,-0.760508148800272,0.9138500269060853,1.004780418720908,,,,,,,,,,,,,
24910.499,-0.759573460376323,-1.2338404915866796,-0.7612486368517395,-0.7606758465812763,0.9122530883057225,1.0032222526233925,,,,,,,,,,,,,
24910.895,-0.760482613566762,-1.2339912957008021,-0.7614195790703846,-0.7608435336595802,0.9107944031318491,1.0018023031115357,,,,,,,,,,,,,
24911.29,-0.7604752185237,-1.2341417189964528,-0.7615900705362719,-0.7610107866055567,0.9110979668573612,1.0021444679803357,,,,,,,,,,,,,
24911.658,-0.760146593071511,-1.2342818601934145,-0.7617488910080894,-0.761166597458134,0.9119996399555126,1.0030820706802663,,,,,,,,,,,,,
24912.082,-0.760425209355224,-1.2344433272246942,-0.7619318593053706,-0.7613461071412062,0.9117743032563704,1.0028980916852586,,,,,,,,,,,,,
24912.478,-0.762204168799302,-1.2345941313388167,-0.7621027249604424,-0.7615137512563704,0.9086425449214028,0.9998049217419942,,,,,,,,,,,,,
24912.874,-0.761691014865323,-1.2347449354529374,-0.7622735714625364,-0.7616813845793053,0.9099196688621891,1.001120597233653,,,,,,,,,,,,,
24913.27,-0.760469957723643,-1.23489573956706,-0.7624443988116383,-0.7618490070922227,0.9125584453003044,1.0037978883818242,,,,,,,,,,,,,
24913.694,-0.760871081801735,-1.2350572065983396,-0.7626272836299606,-0.7620284696983184,0.9120974647414603,1.0033781049550572,,,,,,,,,,,,,
24914.09,-0.762081684995695,-1.2352080107124621,-0.762798071318862,-0.7621960697704806,0.9100589401973908,1.0013780188344472,,,,,,,,,,,,,
24914.486,-0.762094103803531,-1.2353588148265828,-0.7629688398547643,-0.7623636589782619,0.9103251244664345,1.0016826046861194,,,,,,,,,,,,,
24914.882,-0.761044537098304,-1.2355096189407035,-0.7631395892376815,-0.7625312373040434,0.9126340388859493,1.0040298838474317,,,,,,,,,,,,,
24915.306,-0.761044620903772,-1.235671085971985,-0.7633223905770521,-0.7627106525190553,0.912944459675211,1.004381341196728,,,,,,,,,,,,,
24915.674,-0.762643908182253,-1.235811227168945,-0.7634810305445754,-0.7628663612393336,0.910137790791313,1.0016102547138983,,,,,,,,,,,,,
24916.07,-0.762199436713793,-1.2359620312830675,-0.7636517224685448,-0.7630339068138121,0.9112828039439624,1.0027935220858386,,,,,,,,,,,,,
24916.466,-0.762822845806295,-1.2361128353971882,-0.7638223952395222,-0.7632014414362258,0.9103737478158637,1.0019226833362,,,,,,,,,,,,,
24916.834,-0.762922404993804,-1.23625297659415,-0.7639809830693522,-0.7633571203431435,0.9104518073498742,1.0020362249842254,,,,,,,,,,,,,
24917.23,-0.762331715834353,-1.2364037807082706,-0.7641516188886186,-0.7635246337866456,0.9118780703710407,1.0035006343070827,,,,,,,,,,,,,
24917.626,-0.762767122230991,-1.2365545848223913,-0.7643222355549071,-0.7636921362271886,0.911330637608315,1.002991311005231,,,,,,,,,,,,,
24917.994,-0.763767972391445,-1.236694726019353,-0.7644807712470225,-0.7638477851822018,0.9096750630935222,1.0013711183173999,,,,,,,,,,,,,
24918.39,-0.763588539038174,-1.2368455301334738,-0.7646513509615929,-0.7640152663459792,0.9103102751780171,1.0020443687859997,,,,,,,,,,,,,
24918.786,-0.763654065638205,-1.2369963342475963,-0.7648219115231711,-0.7641827364562508,0.9104743065579645,1.002246401709221,,,,,,,,,,,,,
24919.182,-0.76378558556109,-1.237147138361717,-0.7649924529317786,-0.7643501954958403,0.9105113997182573,1.0023214595719425,,,,,,,,,,,,,
24919.578,-0.763312124025283,-1.2372979424758377,-0.765162975187387,-0.7645176434476117,0.9117121752931826,1.0035601630084803,,,,,,,,,,,,,
24919.974,-0.76482130727015,-1.2374487465899584,-0.7653334782900387,-0.7646850802944676,0.9090993317355126,1.0009852104715775,,,,,,,,,,,,,
24920.371,-0.765032794989401,-1.2375999315225492,-0.7655043927304774,-0.7648529287974959,0.9089833392676746,1.0009071677283963,,,,,,,,,,,,,
24920.767,-0.764781898951308,-1.2377507356366717,-0.7656748574787713,-0.7650203433552454,0.9097560098948028,1.0017176556016059,,,,,,,,,,,,,
24921.163,-0.764175829227998,-1.2379015397507924,-0.7658453030740802,-0.7651877467569884,0.9112118574452679,1.003211283557293,,,,,,,,,,,,,
24921.559,-0.763606232117358,-1.238052343864915,-0.7660157295164183,-0.7653551389857876,0.9125975498903691,1.0046347195667997,,,,,,,,,,,,,
24921.955,-0.765969854776078,-1.2382031479790356,-0.7661861368057572,-0.7655225200247459,0.908341191302636,1.000416067702627,,,,,,,,,,,,,
24922.38,-0.765786140632789,-1.2383649958287872,-0.7663690021085472,-0.7657021462978058,0.9090058801268789,1.0011211836148797,,,,,,,,,,,,,
24922.776,-0.766115780292871,-1.238515799942908,-0.7665393696893048,-0.7658695040839626,0.9086618897831149,1.0008148236150836,,,,,,,,,,,,,
24923.172,-0.765263280301361,-1.2386666040570287,-0.7667097181170988,-0.7660368506285924,0.910591746190244,1.0027822735253213,,,,,,,,,,,,,
24923.569,-0.766419047734731,-1.2388177889896195,-0.766880477492073,-0.7662046084645506,0.9086594307888236,1.0008876095796142,,,,,,,,,,,,,
24923.937,-0.765437117053365,-1.2389579301865812,-0.7670387460683656,-0.7663601018295533,0.9108177371203708,1.0030807839398674,,,,,,,,,,,,,
24924.333,-0.765653688510463,-1.239108734300702,-0.7672090383430756,-0.7665274153197486,0.9106912335732288,1.0029917658852239,,,,,,,,,,,,,
24924.701,-0.766578817953832,-1.2392488754976636,-0.767367272580401,-0.7666828884273783,0.9091813079301977,1.0015166422197557,,,,,,,,,,,,,
24925.097,-0.766026684027329,-1.239399679611786,-0.7675375279034071,-0.7668501800879773,0.910533409923903,1.0029061586292043,,,,,,,,,,,,,
24925.494,-0.766390745903291,-1.2395508645443751,-0.767708193938482,-0.7670178828201881,0.910123940919647,1.0025341615410217,,,,,,,,,,,,,
24925.89,-0.766644449628255,-1.2397016686584976,-0.7678784109071586,-0.7671851517574308,0.9099260134197406,1.0023735746821583,,,,,,,,,,,,,
24926.286,-0.766507205366413,-1.2398524727726183,-0.768048608722836,-0.7673524093225742,0.9104800747465056,1.0029649398091216,,,,,,,,,,,,,
24926.683,-0.767168976074093,-1.2400036577052092,-0.7682192171053899,-0.7675200778235842,0.9094979625195998,1.0020201886034437,,,,,,,,,,,,,
24927.107,-0.767600932774462,-1.2401651247364907,-0.7684014073187981,-0.7676991368130869,0.908977675382309,1.001539762523143,,,,,,,,,,,,,
24927.504,-0.767468982831794,-1.2403163096690815,-0.7685719758924847,-0.7678667815910305,0.9095222855857691,1.0021216571753264,,,,,,,,,,,,,
24927.9,-0.767806670094236,-1.240467113783204,-0.7687420956452513,-0.7680339926366642,0.9091628156711691,1.001799340906632,,,,,,,,,,,,,
24928.296,-0.767382704561052,-1.240617917897323,-0.7689121962450258,-0.7682011922271733,0.9102683856376885,1.002942027678212,,,,,,,,,,,,,
24928.721,-0.76792588144813,-1.2407797657470763,-0.769094732398635,-0.7683806234694642,0.9095348988695439,1.002248334878451,,,,,,,,,,,,,
24929.118,-0.767846740784529,-1.240930950679667,-0.7692652227122849,-0.7685482214056716,0.9099779303741914,1.0027285002983408,,,,,,,,,,,,,
24929.542,-0.768394435328775,-1.2410924177109486,-0.7694472868269102,-0.7687272049202861,0.9092350213834666,1.0020252098131552,,,,,,,,,,,,,
24929.911,-0.768253772056949,-1.2412329397263786,-0.7696057162645857,-0.7688829604842322,0.9097758815525381,1.002600514922524,,,,,,,,,,,,,
24930.335,-0.769475103171961,-1.24139440675766,-0.7697877393129531,-0.7690619192777681,0.9077372319734182,1.0006014048578509,,,,,,,,,,,,,
24930.732,-0.768404250888588,-1.241545591690251,-0.7699581513665521,-0.7692294701030506,0.910087821727554,1.002988977993748,,,,,,,,,,,,,
24931.128,-0.769271876361862,-1.2416963958043734,-0.7701281149934829,-0.7693965873009031,0.9087090151573806,1.0016470247608527,,,,,,,,,,,,,
24931.525,-0.768415665208013,-1.2418475807369642,-0.7702984885958912,-0.7695641148815155,0.9106467424935113,1.0036216615177405,,,,,,,,,,,,,
24931.921,-0.76975072718676,-1.241998384851085,-0.7704684138684783,-0.769731208861254,0.9083688213578199,1.0013805199446266,,,,,,,,,,,,,
24932.318,-0.770376128423165,-1.2421495697836757,-0.770638749019696,-0.7698987131331215,0.9074566658437091,1.0005051998902827,,,,,,,,,,,,,
24932.715,-0.770584649453985,-1.2423007547162683,-0.7708090649210888,-0.7700662057119447,0.9073463798039103,1.0004317122831015,,,,,,,,,,,,,
24933.083,-0.769655167210826,-1.2424408959132283,-0.770966922418566,-0.7702214528595843,0.9094038015143809,1.0025232113106823,,,,,,,,,,,,,
24933.479,-0.771644075960207,-1.242591700027349,-0.7711367723367388,-0.7703885010374737,0.905868205489783,0.9990242499041685,,,,,,,,,,,,,
24933.876,-0.770008092923823,-1.2427428849599416,-0.7713070319432589,-0.7705559593293885,0.9093058247880488,1.0024985593516784,,,,,,,,,,,,,
24934.273,-0.770510943258321,-1.2428940698925324,-0.7714772722999399,-0.7707234058658835,0.9086293960510113,1.00185878373675,,,,,,,,,,,,,
24934.669,-0.770100887515734,-1.2430448740066549,-0.7716470646624316,-0.770890418895917,0.9097082105220156,1.002974122117283,,,,,,,,,,,,,
24935.037,-0.77118970954988,-1.2431850152036148,-0.7718048343348514,-0.7710456124110354,0.9078834220240026,1.0011832420045608,,,,,,,,,,,,,
24935.434,-0.77162700655282,-1.2433362001362056,-0.7719750183966667,-0.7712130244790355,0.9073330851829375,1.000669450002217,,,,,,,,,,,,,
24935.831,-0.772139911006791,-1.2434873850687964,-0.7721451832086359,-0.7713804247298024,0.9066373173374741,1.000010189968354,,,,,,,,,,,,,
24936.227,-0.771278163155758,-1.2436381891829171,-0.7723149002167133,-0.771547391529262,0.908584962011244,1.001994213607159,,,,,,,,,,,,,
24936.624,-0.772362445635553,-1.2437893741155097,-0.7724850265775061,-0.7717147681284846,0.9067901479864244,1.0002358334329213,,,,,,,,,,,,,
24937.021,-0.771109389039982,-1.2439405590481005,-0.7726551336884526,-0.7718821328636398,0.9094912079094039,1.002973290179376,,,,,,,,,,,,,
24937.418,-0.772097217081446,-1.244091743980693,-0.7728252215495459,-0.7720494857191746,0.9078819240890005,1.0014003661552984,,,,,,,,,,,,,
24937.814,-0.774590603362141,-1.244242548094812,-0.7729948618005977,-0.7722164051807722,0.9033759650502388,0.9969306384391187,,,,,,,,,,,,,
24938.211,-0.773160548846453,-1.2443937330274046,-0.7731649112105217,-0.772383734260571,0.9064174806419161,1.0000084398661173,,,,,,,,,,,,,
24938.608,-0.771995521558522,-1.2445449179599954,-0.7733349413706065,-0.7725510514143435,0.9089492161074247,1.0025764241398263,,,,,,,,,,,,,
24938.976,-0.772292691194728,-1.2446850591569554,-0.7734925339995655,-0.7727061357437505,0.9086471717542922,1.0023079476282635,,,,,,,,,,,,,
24939.373,-0.772349364197768,-1.244836244089548,-0.7736625270661364,-0.7728734298732141,0.9088289655412143,1.0025259188738533,,,,,,,,,,,,,
24939.77,-0.772525131746301,-1.2449874290221388,-0.7738325008828753,-0.7730407120316458,0.9087816808559293,1.0025147746201153,,,,,,,,,,,,,
24940.166,-0.773318106512455,-1.2451382331362613,-0.7740020273767882,-0.7732075608833636,0.9075464649923259,1.0013155712668902,,,,,,,,,,,,,
24940.563,-0.773742914136761,-1.2452894180688503,-0.7741719627423365,-0.7733748190840948,0.9070201514830097,1.0008253242281167,,,,,,,,,,,,,
24940.96,-0.773618786914223,-1.2454406030014429,-0.7743418788580385,-0.7735420652680187,0.9075497146768184,1.0013909168653328,,,,,,,,,,,,,
24941.357,-0.77466994477974,-1.2455917879340337,-0.7745117757238944,-0.7737092994199325,0.9058186158792524,0.9996958104840389,,,,,,,,,,,,,
24941.754,-0.774411346163492,-1.2457429728666245,-0.7746816533399183,-0.7738765215246692,0.9066068349275195,1.0005199849214574,,,,,,,,,,,,,
24942.179,-0.774679762309076,-1.245904820716376,-0.774863490914548,-0.7740555242629374,0.9064018507085227,1.0003534509516105,,,,,,,,,,,,,
24942.548,-0.772962078130588,-1.2460453427318061,-0.775021350822442,-0.7742109295321169,0.9099761121004318,1.0039610617912529,,,,,,,,,,,,,
24942.973,-0.77376616790306,-1.2462071905815595,-0.7752031471820615,-0.7743899063946987,0.9087407591475938,1.0027640798103221,,,,,,,,,,,,,
24943.37,-0.775509707255237,-1.2463583755141503,-0.7753729464410526,-0.7745570793052572,0.9056778638979753,0.9997369892298283,,,,,,,,,,,,,
24943.767,-0.775346767756107,-1.246509560446741,-0.7755427264502117,-0.7747242400922707,0.9062820825429406,1.000376975516783,,,,,,,,,,,,,
24944.135,-0.776507948257155,-1.246649701643701,-0.7757000872012654,-0.7748791793011666,0.90431811246461,0.9984461272619871,,,,,,,,,,,,,
24944.532,-0.775252789579112,-1.2468008865762936,-0.7758698301169176,-0.7750463166845368,0.9070232157452389,1.0011869268350873,,,,,,,,,,,,,
24944.929,-0.776299904509731,-1.2469520715088844,-0.7760395537827165,-0.7752134419006793,0.9052998935368175,0.9994992638920019,,,,,,,,,,,,,
24945.298,-0.776162543254869,-1.2470925935243145,-0.7761972897524458,-0.7753687690246381,0.9058344022730993,1.0000668836804594,,,,,,,,,,,,,
24945.695,-0.775890186284015,-1.247243778456907,-0.7763669762762504,-0.7755358707225091,0.9066490855296183,1.0009171547595588,,,,,,,,,,,,,
24946.092,-0.777041206562847,-1.2473949633894978,-0.7765366435502088,-0.7757029602097255,0.9047259012844937,0.999029521309851,,,,,,,,,,,,,
24946.46,-0.77668260087417,-1.2475351045864596,-0.7766938998011241,-0.7758578332494995,0.9056852413962145,1.0000217822387056,,,,,,,,,,,,,
24946.857,-0.775834069841241,-1.2476862895190504,-0.7768635299815756,-0.7760248991657823,0.907608196012407,1.0019802163008107,,,,,,,,,,,,,
24947.226,-0.77736558272988,-1.2478268115344804,-0.7770211790593606,-0.7761801711079708,0.9049326237369075,0.999337587940555,,,,,,,,,,,,,
24947.623,-0.777659331468885,-1.247977996467073,-0.7771907720978035,-0.7763472133678457,0.90465840211887,0.999098774325632,,,,,,,,,,,,,
24948.02,-0.775400830250065,-1.2481291813996638,-0.7773603458864144,-0.7765142433457135,0.9092934357366654,1.0037691789194207,,,,,,,,,,,,,
24948.417,-0.776960504531105,-1.2482803663322564,-0.7775299004251721,-0.7766812610269794,0.9065842051273023,1.001095282258916,,,,,,,,,,,,,
24948.814,-0.776680959104618,-1.2484315512648454,-0.7776994357140978,-0.7768482663970814,0.9074127153851024,1.0019590894384536,,,,,,,,,,,,,
24949.211,-0.777244547466854,-1.248582736197438,-0.7778689517531916,-0.7770152594414942,0.9066194569936009,1.00120109094154,,,,,,,,,,,,,
24949.608,-0.77801906968487,-1.2487339211300288,-0.7780384485424463,-0.777182240145722,0.9054204671286845,1.0000373239440767,,,,,,,,,,,,,
24950.005,-0.777185286447092,-1.2488851060626196,-0.7782079260818549,-0.777349208495303,0.9073150543467938,1.001967097002518,,,,,,,,,,,,,
24950.431,-0.777831063787002,-1.2490473347308413,-0.778389762182222,-0.7775283597675636,0.9063849480141483,1.0010747055774498,,,,,,,,,,,,,
24950.828,-0.77835325177179,-1.249198519663432,-0.7785591998158026,-0.777695302459449,0.9056713232882758,1.000396189932873,,,,,,,,,,,,,
24951.225,-0.776655781200914,-1.249349704596023,-0.7787286181995441,-0.7778622327524509,0.909227213917964,1.0039871526167359,,,,,,,,,,,,,
24951.594,-0.779600277559298,-1.2494902266114547,-0.7788860704184444,-0.7780173784937402,0.9038337665864891,0.9986262705416653,,,,,,,,,,,,,
24951.991,-0.778662262872415,-1.2496414115440473,-0.7790554516601631,-0.7781842848229962,0.9059288430966824,1.0007563476632493,,,,,,,,,,,,,
24952.388,-0.779488253146035,-1.2497925964766363,-0.7792248136520712,-0.7783511787114875,0.9046308543775643,0.9994933225283864,,,,,,,,,,,,,
24952.786,-0.779739999851241,-1.249944162227699,-0.7793945829258462,-0.7785184804855033,0.9044381562164178,0.9993356388538247,,,,,,,,,,,,,
24953.154,-0.780128403734965,-1.250084303424659,-0.779551538306265,-0.7786731604225738,0.9039606227008926,0.9988904474299426,,,,,,,,,,,,,
24953.523,-0.780205749144087,-1.2502248254400907,-0.7797089035881442,-0.7788282499164438,0.9040821429635759,0.999044365725398,,,,,,,,,,,,,
24953.949,-0.779183901058962,-1.2503870541083124,-0.7798905566462153,-0.7790072828981099,0.9063597157315478,1.0013593013183817,,,,,,,,,,,,,
24954.318,-0.779811938182983,-1.2505275761237424,-0.7800478860986857,-0.7791623491202115,0.9054219799537249,1.0004538946553465,,,,,,,,,,,,,
24954.743,-0.781048251668748,-1.250689423973494,-0.7802290715001448,-0.7793409350197916,0.9033552442748181,0.9984243547681309,,,,,,,,,,,,,
24955.141,-0.780418217562,-1.250840989724555,-0.7803987262964398,-0.7795081624330918,0.9048586523491382,0.9999625571311883,,,,,,,,,,,,,
24955.538,-0.779629785043935,-1.2509921746571475,-0.7805679355503372,-0.77967495710841,0.906666007414492,1.0018045819886852,,,,,,,,,,,,,
24955.935,-0.780066268315049,-1.2511433595897383,-0.7807371255543885,-0.7798417392169463,0.9061172357873729,1.0012904431265595,,,,,,,,,,,,,
24956.361,-0.779814745128236,-1.25130558825796,-0.780918653115549,-0.7800206904082571,0.9069130878764046,1.002123416646882,,,,,,,,,,,,,
24956.758,-0.781452727266415,-1.2514567731905508,-0.7810878032137438,-0.7801874464208667,0.9040532320289072,0.9992981168053559,,,,,,,,,,,,,
24957.156,-0.780866113783618,-1.2516083389416117,-0.7812573600601027,-0.7803546098165757,0.9054731204915132,1.0007526111496279,,,,,,,,,,,,,
24957.581,-0.781615759979262,-1.2517701867913615,-0.7814383981464061,-0.7805330994349858,0.9043424898107879,0.9996588928993766,,,,,,,,,,,,,
24957.979,-0.781056717783019,-1.2519217525424242,-0.7816079149864024,-0.7807002365804507,0.9057093448773309,1.0010602768952106,,,,,,,,,,,,,
24958.405,-0.782989942384467,-1.2520839812106441,-0.7817893361978108,-0.7808791180285058,0.9023028325053006,0.9976906813902973,,,,,,,,,,,,,
24958.774,-0.781277245659357,-1.2522245032260777,-0.7819464648253529,-0.7810340528472919,0.9058675005258721,1.0012872922381746,,,,,,,,,,,,,
24959.199,-0.780631699234197,-1.2523863510758275,-0.7821274189243965,-0.781212487234801,0.9074205241861656,1.0028770667791074,,,,,,,,,,,,,
24959.597,-0.782150958720516,-1.2525379168268902,-0.782296857112776,-0.7813795725999743,0.9047897639778082,1.0002806842133705,,,,,,,,,,,,,
24959.994,-0.780877669706114,-1.2526891017594792,-0.7824658503029909,-0.7815462254287894,0.9075297409777637,1.003054915406195,,,,,,,,,,,,,
24960.363,-0.783819412298774,-1.252829623774911,-0.7826229073168207,-0.7817011129986849,0.9021415905172934,0.9976985700237482,,,,,,,,,,,,,
24960.761,-0.781348504067434,-1.252981189525972,-0.7827922889226997,-0.7818681609719911,0.9071859217315912,1.002777170044022,,,,,,,,,,,,,
24961.158,-0.782201206461175,-1.2531323744585627,-0.7829612256725795,-0.7820347764629758,0.9058365522238658,1.0014619461659804,,,,,,,,,,,,,
24961.556,-0.783493799275889,-1.2532839402096254,-0.7831305686332044,-0.7822017988307782,0.9036417855752124,0.9993013739890078,,,,,,,,,,,,,
24961.953,-0.781345571665626,-1.2534351251422162,-0.7832994668349045,-0.7823683887534828,0.90806470780144,1.0037583676973973,,,,,,,,,,,,,
24962.351,-0.78338432268931,-1.2535866908932771,-0.7834687711502824,-0.7825353854614823,0.9044347051239149,1.0001624851572295,,,,,,,,,,,,,
24962.748,-0.782722601575676,-1.253737875825868,-0.7836376308038169,-0.78270194976187,0.9059983306816064,1.0017601080495466,,,,,,,,,,,,,
24963.146,-0.783482284741793,-1.2538894415769306,-0.7838068964739122,-0.7828689207560201,0.9048286162519104,1.0006244394229127,,,,,,,,,,,,,
24963.543,-0.782966011587276,-1.2540406265095214,-0.7839757175792954,-0.7830354593802991,0.9061124725210777,1.0019422188791696,,,,,,,,,,,,,
24963.941,-0.783045961086736,-1.2541921922605823,-0.7841449446041295,-0.7832024046067909,0.9062502264495536,1.0021139442764124,,,,,,,,,,,,,
24964.338,-0.784022336905734,-1.2543433771931731,-0.7843137271613472,-0.783368917501411,0.9046629709900172,1.0005605378564155,,,,,,,,,,,,,
24964.708,-0.784820063928543,-1.2544842800270732,-0.7844710134735138,-0.783524094256169,0.9033995690342101,0.99932864952898,,,,,,,,,,,,,
24965.134,-0.785500731532397,-1.254646508695295,-0.7846520845735583,-0.7837027433650625,0.9024023512454856,0.9983676751668905,,,,,,,,,,,,,
24965.531,-0.784012436488162,-1.2547976936278857,-0.7848208092842768,-0.7838692175490689,0.9055558925495434,1.0015549542425646,,,,,,,,,,,,,
24965.929,-0.785207200237499,-1.2549492593789484,-0.7849899396716538,-0.7840360981063031,0.9035493002017443,0.9995821474810054,,,,,,,,,,,,,
24966.327,-0.786124204065451,-1.2551008251300093,-0.7851590507120818,-0.784202965676766,0.9020769793284829,0.9981435749801038,,,,,,,,,,,,,
24966.696,-0.784437182593874,-1.255241347145441,-0.7853158223075383,-0.7843576629415254,0.9055922609743146,1.0016901127006843,,,,,,,,,,,,,
24967.093,-0.785701497592651,-1.255392532078032,-0.7854844712796165,-0.7845240862614308,0.9034511542269769,0.9995825980413627,,,,,,,,,,,,,
24967.491,-0.785026694268415,-1.2555440978290928,-0.7856535257375441,-0.7846909157745856,0.9050406759339698,1.0012057592840566,,,,,,,,,,,,,
24967.889,-0.785520321970987,-1.2556956635801537,-0.785822560848537,-0.7848577322491626,0.9043827194429577,1.0005814051148514,,,,,,,,,,,,,
24968.287,-0.785694541861249,-1.2558472293312146,-0.7859915766126022,-0.7850245356720377,0.9043391441845292,1.0005713949643213,,,,,,,,,,,,,
24968.684,-0.786096024139873,-1.2559984142638072,-0.7861601484398548,-0.7851909069752435,0.9038576969999564,1.0001233914794407,,,,,,,,,,,,,
24969.11,-0.785865599711979,-1.2561606429320271,-0.7863410126677266,-0.7853694168728995,0.904612965606017,1.0009145055928,,,,,,,,,,,,,
24969.508,-0.785876678080357,-1.2563122086830898,-0.7865099690784945,-0.785536180173651,0.9048831932210275,1.0012181841494252,,,,,,,,,,,,,
24969.906,-0.785026503846358,-1.256463774434149,-0.7866789061423418,-0.7857029303696043,0.9068100410407388,1.0031784456968715,,,,,,,,,,,,,
24970.304,-0.786785596479536,-1.2566153401852116,-0.786847823859226,-0.7858696674477846,0.9037179615449287,1.0001197427148736,,,,,,,,,,,,,
24970.73,-0.787348951181218,-1.2567775688534315,-0.7870286037981415,-0.786048120223463,0.9029463952357724,0.9993838597828948,,,,,,,,,,,,,
24971.128,-0.787385944168021,-1.2569291346044942,-0.7871974814600762,-0.7862148301021143,0.9031667760574476,0.9996375400725281,,,,,,,,,,,,,
24971.525,-0.787001556991405,-1.257080319537085,-0.7873659155321917,-0.7863811080038434,0.9041969495219354,1.0007008922641951,,,,,,,,,,,,,
24971.923,-0.786372235061819,-1.257231885288146,-0.7875347545488651,-0.7865477915878657,0.905698987722803,1.0022361555986972,,,,,,,,,,,,,
24972.321,-0.787350721443666,-1.2573834510392068,-0.7877035742185825,-0.7867144619887942,0.9041084050982988,1.0006787608939334,,,,,,,,,,,,,
24972.719,-0.788035010396153,-1.2575350167902695,-0.7878723745413794,-0.786881119193826,0.9030837115106565,0.9996872180121372,,,,,,,,,,,,,
24973.088,-0.786884971232039,-1.2576755388056995,-0.7880288580594197,-0.7870356212348757,0.9055661071743016,1.002200315632571,,,,,,,,,,,,,
24973.515,-0.788160843602666,-1.2578381482923913,-0.7882099171461618,-0.7872143939651361,0.9034247449518966,1.0000944412233446,,,,,,,,,,,,,
24973.884,-0.78657114934486,-1.2579786703078213,-0.7883663647897308,-0.7873688714791679,0.9067528176089148,1.0034531468324808,,,,,,,,,,,,,
24974.282,-0.78848629540455,-1.2581302360588822,-0.7885350891344771,-0.7875354767388212,0.9033605691978959,1.0000939029832476,,,,,,,,,,,,,
24974.68,-0.789072878134687,-1.2582818018099449,-0.7887037941322887,-0.7877020687399221,0.9025238136224277,0.9992901147556711,,,,,,,,,,,,,
24975.078,-0.788309575853818,-1.2584333675610058,-0.7888724797831586,-0.7878686474698384,0.9042835631571788,1.0010827944244054,,,,,,,,,,,,,
24975.476,-0.787641267454917,-1.2585849333120667,-0.7890411460871007,-0.7880352129159651,0.9058605918690755,1.002692716056377,,,,,,,,,,,,,
24975.874,-0.78844291225161,-1.2587364990631276,-0.789209793044094,-0.7882017650657299,0.9046101642028149,1.0014751440962968,,,,,,,,,,,,,
24976.243,-0.789214203945132,-1.2588770210785594,-0.7893661343712424,-0.7883561696167375,0.9033968781234962,1.0002922864690704,,,,,,,,,,,,,
24976.641,-0.789738377246947,-1.2590285868296203,-0.789534744044083,-0.7885226961072411,0.9026801671431146,0.9996083594786258,,,,,,,,,,,,,
24977.039,-0.789085574552497,-1.2591801525806812,-0.7897033343699746,-0.7886892092647334,0.9042273706176642,1.001188309729204,,,,,,,,,,,,,
24977.437,-0.789830209870742,-1.2593317183317438,-0.7898719053489245,-0.7888557090767491,0.9030866007377475,1.0000802494114218,,,,,,,,,,,,,
24977.864,-0.788697445379859,-1.2594943278184338,-0.7900527376250395,-0.7890343259309328,0.9055782538230065,1.0026069540388223,,,,,,,,,,,,,
24978.262,-0.789495511824432,-1.2596458935694947,-0.7902212685004457,-0.7892007980400065,0.9043347091204723,1.0013960417590326,,,,,,,,,,,,,
24978.66,-0.791043091862733,-1.2597974593205556,-0.7903897800288746,-0.7893672567654764,0.9016494743032775,0.9987434021507022,,,,,,,,,,,,,
24979.086,-0.790677040309371,-1.2599596879887773,-0.7905701252032671,-0.7895454113119771,0.9026656218149454,0.9997943967684064,,,,,,,,,,,,,
24979.484,-0.791963805197607,-1.2601112537398382,-0.7907385966767535,-0.7897118422894491,0.9004820651884452,0.9976433583048739,,,,,,,,,,,,,
24979.882,-0.7917417736644,-1.260262819490901,-0.7909070488032981,-0.7898782598454791,0.901200679922191,0.9983944539877074,,,,,,,,,,,,,
24980.28,-0.790449581347174,-1.26041438524196,-0.7910754815828867,-0.7900446639677986,0.9039777499479066,1.0012039677486024,,,,,,,,,,,,,
24980.679,-0.790122212797183,-1.2605663318114928,-0.7912443181405209,-0.7902114726942524,0.9048997130389131,1.002158418737435,,,,,,,,,,,,,
24981.077,-0.790596729980384,-1.2607178975625537,-0.791412712177646,-0.7903778498786338,0.9042785156501959,1.001569590562573,,,,,,,,,,,,,
24981.475,-0.790614074949581,-1.2608694633136146,-0.791581086867815,-0.7905442135926372,0.9045366894525317,1.0018600963648696,,,,,,,,,,,,,
24981.845,-0.79165956613626,-1.2610103661475165,-0.7917375987492576,-0.7906988612338988,0.9027967128904666,1.0001501438108025,,,,,,,,,,,,,
24982.243,-0.790373432136643,-1.2611619318985774,-0.7919059361066445,-0.7908651989204727,0.9055621297364681,1.002947820847028,,,,,,,,,,,,,
24982.669,-0.790353231373026,-1.261324160566799,-0.7920860948567707,-0.7910432237909504,0.9059130329231558,1.0033332125519685,,,,,,,,,,,,,
24983.067,-0.791069889163884,-1.26147572631786,-0.7922543921591938,-0.7912095335021411,0.9048260778439334,1.0022784406170877,,,,,,,,,,,,,
24983.466,-0.792747559391051,-1.261627672887391,-0.7924230928992628,-0.7913762474949861,0.9018913469286778,0.9993759363540837,,,,,,,,,,,,,
24983.864,-0.791831727385219,-1.2617792386384519,-0.7925913514592224,-0.7915425300983242,0.9039444875353337,1.0014611855837712,,,,,,,,,,,,,
24984.291,-0.791227635339797,-1.2619418481251437,-0.7927718485521495,-0.7917209136979919,0.9054192386659248,1.0029703435304038,,,,,,,,,,,,,
24984.689,-0.792259020979203,-1.2620934138762046,-0.7929400670085229,-0.7918871681904628,0.9037269042688927,1.0013100406170417,,,,,,,,,,,,,
24985.115,-0.791662383709919,-1.2622556425444262,-0.7931200984927216,-0.7920651039322134,0.9051865836257579,1.0028039636956922,,,,,,,,,,,,,
24985.542,-0.791209193632255,-1.262418252031118,-0.7933005303430534,-0.7922434417363544,0.9063710746769855,1.0040227360685803,,,,,,,,,,,,,
24985.94,-0.793233570164904,-1.2625698177821771,-0.7934686879878186,-0.7924096535047249,0.9027687213467159,1.0004522972506307,,,,,,,,,,,,,
24986.367,-0.793895178867984,-1.262732427268869,-0.7936490768124571,-0.7925879610389935,0.9018088958765572,0.9995266703420652,,,,,,,,,,,,,
24986.765,-0.793789888235244,-1.2628839930199298,-0.7938171943536503,-0.7927541445678489,0.9023029593765551,1.0000525712150075,,,,,,,,,,,,,
24987.192,-0.792233536284601,-1.2630466025066216,-0.7939975401526027,-0.792932421777713,0.9056093833459488,1.0033931109858987,,,,,,,,,,,,,
24987.591,-0.79360510313762,-1.2631985490761544,-0.7941660398709729,-0.793098994474607,0.903263442563746,1.0010790101899878,,,,,,,,,,,,,
24987.989,-0.794664506530513,-1.2633501148272153,-0.7943340979130582,-0.7932651360129257,0.9015172159910746,0.9993645065434974,,,,,,,,,,,,,
24988.387,-0.793930960850293,-1.2635016805782762,-0.7945021366081946,-0.7934312638735357,0.9032197286760066,1.001098704940702,,,,,,,,,,,,,
24988.786,-0.794436135172252,-1.2636536271478072,-0.7946705780911927,-0.7935977953997828,0.9025402947562476,1.000450998991281,,,,,,,,,,,,,
24989.184,-0.794163924741093,-1.263805192898868,-0.7948385780438514,-0.7937638958354788,0.9033554286482112,1.0012977440742072,,,,,,,,,,,,,
24989.582,-0.794816966467009,-1.263956758649929,-0.7950065586495754,-0.7939299825584276,0.9023908391307717,1.000364728533822,,,,,,,,,,,,,
24989.981,-0.793462676683753,-1.26410870521946,-0.7951749418971943,-0.7940964728085609,0.9052880861965049,1.0032935915539538,,,,,,,,,,,,,
24990.351,-0.79407247956335,-1.2642496080533618,-0.7953310693876574,-0.7942508499273303,0.9043861565099728,1.0024209464979927,,,,,,,,,,,,,
24990.749,-0.794043610971752,-1.2644011738044227,-0.795498993265042,-0.7944168963754268,0.9047332221407145,1.0027994769886504,,,,,,,,,,,,,
24991.148,-0.795594708680424,-1.2645531203739537,-0.7956673196418009,-0.7945833462154688,0.9020419535858869,1.0001397149968985,,,,,,,,,,,,,
24991.574,-0.793677808174121,-1.2647153490421754,-0.7958470150628045,-0.7947610443027178,0.9060411605423693,1.004172519256397,,,,,,,,,,,,,
24991.944,-0.794361765339012,-1.2648562518760755,-0.7960030705646872,-0.7949153702049684,0.9049965950171208,1.0031570998914356,,,,,,,,,,,,,
24992.371,-0.794767722531329,-1.2650188613627673,-0.7961831462665643,-0.7950934558211459,0.9045285154725189,1.0027226166156407,,,,,,,,,,,,,
24992.77,-0.794840632245907,-1.2651708079323,-0.7963513935991742,-0.7952598493309414,0.9046805429386459,1.0029059986031221,,,,,,,,,,,,,
24993.168,-0.795615853519756,-1.265322373683361,-0.7965191998880101,-0.795425811980553,0.9034809409438574,1.0017376352862395,,,,,,,,,,,,,
24993.538,-0.795895790930453,-1.265463276517261,-0.7966751833561148,-0.7955800864632299,0.9032135078023619,1.0014992097478332,,,,,,,,,,,,,
24993.965,-0.79614744838959,-1.2656258860039529,-0.7968551759271563,-0.7957581126893916,0.9030422239421637,1.0013613622539435,,,,,,,,,,,,,
24994.364,-0.796032801074381,-1.2657778325734839,-0.7970233455800866,-0.7959244506562035,0.9035550175345346,1.0019053609505502,,,,,,,,,,,,,
24994.763,-0.795710054238824,-1.2659297791430149,-0.7971914957887662,-0.7960907746913184,0.904468090753402,1.0028496018725168,,,,,,,,,,,,,
24995.133,-0.79509758803698,-1.2660706819769167,-0.7973474071779165,-0.796244997552562,0.9059171968144729,1.0043275768925515,,,,,,,,,,,,,
24995.531,-0.795564112531287,-1.2662222477279776,-0.7975150986004209,-0.7964108779374147,0.9053113733704906,1.003752771180611,,,,,,,,,,,,,
24995.93,-0.796274210674984,-1.2663741942975086,-0.7976831919382121,-0.7965771611597604,0.90423776828355,1.0027102244054609,,,,,,,,,,,,,
24996.328,-0.797898491571168,-1.2665257600485695,-0.7978508446182033,-0.7967430137084991,0.9014049992928308,0.9999083986254875,,,,,,,,,,,,,
24996.727,-0.797167121656817,-1.2666777066181005,-0.7980188991161867,-0.7969092690022724,0.9031040593947237,1.001638442330619,,,,,,,,,,,,,
24997.154,-0.797372683833181,-1.2668403161047923,-0.7981987253733465,-0.7970871758272247,0.9030214398550425,1.001588939251921,,,,,,,,,,,,,
24997.553,-0.797768528409454,-1.2669922626743233,-0.7983667396182526,-0.7972534021288503,0.9025523018057159,1.0011507073789008,,,,,,,,,,,,,
24997.952,-0.797037370805051,-1.2671442092438543,-0.7985347344188796,-0.7974196144085929,0.9042509535292207,1.002880227877561,,,,,,,,,,,,,
24998.35,-0.798475374466344,-1.2672957749949152,-0.7987022888086557,-0.7975853961358699,0.901776488978042,1.0004365174755474,,,,,,,,,,,,,
24998.777,-0.798858691530404,-1.267458384481607,-0.798882030422547,-0.7977632418976875,0.901351957741804,1.0000449398886477,,,,,,,,,,,,,
24999.176,-0.796999203318269,-1.267610331051138,-0.7990499655745538,-0.7979294110933344,0.9052209544688534,1.0039446906565186,,,,,,,,,,,,,
24999.575,-0.798497710771559,-1.2677622776206707,-0.7992178812822814,-0.798095566221809,0.9026308433205744,1.001385296147939,,,,,,,,,,,,,
24999.973,-0.798953874346613,-1.2679138433717316,-0.7993853567773996,-0.7982612908960371,0.9020449491146882,1.0008300043370246,,,,,,,,,,,,,
25000.372,-0.798006508165237,-1.2680657899412626,-0.7995532336453053,-0.7984274178923012,0.9041594782428662,1.0029751753963354,,,,,,,,,,,,,
25000.771,-0.797942653118203,-1.2682177365107936,-0.7997210910689176,-0.7985935307882814,0.9045745728588052,1.003420874542285,,,,,,,,,,,,,
25001.141,-0.799576809544347,-1.2683586393446937,-0.7998767309531658,-0.798747557706011,0.9017022981453983,1.0005769465471026,,,,,,,,,,,,,
25001.54,-0.798980511473315,-1.2685105859142265,-0.8000445509014611,-0.7989136433952494,0.9031415474274355,1.0020467282752294,,,,,,,,,,,,,
25001.939,-0.799623793742383,-1.2686625324837557,-0.8002123514054915,-0.7990797149520745,0.9021964627392688,1.0011321386320016,,,,,,,,,,,,,
25002.309,-0.799134105955968,-1.2688034353176576,-0.8003679385071294,-0.7992337035066057,0.9034094044007893,1.0023733254842844,,,,,,,,,,,,,
25002.708,-0.799970766701249,-1.2689553818871886,-0.8005357015358427,-0.7993997477949715,0.9020923560286085,1.0010867000731358,,,,,,,,,,,,,
25003.107,-0.800248369196725,-1.2691073284567196,-0.800703445120277,-0.7995657779190087,0.9018506567348272,1.0008753863392503,,,,,,,,,,,,,
25003.506,-0.801092138343482,-1.2692592750262524,-0.8008711692604251,-0.7997317938678588,0.9005199353456095,0.9995750131087777,,,,,,,,,,,,,
25003.876,-0.800496567660245,-1.2694001778601525,-0.8010266855484502,-0.7998857308179524,0.9019365428604712,1.001019729604141,,,,,,,,,,,,,
25004.275,-0.800570978232355,-1.2695521244296852,-0.8011943722132955,-0.8000517194161687,0.9020856834256993,1.0011991462442213,,,,,,,,,,,,,
25004.674,-0.801259944135533,-1.2697040709992145,-0.8013620394338474,-0.8002176938075541,0.9010527262236127,1.0001964277158368,,,,,,,,,,,,,
25005.073,-0.800050099904412,-1.2698560175687454,-0.8015296872101132,-0.8003836539813491,0.9036721321316108,1.0028460348963861,,,,,,,,,,,,,
25005.471,-0.801853299873694,-1.2700075833198081,-0.8016968954452892,-0.8005491840399825,0.9004952121326034,0.999699203216884,,,,,,,,,,,,,
25005.87,-0.801223578131781,-1.2701595298893391,-0.8018645043817401,-0.8007151157821,0.9019987518775562,1.0012328695258357,,,,,,,,,,,,,
25006.269,-0.801749716765575,-1.27031147645887,-0.8020320938739118,-0.8008810332745084,0.901278993083924,1.0005431998950804,,,,,,,,,,,,,
25006.668,-0.800570189630723,-1.270463423028401,-0.8021996639217974,-0.8010469365065387,0.9038400840282417,1.0031343426011243,,,,,,,,,,,,,
25007.067,-0.803348595690224,-1.270615369597932,-0.802367214525411,-0.8012128254675452,0.8987880866863218,0.9981123596197943,,,,,,,,,,,,,
25007.466,-0.800597182104565,-1.270767316167463,-0.8025347456847456,-0.8013787001469098,0.9043727027227274,1.0037269526156392,,,,,,,,,,,,,
25007.894,-0.802627540706761,-1.270930306472625,-0.8027144316787513,-0.8015566149922112,0.9007808180167083,1.0001671820680635,,,,,,,,,,,,,
25008.293,-0.801940292297494,-1.271082253042156,-0.8028819225362582,-0.8017224600365557,0.9023950103613572,1.0018112738514844,,,,,,,,,,,,,
25008.692,-0.802116873868677,-1.271234199611687,-0.8030493939495145,-0.801888290766767,0.9023476249121091,1.0017937504398717,,,,,,,,,,,,,
25009.091,-0.802206983827797,-1.271386146181218,-0.8032168459184774,-0.802054107172323,0.9024665676913991,1.001942517855647,,,,,,,,,,,,,
25009.461,-0.803508320746061,-1.2715270490151198,-0.8033721098171966,-0.802207858948987,0.90023447161984,0.9997380452928162,,,,,,,,,,,,,
25009.86,-0.803280222779391,-1.2716789955846508,-0.8035395243108354,-0.8023736477167619,0.9009654876488444,1.0004988138743987,,,,,,,,,,,,,
25010.231,-0.802656732145829,-1.271820279237021,-0.8036951729735833,-0.8025277893056668,0.9024365317195613,1.0019974890429946,,,,,,,,,,,,,
25010.63,-0.804041839809518,-1.2719722258065538,-0.8038625499431902,-0.8026935503607981,0.9000645451750791,0.9996551828734488,,,,,,,,,,,,,
25011.029,-0.802582059350204,-1.272124172376083,-0.8040299074685038,-0.8028592970404742,0.9031647036571387,1.0027849843293084,,,,,,,,,,,,,
25011.428,-0.802914575911169,-1.2722761189456158,-0.8041972455495525,-0.8030250293343081,0.9028173771058517,1.0024672633506708,,,,,,,,,,,,,
25011.827,-0.804354966678588,-1.2724280655151468,-0.8043645641863222,-0.8031907472319294,0.9003390534584474,1.0000185078747938,,,,,,,,,,,,,
25012.226,-0.803460741329581,-1.2725800120846777,-0.8045318633787915,-0.8033564507229921,0.902351366144719,1.0020603513314277,,,,,,,,,,,,,
25012.654,-0.803614132056886,-1.2727430023898378,-0.8047113005462094,-0.8035341817991872,0.902369830941908,1.002110451668202,,,,,,,,,,,,,
25013.053,-0.804674676241111,-1.2728949489593706,-0.8048785594369008,-0.8036998553972002,0.900622142560713,1.0003922165367023,,,,,,,,,,,,,
25013.452,-0.803188580590746,-1.2730468955289016,-0.8050457988832989,-0.8038655145570115,0.9037729183379406,1.0035724081624886,,,,,,,,,,,,,
25013.851,-0.80349043046951,-1.2731988420984326,-0.8052130188854179,-0.8040311592683665,0.9034845791792055,1.003313447451176,,,,,,,,,,,,,
25014.279,-0.804144720149308,-1.2733618324035927,-0.8053923711067696,-0.804208827246173,0.9025395643620204,1.0023999047795276,,,,,,,,,,,,,
25014.678,-0.803535607371373,-1.2735137789731255,-0.8055595508071036,-0.8043744419779314,0.9040034627450466,1.0038931040893089,,,,,,,,,,,,,
25015.106,-0.805329108049728,-1.2736767692782855,-0.8057388597974438,-0.804552077773681,0.9008671744821548,1.000788204816967,,,,,,,,,,,,,
25015.505,-0.805730615096606,-1.2738287158478183,-0.8059059991959643,-0.8047176624820921,0.9003871446652049,1.0003373984061192,,,,,,,,,,,,,
25015.905,-0.804585482403222,-1.2739810432358176,-0.8060735379727859,-0.8048836476343492,0.9028828103731389,1.0028623232198828,,,,,,,,,,,,,
25016.304,-0.806417792355489,-1.2741329898053504,-0.8062406384340051,-0.8050492032945584,0.8996506297986995,0.9996592911555096,,,,,,,,,,,,,
25016.703,-0.806035838197751,-1.2742849363748814,-0.8064077194509522,-0.8052147444336808,0.9006775883584307,1.0007153608241706,,,,,,,,,,,,,
25017.131,-0.805343831072725,-1.2744479266800433,-0.8065869225854527,-0.8053923012308866,0.9023221767334477,1.0023911345756162,,,,,,,,,,,,,
25017.502,-0.804246613277542,-1.2745892103324135,-0.8067422417795314,-0.805546197907339,0.9047044354527985,1.0048003906586573,,,,,,,,,,,,,
25017.901,-0.805260834615659,-1.2747411569019462,-0.8069092644148839,-0.8057116953973905,0.9030458491104134,1.0031708031280295,,,,,,,,,,,,,
25018.3,-0.806338158111489,-1.2748931034714754,-0.8070762676059857,-0.8058771783921694,0.901265885707285,1.001419801135522,,,,,,,,,,,,,
25018.671,-0.804893877317467,-1.2750343871238474,-0.8072315338295084,-0.8060310355890457,0.9043157204369716,1.004496531339856,,,,,,,,,,,,,
25019.07,-0.806706983041261,-1.2751863336933784,-0.8073984994965429,-0.8061964907684375,0.901120479214371,1.0013301793502203,,,,,,,,,,,,,
25019.47,-0.805937728050695,-1.2753386610813795,-0.8075658641064649,-0.8063623462368162,0.9028931438013029,1.0031317680323424,,,,,,,,,,,,,
25019.841,-0.8058161341724,-1.2754799447337515,-0.8077210773141275,-0.8065161643574644,0.9033987889830588,1.0036642067125474,,,,,,,,,,,,,
25020.268,-0.80680792713976,-1.2756425542204415,-0.8078996981216946,-0.8066931850878302,0.9018038537646378,1.002100069268427,,,,,,,,,,,,,
25020.639,-0.806471211005351,-1.2757838378728135,-0.8080548751698089,-0.8068469768112646,0.9027232868118551,1.003046226261083,,,,,,,,,,,,,
25021.039,-0.807023462167972,-1.2759361652608145,-0.8082221631267572,-0.8070127763211979,0.9019540330487317,1.002305749150885,,,,,,,,,,,,,
25021.438,-0.806636778570553,-1.2760881118303455,-0.8083890133951712,-0.8071781472564463,0.9029900886902145,1.0033704720556476,,,,,,,,,,,,,
25021.838,-0.806695477854826,-1.2762404392183466,-0.8085562623172393,-0.8073439185994508,0.9031701824373177,1.0035792673719433,,,,,,,,,,,,,
25022.237,-0.807861229965566,-1.2763923857878776,-0.8087230736483733,-0.8075092615486591,0.901220126508806,1.0016578038106894,,,,,,,,,,,,,
25022.636,-0.807978537518198,-1.2765443323574086,-0.8088898655352068,-0.8076745906049059,0.9012867546909533,1.0017529869589439,,,,,,,,,,,,,
25023.036,-0.806571249970725,-1.2766966597454097,-0.8090570559293866,-0.8078403201295703,0.9042866755115573,1.004781496770136,,,,,,,,,,,,,
25023.435,-0.80691189718701,-1.2768486063149425,-0.8092238088789259,-0.8080056215299067,0.9039237096369831,1.0044470109656474,,,,,,,,,,,,,
25023.806,-0.806120956236645,-1.2769898899673127,-0.8093788424217152,-0.8081593105136043,0.9057168445522846,1.0062665937933528,,,,,,,,,,,,,
25024.234,-0.808441244628554,-1.2771528802724745,-0.8095576742504846,-0.8083365974029867,0.9015672796183515,1.0021475000279345,,,,,,,,,,,,,
25024.605,-0.806390236829466,-1.2772941639248447,-0.8097126715884215,-0.8084902609733602,0.9057841543227877,1.006390753004609,,,,,,,,,,,,,
25025.005,-0.808908668693073,-1.2774464913128476,-0.8098797657877626,-0.8086559228406074,0.9012329501001048,1.001867952741388,,,,,,,,,,,,,
25025.376,-0.8092083385101,-1.2775877749652178,-0.8100347281896063,-0.8088095620805175,0.9009282941608456,1.0015896078746602,,,,,,,,,,,,,
25025.804,-0.80797028651148,-1.2777507652703797,-0.8102134779474213,-0.8089867918132173,0.9036232003726694,1.004314827391218,,,,,,,,,,,,,
25026.204,-0.808065792020636,-1.2779030926583808,-0.8103805135700028,-0.8091524131314101,0.9037324973109943,1.0044524156164099,,,,,,,,,,,,,
25026.603,-0.808524408759547,-1.2780550392279117,-0.8105471121348913,-0.8093176070278313,0.9031426169467737,1.0038907183628325,,,,,,,,,,,,,
25027.003,-0.808581175724227,-1.2782073666159128,-0.8107141087226069,-0.8094832015962896,0.9033264275124627,1.0041027451316555,,,,,,,,,,,,,
25027.431,-0.808150216709284,-1.2783703569210747,-0.8108927734298135,-0.8096603730454891,0.9044688895979676,1.005275356926748,,,,,,,,,,,,,
25027.831,-0.80838690046663,-1.278522684309074,-0.8110597295658764,-0.8098259401216698,0.9043066300408182,1.0051412357638125,,,,,,,,,,,,,
25028.23,-0.808373896266199,-1.2786746308786068,-0.8112262488429351,-0.8099910801312958,0.9046239130046662,1.0054865493278657,,,,,,,,,,,,,
25028.63,-0.809269274221496,-1.2788269582666079,-0.8113931659441036,-0.8101566208976847,0.9031946545275313,1.004085354161226,,,,,,,,,,,,,
25029.03,-0.809493058833853,-1.278979285654609,-0.8115600635033999,-0.8103221485734895,0.9030572064881133,1.003975931843427,,,,,,,,,,,,,
25029.429,-0.810816868204663,-1.27913123222414,-0.8117265243501635,-0.8104872494421013,0.9008031272686299,1.0017497708332417,,,,,,,,,,,,,
25029.8,-0.80976238461001,-1.2792725158765101,-0.8118812862886102,-0.8106407526933289,0.9031031867123737,1.0040757557574431,,,,,,,,,,,,,
25030.2,-0.809780869673364,-1.279424843264513,-0.812048126687948,-0.8108062423875254,0.9033606325518944,1.0043611173712035,,,,,,,,,,,,,
25030.6,-0.810648532401338,-1.2795771706525123,-0.8122149475454208,-0.8109717192016753,0.9019846843410294,1.0030130473457306,,,,,,,,,,,,,
25030.971,-0.810801274821439,-1.2797184543048843,-0.812369656422689,-0.8111251874802042,0.901962643390339,1.0030168298121303,,,,,,,,,,,,,
25031.371,-0.810403125192243,-1.2798707816928854,-0.8125364396132113,-0.8112906396186897,0.903021486459607,1.0041034786142684,,,,,,,,,,,,,
25031.742,-0.809826810411263,-1.2800120653452556,-0.8126911135543793,-0.8114440851023424,0.904401787732745,1.0055095361047892,,,,,,,,,,,,,
25032.17,-0.811557838577561,-1.2801750556504174,-0.8128695305327653,-0.8116210922259096,0.9013856654065713,1.002523086980893,,,,,,,,,,,,,
25032.57,-0.811194728089807,-1.2803273830384185,-0.8130362551465495,-0.8117865063834325,0.9023771106537506,1.0035422252883475,,,,,,,,,,,,,
25032.97,-0.809472734117041,-1.2804797104264214,-0.8132029602184616,-0.8119519079760629,0.9059823695845161,1.0071751396905548,,,,,,,,,,,,,
25033.341,-0.811577817820714,-1.2806209940787916,-0.8133575617045921,-0.8121053067678687,0.9022049983068964,1.0034233852628316,,,,,,,,,,,,,
25033.741,-0.81184037295613,-1.2807733214667927,-0.8135242291095679,-0.8122706842907755,0.9019929751292795,1.0032389451041483,,,,,,,,,,,,,
25034.141,-0.810800553228877,-1.2809256488547938,-0.8136908769726716,-0.8124360494033314,0.9042860712461016,1.0055595866510425,,,,,,,,,,,,,
25034.54,-0.811541639541487,-1.2810775954243248,-0.8138570887474543,-0.8126009887916302,0.9031528603866079,1.0044538149100177,,,,,,,,,,,,,
25034.94,-0.813292589756561,-1.2812299228123258,-0.8140236975756778,-0.812766329271936,0.9000779078491912,1.00140633271894,,,,,,,,,,,,,
25035.369,-0.813069420356603,-1.2813932939359578,-0.8142023638255438,-0.812943643320857,0.9008214189161535,1.0021792639569198,,,,,,,,,,,,,
25035.769,-0.813206755706702,-1.2815456213239589,-0.8143689321532435,-0.8131089584651859,0.9008502561154025,1.0022354935996112,,,,,,,,,,,,,
25036.169,-0.81334445962558,-1.28169794871196,-0.814535480939071,-0.8132742614649952,0.9008783843722522,1.002290976711056,,,,,,,,,,,,,
25036.568,-0.813084233125405,-1.281849895281491,-0.8147015938842941,-0.8134391391602103,0.9016711996661936,1.0031110410244364,,,,,,,,,,,,,
25036.968,-0.81286703851678,-1.282002222669492,-0.8148681036352485,-0.8136044180574128,0.9023819755802578,1.003849096709348,,,,,,,,,,,,,
25037.368,-0.81314959939686,-1.2821545500574931,-0.815034593844338,-0.8137696849661843,0.9021314713336381,1.0036258346447284,,,,,,,,,,,,,
25037.768,-0.812741529654675,-1.2823068774454942,-0.8152010645115553,-0.8139349399384256,0.9032093957497318,1.0047309636539745,,,,,,,,,,,,,
25038.14,-0.813111294022829,-1.2824485419163363,-0.8153558646942187,-0.8140886163955806,0.9027706453790094,1.0043174798207721,,,,,,,,,,,,,
25038.54,-0.81396517224561,-1.2826008693043374,-0.8155222976456358,-0.8142538484767259,0.9014212116770753,1.0029951781655062,,,,,,,,,,,,,
25038.94,-0.814419447080777,-1.2827531966923384,-0.8156887110551807,-0.8144190687728908,0.9008404154735524,1.0024414764197895,,,,,,,,,,,,,
25039.34,-0.812940000531112,-1.2829055240803395,-0.8158551049228677,-0.8145842773356314,0.9039791342039133,1.0056072520191233,,,,,,,,,,,,,
25039.711,-0.814929683283323,-1.2830468077327097,-0.8160094177670913,-0.8147374978342126,0.9004237367668451,1.0020769162281538,,,,,,,,,,,,,
25040.14,-0.815115002225553,-1.2832101788563417,-0.8161878340326396,-0.814914659466607,0.9003815201167724,1.0020636389033568,,,,,,,,,,,,,
25040.54,-0.814285227227217,-1.2833625062443428,-0.8163541692747174,-0.8150798331375142,0.9022705949965548,1.0039796578855267,,,,,,,,,,,,,
25040.94,-0.815236739402797,-1.2835148336323439,-0.8165204849749301,-0.8152449952803346,0.900733362292997,1.002469331695523,,,,,,,,,,,,,
25041.368,-0.81510446956869,-1.2836778239375057,-0.8166984211325214,-0.8154217060643059,0.9013012954533818,1.0030660131976417,,,,,,,,,,,,,
25041.768,-0.81530927635911,-1.2838301513255068,-0.8168646963810602,-0.8155868445063204,0.9012003512726173,1.002991897721511,,,,,,,,,,,,,
25042.169,-0.815132683058211,-1.2839828595319798,-0.8170313677025263,-0.8157523843803792,0.9018337630371188,1.0036521675324659,,,,,,,,,,,,,
25042.597,-0.815483185350835,-1.2841458498371399,-0.8172092396147548,-0.8159290577800465,0.9014730835498229,1.0033201128107323,,,,,,,,,,,,,
25042.969,-0.816460976431917,-1.2842875143079802,-0.8173638203925861,-0.8160826045542657,0.8998647932150278,1.001736666987438,,,,,,,,,,,,,
25043.397,-0.815732020896659,-1.284450504613142,-0.8175416504852251,-0.8162592538948548,0.9015804518924777,1.0034808699902906,,,,,,,,,,,,,
25043.826,-0.815574932612132,-1.284613875736774,-0.817719873616781,-0.8164363031401182,0.9021968558706829,1.0041258417998318,,,,,,,,,,,,,
25044.226,-0.816071940700139,-1.2847662031247733,-0.8178860287805563,-0.816601372506765,0.901533862214432,1.0034894458647265,,,,,,,,,,,,,
25044.626,-0.81657996716656,-1.2849185305127762,-0.8180521644024594,-0.8167664308131386,0.9008496746967664,1.0028318184793448,,,,,,,,,,,,,
25045.055,-0.815750758604076,-1.2850819016364063,-0.8182303231385646,-0.8169434436118628,0.9027589026726945,1.0047694904217013,,,,,,,,,,,,,
25045.427,-0.817977473986873,-1.2852235661072484,-0.8183847922375449,-0.8170969270234489,0.8987483052485993,1.0007835226944586,,,,,,,,,,,,,
25045.856,-0.816988352925414,-1.2853869372308786,-0.818562909003937,-0.8172739163421409,0.9009651250693079,1.003028705752743,,,,,,,,,,,,,
25046.227,-0.817343429729783,-1.2855282208832506,-0.8187169265905823,-0.8174269669640853,0.9005538937368872,1.0026419681373997,,,,,,,,,,,,,
25046.628,-0.818191240453376,-1.2856809290897218,-0.8188833795244861,-0.8175923831912233,0.8992168633801383,1.0013313757578202,,,,,,,,,,,,,
25047.028,-0.817687453784706,-1.2858332564777228,-0.8190493977974853,-0.8177573761362692,0.9004788993959066,1.0026197461848199,,,,,,,,,,,,,
25047.428,-0.817936966058558,-1.285985583865724,-0.8192153965286124,-0.8179223583718374,0.900291964174987,1.0024591077862555,,,,,,,,,,,,,
25047.8,-0.817994386783353,-1.2861272483365642,-0.8193697578107191,-0.8180757822832939,0.9004540071011086,1.0026455730230786,,,,,,,,,,,,,
25048.229,-0.818871270857888,-1.2862906194601962,-0.8195477502399129,-0.8182527033025808,0.8990815642573665,1.0013012542538262,,,,,,,,,,,,,
25048.6,-0.817157788871555,-1.2864319031125664,-0.8197016602995006,-0.8184056951330109,0.9026492077380281,1.0048931846229066,,,,,,,,,,,,,
25049.001,-0.818272064820137,-1.2865846113190393,-0.8198679970114569,-0.8185710480998512,0.9007996312660657,1.0030698225747705,,,,,,,,,,,,,
25049.401,-0.818816027740994,-1.2867369387070404,-0.8200338993523246,-0.8187359782370992,0.9000463199439054,1.002342622667976,,,,,,,,,,,,,
25049.801,-0.818688952299781,-1.2868892660950415,-0.8201997821513274,-0.8189008979587477,0.9005837515532278,1.0029061281037883,,,,,,,,,,,,,
25050.23,-0.819412719411856,-1.2870526372186717,-0.820377669734853,-0.8190777628406058,0.8995058293332745,1.001856128287339,,,,,,,,,,,,,
25050.631,-0.818538840702075,-1.2872053454251446,-0.8205439266146044,-0.81924307336549,0.9014804702489141,1.003856830069297,,,,,,,,,,,,,
25051.031,-0.818520620250341,-1.287357672813144,-0.8207097493223614,-0.8194079613673889,0.9018085191818191,1.0042108372429857,,,,,,,,,,,,,
25051.431,-0.819573992694548,-1.2875100002011468,-0.8208755524882676,-0.8195728391538731,0.9000753581541021,1.0025035968672045,,,,,,,,,,,,,
25051.832,-0.820181336157663,-1.2876627084076162,-0.8210417505468826,-0.8197381189302079,0.8992008668029552,1.001655053239686,,,,,,,,,,,,,
25052.232,-0.820570255744621,-1.287815035795619,-0.8212075145801876,-0.8199029764072957,0.8987457814818967,1.0012258132988776,,,,,,,,,,,,,
25052.633,-0.820254700836933,-1.2879677440020902,-0.8213736734083668,-0.8200682359215394,0.89964648603001,1.0021523901107676,,,,,,,,,,,,,
25053.033,-0.82132666924524,-1.2881200713900913,-0.821539398309092,-0.8202330732847314,0.8978775556475508,1.0004092298368872,,,,,,,,,,,,,
25053.433,-0.819512309528174,-1.2882723987780924,-0.8217051036679521,-0.8203979006765217,0.9016604801758482,1.0042178868849154,,,,,,,,,,,,,
25053.834,-0.818967953805603,-1.2884251069845636,-0.8218712036749807,-0.8205631301766959,0.9030012833103026,1.0055844491404708,,,,,,,,,,,,,
25054.234,-0.820678378087767,-1.2885774343725647,-0.8220368699012539,-0.820727937746504,0.9000042824436132,1.0026131055218268,,,,,,,,,,,,,
25054.635,-0.82127712996574,-1.2887301425790358,-0.8222029306778822,-0.8208931474724038,0.8991463170147106,1.0017808237541592,,,,,,,,,,,,,
25055.035,-0.821215127111012,-1.288882469967037,-0.8223685577715543,-0.8210579354141095,0.8995585814416684,1.0022186701574909,,,,,,,,,,,,,
25055.464,-0.822827189407298,-1.2890458410906689,-0.8225461711111208,-0.8212346596698208,0.8967720225849792,0.9994595061950481,,,,,,,,,,,,,
25055.865,-0.821629529293986,-1.28919854929714,-0.8227121716462804,-0.821399839408266,0.8993694573400972,1.0020825087367171,,,,,,,,,,,,,
25056.294,-0.821742665196155,-1.289361920420772,-0.8228897414966383,-0.8215765421801523,0.8994660848366457,1.0022064474758556,,,,,,,,,,,,,
25056.695,-0.822794714039355,-1.2895146286272414,-0.8230557013810511,-0.821741701940533,0.8977362022614168,1.0005020544953178,,,,,,,,,,,,,
25057.124,-0.822388754252241,-1.2896779997508734,-0.8232332277421932,-0.8219183834499713,0.8988313108129652,1.0016243906378142,,,,,,,,,,,,,
25057.525,-0.822189882434124,-1.2898307079573446,-0.8233991469758664,-0.822083523438862,0.8995075753266477,1.0023260665543419,,,,,,,,,,,,,
25057.925,-0.821698778045735,-1.2899830353453456,-0.8235646328795525,-0.8222482421642642,0.9007452169641613,1.003589018588777,,,,,,,,,,,,,
25058.297,-0.822526783716631,-1.290124699816186,-0.8237185172321304,-0.8224014221565614,0.8994250390091717,1.0022923455687884,,,,,,,,,,,,,
25058.698,-0.822928619582762,-1.290277408022659,-0.8238843790160075,-0.8225665345542162,0.8989458417174574,1.0018384491750338,,,,,,,,,,,,,
25059.098,-0.822335020876097,-1.29042973541066,-0.8240498076131715,-0.8227312258967707,0.9003806312742401,1.0032984388994155,,,,,,,,,,,,,
25059.499,-0.82101268945423,-1.2905824436171311,-0.8242156301666128,-0.8228963196885759,0.9032178714106475,1.0061609044739308,,,,,,,,,,,,,
25059.9,-0.823618556529845,-1.2907351518236023,-0.8243814330803687,-0.8230614042373156,0.8984992179786986,1.0014674387030482,,,,,,,,,,,,,
25060.272,-0.822915535915824,-1.2908768162944426,-0.8245352276991369,-0.8232145417801869,0.9001239705476131,1.0031155236036562,,,,,,,,,,,,,
25060.672,-0.822014053156418,-1.2910291436824437,-0.8247005793990496,-0.8233791970187158,0.9021509753744227,1.0051675806859466,,,,,,,,,,,,,
25061.073,-0.823468041751953,-1.2911818518889149,-0.8248663248630166,-0.8235442548026304,0.89964796130101,1.002689643768729,,,,,,,,,,,,,
25061.474,-0.823426407629884,-1.291334560095386,-0.8250320506872768,-0.823709303529793,0.9000217789559013,1.0030885008027592,,,,,,,,,,,,,
25061.875,-0.824533525678468,-1.2914872683018572,-0.8251977568718374,-0.8238743432474799,0.89818597071143,1.0012776941604136,,,,,,,,,,,,,
25062.304,-0.823840413623745,-1.2916506394254892,-0.8253750118184442,-0.8240508970138707,0.8998334169244679,1.0029518458975297,,,,,,,,,,,,,
25062.705,-0.824800360330468,-1.2918033476319604,-0.8255406773522651,-0.8242159182333653,0.8982806928968782,1.0014240452801912,,,,,,,,,,,,,
25063.105,-0.82556534829603,-1.2919556750199614,-0.8257059101887734,-0.8243805190968716,0.897102239689754,1.0002704156943554,,,,,,,,,,,,,
25063.506,-0.825263709627865,-1.2921083832264326,-0.8258715364921727,-0.8245455226555699,0.8979761763378299,1.0011692002928307,,,,,,,,,,,,,
25063.907,-0.823946169739906,-1.2922610914329038,-0.8260371431558582,-0.8247105174431444,0.9008041999541809,1.0040220340825676,,,,,,,,,,,,,
25064.336,-0.824601191662783,-1.2924244625565358,-0.8262142916325317,-0.824887023405614,0.8998585091714278,1.003102844028537,,,,,,,,,,,,,
25064.737,-0.824435919919976,-1.292577170763007,-0.8263798576454704,-0.8250520001871011,0.9004701439081035,1.0037392107467387,,,,,,,,,,,,,
25065.167,-0.824225509408701,-1.292740922705109,-0.8265573754388029,-0.8252288983728443,0.9011898457451681,1.004485391188655,,,,,,,,,,,,,
25065.568,-0.826406869609728,-1.2928936309115784,-0.8267229007520314,-0.825393857326735,0.8972877316926484,1.000607930831569,,,,,,,,,,,,,
25065.94,-0.826340109380189,-1.2930352953824187,-0.8268764378461242,-0.8255468789515936,0.8976886368032461,1.0010316729242357,,,,,,,,,,,,,
25066.341,-0.825483695625675,-1.2931880035888916,-0.8270419253002785,-0.8257118215014028,0.8996296838607194,1.0029973008550812,,,,,,,,,,,,,
25066.742,-0.826234947556547,-1.293340711795361,-0.8272073931147261,-0.8258767556093235,0.898478384434152,1.0018705445248726,,,,,,,,,,,,,
25067.114,-0.825988499736674,-1.2934823762662049,-0.827360876868326,-0.8260297543063505,0.8992249187966868,1.0026398132688106,,,,,,,,,,,,,
25067.543,-0.826905903198598,-1.293645747389835,-0.8275378573089895,-0.8262061874295775,0.8977745368725302,1.0012156088555293,,,,,,,,,,,,,
25067.916,-0.826356974309046,-1.2937877926791472,-0.8276917171393947,-0.8263595819299496,0.8991036263666906,1.0025674236103677,,,,,,,,,,,,,
25068.345,-0.826074646811807,-1.2939511638027774,-0.827868655557964,-0.8265359973325066,0.8999609280903712,1.0034508220152873,,,,,,,,,,,,,
25068.746,-0.825512654446931,-1.2941038720092486,-0.8280340252228982,-0.8267008899438075,0.9013356553231738,1.0048499035534855,,,,,,,,,,,,,
25069.176,-0.82562782799984,-1.2942676239513489,-0.8282113324684985,-0.8268776983856828,0.9014290959012624,1.0049694177471036,,,,,,,,,,,,,
25069.577,-0.827109022534721,-1.2944203321578218,-0.8283766614337225,-0.8270425741262051,0.8988737511774909,1.0024383490426638,,,,,,,,,,,,,
25069.978,-0.826442553351879,-1.2945730403642912,-0.8285419707592325,-0.8272074417959965,0.9004494396696098,1.0040382757770865,,,,,,,,,,,,,
25070.407,-0.826844547665647,-1.2947364114879232,-0.8287188011359561,-0.8273838125387843,0.8999904477350715,1.0036051727048876,,,,,,,,,,,,,
25070.808,-0.827452509185711,-1.2948891196943944,-0.8288840698107123,-0.8275486636485285,0.8991147675507951,1.002753652571055,,,,,,,,,,,,,
25071.209,-0.828402626470855,-1.2950418279008655,-0.8290493188457901,-0.8277135068274488,0.8975809504250171,1.001243957718693,,,,,,,,,,,,,
25071.639,-0.827754606688069,-1.2952055798429676,-0.8292264967376752,-0.8278902625733204,0.8991423941145321,1.0028312262113537,,,,,,,,,,,,,
25072.04,-0.827797013823126,-1.2953582880494388,-0.8293917050730144,-0.8280550894615627,0.899354558330932,1.0030674344151058,,,,,,,,,,,,,
25072.47,-0.827913564707951,-1.2955220399915408,-0.8295688393217873,-0.828231827842948,0.8994453496097657,1.003183966549431,,,,,,,,,,,,,
25072.871,-0.828653080747709,-1.2956747481980102,-0.8297340069574162,-0.8283966386349192,0.8983166241809848,1.0020792068219386,,,,,,,,,,,,,
25073.272,-0.828285495321937,-1.2958274564044832,-0.8298991549533312,-0.8285614417289658,0.8993174094804184,1.0031039200456187,,,,,,,,,,,,,
25073.673,-0.829656875299922,-1.2959801646109526,-0.8300642833095679,-0.8287262371701276,0.8969732931618984,1.000783693874303,,,,,,,,,,,,,
25074.103,-0.827757467702554,-1.2961439165530546,-0.8302413317951931,-0.8289029420341839,0.9009417825100738,1.004777759112258,,,,,,,,,,,,,
25074.504,-0.828177445969669,-1.2962966247595258,-0.8304064194516911,-0.8290677217592025,0.9004276882927048,1.0042874767560437,,,,,,,,,,,,,
25074.877,-0.830080826967249,-1.296438670048838,-0.8305599621599882,-0.8292209889209011,0.8970397573726282,1.0009216611110965,,,,,,,,,,,,,
25075.278,-0.830079221399989,-1.2965913782553073,-0.8307250119084486,-0.8293857541809104,0.8973365800640422,1.0012422227473863,,,,,,,,,,,,,
25075.679,-0.829592123538901,-1.2967440864617803,-0.8308900420172023,-0.8295505120122649,0.8985672476471539,1.00249659149836,,,,,,,,,,,,,
25076.08,-0.829349905654957,-1.2968967946682515,-0.8310550524862705,-0.8297152624595674,0.8993268883599277,1.003279895601954,,,,,,,,,,,,,
25076.481,-0.829184300331843,-1.2970495028747226,-0.8312200433156178,-0.8298800055673484,0.8999391647386431,1.0039157975944475,,,,,,,,,,,,,
25076.882,-0.830274405897524,-1.2972022110811938,-0.8313850145052939,-0.8300447413800703,0.8981360800213133,1.0021363007138824,,,,,,,,,,,,,
25077.255,-0.831306040157303,-1.2973442563705042,-0.8315384488791011,-0.8301979679329228,0.8964249547854695,1.0004470823713763,,,,,,,,,,,,,
25077.685,-0.831808526273668,-1.2975080083126063,-0.8317153092424903,-0.8303746020652844,0.8957733992771784,0.9998207408990714,,,,,,,,,,,,,
25078.086,-0.830259888530787,-1.2976607165190757,-0.8318802214640826,-0.8305393162410525,0.8990459398385796,1.0031167558719218,,,,,,,,,,,,,
25078.459,-0.830541062807014,-1.2978027618083878,-0.8320336009872875,-0.8306925227870163,0.8987783250991321,1.002870942520476,,,,,,,,,,,,,
25078.889,-0.830418906199987,-1.297966513750488,-0.832210398118093,-0.8308691339975347,0.8993282704669321,1.003445980296143,,,,,,,,,,,,,
25079.29,-0.831222511065042,-1.298119221956961,-0.8323752513716087,-0.8310338269345541,0.89807627012138,1.0022173409367534,,,,,,,,,,,,,
25079.691,-0.830841154687415,-1.2982719301634305,-0.8325400849854319,-0.8311985128859316,0.8991035438598755,1.0032679378843694,,,,,,,,,,,,,
25080.093,-0.831627371975198,-1.2984250191883735,-0.8327053099424262,-0.8313636025577626,0.897885721040534,1.0020734585183066,,,,,,,,,,,,,
25080.494,-0.830667139139833,-1.298577727394843,-0.8328701042278652,-0.8315282746522977,0.9000264641993501,1.0042374492379698,,,,,,,,,,,,,
25080.895,-0.832983671859332,-1.2987304356013158,-0.8330348788736117,-0.8316929398927458,0.895864345678225,1.0000985405006784,,,,,,,,,,,,,
25081.297,-0.831985177948395,-1.2988835246262553,-0.8332000447154826,-0.8318580089338263,0.8980794165572031,1.002336841124781,,,,,,,,,,,,,
25081.698,-0.831121993162336,-1.2990362328327283,-0.833364780032845,-0.8320226605802237,0.9000334877003316,1.0043140464034557,,,,,,,,,,,,,
25082.099,-0.83246305066984,-1.2991889410391977,-0.833529495710529,-0.8321873055034453,0.8977476966827942,1.0020513517444363,,,,,,,,,,,,,
25082.472,-0.832505024754217,-1.2993309863285099,-0.8336826924135963,-0.8323404480257689,0.8979401837412341,1.0022652885356749,,,,,,,,,,,,,
25082.902,-0.832102738767942,-1.2994947382706101,-0.8338592787865764,-0.8325169858985165,0.8990289582380415,1.0033787500469133,,,,,,,,,,,,,
25083.304,-0.832617758104865,-1.2996478272955532,-0.8340243460868706,-0.832682021424262,0.8983327849366578,1.002705616945578,,,,,,,,,,,,,
25083.705,-0.832771284156213,-1.2998005355020243,-0.8341889831077935,-0.8328466398561344,0.8983312118112547,1.0027269888821604,,,,,,,,,,,,,
25084.106,-0.832790310792363,-1.2999532437084955,-0.834353600489024,-0.8330112517816495,0.8985883484396725,1.0030070327955216,,,,,,,,,,,,,
25084.508,-0.833833590935798,-1.3001063327334368,-0.8345186086741947,-0.833176267723315,0.8968760649715263,1.0013176758192697,,,,,,,,,,,,,
25084.938,-0.833973994649904,-1.300270084675537,-0.8346950881189841,-0.833352770171856,0.8969209753104127,1.0013870674957888,,,,,,,,,,,,,
25085.311,-0.832937024290598,-1.3004121299648492,-0.8348481554857656,-0.8335058698459595,0.8991888130385967,1.003676106177982,,,,,,,,,,,,,
25085.741,-0.833474997466422,-1.3005758819069513,-0.835024592757982,-0.8336823586503304,0.8984689981374825,1.0029806914954176,,,,,,,,,,,,,
25086.143,-0.834607144917539,-1.3007289709318908,-0.8351895206663755,-0.8338473486197528,0.8965857783179796,1.0011202437551485,,,,,,,,,,,,,
25086.515,-0.833781344582245,-1.3008706354027328,-0.83534212293862,-0.8340000203125458,0.8984466977982402,1.0030022020842375,,,,,,,,,,,,,
25086.917,-0.83548841413665,-1.301023724427674,-0.8355070128444382,-0.8341649982356677,0.895457614762988,1.000035818030112,,,,,,,,,,,,,
25087.347,-0.832419166732804,-1.3011874763697762,-0.8356833657715228,-0.8343414603036211,0.9016762920982112,1.0062787333456904,,,,,,,,,,,,,
25087.72,-0.834913430156648,-1.3013295216590866,-0.835836323391554,-0.8344945251889749,0.8971517982658639,1.0017752293690705,,,,,,,,,,,,,
25088.122,-0.835184023376503,-1.301482610684026,-0.8360011541331431,-0.8346594846745269,0.8969257788345173,1.0015717951162655,,,,,,,,,,,,,
25088.523,-0.833602753281507,-1.301635318890499,-0.8361655551838396,-0.8348240277702408,0.900261087756441,1.0049295952105626,,,,,,,,,,,,,
25088.896,-0.835866625811366,-1.3017773641798094,-0.8363184592288633,-0.8349770761917381,0.8961797510291089,1.0008691452872394,,,,,,,,,,,,,
25089.298,-0.834418505029258,-1.3019304532047506,-0.8364832322300941,-0.8351420180537303,0.899259679624985,1.003971547997859,,,,,,,,,,,,,
25089.699,-0.835390294269325,-1.3020831614112218,-0.8366475756840686,-0.8353065436938955,0.8976841764731772,1.002418425230914,,,,,,,,,,,,,
25090.072,-0.834971729937377,-1.3022252067005322,-0.8368004261540989,-0.83545957598984,0.8987625096160518,1.0035175421260791,,,,,,,,,,,,,
25090.474,-0.837434796488432,-1.3023782957254735,-0.8369651414149786,-0.8356245005923137,0.8943192656344152,0.9990966611954164,,,,,,,,,,,,,
25090.876,-0.836495586713399,-1.3025313847504147,-0.8371298369380966,-0.8357894193780369,0.8964203034212632,1.001220024067547,,,,,,,,,,,,,
25091.277,-0.836898661793944,-1.302684092956886,-0.8372941031066574,-0.8359539221650356,0.8959387224994343,1.0007606748718385,,,,,,,,,,,,,
25091.679,-0.837457614966596,-1.3028371819818272,-0.8374587592033151,-0.8361188294582073,0.8951580424229871,1.0000022440437517,,,,,,,,,,,,,
25092.081,-0.836974536443668,-1.3029902710067685,-0.8376233955622041,-0.836283731061132,0.8963817113099906,1.0012481242134526,,,,,,,,,,,,,
25092.482,-0.837436031242055,-1.3031429792132396,-0.837787602713739,-0.8364482168339114,0.8957877600049975,1.0006762911150608,,,,,,,,,,,,,
25092.884,-0.837018162795671,-1.303296068238181,-0.8379521996461747,-0.8366131071963765,0.8968859972473764,1.0017966638032147,,,,,,,,,,,,,
25093.315,-0.836458314919787,-1.303460200998753,-0.8381286485617352,-0.8367898864549236,0.8982785746942953,1.0032129313588527,,,,,,,,,,,,,
25093.716,-0.83767720785921,-1.3036129092052242,-0.8382927952758905,-0.8369543551941432,0.8962277673403506,1.001184125959996,,,,,,,,,,,,,
25094.118,-0.837554936894144,-1.3037659982301655,-0.8384573316202264,-0.8371192286089212,0.8967574225445905,1.0017358000685963,,,,,,,,,,,,,
25094.52,-0.837853141928067,-1.3039190872551067,-0.8386218482268006,-0.8372840965876596,0.8964782917624687,1.001478650225158,,,,,,,,,,,,,
25094.922,-0.837185473840619,-1.3040721762800462,-0.8387863450955919,-0.8374489591720169,0.898057018853436,1.0030793202891177,,,,,,,,,,,,,
25095.295,-0.837915268562957,-1.3042142215693584,-0.8389389576215152,-0.8376019238959828,0.8969264822566598,1.001969109758306,,,,,,,,,,,,,
25095.697,-0.837125905745733,-1.3043673105942997,-0.8391034164386326,-0.8377667761980649,0.8987392892767905,1.0038037865588767,,,,,,,,,,,,,
25096.07,-0.838619491362887,-1.30450935588361,-0.8392559936579076,-0.8379197314530669,0.8961396001630467,1.0012243555986164,,,,,,,,,,,,,
25096.472,-0.838829965822495,-1.304662444908553,-0.8394204144233512,-0.8380845736269921,0.8960292192245631,1.0011357712480347,,,,,,,,,,,,,
25096.873,-0.838038249089094,-1.3048151531150225,-0.83958440651773,-0.8382490005720591,0.8978458215000176,1.0029740780669032,,,,,,,,,,,,,
25097.275,-0.839607301285337,-1.3049682421399655,-0.8397487878567205,-0.8384138324139739,0.8951222149852467,1.0002721923031257,,,,,,,,,,,,,
25097.677,-0.839461852043319,-1.305121331164905,-0.839913149457935,-0.8385786591452429,0.8956964536273769,1.0008681137305584,,,,,,,,,,,,,
25098.079,-0.838273288401939,-1.305274420189848,-0.8400774913213809,-0.8387434808070119,0.8982771238147254,1.0034704287375322,,,,,,,,,,,,,
25098.51,-0.83907498827809,-1.3054385529504184,-0.8402536667674383,-0.8389201870041242,0.89705076285789,1.0022672318698396,,,,,,,,,,,,,
25098.912,-0.838808442698728,-1.3055916419753597,-0.8404179677314687,-0.8390849982918521,0.8978579304207683,1.0030959655821745,,,,,,,,,,,,,
25099.342,-0.838743804659735,-1.3057553939174618,-0.8405936906959255,-0.8392612835018134,0.8982972387679253,1.003558300174292,,,,,,,,,,,,,
25099.744,-0.839755017251895,-1.3059084829424012,-0.8407579508096248,-0.8394260846034318,0.8966466372653349,1.00192918624542,,,,,,,,,,,,,
25100.146,-0.840628732529983,-1.3060615719673443,-0.8409221911855695,-0.8395908808460661,0.8952605119779247,1.0005645105660375,,,,,,,,,,,,,
25100.577,-0.84008428984886,-1.3062257047279147,-0.8410982578228712,-0.8397675600237899,0.8966234575179779,1.0019504109012185,,,,,,,,,,,,,
25100.979,-0.839980479272984,-1.306378793752856,-0.8412624572993863,-0.8399323463275358,0.897117604145948,1.0024659284670472,,,,,,,,,,,,,
25101.381,-0.839851036699017,-1.3065318827777972,-0.8414266370381327,-0.8400971278972582,0.8976610539467709,1.0030307112400374,,,,,,,,,,,,,
25101.783,-0.83945418717489,-1.3066849718027385,-0.8415907970390961,-0.8402619047734985,0.8987188612720778,1.004109813571835,,,,,,,,,,,,,
25102.214,-0.84060518784188,-1.3068491045633088,-0.8417667775032598,-0.8404385633712972,0.8968206199098571,1.0022343612503417,,,,,,,,,,,,,
25102.587,-0.838983054305777,-1.306991149852621,-0.8419190578277167,-0.8405914446073934,0.9002140195684867,1.0056474479841804,,,,,,,,,,,,,
25102.989,-0.84039645886079,-1.3071442388775623,-0.8420831586153454,-0.840756207645815,0.8977898014405401,1.003244410965694,,,,,,,,,,,,,
25103.391,-0.841690627505588,-1.3072973279025035,-0.8422472396652267,-0.840920966152289,0.8955949336999753,1.0010706863688983,,,,,,,,,,,,,
25103.793,-0.840792239188355,-1.3074504169274448,-0.8424113009773109,-0.8410857201670421,0.8976174513736875,1.0031143092207029,,,,,,,,,,,,,
25104.167,-0.841881919271649,-1.3075928430352253,-0.8425639174098549,-0.8412389947796736,0.8957954074454667,1.0013118663669522,,,,,,,,,,,,,
25104.569,-0.843609746313636,-1.3077459320601665,-0.8427279406211667,-0.8414037402373655,0.8927663973629901,0.9983038881755842,,,,,,,,,,,,,
25104.971,-0.841165009883958,-1.3078990210851078,-0.8428919440947098,-0.8415684813208402,0.8977633171105163,1.0033218018485281,,,,,,,,,,,,,
25105.373,-0.841249312403517,-1.308052110110049,-0.8430559278304841,-0.8417332180700682,0.8978956280194332,1.0034750687172,,,,,,,,,,,,,
25105.746,-0.843019093666238,-1.3081941553993595,-0.8432080642404287,-0.8418860669832703,0.8947646763171812,1.0003635272701112,,,,,,,,,,,,,
25106.177,-0.84348990533062,-1.3083582881599316,-0.843383836088698,-0.8420626787253735,0.8941747791522764,0.9997960178724802,,,,,,,,,,,,,
25106.551,-0.842232970590207,-1.308500714267712,-0.843536343622219,-0.8422159295343741,0.896866451082667,1.002507081409712,,,,,,,,,,,,,
25106.982,-0.842135710210586,-1.3086648470282842,-0.8437120730945438,-0.8423925322674146,0.8973692410379261,1.0030321776220081,,,,,,,,,,,,,
25107.384,-0.841196678232619,-1.3088179360532237,-0.8438759580923403,-0.842557247932589,0.8994699368319441,1.0051536394529232,,,,,,,,,,,,,
25107.757,-0.843304356677916,-1.3089599813425377,-0.844028002887228,-0.84271007746046,0.8956890395757181,1.001391976229915,,,,,,,,,,,,,
25108.188,-0.842094174028949,-1.3091241141031063,-0.8442036688746128,-0.8428866670156051,0.8983325365808871,1.004057657378616,,,,,,,,,,,,,
25108.59,-0.844170057209291,-1.3092772031280493,-0.844367494659096,-0.8430513705124533,0.8946340401832726,1.000379813120868,,,,,,,,,,,,,
25108.964,-0.844625757504933,-1.3094196292358298,-0.8445198919689147,-0.8432045985518025,0.8940314569831842,0.9997964095119145,,,,,,,,,,,,,
25109.366,-0.844298382897469,-1.309572718260771,-0.8446836796526114,-0.8433692944065909,0.8949556292398172,1.0007411606214163,,,,,,,,,,,,,
25109.768,-0.844609571549926,-1.3097258072857123,-0.8448474475985535,-0.8435339863600714,0.8946515244550229,1.0004575967238285,,,,,,,,,,,,,
25110.171,-0.842984801483841,-1.3098792771291237,-0.8450116031159354,-0.8436990841185601,0.8980719706223362,1.003898596767609,,,,,,,,,,,,,
25110.573,-0.843158512835417,-1.310032366154065,-0.8451753315372059,-0.8438637683775915,0.8980323035573232,1.0038793945639892,,,,,,,,,,,,,
25110.975,-0.843716064913578,-1.3101854551790062,-0.8453390402207148,-0.8440284488529127,0.8972543184874701,1.003121836389838,,,,,,,,,,,,,
25111.378,-0.845236796948217,-1.3103389250224176,-0.8455031363282615,-0.8441935352225426,0.8946243883544648,1.000512345858247,,,,,,,,,,,,,
25111.78,-0.844449271180051,-1.3104920140473588,-0.8456668054871201,-0.8443582082383463,0.8964336618089748,1.0023419701826741,,,,,,,,,,,,,
25112.211,-0.8432669857279,-1.3106561468079292,-0.8458422597001629,-0.8445347565788799,0.8990234985293798,1.0049535836978607,,,,,,,,,,,,,
25112.585,-0.845367019515351,-1.3107985729157114,-0.8459944916059214,-0.8446879529205512,0.8952580382845232,1.0012069848888094,,,,,,,,,,,,,
25113.016,-0.844293124724346,-1.3109627056762818,-0.8461699034430197,-0.8448644935171417,0.8976393854645072,1.0036100273533384,,,,,,,,,,,,,
25113.418,-0.846591238235162,-1.3111157947012249,-0.8463334921778127,-0.845029151835809,0.8935134288135987,0.9995042668763506,,,,,,,,,,,,,
25113.821,-0.845739661349653,-1.3112692645446344,-0.8464974680382724,-0.8451942162305047,0.8954466371582895,1.0014576835267546,,,,,,,,,,,,,
25114.223,-0.845669340908556,-1.3114223535695757,-0.8466610172484224,-0.8453588675617867,0.8958763654799692,1.0019075319965562,,,,,,,,,,,,,
25114.626,-0.845429642116593,-1.311575823412987,-0.8468249534859069,-0.8455239250292639,0.8966326257262907,1.0026839243336596,,,,,,,,,,,,,
25115.028,-0.8467247610554,-1.3117289124379283,-0.8469884631713924,-0.8456885695277497,0.8944359300942905,1.0005072728239681,,,,,,,,,,,,,
25115.43,-0.846205632897828,-1.3118820014628696,-0.8471519531191234,-0.8458532106718079,0.8957289404880233,1.0018202893743469,,,,,,,,,,,,,
25115.833,-0.847705445055106,-1.312035471306281,-0.8473158299467798,-0.8460182580425392,0.8931392497591378,0.99925061646119,,,,,,,,,,,,,
25116.207,-0.845948456862436,-1.3121778974140614,-0.847467896402776,-0.8461714256075458,0.8967927749833895,1.0029226848780515,,,,,,,,,,,,,
25116.609,-0.846034358592589,-1.3123309864390027,-0.8476313284628461,-0.8463360571346823,0.8969220098091987,1.003071814513401,,,,,,,,,,,,,
25117.012,-0.846779569614484,-1.312484456282414,-0.8477951472588501,-0.8465010949771775,0.8957837950862151,1.0019535059820706,,,,,,,,,,,,,
25117.414,-0.846924884202495,-1.3126375453073553,-0.847958539794277,-0.8466657201268846,0.8957987492230889,1.0019882789026715,,,,,,,,,,,,,
25117.788,-0.847249834981755,-1.3127799714151376,-0.8481105340316049,-0.8468188760390709,0.8954476628428643,1.0016555968021612,,,,,,,,,,,,,
25118.219,-0.84679808914882,-1.312944104175708,-0.8482856719780827,-0.8469953705776364,0.8966323059067365,1.0028614083209548,,,,,,,,,,,,,
25118.593,-0.846900677599459,-1.3130865302834902,-0.8484376294437226,-0.8471485207669475,0.8967089336783678,1.0029563696418355,,,,,,,,,,,,,
25118.996,-0.848458862462294,-1.3132400001268998,-0.8486013505850991,-0.8473135433170047,0.8940069629944898,1.00027411731059,,,,,,,,,,,,,
25119.398,-0.847406709033269,-1.313393089151841,-0.8487646457082363,-0.8474781533997937,0.8963252480078543,1.0026120337347768,,,,,,,,,,,,,
25119.801,-0.847778617373811,-1.3135465589952524,-0.8489283272266448,-0.847643170008935,0.8959050813496243,1.0022115092142623,,,,,,,,,,,,,
25120.203,-0.847792889316902,-1.3136996480201937,-0.8490915828251175,-0.847807774241246,0.8961720961393818,1.0024980793890288,,,,,,,,,,,,,
25120.606,-0.848077302203554,-1.313853117863605,-0.8492552247205722,-0.8479727850611218,0.8959202270704236,1.0022657762428548,,,,,,,,,,,,,
25121.009,-0.849698348802993,-1.3140065877070164,-0.8494188467799191,-0.8481377930395851,0.8930973417760459,0.9994624187164807,,,,,,,,,,,,,
25121.411,-0.848033858359234,-1.3141596767319577,-0.8495820430668815,-0.8483023887757833,0.8965934576231277,1.002977975862636,,,,,,,,,,,,,
25121.814,-0.848969270112868,-1.314313146575369,-0.8497456255032816,-0.8484673911916666,0.8950893916106623,1.0014933614032429,,,,,,,,,,,,,
25122.246,-0.848566882765397,-1.3144776601544095,-0.8499209573519266,-0.848644264201792,0.8961798260852106,1.0026046047983725,,,,,,,,,,,,,
25122.648,-0.849579655493784,-1.3146307491793525,-0.8500840929034794,-0.8488088515887219,0.894526223659102,1.0009703268466152,,,,,,,,,,,,,
25123.051,-0.848698104214556,-1.314784219022762,-0.8502476144533944,-0.8489738457499932,0.8965170877787901,1.0029805254040274,,,,,,,,,,,,,
25123.454,-0.849002975596608,-1.3149376888661735,-0.8504111161672157,-0.8491388372984603,0.896225866774356,1.002708600682508,,,,,,,,,,,,,
25123.856,-0.850413791468567,-1.3150907778911147,-0.8505741924072652,-0.8493034168728321,0.8938066279807404,1.0003085722773082,,,,,,,,,,,,,
25124.23,-0.850534585296238,-1.3152332039988952,-0.8507258923797423,-0.8494565309247906,0.8938482376922284,1.000368020249002,,,,,,,,,,,,,
25124.633,-0.849764918048817,-1.3153866738423083,-0.8508893360619112,-0.84962151504431,0.8956238927696936,1.0021628599852923,,,,,,,,,,,,,
25125.036,-0.850159184078338,-1.315540143685718,-0.8510527599079865,-0.8497864966977934,0.8951607210753176,1.0017188347949466,,,,,,,,,,,,,
25125.41,-0.850590917251961,-1.3156825697935002,-0.8512044059791037,-0.8499396040486544,0.8946042386573677,1.0011800869577625,,,,,,,,,,,,,
25125.841,-0.850361026170194,-1.3158467025540705,-0.8513791426966151,-0.8501160433867149,0.8953621438951005,1.0019583888850165,,,,,,,,,,,,,
25126.244,-0.849231219866531,-1.316000172397482,-0.8515425070836358,-0.850281017871131,0.8978305267918201,1.0044458039160544,,,,,,,,,,,,,
25126.647,-0.850927269741707,-1.3161536422408933,-0.8517058516345486,-0.8504459900380568,0.8948633726248002,1.0014976437285297,,,,,,,,,,,,,
25127.05,-0.851516779324373,-1.3163071120843046,-0.851869176349382,-0.8506109599245044,0.8940246497691468,1.0006778766975906,,,,,,,,,,,,,
25127.482,-0.850846646826957,-1.316471625663345,-0.8520442319307406,-0.8507877986025933,0.8956300922957893,1.002303596743701,,,,,,,,,,,,,
25127.884,-0.852622583614414,-1.3166247146882863,-0.8522071104002578,-0.850952354541109,0.8925085430718703,0.9992008774958528,,,,,,,,,,,,,
25128.287,-0.850846380540148,-1.3167781845316977,-0.8523703742286202,-0.8511173176582583,0.896220270775309,1.0029314439086572,,,,,,,,,,,,,
25128.719,-0.851340888159294,-1.31694269811074,-0.8525453645421024,-0.8512941492055042,0.8955855269234354,1.002316852033241,,,,,,,,,,,,,
25129.151,-0.85275941647978,-1.3171072116897822,-0.8527203320619421,-0.8514709783499033,0.893173428368443,0.9999248616110644,,,,,,,,,,,,,
25129.554,-0.852068851322745,-1.3172606815331918,-0.8528835335271978,-0.8516359348928265,0.89479693049936,1.0015670824956753,,,,,,,,,,,,,
25129.985,-0.850169256881956,-1.317424814293764,-0.8530580521008133,-0.8518123502071417,0.898766511745726,1.0055566408309806,,,,,,,,,,,,,
25130.388,-0.851948023780333,-1.3175782841371735,-0.8532212125156846,-0.8519773026201647,0.8956402513054329,1.0024490201838276,,,,,,,,,,,,,
25130.791,-0.85226877990581,-1.3177317539805866,-0.8533843530944623,-0.8521422530935938,0.8953184759818257,1.0021458464985655,,,,,,,,,,,,,
25131.223,-0.853620829822763,-1.317896267559627,-0.8535592112892871,-0.8523190713396555,0.8930342486996313,0.9998815170621175,,,,,,,,,,,,,
25131.597,-0.853410091193821,-1.3180386936674093,-0.8537105747437224,-0.8524721483673299,0.8937135614086238,1.0005780207376553,,,,,,,,,,,,,
25132.0,-0.851498960811528,-1.318192163510819,-0.853873655814219,-0.8526370932403288,0.8976848219181458,1.0045677684211238,,,,,,,,,,,,,
25132.403,-0.852667689246027,-1.3183456333542303,-0.8540367170486078,-0.8528020363191164,0.8957319710468024,1.0026333665689176,,,,,,,,,,,,,
25132.806,-0.853113304871937,-1.3184991031976416,-0.8541997584469243,-0.8529669776399003,0.8951700283546448,1.0020898347411165,,,,,,,,,,,,,
25133.209,-0.853918787681851,-1.318652573041053,-0.8543627800091329,-0.8531319172388275,0.8939158807897393,1.0008540598857585,,,,,,,,,,,,,
25133.612,-0.853496138594429,-1.3188060428844643,-0.8545257817352478,-0.8532968551519957,0.8950240461044207,1.0019805597551925,,,,,,,,,,,,,
25134.015,-0.853606953215449,-1.3189595127278757,-0.8546887636252691,-0.8534617914154407,0.8951060934655023,1.0020809035162177,,,,,,,,,,,,,
25134.418,-0.853539287143435,-1.319112982571287,-0.8548517256791897,-0.8536267260651486,0.895531448610403,1.0025245169062673,,,,,,,,,,,,,
25134.821,-0.853701024802923,-1.3192664524146984,-0.8550146678970307,-0.8537916591370447,0.8955155454582691,1.0025268338444728,,,,,,,,,,,,,
25135.225,-0.853532247808027,-1.319420303076578,-0.8551779945279918,-0.8539569999244945,0.8961361200647631,1.003165635455541,,,,,,,,,,,,,
25135.628,-0.854036136361389,-1.3195737729199912,-0.8553408970244192,-0.8541219299446414,0.8954620893409003,1.0025097484177552,,,,,,,,,,,,,
25136.031,-0.855656682427809,-1.3197272427634008,-0.8555037796847529,-0.8542868584945177,0.89264016682226,0.999705931430383,,,,,,,,,,,,,
25136.434,-0.853761427340451,-1.319880712606814,-0.8556666425089929,-0.8544517856098341,0.896580891186792,1.0036647231713882,,,,,,,,,,,,,
25136.866,-0.854694898994036,-1.3200452261858544,-0.8558412029619831,-0.8546285793768966,0.8951017995946765,1.0022049567174984,,,,,,,,,,,,,
25137.24,-0.853873795423922,-1.3201876522936367,-0.8559923086491779,-0.8547816356793361,0.8969551498520025,1.0040750021251603,,,,,,,,,,,,,
25137.672,-0.854905806031045,-1.3203521658726753,-0.8561668265751621,-0.8549584265644081,0.8952865184884723,1.0024256140989927,,,,,,,,,,,,,
25138.075,-0.854862446454164,-1.3205056357160885,-0.8563296086276182,-0.8551233482058316,0.895665120066732,1.0028221276889095,,,,,,,,,,,,,
25138.479,-0.854186668041964,-1.3206594863779682,-0.8564927746957736,-0.8552886778231557,0.8972609123845028,1.0044358381680705,,,,,,,,,,,,,
25138.882,-0.856157208923021,-1.3208129562213813,-0.8566555170268018,-0.8554535969883799,0.8937657745050445,1.0009585358959783,,,,,,,,,,,,,
25139.256,-0.856878842275151,-1.3209553823291618,-0.8568065306249011,-0.8556066474617818,0.8926516688163603,0.9998609482239161,,,,,,,,,,,,,
25139.688,-0.854896089826792,-1.3211198959082022,-0.8569809421805914,-0.8557834318035575,0.8967819370745396,1.004010255215821,,,,,,,,,,,,,
25140.092,-0.85543733436414,-1.3212737465700837,-0.8571440286581478,-0.8559487567427897,0.8960367845844261,1.0032828677942989,,,,,,,,,,,,,
25140.495,-0.855997686822474,-1.321427216413495,-0.8573066915955891,-0.856113671382724,0.8952541454853225,1.0025179115886806,,,,,,,,,,,,,
25140.927,-0.855600639539187,-1.3215917299925373,-0.8574810377778661,-0.8562904521722643,0.896334308341307,1.0036169874324066,,,,,,,,,,,,,
25141.33,-0.856866726792818,-1.3217451998359486,-0.8576436596157038,-0.8564553646907372,0.8941941876882116,1.0014944706175843,,,,,,,,,,,,,
25141.762,-0.856315092482158,-1.321909713414989,-0.8578179617408566,-0.8566321432867371,0.8955716988392514,1.0028908100122922,,,,,,,,,,,,,
25142.166,-0.85593761684639,-1.3220635640768705,-0.8579809458805698,-0.8567974630401628,0.8965937054811463,1.003930384875582,,,,,,,,,,,,,
25142.598,-0.856855324587098,-1.3222280776559128,-0.8581552038958193,-0.8569742396010759,0.8951449357905357,1.0025003585831012,,,,,,,,,,,,,
25143.001,-0.856164701143589,-1.3223815474993224,-0.8583177434852374,-0.8571391483247538,0.8967685500355411,1.0041414184612403,,,,,,,,,,,,,
25143.405,-0.856799025506358,-1.3225353981612038,-0.8584806664887168,-0.8573044654225951,0.8958443584121729,1.003234677463478,,,,,,,,,,,,,
25143.808,-0.857042122238854,-1.3226888680046152,-0.8586431663567282,-0.8574693725279184,0.8956719610052647,1.0030796492854268,,,,,,,,,,,,,
25144.211,-0.858916400013579,-1.3228423378480265,-0.8588056463886531,-0.8576342788771358,0.892361985302936,0.9997870046571601,,,,,,,,,,,,,
25144.615,-0.857283664261922,-1.322996188509908,-0.8589685096868322,-0.8577995936991023,0.8957984859787601,1.0032408411152445,,,,,,,,,,,,,
25144.989,-0.857367990003507,-1.3231386146176884,-0.8591192614065832,-0.8579526320519109,0.8959102420887267,1.0033686115178515,,,,,,,,,,,,,
25145.393,-0.857762692945513,-1.32329246527957,-0.8592820863157442,-0.858117945575613,0.8954469624974629,1.0029225938674422,,,,,,,,,,,,,
25145.796,-0.858357516608115,-1.3234459351229813,-0.859444488332251,-0.8582828492863575,0.8945980180039681,1.0020908303850928,,,,,,,,,,,,,
25146.2,-0.85904857906284,-1.3235997857848627,-0.8596072734214459,-0.8584481615994375,0.8935646906064361,1.0010746883345374,,,,,,,,,,,,,
25146.603,-0.858613632271139,-1.323753255628274,-0.8597696357165532,-0.8586130641714887,0.8946965105670643,1.0022236129020201,,,,,,,,,,,,,
25147.007,-0.859868084409467,-1.3239071062901555,-0.8599323809857609,-0.8587783754120495,0.8925795025740778,1.0001237136621608,,,,,,,,,,,,,
25147.41,-0.859731803686861,-1.3240605761335669,-0.8600947035594615,-0.8589432769829606,0.893136838065042,1.0006980773557168,,,,,,,,,,,,,
25147.814,-0.859377327622293,-1.3242144267954465,-0.8602574090087032,-0.8591085872886846,0.8941146050097245,1.0016928764596487,,,,,,,,,,,,,
25148.217,-0.860814385687224,-1.324367896638858,-0.860419691860983,-0.8592734879955903,0.8916456218375107,0.9992408450857359,,,,,,,,,,,,,
25148.621,-0.860061203665135,-1.3245217473007393,-0.8605823574902445,-0.8594387975037447,0.893390300072965,1.0010024788865899,,,,,,,,,,,,,
25149.024,-0.860351162075794,-1.3246752171441507,-0.8607446006211248,-0.8596036974833621,0.8931277641832739,1.0007568183909372,,,,,,,,,,,,,
25149.428,-0.859667263747844,-1.3248290678060322,-0.8609072264304416,-0.8597690063307951,0.8947391751667622,1.0023851083459474,,,,,,,,,,,,,
25149.831,-0.860027197061758,-1.3249825376494435,-0.8610694298398869,-0.8599339057194244,0.8943420424837086,1.0020047746526415,,,,,,,,,,,,,
25150.264,-0.858914129636769,-1.325147432046954,-0.8612436858388435,-0.8601110802255473,0.8968002032720239,1.004480942454892,,,,,,,,,,,,,
25150.667,-0.861189194262868,-1.3253009018903672,-0.8614058480994871,-0.86027597914525,0.8927193136776131,1.00041677270033,,,,,,,,,,,,,
25151.071,-0.860214816788269,-1.3254547525522469,-0.8615683928378814,-0.8604412870686994,0.8948894615776039,1.0026036436316712,,,,,,,,,,,,,
25151.475,-0.860032440477954,-1.3256086032141283,-0.8617309176416228,-0.8606065948511734,0.8955361944803215,1.003267061221358,,,,,,,,,,,,,
25151.878,-0.860477487123126,-1.3257620730575397,-0.8618930202955326,-0.8607714933492937,0.894975346223158,1.0027228181502987,,,,,,,,,,,,,
25152.282,-0.86133747259888,-1.3259159237194211,-0.8620555052793009,-0.8609368009516962,0.8936170952330533,1.0013811752532993,,,,,,,,,,,,,
25152.686,-0.861356856583608,-1.3260697743813026,-0.862217970328409,-0.8611021085146782,0.8938757420152139,1.001656391784169,,,,,,,,,,,,,
25153.089,-0.860812785938218,-1.326223244224714,-0.8623800133756134,-0.86126700689487,0.8952174618128214,1.0030146021141224,,,,,,,,,,,,,
25153.493,-0.862686067874123,-1.3263770948865936,-0.8625424386047484,-0.8614323144801738,0.8919101341121037,0.9997237675682501,,,,,,,,,,,,,
25153.897,-0.861012436121947,-1.3265309455484768,-0.8627048438992233,-0.8615976221271491,0.8954252982840584,1.0032553865506681,,,,,,,,,,,,,
25154.3,-0.863591023051867,-1.3266844153918864,-0.8628668273396798,-0.8617625206916918,0.8907605832478348,0.9986070473930463,,,,,,,,,,,,,
25154.704,-0.862860295342564,-1.3268382660537679,-0.8630291928141887,-0.8619278285624669,0.8924620705911612,1.0003249129529725,,,,,,,,,,,,,
25155.108,-0.860815491383887,-1.3269921167156493,-0.8631915383540303,-0.8620931365955455,0.8966911848574499,1.004570367091465,,,,,,,,,,,,,
25155.512,-0.861528419750852,-1.3271459673775308,-0.8633538639592118,-0.8622584448244,0.8956157983568033,1.00351128211864,,,,,,,,,,,,,
25155.915,-0.861643421483807,-1.3272994372209421,-0.8635157679076428,-0.8624233441027901,0.8956897918040719,1.0036014985412844,,,,,,,,,,,,,
25156.348,-0.862595463252426,-1.3274643316184545,-0.863689702153188,-0.8626005190536942,0.8941757130826158,1.0021048079398849,,,,,,,,,,,,,
25156.752,-0.862961437003291,-1.3276181822803341,-0.8638519665727813,-0.8627658280919369,0.8937676941179958,1.0017129728123835,,,,,,,,,,,,,
25157.185,-0.862648571937983,-1.3277830766778465,-0.8640258565534182,-0.8629430037419097,0.8946866649018448,1.0026492465725925,,,,,,,,,,,,,
25157.588,-0.862596139228335,-1.327936546521256,-0.8641876781549769,-0.8631079043206794,0.895082718659656,1.00306136491128,,,,,,,,,,,,,
25158.021,-0.864183369429131,-1.3281014409187684,-0.8643615239236198,-0.8632850808214079,0.8923468543811673,1.0003427185671905,,,,,,,,,,,,,
25158.425,-0.862815679467516,-1.3282552915806498,-0.864523705792017,-0.8634503914480435,0.8952735392262532,1.00328542846188,,,,,,,,,,,,,
25158.858,-0.864334469332147,-1.3284201859781604,-0.8646975072957517,-0.8636275689527729,0.8926693199998573,1.000698342026201,,,,,,,,,,,,,
25159.262,-0.863323302248957,-1.3285740366400418,-0.8648596478638879,-0.8637928805870605,0.8949102327471761,1.0029552003819018,,,,,,,,,,,,,
25159.665,-0.86312362284644,-1.3287275064834532,-0.8650213672332683,-0.8639577835691286,0.8955895156596081,1.0036503512312431,,,,,,,,,,,,,
25160.069,-0.863834327792206,-1.3288813571453346,-0.8651834679814243,-0.8641230963088951,0.894518405911765,1.0025951104979185,,,,,,,,,,,,,
25160.473,-0.866023375429258,-1.329035207807216,-0.8653455487949273,-0.8642884096513556,0.8906037025827742,0.99869623783905,,,,,,,,,,,,,
25160.877,-0.863211964309437,-1.3291890584690975,-0.8655076096737702,-0.8644537236293136,0.8963073864570031,1.0044157140390193,,,,,,,,,,,,,
25161.281,-0.863727781424809,-1.3293429091309772,-0.8656696506179529,-0.8646190382755281,0.8956111436373859,1.0037352252007465,,,,,,,,,,,,,
25161.685,-0.864336507544885,-1.3294967597928604,-0.8658316716274825,-0.864784353622709,0.8947361902583331,1.0028759874586561,,,,,,,,,,,,,
25162.06,-0.864447934776552,-1.329639566719111,-0.865982044576441,-0.8649378029299987,0.8947965491308882,1.0029508995509961,,,,,,,,,,,,,
25162.464,-0.865195610150947,-1.3297934173809924,-0.8661440271476053,-0.865103119720947,0.8936543267282046,1.0018243188489406,,,,,,,,,,,,,
25162.868,-0.865969270478232,-1.329947268042872,-0.8663059897841094,-0.865268437308354,0.8924621222437715,1.0006477177207538,,,,,,,,,,,,,
25163.272,-0.865400929182553,-1.3301011187047536,-0.8664679324859392,-0.865433755724736,0.8938512591651232,1.0020524196539555,,,,,,,,,,,,,
25163.676,-0.865036055179669,-1.330254969366635,-0.8666298552531231,-0.8655990750025568,0.8948490265541086,1.0030657137104089,,,,,,,,,,,,,
25164.08,-0.865689556737153,-1.3304088200285165,-0.8667917580856539,-0.8657643951742373,0.8938879475783574,1.00212012305773,,,,,,,,,,,,,
25164.484,-0.865422943366368,-1.330562670690398,-0.8669536409835246,-0.8659297162721434,0.8946967105474859,1.0029443360055486,,,,,,,,,,,,,
25164.888,-0.866023401198948,-1.3307165213522794,-0.867115503946728,-0.8660950383285977,0.8938376612273392,1.0021006983196958,,,,,,,,,,,,,
25165.292,-0.866798643678625,-1.3308703720141608,-0.8672773469752855,-0.866260361375874,0.8926424134712698,1.0009208238535388,,,,,,,,,,,,,
25165.725,-0.86611551388712,-1.3310352664116714,-0.8674507853165281,-0.8664375528082805,0.8942735888102198,1.0025684334387939,,,,,,,,,,,,,
25166.13,-0.866041738164172,-1.331189497892023,-0.8676129875194007,-0.8666032872329399,0.894712160883921,1.003022337169662,,,,,,,,,,,,,
25166.534,-0.865723884772523,-1.3313433485539043,-0.8677747692636686,-0.8667686135278494,0.895619484082207,1.0039449157773426,,,,,,,,,,,,,
25166.909,-0.866645510105243,-1.331486155480155,-0.8679249201223627,-0.8669220733444163,0.8941214261321997,1.0024609838556964,,,,,,,,,,,,,
25167.313,-0.867181135602059,-1.3316400061420364,-0.8680866634282793,-0.8670874018310764,0.8933870818719258,1.0017418210684825,,,,,,,,,,,,,
25167.717,-0.867296425095321,-1.3317938568039178,-0.8682483867995359,-0.8672527315012587,0.8934612543166602,1.001831136641895,,,,,,,,,,,,,
25168.121,-0.86901128521575,-1.3319477074657975,-0.8684100902361322,-0.867418062386895,0.8904586511295868,0.9988436382390894,,,,,,,,,,,,,
25168.526,-0.867766155719022,-1.3321019389461508,-0.8685721739200218,-0.8675838037594038,0.8931503233078932,1.0015504141028946,,,,,,,,,,,,,
25168.93,-0.867624041284719,-1.3322557896080305,-0.8687338374379721,-0.8677491371747739,0.8937196124535762,1.0021347312491673,,,,,,,,,,,,,
25169.334,-0.869144870750448,-1.332409640269912,-0.8688954810212621,-0.8679144719011986,0.8910902274164677,0.9995203358682666,,,,,,,,,,,,,
25169.738,-0.867947368084534,-1.3325634909317934,-0.8690571046698707,-0.8680798079704253,0.8936895568354398,1.0021346165990503,,,,,,,,,,,,,
25170.142,-0.868547920592798,-1.3327173415936748,-0.8692187083838334,-0.8682451454141481,0.8928303254065245,1.0012902981375649,,,,,,,,,,,,,
25170.576,-0.868103953570805,-1.3328826168096573,-0.8693922901635247,-0.868422761958344,0.8940022034341851,1.0024781538100753,,,,,,,,,,,,,
25170.98,-0.868891649962527,-1.333036467471537,-0.8695538525278721,-0.8685881023539891,0.892783000566378,1.0012737843735766,,,,,,,,,,,,,
25171.384,-0.867240885539208,-1.3331903181334184,-0.8697153949575664,-0.8687534442212826,0.8962541794093937,1.0047597583035042,,,,,,,,,,,,,
25171.817,-0.869628311617206,-1.333355212530929,-0.8698885111222907,-0.8689306563576746,0.8919791375954863,1.0005005310282247,,,,,,,,,,,,,
25172.222,-0.869558679998133,-1.3335094440112822,-0.8700504119822554,-0.8690964106458788,0.8924097384814222,1.0009458839371381,,,,,,,,,,,,,
25172.597,-0.868844202438275,-1.3336522509375328,-0.8702003023234255,-0.8692498882432914,0.8940587260106908,1.0026084963883974,,,,,,,,,,,,,
25173.03,-0.868271104865236,-1.3338171453350434,-0.8703733543384402,-0.8694271054228467,0.8954782542721441,1.0040437157962523,,,,,,,,,,,,,
25173.406,-0.870564982816089,-1.333960333079764,-0.8705236072581357,-0.8695809953004968,0.8913413996028958,0.9999204509642277,,,,,,,,,,,,,
25173.781,-0.869180462627183,-1.3341031400060146,-0.8706734433706202,-0.8697344773287949,0.8942792147702264,1.0028717867444827,,,,,,,,,,,,,
25174.185,-0.868831055338934,-1.3342569906678978,-0.8708348475899754,-0.869899830263164,0.8952472319188165,1.0038543331318839,,,,,,,,,,,,,
25174.59,-0.869713722891637,-1.3344112221482476,-0.8709966313159896,-0.8700655942136928,0.8938460844366868,1.002467712365144,,,,,,,,,,,,,
25174.994,-0.869073047052534,-1.334565072810129,-0.8711579956166773,-0.8702309506241723,0.8953743569215231,1.004010437305099,,,,,,,,,,,,,
25175.37,-0.87024528765679,-1.3347082605548497,-0.8713081583428419,-0.8703848482902915,0.8933949727616223,1.0020444694948436,,,,,,,,,,,,,
25175.774,-0.870947699451199,-1.334862111216733,-0.8714694841558241,-0.8705502081703232,0.8923398148983528,1.0010036900554444,,,,,,,,,,,,,
25176.179,-0.872190500403726,-1.3350163426970827,-0.8716311892813877,-0.8707159792063559,0.8902459504770904,0.9989242011613543,,,,,,,,,,,,,
25176.583,-0.869178869763223,-1.3351701933589641,-0.8717924751757167,-0.8708813428070086,0.8963347567909189,1.0050273091153747,,,,,,,,,,,,,
25176.988,-0.871000253238152,-1.3353244248393157,-0.8719541402838047,-0.8710471176350436,0.8931279883342396,1.0018348392121053,,,,,,,,,,,,,
25177.363,-0.869992130066179,-1.3354672317655663,-0.8721038123362277,-0.8712006145796978,0.8953418034793676,1.0040618593999815,,,,,,,,,,,,,
25177.796,-0.87075912574058,-1.3356321261630768,-0.8722766123004746,-0.8713778544916619,0.8941836610971862,1.0029189233436697,,,,,,,,,,,,,
25178.201,-0.871531737762949,-1.3357863576434301,-0.8724382174070939,-0.8715436352377015,0.8929942055329604,1.0017436509198232,,,,,,,,,,,,,
25178.605,-0.871932812259016,-1.3359402083053098,-0.872599403529442,-0.8717090086788104,0.8925186702513606,1.0012822253666491,,,,,,,,,,,,,
25179.01,-0.872332725660857,-1.3360944397856613,-0.8727609686186071,-0.8718747935262369,0.8920461008403103,1.000823762122216,,,,,,,,,,,,,
25179.415,-0.871889963625517,-1.3362486712660129,-0.8729225136742969,-0.8720405804731721,0.8931944184389387,1.0019861473530234,,,,,,,,,,,,,
25179.819,-0.870651899163787,-1.3364025219278943,-0.8730836398939772,-0.8722059601920342,0.8958717685109717,1.0046774919304937,,,,,,,,,,,,,
25180.224,-0.872175602988546,-1.336556753408244,-0.8732451449322127,-0.8723717514250122,0.893237587146207,1.0020573012241598,,,,,,,,,,,,,
25180.628,-0.872679758856078,-1.3367106040701273,-0.8734062312332185,-0.8725371354805299,0.8925637747479742,1.0013974065476718,,,,,,,,,,,,,
25181.033,-0.872424981433481,-1.336864835550477,-0.8735676962539856,-0.8727029311221497,0.8933505037641266,1.002198049248507,,,,,,,,,,,,,
25181.437,-0.873442607325656,-1.3370186862123603,-0.8737287426363451,-0.872868319636436,0.8916890312822113,1.0005504177046585,,,,,,,,,,,,,
25181.842,-0.872688809342164,-1.33717291769271,-0.8738901676396296,-0.8730341198089336,0.893435626824702,1.0023108499580835,,,,,,,,,,,,,
25182.218,-0.873027222254274,-1.3373161054374307,-0.8740400158824286,-0.8731880499410898,0.8930601110284396,1.0019481456015806,,,,,,,,,,,,,
25182.622,-0.871402281141501,-1.3374699560993122,-0.8742010037930825,-0.873353445206135,0.8964816187089126,1.0053833817495614,,,,,,,,,,,,,
25183.027,-0.87487231414303,-1.3376241875796637,-0.8743623701799379,-0.873519252235234,0.8901036713104115,0.9990191583130733,,,,,,,,,,,,,
25183.432,-0.872643877595829,-1.3377784190600153,-0.8745237165333108,-0.8736850616674848,0.894686735541115,1.0036159079713236,,,,,,,,,,,,,
25183.836,-0.874195757943029,-1.3379322697218967,-0.8746846445413041,-0.8738504641182145,0.8919976241037879,1.00094040977853,,,,,,,,,,,,,
25184.27,-0.873421107656644,-1.3380975449378774,-0.8748575004388357,-0.8740281516614247,0.8938055717068967,1.0027629387895207,,,,,,,,,,,,,
25184.646,-0.875560484681823,-1.338240732682598,-0.8750072371796591,-0.8741820952592259,0.8899658997160069,0.9989358637639081,,,,,,,,,,,,,
25185.079,-0.874408485661936,-1.3384056270801103,-0.8751796519811492,-0.8743593787483481,0.8924989454643614,1.0014833749761824,,,,,,,,,,,,,
25185.484,-0.873690568100992,-1.338559858560462,-0.8753408968316236,-0.8745252008223304,0.8941765249797542,1.003174444677923,,,,,,,,,,,,,
25185.918,-0.874607459238909,-1.3387251337764425,-0.8755136653731128,-0.874702899447632,0.8927307910347732,1.0017431241111519,,,,,,,,,,,,,
25186.294,-0.875041161310841,-1.338868321521165,-0.8756633264321891,-0.8748568527604578,0.8921719864484253,1.0011967709159757,,,,,,,,,,,,,
25186.727,-0.875347777303135,-1.3390332159186737,-0.8758356540789265,-0.8750341475682245,0.8918993848252585,1.0009384671142032,,,,,,,,,,,,,
25187.132,-0.875156268668251,-1.339187447399027,-0.8759968174105026,-0.8751999803555351,0.8925644162677171,1.0016168319411205,,,,,,,,,,,,,
25187.566,-0.875709984885322,-1.3393527226150077,-0.876169498595921,-0.8753776905969103,0.8918172496304644,1.0008839106523775,,,,,,,,,,,,,
25187.971,-0.874985325013365,-1.3395069540953592,-0.8763306204260672,-0.8755435290291487,0.8935077979875419,1.002587712565759,,,,,,,,,,,,,
25188.376,-0.875345290492941,-1.3396611855757108,-0.8764917222227453,-0.875709370232188,0.89311206844319,1.0022051980432733,,,,,,,,,,,,,
25188.78,-0.87601701672156,-1.3398150362375905,-0.8766524062778913,-0.875874804741014,0.8921159342950703,1.0012222078954878,,,,,,,,,,,,,
25189.185,-0.876013397644843,-1.339969267717942,-0.8768134680571151,-0.8760406515680652,0.892419559992621,1.0015389716411565,,,,,,,,,,,,,
25189.59,-0.874134823427075,-1.3401234991982935,-0.8769745098028565,-0.8762065012551875,0.8963296636979161,1.0054621748601174,,,,,,,,,,,,,
25189.995,-0.874401595522321,-1.340277730678645,-0.877135531515151,-0.8763723538320759,0.8961131917174894,1.0052587638589043,,,,,,,,,,,,,
25190.4,-0.876038972639489,-1.3404319621589966,-0.8772965331939631,-0.8765382093283814,0.8932603596660181,1.0024189542522088,,,,,,,,,,,,,
25190.776,-0.874524851275923,-1.3405751499037173,-0.8774459884244195,-0.8766921913913155,0.8964481953214996,1.0056188453867658,,,,,,,,,,,,,
25191.181,-0.876096505831858,-1.3407293813840688,-0.8776069514707814,-0.8768580526009648,0.8937217806794426,1.0029053788798454,,,,,,,,,,,,,
25191.586,-0.876828853832381,-1.3408836128644186,-0.8777678944837035,-0.877023916816607,0.8926097729997551,1.0018062808008423,,,,,,,,,,,,,
25191.962,-0.878006454416186,-1.341026800609141,-0.8779172952490271,-0.8771779070519199,0.8906200789140668,0.9998285374303448,,,,,,,,,,,,,
25192.367,-0.877129205011544,-1.3411810320894908,-0.878078199629492,-0.877343777147503,0.8926041333832561,1.0018254271905933,,,,,,,,,,,,,
25192.772,-0.878381578311035,-1.3413352635698441,-0.8782390839765029,-0.8775096503352858,0.8904918565434568,0.9997259471073872,,,,,,,,,,,,,
25193.177,-0.878551327857122,-1.3414894950501939,-0.8783999482900384,-0.8776755266446182,0.8904620075291638,0.9997088563152636,,,,,,,,,,,,,
25193.582,-0.878179800506424,-1.3416437265305454,-0.8785607925701129,-0.8778414061048123,0.8914733051437269,1.000732873617544,,,,,,,,,,,,,
25193.987,-0.877719300475767,-1.341797958010897,-0.878721616816712,-0.878007288745136,0.8926557417933191,1.0019279914203874,,,,,,,,,,,,,
25194.392,-0.877773761416886,-1.3419521894912485,-0.8788824210298429,-0.8781731745948108,0.8928476505209919,1.0021325427668875,,,,,,,,,,,,,
25194.797,-0.877282506239826,-1.3421064209715983,-0.8790432052095127,-0.8783390636830197,0.894089244724113,1.003386741054384,,,,,,,,,,,,,
25195.202,-0.877072434687514,-1.3422606524519516,-0.8792039693557143,-0.878504956038903,0.8947899819560052,1.0041000438361993,,,,,,,,,,,,,
25195.636,-0.878057228614485,-1.3424259276679305,-0.8793762227721089,-0.8786827307667748,0.8932136369313068,1.002537121344744,,,,,,,,,,,,,
25196.041,-0.878293377671655,-1.3425801591482838,-0.8795369454168807,-0.8788486299845081,0.8930560683939222,1.0023920385291278,,,,,,,,,,,,,
25196.417,-0.878028660993531,-1.3427233468930044,-0.8796861415935098,-0.8790026530033348,0.8938406729415416,1.0031882002648356,,,,,,,,,,,,,
25196.851,-0.878161830946638,-1.342888622108985,-0.8798583306060195,-0.8791804385196655,0.8939024274453969,1.003263253420812,,,,,,,,,,,,,
25197.256,-0.878976902720474,-1.3430428535893366,-0.8800189931503866,-0.8793463478949815,0.8926313005085961,1.0020044966024515,,,,,,,,,,,,,
25197.632,-0.878904948498799,-1.343186041334059,-0.8801681335300984,-0.8795003804217332,0.8930451262868068,1.0024297722431745,,,,,,,,,,,,,
25198.066,-0.879609085623456,-1.343351316550038,-0.8803402581387303,-0.879678177005488,0.8920086248898882,1.001406445617283,,,,,,,,,,,,,
25198.472,-0.880675395358054,-1.3435059288488613,-0.8805012571071487,-0.8798445064811752,0.8902549739998754,0.9996650794527276,,,,,,,,,,,,,
25198.877,-0.879954095987942,-1.343660160329211,-0.880661839468182,-0.880010429812825,0.8919390584284351,1.0013613797667924,,,,,,,,,,,,,
25199.282,-0.879577336573765,-1.3438143918095626,-0.8808224017957542,-0.8801763567033289,0.8929604199221061,1.002394918611516,,,,,,,,,,,,,
25199.687,-0.879677823530241,-1.3439686232899142,-0.8809829440898511,-0.8803422871813597,0.8930637975652027,1.0025104350712135,,,,,,,,,,,,,
25200.121,-0.879228581101056,-1.3441338985058948,-0.8811549597684589,-0.8805201031156087,0.8942458228436416,1.0037054255933506,,,,,,,,,,,,,
25200.526,-0.879829415979977,-1.3442881299862464,-0.881315460561126,-0.8806860411166125,0.8933867807791888,1.0028584425173723,,,,,,,,,,,,,
25200.932,-0.880091024516023,-1.344442742285068,-0.8814763375443277,-0.8808523925300518,0.8931809734145152,1.0026646852391385,,,,,,,,,,,,,
25201.337,-0.881192353181224,-1.3445969737654195,-0.8816367982206046,-0.8810183379193964,0.8913592310732866,1.0008549247223386,,,,,,,,,,,,,
25201.742,-0.880146469827239,-1.3447512052457693,-0.8817972388634061,-0.8811842870411027,0.8936676531053841,1.0031752900444126,,,,,,,,,,,,,
25202.147,-0.882808478943763,-1.3449054367261226,-0.8819576594727465,-0.8813502399235909,0.8888439404228003,0.998363482117339,,,,,,,,,,,,,
25202.553,-0.882140025491935,-1.3450600490249425,-0.882118456074636,-0.8815166063695076,0.8904271081816701,0.9999585453489188,,,,,,,,,,,,,
25202.929,-0.880576054615422,-1.3452032367696631,-0.8822673531981593,-0.881670683149352,0.8937108294230006,1.0032532485486034,,,,,,,,,,,,,
25203.334,-0.882084032303854,-1.3453574682500147,-0.8824277150921418,-0.8818366472174852,0.8911068972965108,1.0006611082384052,,,,,,,,,,,,,
25203.74,-0.882375864791333,-1.3455120805488363,-0.88258845283368,-0.8820030249599086,0.8908429541323379,1.0004089473288353,,,,,,,,,,,,,
25204.145,-0.880876886624005,-1.3456663120291878,-0.8827487746112439,-0.8821689968101011,0.8940229044714193,1.0036006123201764,,,,,,,,,,,,,
25204.522,-0.881879074574515,-1.3458098805923786,-0.8828979944102713,-0.8823234975931935,0.8923713492583947,1.0019599272271453,,,,,,,,,,,,,
25204.927,-0.882460367467689,-1.3459641120727301,-0.8830582775059312,-0.882489477054164,0.8915498962222239,1.0011501144384534,,,,,,,,,,,,,
25205.332,-0.883514868958819,-1.34611834355308,-0.883218540568123,-0.8826554604979684,0.8898182259951212,0.9994300459243773,,,,,,,,,,,,,
25205.709,-0.881897259047297,-1.3462619121162724,-0.8833677057111231,-0.8828099721471391,0.8932058544763076,1.002828439394464,,,,,,,,,,,,,
25206.143,-0.882854037116355,-1.346427187332253,-0.8835394021796645,-0.88298784930682,0.8916833979811135,1.0013183341412901,,,,,,,,,,,,,
25206.548,-0.88328579769103,-1.3465814188126046,-0.8836996050919979,-0.8831538448773671,0.8911495705026461,1.0007959926773515,,,,,,,,,,,,,
25206.954,-0.883098643885466,-1.3467360311114263,-0.8838601834593547,-0.8833202544236025,0.8918069579314293,1.001464855803924,,,,,,,,,,,,,
25207.359,-0.883613974188315,-1.3468902625917778,-0.8840203462552765,-0.8834862582220122,0.8911123840008607,1.0007816907238385,,,,,,,,,,,,,
25207.794,-0.884469727835585,-1.3470559186262285,-0.8841923506476448,-0.8836645632221143,0.8897849805823264,0.9994664983340649,,,,,,,,,,,,,
25208.17,-0.883454806473328,-1.3471991063709492,-0.8843410070867179,-0.8838186882103982,0.8920126045576618,1.00170464131031,,,,,,,,,,,,,
25208.605,-0.884394398241909,-1.3473647624054,-0.8845129683911068,-0.8839970022297748,0.8905239384325704,1.0002281033340856,,,,,,,,,,,,,
25209.01,-0.884966809747966,-1.3475189938857515,-0.8846730495197335,-0.8841630231228823,0.8897195687530166,0.9994349854177011,,,,,,,,,,,,,
25209.416,-0.883870491247446,-1.347673606184573,-0.8848335058027033,-0.8843294582237644,0.8921257353424249,1.0018523928751004,,,,,,,,,,,,,
25209.85,-0.884142964427991,-1.3478388814005537,-0.885005005773138,-0.8845073763773229,0.8919195399550196,1.0016581707648915,,,,,,,,,,,,,
25210.227,-0.883446374503515,-1.3479824499637463,-0.8851539628824412,-0.8846619314262452,0.8935355856099029,1.0032845812551363,,,,,,,,,,,,,
25210.603,-0.885496749476609,-1.348125637708467,-0.8853025075898984,-0.8848160802663487,0.8898671091513547,0.9996264088813559,,,,,,,,,,,,,
25211.038,-0.886041786257733,-1.3482912937429177,-0.8854743396303348,-0.884994422058742,0.8891373699221419,0.9989085491613168,,,,,,,,,,,,,
25211.415,-0.885136846293513,-1.3484348623061102,-0.8856232420375676,-0.8851489890519092,0.8911541770778195,1.000935615932715,,,,,,,,,,,,,
25211.82,-0.884232826351513,-1.34858909378646,-0.8857831841685595,-0.8853150400967318,0.8931897247012305,1.0029821479568288,,,,,,,,,,,,,
25212.226,-0.884303233438423,-1.3487437060852816,-0.8859435011106811,-0.8854815056154932,0.893351693506909,1.0031550896078951,,,,,,,,,,,,,
25212.631,-0.886035944092618,-1.3488979375656331,-0.8861034031252899,-0.8856475656084366,0.8903154873057526,1.00012979064341,,,,,,,,,,,,,
25213.066,-0.886271661085633,-1.3490635936000839,-0.8862751274191965,-0.8858259313653805,0.8901807249849207,1.0000067005809166,,,,,,,,,,,,,
25213.472,-0.885095229594333,-1.3492182058989055,-0.8864353825753142,-0.8859924107954429,0.8927409889887454,1.0025778185845238,,,,,,,,,,,,,
25213.906,-0.886524814174658,-1.3493834811148862,-0.8866066675480866,-0.8861703766406256,0.890309088716754,1.0001574780409246,,,,,,,,,,,,,
25214.312,-0.886563090485619,-1.3495380934137096,-0.8867668810507041,-0.8863368655950804,0.8905328611007162,1.0003920243040267,,,,,,,,,,,,,
25214.747,-0.887255066689882,-1.3497037494481585,-0.8869385160340073,-0.8865152517734912,0.8895204837505025,0.9993911474228702,,,,,,,,,,,,,
25215.181,-0.886468394347879,-1.349869024664141,-0.8871097334224416,-0.8866932332166537,0.8913515557890985,1.0012336491911622,,,,,,,,,,,,,
25215.587,-0.887376900171447,-1.3500236369629626,-0.8872698837010162,-0.8868597368515516,0.8899014408729333,0.9997941865424598,,,,,,,,,,,,,
25215.993,-0.886963938679808,-1.3501782492617824,-0.8874300138470659,-0.8870262452176303,0.8909931696019281,1.000896528813926,,,,,,,,,,,,,
25216.427,-0.887417158204697,-1.3503435244777648,-0.887601165188407,-0.8872042421819448,0.8904393084482449,1.0003539703480668,,,,,,,,,,,,,
25216.862,-0.887915485386717,-1.3505091805122156,-0.8877726878029151,-0.8873826547669971,0.8897994151776,0.999725361404722,,,,,,,,,,,,,
25217.268,-0.887142412275635,-1.3506637928110372,-0.8879327547249218,-0.8875491781675551,0.8915838189511472,1.0015202571090778,,,,,,,,,,,,,
25217.674,-0.886315510916652,-1.3508184051098588,-0.8880928015144107,-0.8877157064116941,0.8934717614110341,1.0034186527747821,,,,,,,,,,,,,
25218.079,-0.887077879301932,-1.3509726365902104,-0.8882524340417888,-0.8878818293403702,0.8923020094925465,1.0022592897332816,,,,,,,,,,,,,
25218.485,-0.886314647635569,-1.3511272488890302,-0.8884124406158165,-0.8880483673406752,0.8940674832377571,1.004035139329753,,,,,,,,,,,,,
25218.891,-0.88778518690516,-1.3512818611878519,-0.8885724270573334,-0.8882149102655181,0.8915362964504203,1.001514289668686,,,,,,,,,,,,,
25219.297,-0.889111132322504,-1.3514364734866735,-0.8887323933663325,-0.888381458141829,0.8892832360762258,0.9992715276957983,,,,,,,,,,,,,
25219.703,-0.889304784296534,-1.3515910857854951,-0.8888923395427923,-0.8885480109965014,0.88920814322361,0.9992066945195123,,,,,,,,,,,,,
25220.109,-0.889254359508181,-1.351745698084315,-0.8890522655867557,-0.8887145688563856,0.8896025322569638,0.999611304504219,,,,,,,,,,,,,
25220.515,-0.888843514268839,-1.3519003103831366,-0.889212171498194,-0.8888811317482966,0.8906901903726441,1.000709144846275,,,,,,,,,,,,,
25220.92,-0.888739171456677,-1.3520545418634882,-0.889371663494515,-0.8890472894268866,0.8911875582716944,1.0012166313103121,,,,,,,,,,,,,
25221.355,-0.887688786525195,-1.352220197897939,-0.8895429473983967,-0.8892257607190089,0.8935266142331584,1.003566512438317,,,,,,,,,,,,,
25221.761,-0.888192411141267,-1.3523748101967605,-0.8897027915238311,-0.8893923392210565,0.8928552887069968,1.002905250292926,,,,,,,,,,,,,
25222.167,-0.89069425790786,-1.3525294224955822,-0.8898626155167406,-0.8895589228638444,0.8883403809624347,0.9984003672041432,,,,,,,,,,,,,
25222.573,-0.889957518286519,-1.3526840347944038,-0.890022419377118,-0.8897255116739894,0.8900548972337017,1.0001248694062266,,,,,,,,,,,,,
25222.979,-0.888702535671009,-1.3528386470932237,-0.8901822031049775,-0.8898921056780749,0.8927662544000975,1.0028461737784617,,,,,,,,,,,,,
25223.385,-0.889790679575705,-1.3529932593920453,-0.8903419667003334,-0.8900587049026446,0.8909706054630071,1.001060433322234,,,,,,,,,,,,,
25223.791,-0.890847688788585,-1.353147871690867,-0.8905017101631572,-0.8902253093742064,0.8892348441354141,0.9993345417505264,,,,,,,,,,,,,
25224.197,-0.889637298332159,-1.3533024839896886,-0.8906614334934702,-0.8903919191192247,0.89186042824115,1.0019699568871707,,,,,,,,,,,,,
25224.632,-0.891389191938189,-1.3534681400241393,-0.8908325432921487,-0.8905704354422677,0.8888092987545255,0.9989293176750798,,,,,,,,,,,,,
25225.009,-0.891967373674653,-1.35361170858733,-0.8909808197565283,-0.8907251545353181,0.8879733198999022,0.9981023944328231,,,,,,,,,,,,,
25225.444,-0.890454947873995,-1.3537773646217808,-0.8911518864140859,-0.8909036823020722,0.8912011119153008,1.0013405937406716,,,,,,,,,,,,,
25225.85,-0.891625982625026,-1.3539319769206024,-0.8913115277762813,-0.8910703137900626,0.8892460223559763,0.99939517754629,,,,,,,,,,,,,
25226.256,-0.891535700100536,-1.354086589219424,-0.8914711490059446,-0.8912369506851607,0.8897170777829285,0.9998758676132081,,,,,,,,,,,,,
25226.662,-0.892316823267087,-1.3542412015182457,-0.8916307501031042,-0.8914035930136027,0.8885119835294135,0.998680369274682,,,,,,,,,,,,,
25227.097,-0.890964940476205,-1.3544068575526982,-0.8918017289376934,-0.8915821444246232,0.891430970911906,1.0016095950217982,,,,,,,,,,,,,
25227.503,-0.890624708727539,-1.354561469851518,-0.8919612883317569,-0.8917487980911596,0.8923828039107056,1.002570943719575,,,,,,,,,,,,,
25227.939,-0.891609782620855,-1.3547275067044389,-0.8921326154099205,-0.8919277722086261,0.8908073853798613,1.0010057008952942,,,,,,,,,,,,,
25228.345,-0.890753252112075,-1.3548821190032605,-0.8922921330513418,-0.8920944373390336,0.8927523195377314,1.0029600704407324,,,,,,,,,,,,,
25228.751,-0.891491440273027,-1.3550367313020821,-0.8924516305602239,-0.8922611080372018,0.8916298108085658,1.001846958374158,,,,,,,,,,,,,
25229.186,-0.891117660979774,-1.3552023873365329,-0.8926224984073912,-0.8924396899933007,0.8926674151775288,1.0028945876230337,,,,,,,,,,,,,
25229.592,-0.893779768928456,-1.3553569996353545,-0.8927819542132056,-0.8926063723073883,0.8878442448958827,0.998080733787953,,,,,,,,,,,,,
25229.998,-0.8936152528304,-1.3555116119341761,-0.8929413898865022,-0.8927730602690068,0.8884580886726148,0.9987038552862877,,,,,,,,,,,,,
25230.405,-0.891875203257584,-1.355666605051466,-0.8931011980515322,-0.8929401644865338,0.8921032051001861,1.0023582334188195,,,,,,,,,,,,,
25230.811,-0.893822841355205,-1.3558212173502877,-0.8932605934101971,-0.8931068638349366,0.8886543182606516,0.9989185467555642,,,,,,,,,,,,,
25231.217,-0.89389720327041,-1.3559758296491093,-0.8934199686363442,-0.8932735689085102,0.8888086799503205,0.9990820698965215,,,,,,,,,,,,,
25231.623,-0.89336813461582,-1.356130441947931,-0.8935793237299734,-0.8934402797330412,0.890123740918345,1.000406253590857,,,,,,,,,,,,,
25232.029,-0.893959808530772,-1.3562850542467508,-0.8937386586910847,-0.8936069963342786,0.8892830524815399,0.9995746491553864,,,,,,,,,,,,,
25232.436,-0.893572145587146,-1.3564400473640443,-0.8938983658958719,-0.8937741293914352,0.8903268519339248,1.0006275161153337,,,,,,,,,,,,,
25232.842,-0.892982653700192,-1.3565946596628642,-0.8940576605423374,-0.893940857637572,0.8917581370472102,1.0020678076846306,,,,,,,,,,,,,
25233.248,-0.893188593532162,-1.3567492719616858,-0.8942169350563134,-0.894107591737505,0.8916594084880899,1.0019780468565442,,,,,,,,,,,,,
25233.655,-0.894793750320199,-1.3569042650789758,-0.8943765816650568,-0.894274742413721,0.8888700172799098,0.9991976065992354,,,,,,,,,,,,,
25234.032,-0.895097511644207,-1.3570478336421683,-0.8945244426606607,-0.8944295776948723,0.8885618863512109,0.9988977321272176,,,,,,,,,,,,,
25234.438,-0.895646764812428,-1.3572024459409882,-0.8946836581655049,-0.8945963290998465,0.8878027942613306,0.998147494264129,,,,,,,,,,,,,
25234.845,-0.894169951510717,-1.3573574390582799,-0.8948432456198248,-0.8947634971988379,0.8909415754695738,1.001295112639445,,,,,,,,,,,,,
25235.251,-0.894511217621679,-1.3575120513571015,-0.8950024208100373,-0.8949302605524959,0.8905825466833338,1.0009448605346596,,,,,,,,,,,,,
25235.657,-0.896124825198086,-1.3576666636559231,-0.8951615758677391,-0.8950970299113323,0.8877761678709503,0.9981472196787818,,,,,,,,,,,,,
25236.064,-0.894387630881004,-1.357821656773213,-0.8953211027260153,-0.8952642160850224,0.8914157922113853,1.001795564629584,,,,,,,,,,,,,
25236.47,-0.896050560132888,-1.3579762690720347,-0.8954802174690784,-0.8954309975452919,0.8885145431090317,0.998902975938399,,,,,,,,,,,,,
25236.876,-0.896087705324886,-1.3581308813708564,-0.8956393120796378,-0.8955977850868563,0.8887404912013979,0.9991375457169427,,,,,,,,,,,,,
25237.312,-0.895286748247859,-1.358296918223779,-0.8958101400306901,-0.8957769036317776,0.8906005049508633,1.0010067751001186,,,,,,,,,,,,,
25237.718,-0.89591860806817,-1.3584515305225988,-0.8959691928885789,-0.8959437038658293,0.8896825188866507,1.0000973304106884,,,,,,,,,,,,,
25238.154,-0.895678885644432,-1.3586175673755196,-0.8961399760017841,-0.8961228360993575,0.8904629972435294,1.0008869381555292,,,,,,,,,,,,,
25238.56,-0.897057250363656,-1.3587721796743413,-0.896298987106988,-0.8962896491343085,0.8881091082920147,0.9985415102674022,,,,,,,,,,,,,
25238.967,-0.895716371842016,-1.358927172791633,-0.8964583696582338,-0.8964568792728397,0.8909864188207307,1.0014272638313741,,,,,,,,,,,,,
25239.373,-0.895030399967369,-1.3590817850904529,-0.8966173404488416,-0.8966237047703773,0.8926032832826544,1.0030525118113482,,,,,,,,,,,,,
25239.751,-0.896937363585792,-1.3592257344721155,-0.8967653296389173,-0.8967790306891128,0.8892121237114163,0.999669122773454,,,,,,,,,,,,,
25240.157,-0.896585034480737,-1.3593803467709353,-0.8969242615529112,-0.8969458682998737,0.8901872259868047,1.0006525337876273,,,,,,,,,,,,,
25240.564,-0.896800987751128,-1.359535339888227,-0.8970835647178816,-0.8971131231736234,0.8900699690739923,1.0005435672103014,,,,,,,,,,,,,
25240.97,-0.898027507499538,-1.3596899521870487,-0.8972424563172652,-0.8972799734440997,0.8880081540691219,0.9984899833988788,,,,,,,,,,,,,
25241.348,-0.897123048296406,-1.3598339015687113,-0.8973903717775826,-0.8974353225156021,0.8900247689850782,1.0005142270287375,,,,,,,,,,,,,
25241.754,-0.898177252485783,-1.3599885138675312,-0.8975492245003807,-0.8976021850888671,0.8882944031228737,0.9987920175807152,,,,,,,,,,,,,
25242.19,-0.896458439677736,-1.360154550720452,-0.8977197926901681,-0.8977813845448198,0.8919199132491452,1.0024262436890066,,,,,,,,,,,,,
25242.597,-0.897400516344311,-1.3603095438377437,-0.8978789947954695,-0.8979486714665624,0.8904059572890274,1.000920383675742,,,,,,,,,,,,,
25243.032,-0.898419769394864,-1.3604751998721945,-0.8980491270122641,-0.8981274742475708,0.8887640626118439,0.999287098890764,,,,,,,,,,,,,
25243.439,-0.897840369142888,-1.3606301929894862,-0.8982082872620509,-0.898294774625175,0.8901766689602886,1.000707720676852,,,,,,,,,,,,,
25243.845,-0.897542365041763,-1.3607848052883078,-0.898367036297401,-0.8984616704636426,0.8910472770386435,1.001586285726225,,,,,,,,,,,,,
25244.281,-0.898947798810747,-1.3609508421412286,-0.8985374931381216,-0.8986409057847343,0.8886632958847568,0.9992108063740116,,,,,,,,,,,,,
25244.688,-0.89816541178026,-1.3611058352585186,-0.898696591300606,-0.8988082263185343,0.8904663474958792,1.0010217539975965,,,,,,,,,,,,,
25245.124,-0.898591211125543,-1.3612718721114412,-0.8988670032502384,-0.8989874762976791,0.8899666940932865,1.0005305160485114,,,,,,,,,,,,,
25245.53,-0.898018573280597,-1.3614264844102628,-0.8990256687306726,-0.8991543994188167,0.8913655604406472,1.0019371786487028,,,,,,,,,,,,,
25245.966,-0.897389402170589,-1.3615925212631836,-0.8991960358424791,-0.8993336641521584,0.8928951437181853,1.0034750911340142,,,,,,,,,,,,,
25246.373,-0.899875145634997,-1.3617475143804754,-0.8993550502442318,-0.8995010122479192,0.8884119431954752,0.9989996255097219,,,,,,,,,,,,,
25246.779,-0.899422130684829,-1.3619021266792952,-0.8995136537898958,-0.8996679558650458,0.8895807147902735,1.0001760742255958,,,,,,,,,,,,,
25247.186,-0.899585421178966,-1.3620571197965887,-0.8996726277777327,-0.899835317410445,0.8895647547779761,1.0001677713753852,,,,,,,,,,,,,
25247.593,-0.8997799364524,-1.3622121129138787,-0.8998315815337534,-0.9000026857257755,0.8894887338728188,1.000099368716315,,,,,,,,,,,,,
25247.971,-0.89929303795652,-1.3623560622955395,-0.8999791912256612,-0.9001581346196132,0.8907021703688556,1.0013198457796064,,,,,,,,,,,,,
25248.377,-0.900100921795015,-1.3625106745943611,-0.9001377155305263,-0.9003251047967111,0.8894456019372522,1.0000708020491071,,,,,,,,,,,,,
25248.784,-0.900303375996589,-1.3626656677116529,-0.9002966100823784,-0.900492493063652,0.8893543104962249,0.9999870149747581,,,,,,,,,,,,,
25249.191,-0.900516236649265,-1.3628206608289428,-0.9004554844024071,-0.9006598881966625,0.8892430022365432,0.9998831721657837,,,,,,,,,,,,,
25249.598,-0.900417972726028,-1.3629756539462345,-0.9006143384906267,-0.9008272902201445,0.8897301423963132,1.0003777388602901,,,,,,,,,,,,,
25250.005,-0.901754859529508,-1.3631306470635263,-0.9007731723470371,-0.900994699158461,0.8874567687601094,0.998111752842852,,,,,,,,,,,,,
25250.412,-0.902307452840229,-1.363285640180818,-0.9009319859716172,-0.9011621150359458,0.8866919844076294,0.9973543171931668,,,,,,,,,,,,,
25250.818,-0.901208314640604,-1.3634402524796378,-0.901090389233417,-0.9013291265100115,0.8891035746909604,0.9997731993508376,,,,,,,,,,,,,
25251.225,-0.902169734001984,-1.3635952455969296,-0.9012491624440742,-0.9014965563214934,0.8875524130388784,0.9982293086652193,,,,,,,,,,,,,
25251.632,-0.901195722605334,-1.3637502387142213,-0.9014079154229364,-0.9016639931448764,0.8897240543016622,1.0004081819784958,,,,,,,,,,,,,
25252.039,-0.900660847005379,-1.363905231831513,-0.901566648169954,-0.9018314370043535,0.8910510174393439,1.001742338250685,,,,,,,,,,,,,
25252.446,-0.902073857990638,-1.364060224948803,-0.9017253606851625,-0.901998887924088,0.8886312188666501,0.9993296938965279,,,,,,,,,,,,,
25252.853,-0.902041698000773,-1.3642152180660947,-0.9018840529685619,-0.902166345928207,0.8889912080473316,0.9996967983797752,,,,,,,,,,,,,
25253.26,-0.900939937654231,-1.3643702111833846,-0.9020427250201308,-0.9023338110408052,0.891408574537458,1.0021212412564966,,,,,,,,,,,,,
25253.667,-0.903344983063828,-1.3645252043006781,-0.9022013768398907,-0.9025012832859441,0.887080596800391,0.9978003009900394,,,,,,,,,,,,,
25254.074,-0.902692824271349,-1.364680197417968,-0.9023600084278485,-0.9026687626876471,0.8886331542711042,0.9993598570154058,,,,,,,,,,,,,
25254.452,-0.903135147081999,-1.3648241467996307,-0.9025073189071477,-0.9028243150984285,0.8880592326949671,0.9987924004699625,,,,,,,,,,,,,
25254.859,-0.903548871332134,-1.3649791399169207,-0.9026659114730222,-0.9029918083710717,0.8875615631133891,0.9983016543839605,,,,,,,,,,,,,
25255.266,-0.903222012428301,-1.3651341330342124,-0.9028244838070947,-0.9031593088704539,0.8884884059370523,0.9992353817872287,,,,,,,,,,,,,
25255.673,-0.902116043129638,-1.3652891261515023,-0.9029830359093509,-0.9033268166204709,0.8909138683506105,1.001667689864421,,,,,,,,,,,,,
25256.109,-0.903275034109247,-1.365455163004425,-0.9031528628902947,-0.9035062678832204,0.8890039201378833,0.9997650319158019,,,,,,,,,,,,,
25256.487,-0.903438732102936,-1.3655991123860858,-0.9033000794184005,-0.9036618539678186,0.888965933663752,0.9997333297569041,,,,,,,,,,,,,
25256.923,-0.90495019085634,-1.3657651492390066,-0.9034698630525639,-0.9038413208945741,0.8863780133508903,0.9971526163304367,,,,,,,,,,,,,
25257.33,-0.90454657031265,-1.3659201423562983,-0.9036283327859707,-0.9040088584097283,0.8874525072622631,0.9982337974686671,,,,,,,,,,,,,
25257.766,-0.903543104865033,-1.3660861792092192,-0.9037980715290388,-0.9041883416658586,0.8897020460563123,1.0004904568009305,,,,,,,,,,,,,
25258.173,-0.90362623166169,-1.3662411723265109,-0.9039564993572284,-0.9043558944751142,0.889840280992814,1.000635298359469,,,,,,,,,,,,,
25258.58,-0.903809678024307,-1.3663961654438026,-0.9041149069535948,-0.9045234547047031,0.889785551148207,1.000587136220914,,,,,,,,,,,,,
25258.987,-0.906010663111498,-1.3665511585610943,-0.9042732943181662,-0.9046910223782463,0.885850083636527,0.9966581974993008,,,,,,,,,,,,,
25259.395,-0.904975209925867,-1.3667065324968544,-0.9044320505344317,-0.9048590092610858,0.8881406407438908,0.9989552603784864,,,,,,,,,,,,,
25259.802,-0.906117944641529,-1.366861525614146,-0.9045903973856468,-0.9050265919117151,0.8862407188343672,0.9970617893314772,,,,,,,,,,,,,
25260.18,-0.906252541450025,-1.367005474995807,-0.9047374434165789,-0.9051822405138956,0.8862587085177981,0.9970857353782182,,,,,,,,,,,,,
25260.587,-0.904671487327968,-1.3671604681130969,-0.9048957512457321,-0.9053498376794974,0.8895979970437097,1.000431399707567,,,,,,,,,,,,,
25260.994,-0.905810806571964,-1.3673154612303886,-0.9050540388430903,-0.905517442405068,0.8877046447972033,0.9985443843485412,,,,,,,,,,,,,
25261.372,-0.906376714566905,-1.3674594106120495,-0.9052010298421678,-0.9056731115708256,0.8868930070008343,0.9977385970615114,,,,,,,,,,,,,
25261.78,-0.904837650862095,-1.3676147845478113,-0.9053596672096731,-0.9058411427944041,0.8901522594236905,1.0010041266501912,,,,,,,,,,,,,
25262.187,-0.906900626803338,-1.367769777665103,-0.9055178955034293,-0.9060087698146543,0.8864822526362865,0.997340342679609,,,,,,,,,,,,,
25262.594,-0.905885320260661,-1.3679247707823947,-0.9056761035653906,-0.9061764044867884,0.8887333251519641,0.9995975990961233,,,,,,,,,,,,,
25263.001,-0.90568745157748,-1.3680797638996847,-0.9058342913955144,-0.9063440468341093,0.8894120551627838,1.000282474091823,,,,,,,,,,,,,
25263.409,-0.905937389892771,-1.3682351378354465,-0.9059928475870933,-0.9065121088059599,0.8892301604882814,1.0001067004409232,,,,,,,,,,,,,
25263.787,-0.906926931402538,-1.3683790872171073,-0.9061397270912721,-0.9066678202042324,0.8876036632208175,0.9984858392219584,,,,,,,,,,,,,
25264.194,-0.90684998843101,-1.368534080334399,-0.9062978556178152,-0.9068354851830345,0.8880497925095758,0.9989379994249239,,,,,,,,,,,,,
25264.601,-0.906320348911375,-1.368689073451689,-0.9064559639125562,-0.9070031579283111,0.8893666840417485,1.000260882955347,,,,,,,,,,,,,
25265.009,-0.907841326119185,-1.3688444473874508,-0.9066144403733176,-0.9071712504643019,0.8867399448413722,0.9976401114160667,,,,,,,,,,,,,
25265.416,-0.905850302492299,-1.3689994405047425,-0.9067725081547025,-0.9073389388311456,0.8908678101020793,1.0017738907474434,,,,,,,,,,,,,
25265.823,-0.908012194755779,-1.3691544336220343,-0.906930555704264,-0.907506635033847,0.8870075376742108,0.9979194934742879,,,,,,,,,,,,,
25266.231,-0.907519266558554,-1.3693098075577943,-0.9070889712706105,-0.9076747511544423,0.8882545474472947,0.9991723537778425,,,,,,,,,,,,,
25266.667,-0.908799230955235,-1.369475844410717,-0.907258236021292,-0.9078544134112274,0.886111906751084,0.99703592189377,,,,,,,,,,,,,
25267.075,-0.907548255960955,-1.369631218346477,-0.9074166095296263,-0.9080225459425004,0.8888170202635924,0.9997468050380197,,,,,,,,,,,,,
25267.482,-0.90829515402181,-1.3697862114637687,-0.9075745746109405,-0.9081902743235541,0.8876784905383214,0.9986139918394495,,,,,,,,,,,,,
25267.889,-0.908556741274419,-1.3699412045810604,-0.9077325194604242,-0.9083580106571187,0.8874734566170508,0.9984146355288948,,,,,,,,,,,,,
25268.297,-0.908704041802185,-1.3700965785168204,-0.907890832074358,-0.9085261671240976,0.8874889858250519,0.9984358172380119,,,,,,,,,,,,,
25268.704,-0.909359773256345,-1.3702515716341122,-0.9080487364104997,-0.908693919450984,0.8865258151549857,0.9974782462511091,,,,,,,,,,,,,
25269.083,-0.909177298725392,-1.370395901834243,-0.9081957593571843,-0.9088501382891478,0.8871544243679083,0.9981120349188345,,,,,,,,,,,,,
25269.49,-0.909233331800204,-1.3705508949515348,-0.9083536246215616,-0.9090179061269481,0.8873447741043016,0.9983079091837034,,,,,,,,,,,,,
25269.898,-0.908955040289227,-1.3707062688872966,-0.9085118574548261,-0.9091860942656065,0.8881789300060292,0.999147564128174,,,,,,,,,,,,,
25270.305,-0.909412964106632,-1.3708612620045866,-0.9086696822058684,-0.9093538782762379,0.8875962425145179,0.9985703232375716,,,,,,,,,,,,,
25270.713,-0.909745749400113,-1.3710166359403484,-0.9088278744262652,-0.9095220826731125,0.8872549915982001,0.9982344932449673,,,,,,,,,,,,,
25271.091,-0.908819385271982,-1.3711605853220092,-0.9089744167218541,-0.9096779263930743,0.8893137406583468,1.0002982297316496,,,,,,,,,,,,,
25271.528,-0.909155203355228,-1.3713270029934002,-0.9091438102714591,-0.9098581036937787,0.8889878988040634,0.9999781119288569,,,,,,,,,,,,,
25271.935,-0.910562129574395,-1.3714819961106919,-0.909301553995796,-0.9100259203228459,0.8865798042847729,0.9975753081553563,,,,,,,,,,,,,
25272.372,-0.91028299099754,-1.3716484137820828,-0.9094709024979863,-0.9102061158588305,0.8874368321545765,0.9984379734277686,,,,,,,,,,,,,
25272.779,-0.909264604158635,-1.3718034068993745,-0.9096286042674251,-0.9103739495198222,0.8896938296229957,1.0007001809415323,,,,,,,,,,,,,
25273.187,-0.911277737369855,-1.3719587808351363,-0.9097866732040316,-0.9105422038268418,0.8861204278791717,0.9971319629846191,,,,,,,,,,,,,
25273.624,-0.909730684784056,-1.3721251985065273,-0.9099559548822995,-0.9107224266048601,0.8894162895583027,1.000433333530329,,,,,,,,,,,,,
25274.06,-0.910261587916128,-1.3722912353594499,-0.9101248259440098,-0.9109022465032937,0.8887144689212596,0.999736964443253,,,,,,,,,,,,,
25274.439,-0.909420907120748,-1.372435565559579,-0.9102716009625453,-0.911058565591784,0.8906091385135674,1.0016363365996588,,,,,,,,,,,,,
25274.876,-0.910713509224883,-1.3726019832309717,-0.9104408158169264,-0.9112388158398603,0.8884429216796685,0.9994755000963234,,,,,,,,,,,,,
25275.283,-0.911509400371665,-1.3727569763482617,-0.9105983931134531,-0.9114067006000248,0.8872101537067378,0.998247702744669,,,,,,,,,,,,,
25275.72,-0.912288678059721,-1.3729233940196544,-0.9107675629203982,-0.9115869694944367,0.8860313168783092,0.9970741595979218,,,,,,,,,,,,,
25276.099,-0.912323091284742,-1.3730677242197835,-0.9109142610978651,-0.9117433203894438,0.8862427422850969,0.9972901397647347,,,,,,,,,,,,,
25276.536,-0.910954118613629,-1.3732341418911762,-0.9110833873518658,-0.9119236074094208,0.8891960670779484,1.000248674465,,,,,,,,,,,,,
25276.943,-0.910488876988445,-1.373389135008468,-0.9112408821304143,-0.9120915265112728,0.890389089198533,1.001446508483224,,,,,,,,,,,,,
25277.322,-0.911737767057953,-1.3735334652085989,-0.9113875236954456,-0.9122479010602824,0.8882644672329577,0.9993263323834755,,,,,,,,,,,,,
25277.73,-0.911886898288314,-1.373688839144359,-0.9115453662463793,-0.9124162491800133,0.8882764750827655,0.9993430885665086,,,,,,,,,,,,,
25278.137,-0.912358025546757,-1.3738438322616506,-0.9117028016716446,-0.9125841932114207,0.887668390759788,0.9987397019749011,,,,,,,,,,,,,
25278.545,-0.912840492324405,-1.3739992061974107,-0.911860603609675,-0.9127525584545189,0.8870392273654583,0.9981152087947672,,,,,,,,,,,,,
25278.924,-0.913285669804146,-1.3741435363975434,-0.9120071710184732,-0.9129089642695329,0.8864605473352849,0.9975408319905863,,,,,,,,,,,,,
25279.361,-0.912677022213173,-1.3743099540689343,-0.9121761464917029,-0.9130893147794995,0.8879513861090144,0.9990365906443569,,,,,,,,,,,,,
25279.769,-0.913197346782786,-1.3744653280046961,-0.9123338874356719,-0.9132577059057555,0.8872494032156216,0.9983391606428446,,,,,,,,,,,,,
25280.147,-0.913687153876645,-1.374609277386357,-0.91248001163693,-0.9134137230700792,0.8865841455752962,0.9976780862230731,,,,,,,,,,,,,
25280.584,-0.914267146988778,-1.3747756950577479,-0.9126489218340907,-0.9135941014199487,0.8857886328193252,0.9968873677884011,,,,,,,,,,,,,
25280.992,-0.914354034163609,-1.3749310689935097,-0.9128066018338146,-0.9137625186072464,0.8859203671695027,0.9970235378039675,,,,,,,,,,,,,
25281.4,-0.914903371183462,-1.3750864429292715,-0.9129642615021751,-0.9139309445327769,0.8851625788003147,0.9962701459927344,,,,,,,,,,,,,
25281.808,-0.913802412046019,-1.3752418168650316,-0.9131219008391795,-0.914099379218557,0.8875791366686641,0.9986910613115909,,,,,,,,,,,,,
25282.216,-0.913003877730105,-1.3753971908007934,-0.913279519844842,-0.9142678226865774,0.8894139801034495,1.0005302230894355,,,,,,,,,,,,,
25282.624,-0.913830827874174,-1.3755525647365552,-0.913437118519127,-0.9144362749587979,0.8881222026242153,0.9992427248458267,,,,,,,,,,,,,
25283.031,-0.913939811889826,-1.3757075578538451,-0.9135943106654807,-0.9146043231514908,0.8882107011752368,0.9993354531803619,,,,,,,,,,,,,
25283.439,-0.914826139784112,-1.375862931789607,-0.9137518687268908,-0.9147727930761553,0.8868047105366482,0.9979336636583692,,,,,,,,,,,,,
25283.847,-0.914849132904739,-1.3760183057253688,-0.9139094064569306,-0.9149412718706653,0.8870593451612202,0.9981924602920892,,,,,,,,,,,,,
25284.255,-0.916120087226309,-1.3761736796611306,-0.9140669238556285,-0.9151097595568558,0.8849135252217452,0.9960507632543142,,,,,,,,,,,,,
25284.663,-0.915164425231264,-1.3763290535968906,-0.9142244209229631,-0.9152782561565381,0.8870506038976737,0.9981919257245232,,,,,,,,,,,,,
25285.071,-0.91470871490324,-1.3764844275326524,-0.9143818976589344,-0.915446761691491,0.8882260250637432,0.9993713915774111,,,,,,,,,,,,,
25285.479,-0.915368048966765,-1.3766398014684125,-0.9145393540635496,-0.9156152761834631,0.8872566572758046,0.9984060293688429,,,,,,,,,,,,,
25285.916,-0.915788881289631,-1.3768062191398052,-0.9147079796720234,-0.9157957783804714,0.8867672904502751,0.9979209094572309,,,,,,,,,,,,,
25286.324,-0.91521162996008,-1.3769615930755652,-0.9148653939687819,-0.9159643114921724,0.8881764958490674,0.9993340394408261,,,,,,,,,,,,,
25286.762,-0.915027454832431,-1.3771283915654262,-0.9150343602174615,-0.9161452467883021,0.8888515939381549,1.0000133071606414,,,,,,,,,,,,,
25287.17,-0.914809648509686,-1.377283765501188,-0.9151917323565684,-0.9163137986348286,0.8895694065224468,1.0007349632393021,,,,,,,,,,,,,
25287.578,-0.916216049585025,-1.3774391394369498,-0.9153490841643261,-0.9164823595497966,0.8871630546225034,0.9983324157262942,,,,,,,,,,,,,
25287.986,-0.917264366940436,-1.3775945133727117,-0.9155064156406993,-0.9166509295547692,0.8854454771004514,0.9966186034837294,,,,,,,,,,,,,
25288.394,-0.916670871966165,-1.3777498873084717,-0.9156637267857306,-0.916819508671285,0.8868859271654043,0.9980627797207217,,,,,,,,,,,,,
25288.802,-0.91628577101123,-1.3779052612442335,-0.9158210175994199,-0.9169880969208514,0.8879255311347791,0.9991060707547021,,,,,,,,,,,,,
25289.21,-0.917720957832214,-1.3780606351799936,-0.9159782880817318,-0.9171566943249463,0.8854638098255423,0.996647997402623,,,,,,,,,,,,,
25289.618,-0.91711437137338,-1.3782160091157554,-0.9161355382326946,-0.9173253009050186,0.8869294413735811,0.9981172378003857,,,,,,,,,,,,,
25289.997,-0.918314956889217,-1.3783603393158863,-0.9162815930745509,-0.9174819314334316,0.884897733263209,0.9960888469916612,,,,,,,,,,,,,
25290.434,-0.917950077950801,-1.378526756987279,-0.9164499775405233,-0.917662541678744,0.8859196828005139,0.9971145796044226,,,,,,,,,,,,,
25290.813,-0.91641687127828,-1.3786710871874082,-0.9165959946099136,-0.9178191893526473,0.8891464265801022,1.0003445680301768,,,,,,,,,,,,,
25291.192,-0.918454682250818,-1.3788154173875409,-0.9167419941354567,-0.9179758450169306,0.8855043145027225,0.9967056668533417,,,,,,,,,,,,,
25291.601,-0.918780984421892,-1.378971172141771,-0.9168995306698449,-0.9181449098495229,0.8851762663832456,0.9963810459373033,,,,,,,,,,,,,
25292.009,-0.918240237152308,-1.3791265460775328,-0.9170566616730653,-0.9183135706331311,0.8865152561877684,0.9977234154104385,,,,,,,,,,,,,
25292.446,-0.919222867646672,-1.3792929637489237,-0.9172249387511187,-0.9184942299010375,0.8849452700418375,0.9961570057788812,,,,,,,,,,,,,
25292.825,-0.918467374284027,-1.3794372939490565,-0.9173708626854307,-0.9186509201885658,0.8866760815257801,0.9978908827633457,,,,,,,,,,,,,
25293.234,-0.918195621665816,-1.3795930487032866,-0.9175283176451074,-0.918820022467298,0.8874983923657042,0.9987164638974563,,,,,,,,,,,,,
25293.671,-0.917759882903932,-1.3797594663746775,-0.9176965293403399,-0.9190007118533781,0.8886566408412442,0.9998781631232951,,,,,,,,,,,,,
25294.05,-0.919238418872052,-1.3799037965748084,-0.9178423965696467,-0.9191574283207218,0.8860902947699661,0.99731477348025,,,,,,,,,,,,,
25294.488,-0.91793474876546,-1.3800705950646712,-0.9180109495093092,-0.9193385514179188,0.8889187425221724,1.0001465958617861,,,,,,,,,,,,,
25294.896,-0.91770210363535,-1.3802259690004313,-0.9181679366482314,-0.9195072786212615,0.8896650975666252,1.0008960538513538,,,,,,,,,,,,,
25295.304,-0.920637382744918,-1.380381342936193,-0.9183249034557974,-0.9196760152964626,0.8843179473050313,0.9955519674274271,,,,,,,,,,,,,
25295.712,-0.920362696042427,-1.3805367168719531,-0.9184818499319931,-0.9198447614645371,0.8851451693541836,0.9963822142068128,,,,,,,,,,,,,
25296.15,-0.920627091762658,-1.380703515361816,-0.9186503139615354,-0.9200259260285629,0.8849574409881907,0.9961976894512102,,,,,,,,,,,,,
25296.558,-0.919664074258434,-1.3808588892975777,-0.9188072182800795,-0.9201946919472324,0.887108667993066,0.9983518600958992,,,,,,,,,,,,,
25296.967,-0.920696746278164,-1.3810146440518078,-0.9189644867618583,-0.9203638811003283,0.8854219167938538,0.9966680204999477,,,,,,,,,,,,,
25297.375,-0.921075722288295,-1.3811700179875697,-0.9191213503678455,-0.9205326661779698,0.884991817989865,0.9962407870250245,,,,,,,,,,,,,
25297.783,-0.921142607331908,-1.3813253919233297,-0.9192781936424765,-0.9207014608547179,0.8851620264585749,0.996413821715352,,,,,,,,,,,,,
25298.192,-0.921583787899447,-1.3814811466775616,-0.9194354009307233,-0.9208706788992708,0.8846130096335871,0.9958675987876733,,,,,,,,,,,,,
25298.6,-0.920225982736621,-1.3816365206133217,-0.9195922034928117,-0.9210394928603842,0.8875236110775074,0.9987809481424915,,,,,,,,,,,,,
25299.009,-0.921236157351488,-1.3817922753675536,-0.9197493699687271,-0.9212087302783716,0.885880133658078,0.9971401861176913,,,,,,,,,,,,,
25299.417,-0.918965173164709,-1.3819476493033154,-0.9199061318182515,-0.9213775636071971,0.8905472358282934,1.0018099578880566,,,,,,,,,,,,,
25299.855,-0.920733915271874,-1.3821144477931764,-0.9200743976456351,-0.9215588219515048,0.8874658957476903,0.9987314401752577,,,,,,,,,,,,,
25300.263,-0.920104101391321,-1.3822698217289382,-0.9202311173374937,-0.9217276754231041,0.8889762052636293,1.0002443382009125,,,,,,,,,,,,,
25300.672,-0.922419726753025,-1.3824255764831683,-0.920388200740085,-0.9218969525331562,0.884821692083617,0.9960923806236769,,,,,,,,,,,,,
25301.08,-0.921537084677458,-1.3825809504189301,-0.9205448797194009,-0.9220658255414174,0.8868183168745684,0.9980915156136102,,,,,,,,,,,,,
25301.518,-0.922520500114593,-1.3827477489087912,-0.9207130565831463,-0.9222471265764765,0.8852475533951583,0.9965234033801642,,,,,,,,,,,,,
25301.956,-0.922451904503512,-1.3829145473986522,-0.9208812100157218,-0.922428438916568,0.8857003341735422,0.9969787903345307,,,,,,,,,,,,,
25302.364,-0.923560710978738,-1.383069921334414,-0.9210378250110551,-0.9225973427956609,0.8838664057716508,0.9951472490582156,,,,,,,,,,,,,
25302.802,-0.922738846065733,-1.383236719824275,-0.9212059331861155,-0.9227786770434656,0.8857681007730042,0.9970514631825983,,,,,,,,,,,,,
25303.211,-0.92286921518748,-1.383392474578507,-0.9213628897557697,-0.9229480154162071,0.8858169300613774,0.9971026041101076,,,,,,,,,,,,,
25303.619,-0.923193232385155,-1.383547848514267,-0.9215194422122437,-0.9231169496653566,0.8854925445857282,0.9967804854663007,,,,,,,,,,,,,
25304.057,-0.923829937322927,-1.3837146470041297,-0.9216874832499968,-0.9232983165863906,0.8845886790835745,0.995879009948322,,,,,,,,,,,,,
25304.495,-0.923950628355881,-1.3838814454939907,-0.9218555008565801,-0.9234796949593616,0.88467736682105,0.9959700426000052,,,,,,,,,,,,,
25304.903,-0.922073079073465,-1.3840368194297508,-0.9220119893290786,-0.9236486604805023,0.8885876965762864,0.999882516113664,,,,,,,,,,,,,
25305.312,-0.924321739580013,-1.3841925741839844,-0.9221688409455808,-0.9238180501486983,0.8845619903592448,0.995858919658019,,,,,,,,,,,,,
25305.721,-0.926112113002529,-1.3843483289382146,-0.9223256721309383,-0.9239874498654863,0.8814177997868146,0.9927167995476057,,,,,,,,,,,,,
25306.129,-0.924698728327794,-1.3845037028739764,-0.9224820995096934,-0.9241564454341649,0.8844353084750733,0.9957363344802528,,,,,,,,,,,,,
25306.538,-0.923978708175949,-1.3846594576282065,-0.9226388898827125,-0.9243258652847642,0.8861198623448391,0.9974228803093698,,,,,,,,,,,,,
25306.947,-0.923881253067636,-1.3848152123824384,-0.9227956598245939,-0.9244952952451693,0.8866069117577121,0.9979118823822001,,,,,,,,,,,,,
25307.355,-0.923211069048736,-1.3849705863181985,-0.9229520261096127,-0.9246643210444256,0.888194873273384,0.9995017526282404,,,,,,,,,,,,,
25307.764,-0.92330105626905,-1.3851263410724304,-0.9231087552391628,-0.9248337712606691,0.8883213771878006,0.9996301306999485,,,,,,,,,,,,,
25308.144,-0.92515216110882,-1.3852710520910314,-0.9232543532358406,-0.9249912157835791,0.8850391270401263,0.9963495866047043,,,,,,,,,,,,,
25308.582,-0.924443647153987,-1.3854378505808924,-0.9234221522048287,-0.9251727022257492,0.886722791364983,0.9980351752935749,,,,,,,,,,,,,
25308.961,-0.923846211942857,-1.3855821807810234,-0.9235673292069677,-0.9253297513139107,0.888149577843255,0.9994635905456063,,,,,,,,,,,,,
25309.399,-0.925822708861604,-1.3857489792708861,-0.923735084469854,-0.9255112596200696,0.8846686211838,0.9959844741812924,,,,,,,,,,,,,
25309.808,-0.925475263872332,-1.3859047340251163,-0.9238917114936314,-0.9256807608676286,0.8856365263718814,0.9969540571258463,,,,,,,,,,,,,
25310.217,-0.92467275461572,-1.3860604887793482,-0.924048318086264,-0.9258502723870493,0.8874797481135944,0.9987989173246662,,,,,,,,,,,,,
25310.655,-0.925979342048593,-1.3862272872692092,-0.9242160061583391,-0.926031814473691,0.8852873629911754,0.9966082432556332,,,,,,,,,,,,,
25311.064,-0.926350752413617,-1.3863830420234393,-0.9243725704400276,-0.9262013473291865,0.8848725492174769,0.9961949865537609,,,,,,,,,,,,,
25311.472,-0.92491412262169,-1.386538415959203,-0.9245287315676904,-0.9263704759746819,0.8879347699108984,0.9992587213566246,,,,,,,,,,,,,
25311.881,-0.92617926025265,-1.386694170713433,-0.9246852550370406,-0.9265400294921844,0.8858008708860653,0.9971263009009378,,,,,,,,,,,,,
25312.29,-0.926994209628712,-1.386849925467665,-0.9248417580752459,-0.926709593383378,0.8845329094002661,0.9958597786849193,,,,,,,,,,,,,
25312.699,-0.927193503606743,-1.387005680221895,-0.9249982406823136,-0.9268791676682715,0.8844491616616273,0.9957774309166815,,,,,,,,,,,,,
25313.108,-0.926451599091488,-1.387161434976127,-0.9251547028582436,-0.9270487523668463,0.8861758101253543,0.9975054400514154,,,,,,,,,,,,,
25313.517,-0.927414825565824,-1.3873171897303571,-0.9253111446030076,-0.9272183474990568,0.884622637499152,0.9959535887968546,,,,,,,,,,,,,
25313.926,-0.927793409147693,-1.387472944484589,-0.9254675659166409,-0.927387953084831,0.8841940260359923,0.9955262594059565,,,,,,,,,,,,,
25314.364,-0.926612987471895,-1.38763974297445,-0.9256350555725703,-0.9275695961087752,0.8867854053136404,0.9981189680828015,,,,,,,,,,,,,
25314.773,-0.92757674974121,-1.387795497728682,-0.9257914345752525,-0.9277392234061328,0.8852312020852869,0.9965659655414433,,,,,,,,,,,,,
25315.182,-0.928324546920709,-1.3879512524829138,-0.9259477931467899,-0.9279088612180821,0.884092407913827,0.9954283327575846,,,,,,,,,,,,,
25315.62,-0.926063291116606,-1.388118050972773,-0.9261152156119152,-0.9280905388207645,0.8887627726713945,1.000099897672608,,,,,,,,,,,,,
25316.029,-0.929115044280836,-1.388273805727005,-0.9262715318724943,-0.9282601984704197,0.8831923169589091,0.9945305219624574,,,,,,,,,,,,,
25316.438,-0.928726811069523,-1.3884295604812351,-0.9264278277019358,-0.9284298686954422,0.884238678331112,0.9955779240376152,,,,,,,,,,,,,
25316.876,-0.927893175608407,-1.388596358971098,-0.9265951829762713,-0.9286115810767371,0.8861630139930221,0.9975033306152263,,,,,,,,,,,,,
25317.285,-0.928767239174377,-1.3887521137253298,-0.9267514364947615,-0.9287812732650665,0.8847813463063753,0.9961226222462679,,,,,,,,,,,,,
25317.694,-0.926855553426209,-1.38890786847956,-0.926907669582107,-0.9289509760892892,0.8887580700908386,1.000100266049054,,,,,,,,,,,,,
25318.103,-0.930902049337946,-1.3890636232337918,-0.9270638822383219,-0.9291206895690602,0.8812742257517664,0.9926173024289108,,,,,,,,,,,,,
25318.512,-0.929174680133146,-1.389219377988022,-0.9272200744633707,-0.9292904137240081,0.8848964164887096,0.9962403345854032,,,,,,,,,,,,,
25318.892,-0.929441597786195,-1.3893640890066248,-0.9273651736245867,-0.9294481132317057,0.8846613519104267,0.9960060165477131,,,,,,,,,,,,,
25319.301,-0.930196947836248,-1.389519843760855,-0.9275213264360076,-0.929617858035447,0.8835080297852264,0.9948534600298095,,,,,,,,,,,,,
25319.71,-0.929527449891169,-1.3896755985150868,-0.9276774588162979,-0.9297876135717087,0.885095404141942,0.996441560694442,,,,,,,,,,,,,
25320.12,-0.93111730856773,-1.389831734087787,-0.9278339524322163,-0.9299577949497078,0.8823376363798979,0.9936844815725118,,,,,,,,,,,,,
25320.529,-0.929832253866966,-1.389987488842019,-0.927990043900266,-0.9301275720359196,0.8851090347451306,0.9964565275508223,,,,,,,,,,,,,
25320.909,-0.930306112805961,-1.39013219986062,-0.9281350494486063,-0.9302853208080979,0.8844759184053282,0.9958239776869101,,,,,,,,,,,,,
25321.347,-0.930671955411642,-1.3902989983504828,-0.9283021655429451,-0.9304671586009869,0.8840930568581089,0.9954417269918028,,,,,,,,,,,,,
25321.727,-0.929922228443221,-1.390443709369082,-0.9284471331263191,-0.9306249274779212,0.8858135091819292,0.9971626727657679,,,,,,,,,,,,,
25322.136,-0.931113958906187,-1.390599464123314,-0.9286031443184442,-0.9307947470750639,0.8838208089149711,0.9951704657008755,,,,,,,,,,,,,
25322.545,-0.929493017759678,-1.390755218877544,-0.9287591350794386,-0.9309645775395299,0.8872382851799626,0.9985883958685532,,,,,,,,,,,,,
25322.955,-0.932503596108673,-1.3909113544502478,-0.9289154867297995,-0.9311348341640494,0.8817477617686723,0.9930982880261116,,,,,,,,,,,,,
25323.364,-0.931740091616199,-1.391067109204478,-0.9290714365785533,-0.931304686447858,0.8835159578092431,0.9948668592745151,,,,,,,,,,,,,
25323.802,-0.931554529058184,-1.391233907694339,-0.9292384213405498,-0.9314865941629117,0.884193724621967,0.9955449843211154,,,,,,,,,,,,,
25324.212,-0.931808781312877,-1.3913900432670392,-0.9293947100453153,-0.9316568844489506,0.884004997090277,0.9953565512822324,,,,,,,,,,,,,
25324.621,-0.931262201908968,-1.391545798021271,-0.929550597102029,-0.9318267703714614,0.8853559375154454,0.9967077461344935,,,,,,,,,,,,,
25325.03,-0.93199992632066,-1.391701552775503,-0.9297064637275838,-0.9319966672784292,0.8842365183224999,0.9955885420692753,,,,,,,,,,,,,
25325.469,-0.93226117014137,-1.391868732083834,-0.9298737403789303,-0.9321790383056519,0.8840555851429394,0.9954077960679734,,,,,,,,,,,,,
25325.878,-0.932157938501245,-1.392024486838066,-0.9300295646435757,-0.9323489580483434,0.8845537457202798,0.9959060902916806,,,,,,,,,,,,,
25326.287,-0.932110955243661,-1.3921802415922961,-0.9301853684770833,-0.9325188888343805,0.8849437124799813,0.9962961513983692,,,,,,,,,,,,,
25326.667,-0.933701694299572,-1.3923249526108972,-0.9303301067855116,-0.9326767806515673,0.8821622761666746,0.9935147675240118,,,,,,,,,,,,,
25327.077,-0.93333457121534,-1.3924810881835992,-0.9304862520224617,-0.9328471483397431,0.8831687646939342,0.9945212745831639,,,,,,,,,,,,,
25327.486,-0.932132586634181,-1.392636842937831,-0.9306419959612455,-0.9330171116098163,0.8857803776046262,0.9971328666331312,,,,,,,,,,,,,
25327.866,-0.932721041253008,-1.392781553956432,-0.9307866786217502,-0.9331750336578409,0.8849268363650233,0.996279270793506,,,,,,,,,,,,,
25328.305,-0.932705962333905,-1.3929487332647632,-0.9309538032124536,-0.9333574871501429,0.8852774102398752,0.9966297393574263,,,,,,,,,,,,,
25328.714,-0.933853281918024,-1.3931044880189933,-0.9311094858078519,-0.9335274838594917,0.8833701343408675,0.9947223246034609,,,,,,,,,,,,,
25329.124,-0.934782478442712,-1.3932606235916953,-0.9312655285391642,-0.9336979074250713,0.8818831508600676,0.993235162484586,,,,,,,,,,,,,
25329.533,-0.934490552498841,-1.3934163783459255,-0.9314211702223147,-0.9338679265313871,0.8827442651112002,0.9940960591859075,,,,,,,,,,,,,
25329.972,-0.933250133150758,-1.3935835576542583,-0.9315882054318294,-0.9340504289544092,0.8854517824735886,0.9968032993122982,,,,,,,,,,,,,
25330.381,-0.93315817547143,-1.3937393124084885,-0.9317438047540634,-0.9342204713306309,0.8859282575765457,0.9972794753840981,,,,,,,,,,,,,
25330.791,-0.934291197182658,-1.3938954479811905,-0.9318997640086337,-0.9343909407520281,0.8840492161544189,0.9954000947560742,,,,,,,,,,,,,
25331.229,-0.936102564207945,-1.3940622464710515,-0.9320663514568679,-0.9345730645011074,0.8808858870030248,0.9922363596040994,,,,,,,,,,,,,
25331.639,-0.93534098664197,-1.3942183820437517,-0.932222268246953,-0.934743557369712,0.8826511091033229,0.9940011608179038,,,,,,,,,,,,,
25332.048,-0.935402152805457,-1.3943741367979836,-0.932377784296051,-0.9349136457260259,0.8828330503481218,0.9941826428553461,,,,,,,,,,,,,
25332.487,-0.93437592733307,-1.3945413161063147,-0.9325446846562926,-0.9350962226072552,0.8851285655856674,0.996477621473851,,,,,,,,,,,,,
25332.926,-0.935345737623588,-1.3947084954146458,-0.9327115614782358,-0.9352788125634505,0.883584704123484,0.9949331781166163,,,,,,,,,,,,,
25333.336,-0.933679939951144,-1.3948646309873478,-0.9328673932892855,-0.9354493525968898,0.8870891944637246,0.9984370841128917,,,,,,,,,,,,,
25333.745,-0.935156596746346,-1.395020385741578,-0.9330228245666206,-0.9356194880807407,0.8845484381240931,0.9958957055071034,,,,,,,,,,,,,
25334.155,-0.934586082919631,-1.39517652131428,-0.9331786153654136,-0.9357900509921081,0.8859461489391205,0.9972927530909115,,,,,,,,,,,,,
25334.564,-0.935628353417136,-1.39533227606851,-0.9333340057305008,-0.9359602093354524,0.8842409350587244,0.9955868382495194,,,,,,,,,,,,,
25334.974,-0.935881396438705,-1.395488411641212,-0.9334897555170087,-0.9361307951996105,0.8840545334881088,0.9953996945604305,,,,,,,,,,,,,
25335.384,-0.935998484396786,-1.3956445472139123,-0.9336454847723346,-0.9363013925822328,0.8841296416121892,0.9954740210742429,,,,,,,,,,,,,
25335.793,-0.934725110787848,-1.395800301968146,-0.9338008137440923,-0.9364715853686407,0.8868785713861216,0.9982221317968667,,,,,,,,,,,,,
25336.203,-0.935768897808275,-1.3959564375408462,-0.9339565019871543,-0.9366422058160182,0.8851711729771257,0.9965138728903629,,,,,,,,,,,,,
25336.612,-0.935862158918798,-1.396112192295078,-0.9341117900466713,-0.9368124216480409,0.8852913795605929,0.9966331817276682,,,,,,,,,,,,,
25336.993,-0.936225085081364,-1.3962572841321474,-0.9342564287578341,-0.9369709949409339,0.8848723750270788,0.9962133055515419,,,,,,,,,,,,,
25337.403,-0.937860350376796,-1.3964134197048494,-0.9344120569096503,-0.9371416493170731,0.8820272675901953,0.9933672220314299,,,,,,,,,,,,,
25337.812,-0.93646017460515,-1.3965691744590814,-0.9345672850245066,-0.9373118990493108,0.885020101445416,0.9963590428366831,,,,,,,,,,,,,
25338.222,-0.937855459564736,-1.3967253100317834,-0.9347228721640377,-0.9374825766731731,0.8826365964141423,0.9939744828349268,,,,,,,,,,,,,
25338.632,-0.937902062762862,-1.3968814456044836,-0.9348784387724223,-0.9376532659628514,0.882847282041435,0.9941840739999281,,,,,,,,,,,,,
25339.041,-0.935978082206964,-1.3970372003587155,-0.9350336054939135,-0.9378235505787678,0.886847654900334,0.998183315718547,,,,,,,,,,,,,
25339.451,-0.93673716861326,-1.3971933359314157,-0.93518913109002,-0.9379942632269586,0.885687878395017,0.9970223658637128,,,,,,,,,,,,,
25339.861,-0.937030247104613,-1.3973494715041177,-0.9353446361549516,-0.938164987596317,0.8854244685599664,0.9967577431873362,,,,,,,,,,,,,
25340.271,-0.938667083068803,-1.3975056070768197,-0.935500120688701,-0.9383357237052596,0.8825763399402242,0.9939083622344875,,,,,,,,,,,,,
25340.681,-0.937297701186752,-1.39766174264952,-0.9356555846912826,-0.9385064715721794,0.8855106742240335,0.9968414046933955,,,,,,,,,,,,,
25341.061,-0.939854108044419,-1.397806453668121,-0.9357996549463294,-0.938664736207683,0.8808717749701106,0.9922012728753135,,,,,,,,,,,,,
25341.471,-0.93739717395879,-1.397962589240823,-0.9359550793888403,-0.9388355067819862,0.8858980169580619,0.9972261469444377,,,,,,,,,,,,,
25341.881,-0.93883374937567,-1.3981187248135232,-0.936110483300169,-0.9390062891679564,0.8834350896926736,0.9947618122684417,,,,,,,,,,,,,
25342.32,-0.936192242969742,-1.3982859041218543,-0.9362768564346453,-0.9391891643988286,0.8888375993513654,1.0001627711874086,,,,,,,,,,,,,
25342.73,-0.939354182788501,-1.3984420396945563,-0.936432217831431,-0.9393599713017335,0.8830559320081598,0.9943796146566918,,,,,,,,,,,,,
25343.11,-0.938833525223405,-1.3985867507131573,-0.9365761929884258,-0.9395182907351584,0.8843357691155171,0.995658036278436,,,,,,,,,,,,,
25343.549,-0.938573681851672,-1.3987539300214884,-0.936742500226373,-0.9397012040544714,0.8851571476491903,0.9964777373201718,,,,,,,,,,,,,
25343.93,-0.939712229642793,-1.3988990218585595,-0.9368868161306878,-0.9398599622107162,0.8832462341710495,0.9945653312792856,,,,,,,,,,,,,
25344.34,-0.939355398725838,-1.3990551574312615,-0.9370420969050599,-0.9400308158209628,0.8842329257047046,0.9955503785479143,,,,,,,,,,,,,
25344.779,-0.940334600872404,-1.3992223367395908,-0.9372083381928675,-0.9402137674350097,0.8826709989984233,0.9939866474943836,,,,,,,,,,,,,
25345.189,-0.940154133065038,-1.3993784723122928,-0.9373635764526966,-0.9403846457882076,0.8833184559220417,0.9946323783760864,,,,,,,,,,,,,
25345.599,-0.939626616584699,-1.3995346078849948,-0.9375187941813437,-0.9405555361181035,0.8846334613001756,0.9959456182205242,,,,,,,,,,,,,
25346.038,-0.940186685362563,-1.399701787193326,-0.9376849679641026,-0.940738527110667,0.8838777380296176,0.9951879607564745,,,,,,,,,,,,,
25346.448,-0.940736575278517,-1.399857922766028,-0.9378401431781924,-0.940909442298539,0.8831203511736333,0.9944287265898907,,,,,,,,,,,,,
25346.829,-0.940636585787751,-1.400003014603099,-0.9379843241802419,-0.9410682791486382,0.8835917653422186,0.9948983887107247,,,,,,,,,,,,,
25347.268,-0.941133892871004,-1.4001701939114302,-0.9381504320128542,-0.9412513087886881,0.8829567642512942,0.9942613265709824,,,,,,,,,,,,,
25347.649,-0.941440064582061,-1.4003152857485013,-0.9382945748569611,-0.941410168049936,0.8826469269595634,0.9939496638345673,,,,,,,,,,,,,
25348.059,-0.941781668114031,-1.4004714213212033,-0.9384496693985582,-0.9415811306188141,0.882290179162458,0.9935909135530117,,,,,,,,,,,,,
25348.469,-0.942475617367345,-1.4006275568939035,-0.9386047434089733,-0.9417521052904319,0.8812556940332241,0.9925543864475754,,,,,,,,,,,,,
25348.879,-0.94179052756966,-1.4007836924666055,-0.9387597968882346,-0.9419230920827002,0.8828737918380372,0.994170402784363,,,,,,,,,,,,,
25349.26,-0.941598800624643,-1.4009287843036748,-0.9389038647659547,-0.942081995567877,0.8835216630876441,0.9948163043911602,,,,,,,,,,,,,
25349.67,-0.94319061511041,-1.4010849198763768,-0.939058878635052,-0.9422530057946548,0.8807601333247244,0.9920526169699821,,,,,,,,,,,,,
25350.08,-0.94239639230166,-1.4012410554490788,-0.9392138719729957,-0.9424240281944138,0.8825881485807381,0.9938784350759429,,,,,,,,,,,,,
25350.461,-0.94061480206284,-1.40138614728615,-0.9393578839632823,-0.9425829648153496,0.8862941233971393,0.9975823327498754,,,,,,,,,,,,,
25350.871,-0.942233656553281,-1.4015422828588502,-0.9395128376910833,-0.9427540107503791,0.8834805821593543,0.9947665181717904,,,,,,,,,,,,,
25351.281,-0.941914341430589,-1.4016984184315522,-0.9396677708877093,-0.942925068910516,0.8843951120268496,0.995678735207191,,,,,,,,,,,,,
25351.691,-0.943256014059873,-1.4018545540042524,-0.939822683553146,-0.943096139313509,0.8821147303642041,0.9933960012206702,,,,,,,,,,,,,
25352.102,-0.944850078992104,-1.4020110703954245,-0.9399779534480217,-0.9432676392668768,0.8793496043700493,0.9906284775288732,,,,,,,,,,,,,
25352.512,-0.941794202593985,-1.4021672059681247,-0.9401328250010366,-0.943438734238706,0.8855279124691319,0.9968043542241699,,,,,,,,,,,,,
25352.922,-0.941816993192303,-1.4023233415408267,-0.9402876760228907,-0.9436098415065418,0.8857844016549422,0.9970583725144139,,,,,,,,,,,,,
25353.332,-0.944129458975371,-1.402479477113527,-0.9404425065135626,-0.9437809610880401,0.8816366984321508,0.9929081589042755,,,,,,,,,,,,,
25353.772,-0.943923006047382,-1.40264703724033,-0.9406086432249623,-0.9439646153327451,0.8823561129008941,0.9936248353668025,,,,,,,,,,,,,
25354.182,-0.945358820482826,-1.4028031728130301,-0.9407634311510122,-0.9441357604987114,0.8798946493840261,0.9911607795893771,,,,,,,,,,,,,
25354.592,-0.944281534109351,-1.4029593083857321,-0.9409181985458801,-0.9443069180324539,0.8822671376776199,0.9935306361306047,,,,,,,,,,,,,
25355.003,-0.94332987541144,-1.4031158247769024,-0.9410733228158605,-0.944478505454296,0.8843987135217555,0.9956595341670829,,,,,,,,,,,,,
25355.413,-0.945445966757225,-1.4032719603496044,-0.9412280490982923,-0.9446496878065225,0.8806287367169697,0.9918868465300344,,,,,,,,,,,,,
25355.823,-0.94455874147554,-1.4034280959223064,-0.9413827548495775,-0.944820882579182,0.8826356423186575,0.9938910018076933,,,,,,,,,,,,,
25356.233,-0.944534880033268,-1.4035842314950067,-0.9415374400696734,-0.9449920897897661,0.8829818667491753,0.9942344364223732,,,,,,,,,,,,,
25356.614,-0.945333599614104,-1.4037293233320778,-0.9416811657358366,-0.9451511983867354,0.8817246131586609,0.9929745549438644,,,,,,,,,,,,,
25357.025,-0.942667838043335,-1.4038858397232499,-0.941836188505107,-0.9453228472952243,0.887153267518774,0.9984003362593558,,,,,,,,,,,,,
25357.435,-0.944041989173569,-1.40404197529595,-0.9419908135338133,-0.9454940910707552,0.8848104134284762,0.9960545765748572,,,,,,,,,,,,,
25357.845,-0.945685097144082,-1.404198110868652,-0.9421454180313447,-0.9456653473527608,0.8819502205985705,0.9931914386589702,,,,,,,,,,,,,
25358.256,-0.945337903921562,-1.4043546272598242,-0.9423003790066673,-0.9458370339027383,0.8829191065224501,0.994157332677346,,,,,,,,,,,,,
25358.666,-0.944089905607831,-1.4045107628325244,-0.9424549423917625,-0.9460083152804156,0.8856199593964579,0.996855161385476,,,,,,,,,,,,,
25359.077,-0.943690242985753,-1.4046672792236965,-0.9426098621544057,-0.9461800270221317,0.8866897702605894,0.9979219010713234,,,,,,,,,,,,,
25359.516,-0.944966659356637,-1.4048344585320258,-0.9427753132737848,-0.9463634508459002,0.8845561517094617,0.995784958281093,,,,,,,,,,,,,
25359.927,-0.947059707520668,-1.404990974923198,-0.9429301903679672,-0.9465351887425043,0.8808312309915188,0.9920568843119647,,,,,,,,,,,,,
25360.366,-0.946246632099727,-1.4051581542315308,-0.9430955959120624,-0.9467186405427532,0.8827167519011723,0.9939389933182539,,,,,,,,,,,,,
25360.777,-0.948102577131862,-1.4053146706226993,-0.943250430337784,-0.9468904046686216,0.8794478992842819,0.9906669053772624,,,,,,,,,,,,,
25361.187,-0.945601588561234,-1.405470806195403,-0.9434048674812274,-0.9470617635397904,0.8845588801162827,0.995774619217054,,,,,,,,,,,,,
25361.627,-0.946942797116829,-1.4056383663222025,-0.9435705820638702,-0.9472456749539995,0.8823013662405625,0.9935135553689431,,,,,,,,,,,,,
25362.038,-0.948036811907451,-1.4057948827133746,-0.9437253531897056,-0.9474174781283445,0.8804980871722343,0.9917069192189338,,,,,,,,,,,,,
25362.478,-0.946691778180495,-1.4059624428401758,-0.9438910220395158,-0.9476014178130682,0.8834075628971667,0.9946127570041532,,,,,,,,,,,,,
25362.888,-0.947053634931847,-1.406118578412876,-0.9440453740036006,-0.9477728293391897,0.8830118580131986,0.9942136212852054,,,,,,,,,,,,,
25363.299,-0.945983766620582,-1.406275094804048,-0.9442000818295497,-0.947944671724604,0.8853708101617254,0.9965690945944853,,,,,,,,,,,,,
25363.709,-0.949988466198088,-1.4064312303767483,-0.9443543926812268,-0.9481161087704358,0.8779680936162251,0.9891628681341089,,,,,,,,,,,,,
25364.12,-0.948473714206823,-1.4065877467679204,-0.9445090592944752,-0.9482879767721044,0.8811827799488908,0.9923739963547474,,,,,,,,,,,,,
25364.53,-0.948829893909767,-1.4067438823406206,-0.9446633290337232,-0.9484594394060353,0.8807979948729673,0.9919856222840656,,,,,,,,,,,,,
25364.941,-0.948838182749261,-1.4069003987317927,-0.9448179544342707,-0.9486313330924223,0.8810831107104422,0.992267100736733,,,,,,,,,,,,,
25365.351,-0.948188003497859,-1.4070565343044947,-0.9449721830610898,-0.9488028213826617,0.882634058046078,0.9938143799976998,,,,,,,,,,,,,
25365.762,-0.949012073919555,-1.407213050695665,-0.9451267672489578,-0.948974740822054,0.8813500172296547,0.9925266225237028,,,,,,,,,,,,,
25366.173,-0.950020851821001,-1.4073695670868371,-0.9452813308053578,-0.9491466731792253,0.8797106913992099,0.9908835403510199,,,,,,,,,,,,,
25366.583,-0.948388954573316,-1.4075257026595374,-0.9454354977384938,-0.9493182000971359,0.8831499742399879,0.9943190364491167,,,,,,,,,,,,,
25366.994,-0.947871689084754,-1.4076822190507094,-0.9455900200822143,-0.9494901583094469,0.884445994330322,0.9956112209244465,,,,,,,,,,,,,
25367.405,-0.949334775723411,-1.4078387354418798,-0.9457445217944667,-0.9496621294905673,0.8819328052091719,0.9930941565035993,,,,,,,,,,,,,
25367.815,-0.94998823426129,-1.4079948710145818,-0.9458986270339267,-0.9498336951887407,0.8809762040098218,0.9921336498935699,,,,,,,,,,,,,
25368.226,-0.949605728859713,-1.408151387405752,-0.9460530875334996,-0.9500056923267354,0.8820130129439004,0.9931665042551853,,,,,,,,,,,,,
25368.637,-0.949432869405459,-1.4083079037969242,-0.9462075274016115,-0.9501777024843677,0.88264656769772,0.9937960647518913,,,,,,,,,,,,,
25369.047,-0.949289219965216,-1.4084640393696244,-0.9463615709474027,-0.9503493071147977,0.8832232044569467,0.9943686774324264,,,,,,,,,,,,,
25369.458,-0.950755101023807,-1.4086205557607965,-0.946515969602828,-0.9505213433306402,0.8807046402663832,0.991846039711969,,,,,,,,,,,,,
25369.869,-0.949007498005121,-1.4087770721519668,-0.9466703476267853,-0.9506933926167507,0.8843672157730788,0.9955045020040921,,,,,,,,,,,,,
25370.28,-0.950401706790943,-1.4089335885431389,-0.9468247050193028,-0.9508654549899751,0.8819865132677613,0.9931196465995378,,,,,,,,,,,,,
25370.691,-0.950554521541231,-1.4090901049343092,-0.9469790417803736,-0.951037530467138,0.8819936333775403,0.9931225741254438,,,,,,,,,,,,,
25371.101,-0.950529355047842,-1.4092462405070112,-0.9471329824700021,-0.9512092003420534,0.8823423680751339,0.9934670869001159,,,,,,,,,,,,,
25371.512,-0.951977828840001,-1.4094027568981833,-0.9472872780183721,-0.9513813020454921,0.8798572867782072,0.9909777337465216,,,,,,,,,,,,,
25371.923,-0.951936007742959,-1.4095592732893536,-0.9474415529352953,-0.9515534169031693,0.8802387891265505,0.9913549245535188,,,,,,,,,,,,,
25372.334,-0.950425231652582,-1.4097157896805257,-0.9475958072207646,-0.951725544931821,0.8834458278100541,0.994557612011026,,,,,,,,,,,,,
25372.745,-0.95304099090864,-1.409872306071696,-0.9477500408747943,-0.9518976861481623,0.8787154718064706,0.9898228650967816,,,,,,,,,,,,,
25373.185,-0.952196487727185,-1.410039866198499,-0.9479151343289942,-0.9520819882169472,0.880662176548234,0.9917648251232755,,,,,,,,,,,,,
25373.596,-0.952447049808549,-1.4101963825896693,-0.9480693252643704,-0.9522541567922251,0.8804812795731648,0.9915794550680671,,,,,,,,,,,,,
25374.007,-0.952122250341404,-1.4103528989808414,-0.9482234955683069,-0.9524263386063797,0.8814070910871545,0.9925007538172532,,,,,,,,,,,,,
25374.447,-0.950799396093184,-1.4105204591076426,-0.9483885212024532,-0.9526106841941984,0.8842739045635171,0.9953626921262384,,,,,,,,,,,,,
25374.858,-0.951537315150448,-1.4106769754988129,-0.9485426487877433,-0.952782893473063,0.8831555759790072,0.9942397686074608,,,,,,,,,,,,,
25375.269,-0.953769722824519,-1.410833491889985,-0.9486967557415866,-0.9529551160417866,0.8791625971101651,0.9902421551196865,,,,,,,,,,,,,
25375.68,-0.951749319352753,-1.4109900082811553,-0.9488508420639761,-0.9531273519169278,0.8833499045493721,0.9944247882552969,,,,,,,,,,,,,
25376.12,-0.952246445572329,-1.4111575684079565,-0.9490157777908763,-0.9533117554550139,0.8827159838545952,0.9937858194562209,,,,,,,,,,,,,
25376.502,-0.953161779457222,-1.4113030410634977,-0.9491589528144218,-0.9534718636525951,0.8812351550433436,0.9923005710880818,,,,,,,,,,,,,
25376.913,-0.952727357523004,-1.4114595574546698,-0.9493129772424851,-0.9536441395461318,0.8823718254776337,0.9934324481647819,,,,,,,,,,,,,
25377.324,-0.953969577183834,-1.41161607384584,-0.9494669810390874,-0.9538164288121094,0.8802834741996562,0.9913392638445359,,,,,,,,,,,,,
25377.735,-0.952776040602023,-1.4117725902370122,-0.9496209642042359,-0.9539887314669793,0.8828803023849026,0.9939312193028633,,,,,,,,,,,,,
25378.146,-0.953851878266206,-1.4119291066281825,-0.9497749267379447,-0.9541610475271719,0.8811119870366679,0.9921579915430312,,,,,,,,,,,,,
25378.557,-0.954508017573855,-1.4120856230193546,-0.9499288686401997,-0.9543333770090967,0.8801509618787919,0.9911920142888933,,,,,,,,,,,,,
25378.968,-0.95276492716303,-1.412242139410525,-0.9500827899110078,-0.9545057199291413,0.8838048573799493,0.9948409180091242,,,,,,,,,,,,,
25379.379,-0.953920139554427,-1.412398655801697,-0.9502366905503834,-0.954678076303672,0.8818838646679771,0.9929148938315754,,,,,,,,,,,,,
25379.76,-0.953486089898066,-1.412543747638768,-0.9503793391389337,-0.9548378639523903,0.8829978438847088,0.9940241733976332,,,,,,,,,,,,,
25380.201,-0.953223071426912,-1.4127116885840394,-0.9505444299347587,-0.9550228294815509,0.8838267947345394,0.9948476419129627,,,,,,,,,,,,,
25380.612,-0.953481217139356,-1.4128682049752115,-0.9506982686797798,-0.955195226317526,0.8836313106378353,0.9946470072966744,,,,,,,,,,,,,
25380.994,-0.954672427693184,-1.413013677630751,-0.9508412341236507,-0.9553554710219968,0.8816198327899287,0.9926307067645923,,,,,,,,,,,,,
25381.434,-0.95492121439877,-1.4131812377575539,-0.9510058842754674,-0.9555400605649544,0.8814635933879229,0.9924688699536004,,,,,,,,,,,,,
25381.845,-0.955993101936483,-1.4133377541487242,-0.9511596611261623,-0.9557124980089069,0.8797028761117326,0.9907028831038184,,,,,,,,,,,,,
25382.256,-0.955478660315372,-1.4134942705398963,-0.9513134173453821,-0.9558849490213163,0.8809934644903232,0.9919881622241671,,,,,,,,,,,,,
25382.668,-0.956136087962003,-1.4136511677495367,-0.9514675269605064,-0.9560578332568502,0.8800306937158707,0.991020029443949,,,,,,,,,,,,,
25383.108,-0.955728688071616,-1.4138187278763379,-0.9516320871513599,-0.9562424819988041,0.8811366298590465,0.9921201951378472,,,,,,,,,,,,,
25383.519,-0.955808329251225,-1.41397524426751,-0.9517857799702867,-0.9564149748082547,0.8812844994020412,0.9922626334719087,,,,,,,,,,,,,
25383.96,-0.955102711220671,-1.4141431852127795,-0.951950668297826,-0.9566000734975829,0.8829647909278479,0.993937053214755,,,,,,,,,,,,,
25384.371,-0.956518053308833,-1.4142997016039516,-0.9521043183479279,-0.9567725945887472,0.8805434384952595,0.9915101873072065,,,,,,,,,,,,,
25384.812,-0.95643603183132,-1.4144676425492246,-0.9522691607848159,-0.956957723661267,0.8810242414546494,0.9919850302127984,,,,,,,,,,,,,
25385.223,-0.955808550831582,-1.414624158940395,-0.9524227680660715,-0.9571302731032852,0.8825322611861801,0.9934874542033563,,,,,,,,,,,,,
25385.605,-0.956866078598955,-1.4147696315959362,-0.9525655183781723,-0.9572906598084707,0.880777922305929,0.9917278788321701,,,,,,,,,,,,,
25386.016,-0.957575996328511,-1.4149261479871065,-0.9527190858522729,-0.9574632357000401,0.8797134543020569,0.9906577385181173,,,,,,,,,,,,,
25386.428,-0.958433375579102,-1.4150830451967487,-0.9528730062630686,-0.9576362452663191,0.8783660764260796,0.9893046347011031,,,,,,,,,,,,,
25386.839,-0.958003233124817,-1.415239561587919,-0.9530265324240688,-0.9578088486710608,0.8794945152766205,0.9904273217755859,,,,,,,,,,,,,
25387.25,-0.956433285388706,-1.415396077979091,-0.9531800379536293,-0.9579814658396502,0.8828153706773083,0.993742385715537,,,,,,,,,,,,,
25387.691,-0.95745398535647,-1.4155640189243606,-0.9533447253210383,-0.9581666981272338,0.8811750878816313,0.9920958445893591,,,,,,,,,,,,,
25388.073,-0.957728093379113,-1.4157094915799036,-0.9534873604856315,-0.9583271616091664,0.8809276576299376,0.9918429563600577,,,,,,,,,,,,,
25388.514,-0.957531803601511,-1.4158774325251748,-0.9536520035243967,-0.9585124235565398,0.8816282557738757,0.9925372109071728,,,,,,,,,,,,,
25388.925,-0.957825875832638,-1.4160339489163452,-0.9538054249720105,-0.9586850969833429,0.8813636669841074,0.9922666689247635,,,,,,,,,,,,,
25389.366,-0.95731526481469,-1.4162018898616182,-0.9539700221201315,-0.9588703897076065,0.882668862334593,0.9935654324075741,,,,,,,,,,,,,
25389.807,-0.957536333165718,-1.4163698308068877,-0.9541345955149794,-0.9590556983908555,0.8825666717187849,0.9934567642346158,,,,,,,,,,,,,
25390.218,-0.958819365124859,-1.4165263471980598,-0.9542879520563616,-0.9592284154258688,0.880399817945961,0.9912838324217758,,,,,,,,,,,,,
25390.659,-0.958290290113082,-1.416694288143331,-0.9544524795605653,-0.959413754996762,0.8817405288062393,0.9926179774540519,,,,,,,,,,,,,
25391.07,-0.959068549096754,-1.4168508045345014,-0.9546057933331085,-0.9595865008521353,0.880544606334687,0.9914158946764707,,,,,,,,,,,,,
25391.511,-0.959305156571124,-1.4170187454797727,-0.9547702749466467,-0.959305156571124,0.8804125262002663,0.9912771604432101,,,,,,,,,,,,,
25391.952,-0.959618173888389,-1.4171866864250457,-0.954934732806926,-0.959618173888389,0.8801334716599326,0.9909914061145612,,,,,,,,,,,,,
25392.363,-0.959583910466304,-1.417343202816216,-0.9550879816732376,-0.959583910466304,0.880500436813265,0.9913520861144753,,,,,,,,,,,,,
25392.775,-0.959214624006839,-1.4175001000258582,-0.9552415827010421,-0.959214624006839,0.8815125516042384,0.9923578606300578,,,,,,,,,,,,,
25393.186,-0.959578557903696,-1.4176566164170286,-0.9553947902542603,-0.959578557903696,0.8811135838335957,0.9919525282401054,,,,,,,,,,,,,
25393.598,-0.960222754654662,-1.4178135136266707,-0.9555483498684438,-0.960222754654662,0.8801762626996174,0.9910087871715058,,,,,,,,,,,,,
25394.01,-0.961472789381781,-1.4179704108363111,-0.9557018887506672,-0.961472789381781,0.8780736116388472,0.9888996762981113,,,,,,,,,,,,,
25394.421,-0.962020219012622,-1.4181269272274815,-0.9558550343091454,-0.962020219012622,0.8773216896483199,0.9881412704411695,,,,,,,,,,,,,
25394.833,-0.961222890967385,-1.4182838244371236,-0.9560085317777407,-0.961222890967385,0.8791571428390705,0.9899701841600512,,,,,,,,,,,,,
25395.244,-0.960812070400948,-1.418440340828294,-0.9561616360231184,-0.960812070400948,0.880248416019849,0.9910548940085236,,,,,,,,,,,,,
25395.626,-0.959933566269936,-1.4185858134838352,-0.9563039187933668,-0.959933566269936,0.8822180363485119,0.9930183785278006,,,,,,,,,,,,,
25396.067,-0.96112472817674,-1.4187537544291065,-0.9564681550103984,-0.96112472817674,0.880249869849999,0.9910430859093908,,,,,,,,,,,,,
25396.45,-0.960999526412613,-1.4188996079031178,-0.956610771726659,-0.960999526412613,0.8807712448599002,0.9915582349504316,,,,,,,,,,,,,
25396.891,-0.962465972505609,-1.419067548848389,-0.9567749635611875,-0.962465972505609,0.8782735689658587,0.9890533475665599,,,,,,,,,,,,,
25397.302,-0.961121216986735,-1.4192240652395611,-0.9569279644987461,-0.961121216986735,0.88116126692123,0.9919342834766288,,,,,,,,,,,,,
25397.714,-0.960374450569615,-1.4193809624492015,-0.9570813169945396,-0.960374450569615,0.8828994647719174,0.9936656629997248,,,,,,,,,,,,,
25398.126,-0.961992443921907,-1.4195378596588437,-0.9572346487583729,-0.961992443921907,0.8800890449435725,0.9908483849657854,,,,,,,,,,,,,
25398.537,-0.961410066548191,-1.419694376050014,-0.9573875877011915,-0.961410066548191,0.8815103078072954,0.9922627665371013,,,,,,,,,,,,,
25398.949,-0.961892336817327,-1.4198512732596562,-0.9575408780513968,-0.961892336817327,0.8808844524160462,0.991629973281013,,,,,,,,,,,,,
25399.39,-0.96288095308753,-1.4200192142049275,-0.9577049352841129,-0.96288095308753,0.8793058826433285,0.9900439331113863,,,,,,,,,,,,,
25399.802,-0.96201306522431,-1.420176111414568,-0.9578581827110995,-0.96201306522431,0.8812770577114767,0.9920080877517327,,,,,,,,,,,,,
25400.214,-0.960856894623113,-1.42033300862421,-0.95801140940614,-0.960856894623113,0.8838027449019522,0.9945267146363891,,,,,,,,,,,,,
25400.625,-0.964424711480759,-1.4204895250153804,-0.9581642435351654,-0.964424711480759,0.8772411051907977,0.9879579920231333,,,,,,,,,,,,,
25401.037,-0.963604200173609,-1.4206464222250226,-0.9583174288165779,-0.963604200173609,0.8791211514080194,0.9898308982752914,,,,,,,,,,,,,
25401.42,-0.962471508636821,-1.420792275699032,-0.9584598130444704,-0.962471508636821,0.881580433959584,0.9922835076657744,,,,,,,,,,,,,
25401.861,-0.963624382620391,-1.4209602166443052,-0.9586237371835153,-0.963624382620391,0.8796859143180485,0.9903812616211697,,,,,,,,,,,,,
25402.273,-0.962694438766492,-1.4211171138539456,-0.958776860269019,-0.962694438766492,0.8817764541436421,0.9924645418476619,,,,,,,,,,,,,
25402.684,-0.963983433184467,-1.4212736302451177,-0.9589295910400324,-0.963983433184467,0.8795981315755462,0.9902789375679198,,,,,,,,,,,,,
25403.126,-0.963067774487941,-1.421441952008859,-0.9590938186258455,-0.963067774487941,0.8816831690280091,0.9923560997924463,,,,,,,,,,,,,
25403.538,-0.964649902706401,-1.4215988492184994,-0.9592468780561774,-0.964649902706401,0.8789417358189018,0.9896072845432575,,,,,,,,,,,,,
25403.949,-0.963408344378244,-1.4217553656096715,-0.9593995453264768,-0.963408344378244,0.8816309338791914,0.9922890787480843,,,,,,,,,,,,,
25404.391,-0.964432619567495,-1.421923687373413,-0.9595637046220205,-0.964432619567495,0.8799845066462583,0.9906346449306286,,,,,,,,,,,,,
25404.803,-0.962637058761439,-1.4220805845830533,-0.9597167003971663,-0.962637058761439,0.8837400615075371,0.9943826953108318,,,,,,,,,,,,,
25405.214,-0.963476388455722,-1.4222371009742254,-0.9598693041667872,-0.963476388455722,0.8824266694656963,0.9930617772697395,,,,,,,,,,,,,
25405.626,-0.964396075454163,-1.4223939981838658,-0.960022258528312,-0.964396075454163,0.880959442577111,0.9915869662408483,,,,,,,,,,,,,
25406.038,-0.964908748318612,-1.422550895393508,-0.9601751921578625,-0.964908748318612,0.8802751077646885,0.9908950074101025,,,,,,,,,,,,,
25406.421,-0.964976046140248,-1.4226967488675175,-0.9603173424472686,-0.964976046140248,0.8804262096371899,0.9910389861399663,,,,,,,,,,,,,
25406.833,-0.963666894203826,-1.4228536460771597,-0.960470236072176,-0.963666894203826,0.8832461565723413,0.9938512321077304,,,,,,,,,,,,,
25407.245,-0.967217739378475,-1.4230105432868,-0.9606231089651303,-0.967217739378475,0.8767178944143615,0.9873152291043318,,,,,,,,,,,,,
25407.657,-0.965956462724486,-1.4231674404964423,-0.9607759611261031,-0.965956462724486,0.8794457531979466,0.9900353071644948,,,,,,,,,,,,,
25408.039,-0.965289801407493,-1.4233129131519835,-0.9609176647528557,-0.965289801407493,0.8810078936711555,0.99159019784368,,,,,,,,,,,,,
25408.451,-0.966072410679291,-1.4234698103616257,-0.9610704769595202,-0.966072410679291,0.8798043359209257,0.99037878251774,,,,,,,,,,,,,
25408.863,-0.966606449352424,-1.423626707571266,-0.9612232684341961,-0.966606449352424,0.8790789039550534,0.9896454530981403,,,,,,,,,,,,,
25409.275,-0.965945169191368,-1.4237836047809083,-0.9613760391769262,-0.965945169191368,0.880652668910413,0.9912112807217552,,,,,,,,,,,,,
25409.688,-0.964857581910231,-1.423940882809017,-0.9615291599149174,-0.964857581910231,0.8830471685238184,0.9935977837147352,,,,,,,,,,,,,
25410.1,-0.966048528433298,-1.4240977800186592,-0.9616818891433923,-0.966048528433298,0.8810581736800804,0.9916007716864419,,,,,,,,,,,,,
25410.512,-0.96546310950147,-1.4242546772282996,-0.9618345976398857,-0.96546310950147,0.8824860194884336,0.9930205604322224,,,,,,,,,,,,,
25410.924,-0.966262068413687,-1.4244115744379418,-0.961987285404426,-0.966262068413687,0.8812510131892145,0.9917774571924133,,,,,,,,,,,,,
25411.336,-0.967812964539892,-1.4245684716475822,-0.9621399524369991,-0.967812964539892,0.8785696549394423,0.9890879621240479,,,,,,,,,,,,,
25411.748,-0.966294809790034,-1.4247253688572243,-0.9622925987375979,-0.966294809790034,0.8817916189862091,0.9923017494742042,,,,,,,,,,,,,
25412.16,-0.966664260735147,-1.4248822660668665,-0.9624452243062436,-0.966664260735147,0.8813827716726622,0.9918846855860296,,,,,,,,,,,,,
25412.602,-0.967530287080886,-1.4250505878306061,-0.9626089403358051,-0.967530287080886,0.8800407362416317,0.990533790946777,,,,,,,,,,,,,
25413.014,-0.969281132971476,-1.4252074850402483,-0.9627615229309043,-0.969281132971476,0.8769747744287588,0.9874595298995092,,,,,,,,,,,,,
25413.426,-0.969014926008272,-1.4253643822498887,-0.9629140847940434,-0.969014926008272,0.8777886157100457,0.988265032068384,,,,,,,,,,,,,
25413.838,-0.96826206308014,-1.4255212794595309,-0.9630666259251939,-0.96826206308014,0.8795385402055013,0.9900065775734385,,,,,,,,,,,,,
25414.25,-0.968600504295464,-1.4256781766691713,-0.9632191463243984,-0.968600504295464,0.8791893401368699,0.9896489586363603,,,,,,,,,,,,,
25414.663,-0.967898166625562,-1.4258354546972836,-0.9633720161112294,-0.967898166625562,0.8808428117544694,0.9912939509280748,,,,,,,,,,,,,
25415.075,-0.969133527162705,-1.425992351906924,-0.9635244949961645,-0.969133527162705,0.8787683865121585,0.9892110269645207,,,,,,,,,,,,,
25415.487,-0.968799183840505,-1.4261492491165662,-0.9636769531491396,-0.968799183840505,0.8797132881451695,0.9901473899982569,,,,,,,,,,,,,
25415.87,-0.969737845443892,-1.4262951025905757,-0.9638186614299542,-0.969737845443892,0.8781883209497634,0.9886144494551301,,,,,,,,,,,,,
25416.282,-0.968708053857261,-1.4264519998002179,-0.9639710795783003,-0.968708053857261,0.8804709179848034,0.9908884309418313,,,,,,,,,,,,,
25416.695,-0.971190551236679,-1.4266092778283301,-0.9641238468660873,-0.971190551236679,0.8759983563378269,0.9864071928116642,,,,,,,,,,,,,
25417.107,-0.970577408521791,-1.4267661750379705,-0.964276223500157,-0.970577408521791,0.8774795288694215,0.9878796699420953,,,,,,,,,,,,,
25417.549,-0.969604835357314,-1.426934496801712,-0.9644396724688704,-0.969604835357314,0.8796740413554431,0.9900648095273397,,,,,,,,,,,,,
25417.961,-0.969244356182737,-1.4270913940113523,-0.9645920061294078,-0.969244356182737,0.8806692153255045,0.9910512054364846,,,,,,,,,,,,,
25418.373,-0.970273438202523,-1.4272482912209945,-0.9647443190579637,-0.970273438202523,0.8789915670086975,0.9893647391807298,,,,,,,,,,,,,
25418.786,-0.970714277006906,-1.427405569249105,-0.9648969808705914,-0.970714277006906,0.87844613758423,0.98881043039125,,,,,,,,,,,,,
25419.227,-0.971580252603675,-1.4275735101943763,-0.9650599696374513,-0.971580252603675,0.8771034672642036,0.9874582344763331,,,,,,,,,,,,,
25419.64,-0.970158931608605,-1.4277307882224886,-0.9652125883722462,-0.970158931608605,0.880139903995678,0.9904857089823994,,,,,,,,,,,,,
25420.082,-0.971872887362251,-1.42789910998623,-0.9653759005984455,-0.971872887362251,0.8771668755372537,0.9875030445984954,,,,,,,,,,,,,
25420.494,-0.970344962620206,-1.4280560071958703,-0.9655281067976347,-0.970344962620206,0.8804076321733366,0.9907347780012888,,,,,,,,,,,,,
25420.936,-0.971168947504347,-1.4282243289596135,-0.9656913729211709,-0.971168947504347,0.8791464635339212,0.9894638847577186,,,,,,,,,,,,,
25421.348,-0.970953597139832,-1.428381226169254,-0.9658435361468207,-0.970953597139832,0.8798624820989709,0.990170797429726,,,,,,,,,,,,,
25421.761,-0.972128977883745,-1.4285385041973644,-0.965996047893178,-0.972128977883745,0.8779041605510172,0.9882033078637333,,,,,,,,,,,,,
25422.203,-0.971298471245675,-1.4287068259611058,-0.9661592456184493,-0.971298471245675,0.8798254079375675,0.9901146990818653,,,,,,,,,,,,,
25422.615,-0.972336060260917,-1.428863723170748,-0.9663113450882861,-0.972336060260917,0.8781313964068617,0.9884114590235428,,,,,,,,,,,,,
25422.998,-0.972088989855595,-1.4290095766447575,-0.9664527199330664,-0.972088989855595,0.8788871858647004,0.9891586337682147,,,,,,,,,,,,,
25423.411,-0.971615393817059,-1.4291668546728697,-0.9666051484494034,-0.971615393817059,0.8801006727355106,0.9903627925277211,,,,,,,,,,,,,
25423.853,-0.971885512464079,-1.4293351764366111,-0.9667682571004121,-0.971885512464079,0.8799048663331263,0.9901569586222138,,,,,,,,,,,,,
25424.236,-0.972088453432829,-1.4294810299106224,-0.9669095740336076,-0.972088453432829,0.8797950584823756,0.9900384246651474,,,,,,,,,,,,,
25424.648,-0.973992807938367,-1.4296379271202646,-0.9670615712022439,-0.973992807938367,0.8764338227017755,0.9866677635802342,,,,,,,,,,,,,
25425.061,-0.970841168787888,-1.429795205148375,-0.9672139164885323,-0.970841168787888,0.8827985280607218,0.9930229807346118,,,,,,,,,,,,,
25425.444,-0.974527744638507,-1.4299410586223864,-0.9673551769135003,-0.974527744638507,0.8759879451815992,0.986203563055348,,,,,,,,,,,,,
25425.857,-0.973984690290391,-1.430098336650497,-0.9675074820476155,-0.973984690290391,0.8773350351773398,0.9875410876136509,,,,,,,,,,,,,
25426.269,-0.973367656226806,-1.430255233860139,-0.9676593976470258,-0.973367656226806,0.8788236927218799,0.9890201629551848,,,,,,,,,,,,,
25426.682,-0.974681105458879,-1.4304125118882496,-0.967811661166138,-0.974681105458879,0.8765997963048482,0.9867866210540688,,,,,,,,,,,,,
25427.094,-0.972650885716711,-1.4305694090978918,-0.9679635352512932,-0.972650885716711,0.8808067178542605,0.9909838805476643,,,,,,,,,,,,,
25427.507,-0.975155637065099,-1.4307266871260023,-0.9681157571553669,-0.975155637065099,0.8762913506766744,0.9864587878393473,,,,,,,,,,,,,
25427.949,-0.973436896446763,-1.4308950088897436,-0.9682786446862508,-0.973436896446763,0.8799211169741172,0.9900781013082851,,,,,,,,,,,,,
25428.332,-0.974746389401663,-1.4310408623637532,-0.9684197700153447,-0.974746389401663,0.877682855319269,0.9878307449959511,,,,,,,,,,,,,
25428.745,-0.971274890662424,-1.4311981403918654,-0.968571929471679,-0.971274890662424,0.8846628109032363,0.9948008549307158,,,,,,,,,,,,,
25429.158,-0.974938293897295,-1.4313554184199777,-0.968724068095284,-0.974938293897295,0.8779187757134203,0.9880469340198864,,,,,,,,,,,,,
25429.571,-0.973867613896757,-1.4315126964480882,-0.9688761858861596,-0.973867613896757,0.8802807541564202,0.9903989866700338,,,,,,,,,,,,,
25429.983,-0.975508965947454,-1.4316695936577304,-0.9690279145959693,-0.975508965947454,0.877425403849344,0.9875336946770831,,,,,,,,,,,,,
25430.396,-0.975116827922311,-1.4318268716858409,-0.9691799907718206,-0.975116827922311,0.8784822061534512,0.9885804911417053,,,,,,,,,,,,,
25430.809,-0.9752273195916,-1.4319841497139532,-0.9693320461149497,-0.9752273195916,0.8785721997594124,0.9886604388363424,,,,,,,,,,,,,
25431.221,-0.975642293602305,-1.4321410469235936,-0.9694837125282092,-0.975642293602305,0.87807578878564,0.9881539663490916,,,,,,,,,,,,,
25431.605,-0.975258399244598,-1.432287281216075,-0.9696250528489259,-0.975258399244598,0.8790954917514977,0.9891642556887614,,,,,,,,,,,,,
25432.047,-0.974819199942485,-1.4324556029798146,-0.9697877191516966,-0.974819199942485,0.8802640591029336,0.9903219446786329,,,,,,,,,,,,,
25432.46,-0.974938780533216,-1.4326128810079268,-0.9699396912143499,-0.974938780533216,0.8803365701598048,0.9903842496338976,,,,,,,,,,,,,
25432.873,-0.975967956883535,-1.4327701590360373,-0.9700916424442809,-0.975967956883535,0.8786594729028157,0.9886969062034627,,,,,,,,,,,,,
25433.315,-0.975339042655658,-1.4329384807997787,-0.970254240294814,-0.975339042655658,0.8801929570954788,0.9902193803664451,,,,,,,,,,,,,
25433.728,-0.976271674174169,-1.433095758827891,-0.9704061483964637,-0.976271674174169,0.8787015639148484,0.9887176580549414,,,,,,,,,,,,,
25434.141,-0.977191899438287,-1.4332530368560015,-0.9705580356653627,-0.977191899438287,0.87723403417641,0.9872397591138047,,,,,,,,,,,,,
25434.583,-0.974496273255799,-1.4334213586197428,-0.9707205650636723,-0.974496273255799,0.8827428407911708,0.9927374240307825,,,,,,,,,,,,,
25434.966,-0.976768427135733,-1.4335672120937542,-0.9708613800652444,-0.976768427135733,0.8786528999259616,0.9886377915919496,,,,,,,,,,,,,
25435.409,-0.976209878248707,-1.4337359146759656,-0.9710242325121783,-0.976209878248707,0.8800517688228648,0.9900254076703998,,,,,,,,,,,,,
25435.792,-0.97871632817352,-1.433881768149977,-0.9711650088748272,-0.97871632817352,0.8755111592911594,0.9854750322429685,,,,,,,,,,,,,
25436.176,-0.975915018842138,-1.4340280024424583,-0.9713061348134602,-0.975915018842138,0.8811807622718323,0.9911348092327262,,,,,,,,,,,,,
25436.589,-0.976651691554483,-1.4341852804705688,-0.9714578985992617,-0.976651691554483,0.8800662960423501,0.9900097362803343,,,,,,,,,,,,,
25437.002,-0.976827313650482,-1.434342558498681,-0.9716096415523339,-0.976827313650482,0.8800310112102184,0.9899638046534679,,,,,,,,,,,,,
25437.385,-0.976974152157927,-1.4344884119726906,-0.9717503433970975,-0.976974152157927,0.8800291164974628,0.9899520007095309,,,,,,,,,,,,,
25437.798,-0.977969154641288,-1.4346456900008029,-0.9719020461979895,-0.977969154641288,0.878417752706268,0.9883299128907466,,,,,,,,,,,,,
25438.211,-0.97765675359095,-1.4348029680289134,-0.9720537281661379,-0.97765675359095,0.8793211808630467,0.9892225769480824,,,,,,,,,,,,,
25438.624,-0.977035890778623,-1.4349602460570257,-0.9722053893015641,-0.977035890778623,0.8808179355141468,0.9907085274279146,,,,,,,,,,,,,
25439.037,-0.97812679935558,-1.4351175240851362,-0.972357029604261,-0.97812679935558,0.8790220962601547,0.9889018439308297,,,,,,,,,,,,,
25439.45,-0.977714071369693,-1.4352748021132484,-0.9725086490742356,-0.977714071369693,0.8801185033734567,0.9899873667291996,,,,,,,,,,,,,
25439.834,-0.979406499432556,-1.435421036405728,-0.972649603450904,-0.979406499432556,0.877144398176746,0.987003105541511,,,,,,,,,,,,,
25440.247,-0.9775130521902,-1.4355783144338403,-0.9728011827182499,-0.9775130521902,0.8810889701965993,0.9909367159165458,,,,,,,,,,,,,
25440.689,-0.979177114072267,-1.4357466361975817,-0.9729633824877624,-0.979177114072267,0.8782119126478949,0.9880478826278778,,,,,,,,,,,,,
25441.073,-0.980088258089441,-1.435892870490063,-0.9731042787547395,-0.980088258089441,0.876740608060593,0.9865663102753707,,,,,,,,,,,,,
25441.515,-0.979560836289698,-1.4360611922538045,-0.9732664339331336,-0.979560836289698,0.8780788714706336,0.9878927121742709,,,,,,,,,,,,,
25441.929,-0.978575109947,-1.436218851100385,-0.9734182951961614,-0.978575109947,0.8802781739761872,0.9900808629488512,,,,,,,,,,,,,
25442.342,-0.978248721181278,-1.4363761291284973,-0.9735697687865823,-0.978248721181278,0.8812085075168936,0.9910000315747765,,,,,,,,,,,,,
25442.755,-0.978296643385255,-1.4365334071566078,-0.9737212215442739,-0.978296643385255,0.8814188535492447,0.9911991726205356,,,,,,,,,,,,,
25443.197,-0.980614354550422,-1.4367017289203492,-0.9738832859209055,-0.980614354550422,0.8772845009790944,0.9870527838817014,,,,,,,,,,,,,
25443.611,-0.981643964779219,-1.4368593877669316,-0.9740350621342984,-0.981643964779219,0.8756073016611327,0.9853642692394958,,,,,,,,,,,,,
25443.994,-0.979530228840703,-1.437005241240941,-0.9741754548209656,-0.979530228840703,0.8799536240580718,0.9897000877385803,,,,,,,,,,,,,
25444.408,-0.980393761988723,-1.4371629000875235,-0.9743271907343924,-0.980393761988723,0.878595874163885,0.988330945003021,,,,,,,,,,,,,
25444.821,-0.981048261579591,-1.437320178115634,-0.974478539277996,-0.981048261579591,0.8776394680121856,0.9873631334085305,,,,,,,,,,,,,
25445.234,-0.979658552475794,-1.4374774561437462,-0.9746298669888702,-0.979658552475794,0.8806150992405505,0.9903273191222793,,,,,,,,,,,,,
25445.618,-0.980148567528945,-1.4376236904362258,-0.9747705500931616,-0.980148567528945,0.8799538366184742,0.9896553787158148,,,,,,,,,,,,,
25446.06,-0.980930727206362,-1.437792012199969,-0.9749324599124307,-0.980930727206362,0.8787731188042103,0.9884623274412179,,,,,,,,,,,,,
25446.474,-0.980737256577145,-1.4379496710465496,-0.9750840913594345,-0.980737256577145,0.8794485166868632,0.9891261315409557,,,,,,,,,,,,,
25446.887,-0.980716661108466,-1.43810694907466,-0.9752353356889429,-0.980716661108466,0.8797906565281247,0.9894566654832554,,,,,,,,,,,,,
25447.33,-0.980576878524317,-1.4382756516568733,-0.9753975431317699,-0.980576878524317,0.8803840280407772,0.9900375435097121,,,,,,,,,,,,,
25447.743,-0.979809157034254,-1.438432929684982,-0.9755487442825412,-0.979809157034254,0.8821632654990081,0.9918050920145218,,,,,,,,,,,,,
25448.156,-0.979622697330562,-1.4385902077130943,-0.9756999246005904,-0.979622697330562,0.8828244453550176,0.9924545428452851,,,,,,,,,,,,,
25448.599,-0.981156160086935,-1.4387589102953058,-0.9758620633822161,-0.981156160086935,0.8801993278542328,0.9898167997882341,,,,,,,,,,,,,
25449.013,-0.98104839465745,-1.4389165691418864,-0.9760135664457366,-0.98104839465745,0.8807098717031995,0.990315502908199,,,,,,,,,,,,,
25449.426,-0.982732499398727,-1.4390738471699986,-0.9761646827018851,-0.982732499398727,0.8777730190595789,0.9873667980160306,,,,,,,,,,,,,
25449.839,-0.983090464126423,-1.4392311251981091,-0.9763157781252971,-0.983090464126423,0.8773869980009118,0.9869688846369763,,,,,,,,,,,,,
25450.282,-0.98223446772806,-1.4393998277803206,-0.9764778258456062,-0.98223446772806,0.8793580074704656,0.9889270933934929,,,,,,,,,,,,,
25450.696,-0.9830330816441,-1.4395574866269012,-0.9766292438089508,-0.9830330816441,0.8781251297811028,0.9876822112846131,,,,,,,,,,,,,
25451.139,-0.983157927088634,-1.4397261892091127,-0.9767912451599443,-0.983157927088634,0.8782094890273873,0.9877536806263156,,,,,,,,,,,,,
25451.552,-0.983452220176831,-1.439883467237225,-0.9769422541754551,-0.983452220176831,0.8779459404282202,0.9874780735008537,,,,,,,,,,,,,
25451.965,-0.983463220847773,-1.4400407452653354,-0.9770932423582366,-0.983463220847773,0.8782273050646899,0.9877473395391753,,,,,,,,,,,,,
25452.379,-0.983161945076825,-1.4401984041119178,-0.9772445752213841,-0.983161945076825,0.8791100662406125,0.9886179326050654,,,,,,,,,,,,,
25452.792,-0.984147120341339,-1.4403556821400283,-0.9773955216882797,-0.984147120341339,0.8775176051142689,0.9870132926398919,,,,,,,,,,,,,
25453.206,-0.983609307263912,-1.4405133409866089,-0.9775468127345093,-0.983609307263912,0.878855346025516,0.9883387850061198,,,,,,,,,,,,,
25453.619,-0.984845620996422,-1.4406706190147212,-0.9776977174854906,-0.984845620996422,0.8767798198156994,0.986250999716806,,,,,,,,,,,,,
25454.033,-0.984254975107025,-1.4408282778613017,-0.9778489667148236,-0.984254975107025,0.8782191846913208,0.9876780356124215,,,,,,,,,,,,,
25454.446,-0.984891401412651,-1.440985555889414,-0.9779998297498977,-0.984891401412651,0.8772975425210803,0.9867440541219878,,,,,,,,,,,,,
25454.86,-0.983573568598906,-1.4411432147359946,-0.9781510371623199,-0.983573568598906,0.880135652141448,0.9895697543273915,,,,,,,,,,,,,
25455.244,-0.984532366980899,-1.441289449028476,-0.9782912688025789,-0.984532366980899,0.8785726843378215,0.9879952403466733,,,,,,,,,,,,,
25455.658,-0.983798970824006,-1.4414471078750566,-0.9784424358644799,-0.983798970824006,0.8802866294895528,0.9896966984690243,,,,,,,,,,,,,
25456.071,-0.98481305045682,-1.4416043859031689,-0.9785932169305838,-0.98481305045682,0.8786385707831323,0.9880361427747966,,,,,,,,,,,,,
25456.485,-0.986192793127133,-1.4417620447497494,-0.9787443421755597,-0.986192793127133,0.876287891378909,0.9856728959062204,,,,,,,,,,,,,
25456.928,-0.983721139288313,-1.441930747331961,-0.9789060303037687,-0.983721139288313,0.8813666194810222,0.9907381316185931,,,,,,,,,,,,,
25457.341,-0.986045159771134,-1.4420880253600732,-0.9790567473079719,-0.986045159771134,0.8771988882962785,0.9865577802227261,,,,,,,,,,,,,
25457.755,-0.986161334929984,-1.4422456842066538,-0.9792078083359428,-0.986161334929984,0.8772786822093193,0.9866248831497555,,,,,,,,,,,,,
25458.169,-0.98609734863501,-1.4424033430532361,-0.9793588484301594,-0.98609734863501,0.8777050168511703,0.9870384865394793,,,,,,,,,,,,,
25458.582,-0.986244416082534,-1.4425606210813449,-0.9795095028352847,-0.986244416082534,0.8777246569126943,0.9870453859803417,,,,,,,,,,,,,
25458.996,-0.986048050961321,-1.4427182799279272,-0.9796605011126189,-0.986048050961321,0.8784056223534743,0.9877135397340079,,,,,,,,,,,,,
25459.41,-0.986855486816012,-1.4428759387745078,-0.9798114784561847,-0.986855486816012,0.8771557756566757,0.9864508410839796,,,,,,,,,,,,,
25459.823,-0.985875551103806,-1.44303321680262,-0.9799620702622605,-0.985875551103806,0.8793432073742493,0.9886254117713533,,,,,,,,,,,,,
25460.237,-0.987049223422173,-1.4431908756492007,-0.9801130057889296,-0.987049223422173,0.8773889044891594,0.9866581764980613,,,,,,,,,,,,,
25460.651,-0.986121148164191,-1.443348534495783,-0.9802639203818657,-0.986121148164191,0.8794773150781054,0.9887336144326753,,,,,,,,,,,,,
25461.065,-0.986238128762147,-1.4435061933423636,-0.9804148140410618,-0.986238128762147,0.8795555597282553,0.9887988461623914,,,,,,,,,,,,,
25461.478,-0.988308310128745,-1.4436634713704741,-0.9805653223648676,-0.988308310128745,0.8758760883264333,0.9851063531519603,,,,,,,,,,,,,
25461.922,-0.987988867076925,-1.4438325547711557,-0.9807271046866646,-0.987988867076925,0.8768157694252359,0.9860319905368449,,,,,,,,,,,,,
25462.336,-0.986199595422189,-1.4439902136177363,-0.9808779340782721,-0.986199595422189,0.8805606921073164,0.9897637766795597,,,,,,,,,,,,,
25462.779,-0.988548336510474,-1.4441589161999477,-0.9810393056290891,-0.988548336510474,0.876367385955051,0.9855563691997861,,,,,,,,,,,,,
25463.193,-0.988243637456691,-1.44431657504653,-0.9811900916868694,-0.988243637456691,0.877256731818782,0.9864324951713352,,,,,,,,,,,,,
25463.607,-0.987813588733411,-1.4444742338931107,-0.9813408568109026,-0.987813588733411,0.87838718789172,0.9875496910859898,,,,,,,,,,,,,
25464.05,-0.987648922679155,-1.4446429364753222,-0.9815021595923099,-0.987648922679155,0.8790284227829278,0.9881766923714582,,,,,,,,,,,,,
25464.464,-0.986988738164899,-1.4448005953219045,-0.9816528813825087,-0.986988738164899,0.8806015452700026,0.9897364713474192,,,,,,,,,,,,,
25464.907,-0.988668894356309,-1.4449692979041142,-0.9818141377945935,-0.988668894356309,0.8776942628065664,0.9868148660867272,,,,,,,,,,,,,
25465.321,-0.989290175287068,-1.4451269567506966,-0.9819648162509438,-0.989290175287068,0.876802485284065,0.98590966170031,,,,,,,,,,,,,
25465.705,-0.988109305680342,-1.445273191043178,-0.9821045572652807,-0.988109305680342,0.8793551709039462,0.9884498574223357,,,,,,,,,,,,,
25466.119,-0.989469587975029,-1.4454308498897586,-0.9822551953710814,-0.989469587975029,0.8770419235508589,0.9861231055909447,,,,,,,,,,,,,
25466.533,-0.988737402240197,-1.4455885087363392,-0.9824058125431563,-0.988737402240197,0.8787535404545979,0.9878211777502501,,,,,,,,,,,,,
25466.947,-0.988756971148471,-1.4457461675829215,-0.9825564087814982,-0.988756971148471,0.8790191565830566,0.9880732088681453,,,,,,,,,,,,,
25467.361,-0.990326379846167,-1.445903826429502,-0.9827069840860929,-0.990326379846167,0.8763036543936922,0.9853440814021157,,,,,,,,,,,,,
25467.775,-0.990759971194752,-1.4460614852760845,-0.9828575384569547,-0.990759971194752,0.8757728979620814,0.9847996594277098,,,,,,,,,,,,,
25468.16,-0.988194494774109,-1.4462081003870342,-0.9829975279631782,-0.988194494774109,0.8809896086179942,0.9900036256549636,,,,,,,,,,,,,
25468.573,-0.990523254214746,-1.4463653784151465,-0.9831476783978417,-0.990523254214746,0.8768127620433576,0.9858130690706447,,,,,,,,,,,,,
25468.988,-0.991259460251353,-1.4465234180801971,-0.9832985349689665,-0.991259460251353,0.8757006584744866,0.9846871487364277,,,,,,,,,,,,,
25469.402,-0.989982837339383,-1.4466810769267777,-0.9834490070712505,-0.989982837339383,0.8784595008093612,0.9874321672846145,,,,,,,,,,,,,
25469.845,-0.990739693171534,-1.446849779508991,-0.9836099963052405,-0.990739693171534,0.8773281874703684,0.9862860172302703,,,,,,,,,,,,,
25470.259,-0.989855496907954,-1.4470074383555698,-0.9837604250736831,-0.989855496907954,0.8793321967715924,0.9882761193920044,,,,,,,,,,,,,
25470.673,-0.991328769221519,-1.4471650972021521,-0.9839108329083857,-0.991328769221519,0.8768016130090892,0.9857315882238815,,,,,,,,,,,,,
25471.117,-0.989753457008735,-1.4473341806028337,-0.98407211659746,-0.989753457008735,0.8801569596406057,0.9890719320196172,,,,,,,,,,,,,
25471.531,-0.990934155118398,-1.4474918394494143,-0.9842224810477447,-0.990934155118398,0.8781891426392358,0.9870900841625664,,,,,,,,,,,,,
25471.945,-0.991377799533982,-1.4476494982959967,-0.9843728245643177,-0.991377799533982,0.8776390491236339,0.9865259195251537,,,,,,,,,,,,,
25472.389,-0.993810962800462,-1.4478185816966782,-0.984534039274493,-0.993810962800462,0.873284089335528,0.982155824220144,,,,,,,,,,,,,
25472.803,-0.992373529700334,-1.4479762405432588,-0.9846843394066482,-0.992373529700334,0.8763522502211855,0.9852098305339295,,,,,,,,,,,,,
25473.217,-0.992788947353658,-1.4481338993898412,-0.9848346186050634,-0.992788947353658,0.8758564509097977,0.9846998363845398,,,,,,,,,,,,,
25473.631,-0.993706988135857,-1.4482915582364217,-0.9849848768697456,-0.993706988135857,0.8743938555291119,0.9832230058997363,,,,,,,,,,,,,
25474.045,-0.991447222708685,-1.4484492170830023,-0.9851351142006806,-0.991447222708685,0.8790437734326355,0.9878586484330407,,,,,,,,,,,,,
25474.43,-0.992630504701212,-1.4485958321939538,-0.9852748088750758,-0.992630504701212,0.8770497436940555,0.9858513071557237,,,,,,,,,,,,,
25474.874,-0.99366259794639,-1.4487649155946354,-0.9854358888269985,-0.99366259794639,0.8753897434324498,0.9841759121691778,,,,,,,,,,,,,
25475.288,-0.995285483928867,-1.448922574441216,-0.9855860633061511,-0.995285483928867,0.8725713776346427,0.9813431501055307,,,,,,,,,,,,,
25475.702,-0.993378225885427,-1.4490802332877983,-0.9857362168515991,-0.993378225885427,0.8765432472482865,0.9853005831872047,,,,,,,,,,,,,
25476.116,-0.994323178111537,-1.449237892134379,-0.9858863494632786,-0.994323178111537,0.8750288876794895,0.9837717468203221,,,,,,,,,,,,,
25476.531,-0.994093107808848,-1.4493959317994296,-0.9860368237044952,-0.994093107808848,0.8757754175737755,0.98450372453628,,,,,,,,,,,,,
25476.975,-0.995098313943914,-1.4495650152001112,-0.9861977897219489,-0.995098313943914,0.8741671346941954,0.9828798277784242,,,,,,,,,,,,,
25477.389,-0.994379020072387,-1.4497226740466918,-0.9863478579649225,-0.994379020072387,0.8758539540865325,0.9845520465592256,,,,,,,,,,,,,
25477.833,-0.993316645124912,-1.4498917574473733,-0.9865087774541834,-0.993316645124912,0.8782226653974551,0.986905054494709,,,,,,,,,,,,,
25478.277,-0.993022182230721,-1.4500608408480549,-0.9866696728658866,-0.993022182230721,0.8791142971391576,0.9877809365477258,,,,,,,,,,,,,
25478.691,-0.994285290148489,-1.4502184996946355,-0.986819675273793,-0.994285290148489,0.8769879647930492,0.985639876956061,,,,,,,,,,,,,
25479.105,-0.994995489174025,-1.4503761585412178,-0.9869696567479522,-0.994995489174025,0.8759251532301685,0.9845622978815082,,,,,,,,,,,,,
25479.549,-0.994951771379701,-1.4505452419418994,-0.9871304831807706,-0.994951771379701,0.8763344765323671,0.9849557388138981,,,,,,,,,,,,,
25479.964,-0.994767194478975,-1.45070328160695,-0.9872807834144766,-0.994767194478975,0.8769934998244497,0.9855998752235837,,,,,,,,,,,,,
25480.408,-0.996397569144699,-1.4508723650076316,-0.9874415632648805,-0.996397569144699,0.8741827046779959,0.9827731081058501,,,,,,,,,,,,,
25480.822,-0.99573591441803,-1.451030023854214,-0.9875914579196561,-0.99573591441803,0.8757586551200536,0.9843341240388117,,,,,,,,,,,,,
25481.236,-0.99621746061994,-1.4511876827007946,-0.9877413316406987,-0.99621746061994,0.8751356574821862,0.9836961516257468,,,,,,,,,,,,,
25481.68,-0.996056069463201,-1.4513567661014761,-0.9879020425122036,-0.996056069463201,0.8757713256095785,0.984315715100722,,,,,,,,,,,,,
25482.065,-0.994600132979031,-1.4515033812124258,-0.9880413781689086,-0.994600132979031,0.8788538351360919,0.9873842225166889,,,,,,,,,,,,,
25482.509,-0.995683155757966,-1.4516724646131074,-0.9882020440848578,-0.995683155757966,0.8770958718675762,0.9856100681235295,,,,,,,,,,,,,
25482.894,-0.996211048056298,-1.4518190797240589,-0.9883413407598169,-0.996211048056298,0.8763624848328485,0.9848626039966982,,,,,,,,,,,,,
25483.309,-0.996224603548593,-1.4519771193891113,-0.9884914714464585,-0.996224603548593,0.8766404002773881,0.9851253064344475,,,,,,,,,,,,,
25483.723,-0.996600736656506,-1.452134778235692,-0.9886412194133811,-0.996600736656506,0.876220164826682,0.9846898543200576,,,,,,,,,,,,,
25484.138,-0.996115359971148,-1.4522928179007426,-0.9887913080807351,-0.996115359971148,0.8774577767923055,0.9859121724546405,,,,,,,,,,,,,
25484.552,-0.996450515002956,-1.452450476747325,-0.9889410141296295,-0.996450515002956,0.8771163627101979,0.9855554610793442,,,,,,,,,,,,,
25484.967,-0.99626481887907,-1.4526085164123756,-0.989091060777703,-0.99626481887907,0.8777775388290995,0.9862012625429405,,,,,,,,,,,,,
25485.381,-0.995880900963245,-1.452766175258958,-0.989240724908548,-0.995880900963245,0.8788192622497638,0.9872276080409114,,,,,,,,,,,,,
25485.796,-0.997348792697006,-1.452924214924007,-0.9893907295373339,-0.997348792697006,0.8762997605423464,0.9846926508539382,,,,,,,,,,,,,
25486.21,-0.998663201472683,-1.4530818737705893,-0.9895403517501435,-0.998663201472683,0.8740747509469695,0.9824521827063772,,,,,,,,,,,,,
25486.654,-0.997918541900539,-1.4532509571712708,-0.9897007928881862,-0.997918541900539,0.875832336429457,0.9841931447031586,,,,,,,,,,,,,
25487.039,-0.998757588373227,-1.4533975722822223,-0.9898398946544162,-0.998757588373227,0.8745004440426473,0.9828468003165741,,,,,,,,,,,,,
25487.454,-0.996512768685552,-1.453555611947273,-0.9899898152445985,-0.996512768685552,0.87912234630664,0.9874530854524961,,,,,,,,,,,,,
25487.869,-0.998690879769574,-1.4537136516123237,-0.9901397147998239,-0.998690879769574,0.8752367369994704,0.9835518185563802,,,,,,,,,,,,,
25488.313,-0.998427447024854,-1.4538827350130052,-0.9903000659724768,-0.998427447024854,0.8760686822189763,0.984366967241433,,,,,,,,,,,,,
25488.728,-0.998850569682715,-1.454040774678056,-0.9904499219877962,-0.998850569682715,0.8755587948286775,0.9838413385130594,,,,,,,,,,,,,
25489.142,-0.998093988121837,-1.4541984335246383,-0.9905993959452672,-0.998093988121837,0.877317337127161,0.9855841370896541,,,,,,,,,,,,,
25489.557,-0.999164267121852,-1.454356473189689,-0.9907492099412991,-0.999164267121852,0.8755626438935382,0.9838136216936919,,,,,,,,,,,,,
25489.972,-1.00021742402924,-1.4545145128547414,-0.9908990029023386,-1.00021742402924,0.8738408850214691,0.982076000198422,,,,,,,,,,,,,
25490.386,-0.998119956479158,-1.454672171701322,-0.9910484139574649,-0.998119956479158,0.8781786228031258,0.9863978732653101,,,,,,,,,,,,,
25490.801,-0.999864670432963,-1.4548302113663727,-0.9911981648992239,-0.999864670432963,0.8751266532905971,0.983329960305302,,,,,,,,,,,,,
25491.216,-0.999476515050948,-1.4549882510314252,-0.9913478948059904,-0.999476515050948,0.8761772599862238,0.9843645830926019,,,,,,,,,,,,,
25491.631,-0.99890242164582,-1.4551462906964758,-0.9914976036777716,-0.99890242164582,0.877585518647208,0.9857568173843697,,,,,,,,,,,,,
25492.075,-1.00036391683803,-1.4553153740971574,-0.9916577508421298,-1.00036391683803,0.87509956332964,0.9832536731216509,,,,,,,,,,,,,
25492.49,-0.999372998291784,-1.455473413762208,-0.9918074161740194,-0.999372998291784,0.8773095855483776,0.9854475872220293,,,,,,,,,,,,,
25492.904,-0.99904131127886,-1.4556310726087887,-0.99195669990754,-0.99904131127886,0.8782508427773347,0.9863727348326289,,,,,,,,,,,,,
25493.349,-1.00013552222658,-1.4558005368279403,-0.992117138547961,-1.00013552222658,0.8764720915601476,0.9845766228196755,,,,,,,,,,,,,
25493.734,-0.999805039096359,-1.4559471519388918,-0.9922559254977585,-0.999805039096359,0.8773897904835244,0.9854792641927381,,,,,,,,,,,,,
25494.149,-1.00121575199249,-1.4561051916039442,-0.9924055067403827,-1.00121575199249,0.8749802723250031,0.9830534761698562,,,,,,,,,,,,,
25494.593,-1.00085884292127,-1.4562742750046258,-0.9925655173569297,-1.00085884292127,0.8759920193479688,0.984047771597453,,,,,,,,,,,,,
25494.979,-0.999473040601462,-1.4564212709340456,-0.992704606120661,-0.999473040601462,0.8789403582469199,0.986980900980425,,,,,,,,,,,,,
25495.393,-1.00303025135825,-1.456578929780628,-0.992853763998923,-1.00303025135825,0.8724013168949917,0.980425507927135,,,,,,,,,,,,,
25495.779,-1.00110961150075,-1.4567259257100478,-0.9929928150468612,-1.00110961150075,0.8763784163094193,0.9843873252791133,,,,,,,,,,,,,
25496.194,-1.00121738086886,-1.4568839653751002,-0.9931422926351487,-1.00121738086886,0.8764751112736862,0.9844675509995342,,,,,,,,,,,,,
25496.638,-1.00242898185823,-1.45705304877578,-0.9933021923540508,-1.00242898185823,0.8744698276943732,0.9824446025128035,,,,,,,,,,,,,
25497.023,-0.999047846234137,-1.4571996638867333,-0.9934408246464628,-0.999047846234137,0.8812554596085411,0.9892148793926074,,,,,,,,,,,,,
25497.438,-1.00044429168841,-1.4573577035517822,-0.9935902391804632,-1.00044429168841,0.8788733848880779,0.986816214143158,,,,,,,,,,,,,
25497.853,-1.00180434856119,-1.4575157432168346,-0.9937396326794854,-1.00180434856119,0.8765613036389392,0.9844875019041719,,,,,,,,,,,,,
25498.268,-1.00375428243131,-1.4576737828818853,-0.9938890051435223,-1.00375428243131,0.8731145934210273,0.9810241202355227,,,,,,,,,,,,,
25498.654,-1.00279342408276,-1.457820778811307,-0.9940279206502822,-1.00279342408276,0.875245552184686,0.9831395362227999,,,,,,,,,,,,,
25499.069,-1.00254771390334,-1.4579788184763576,-0.9941772525142554,-1.00254771390334,0.8760221653968281,0.9838993998898453,,,,,,,,,,,,,
25499.484,-1.00207253602593,-1.45813685814141,-0.9943265633432432,-1.00207253602593,0.8772401599456092,0.9851006044326542,,,,,,,,,,,,,
25499.899,-1.00174674164392,-1.4582948978064607,-0.9944758531372386,-1.00174674164392,0.8781708151980564,0.9860144292182537,,,,,,,,,,,,,
25500.314,-1.00389647190222,-1.4584529374715114,-0.9946251218962487,-1.00389647190222,0.8743397964363173,0.9821665395287913,,,,,,,,,,,,,
25500.729,-1.00254194430969,-1.4586109771365638,-0.9947743696202735,-1.00254194430969,0.8772492210034825,0.9850590527073576,,,,,,,,,,,,,
25501.173,-1.0039457639859,-1.4587800605372436,-0.9949340234121138,-1.0039457639859,0.8748742045961202,0.9826658983509682,,,,,,,,,,,,,
25501.589,-1.002765792207,-1.4589384810207662,-0.9950835870989962,-1.002765792207,0.8774486033934467,0.9852232610095514,,,,,,,,,,,,,
25502.033,-1.00369359590279,-1.4591075644214477,-0.9952431942541651,-1.00369359590279,0.8759892041798716,0.9837456341411419,,,,,,,,,,,,,
25502.448,-1.0046960087287,-1.4592656040864984,-0.9953923548477093,-1.0046960087287,0.8743650515970732,0.982104402573987,,,,,,,,,,,,,
25502.864,-1.00569652841755,-1.459424024570021,-0.9955418537533163,-1.00569652841755,0.872745272969916,0.9804674632010454,,,,,,,,,,,,,
25503.249,-1.00455076877699,-1.4595706396809707,-0.9956801932829009,-1.00455076877699,0.8752311570409729,0.9829374291073959,,,,,,,,,,,,,
25503.664,-1.00260651714806,-1.4597286793460231,-0.9958292922414103,-1.00260651714806,0.8792749163563931,0.9869639908832104,,,,,,,,,,,,,
25504.079,-1.00450504486136,-1.4598867190110738,-0.9959783701649343,-1.00450504486136,0.8759270859303091,0.9835989224566309,,,,,,,,,,,,,
25504.465,-1.00409140603567,-1.4600337149404954,-0.9961170117135225,-1.00409140603567,0.8770054674181742,0.9846612342086039,,,,,,,,,,,,,
25504.85,-1.00534615607682,-1.460180330051445,-0.9962552759599035,-1.00534615607682,0.8748739688196848,0.9825136726378786,,,,,,,,,,,,,
25505.295,-1.00625814447053,-1.4603497942705967,-0.9964150653254649,-1.00625814447053,0.8734457228594841,0.9810668169993284,,,,,,,,,,,,,
25505.71,-1.00577709432892,-1.4605078339356474,-0.9965640605789474,-1.00577709432892,0.874675012714069,0.9822787098373074,,,,,,,,,,,,,
25506.126,-1.00642239437543,-1.46066625441917,-0.9967133937460488,-1.00642239437543,0.8737384994088224,0.9813247169877066,,,,,,,,,,,,,
25506.571,-1.00700358012418,-1.4608357186383216,-0.9968731137599605,-1.00700358012418,0.8729465526527104,0.9805140271551135,,,,,,,,,,,,,
25506.986,-1.00620250627315,-1.4609937583033723,-0.9970220443372,-1.00620250627315,0.8747914084185586,0.9823413614993504,,,,,,,,,,,,,
25507.401,-1.00541770929179,-1.4611517979684248,-0.99717095387944,-1.00541770929179,0.8766049556100273,0.9841373468083463,,,,,,,,,,,,,
25507.846,-1.0054835611171,-1.4613212621875746,-0.9973306045960584,-1.0054835611171,0.8768042541487131,0.9843177689769544,,,,,,,,,,,,,
25508.261,-1.00629335051754,-1.4614793018526253,-0.9974794705477237,-1.00629335051754,0.8755506129091061,0.9830464820082313,,,,,,,,,,,,,
25508.677,-1.00384884653433,-1.4616377223361479,-0.9976286741014491,-1.00384884653433,0.8805573406113107,0.9880354808542573,,,,,,,,,,,,,
25509.122,-1.0061201620026,-1.4618071865552977,-0.9977882554664177,-1.0061201620026,0.8765144277226041,0.9839735581973413,,,,,,,,,,,,,
25509.537,-1.00706728385674,-1.4619652262203502,-0.9979370567418329,-1.00706728385674,0.8749966273769103,0.982437987717526,,,,,,,,,,,,,
25509.952,-1.00738577533893,-1.4621232658854009,-0.9980858369822698,-1.00738577533893,0.8746879981531248,0.9821115478987434,,,,,,,,,,,,,
25510.397,-1.00715723718827,-1.4622927301045525,-0.9982453490499452,-1.00715723718827,0.8754535560922609,0.9828579627760878,,,,,,,,,,,,,
25510.813,-1.00783386492708,-1.4624511505880733,-0.99839444407597,-1.00783386492708,0.8744567839408981,0.9818432530150838,,,,,,,,,,,,,
25511.228,-1.00691844999483,-1.462609190253124,-0.9985431596401284,-1.00691844999483,0.8765215748858733,0.9838901089600566,,,,,,,,,,,,,
25511.643,-1.00751843737149,-1.4627672299181764,-0.9986918541693299,-1.00751843737149,0.8756714880397464,0.9830220466530658,,,,,,,,,,,,,
25512.029,-1.00814377612808,-1.4629142258475962,-0.9988301391150074,-1.00814377612808,0.8747513951540122,0.9820851981044052,,,,,,,,,,,,,
25512.445,-1.00668294687516,-1.4630726463311188,-0.9989791512209791,-1.00668294687516,0.877866023571337,0.985181729415083,,,,,,,,,,,,,
25512.86,-1.00837399548704,-1.4632306859961695,-0.9991277840644273,-1.00837399548704,0.8749172793953472,0.9822148911254796,,,,,,,,,,,,,
25513.246,-1.0091580787507,-1.463377681925591,-0.999266011634937,-1.0091580787507,0.873691841298383,0.9809725870042474,,,,,,,,,,,,,
25513.661,-1.00837487313176,-1.4635357215906417,-0.9994146038783285,-1.00837487313176,0.8755023275027101,0.9827649010006156,,,,,,,,,,,,,
25514.077,-1.00796508979812,-1.4636941420741643,-0.9995635330642472,-1.00796508979812,0.8765952680886725,0.983839584982911,,,,,,,,,,,,,
25514.492,-1.00842265266028,-1.463852181739215,-0.9997120831869779,-1.00842265266028,0.8760191349324529,0.9832451985994524,,,,,,,,,,,,,
25514.908,-1.00909820306903,-1.4640106022227357,-0.9998609701507277,-1.00909820306903,0.875024435026491,0.9822321608753571,,,,,,,,,,,,,
25515.323,-1.0096208664031,-1.4641686418877882,-1.0000094781527977,-1.0096208664031,0.8743230810502689,0.9815124726526727,,,,,,,,,,,,,
25515.739,-1.0091838070256,-1.464327062371309,-1.000158322894407,-1.0091838070256,0.8754684871326895,0.9826394597024796,,,,,,,,,,,,,
25516.154,-1.00939307000907,-1.4644851020363596,-1.0003067887758093,-1.00939307000907,0.8753699590307001,0.9825225163347618,,,,,,,,,,,,,
25516.57,-1.00940678600147,-1.4646435225198804,-1.0004555912952426,-1.00940678600147,0.8756482982578225,0.98278235531479,,,,,,,,,,,,,
25516.986,-1.01032989368342,-1.464801943003403,-1.0006043726781968,-1.01032989368342,0.8741774217000045,0.9812929378538018,,,,,,,,,,,,,
25517.401,-1.01068878162335,-1.4649599826684536,-1.00075277535327,-1.01068878162335,0.8737910898511048,0.98088806916156,,,,,,,,,,,,,
25517.817,-1.00929077637267,-1.4651184031519744,-1.0009015145140765,-1.00929077637267,0.8767848762400083,0.9838632334327988,,,,,,,,,,,,,
25518.203,-1.00872239726785,-1.465265399081396,-1.0010395083880468,-1.00872239726785,0.8781609008028335,0.9852219424552056,,,,,,,,,,,,,
25518.648,-1.01182411898989,-1.4654348633005476,-1.0011985720071124,-1.01182411898989,0.8725207006904815,0.9795617366885471,,,,,,,,,,,,,
25519.064,-1.00941902050246,-1.4655932837840684,-1.001347247809278,-1.00941902050246,0.8774516318838473,0.9844739238936776,,,,,,,,,,,,,
25519.479,-1.01081143795326,-1.465751323449119,-1.0014955451573542,-1.01081143795326,0.8750773050319217,0.9820808576015444,,,,,,,,,,,,,
25519.865,-1.01125829874059,-1.4658983193785424,-1.0016334606767288,-1.01125829874059,0.8745005146908313,0.981486601004727,,,,,,,,,,,,,
25520.311,-1.01137525580273,-1.4660681644161624,-1.0017927911808755,-1.01137525580273,0.8746022447622697,0.9815681062703565,,,,,,,,,,,,,
25520.697,-1.01086101966895,-1.466215160345584,-1.0019306674758326,-1.01086101966895,0.8758741252684962,0.9828224450725008,,,,,,,,,,,,,
25521.172,-1.01157259572912,-1.4663960491188348,-1.0021003089255274,-1.01157259572912,0.8748533477643526,0.9817800332341683,,,,,,,,,,,,,
25521.558,-1.01100279143848,-1.4665430450482564,-1.0022381446288477,-1.01100279143848,0.8762321136734661,0.9831411793610405,,,,,,,,,,,,,
25522.003,-1.01216739730214,-1.466712509267408,-1.0023970259009474,-1.01216739730214,0.8743179577681158,0.9812066670562726,,,,,,,,,,,,,
25522.419,-1.01164315572233,-1.4668709297509288,-1.0025455312393916,-1.01164315572233,0.8756310589000947,0.9825006963124537,,,,,,,,,,,,,
25522.835,-1.01172106509131,-1.4670293502344496,-1.0026940154413637,-1.01172106509131,0.8757859221059459,0.9826364469864171,,,,,,,,,,,,,
25523.251,-1.01269106593103,-1.4671877707179721,-1.0028424785068495,-1.01269106593103,0.8742248465142904,0.9810562182067554,,,,,,,,,,,,,
25523.696,-1.0134857625647,-1.467357234937122,-1.0030012677630111,-1.0134857625647,0.8730222113667465,0.9798330496667957,,,,,,,,,,,,,
25524.082,-1.01422949428351,-1.4675042308665436,-1.003138984472976,-1.01422949428351,0.8718743895049089,0.9786673791385697,,,,,,,,,,,,,
25524.498,-1.01368769070633,-1.4676626513500644,-1.0032873841798136,-1.01368769070633,0.8732212711556323,0.9799949857307163,,,,,,,,,,,,,
25524.914,-1.01408236739781,-1.467821071833587,-1.0034357627501649,-1.01408236739781,0.8727668321135789,0.9795212309739818,,,,,,,,,,,,,
25525.33,-1.01358887523804,-1.4679794923171077,-1.0035841201840583,-1.01358887523804,0.8740207867066906,0.9807558291963082,,,,,,,,,,,,,
25525.716,-1.01380484597671,-1.4681264882465292,-1.0037217598594665,-1.01380484597671,0.8738881135951071,0.9806051592421379,,,,,,,,,,,,,
25526.132,-1.01211680357833,-1.46828490873005,-1.0038700765446578,-1.01211680357833,0.8774397867151152,0.9841373976110789,,,,,,,,,,,,,
25526.548,-1.01410795999549,-1.4684433292135708,-1.0040183720933413,-1.01410795999549,0.8739145173932217,0.9805926528820281,,,,,,,,,,,,,
25526.934,-1.01317040027065,-1.4685903251429924,-1.0041559543464729,-1.01317040027065,0.8760006612318827,0.9826606894260814,,,,,,,,,,,,,
25527.35,-1.0128828627631,-1.4687487456265131,-1.0043042091464685,-1.0128828627631,0.8768584618543945,0.9834989362611543,,,,,,,,,,,,,
25527.766,-1.01353646407699,-1.468907166110034,-1.0044524428099777,-1.01353646407699,0.8759059810533966,0.982526861016613,,,,,,,,,,,,,
25528.182,-1.01445228236304,-1.4690655865935565,-1.0046006553370006,-1.01445228236304,0.8744491256555665,0.9810503705191355,,,,,,,,,,,,,
25528.627,-1.01523875815441,-1.469235050812708,-1.0047591765892818,-1.01523875815441,0.8732623033060557,0.9798424992707803,,,,,,,,,,,,,
25529.014,-1.014459838017,-1.469382427560598,-1.0048970169815945,-1.014459838017,0.875044036251199,0.9816058889471743,,,,,,,,,,,,,
25529.43,-1.0149845980125,-1.4695408480441206,-1.0050451660991868,-1.0149845980125,0.8743393818494013,0.9808814774774163,,,,,,,,,,,,,
25529.846,-1.01514941742433,-1.4696992685276413,-1.0051932940802786,-1.01514941742433,0.8743270735046761,0.9808493714086407,,,,,,,,,,,,,
25530.262,-1.01490859174499,-1.469857689011162,-1.005341400924891,-1.01490859174499,0.8750950238809324,0.9815974834047424,,,,,,,,,,,,,
25530.708,-1.01658767246263,-1.4700275340487838,-1.0055001650737196,-1.01658767246263,0.8721920076064003,0.9786731529379147,,,,,,,,,,,,,
25531.124,-1.01483458916193,-1.4701859545323046,-1.005648228121096,-1.01483458916193,0.8758687869642512,0.9823300096714758,,,,,,,,,,,,,
25531.54,-1.01595335241718,-1.4703443750158272,-1.0057962700320005,-1.01595335241718,0.8740215667239897,0.9804628261508201,,,,,,,,,,,,,
25531.956,-1.01531196603871,-1.4705027954993461,-1.0059442908064113,-1.01531196603871,0.8755599959882704,0.9819812514786025,,,,,,,,,,,,,
25532.372,-1.01322139097577,-1.4706612159828687,-1.006092290444343,-1.01322139097577,0.8798859410737013,0.9862871519714308,,,,,,,,,,,,,
25532.818,-1.01503260176489,-1.4708310610204904,-1.0062509396552315,-1.01503260176489,0.8767287724802565,0.9831084481021656,,,,,,,,,,,,,
25533.234,-1.01617281436065,-1.4709894815040112,-1.0063988954959342,-1.01617281436065,0.8748402944129982,0.9811998411981694,,,,,,,,,,,,,
25533.62,-1.01755959872598,-1.4711364774334328,-1.00653616253922,-1.01755959872598,0.8724555601703149,0.9787963933536393,,,,,,,,,,,,,
25534.036,-1.01646373481501,-1.4712948979169536,-1.0066840776312276,-1.01646373481501,0.8748681774032009,0.9811888033695199,,,,,,,,,,,,,
25534.452,-1.01584052981855,-1.471453318400476,-1.0068319715867347,-1.01584052981855,0.8763716347617967,0.9826720128549917,,,,,,,,,,,,,
25534.869,-1.01649869850326,-1.4716121197024652,-1.0069801998437953,-1.01649869850326,0.8754111011233446,0.9816911418678386,,,,,,,,,,,,,
25535.285,-1.01654983912738,-1.4717705401859877,-1.0071280514755472,-1.01654983912738,0.8756174540355496,0.9818771654969972,,,,,,,,,,,,,
25535.701,-1.01865386225806,-1.4719289606695085,-1.0072758819707985,-1.01865386225806,0.8718750854822109,0.978114427004508,,,,,,,,,,,,,
25536.117,-1.01824563664538,-1.4720873811530293,-1.0074236913295707,-1.01824563664538,0.8729650297904129,0.9791839607174552,,,,,,,,,,,,,
25536.563,-1.01810132746018,-1.472257226190651,-1.0075821365392486,-1.01810132746018,0.8735693057385894,0.9797663089927275,,,,,,,,,,,,,
25536.979,-1.01786128633561,-1.4724156466741718,-1.0077299021007846,-1.01786128633561,0.8743357470229949,0.980512255437743,,,,,,,,,,,,,
25537.396,-1.01913553085854,-1.4725744479761644,-1.0078780016552429,-1.01913553085854,0.8721901909202803,0.9783461144263743,,,,,,,,,,,,,
25537.842,-1.01713643235316,-1.4727442930137862,-1.008036377194017,-1.01713643235316,0.8763621559004614,0.982496017721426,,,,,,,,,,,,,
25538.258,-1.01666183959444,-1.472902713497307,-1.008184077771034,-1.01666183959444,0.8775797574775703,0.9836929994611774,,,,,,,,,,,,,
25538.704,-1.01822713363622,-1.4730725585349287,-1.0083424063541315,-1.01822713363622,0.8748956099829241,0.9809866999619414,,,,,,,,,,,,,
25539.12,-1.01852186466064,-1.4732309790184495,-1.0084900631339195,-1.01852186466064,0.8746334165270845,0.980703802424609,,,,,,,,,,,,,
25539.566,-1.01779421856837,-1.4734008240560694,-1.008648344761312,-1.01779421856837,0.8763597415741359,0.9824078851476529,,,,,,,,,,,,,
25539.983,-1.0188301601891,-1.473559625358062,-1.008796312557294,-1.0188301601891,0.8746725613318077,0.9806998665587671,,,,,,,,,,,,,
25540.429,-1.0190698050604,-1.4737294703956838,-1.0089545471745396,-1.0190698050604,0.8745383012849444,0.9805432737636877,,,,,,,,,,,,,
25540.815,-1.020259116197,-1.4738764663251036,-1.0090914750113313,-1.020259116197,0.8725334069866592,0.9785190133985936,,,,,,,,,,,,,
25541.262,-1.01889871580108,-1.4740466921811954,-1.009250018964309,-1.01889871580108,0.8754775680468875,0.98144070421314,,,,,,,,,,,,,
25541.648,-1.02021875678065,-1.474193688110617,-1.0093869075295032,-1.02021875678065,0.8732212147705727,0.979164909330996,,,,,,,,,,,,,
25542.065,-1.02194528847133,-1.4743524894126079,-1.0095347692871641,-1.02194528847133,0.8702056838679447,0.9761283361167238,,,,,,,,,,,,,
25542.481,-1.02001804763765,-1.4745109098961287,-1.0096822552983795,-1.02001804763765,0.8742174554071146,0.9801190751004559,,,,,,,,,,,,,
25542.897,-1.02012663067227,-1.4746693303796512,-1.009829720173137,-1.02012663067227,0.8743133177877622,0.9801938642695616,,,,,,,,,,,,,
25543.314,-1.02047900692254,-1.474828131681642,-1.0099775183179815,-1.02047900692254,0.8739409761895374,0.9798003580002117,,,,,,,,,,,,,
25543.73,-1.0210039375283,-1.4749865521651628,-1.0101249408689412,-1.0210039375283,0.873235993618738,0.9790742208079338,,,,,,,,,,,,,
25544.147,-1.02023293721499,-1.4751453534671555,-1.010272696588281,-1.02023293721499,0.8750244679153947,0.9808414488278454,,,,,,,,,,,,,
25544.563,-1.02010738543936,-1.4753037739506745,-1.0104200768154712,-1.02010738543936,0.8755706888275688,0.9813664337086044,,,,,,,,,,,,,
25544.98,-1.02191634038264,-1.475462575252667,-1.0105677901092989,-1.02191634038264,0.8723966167197071,0.9781710337183634,,,,,,,,,,,,,
25545.396,-1.02155765252025,-1.4756209957361879,-1.0107151280127127,-1.02155765252025,0.8733912751178288,0.9791443746751334,,,,,,,,,,,,,
25545.843,-1.02101909635737,-1.4757912215922797,-1.0108734218655755,-1.02101909635737,0.8747546180094748,0.9804847662526289,,,,,,,,,,,,,
25546.259,-1.02107454322852,-1.4759496420758005,-1.0110207159209352,-1.02107454322852,0.8749526878513938,0.9806614343113329,,,,,,,,,,,,,
25546.676,-1.02183432214769,-1.4761084433777913,-1.011168342835802,-1.02183432214769,0.8737967068297421,0.9794839592570439,,,,,,,,,,,,,
25547.092,-1.02181006893314,-1.476266863861314,-1.0113155945674066,-1.02181006893314,0.8741480798627645,0.9798138490969148,,,,,,,,,,,,,
25547.509,-1.02211867722182,-1.476425665163303,-1.0114631790567543,-1.02211867722182,0.873859925980531,0.9795041195764239,,,,,,,,,,,,,
25547.926,-1.02099167443173,-1.4765844664652956,-1.0116107423078802,-1.02099167443173,0.8763331713818928,0.9819557484877265,,,,,,,,,,,,,
25548.342,-1.02139358814942,-1.4767428869488164,-1.011757930528404,-1.02139358814942,0.875864811912997,0.9814657836619103,,,,,,,,,,,,,
25548.789,-1.02306833813543,-1.4769131128049082,-1.0119160635441347,-1.02306833813543,0.8729708583095903,0.9785485693735201,,,,,,,,,,,,,
25549.175,-1.02342339407468,-1.4770601087343298,-1.012052597250765,-1.02342339407468,0.8725706546816161,0.9781282415679788,,,,,,,,,,,,,
25549.592,-1.02171669610762,-1.4772189100363207,-1.0122000756508598,-1.02171669610762,0.876158944310521,0.981694751495556,,,,,,,,,,,,,
25550.009,-1.02366773791932,-1.4773777113383115,-1.0123475328127327,-1.02366773791932,0.872711567975303,0.9782255546072225,,,,,,,,,,,,,
25550.455,-1.02325143242561,-1.4775475563759333,-1.0125052212841368,-1.02325143242561,0.873839029083141,0.9793296324533123,,,,,,,,,,,,,
25550.872,-1.02323590649885,-1.4777063576779241,-1.0126526344925608,-1.02323590649885,0.874174347674437,0.9796430459468832,,,,,,,,,,,,,
25551.318,-1.02394925569814,-1.4778762027155459,-1.0128102759538251,-1.02394925569814,0.8731289168994505,0.9785741414859399,,,,,,,,,,,,,
25551.735,-1.02315568230783,-1.4780350040175367,-1.0129576452088003,-1.02315568230783,0.8749608105313109,0.9803840454754658,,,,,,,,,,,,,
25552.182,-1.02366622951783,-1.4782052298736286,-1.0131155929833682,-1.02366622951783,0.8743062020814535,0.9797058200286103,,,,,,,,,,,,,
25552.598,-1.02276339292728,-1.4783636503571511,-1.0132625649614297,-1.02276339292728,0.8763475310788295,0.9817251277258606,,,,,,,,,,,,,
25553.045,-1.02598573763979,-1.4785338762132412,-1.0134204656204417,-1.02598573763979,0.8704767775382773,0.9758306665613556,,,,,,,,,,,,,
25553.462,-1.02473253676422,-1.478692677515232,-1.0135677469175874,-1.02473253676422,0.8731927650778014,0.9785244952713422,,,,,,,,,,,,,
25553.879,-1.02460735069548,-1.4788514788172247,-1.0137150069765255,-1.02460735069548,0.8737390150571209,0.9790485455693365,,,,,,,,,,,,,
25554.266,-1.02358448730495,-1.4789988555651146,-1.0138516537853306,-1.02358448730495,0.8759899730830424,0.9812788644642351,,,,,,,,,,,,,
25554.682,-1.02462288205926,-1.4791572760486371,-1.013998519877731,-1.02462288205926,0.8742973417312346,0.9795640081408682,,,,,,,,,,,,,
25555.099,-1.02465092665464,-1.4793160773506262,-1.014145717800858,-1.02465092665464,0.8745488523815036,0.979793199591351,,,,,,,,,,,,,
25555.516,-1.0256128556387,-1.4794748786526188,-1.014292894485763,-1.0256128556387,0.8730040355166245,0.9782260226748697,,,,,,,,,,,,,
25555.933,-1.02450580124534,-1.4796336799546097,-1.0144400499324533,-1.02450580124534,0.8754389101577864,0.9806384964126558,,,,,,,,,,,,,
25556.32,-1.02482075688958,-1.4797810567025014,-1.014576599655058,-1.02482075688958,0.8751165719903233,0.9802953323685322,,,,,,,,,,,,,
25556.767,-1.02597049211206,-1.4799512825585932,-1.0147342971111541,-1.02597049211206,0.8732324847868935,0.978387146679577,,,,,,,,,,,,,
25557.184,-1.0275841523448,-1.480110083860584,-1.0148813888431434,-1.0275841523448,0.8704340622416075,0.9755662006755094,,,,,,,,,,,,,
25557.571,-1.02528114079498,-1.4802574606084757,-1.0150178794348932,-1.02528114079498,0.8751473864767557,0.9802585852955313,,,,,,,,,,,,,
25558.017,-1.0261110426891,-1.4804273056460957,-1.0151751559818152,-1.0261110426891,0.873877766481744,0.9789647897005586,,,,,,,,,,,,,
25558.434,-1.02672818324607,-1.4805861069480883,-1.015322184050092,-1.02672818324607,0.872996150486262,0.9780605277888446,,,,,,,,,,,,,
25558.851,-1.02708884427528,-1.4807449082500774,-1.0154691908801325,-1.02708884427528,0.872607873107816,0.977649563642393,,,,,,,,,,,,,
25559.268,-1.02715804895101,-1.48090370955207,-1.0156161764719656,-1.02715804895101,0.8727802123041569,0.977799175218898,,,,,,,,,,,,,
25559.685,-1.02764604874236,-1.481062510854061,-1.0157631408255625,-1.02764604874236,0.8721469986949016,0.9771431931380333,,,,,,,,,,,,,
25560.102,-1.02615218613831,-1.4812213121560518,-1.0159100839409518,-1.02615218613831,0.8753258992994187,0.980299284419139,,,,,,,,,,,,,
25560.549,-1.02785000409608,-1.4813915380121436,-1.0160675749184094,-1.02785000409608,0.8723875744302603,0.9773364639020456,,,,,,,,,,,,,
25560.966,-1.02478666289739,-1.4815503393141345,-1.016214474029411,-1.02478666289739,0.8785853686132244,0.9835113641190051,,,,,,,,,,,,,
25561.413,-1.02722323837107,-1.4817205651702263,-1.0163719178367145,-1.02722323837107,0.8742260429553795,0.9791274520812664,,,,,,,,,,,,,
25561.8,-1.02943092262379,-1.481867941918118,-1.0165082085367487,-1.02943092262379,0.8702630394985663,0.9751431245169743,,,,,,,,,,,,,
25562.247,-1.02740475709225,-1.482038167774208,-1.016665606811742,-1.02740475709225,0.874487800434152,0.9793432114910975,,,,,,,,,,,,,
25562.664,-1.02813932611881,-1.4821969690762007,-1.0168124194419335,-1.02813932611881,0.8733803106650593,0.9782126614098312,,,,,,,,,,,,,
25563.081,-1.02857561447886,-1.4823557703781916,-1.016959210833896,-1.02857561447886,0.8728465640433866,0.9776558136241972,,,,,,,,,,,,,
25563.498,-1.02740056298813,-1.4825145716801824,-1.0171059809876155,-1.02740056298813,0.8754122311663985,0.9801983387314175,,,,,,,,,,,,,
25563.886,-1.02841210538279,-1.4826623292465442,-1.0172425250302055,-1.02841210538279,0.8737507402227087,0.9785152784796813,,,,,,,,,,,,,
25564.303,-1.02808384416922,-1.482821130548535,-1.0173892541845007,-1.02808384416922,0.8746876054374052,0.9794289228160163,,,,,,,,,,,,,
25564.72,-1.02892629997303,-1.4829799318505277,-1.017535962100574,-1.02892629997303,0.8733725953490475,0.9780906509974953,,,,,,,,,,,,,
25565.167,-1.02961775890399,-1.4831501577066177,-1.0176932009578934,-1.02961775890399,0.8723700030308259,0.9770630780773666,,,,,,,,,,,,,
25565.584,-1.02846070448967,-1.4833089590086086,-1.017839864869586,-1.02846070448967,0.8749010527601437,0.9795707814339418,,,,,,,,,,,,,
25566.001,-1.03034657149,-1.4834677603106012,-1.0179865075430428,-1.03034657149,0.8715790402369578,0.9762253816862255,,,,,,,,,,,,,
25566.448,-1.02867494486488,-1.4836379861666913,-1.0181436764640566,-1.02867494486488,0.875121845246826,0.9797430715714365,,,,,,,,,,,,,
25566.866,-1.02827567948331,-1.483797168287154,-1.0182906266631804,-1.02827567948331,0.8761960195513016,0.9807937176722422,,,,,,,,,,,,,
25567.283,-1.02979791895673,-1.4839559695891449,-1.0184372040431313,-1.02979791895673,0.8735734449240375,0.9781476302280971,,,,,,,,,,,,,
25567.73,-1.02948235211181,-1.484126195445235,-1.01859430297322,-1.02948235211181,0.8745078676492305,0.9790568032008643,,,,,,,,,,,,,
25568.147,-1.02896180148282,-1.4842849967472276,-1.0187408363487904,-1.02896180148282,0.8758146017384708,0.9803399398306586,,,,,,,,,,,,,
25568.594,-1.03054369906374,-1.4844552226033194,-1.0188978881087394,-1.03054369906374,0.8730992498250943,0.9775992474328833,,,,,,,,,,,,,
25569.012,-1.02959941271349,-1.4846144047237786,-1.0190447287478506,-1.02959941271349,0.8752217724842879,0.9796980311493328,,,,,,,,,,,,,
25569.459,-1.02956498595604,-1.4847846305798704,-1.0192017332830403,-1.02956498595604,0.8756154219822444,0.9800662493259135,,,,,,,,,,,,,
25569.876,-1.02997779506147,-1.4849434318818613,-1.019348178598925,-1.02997779506147,0.8751268377292981,0.9795538982303932,,,,,,,,,,,,,
25570.293,-1.0312824407797,-1.485102233183854,-1.0194946026765876,-1.0312824407797,0.872922804898336,0.9773260577050551,,,,,,,,,,,,,
25570.741,-1.03207616996105,-1.4852728398584158,-1.0196518883322199,-1.03207616996105,0.8717242281603339,0.9761018578760192,,,,,,,,,,,,,
25571.128,-1.03110842565742,-1.4854202166063057,-1.0197877381267162,-1.03110842565742,0.873869164569866,0.9782246220945987,,,,,,,,,,,,,
25571.575,-1.03237422477942,-1.4855904424623976,-1.0199446271386918,-1.03237422477942,0.8717618283446608,0.9760916323386947,,,,,,,,,,,,,
25571.963,-1.03076287057639,-1.4857382000287576,-1.0200807884200955,-1.03076287057639,0.8751454815161781,0.9794529799596534,,,,,,,,,,,,,
25572.38,-1.03148218127756,-1.4858970013307502,-1.0202271062047785,-1.03148218127756,0.8740673411505722,0.9783508274447368,,,,,,,,,,,,,
25572.798,-1.03068355075886,-1.4860561834512112,-1.0203737535567612,-1.03068355075886,0.8759096946784211,0.9801690702413253,,,,,,,,,,,,,
25573.215,-1.03259956470124,-1.486214984753202,-1.0205200288140617,-1.03259956470124,0.8725296944833542,0.9767649760953884,,,,,,,,,,,,,
25573.603,-1.03079758084771,-1.4863627423195638,-1.0206561123774591,-1.03079758084771,0.8762800239700038,0.9804928505405922,,,,,,,,,,,,,
25574.02,-1.03369061981745,-1.4865215436215546,-1.020802346635314,-1.03369061981745,0.8710207152000046,0.975209368957139,,,,,,,,,,,,,
25574.438,-1.03322698286566,-1.4866807257420156,-1.0209489102601736,-1.03322698286566,0.8722187082813847,0.9763830902578164,,,,,,,,,,,,,
25574.855,-1.03494267488146,-1.4868395270440065,-1.0210951019906318,-1.03494267488146,0.8692240275037596,0.973364154865178,,,,,,,,,,,,,
25575.273,-1.03385430499183,-1.4869987091644692,-1.0212416229861176,-1.03385430499183,0.8716236949888148,0.9757394685717904,,,,,,,,,,,,,
25575.72,-1.03314838953458,-1.487168935020561,-1.0213982857014443,-1.03314838953458,0.8733089536433084,0.9773986384131547,,,,,,,,,,,,,
25576.138,-1.0343701326228,-1.4873281171410202,-1.0215447625359744,-1.0343701326228,0.8712651166051758,0.9753303626528295,,,,,,,,,,,,,
25576.555,-1.03258590513041,-1.4874869184430128,-1.0216908676837733,-1.03258590513041,0.8750025343502359,0.9790433592407681,,,,,,,,,,,,,
25576.973,-1.03241033783683,-1.4876461005634738,-1.0218373018889366,-1.03241033783683,0.8756464251684278,0.9796627293390415,,,,,,,,,,,,,
25577.39,-1.03397928975636,-1.4878049018654647,-1.021983364509353,-1.03397928975636,0.8729339991063771,0.9769258003182959,,,,,,,,,,,,,
25577.808,-1.03450578896552,-1.4879640839859256,-1.022129756085171,-1.03450578896552,0.8722274643348202,0.9761946628290803,,,,,,,,,,,,,
25578.226,-1.03418397870105,-1.4881232661063866,-1.0222761263207545,-1.03418397870105,0.8731526536474422,0.977095208376075,,,,,,,,,,,,,
25578.643,-1.03405540579116,-1.4882820674083792,-1.022422125124642,-1.03405540579116,0.8737054182189546,0.9776233472375758,,,,,,,,,,,,,
25579.061,-1.03424447896429,-1.4884412495288402,-1.02256845273088,-1.03424447896429,0.8736479227505464,0.9775411260058143,,,,,,,,,,,,,
25579.478,-1.03281879583858,-1.488600050830831,-1.022714409007385,-1.03281879583858,0.8766956800632433,0.9805641758069119,,,,,,,,,,,,,
25579.896,-1.0355146169509,-1.488759232951292,-1.0228606939842777,-1.0355146169509,0.8718164525353788,0.9756601405179682,,,,,,,,,,,,,
25580.314,-1.03526088859556,-1.488918415071753,-1.023006957620936,-1.03526088859556,0.8726106862306491,0.9764295254041908,,,,,,,,,,,,,
25580.731,-1.03506236407336,-1.4890772163737456,-1.0231528500809048,-1.03506236407336,0.8732980027953685,0.97709201170598,,,,,,,,,,,,,
25581.149,-1.03479852573881,-1.4892363984942065,-1.0232990710882177,-1.03479852573881,0.8741116830453228,0.9778807611491607,,,,,,,,,,,,,
25581.597,-1.03498734217566,-1.4894070051687684,-1.023455762733633,-1.03498734217566,0.8740766565501389,0.9778189689821147,,,,,,,,,,,,,
25582.014,-1.03581631080898,-1.4895658064707593,-1.023601589849136,-1.03581631080898,0.8727875890471197,0.9765049455258592,,,,,,,,,,,,,
25582.432,-1.03493266947185,-1.4897249885912203,-1.0237477453553012,-1.03493266947185,0.8747934609655561,0.9784857606457893,,,,,,,,,,,,,
25582.85,-1.03376301147763,-1.4898841707116812,-1.023893879521232,-1.03376301147763,0.8773494861975619,0.9810166880313202,,,,,,,,,,,,,
25583.297,-1.03465547595231,-1.4900543965677713,-1.0240501285695558,-1.03465547595231,0.8759602595236753,0.9796005768543192,,,,,,,,,,,,,
25583.685,-1.03716264228635,-1.4902021541341348,-1.0241857343567915,-1.03716264228635,0.8714219345015978,0.975038877786588,,,,,,,,,,,,,
25584.133,-1.0357198723417,-1.490372760808695,-1.0243422872393282,-1.0357198723417,0.8745252659723065,0.9781151766745325,,,,,,,,,,,,,
25584.521,-1.03547317353382,-1.4905205183750567,-1.0244778534093228,-1.03547317353382,0.8752840031855712,0.9788504636382541,,,,,,,,,,,,,
25584.909,-1.03672888730554,-1.4906682759414167,-1.02461340119239,-1.03672888730554,0.873152848364483,0.9766958232002871,,,,,,,,,,,,,
25585.357,-1.03713939571123,-1.4908388826159786,-1.024769887101023,-1.03713939571123,0.8726913971551233,0.9762072105836388,,,,,,,,,,,,,
25585.745,-1.03780767948992,-1.4909866401823404,-1.0249053952668703,-1.03780767948992,0.8716901644876771,0.9751824160954385,,,,,,,,,,,,,
25586.163,-1.03728603278552,-1.4911458223028013,-1.0250513602937872,-1.03728603278552,0.8729997393837056,0.9764665678054928,,,,,,,,,,,,,
25586.58,-1.03765145288551,-1.491304623604794,-1.0251969548583943,-1.03765145288551,0.8726023079280673,0.9760437330841164,,,,,,,,,,,,,
25586.968,-1.03768605829103,-1.491452381171154,-1.0253324050674522,-1.03768605829103,0.8728199562177058,0.97623770807291,,,,,,,,,,,,,
25587.386,-1.03699292178016,-1.491611563291615,-1.0254783076564067,-1.03699292178016,0.8744593919205584,0.9778516004901178,,,,,,,,,,,,,
25587.804,-1.03730071035789,-1.4917707454120759,-1.025624188905148,-1.03730071035789,0.8741735472578166,0.9775401714937625,,,,,,,,,,,,,
25588.222,-1.03786083090738,-1.4919299275325386,-1.0257700488136834,-1.03786083090738,0.8734023418059698,0.9767433406603336,,,,,,,,,,,,,
25588.64,-1.03739409777855,-1.4920891096529978,-1.0259158873820127,-1.03739409777855,0.874606290386845,0.9779216228116583,,,,,,,,,,,,,
25589.058,-1.03820254860785,-1.4922482917734605,-1.026061704610143,-1.03820254860785,0.8733574214041846,0.9766470463514787,,,,,,,,,,,,,
25589.476,-1.03792338744252,-1.4924074738939215,-1.0262075004980602,-1.03792338744252,0.8742005751338049,0.9774644515556112,,,,,,,,,,,,,
25589.894,-1.03852161631881,-1.4925666560143824,-1.0263532750457642,-1.03852161631881,0.8733560682788933,0.9765941551272718,,,,,,,,,,,,,
25590.312,-1.03989136412356,-1.4927258381348452,-1.0264990282532622,-1.03989136412356,0.871027544026913,0.9742398002538665,,,,,,,,,,,,,
25590.73,-1.03941615098395,-1.4928850202553043,-1.0266447601205613,-1.03941615098395,0.8722478039166377,0.9754341884742119,,,,,,,,,,,,,
25591.178,-1.04027717780831,-1.4930556269298663,-1.0268009275202274,-1.04027717780831,0.8709197800979158,0.9740783905950199,,,,,,,,,,,,,
25591.596,-1.04017315261266,-1.493214809050329,-1.0269466151755111,-1.04017315261266,0.8714260596222918,0.9745587134080556,,,,,,,,,,,,,
25591.984,-1.04025533817578,-1.493362566616689,-1.0270818276812008,-1.04025533817578,0.8715521874332626,0.9746607106949159,,,,,,,,,,,,,
25592.432,-1.03895558810739,-1.493533173291251,-1.0272379264654603,-1.03895558810739,0.874380420035149,0.9774610372543264,,,,,,,,,,,,,
25592.82,-1.03980575993968,-1.493680930857611,-1.0273730993539303,-1.03980575993968,0.8730293255225717,0.9760857360137635,,,,,,,,,,,,,
25593.209,-1.03848031354719,-1.4938290692424427,-1.0275086021680409,-1.03848031354719,0.875863767251657,0.9788958731221683,,,,,,,,,,,,,
25593.627,-1.0407432155112,-1.4939882513629037,-1.027654186134427,-1.0407432155112,0.8718172601197786,0.9748232098329858,,,,,,,,,,,,,
25594.045,-1.04029825161667,-1.4941474334833647,-1.0277997487606072,-1.04029825161667,0.8729793355576525,0.9759590880655729,,,,,,,,,,,,,
25594.463,-1.04155330594024,-1.4943066156038256,-1.0279452900465742,-1.04155330594024,0.8708714243264561,0.9738249385811211,,,,,,,,,,,,,
25594.881,-1.041266819085,-1.4944657977242883,-1.028090809992328,-1.041266819085,0.8717286690276305,0.9746559039810714,,,,,,,,,,,,,
25595.329,-1.0405863022185,-1.4946364043988503,-1.0282467502607773,-1.0405863022185,0.8733658059732072,0.9762648299784609,,,,,,,,,,,,,
25595.747,-1.04117637689253,-1.4947955865193094,-1.028392225994537,-1.04117637689253,0.8725369837341415,0.9754096433962243,,,,,,,,,,,,,
25596.166,-1.04229610551302,-1.4949551494582423,-1.0285380283395256,-1.04229610551302,0.870690104126992,0.9735362951779213,,,,,,,,,,,,,
25596.614,-1.0422549451291,-1.4951257561328042,-1.0286938982963392,-1.0422549451291,0.8710974382665977,0.9739152831246354,,,,,,,,,,,,,
25597.032,-1.04322115162479,-1.4952849382532634,-1.0288393084268108,-1.04322115162479,0.8695451261086908,0.9723364804354453,,,,,,,,,,,,,
25597.45,-1.04077959722782,-1.495444120373726,-1.0289846972170977,-1.04077959722782,0.8745476452883241,0.9773124680357983,,,,,,,,,,,,,
25597.898,-1.04217465477439,-1.4956147270482862,-1.0291404969169875,-1.04217465477439,0.8721924128644742,0.9749287542796266,,,,,,,,,,,,,
25598.317,-1.04062221621644,-1.4957742899872173,-1.0292861891839706,-1.04062221621644,0.8754854493817459,0.978195110450319,,,,,,,,,,,,,
25598.735,-1.04163954694031,-1.49593347210768,-1.0294315123709836,-1.04163954694031,0.8738347997220267,0.9765178030232072,,,,,,,,,,,,,
25599.153,-1.04333226162025,-1.4960926542281392,-1.0295768142177835,-1.04333226162025,0.8708850483766007,0.9735413528624343,,,,,,,,,,,,,
25599.601,-1.04213796548975,-1.4962632609027011,-1.0297325207342354,-1.04213796548975,0.8735104402280589,0.9761380841428737,,,,,,,,,,,,,
25600.02,-1.04115935279423,-1.496422823841634,-1.0298781258497414,-1.04115935279423,0.8756997221499208,0.978300518081983,,,,,,,,,,,,,
25600.438,-1.04407731752626,-1.4965820059620931,-1.0300233620932815,-1.04407731752626,0.8703932011569964,0.9729671720855708,,,,,,,,,,,,,
25600.856,-1.04420416116896,-1.4967411880825559,-1.0301685769965943,-1.04420416116896,0.8704554042499141,0.9730025091270321,,,,,,,,,,,,,
25601.245,-1.04223341750271,-1.496889326467386,-1.0303036980109965,-1.04223341750271,0.874531075902486,0.9770531417657977,,,,,,,,,,,,,
25601.663,-1.04406854628522,-1.4970485085878487,-1.0304488717144693,-1.04406854628522,0.8713073908945138,0.973802511458273,,,,,,,,,,,,,
25602.082,-1.04195689115545,-1.497208071526778,-1.0305943713065773,-1.04195689115545,0.8756760810227291,0.9781441506291031,,,,,,,,,,,,,
25602.5,-1.04311751669605,-1.4973672536472407,-1.030739502278557,-1.04311751669605,0.8737498036459268,0.9761908457585999,,,,,,,,,,,,,
25602.918,-1.04325194147409,-1.4975264357677016,-1.0308846119103379,-1.04325194147409,0.8737974244177611,0.9762113979887648,,,,,,,,,,,,,
25603.337,-1.04309205572201,-1.4976859987066327,-1.0310300472774898,-1.04309205572201,0.874411884280565,0.9767986833572624,,,,,,,,,,,,,
25603.755,-1.04352393789766,-1.4978451808270954,-1.031175114177806,-1.04352393789766,0.8738873454634966,0.9762469938043903,,,,,,,,,,,,,
25604.144,-1.04536281920404,-1.4979933192119255,-1.0313100974573501,-1.04536281920404,0.8706351998362141,0.9729695442297828,,,,,,,,,,,,,
25604.562,-1.0436361308079,-1.4981525013323882,-1.0314551231577767,-1.0436361308079,0.874262673579276,0.976569787988945,,,,,,,,,,,,,
25605.011,-1.04394634447487,-1.4983234888254184,-1.0316108805798834,-1.04394634447487,0.8739948719004932,0.9762726911504988,,,,,,,,,,,,,
25605.429,-1.04623561327007,-1.4984826709458794,-1.0317558620172491,-1.04623561327007,0.8698976481435929,0.9721481522695408,,,,,,,,,,,,,
25605.818,-1.04605712574248,-1.4986308093307112,-1.0318907657631016,-1.04605712574248,0.870525913398648,0.972750960593924,,,,,,,,,,,,,
25606.236,-1.04437160867127,-1.4987899914511722,-1.032035706000599,-1.04437160867127,0.8740741940588116,0.9762718468819337,,,,,,,,,,,,,
25606.655,-1.04522556188648,-1.4989495543901032,-1.0321809715682306,-1.04522556188648,0.8727385336980051,0.9749086854167859,,,,,,,,,,,,,
25607.103,-1.04516008277219,-1.4991201610646634,-1.032336267596044,-1.04516008277219,0.8731926449387423,0.9753333465101285,,,,,,,,,,,,,
25607.492,-1.04353971675112,-1.4992682994494952,-1.032471091808219,-1.04353971675112,0.876594364855577,0.9787094565129586,,,,,,,,,,,,,
25607.911,-1.04467204658366,-1.4994278623884263,-1.0326162930997071,-1.04467204658366,0.8747232468049891,0.9768107137226697,,,,,,,,,,,,,
25608.329,-1.04592352024307,-1.499587044508889,-1.0327611264830168,-1.04592352024307,0.8726222229847339,0.9746820899958125,,,,,,,,,,,,,
25608.748,-1.04623858510485,-1.49974660744782,-1.0329062849408217,-1.04623858510485,0.8723231148873517,0.9743552747679595,,,,,,,,,,,,,
25609.196,-1.04589291852596,-1.4999172141223802,-1.0330614664454743,-1.04589291852596,0.8733161669843265,0.9753186564318265,,,,,,,,,,,,,
25609.615,-1.04598679008705,-1.500076777061313,-1.033206580534312,-1.04598679008705,0.8734425244124596,0.9754172213856324,,,,,,,,,,,,,
25610.034,-1.04572243321725,-1.500236340000244,-1.0333516731807322,-1.04572243321725,0.8742579345701552,0.9762047978244107,,,,,,,,,,,,,
25610.452,-1.04672176230311,-1.500395522120705,-1.033496398178265,-1.04672176230311,0.8726419110783681,0.9745609659455496,,,,,,,,,,,,,
25610.871,-1.04688452679518,-1.500555085059636,-1.0336414479909806,-1.04688452679518,0.872635752887842,0.9745268916453366,,,,,,,,,,,,,
25611.29,-1.04798952462772,-1.5007146479985671,-1.03378647636125,-1.04798952462772,0.8708172079654053,0.9726803893686087,,,,,,,,,,,,,
25611.738,-1.04741401097944,-1.500885254673129,-1.033941518774732,-1.04741401097944,0.8722523711202699,0.9740856145479471,,,,,,,,,,,,,
25612.157,-1.0478989487844,-1.50104481761206,-1.0340865027760628,-1.0478989487844,0.871626512254149,0.9734317129836928,,,,,,,,,,,,,
25612.576,-1.04762753263191,-1.5012043805509911,-1.0342314653349405,-1.04762753263191,0.8724555009488526,0.9742326177356588,,,,,,,,,,,,,
25612.994,-1.04831762979352,-1.501363562671452,-1.0343760605554166,-1.04831762979352,0.8714342853592297,0.9731833441323386,,,,,,,,,,,,,
25613.413,-1.046695154754,-1.5015231256103831,-1.0345209802806181,-1.046695154754,0.8748620371158113,0.9765829295554129,,,,,,,,,,,,,
25613.832,-1.04765843943154,-1.5016826885493142,-1.0346658785633807,-1.04765843943154,0.8733160775826063,0.9750087624440964,,,,,,,,,,,,,
25614.251,-1.04849867723491,-1.501842251488247,-1.0348107554037043,-1.04849867723491,0.8720067988296003,0.9736712348683747,,,,,,,,,,,,,
25614.64,-1.0475871945385,-1.501990389873077,-1.03494524000606,-1.0475871945385,0.8740449809931976,0.9756831538772774,,,,,,,,,,,,,
25615.058,-1.04605896472468,-1.502149571993538,-1.035089729852885,-1.04605896472468,0.877290719463281,0.9789006316470564,,,,,,,,,,,,,
25615.477,-1.04853001438503,-1.502309134932469,-1.0352345439523276,-1.04853001438503,0.8728445725430308,0.9744261152217891,,,,,,,,,,,,,
25615.896,-1.04929811216465,-1.502468697871402,-1.0353793366093313,-1.04929811216465,0.8716740551947306,0.9732271871238676,,,,,,,,,,,,,
25616.285,-1.04870455048657,-1.502616836256232,-1.035513743055823,-1.04870455048657,0.8731007159753875,0.9746274344167506,,,,,,,,,,,,,
25616.704,-1.04936415658782,-1.5027763991951648,-1.0356584943632399,-1.04936415658782,0.8721388824742354,0.9736371106298413,,,,,,,,,,,,,
25617.123,-1.04984852200896,-1.502935962134094,-1.0358032242282036,-1.04984852200896,0.8715141245889364,0.972983821214195,,,,,,,,,,,,,
25617.542,-1.0496228842099,-1.503095525073027,-1.0359479326507426,-1.0496228842099,0.8722550585770206,0.9736961824273136,,,,,,,,,,,,,
25617.961,-1.04967770657923,-1.5032550880119562,-1.0360926196308355,-1.04967770657923,0.8724565271628593,0.9738690369935967,,,,,,,,,,,,,
25618.38,-1.04860505054161,-1.503414650950889,-1.0362372851685038,-1.04860505054161,0.8748267015432298,0.9762105561097933,,,,,,,,,,,,,
25618.769,-1.04973311934286,-1.503562789335719,-1.0363715735972647,-1.04973311934286,0.8729418044496612,0.974299018520918,,,,,,,,,,,,,
25619.217,-1.04875071561679,-1.503733396010281,-1.0365262067805858,-1.04875071561679,0.8751596210584626,0.9764861099985228,,,,,,,,,,,,,
25619.636,-1.05043929402615,-1.503892958949212,-1.0366708080421105,-1.05043929402615,0.8722185583381499,0.9735162683786764,,,,,,,,,,,,,
25620.055,-1.04934853338467,-1.504052521888143,-1.0368153878612105,-1.04934853338467,0.8746235569413642,0.9758924468377529,,,,,,,,,,,,,
25620.504,-1.05198337342836,-1.504223509381175,-1.036970295657035,-1.05198337342836,0.8698843342027912,0.9711222946802961,,,,,,,,,,,,,
25620.953,-1.05183908848809,-1.5043944968742071,-1.0371251788299958,-1.05183908848809,0.8704907610298962,0.9716977447263249,,,,,,,,,,,,,
25621.372,-1.04954812115313,-1.5045540598131382,-1.0372696912512822,-1.04954812115313,0.8752043583563616,0.9763823922686949,,,,,,,,,,,,,
25621.791,-1.05063026635484,-1.5047136227520692,-1.0374141822301013,-1.05063026635484,0.8734297704911913,0.9745788133748252,,,,,,,,,,,,,
25622.181,-1.05083647887838,-1.5048621419553694,-1.0375486533723333,-1.05083647887838,0.8733187973345097,0.9744408186669816,,,,,,,,,,,,,
25622.63,-1.05190524204375,-1.5050331294484014,-1.0377034445796767,-1.05190524204375,0.8715919249697872,0.9726827926250035,,,,,,,,,,,,,
25623.019,-1.05142191982727,-1.5051812678332332,-1.037837531086005,-1.05142191982727,0.8728065400405839,0.973870378801918,,,,,,,,,,,,,
25623.408,-1.05005235015797,-1.5053294062180633,-1.0379715991104703,-1.05005235015797,0.8757258529348269,0.9767626272523904,,,,,,,,,,,,,
25623.827,-1.05406700779081,-1.5054889691569961,-1.038115985896468,-1.05406700779081,0.8683105746025911,0.9693181574761548,,,,,,,,,,,,,
25624.276,-1.0518494696191,-1.5056599566500264,-1.03827068683821,-1.0518494696191,0.8729049060040296,0.9738811615741326,,,,,,,,,,,,,
25624.665,-1.0518286915517,-1.5058080950348582,-1.0384046951411463,-1.0518286915517,0.873229816961515,0.9741788932132666,,,,,,,,,,,,,
25625.114,-1.05336901805064,-1.5059790825278903,-1.0385593501275139,-1.05336901805064,0.8705958920734846,0.9715135526264222,,,,,,,,,,,,,
25625.533,-1.05315983583998,-1.5061386454668195,-1.0387036496085145,-1.05315983583998,0.8713051737215303,0.9721934748989789,,,,,,,,,,,,,
25625.953,-1.05315309821295,-1.5062985892242224,-1.0388482719604255,-1.05315309821295,0.8716257855239657,0.9724846158634417,,,,,,,,,,,,,
25626.402,-1.05242951650381,-1.5064695767172527,-1.0390028563136866,-1.05242951650381,0.8733464902402526,0.9741737690178818,,,,,,,,,,,,,
25626.851,-1.05213297629871,-1.506640564210283,-1.0391574160440697,-1.05213297629871,0.8742457802149306,0.9750414600685349,,,,,,,,,,,,,
25627.27,-1.05569199131225,-1.5068001271492157,-1.0393016266336446,-1.05569199131225,0.8677069308968716,0.9684730803919867,,,,,,,,,,,,,
25627.719,-1.05274560883129,-1.5069711146422478,-1.0394561387634695,-1.05274560883129,0.8737031950245046,0.9744376540357257,,,,,,,,,,,,,
25628.139,-1.05433975538541,-1.5071310583996471,-1.0396006489792526,-1.05433975538541,0.8709445045727859,0.9716492770518057,,,,,,,,,,,,,
25628.588,-1.05231138886766,-1.5073020458926791,-1.0397551134536656,-1.05231138886766,0.8751749641168385,0.9758479544466223,,,,,,,,,,,,,
25629.007,-1.05375611142714,-1.507461608831612,-1.0398992351518004,-1.05375611142714,0.8727029583570918,0.9733462473453862,,,,,,,,,,,,,
25629.456,-1.05314199184343,-1.5076325963246422,-1.0400536520256338,-1.05314199184343,0.8742131125703823,0.9748245278495717,,,,,,,,,,,,,
25629.876,-1.05353394323263,-1.5077925400820433,-1.0401980731378586,-1.05353394323263,0.873766845668635,0.9743484030245441,,,,,,,,,,,,,
25630.295,-1.05558458843955,-1.5079521030209744,-1.040342128922255,-1.05558458843955,0.870129347116795,0.9706810763459053,,,,,,,,,,,,,
25630.714,-1.05665440199247,-1.5081116659599054,-1.040486163264184,-1.05665440199247,0.8683784791898714,0.9689003390475788,,,,,,,,,,,,,
25631.164,-1.05558822219181,-1.5082830342714075,-1.0406408302041328,-1.05558822219181,0.8707589041676852,0.9712486388134619,,,,,,,,,,,,,
25631.553,-1.05473565901624,-1.5084311726562376,-1.0407745112501772,-1.05473565901624,0.8726837545765732,0.9731456804241702,,,,,,,,,,,,,
25631.972,-1.05562369005206,-1.5085907355951704,-1.0409184812136516,-1.05562369005206,0.871282545495222,0.9717144781391649,,,,,,,,,,,,,
25632.392,-1.05634607216532,-1.5087506793525716,-1.0410627732616007,-1.05634607216532,0.8702006947795936,0.9706025212446959,,,,,,,,,,,,,
25632.811,-1.05445023360615,-1.5089102422915026,-1.0412067002890169,-1.05445023360615,0.8741542615277724,0.974526012201588,,,,,,,,,,,,,
25633.231,-1.053893985959,-1.5090701860489038,-1.0413509492984474,-1.053893985959,0.8755318563796695,0.9758734180898787,,,,,,,,,,,,,
25633.68,-1.05740040048349,-1.5092411735419358,-1.0415051345308157,-1.05740040048349,0.8691161592933662,0.9694254017312397,,,,,,,,,,,,,
25634.099,-1.0540014641805,-1.509400736480865,-1.0416489956445005,-1.0540014641805,0.8759609359899243,0.9762399758512017,,,,,,,,,,,,,
25634.519,-1.05625927727166,-1.509560680238268,-1.0417931785828713,-1.05625927727166,0.8719256823192283,0.9721744061289841,,,,,,,,,,,,,
25634.938,-1.05622808565294,-1.5097202431771972,-1.041936996760512,-1.05622808565294,0.8722925988933781,0.9725110375388908,,,,,,,,,,,,,
25635.358,-1.05501841834259,-1.5098801869346001,-1.0420811366603786,-1.05501841834259,0.8749270470926273,0.9751150869018811,,,,,,,,,,,,,
25635.777,-1.05508070390968,-1.5100397498735312,-1.0422249119019682,-1.05508070390968,0.8751141602104372,0.975271832267801,,,,,,,,,,,,,
25636.197,-1.05706513152971,-1.5101996936309323,-1.042369008763302,-1.05706513152971,0.8716047637550278,0.9717319541913813,,,,,,,,,,,,,
25636.616,-1.05669472249858,-1.5103592565698651,-1.0425127410688546,-1.05669472249858,0.8726241653465138,0.9727209054433302,,,,,,,,,,,,,
25637.066,-1.05727856465398,-1.5105306248813655,-1.0426670836260215,-1.05727856465398,0.8718307715131233,0.9718947624465728,,,,,,,,,,,,,
25637.485,-1.05730535534011,-1.5106901878202965,-1.0428107714602532,-1.05730535534011,0.8720861590684209,0.9721196141216283,,,,,,,,,,,,,
25637.875,-1.05867193774824,-1.5108387070235967,-1.0429444950454538,-1.05867193774824,0.8697432133285032,0.9697482089019032,,,,,,,,,,,,,
25638.325,-1.05778818232917,-1.5110100753350988,-1.0430987684060895,-1.05778818232917,0.8717727448337879,0.9717448581440319,,,,,,,,,,,,,
25638.744,-1.05728951495051,-1.5111696382740298,-1.0432423918106721,-1.05728951495051,0.8730388514794605,0.9729803049787726,,,,,,,,,,,,,
25639.164,-1.05761407958855,-1.511329582031431,-1.0433863364726221,-1.05761407958855,0.8727222030580444,0.9726328821802903,,,,,,,,,,,,,
25639.613,-1.05845134219461,-1.511500569524463,-1.0435401963430522,-1.05845134219461,0.8714406222406516,0.9713183562556756,,,,,,,,,,,,,
25640.033,-1.05935759946794,-1.5116605132818641,-1.0436840964275547,-1.05935759946794,0.8700050874786991,0.9698519613717702,,,,,,,,,,,,,
25640.453,-1.05834078305572,-1.5118204570392653,-1.043827974967158,-1.05834078305572,0.8722685867908743,0.9720845591202695,,,,,,,,,,,,,
25640.872,-1.05815032661092,-1.5119800199781963,-1.0439714894707706,-1.05815032661092,0.8729418494103752,0.9727269524574437,,,,,,,,,,,,,
25641.322,-1.05865808346282,-1.5121513882896984,-1.0441255981117976,-1.05865808346282,0.8722948057310674,0.972046709676215,,,,,,,,,,,,,
25641.742,-1.05985400342448,-1.5123113320470978,-1.044269410529047,-1.05985400342448,0.8703021045109633,0.9700229797058679,,,,,,,,,,,,,
25642.192,-1.05810189888295,-1.5124827003585999,-1.0444234713535607,-1.05810189888295,0.8740019063841249,0.9736894905018705,,,,,,,,,,,,,
25642.611,-1.05793594637158,-1.5126422632975327,-1.044566896863408,-1.05793594637158,0.8746280356642313,0.974284579319787,,,,,,,,,,,,,
25643.031,-1.05994764511056,-1.512802207054932,-1.0447106431582824,-1.05994764511056,0.8710661831854256,0.970691570904157,,,,,,,,,,,,,
25643.451,-1.05967481643822,-1.512962150812335,-1.044854367908279,-1.05967481643822,0.8718986213681075,0.9714928117083201,,,,,,,,,,,,,
25643.871,-1.0599483074802,-1.5131220945697361,-1.044998071113369,-1.0599483074802,0.8716802130575791,0.9712431645775501,,,,,,,,,,,,,
25644.29,-1.05966550246285,-1.5132816575086672,-1.045141410699948,-1.05966550246285,0.8725311082447377,0.9720628540287862,,,,,,,,,,,,,
25644.71,-1.06004395712438,-1.5134416012660683,-1.0452850708664911,-1.06004395712438,0.8721108023115774,0.9716112264906328,,,,,,,,,,,,,
25645.1,-1.05912400500764,-1.5135901204693685,-1.0454184503010993,-1.05912400500764,0.8741660079179744,0.9736373106422994,,,,,,,,,,,,,
25645.55,-1.0587869483202,-1.5137614887808706,-1.0455723265649013,-1.0587869483202,0.8751439638898942,0.9745816205338512,,,,,,,,,,,,,
25645.97,-1.06038514925355,-1.5139214325382717,-1.0457159220967327,-1.06038514925355,0.8723774748358503,0.9717836855496879,,,,,,,,,,,,,
25646.389,-1.06022220933616,-1.5140809954772028,-1.0458591542664237,-1.06022220933616,0.8729978093885506,0.972372607749719,,,,,,,,,,,,,
25646.809,-1.05985190730994,-1.5142409392346057,-1.0460027067597437,-1.05985190730994,0.8740177376606817,0.9733610073069792,,,,,,,,,,,,,
25647.199,-1.05944682684701,-1.5143894584379058,-1.0461359862120432,-1.05944682684701,0.8750825871483522,0.9743965430235982,,,,,,,,,,,,,
25647.619,-1.06203856319434,-1.514549402195307,-1.0462794971544795,-1.06203856319434,0.8704050317749161,0.9696873790120091,,,,,,,,,,,,,
25648.069,-1.06114305850854,-1.5147207705068073,-1.0464332349702445,-1.06114305850854,0.872457163005994,0.9717055978574406,,,,,,,,,,,,,
25648.459,-1.06119429260301,-1.5148692897101093,-1.0465664544045907,-1.06119429260301,0.8726442910059132,0.9718632966415454,,,,,,,,,,,,,
25648.879,-1.0611808350623,-1.5150292334675104,-1.046709900712301,-1.0611808350623,0.8729778285687382,0.972165101241091,,,,,,,,,,,,,
25649.329,-1.06048458706853,-1.5152006017790125,-1.0468635692765815,-1.06048458706853,0.8746466893620533,0.9737999164432563,,,,,,,,,,,,,
25649.749,-1.06129285307288,-1.5153605455364136,-1.047006970955536,-1.06129285307288,0.8733996408997406,0.9725210491741259,,,,,,,,,,,,,
25650.169,-1.06143546620996,-1.5155204892938148,-1.0471503510895914,-1.06143546620996,0.8734329763645099,0.9725225243903401,,,,,,,,,,,,,
25650.589,-1.06201703745256,-1.515680433051216,-1.0472937096787405,-1.06201703745256,0.8726219754933224,0.9716796218289032,,,,,,,,,,,,,
25651.039,-1.06194967055888,-1.515851801362718,-1.0474472842588511,-1.06194967055888,0.8730811828889089,0.9721046028544706,,,,,,,,,,,,,
25651.459,-1.06381071253663,-1.5160117451201174,-1.0475905982192515,-1.06381071253663,0.8698091188344754,0.9688005512662492,,,,,,,,,,,,,
25651.879,-1.06085255507898,-1.5161716888775203,-1.0477338906347455,-1.06085255507898,0.8758067895049889,0.974766192961266,,,,,,,,,,,,,
25652.299,-1.06185631197647,-1.5163316326349214,-1.0478771615053475,-1.06185631197647,0.8741837141226787,0.9731110471617361,,,,,,,,,,,,,
25652.719,-1.06201814373173,-1.5164915763923226,-1.0480204108310218,-1.06201814373173,0.8741800825569905,0.9730753037371338,,,,,,,,,,,,,
25653.139,-1.06231416361558,-1.5166515201497237,-1.0481636386117827,-1.06231416361558,0.8739183399975704,0.9727814078770766,,,,,,,,,,,,,
25653.559,-1.0631338283362,-1.5168114639071248,-1.0483068448476587,-1.0631338283362,0.8726493660936063,0.9714802392307667,,,,,,,,,,,,,
25653.949,-1.06334144002288,-1.5169599831104268,-1.048439802775178,-1.06334144002288,0.8725357016452896,0.9713366425573177,,,,,,,,,,,,,
25654.369,-1.06331031085073,-1.5171199268678262,-1.048582967460149,-1.06331031085073,0.8729032306080939,0.971671896854494,,,,,,,,,,,,,
25654.789,-1.06293680096117,-1.517279870625229,-1.0487261106002208,-1.06293680096117,0.8739293292084288,0.9726656793474778,,,,,,,,,,,,,
25655.24,-1.06292438853308,-1.5174516197552013,-1.0488797950783493,-1.06292438853308,0.8742835641415649,0.9729851667939908,,,,,,,,,,,,,
25655.66,-1.06392228740056,-1.5176115635126006,-1.0490228935383854,-1.06392228740056,0.8726717566855798,0.9713409572884503,,,,,,,,,,,,,
25656.08,-1.06592430771585,-1.5177715072700035,-1.049165970453494,-1.06592430771585,0.8691285206640089,0.967765277775601,,,,,,,,,,,,,
25656.5,-1.0625805400569,-1.517931451027403,-1.0493090258236961,-1.0625805400569,0.8758679129256631,0.9744721851042822,,,,,,,,,,,,,
25656.95,-1.06507440356358,-1.518102819338905,-1.0494622755263876,-1.06507440356358,0.8714005911956049,0.9699700121012809,,,,,,,,,,,,,
25657.371,-1.06384387935962,-1.5182631439147762,-1.0496056267439187,-1.06384387935962,0.8740758901543562,0.9726126626845943,,,,,,,,,,,,,
25657.821,-1.06417277635067,-1.5184345122262783,-1.0497588285751291,-1.06417277635067,0.8737728835885245,0.9722747127648811,,,,,,,,,,,,,
25658.271,-1.0671906409338,-1.5186058805377787,-1.0499120056736615,-1.0671906409338,0.8682976452865541,0.966764483535635,,,,,,,,,,,,,
25658.691,-1.06424410142633,-1.5187658242951798,-1.0500549486512796,-1.06424410142633,0.8742729688187768,0.9727071059472837,,,,,,,,,,,,,
25659.112,-1.06426037788387,-1.5189261488710528,-1.050198210347375,-1.06426037788387,0.8745500455122138,0.9729513620705231,,,,,,,,,,,,,
25659.532,-1.06510408406818,-1.5190860926284522,-1.0503411101838793,-1.06510408406818,0.873234827829836,0.9716033602854878,,,,,,,,,,,,,
25659.982,-1.06536580735142,-1.5192574609399543,-1.0504941932432885,-1.06536580735142,0.8730610299552476,0.9713943905990116,,,,,,,,,,,,,
25660.403,-1.06482800771202,-1.5194177855158255,-1.0506373885567868,-1.06482800771202,0.8744038725512782,0.9727042849376291,,,,,,,,,,,,,
25660.823,-1.06526633415189,-1.5195777292732267,-1.0507802221683207,-1.06526633415189,0.8738684031951964,0.9721359040949624,,,,,,,,,,,,,
25661.243,-1.06815125734165,-1.5197376730306278,-1.0509230342349483,-1.06815125734165,0.8686269026498287,0.9668614506213152,,,,,,,,,,,,,
25661.634,-1.06618710431275,-1.519886573052398,-1.0510559661035757,-1.06618710431275,0.872691362214535,0.9708951953306514,,,,,,,,,,,,,
25662.054,-1.06555263120519,-1.520046516809801,-1.0511987365680255,-1.06555263120519,0.8742194238143791,0.9723902239802394,,,,,,,,,,,,,
25662.474,-1.06786493434613,-1.5202064605672003,-1.0513414854875762,-1.06786493434613,0.8700793584807889,0.9682170842546987,,,,,,,,,,,,,
25662.895,-1.06661708082904,-1.5203667851430733,-1.0514845526635597,-1.06661708082904,0.8727879903899297,0.9708925214334901,,,,,,,,,,,,,
25663.315,-1.06755218889596,-1.5205267289004745,-1.0516272584419966,-1.06755218889596,0.871296961098903,0.9693683347684152,,,,,,,,,,,,,
25663.736,-1.0664647397503,-1.5206870534763457,-1.0517702823741502,-1.0664647397503,0.8736970550461223,0.971735150805614,,,,,,,,,,,,,
25664.156,-1.06836798977422,-1.5208469972337468,-1.0519129450114661,-1.06836798977422,0.8703438037745003,0.9683486591778604,,,,,,,,,,,,,
