energy,mu,pre_edge,post_edge,bkg,norm,flat,k,chik,k3chik,kwin,r,chir_mag,chir_re,chir_im,rwin,q,chiq_mag,chiq_re,chiq_im
11330.022,-0.892312076975966,-0.8978938315341445,-0.19173327372608906,-0.892312076975966,0.008276039975488368,0.008276039975488368,0.0,-0.9220841115422024,-0.0,0.0,0.0,0.4300796138045845,-0.4300796138045845,0.0,0.0,0.0,0.38866958527488216,0.3769913636030406,0.09455981327429196
11330.368,-0.893589900106266,-0.8981665682133624,-0.19205755461296103,-0.893589900106266,0.006785803247721573,0.006785803247721573,0.05,-0.89594181088978,-0.00011199272636122252,0.0,0.030679615757712823,0.4199637112339279,-0.2799054460283796,0.31308538777309275,0.0,0.05,0.3999796224467279,0.355740552251409,0.18284517455073715
11330.725,-0.893070007588403,-0.8984479757118624,-0.19239213148995127,-0.893070007588403,0.007973886833027778,0.007973886833027778,0.1,-0.8688763057525891,-0.0008688763057525894,0.0,0.06135923151542565,0.39138201620620244,0.05135938908777401,0.3879975460775013,0.0,0.1,0.4107209404648131,0.31277807646114736,0.2661983580369443
11331.066,-0.893282166647893,-0.8987167711095889,-0.1927117005046668,-0.893282166647893,0.0080578612526168,0.0080578612526168,0.15000000000000002,-0.8402994136788934,-0.0028360105211662667,0.0,0.09203884727313846,0.350353011510172,0.3018555046463742,0.17784961902947533,0.0,0.15000000000000002,0.42082778733022086,0.2493519167646623,0.33899800618150916
11331.4,-0.893894778915496,-0.8989800487132253,-0.19302469730839977,-0.893894778915496,0.0075399044679396315,0.0075399044679396315,0.2,-0.8096229522169563,-0.006476983617735652,0.0,0.1227184630308513,0.3092404060926779,0.27804357370441346,-0.13535656571457005,0.0,0.2,0.43023877964198787,0.16823515826183447,0.3959827509279192
11331.741,-0.894222635827522,-0.8992488441109519,-0.19334424152765806,-0.894222635827522,0.007452334251753761,0.007452334251753761,0.25,-0.7762587389150415,-0.012129042795547523,0.0,0.15339807878856412,0.2878784818077692,0.011390316967130214,-0.28765305659306734,0.0,0.25,0.43889678477489824,0.07360778504370374,0.4326803458290002
11332.081,-0.893775626312756,-0.899516851252379,-0.1936628361958448,-0.893775626312756,0.008512485924156618,0.008512485924156618,0.30000000000000004,-0.7396185913214123,-0.01996970196567814,0.0,0.18407769454627693,0.3039125009701901,-0.26576561036480456,-0.14741590346152852,0.0,0.30000000000000004,0.44674886888797943,-0.029185182810849915,0.4457945456788209
11332.427,-0.894597435668811,-0.8997895879315969,-0.1939870403383681,-0.894597435668811,0.007698378572142307,0.007698378572142307,0.35000000000000003,-0.6991143269843325,-0.029974526769453263,0.0,0.21475731030398976,0.3538332019948098,-0.3074421088813846,0.17514932063946662,0.0,0.35000000000000003,0.4537463050548284,-0.13398356371175094,0.4335136837586659
11332.767,-0.894884927376105,-0.9000575950730241,-0.19430560988092438,-0.894884927376105,0.007669488902355061,0.007669488902355061,0.4,-0.6541512175053233,-0.0418656779203407,0.0,0.2454369260617026,0.41675413186642557,-0.05525850291156397,0.41307445368082335,0.0,0.4,0.45984463730410063,-0.2342437314365919,0.39571070839693184
11333.113,-0.894661196460959,-0.900330331752242,-0.19462978845442436,-0.894661196460959,0.008405598957834003,0.008405598957834003,0.45,-0.6040305110237585,-0.05504228031704,0.0,0.2761165418194154,0.4716196316655708,0.30863012334469636,0.3566125683940573,0.0,0.45,0.4650037980270271,-0.3235176139008532,0.33401330164449844
11333.471,-0.895632678114174,-0.9006125275070396,-0.19496519664044865,-0.895632678114174,0.007383598153179356,0.007383598153179356,0.5,-0.5479769590895688,-0.0684971198861961,0.0,0.30679615757712825,0.5030816935058376,0.5024246911722675,0.025702529859008377,0.0,0.5,0.4691882780040432,-0.39593902432380806,0.2517338460237524
11333.817,-0.895412806655134,-0.9008852641862575,-0.19528934897401662,-0.895412806655134,0.008113985812109994,0.008113985812109994,0.55,-0.48548535431533946,-0.08077262582421463,0.0,0.3374757733348411,0.5017580373669119,0.369727840241753,-0.33920856742196864,0.0,0.55,0.47236735023238674,-0.44667558876170665,0.15366141991387763
11334.163,-0.895587334919882,-0.9011580008654754,-0.19561348841125437,-0.895587334919882,0.008259598944255283,0.008259598944255283,0.6000000000000001,-0.4163956353233271,-0.08994145722983869,0.0,0.36815538909255385,0.46488203411580825,0.009088820532303235,-0.4647931787203671,0.0,0.6000000000000001,0.47451535084450563,-0.47230661332252843,0.04573052808450655
11334.503,-0.89664911099208,-0.9014260080069025,-0.1959319943705804,-0.89664911099208,0.0070826816624419715,0.0070826816624419715,0.65,-0.3404047184169139,-0.09348364579524499,0.0,0.3988350048502667,0.39879881501793185,-0.2988477980469858,-0.26406531097850516,0.0,0.65,0.47561202276352016,-0.4710930724482012,-0.06540728773249253
11334.849,-0.896543054961894,-0.9016987446861204,-0.19625610823879214,-0.896543054961894,0.007644315745914312,0.007644315745914312,0.7000000000000001,-0.25809347542957695,-0.08852606207234491,0.0,0.4295146206079795,0.32565492531058177,-0.313332703306476,0.08873413896407892,0.0,0.7000000000000001,0.4756429304386427,-0.44311502063872316,-0.17287358317742896
11335.196,-0.896968276036517,-0.9019722696216359,-0.1965811458999953,-0.896968276036517,0.007419396628046386,0.007419396628046386,0.75,-0.17245277166079306,-0.07275351304439708,0.0,0.46019423636569234,0.2937531390305353,-0.030003133505816904,0.2922169034640623,0.0,0.75,0.47459995715067727,-0.39026332785144396,-0.27007342383459554
11335.536,-0.897075162564971,-0.9022402767630648,-0.1968996140243684,-0.897075162564971,0.007658289366871986,0.007658289366871986,0.8,-0.08213100811951818,-0.04205107615719332,0.0,0.4908738521234052,0.3462893389469308,0.3074026173480581,0.15943631053140214,0.0,0.8,0.4724819001003603,-0.3160856492241558,-0.3511823006317243
11335.882,-0.897262661181083,-0.902513013442281,-0.1972236893899515,-0.897262661181083,0.007784671422967465,0.007784671422967465,0.8500000000000001,0.010051205877398654,0.00617269680945745,0.0,0.521553467881118,0.4549924684364405,0.3959897245657672,-0.22407651454852004,0.0,0.8500000000000001,0.46929518292175465,-0.2254997392789538,-0.4115675355256862
11336.234,-0.897930885708033,-0.9027904796592896,-0.19755337132584128,-0.897930885708033,0.007205296002546858,0.007205296002546858,0.9,0.09248725689002953,0.06742321027283153,0.0,0.5522330836388308,0.5688668285173152,0.11864087339607661,-0.5563576293600768,0.0,0.9,0.4650547105194839,-0.12439934379220448,-0.4481078966503825
11336.58,-0.897905268371119,-0.9030632163385075,-0.19787742067513037,-0.897905268371119,0.007647664031921767,0.007647664031921767,0.9500000000000001,0.15770286360981417,0.13521049268746446,0.0,0.5829126993965437,0.6542332927163232,-0.3499394880224078,-0.5527780350385292,0.0,0.9500000000000001,0.4597848972853078,-0.0191877651358783,-0.4593843504525937
11336.915,-0.898736297824866,-0.9033272821984433,-0.19819115558962697,-0.898736297824866,0.006807029905479677,0.006807029905479677,1.0,0.2040723308782951,0.2040723308782951,0.0,0.6135923151542565,0.690547120264556,-0.6673572167576852,-0.1774532911701194,0.0,1.0,0.45352090676239726,0.08371918483787748,-0.44572672228695054
11337.251,-0.898786455780624,-0.9035921363146784,-0.19850581488270258,-0.898786455780624,0.007125358844556518,0.007125358844556518,1.05,0.22665447582471326,0.26238088757658373,0.0,0.6442719309119693,0.6671264753217145,-0.5889614294453697,0.313340340047114,0.0,1.05,0.4463101484043838,0.1783764392806728,-0.4091144026776515
11337.597,-0.898694230593345,-0.9038648729938945,-0.19882982632572332,-0.898694230593345,0.007666486005409038,0.007666486005409038,1.1,0.22836051797010926,0.3039478494182155,0.0,0.6749515466696822,0.5846007980260928,-0.1692198836846611,0.5595736984691956,0.0,1.1,0.4382140844547614,0.25973627781681335,-0.3529428421152523
11337.938,-0.899701288125067,-0.904133668391621,-0.19914914290432773,-0.899701288125067,0.006571868377626738,0.006571868377626738,1.1500000000000001,0.21127541018555218,0.32132348946595174,0.0,0.705631162427395,0.46250272299239203,0.264681196029208,0.37927909676638566,0.0,1.1500000000000001,0.42931040551480754,0.3239810912896814,-0.2816800965102711
11338.278,-0.899701873940308,-0.90440167553305,-0.1994675105994288,-0.899701873940308,0.006968372660063673,0.006968372660063673,1.2000000000000002,0.18077747460583327,0.31238347611888007,0.0,0.7363107781851077,0.365789952801673,0.35800892117535527,-0.07504599875748479,0.0,1.2000000000000002,0.4196956339209374,0.3687344210860511,-0.20044787810957804
11338.619,-0.900027322117285,-0.9046704709307765,-0.1997868021621736,-0.900027322117285,0.0068843738634643895,0.0068843738634643895,1.25,0.14349761867499847,0.2802687864746064,0.0,0.7669903939428205,0.4159403359182919,0.010541538964846619,-0.4158067327498126,0.0,1.25,0.4094882039310766,0.3931344172712163,-0.11456840365266574
11338.977,-0.899938164007996,-0.9049526666855741,-0.2001219980075284,-0.899938164007996,0.007434978407644799,0.007434978407644799,1.3,0.10313821645035938,0.22659466154143956,0.0,0.7976700097005334,0.6095968407211407,-0.5240090178809216,-0.31148492322529486,0.0,1.3,0.3988320372547883,0.3977674639859386,-0.02912110119826999
11339.323,-0.899898638576452,-0.9052254033647902,-0.20044594511798852,-0.899898638576452,0.007897967900383104,0.007897967900383104,1.35,0.0656036856725992,0.16140966813672128,0.0,0.8283496254582462,0.8456273124415831,-0.8087884532119534,0.24687403569065497,0.0,1.35,0.387900566198419,0.3844735539804824,0.0514483774930863
11339.67,-0.900630470379799,-0.9054989283003056,-0.2007708155394825,-0.900630470379799,0.007218438566070604,0.007218438566070604,1.4000000000000001,0.03261764858265691,0.08950282771081057,0.0,0.859029241215959,1.062879799935417,-0.5472402841427838,0.9111759108548015,0.0,1.4000000000000001,0.3769010318794655,0.3560476699781028,0.12363027353755184
11340.005,-0.900484668669287,-0.9057629941602414,-0.20108443894309858,-0.900484668669287,0.007826147192870085,0.007826147192870085,1.4500000000000002,0.004451930842865464,0.01357226766583073,0.0,0.8897088569736719,1.225218086402827,0.18071514687139772,1.2118173933971466,0.0,1.4500000000000002,0.3660786721952718,0.31587165529169126,0.18503700067700038
11340.346,-0.901422911996626,-0.9060317895579679,-0.20140366706621027,-0.901422911996626,0.006833560046797258,0.006833560046797258,1.5,-0.018059456968437623,-0.06095066726847698,0.0,0.9203884727313847,1.3083858265020787,0.9525590958241464,0.8969418264047072,0.0,1.5,0.3557200845599712,0.2675177614651552,0.23445900677949083
11340.687,-0.901542186189114,-0.9063005849556944,-0.20172288266302196,-0.901542186189114,0.007055254400936254,0.007055254400936254,1.55,-0.03317881189138827,-0.12355374813204352,0.0,0.9510680884890975,1.2979198581435967,1.2918866622910365,0.12499923982976542,0.0,1.55,0.3461545944232797,0.21436751589061845,0.27178957185887526
11341.028,-0.901019609534587,-0.9065693803534209,-0.202042085733539,-0.901019609534587,0.008228617842784018,0.008228617842784018,1.6,-0.04294109457091226,-0.17588672336245667,0.0,0.9817477042468103,1.1896819308219073,1.0049873462916252,-0.6366659487658017,0.0,1.6,0.3377519403399624,0.15928744523427832,0.2978319710745411
11341.363,-0.901336602785865,-0.9068334462133567,-0.20235566013010953,-0.901336602785865,0.008150142660476926,0.008150142660476926,1.6500000000000001,-0.0467846418778604,-0.2101624593955837,0.0,1.012427320004523,0.9908269901254145,0.3182491346519252,-0.9383259629011067,0.0,1.6500000000000001,0.33091418999248773,0.1043966687033671,0.3140151854640531
11341.715,-0.901110789857454,-0.9071109124303653,-0.20268513423208478,-0.901110789857454,0.008896352169137643,0.008896352169137643,1.7000000000000002,-0.04607359563641774,-0.2263595753617204,0.0,1.043106935762236,0.7218789231786947,-0.28635459912551264,-0.6626539242238733,0.0,1.7000000000000002,0.32605990463616896,0.050951041995040205,0.3220544251069487
11342.062,-0.902181824248332,-0.9073844373658808,-0.2030099152397673,-0.902181824248332,0.007713888829946167,0.007713888829946167,1.75,-0.04523493413948814,-0.24243097515381926,0.0,1.0737865515199487,0.42941410561434845,-0.41807880675215153,-0.0980131901596307,0.0,1.75,0.323599671890258,-0.0006446028266183546,0.32359902987289463
11342.397,-0.902446285279661,-0.9076485032258166,-0.2033234523216958,-0.902446285279661,0.007713302911269001,0.007713302911269001,1.8,-0.04158403069467007,-0.2425180670113159,0.0,1.1044661672776617,0.28643951916797766,-0.05262759710267376,0.28156337504082607,0.0,1.8,0.3239045391603443,-0.05069919168674382,0.3199120855031673
11342.738,-0.902514308824287,-0.9079172986235413,-0.20364259257705442,-0.902514308824287,0.008010986348417544,0.008010986348417544,1.85,-0.03866558197326887,-0.24481596546149856,0.0,1.1351457830353744,0.4923665422586598,0.46373562897070536,0.16545113586461985,0.0,1.85,0.3272721701777718,-0.099990772417972,0.31162303959130777
11343.074,-0.902828506256759,-0.9081821527397782,-0.2039570411043945,-0.902828506256759,0.00793782525660866,0.00793782525660866,1.9000000000000001,-0.030158029354658108,-0.2068539233436,0.0,1.1658253987930873,0.7743167375904562,0.6788829515159628,-0.37240347508274174,0.0,1.9000000000000001,0.33389819615448846,-0.14944516950094336,0.29858691650515357
11343.42,-0.902825066732983,-0.9084548894189943,-0.20428083550888587,-0.902825066732983,0.008347310351737502,0.008347310351737502,1.9500000000000002,-0.02303568628362867,-0.1708067343323212,0.0,1.1965050145508,1.0081562683042251,0.36852403468318556,-0.9383864327567439,0.0,1.9500000000000002,0.3438602497779203,-0.19977858633322873,0.27987209189204704
11343.761,-0.902869206516088,-0.9087236848167208,-0.20459993818535338,-0.902869206516088,0.008680406124392194,0.008680406124392194,2.0,-0.009756333836729626,-0.078050670693837,0.0,1.227184630308513,1.155618691957865,-0.3067377393586058,-1.1141662894090716,0.0,2.0,0.35711872000227163,-0.2511506326593811,0.2538841072041602
11344.097,-0.903131023472479,-0.908988538932956,-0.2049143496848096,-0.903131023472479,0.008684909306325468,0.008684909306325468,2.0500000000000003,0.003775793518381722,0.032528933135048343,0.0,1.2578642460662257,1.19926813245198,-0.9292700679672857,-0.7580904921544234,0.0,2.0500000000000003,0.37353285396966746,-0.30287513149918727,0.2186171258480793
11344.449,-0.903801650288126,-0.9092660051499628,-0.2052437201163002,-0.903801650288126,0.008101972024290157,0.008101972024290157,2.1,0.017537021254168818,0.16241035383485744,0.0,1.2885438618239387,1.1354234083432075,-1.131628139769076,-0.09275812361452244,0.0,2.1,0.3928864136175957,-0.35323170846112156,0.17200899436638092
11344.802,-0.903487728921419,-0.909544259623269,-0.20557401285483312,-0.903487728921419,0.008979988223925157,0.008979988223925157,2.15,0.029831673097438054,0.2964783541197509,0.0,1.3192234775816514,0.9730005905758639,-0.8496080370559933,0.47423236143355046,0.0,2.15,0.41491573354141964,-0.39941183412877024,0.11236214975740746
11345.143,-0.904057631630041,-0.9098130550209955,-0.20589306476490066,-0.904057631630041,0.008533537897973136,0.008533537897973136,2.2,0.037798627741717626,0.4024797881938094,0.0,1.3499030933393643,0.7323463543770645,-0.3392921793367175,0.6490084743748095,0.0,2.2,0.43933455755097567,-0.43761944974517675,0.038782349893221976
11345.49,-0.904299246317979,-0.910086579956511,-0.20621771763272712,-0.904299246317979,0.008580851064796726,0.008580851064796726,2.25,0.036846152011378204,0.4197007002546049,0.0,1.380582709097077,0.4431333698634456,0.03761422703473252,0.44153409088213436,0.0,2.25,0.4658528061803208,-0.4633297961612544,-0.04841835411545901
11345.825,-0.90471093656284,-0.9103506458164468,-0.20653113100614373,-0.90471093656284,0.008361969116788487,0.008361969116788487,2.3000000000000003,0.02967936324121343,0.3611088125558439,0.0,1.41126232485479,0.1412386893253925,0.08193340174363378,0.1150447088790747,0.0,2.3000000000000003,0.4941888705438357,-0.4716921826336365,-0.14740802085269342
11346.172,-0.904710575055722,-0.910624170751964,-0.2068557583805699,-0.904710575055722,0.008768059195520385,0.008768059195520385,2.35,0.01516979424284809,0.19687169345940217,0.0,1.4419419406125027,0.13575378138535368,-0.128089273744984,-0.044969179577850404,0.0,2.35,0.5240764536428647,-0.4580449830645709,-0.2546584433162558
11346.508,-0.904276684673015,-0.9108890248681973,-0.20717008261294456,-0.904276684673015,0.009804084220556637,0.009804084220556637,2.4000000000000004,-0.0016627961425453902,-0.022986493874547487,0.0,1.4726215563702154,0.35244655925934837,-0.3483592620821181,0.053520105150826315,0.0,2.4000000000000004,0.5552674630225569,-0.41849597730905713,-0.3649425605045865
11346.849,-0.905086082050642,-0.9111578202659238,-0.20748907185479304,-0.905086082050642,0.00900253632914514,0.00900253632914514,2.45,-0.014244396171520088,-0.2094798706478959,0.0,1.5033011721279284,0.48370374887091344,-0.3954456585185165,0.27855349186580397,0.0,2.45,0.5875323695703798,-0.35050996220610314,-0.47152630010134267
11347.202,-0.905183760735263,-0.9114360747392283,-0.20781927332924077,-0.905183760735263,0.009270275161115105,0.009270275161115105,2.5,-0.02427330109515754,-0.37927032961183654,0.0,1.533980787885641,0.5242790798085024,-0.2896109739692729,0.4370286458361959,0.0,2.5,0.6206591274056467,-0.25343971621669276,-0.5665563190680526
11347.554,-0.905598528082707,-0.9117135409562369,-0.20814852602230882,-0.905598528082707,0.009066699451663973,0.009066699451663973,2.5500000000000003,-0.028097856127073582,-0.46590108913905487,0.0,1.564660403643354,0.5141480645711155,-0.19530923163362982,0.4756075444533077,0.0,2.5500000000000003,0.6544514046864491,-0.12893681452179184,-0.6416244532100063
11347.896,-0.905154500876135,-0.911983124610261,-0.20846841216160517,-0.905154500876135,0.010124766757862952,0.010124766757862952,2.6,-0.027979987870670436,-0.4917762668149036,0.0,1.5953400194010667,0.5770340184870808,-0.218844344512587,0.5339245371456577,0.0,2.6,0.688726592371669,0.01881422388338788,-0.6884695665166013
11348.226,-0.905071190096135,-0.9122432491887071,-0.20877706228136184,-0.905071190096135,0.01063397667131787,0.01063397667131787,2.6500000000000004,-0.02616011123931229,-0.48682986012188717,0.0,1.6260196351587797,0.832422134294414,-0.2522187655427727,0.7932920672560311,0.0,2.6500000000000004,0.7233138563887799,0.1830817416017968,-0.6997599665142765
11348.573,-0.906088381342571,-0.9125167741242226,-0.20910159990555055,-0.906088381342571,0.009531346297041715,0.009531346297041715,2.7,-0.021230210301383678,-0.417874229362135,0.0,1.6566992509164924,1.2476225072574776,-0.02153036725783354,1.2474367173933825,0.0,2.7,0.7580523674645482,0.3548174611174164,-0.6698865285291212
11348.914,-0.905589431999508,-0.9127855695219491,-0.209420513291672,-0.905589431999508,0.010669677640621598,0.010669677640621598,2.75,-0.01205917540007129,-0.2507931633983576,0.0,1.6873788666742053,1.7412817937302847,0.6732987618985388,1.605842788819146,0.0,2.75,0.7927897634131716,0.5231341916696867,-0.5956897065409275
11349.261,-0.906445080581604,-0.9130590944574646,-0.20974502519817673,-0.906445080581604,0.009806565778650099,0.009806565778650099,2.8000000000000003,0.0013609691734134328,0.02987599529477168,0.0,1.718058482431918,2.2445316553107184,1.7155345486118354,1.4473643508844134,0.0,2.8000000000000003,0.8273808537852548,0.6760091312740986,-0.477043741856505
11349.603,-0.905988124382682,-0.9133286781114869,-0.21006484844863227,-0.905988124382682,0.010883802838087401,0.010883802838087401,2.85,0.015622059600069606,0.36163701043946134,0.0,1.748738098189631,2.697522892700158,2.643435086557776,0.5374762318435229,0.0,2.85,0.8616865535211751,0.8011675665190577,-0.3172290132965964
11349.961,-0.906996708512317,-0.9136108738662845,-0.21039962069247498,-0.906996708512317,0.009806790374492757,0.009806790374492757,2.9000000000000004,0.02565190113957841,0.625624216893178,0.0,1.7794177139473437,3.048003669491863,2.9024579925711116,-0.9306255802394068,0.0,2.9000000000000004,0.8955730218145835,0.887080951778806,-0.12303829644997645
11350.314,-0.906971158456868,-0.9138891283395925,-0.21072970382783218,-0.906971158456868,0.010257239852075474,0.010257239852075474,2.95,0.026624211057405797,0.6835067303448683,0.0,1.8100973297050567,3.254543427720987,2.21902488300928,-2.380752295285573,0.0,2.95,0.9289109791550857,0.9239974764514753,0.09541630209856862
11350.667,-0.906623935085066,-0.9141673828128969,-0.21105977353975813,-0.906623935085066,0.011184632770543887,0.011184632770543887,3.0,0.021603650918185502,0.5832985747910086,0.0,1.8407769454627694,3.2917942091896073,0.8184849745312163,-3.1884151960058253,0.0,3.0,0.9615751760640984,0.9049141014285902,0.32520345671346873
11351.014,-0.906816758184581,-0.9144409077484124,-0.2113842199184992,-0.906816758184581,0.011304288985068207,0.011304288985068207,3.0500000000000003,0.01072052189508258,0.3041693475334674,0.0,1.8714565612204823,3.1574748271640405,-0.696631224816895,-3.079667550367198,0.0,3.0500000000000003,0.9934439893682425,0.8263979065066884,0.5513596468125422
11351.355,-0.907006107003109,-0.9147097031461389,-0.21170304363690207,-0.907006107003109,0.011422084036518256,0.011422084036518256,3.1,-0.0014213092315325255,-0.04234222331658547,0.0,1.902136176978195,2.8831228432759644,-1.742863753310193,-2.296698340404588,0.0,3.1,1.0243991248539213,0.6891719832766388,0.7579152620629988
11351.697,-0.907674027255593,-0.9149792868001647,-0.2120227897407716,-0.907674027255593,0.010831472325061124,0.010831472325061124,3.1500000000000004,-0.013323788744859056,-0.4164466755357217,0.0,1.932815792735908,2.5535000519181086,-2.1418323872852767,-1.3902936883700638,0.0,3.1500000000000004,1.054325408223609,0.49839679798172376,0.9290870240119838
11352.039,-0.907953816197595,-0.9152488704541888,-0.21234252324476532,-0.907953816197595,0.010816340994869838,0.010816340994869838,3.2,-0.019753289983259398,-0.6472758061714441,0.0,1.9634954084936207,2.3320958579236364,-2.197670395278136,-0.7803306505979525,0.0,3.2,1.0831106491410856,0.2636009100434466,1.0505442582333648
11352.38,-0.908440393610746,-0.9155176658519135,-0.21266130931080784,-0.908440393610746,0.01049343667386743,0.01049343667386743,3.25,-0.027081653276429227,-0.9296623788799221,0.0,1.9941750242513334,2.424119221965328,-2.387674420359655,-0.41876588287725997,0.0,3.25,1.1106455656913747,-0.0017565890391687611,1.1106441765862103
11352.728,-0.908634830024634,-0.9157919790437283,-0.21298662645770072,-0.908634830024634,0.010611869578852006,0.010611869578852006,3.3000000000000003,-0.030898252350781804,-1.110390494730046,0.0,2.024854640009046,2.8930878889821083,-2.888443454074796,0.16386563394260786,0.0,3.3000000000000003,1.1368237587641792,-0.2810779019750564,1.1015277897139124
11353.081,-0.908370733917773,-0.9160702335170345,-0.2133166043731709,-0.908370733917773,0.0114160101112615,0.0114160101112615,3.35,-0.03480702464685752,-1.308583144232851,0.0,2.055534255766759,3.606793703065149,-3.312615143507688,1.4267241245153002,0.1464466094067272,3.35,1.1615417277152924,-0.555726528263773,1.0199741227147483
11353.422,-0.909101297928417,-0.916339028914761,-0.2136353521623784,-0.909101297928417,0.010731348064570231,0.010731348064570231,3.4000000000000004,-0.03681829221864215,-1.4471061573615114,0.0,2.086213871524472,4.402204120546666,-2.904917757356728,3.307696168324958,0.5000000000000028,3.4000000000000004,1.184698920207072,-0.8063597607979185,0.8679259575019781
11353.764,-0.909328253413306,-0.9166086125687851,-0.2139550221143809,-0.909328253413306,0.010794552640867205,0.010794552640867205,3.45,-0.03832720962086187,-1.5738541631674643,0.0,2.116893487282185,5.1619731603851795,-1.1133326778796635,5.0404818476909785,0.8535533905932768,3.45,1.2061978104215085,-1.01439368451097,0.6526244024627794
11354.106,-0.909121636310801,-0.9168781962228092,-0.2142746794665129,-0.909121636310801,0.011500613155767158,0.011500613155767158,3.5,-0.03514062396449168,-1.5066542524775806,0.0,2.1475731030398975,5.80941824456069,1.8526125882415554,5.506102699561962,1.0,3.5,1.2259440009223876,-1.1634840957858816,0.38632040102860277
11354.448,-0.910328256194815,-0.9171477798768333,-0.2145943242187709,-0.910328256194815,0.010111274155449542,0.010111274155449542,3.5500000000000003,-0.026514893554691867,-1.1862465083816653,0.006155829702431202,2.1782527187976104,6.297584265525845,4.907425160825756,3.9467386374439606,1.0,3.5500000000000003,1.2438463443580192,-1.240899724879625,0.08556635534180111
11354.795,-0.910526234647941,-0.9174213048123505,-0.21491862926239058,-0.910526234647941,0.010223286552583994,0.010223286552583994,3.6,-0.01606933430731022,-0.7497308614418657,0.02447174185242326,2.2089323345553233,6.603786275042293,6.5782806491531005,0.5798421055898184,1.0,3.6,1.2598170819803889,-1.2386676974151758,-0.22987260695821982
11355.131,-0.910322869715999,-0.9176861589285839,-0.21523264138194076,-0.910322869715999,0.010917512627843257,0.010917512627843257,3.6500000000000004,-0.002929761577045057,-0.14246588242716715,0.05449673790581632,2.2396119503130363,6.726451768401673,5.8430753348044595,-3.3322100810773843,1.0,3.6500000000000004,1.2737719966437626,-1.1543854332423042,-0.5384137544229486
11355.479,-0.910152271800349,-0.9179604721203987,-0.2155578553991262,-0.910152271800349,0.011577180134276784,0.011577180134276784,3.7,0.009506617261239069,0.4815386841335426,0.09549150281252644,2.270291566070749,6.681801682957752,2.7970586411035656,-6.06819056132921,1.0,3.7,1.2856305785660962,-0.9916173067866797,-0.8182549122524884
11355.832,-0.911497474459208,-0.9182387265937049,-0.21588772870314,-0.911497474459208,0.00999522131767631,0.00999522131767631,3.75,0.02470568016041834,1.3028386022095608,0.14644660940672624,2.3009711818284617,6.499278448976739,-1.2974158543020937,-6.368463900999915,1.0,3.75,1.295316202718369,-0.7598266174040887,-1.0490507978687187
11356.174,-0.91206245973094,-0.9185083102477289,-0.2162073098665669,-0.91206245973094,0.009557230794894804,0.009557230794894804,3.8000000000000003,0.03572156915095341,1.960113942451116,0.2061073738537638,2.3316507975861747,6.2154978068664715,-4.642663927807354,-4.1325639306123625,1.0,3.8000000000000003,1.302756317277977,-0.47383118470492697,-1.2135312235821551
11356.516,-0.912044764582613,-0.918777893901753,-0.21652687843012064,-0.912044764582613,0.009983177659377552,0.009983177659377552,3.85,0.04407791511686087,2.5153778527557304,0.2730047501302266,2.3623304133438876,5.867250236402619,-5.848826583701642,-0.464599752853528,1.0,3.85,1.3078826431713255,-0.1528110492012242,-1.2989248598555783
11356.858,-0.912913375063275,-0.9190474775557771,-0.21684643439380036,-0.912913375063275,0.009095003535636918,0.009095003535636918,3.9000000000000004,0.04832763874065831,2.8667472024571112,0.34549150281252683,2.3930100291016,5.484928970215185,-4.622368424156334,2.952652360110871,1.0,3.9000000000000004,1.3106313853697025,0.1810641418924088,-1.2980640988937608
11357.2,-0.913261779641806,-0.9193170612098029,-0.2171659777576096,-0.913261779641806,0.008978136139317246,0.008978136139317246,3.95,0.047315422203427,2.9160435559694307,0.42178276747988486,2.423689644859313,5.088516107181548,-1.807014286618605,4.756857738150503,1.0,3.95,1.3109434573287524,0.5042859346009766,-1.2100696031537534
11357.542,-0.91295427514687,-0.9195866448638252,-0.2174855085215439,-0.91295427514687,0.009833781893780164,0.009833781893780164,4.0,0.042981220663411694,2.7507981224583484,0.5000000000000001,2.454369260617026,4.688253357211792,1.1959666773763746,4.533142756191664,1.0,4.0,1.3087647208216888,0.7938071162659293,-1.040545701366856
11357.884,-0.913671168950833,-0.9198562285178511,-0.21780502668560686,-0.913671168950833,0.009170557338895819,0.009170557338895819,4.05,0.03619934217803082,2.4047268258043593,0.578217232520115,2.4850488763747385,4.290799931287665,3.22151807467478,2.834216883882024,1.0,4.05,1.3040462444693035,1.0288456073614498,-0.8012573393907503
11358.22,-0.914496439494755,-0.9201210826340844,-0.21811892699760715,-0.914496439494755,0.008339630663398033,0.008339630663398033,4.1000000000000005,0.02990847052423416,2.0613216970007433,0.6545084971874745,2.5157284921324514,3.9094365153580335,3.8517630368025046,0.6690406384792409,1.0,4.1000000000000005,1.2967445855948934,1.192542427813766,-0.5093025408671354
11358.573,-0.914848999129962,-0.9203993371073906,-0.21844869607043194,-0.914848999129962,0.0082294587660374,0.0082294587660374,4.15,0.02333652582470609,1.667940261466403,0.7269952498697739,2.5464081078901644,3.5745227265801285,3.38765455549651,-1.1406179620984305,1.0,4.15,1.2868221017368697,1.2733324428658184,-0.1858375943232758
11358.921,-0.914898079052063,-0.9206736502992054,-0.2187737810536472,-0.914898079052063,0.008563411025050677,0.008563411025050677,4.2,0.01596371048749898,1.1827193825978246,0.7938926261462367,2.5770877236478773,3.3371338293061603,2.408646422248801,-2.309736913002788,1.0,4.2,1.2742473003848094,1.2659075259239878,0.14554833680596582
11359.252,-0.915332674793871,-0.9209345631339492,-0.2190829733431281,-0.915332674793871,0.008305892234688021,0.008305892234688021,4.25,0.00902874073128867,0.6930969252003318,0.8535533905932737,2.60776733940559,3.2544119664955535,1.3014030156121712,-2.9828756994928574,1.0,4.25,1.2589952384751484,1.171683670155348,0.4606803529502751
11359.594,-0.915695392562495,-0.9212041467879715,-0.21940242850782443,-0.915695392562495,0.008167802741950354,0.008167802741950354,4.3,0.005236127665731068,0.41630880231927997,0.9045084971874736,2.6384469551633027,3.3531935735954272,0.09806382102700334,-3.3517593333960085,1.0,4.3,1.241047987188732,0.9987239289438572,0.7367161056065958
11359.936,-0.91705512830915,-0.9214737304419973,-0.2197218710726503,-0.91705512830915,0.006551439606680968,0.006551439606680968,4.3500000000000005,0.0007745314671165649,0.06375391183633244,0.9455032620941842,2.6691265709210157,3.6020314823614727,-1.314725397340205,-3.3535247023858092,1.0,4.3500000000000005,1.2203951830639215,0.7611145450449777,0.9539753938999679
11360.278,-0.917494222431328,-0.9217433140960214,-0.2200413010376021,-0.917494222431328,0.006300107270928174,0.006300107270928174,4.4,-0.0032866950287851054,-0.2799738293320305,0.9755282581475768,2.6998061866787286,3.9251737002986617,-2.8504381408387722,-2.698516441077929,1.0,4.4,1.1970346940040681,0.47783837736432266,1.0975256460635643
11360.621,-0.917696871165352,-0.922013686006343,-0.2203616523531089,-0.917696871165352,0.006400520090672332,0.006400520090672332,4.45,-0.007869924433221563,-0.6935065947204716,0.9938441702975689,2.730485802436441,4.23772933188417,-4.067715876827988,-1.1882918142076753,1.0,4.45,1.170973439345063,0.1712336818568504,1.1583858691512743
11360.957,-0.917917901913386,-0.9222785401225781,-0.22067545359833485,-0.917917901913386,0.0064654967827345415,0.0064654967827345415,4.5,-0.01328866758347645,-1.2109298335442915,1.0,2.761165418194154,4.468358777353342,-4.3646383163825275,0.9571637949254812,1.0,4.5,1.142228418145909,-0.13483647313781025,1.1342419868493063
11361.316,-0.918762443499434,-0.9225615241336751,-0.22101072184705917,-0.918762443499434,0.005632878133814489,0.005632878133814489,4.55,-0.019490426200946535,-1.835927495334185,1.0,2.791845033951867,4.566655522055017,-3.39220846460811,3.0573296174532225,1.0,4.55,1.1108280213750577,-0.4169517975166365,1.0296067655273402
11361.664,-0.91846376120622,-0.9228358373254899,-0.2213357040004711,-0.91846376120622,0.00648245571563866,0.00648245571563866,4.6000000000000005,-0.025559817393826765,-2.487890385845523,1.0,2.82252464970958,4.503981603340409,-1.3717344592602327,4.290011055522688,1.0,4.6000000000000005,1.0768137349087474,-0.6540726845708306,0.855404432409859
11362.012,-0.920361349875628,-0.9231101505173029,-0.22166067310802973,-0.920361349875628,0.004075633164811497,0.004075633164811497,4.65,-0.02939334541458529,-2.9553428922049485,1.0,2.8532042654672924,4.272474535093654,0.9415168659928336,4.167443418221148,1.0,4.65,1.0402423862283081,-0.8292816894043753,0.6280096350571301
11362.354,-0.920349820034593,-0.923379734171327,-0.22198002658954152,-0.920349820034593,0.004492438758556134,0.004492438758556134,4.7,-0.031457896788973275,-3.2660532183215727,1.0,2.8838838812250054,3.883397102166296,2.65147433042837,2.837332713693093,1.0,4.7,1.0011891562277078,-0.9311763764950299,0.3678182736155663
11362.697,-0.921293562384203,-0.9236501060816504,-0.2223003011979756,-0.921293562384203,0.0034940357267204195,0.0034940357267204195,4.75,-0.03106482049775439,-3.329275059282771,1.0,2.9145634969827183,3.365017163938559,3.214906321348823,0.9938399562064714,1.0,4.75,0.9597516810017465,-0.9547894772497848,0.09746970462026029
11363.045,-0.921301214022927,-0.9239244192734652,-0.2226252315803503,-0.921301214022927,0.0038894134973305825,0.0038894134973305825,4.800000000000001,-0.02856798026039019,-3.1593900729570734,1.0,2.945243112740431,2.7604035961721536,2.7065448860358123,-0.5426258320735844,1.0,4.800000000000001,0.916055726594225,-0.901951846281302,-0.16012795263733284
11363.387,-0.92168459614562,-0.9241940029274893,-0.22294454700435207,-0.92168459614562,0.0037206850686550517,0.0037206850686550517,4.8500000000000005,-0.02373337906584993,-2.7076017840208073,1.0,2.9759227284981438,2.1264629196046596,1.6904832239076564,-1.2900042705899653,1.0,4.8500000000000005,0.8702631638742251,-0.7810613944156939,-0.3837982185338908
11363.729,-0.92253054674724,-0.9244635865815134,-0.22326384982848158,-0.92253054674724,0.0028661086358979623,0.0028661086358979623,4.9,-0.017256187900631555,-2.0301732503214023,1.0,3.0066023442558567,1.537908347509938,0.808557277412981,-1.3082038122873882,1.0,4.9,0.8225833506533263,-0.6062729560030727,-0.5559464646810423
11364.083,-0.923462526207889,-0.9247426293111172,-0.2235943429896956,-0.923462526207889,0.0018980025625705758,0.0018980025625705758,4.95,-0.010973446818991353,-1.3309405593775616,1.0,3.0372819600135696,1.1017668803434113,0.3826037350202357,-1.0332011617154804,1.0,4.95,0.7732896201954506,-0.3961754201484746,-0.6640947772511118
11364.437,-0.923281641542361,-0.9250216720407209,-0.22392482265132152,-0.923281641542361,0.0025799346447248806,0.0025799346447248806,5.0,-0.003081939261962751,-0.3852424077453439,1.0,3.067961575771282,0.9423772909729892,0.2947404875200878,-0.895099437804544,1.0,5.0,0.7227434885955908,-0.17206886552539982,-0.7019618620866284
11364.779,-0.923544270782574,-0.9252912556947468,-0.2242440867916331,-0.923544270782574,0.002590245919812672,0.002590245919812672,5.050000000000001,0.003493453059960158,0.4499135226412515,1.0,3.098641191528995,1.0283335460173506,0.19288453634058808,-1.0100818964347866,1.0,5.050000000000001,0.671430556074676,0.04400832157190156,-0.6699867605133498
11365.116,-0.924758741215384,-0.9255568980672795,-0.22455867100264548,-0.924758741215384,0.0011834232308402077,0.0011834232308402077,5.1000000000000005,0.007891758702244575,1.0468496836114456,1.0,3.129320807286708,1.1682969396494653,-0.16609251865096497,-1.1564302894867833,1.0,5.1000000000000005,0.6200139385249974,0.23132777731681267,-0.5752432037033922
11365.458,-0.924955177411809,-0.9258264817213036,-0.2248779101274181,-0.924955177411809,0.001291878605738172,0.001291878605738172,5.15,0.010773286802502655,1.4715326709797902,1.0,3.160000423044421,1.2398379989371546,-0.7053132995877838,-1.0196722086205356,0.7499999999999978,5.15,0.5694130224697674,0.372410862144274,-0.43074509853870013
11365.812,-0.925975185739427,-0.9261055244509073,-0.22520833735421064,-0.925975185739427,0.00019325256517842838,0.00019325256517842838,5.2,0.012002609352889285,1.6876628958910567,1.0,3.1906800388021335,1.2041925682124721,-1.0980794291103844,-0.4942684581305604,0.2500000000000022,5.2,0.5209153614038534,0.4546823734044423,-0.2541982554263711
11366.155,-0.926567628987099,-0.9263758963612307,-0.22552848419141913,-0.926567628987099,-0.0002842810194808699,-0.0002842810194808699,5.25,0.012689172698008845,1.8361629430665611,1.0,3.2213596545598464,1.064580034923399,-1.0460270816841932,0.19788379201125939,3.749399456654644e-33,5.25,0.47632094390471086,0.47168357394843413,-0.06630420551900762
11366.497,-0.926865300883785,-0.9266454800152548,-0.22584768503763009,-0.926865300883785,-0.00032592731845171763,-0.00032592731845171763,5.300000000000001,0.010639501706119199,1.5839770955019086,1.0,3.2520392703175593,0.8503881437038122,-0.5379309696063204,0.6586275631116721,0.0,5.300000000000001,0.4380842034621845,0.42372676508290386,0.11123577605911819
11366.857,-0.927454496762141,-0.9269292522826493,-0.22618367231632952,-0.927454496762141,-0.0007787774012399524,-0.0007787774012399524,5.3500000000000005,0.007550798868954188,1.156256662352531,1.0,3.2827188860752723,0.6214977854253249,0.11342886773931168,0.6110592354690018,0.0,5.3500000000000005,0.40933476871414665,0.31792182170614663,0.257838453612546
11367.211,-0.928404589926214,-0.9272082950122531,-0.22651404619305815,-0.928404589926214,-0.0017737405733663687,-0.0017737405733663687,5.4,0.00679040121848143,1.06924373746696,1.0,3.313398501832985,0.4960818017339782,0.4831040331469944,0.11272820041470456,0.0,5.4,0.3935397463832348,0.1675605114570897,0.3560856736568031
11367.559,-0.928180114278009,-0.9274826082040661,-0.22683880735423845,-0.928180114278009,-0.0010341888183955693,-0.0010341888183955693,5.45,0.004799135941900838,0.7768775274629877,1.0,3.3440781175906977,0.580714621210625,0.3327618146663278,-0.4759191590887808,0.0,5.45,0.39361564033317226,-0.009097735887187246,0.3935104871748912
11367.902,-0.929412631729444,-0.9277529801143896,-0.22715888964074438,-0.929412631729444,-0.002460757270569911,-0.002460757270569911,5.5,0.004455622159216761,0.7413041367396885,1.0,3.3747577333484107,0.774678971613914,-0.22560649274512526,-0.7411000064040176,0.0,5.5,0.41081160520326493,-0.19053974740792376,0.3639516171517964
11368.239,-0.92930782364941,-0.9280186224869222,-0.2274733604771395,-0.92930782364941,-0.0019114922101979158,-0.0019114922101979158,5.550000000000001,0.003038088908531588,0.5193730715079957,1.0,3.4054373491061236,0.9554890818069605,-0.8162149639490577,-0.49674190288111075,0.0,5.550000000000001,0.44426265036765955,-0.35406576912966375,0.2683407044082522
11368.587,-0.92995083151515,-0.928292935678737,-0.22779808310057525,-0.92995083151515,-0.0024581539862309964,-0.0024581539862309964,5.6000000000000005,0.0028033859085147494,0.49231941970972637,1.0,3.436116964863836,1.0695453479566224,-1.0643924159620979,0.10486198633451883,0.0,5.6000000000000005,0.49162757399902784,-0.47802784681002347,0.11483487793498243
11368.93,-0.93042572932189,-0.9285633075890605,-0.2281181274030386,-0.93042572932189,-0.002761403524906326,-0.002761403524906326,5.65,0.0012983526050263654,0.23417363484184098,1.0,3.466796580621549,1.0964997108556054,-0.8427787699489911,0.7014524651248236,0.0,5.65,0.5501429466188607,-0.5440372535830428,-0.0817357230854574
11369.272,-0.93073833029135,-0.9288328912430845,-0.2284372260134404,-0.93073833029135,-0.0028251850865057848,-0.0028251850865057848,5.7,0.0007665728281240953,0.14196392175878558,1.0,3.497476196379262,1.0341266044311845,-0.32708875601440396,0.9810355649421284,0.0,5.7,0.6173315087165104,-0.5389362153026225,-0.30107465434587527
11369.621,-0.931043624166142,-0.9291079926911952,-0.2287628428925954,-0.931043624166142,-0.0028699512487523255,-0.0028699512487523255,5.75,-0.00018317848144927114,-0.03482394662177003,1.0,3.5281558121369745,0.8944711618720051,0.16160348026529256,0.8797516550634048,0.0,5.75,0.6912366528314244,-0.4563448135922725,-0.5191892923828699
11369.975,-0.931727127832778,-0.9293870354208007,-0.22909311136577326,-0.931727127832778,-0.003469643486828861,-0.003469643486828861,5.800000000000001,0.0007159697193728,0.1396942838862658,1.0,3.5588354278946874,0.7050585478270631,0.3958927013388664,0.5834179675760957,0.0,5.800000000000001,0.7703933101924735,-0.29762683004533047,-0.7105801308976242
11370.318,-0.932168788930653,-0.9296574073311223,-0.22941310438238816,-0.932168788930653,-0.0037236131210693396,-0.0037236131210693396,5.8500000000000005,0.0005098466544242586,0.10207212871655004,1.0,3.5895150436524004,0.5202293378791509,0.38290009399880753,0.3521733692457228,0.0,5.8500000000000005,0.8537185756060441,-0.07216594348208143,-0.8506629667125247
11370.655,-0.932273927223498,-0.9299230497036568,-0.22972748751046712,-0.932273927223498,-0.0034856345131076484,-0.0034856345131076484,5.9,0.0012792484185851676,0.2627307609606032,1.0,3.6201946594101133,0.4454847120924321,0.3152950975916199,0.31471515715447834,0.0,5.9,0.940404294520363,0.20309773376081755,-0.9182110583594394
11370.998,-0.93341792987671,-0.9301934216139784,-0.23004745540144977,-0.93341792987671,-0.004780962510176701,-0.004780962510176701,5.95,0.003055326601587176,0.6435888900755056,1.0,3.650874275167826,0.5489490047373107,0.3889447941346027,0.38738476598554494,0.0,5.95,1.0298339723495662,0.504856176082605,-0.8975958177690764
11371.341,-0.934553405166564,-0.9304637935243019,-0.23036741061877208,-0.934553405166564,-0.006063647027616657,-0.006063647027616657,6.0,0.004283293639248514,0.925191426077679,1.0,3.6815538909255388,0.7352732026843029,0.6375471760181052,0.36627896600401594,0.0,6.0,1.1215238551810787,0.8052672722712577,-0.7806153841355148
11371.683,-0.934869455763246,-0.9307333771783259,-0.2306864204037522,-0.934869455763246,-0.0061325433344977505,-0.0061325433344977505,6.050000000000001,0.005139125808045019,1.1380343569532556,1.0,3.7122335066832517,0.9145829672691482,0.9083614052728956,0.10649676722553751,0.0,6.050000000000001,1.2150825151271458,1.074294227676275,-0.5677300687379049
11372.021,-0.934277274913548,-0.930999807807158,-0.23100168670045473,-0.934277274913548,-0.004859484326678015,-0.004859484326678015,6.1000000000000005,0.005635694687744867,1.279195615919018,1.0,3.7429131224409646,1.0480260087947655,0.985825297829702,-0.3556782215279216,0.0,6.1000000000000005,1.3101833840901307,1.282361350690044,-0.26857003965869486
11372.364,-0.934763417659582,-0.9312701797174796,-0.23132160411847913,-0.934763417659582,-0.005179406681430122,-0.005179406681430122,6.15,0.005443461791102499,1.266194801602942,1.0,3.773592738198677,1.1207500613438997,0.7571604822048564,-0.826310295342896,0.0,6.15,1.4065460459879389,1.403102674231097,0.09835987520248661
11372.724,-0.934667728333724,-0.9315539519848741,-0.2316573638703865,-0.934667728333724,-0.004616780847171783,-0.004616780847171783,6.2,0.003004363924658809,0.7160240454360848,1.0,3.80427235395639,1.1315431643264686,0.2912546725304134,-1.093416960021729,0.0,6.2,1.5039233968861117,1.4159639688499124,0.5067855785440872
11373.067,-0.935425152795724,-0.9318243238951958,-0.2319772553129411,-0.935425152795724,-0.00533893126525988,-0.00533893126525988,6.25,0.0002513910846600042,0.061374776528321344,1.0,3.834951969714103,1.089856846067021,-0.22041719964079864,-1.0673350940644941,0.0,6.25,1.6020927453958353,1.3084231222858185,0.9245161425944899
11373.41,-0.935626481689847,-0.9320946958055192,-0.23229713408183272,-0.935626481689847,-0.005236561525396237,-0.005236561525396237,6.300000000000001,-0.00201465841285225,-0.5037592921584667,1.0,3.865631585471816,1.0146794482955273,-0.6018224596839842,-0.8169358051972228,0.0,6.300000000000001,1.7008495808860067,1.0776187296526267,1.315913055753291
11373.753,-0.93612538818523,-0.9323650677158426,-0.2326170001770631,-0.93612538818523,-0.005575408628403178,-0.005575408628403178,6.3500000000000005,-0.0041003553373445785,-1.0498872708719877,1.0,3.8963112012295285,0.9331429089342511,-0.7955255035543222,-0.4877446685397169,0.0,6.3500000000000005,1.8000031683783417,0.7312204443346155,1.6447881529118442
11374.096,-0.936854359596608,-0.9326354396261642,-0.23293685359862337,-0.936854359596608,-0.006255371848556048,-0.006255371848556048,6.4,-0.006583392501492053,-1.725796843911133,1.0,3.9269908169872414,0.8757840242892634,-0.8566537664743349,-0.1820493932580739,0.0,6.4,1.89937340998693,0.2874339188846152,1.8774986265880491
11374.439,-0.937094667104268,-0.9329058115364877,-0.23325669434652596,-0.937094667104268,-0.006210795506889985,-0.006210795506889985,6.45,-0.007656116027784665,-2.0544125074461297,1.0,3.9576704327449543,0.8645046666729259,-0.8590603676527252,0.0968690013762475,0.0,6.45,1.998788595945612,-0.22589664638593915,1.9859825166485774
11374.776,-0.936879236207809,-0.9331714539090203,-0.2335709278694793,-0.936879236207809,-0.005497510541774356,-0.005497510541774356,6.5,-0.008732368091382368,-2.3981265870958826,1.0,3.988350048502667,0.898712617222239,-0.8060942227102602,0.3973618910610177,0.0,6.5,2.098083788463875,-0.7730499252509486,1.95047414658191
11375.119,-0.937573603881442,-0.9334418258193438,-0.23389074349174788,-0.937573603881442,-0.006126166970503563,-0.006126166970503563,6.550000000000001,-0.008298901910412146,-2.3320858368350446,1.0,4.01902966426038,0.9566675574122473,-0.6278118061919896,0.7218484268951947,0.0,6.550000000000001,2.1970996612809923,-1.3129400733919214,1.7616569715136563
11375.474,-0.937468604234743,-0.9337216568052451,-0.23422173465224994,-0.937468604234743,-0.005555580488063894,-0.005555580488063894,6.6000000000000005,-0.008385116346022962,-2.410687409016218,1.0,4.049709280018092,1.0108424787568946,-0.26630279058768996,0.97513349885264,0.0,6.6000000000000005,2.2956816711337433,-1.8022007175991475,1.422050248291014
11375.817,-0.937898939315683,-0.9339920287155667,-0.23454152448379517,-0.937898939315683,-0.005792757092811581,-0.005792757092811581,6.65,-0.006861665040718104,-2.01787588204999,1.0,4.080388895775806,1.0393988221511232,0.2297870186788244,1.0136803428772998,0.0,6.65,2.3936794735177784,-2.198606656175323,0.946483065544184
11376.154,-0.938644198489436,-0.9342576710881012,-0.2348557079810618,-0.938644198489436,-0.006503882560337682,-0.006503882560337682,6.7,-0.005659876794089743,-1.7022815242208136,1.0,4.111068511533518,1.0292051970310354,0.6929001644103194,0.7610208274126568,0.0,6.7,2.4909465199379834,-2.4645637141103496,0.36158023215014096
11376.498,-0.938954836871894,-0.9345288312547222,-0.23517640492706615,-0.938954836871894,-0.006562416716403138,-0.006562416716403138,6.75,-0.004343336572400299,-1.3357795899149232,1.0,4.1417481272912315,0.975192480984928,0.9305008339201954,0.29183655193165897,0.0,6.75,2.587339791076272,-2.5703827045818035,-0.2957362785884426
11376.841,-0.938753445686954,-0.9347992031650456,-0.23549615692237058,-0.938753445686954,-0.005862935899992186,-0.005862935899992186,6.800000000000001,-0.0020246950542848496,-0.636628915308894,1.0,4.172427743048944,0.8792417493309126,0.8575922539534822,-0.19391126765990055,0.0,6.800000000000001,2.682719632413911,-2.4970620460480304,-0.9806455854820617
11377.19,-0.938774333714997,-0.935074304613158,-0.23582148923888813,-0.938774333714997,-0.005486014914866263,-0.005486014914866263,6.8500000000000005,-0.0007554964947756962,-0.2428310222913714,1.0,4.2031073588066565,0.7498061242569044,0.5607242158539308,-0.497792705579496,0.0,6.8500000000000005,2.7769496674509013,-2.238335078402423,-1.6435648853479714
11377.527,-0.93936431931065,-0.9353399469856907,-0.23613562289198065,-0.93936431931065,-0.005966917013363197,-0.005966917013363197,6.9,0.0005964336633115936,0.19593382630082837,1.0,4.23378697456437,0.603537730936015,0.23524609299156637,-0.5558030841904325,0.0,6.9,2.8698967698482134,-1.8017904171969885,-2.2337991767574614
11377.876,-0.938787618378271,-0.935615048433803,-0.23646092941777663,-0.938787618378271,-0.004703953821648838,-0.004703953821648838,6.95,0.0021033501899453896,0.7060996542213684,1.0,4.264466590322082,0.4719756970484532,0.038568945913322536,-0.47039716731237713,0.0,6.95,2.961431080308827,-1.2089429304046695,-2.703429495001428
11378.231,-0.939808792942872,-0.9358948794197044,-0.2367918151446684,-0.939808792942872,-0.005803140292308092,-0.005803140292308092,7.0,0.0007563259643309713,0.25941980576552315,1.0,4.295146206079795,0.4115658812000441,-0.0255284535509975,-0.41077338354287685,0.0,7.0,3.0514260573076664,-0.4942138037345406,-3.0111382730479925
11378.585,-0.940352729034618,-0.9361739221493082,-0.23712175528043833,-0.940352729034618,-0.0061958963749126515,-0.0061958963749126515,7.050000000000001,0.002253958272185801,0.7897928952143695,1.0,4.325825821837508,0.46703438944031744,-0.09445849914966944,-0.4573824579695662,0.0,7.050000000000001,3.1397585532212684,0.29713567928567053,-3.125666994518379
11378.929,-0.940180651253506,-0.9364450823159309,-0.2374423621404338,-0.940180651253506,-0.0055387096541652985,-0.0055387096541652985,7.1000000000000005,0.004158476376099308,1.4883644382460797,1.0,4.356505437595221,0.6034227640413984,-0.30854049241306747,-0.5185767028173007,0.0,7.1000000000000005,3.226308909233881,1.111987468453195,-3.0286223019394427
11379.272,-0.940399192902756,-0.9367154542262544,-0.23776202431160343,-0.940399192902756,-0.005461861181500813,-0.005461861181500813,7.15,0.004703066333368934,1.7190924366877214,1.0,4.387185053352934,0.7660586301109236,-0.6545418359699482,-0.39802111719419375,0.0,7.15,3.3109610637754976,1.8930619452293231,-2.7163909213075255
11379.621,-0.940690804197055,-0.936990555674365,-0.2380872652327195,-0.940690804197055,-0.005486340249080759,-0.005486340249080759,7.2,0.006761574605680204,2.5237441984209252,1.0,4.417864669110647,0.9253318814317609,-0.924947541560411,0.026667136242837987,0.0,7.2,3.3936026702982627,2.5830584290284535,-2.2009880136158295
11379.965,-0.940851435897962,-0.9372617158409877,-0.23840783370147633,-0.940851435897962,-0.005322460237668911,-0.005322460237668911,7.25,0.008326993285822796,3.17323498824894,1.0,4.448544284868359,1.0677378073286485,-0.8464071974419815,0.6508908367133471,0.0,7.25,3.474125221006064,3.128933041271459,-1.5097430491544481
11380.314,-0.941592214675308,-0.9375368172891001,-0.2387330485687018,-0.941592214675308,-0.006012917718779122,-0.006012917718779122,7.300000000000001,0.010201095690671898,3.968399642298111,1.0,4.479223900626073,1.1876680888813456,-0.298848681639758,1.1494541986652824,0.0,7.300000000000001,3.552424173779862,3.4859881395837915,-0.6838159117311267
11380.663,-0.941423295939389,-0.9378119187372125,-0.23905825031499006,-0.941423295939389,-0.005354571180129768,-0.005354571180129768,7.3500000000000005,0.011801807509534709,4.686089124451216,1.0,4.509903516383785,1.284052218670381,0.537076392215993,1.1663357360539808,0.0,7.3500000000000005,3.6283990800332173,3.6214550297394887,0.22437324163201264
11381.018,-0.941497730395203,-0.9380917497231138,-0.2393890294610097,-0.941497730395203,-0.005050030757201516,-0.005050030757201516,7.4,0.011536397678524822,4.674825212882543,1.0,4.540583132141498,1.3586553416487903,1.2327223039730746,0.5712618127252211,0.0,7.4,3.701953711621889,3.517284259003048,1.1546309905595207
11381.372,-0.941201666116647,-0.9383707924527176,-0.23971886331613312,-0.941201666116647,-0.004197322430437141,-0.004197322430437141,7.45,0.009809802006929704,4.056290592377639,1.0,4.571262747899211,1.4147461004792201,1.3570766852253966,-0.39981170472962624,0.0,7.45,3.772996185242603,3.1719132505478664,2.043151131182934
11381.716,-0.941636624744324,-0.9386419526193404,-0.24003936689776317,-0.941636624744324,-0.004440185601412956,-0.004440185601412956,7.5,0.008491143215304933,3.582201043956769,1.0,4.601942363656923,1.4558127628033306,0.7641144753853674,-1.2391609535680228,0.0,7.5,3.8414390830075416,2.6008552699761314,2.8270490079047454
11382.06,-0.942542238288042,-0.9389131127859596,-0.2403598577317183,-0.942542238288042,-0.005380886496933272,-0.005380886496933272,7.550000000000001,0.005118965505461341,2.203043425749204,1.0,4.632621979414636,1.4844170398099674,-0.2754272208754884,-1.4586410778800216,0.0,7.550000000000001,3.9071995680864817,1.8360411086532002,3.448936287058767
11382.403,-0.942673510239482,-0.939183484696283,-0.24067940421413514,-0.942673510239482,-0.005174643673407289,-0.005174643673407289,7.6000000000000005,0.0024685955388805652,1.0836541952756353,1.0,4.663301595172349,1.5014461321902175,-1.2033693054103225,-0.8979102419870497,0.0,7.6000000000000005,3.9701994944781838,0.923938723629024,3.861194279097284
11382.752,-0.942632910261775,-0.9394585861443971,-0.24100452742279277,-0.942632910261775,-0.0047065547251775005,-0.0047065547251775005,7.65,-0.0013321358422698844,-0.5963933866936808,1.0,4.693981210930062,1.5059927431834303,-1.4979852395599231,0.15509469553067648,0.0,7.65,4.030365510114521,-0.07743086911366731,4.02962164546859
11383.096,-0.942767363131427,-0.9397297463110164,-0.24132497986550838,-0.942767363131427,-0.004503859489683112,-0.004503859489683112,7.7,-0.004635307960189577,-2.1161710489892283,1.0,4.724660826687775,1.4958944800443827,-0.9910235189557116,1.1205233956968024,0.0,7.7,4.08762915262099,-1.1023781347193764,3.9361751151910944
11383.44,-0.942738207948352,-0.9400009064776391,-0.2416454195605544,-0.942738207948352,-0.0040585834006960355,-0.0040585834006960355,7.75,-0.0070540482543455215,-3.283549242893866,1.0,4.755340442445488,1.4687260320400453,0.02647007268429839,1.468487484605907,0.0,7.75,4.141926937160291,-2.0820563529890563,3.580586557500313
11383.795,-0.94240672537778,-0.9402807374635405,-0.24197609250812313,-0.94240672537778,-0.003152191803179842,-0.003152191803179842,7.800000000000001,-0.008701527186186383,-4.129327129259122,1.0,4.7860200582032,1.422902699880154,0.9796862305315134,1.0319239230840547,0.0,7.800000000000001,4.193200435875225,-2.9492759983933765,2.980721553705566
11384.15,-0.942710453884946,-0.9405605684494436,-0.2423067518797284,-0.942710453884946,-0.0031876245401848643,-0.0031876245401848643,7.8500000000000005,-0.010792938731205449,-5.220939755665107,1.0,4.816699673960914,1.3585640101809682,1.3553047384590173,0.09404911307146148,0.0,7.8500000000000005,4.24139634852599,-3.643272501729639,2.1716372771322257
11384.499,-0.943120182784055,-0.940835669897556,-0.2426318094085147,-0.943120182784055,-0.003387235998308407,-0.003387235998308407,7.9,-0.011195565528267191,-5.519850432491328,1.0,4.847379289718626,1.2779994571311644,0.9975055943408253,-0.7989150153090802,0.0,7.9,4.286466563987321,-4.1140780969298065,1.203393957332214
11384.843,-0.942985487530895,-0.941106830064177,-0.2429521971123334,-0.942985487530895,-0.002785476167529983,-0.002785476167529983,7.95,-0.011130881079770559,-5.59282111598138,1.0,4.878058905476339,1.185478383400608,0.17342389310081427,-1.1727246696526326,0.0,7.95,4.328368212334325,-4.326175170680286,0.13776710106420298
11385.186,-0.943018135264939,-0.9413772019744986,-0.24327164076440866,-0.943018135264939,-0.0024330037029121486,-0.0024330037029121486,8.0,-0.012150071188234923,-6.22083644837628,1.0,4.908738521234052,1.0864318657450733,-0.6191959996190548,-0.892709646504439,0.0,8.0,4.367063707304023,-4.261159612659108,-0.9559101312858068
11385.53,-0.943291416297819,-0.9416483621411214,-0.24359200300994477,-0.943291416297819,-0.002436148300859634,-0.002436148300859634,8.05,-0.010470744813456901,-5.46217004823103,1.0,4.9394181369917645,0.9860557983028697,-0.964724891810738,-0.20399000094972666,0.0,8.05,4.402520778973076,-3.919214250517909,-2.0054797101509267
11385.874,-0.943447571206727,-0.9419195223077406,-0.24391235250780774,-0.943447571206727,-0.0022656305720184376,-0.0022656305720184376,8.1,-0.00942789285091073,-5.010368804580848,1.0,4.970097752749477,0.8876444667534351,-0.758966796247285,0.4603065299907467,0.0,8.1,4.434712496542243,-3.3192791136712096,-2.9409286105810195
11386.218,-0.943966529402153,-0.9421906824743633,-0.24423268925800112,-0.943966529402153,-0.0026330394881303354,-0.0026330394881303354,8.15,-0.008750849264012617,-4.737214274696856,1.0,5.00077736850719,0.7913129043521879,-0.22140632799033924,0.759707411126237,0.0,8.15,4.46361728116523,-2.497900427776899,-3.699239473949864
11386.567,-0.943691292510123,-0.9424657839224739,-0.24455766903866305,-0.943691292510123,-0.0018170555433733558,-0.0018170555433733558,8.200000000000001,-0.004620153005100772,-2.5474045221164032,1.0,5.031456984264903,0.6939572052792802,0.2917362677194558,0.6296559003584029,0.0,8.200000000000001,4.489218908804205,-1.5068366953852739,-4.228774004910361
11386.917,-0.943916177177183,-0.9427416736268857,-0.24488356681609957,-0.943916177177183,-0.0017414306258543286,-0.0017414306258543286,8.25,-0.0016046512172870685,-0.901036731181959,1.0,5.062136600022616,0.5910078610261642,0.5289882929826962,0.2635558340882913,0.0,8.25,4.511506503137016,-0.4095907012422433,-4.492875068962354
11387.255,-0.944062857255645,-0.9430081042557159,-0.24519827843012454,-0.944062857255645,-0.0015638770749762249,-0.0015638770749762249,8.3,0.0008682483443994296,0.4964531160991168,1.0,5.092816215780329,0.48014772183623156,0.47547963646522684,-0.06679034429780163,0.0,8.3,4.530474518582177,0.7228859749663145,-4.472430573046317
11387.593,-0.944300805295922,-0.9432745348845497,-0.24551297773728908,-0.944300805295922,-0.0015216460812905264,-0.0015216460812905264,8.35,0.00337916356772391,1.967291160952763,1.0,5.123495831538041,0.3684856127425914,0.30308782697656617,-0.20956959688109852,0.0,8.35,4.54612271354736,1.8170101016822497,-4.167218018896524
11387.937,-0.944752923534289,-0.9435456950511689,-0.245833250786184,-0.944752923534289,-0.001789951722475989,-0.001789951722475989,8.4,0.007104296701675054,4.210745072269612,1.0,5.154175447295755,0.2898801987640086,0.19882047854979826,-0.21095247555952112,0.0,8.4,4.5584561140456445,2.8015632955960172,-3.5959373248777995
11388.281,-0.944357399186276,-0.9438168552177917,-0.24615351108741113,-0.944357399186276,-0.000801461878170712,-0.000801461878170712,8.450000000000001,0.008131176292329022,4.905954363550046,1.0,5.184855063053467,0.3131410986115096,0.2097879549167225,-0.23247873367575456,0.0,8.450000000000001,4.567484967861259,3.6125144459370744,-2.7949344016514095
11388.625,-0.944651037840762,-0.9440880153844109,-0.24647375864096688,-0.944651037840762,-0.0008347906213525649,-0.0008347906213525649,8.5,0.009332135826338179,5.731097914349934,1.0,5.21553467881118,0.4434060537450323,0.21806238065689068,-0.38607994850806715,0.0,8.5,4.573224689483185,4.197329419676944,-1.815711927375316
11388.969,-0.945112771721415,-0.9443591755510319,-0.24679399344685127,-0.945112771721415,-0.0011173533279651236,-0.0011173533279651236,8.55,0.009951236631058053,6.219785358277429,1.0,5.246214294568893,0.621395237176542,0.05540070057153788,-0.6189206759851166,0.0,8.55,4.5756957960609,4.518468752108583,-0.721409837961548
11389.319,-0.945019553231114,-0.9446350652554436,-0.2471198006604114,-0.945019553231114,-0.000570078426698322,-0.000570078426698322,8.6,0.009023200659069237,5.739260918404942,1.0,5.2768939103266055,0.809230165112725,-0.3359647972917201,-0.7361936668493567,0.0,8.6,4.574923834671706,4.555834736794615,0.4174900526513317
11389.674,-0.945638666586559,-0.9449148962413467,-0.2474502487823811,-0.945638666586559,-0.0010731307239716591,-0.0010731307239716591,8.65,0.008105915976814466,5.2462673692154835,1.0,5.307573526084319,0.985661296056434,-0.8213502623053801,-0.5448962627459768,0.0,8.65,4.57093930122373,4.30800664382797,1.5279282876515328
11390.018,-0.944987255188775,-0.9451860564079677,-0.24777044471528065,-0.944987255188775,0.00029476158796768283,0.00029476158796768283,8.700000000000001,0.006713506946093777,4.420864464523593,1.0,5.338253141842031,1.1356877096575644,-1.1356162440519533,-0.012740491065043425,0.0,8.700000000000001,4.563777551352784,3.792190785827397,2.539164150289894
11390.362,-0.945618400145737,-0.9454572165745869,-0.24809062790051062,-0.945618400145737,-0.00023898608660157753,-0.00023898608660157753,8.75,0.0034728588435718453,2.326544108095982,1.0,5.368932757599744,1.2479019576156214,-1.0498650245179173,0.6745685481216074,0.0,8.75,4.55347870370481,3.0429041840327726,3.3874625358650223
11390.707,-0.945814992986293,-0.9457291649975073,-0.2484117290475023,-0.945814992986293,-0.00012725673599637963,-0.00012725673599637963,8.8,0.0027690917641931497,1.8870585027282347,1.0,5.399612373357457,1.3141990997757251,-0.5291447758137486,1.2029651200597398,0.0,8.8,4.540087536028841,2.1094998417989053,4.020249401747959
11391.051,-0.946224975179906,-0.9460003251641282,-0.24873188670033652,-0.946224975179906,-0.00033308747127669825,-0.00033308747127669825,8.85,0.0006849979202358024,0.47480913402786734,1.0,5.43029198911517,1.3299862684800619,0.2266739737055246,1.3105275212638865,0.0,8.85,4.523653374538075,1.0527216218907283,4.399456448218742
11391.389,-0.946450260303387,-0.9462667557929585,-0.2490464477919634,-0.946450260303387,-0.00027208123326800666,-0.00027208123326800666,8.9,0.0006065666230226313,0.42761066566564143,1.0,5.460971604872882,1.2943457133779865,0.88767083210975,0.9420038851095852,0.0,8.9,4.504229977029077,-0.059458224140238075,4.503837519887839
11391.728,-0.946098445131297,-0.9465339746780881,-0.24936192717617622,-0.946098445131297,0.0006457575126566154,0.0006457575126566154,8.950000000000001,0.0010750480513280584,0.7707206269569772,1.0,5.491651220630596,1.2099782056312862,1.1772630320298325,0.27946200371183294,0.0,8.950000000000001,4.481875410280966,-1.1564201558798908,4.330115427601891
11392.083,-0.946239974217776,-0.9468138056639912,-0.24969228317280567,-0.946239974217776,0.0008508170573554518,0.0008508170573554518,9.0,-0.0006827072013402976,-0.4976935497770769,1.0,5.522330836388308,1.0828843820716678,1.0189769535889455,-0.3665031418546504,0.0,9.0,4.456651922288183,-2.169574975728684,3.8929026164453226
11392.439,-0.946064579293088,-0.9470944249061919,-0.2500235561163251,-0.946064579293088,0.0015269470152788078,0.0015269470152788078,9.05,-0.0018995425314933655,-1.4079744037800006,1.0,5.553010452146021,0.9218045802209217,0.5598322809299218,-0.7323329170159367,0.0,9.05,4.4286258099115585,-3.0368159999955586,3.2234259951774575
11392.783,-0.946911203905519,-0.9473655850728129,-0.25034364958611643,-0.946911203905519,0.0006737087174719165,0.0006737087174719165,9.1,-0.0029637522081198404,-2.233397715225076,1.0,5.583690067903734,0.737481605038899,0.06538660922736896,-0.7345772315451236,0.0,9.1,4.3978672825633485,-3.706446794977704,2.3671689401140417
11393.127,-0.946596851671269,-0.9476367452394339,-0.2506637303082382,-0.946596851671269,0.0015418450687295462,0.0015418450687295462,9.15,-0.004183766192628497,-3.205019590320405,1.0,5.6143696836614465,0.5418688028936038,-0.23967673315400326,-0.48598031146742143,0.0,9.15,4.364450322572356,-4.140329187275731,1.3806161085524915
11393.466,-0.94748235535731,-0.9479039641245635,-0.2509791462231945,-0.94748235535731,0.0006251172414404818,0.0006251172414404818,9.200000000000001,-0.004979128510752021,-3.8771876217804704,1.0,5.64504929941916,0.3476182230831703,-0.2855549246631861,-0.1982342402818011,0.0,9.200000000000001,4.328452542905318,-4.316056898528653,0.3273442604456892
11393.816,-0.947856439392468,-0.9481798538289752,-0.25130478388398725,-0.947856439392468,0.00047952499116281366,0.00047952499116281366,9.25,-0.005358933030237568,-4.241344293447243,1.0,5.675728915176872,0.17007264096399116,-0.16448079360229734,-0.04325241889680978,0.0,9.25,4.289955042950268,-4.228032901789678,-0.7262589427458961
11394.166,-0.948330888082854,-0.9484557435333851,-0.25163040834854566,-0.948330888082854,0.00018512256119160793,0.00018512256119160793,9.3,-0.005445955168220377,-4.380492161244239,1.0,5.706408530934585,0.07409727659928397,-0.04173704104062194,-0.061224388968810745,0.0,9.3,4.249042263096561,-3.8874078524815174,-1.7153484608224003
11394.505,-0.948197251381108,-0.9487229624185147,-0.25194578632071707,-0.948197251381108,0.0007794691643613572,0.0007794691643613572,9.35,-0.005332802134800117,-4.359034464786416,1.0,5.737088146692298,0.16816792411849474,-0.038238639639376015,-0.16376280756280942,0.0,9.35,4.205801838874411,-3.320916808423223,-2.580751956196389
11394.855,-0.948032991911964,-0.9489988521229247,-0.25227138480754263,-0.948032991911964,0.00143207617485295,0.00143207617485295,9.4,-0.004954096352340808,-4.114793164712638,1.0,5.767767762450011,0.26886944950758224,-0.16041269394009894,-0.21577429990939714,0.0,9.4,4.1603244554440755,-2.568726162513242,-3.27260530412484
11395.21,-0.948712679402721,-0.9492786831088278,-0.2526016212209683,-0.948712679402721,0.0008392109056732321,0.0008392109056732321,9.450000000000001,-0.003936560847915394,-3.322097652393115,1.0,5.798447378207723,0.3406663959923696,-0.31330749299179705,-0.13376101148550357,0.0,9.450000000000001,4.112703703250787,-1.6814670787257922,-3.753265273584334
11395.566,-0.949265250074373,-0.9495593023510303,-0.2529327742444316,-0.949265250074373,0.0004359898614554773,0.0004359898614554773,9.5,-0.002338187403997175,-2.0047034255020777,1.0,5.829126993965437,0.3816275704815578,-0.3764316193449759,0.06276016657861552,0.0,9.5,4.063035935686007,-0.7166814929761323,-3.9993285251778663
11395.916,-0.948773255784854,-0.9498351920554402,-0.25325833272781395,-0.948773255784854,0.001574527674978977,0.001574527674978977,9.55,-0.0008301000593613587,-0.7230037663402864,1.0,5.859806609723149,0.3947419368238429,-0.2862652197360234,0.2717966531378284,0.0,9.55,4.011420129617832,0.26506112061833115,-4.00265337727859
11396.266,-0.949142997286036,-0.9501110817598502,-0.2535838780149611,-0.949142997286036,0.0014353740784241896,0.0014353740784241896,9.600000000000001,0.0006377854622413171,0.5642717587215342,1.0,5.890486225480862,0.38566851404038627,-0.07377480550190961,0.3785465371592706,0.0,9.600000000000001,3.9579577496729437,1.2041051472465327,-3.7703528140706566
11396.616,-0.949161478159029,-0.9503869714642619,-0.2539094101058774,-0.949161478159029,0.0018170328842103036,0.0018170328842103036,9.65,0.0021563117763446615,1.937731033739128,1.0,5.921165841238575,0.36201421565774367,0.15931941093306587,0.32507171153182834,0.0,9.65,3.902752617168419,2.0454438897421623,-3.323798622770549
11396.961,-0.949676267294677,-0.9506589198871804,-0.25423027882354265,-0.949676267294677,0.0014569741562103812,0.0014569741562103812,9.700000000000001,0.0032283598341914742,2.9464368549510365,1.0,5.9518454569962875,0.33279128119578694,0.30239824583320324,0.13894364957397262,0.0,9.700000000000001,3.8459107846028817,2.742008538430354,-2.69674228251418
11397.306,-0.949643863718429,-0.9509308683101008,-0.25455113471931856,-0.949643863718429,0.0019082353654741185,0.0019082353654741185,9.75,0.0029105492077463615,2.697669819598538,1.0,5.982525072754001,0.3075987326473333,0.2945159900047305,-0.08875422219691352,0.0,9.75,3.7875404166214652,3.257311718627637,-1.9327138368708827
11397.661,-0.949982477137855,-0.9512106992960039,-0.2548812774012328,-0.949982477137855,0.0018210789409805147,0.0018210789409805147,9.8,0.003843359273439491,3.6173390012870623,1.0,6.013204688511713,0.29481227474086813,0.14836872693643463,-0.25475674319857916,0.0,9.8,3.7277516783660407,3.567298804253678,-1.0819019441387074
11398.017,-0.950426839298771,-0.9514913185382046,-0.2552123364291514,-0.950426839298771,0.0015782981223567728,0.0015782981223567728,9.850000000000001,0.0039061685127922286,3.733014410143984,1.0,6.043884304269426,0.2987184717092039,-0.06534953765410621,-0.291482698060583,0.0,9.850000000000001,3.666656632108811,3.661320536843928,-0.19774423954295478
11398.368,-0.95115046222391,-0.9517679964989139,-0.25553873238534397,-0.95115046222391,0.0009156150262246955,0.0009156150262246955,9.9,0.0031970671816027004,3.102111089241919,1.0,6.074563920027139,0.31804285476884536,-0.25567094958697306,-0.18916559678443734,0.0,9.9,3.6043691430406035,3.5422040158404275,0.6665340422418056
11398.707,-0.951141517681009,-0.9520352153840435,-0.2558539569065248,-0.951141517681009,0.0013250811799810287,0.0013250811799810287,9.950000000000001,0.0027494796928026694,2.708443364702629,1.0,6.105243535784852,0.3480288442775445,-0.3478908743978642,0.009798773385112479,0.0,9.950000000000001,3.5410047950415784,3.2254611627060448,1.4612033555882702
11399.051,-0.951394992873111,-0.9523063755506627,-0.256173818101896,-0.951394992873111,0.0013513026045427713,0.0013513026045427713,10.0,0.0012000696897280867,1.2000696897280867,1.0,6.135923151542564,0.3835686710368303,-0.3053238804813732,0.23216858833347004,0.0,10.0,3.4766808171966024,2.737729975469728,2.1429288569799407
11399.396,-0.951494345457424,-0.952578323973583,-0.25649459632301674,-0.951494345457424,0.0016072096038616303,0.0016072096038616303,10.05,0.0004791549150001995,0.48637823523819196,1.0,6.166602767300278,0.42052067791432746,-0.13600069950699406,0.39792141219986366,0.0,10.05,3.4115160217247973,2.114590586647639,2.6771156525907096
11399.746,-0.951700581619473,-0.952854213677993,-0.25682001040188585,-0.951700581619473,0.0017104845678545197,0.0017104845678545197,10.100000000000001,0.0005809730823587213,0.5985771477272732,1.0,6.19728238305799,0.455504461099725,0.1101837658010284,0.4419772073712116,0.0,10.100000000000001,3.3456307538654597,1.3979325004337702,3.03957725110604
11400.085,-0.95167800333607,-0.9531214325631225,-0.25713518460049034,-0.95167800333607,0.0021401654014635728,0.0021401654014635728,10.15,0.000509700294012779,0.5329825751803051,1.0,6.227961998815704,0.48538009788634734,0.3519060180856049,0.3342992579400888,0.0,10.15,3.279146854092071,0.6330696421285525,3.217456591613499
11400.436,-0.951992235374854,-0.9533981105238318,-0.2574615023630136,-0.951992235374854,0.0020844841549756713,0.0020844841549756713,10.200000000000001,-3.6854914360873234e-05,-0.039110729959073574,1.0,6.258641614573416,0.5070050978331877,0.49773160770594266,0.0965267627101308,0.0,10.200000000000001,3.2121876328020242,-0.13419464846133355,3.2093833028559566
11400.792,-0.952229704973421,-0.9536787297660325,-0.2577924549700299,-0.952229704973421,0.002148461918941936,0.002148461918941936,10.25,0.0007257526031791213,0.7815561744329409,1.0,6.2893212303311286,0.5173550901362336,0.4795510245638217,-0.19413166699345907,0.0,10.25,3.1448778573392766,-0.8603593513549791,3.0249030602845637
11401.148,-0.953135818927445,-0.9539593490082332,-0.2581233939244907,-0.953135818927445,0.0012210439922754803,0.0012210439922754803,10.3,4.3150886187398046e-05,0.04715213841089692,1.0,6.320000846088842,0.5138994735094821,0.2885639873608546,-0.42523345831640225,0.0,10.3,3.077343750835688,-1.5067025356237158,2.6832614538938477
11401.493,-0.952730787100183,-0.9542312974311535,-0.2584440942108035,-0.952730787100183,0.0022247992729365123,0.0022247992729365123,10.350000000000001,-0.0008944082902576445,-0.9916464589568392,1.0,6.350680461846554,0.495101138897312,-0.006648561742922478,-0.49505649613368974,0.0,10.350000000000001,3.009713001886677,-2.0413036198018477,2.2116626970470854
11401.837,-0.952981714006434,-0.9545024575977745,-0.25876385216486586,-0.952981714006434,0.0022547990283737418,0.0022547990283737418,10.4,-0.00047531603920915723,-0.5346659011289695,1.0,6.381360077604267,0.4609692404768524,-0.27924483201288486,-0.366762817717257,0.0,10.4,2.942114783488493,-2.44051129683883,1.6431506349764753
11402.182,-0.953392953877153,-0.9547744060206949,-0.25908452684455785,-0.953392953877153,0.0020482722851769305,0.0020482722851769305,10.450000000000001,-0.00019863156639946653,-0.22667161493075952,1.0,6.41203969336198,0.41370557144133124,-0.4015718038665268,-0.09946047547132549,0.0,10.450000000000001,2.874679778935313,-2.6898012646931573,1.014274611668197
11402.527,-0.95365342205021,-0.9550463544436134,-0.2594051887023525,-0.95365342205021,0.002065293995069816,0.002065293995069816,10.5,-0.0017456135925348899,-2.020765935058202,1.0,6.442719309119693,0.3586594999623585,-0.3156779335691449,0.1702471120776019,0.0,10.5,2.8075402114809145,-2.7840127026094885,0.3627055428185659
11402.872,-0.953724504797352,-0.955318302866532,-0.2597258377382561,-0.953724504797352,0.002363116542640266,0.002363116542640266,10.55,-0.00202125484719378,-2.37344107099424,1.0,6.473398924877405,0.3059418499328203,-0.07527061854831471,0.29653793943384454,0.0,10.55,2.7408298734870047,-2.726994802967406,-0.27504134232429256
11403.211,-0.954193464976801,-0.9555855217516616,-0.26004089777984074,-0.954193464976801,0.0020639957197714767,0.0020639957197714767,10.600000000000001,-0.0020421738384356425,-2.4322617163582665,1.0,6.504078540635119,0.27187745613368314,0.17352066568325583,0.20930343937585583,0.0,10.600000000000001,2.674684149485234,-2.530731742089165,-0.8656397340059486
11403.562,-0.954133196986066,-0.9558621997123709,-0.26036709734438546,-0.954133196986066,0.0025635838214457165,0.0025635838214457165,10.65,-0.0013460473666427244,-1.6259574117683167,1.0,6.534758156392831,0.27361266515850985,0.27129312260287713,-0.03555182363146938,0.0,10.65,2.609240026052994,-2.214043966256347,-1.3806313153919454
11403.918,-0.954625899750542,-0.9561428189545715,-0.26069793006969455,-0.954625899750542,0.0022491286281550917,0.0022491286281550917,10.700000000000001,-0.001575251471720676,-1.9297507886711125,1.0,6.565437772150545,0.3129319280551284,0.1432059712390584,-0.27824169600866444,0.0,10.700000000000001,2.544636079633668,-1.800984014043381,-1.7976733181903746
11404.258,-0.954893889612198,-0.9564108260960005,-0.261013881162528,-0.954893889612198,0.0022491542487892806,0.0022491542487892806,10.75,-0.0011759209475903623,-1.4608429184385459,1.0,6.596117387908257,0.3749461036549328,-0.14480872300979453,-0.34585403624403205,0.0,10.75,2.4810124314235944,-1.3190555134589432,-2.1013127414290285
11404.597,-0.954762169244608,-0.9566780449811283,-0.26132889058938424,-0.954762169244608,0.0028406595127473057,0.0028406595127473057,10.8,-0.000611737172966144,-0.7706126576315273,1.0,6.62679700366597,0.44398085792419467,-0.41328591814393567,-0.16221514130015122,0.0,10.8,2.4185106562272964,-0.7973844970179355,-2.2832809196856267
11404.948,-0.955213625137201,-0.9569547229418394,-0.26165503774753684,-0.955213625137201,0.0025815171344840816,0.0025815171344840816,10.850000000000001,-0.00043254298848632644,-0.5524824552885852,1.0,6.657476619423683,0.5100670392842974,-0.47261311118145233,0.19184689651812753,0.0,10.850000000000001,2.357273629809257,-0.2649635237028805,-2.342335009536651
11405.293,-0.955178749119969,-0.9572266713647579,-0.2619755968072024,-0.955178749119969,0.0030364442198074354,0.0030364442198074354,10.9,-2.475279458591218e-05,-0.03205558681979927,1.0,6.6881562351813955,0.5679226238171934,-0.24453089203732245,0.5125824318905562,0.0,10.9,2.29744529685094,0.25092733122813116,-2.2837010238788333
11405.638,-0.955526388519062,-0.9574986197876783,-0.26229614304497506,-0.955526388519062,0.0029242175824554166,0.0029242175824554166,10.950000000000001,0.0004339123758761093,0.569697606200913,1.0,6.718835850939108,0.6153789845594106,0.1747134241473701,0.5900563651551202,0.0,10.950000000000001,2.2391703393227314,0.7260408933492606,-2.118194615630793
11405.977,-0.956008867609148,-0.9577658386728078,-0.26261110207622007,-0.956008867609148,0.0026050523374087664,0.0026050523374087664,11.0,0.0014500630126202043,1.930033869797492,1.0,6.749515466696821,0.6523385575076514,0.5561645403142775,0.34092022191147836,0.0,11.0,2.1825937231445676,1.1401690612519169,-1.8611098495451546
11406.328,-0.956556990728211,-0.9580425166335154,-0.26293719705484,-0.956556990728211,0.002202581938847322,0.002202581938847322,11.05,0.0015798535577949831,2.131589962899315,1.0,6.780195082454534,0.6799703362398083,0.6681515696988317,-0.12622653475028608,0.0,11.05,2.127860099766615,1.4778066082535664,-1.530972316137976
11406.684,-0.955629178732821,-0.958323135875716,-0.26326792370439556,-0.955629178732821,0.003994316979449435,0.003994316979449435,11.100000000000001,0.0009347938320316618,1.2784530232952942,1.0,6.810874698212247,0.6999595203344594,0.41948103565509987,-0.5603382824977885,0.0,11.100000000000001,2.0751130391761654,1.7284712532975237,-1.1482513888008279
11407.035,-0.9556268196903,-0.9585998138364253,-0.26359399195045974,-0.9556268196903,0.004408043768992987,0.004408043768992987,11.15,0.0023249723569697396,3.222867090720481,1.0,6.84155431396996,0.7138261775823662,-0.07359879579201259,-0.7100218511143284,0.0,11.15,2.024494072338637,1.886702669520863,-0.7341180325786357
11407.38,-0.956595811706664,-0.9588717622593439,-0.26391447344696495,-0.956595811706664,0.003374540668151638,0.003374540668151638,11.200000000000001,0.00142633164273905,2.0038932621700885,1.0,6.872233929727672,0.7224429671602614,-0.5439269981901054,-0.4754653104478008,0.0,11.200000000000001,1.9761415247768244,1.9517827925359994,-0.30932063737754073
11407.726,-0.956307512824176,-0.9591444989385636,-0.264235870997652,-0.956307512824176,0.004206385330608101,0.004206385330608101,11.25,0.0008293101977485833,1.1807951839037447,1.0,6.902913545485386,0.7258883106469146,-0.7254950478505144,0.023890899485187956,0.0,11.25,1.9301891294523787,1.9272340255763114,0.10676650278555226
11408.071,-0.956361620248965,-0.9594164473614821,-0.2645563268132065,-0.956361620248965,0.004529377104973979,0.004529377104973979,11.3,-0.0001441588388527012,-0.20800635610404603,1.0,6.933593161243098,0.7236735137875903,-0.5115201041151365,0.5119087200309421,0.0,11.3,1.886764416815422,1.820160122573345,0.4968874045039037
11408.416,-0.956609147802796,-0.9596883957844007,-0.26487676980686725,-0.956609147802796,0.00456558580721943,0.00456558580721943,11.350000000000001,0.0001934148516334592,0.2827986966236573,1.0,6.964272777000811,0.7152438699022132,-0.021455804633140202,0.7149219830724459,0.0,11.350000000000001,1.8459868930921008,1.6404966098064446,0.8464268915159711
11408.761,-0.957155072624384,-0.959960344207321,-0.2651971999786378,-0.957155072624384,0.004159362351121446,0.004159362351121446,11.4,-8.349487413809052e-05,-0.1237013298100432,1.0,6.994952392758524,0.7005604433681523,0.46652239258170386,0.5226296891987908,0.0,11.4,1.8079660344705897,1.400234033726241,1.1437158006227115
11409.112,-0.956826303576845,-0.9602370221680303,-0.26552318969072886,-0.956826303576845,0.005057055646496055,0.005057055646496055,11.450000000000001,-0.0002170533695519868,-0.3258239409203431,1.0,7.0256320085162365,0.680554827247985,0.6785147551052525,0.052655483997338284,0.0,11.450000000000001,1.772799144172142,1.1126689804602454,1.3801393210466244
11409.469,-0.957495903318734,-0.9605184296665286,-0.2658547382625436,-0.957495903318734,0.004481484920303941,0.004481484920303941,11.5,0.000807909906136774,1.2287299784957662,1.0,7.056311624273949,0.657282944762889,0.5048450370728533,-0.42089471132230244,0.0,11.5,1.740569140140214,0.7917259133778985,1.5500809687543344
11409.814,-0.957041690013967,-0.9607903780894489,-0.26617512929966747,-0.957041690013967,0.0055581613352861685,0.0055581613352861685,11.55,0.0008026702660043482,1.2367534428554505,1.0,7.086991240031662,0.6336502951875495,0.06015359230374973,-0.6307885873446212,0.0,11.55,1.711342361229744,0.4513788357012285,1.6507422039859523
11410.154,-0.95728729254895,-0.9610583852308761,-0.2664908644439228,-0.95728729254895,0.005591380534846929,0.005591380534846929,11.600000000000001,-4.2270689319569876e-05,-0.06598014987615937,1.0,7.117670855789375,0.6126619194128422,-0.390922082935452,-0.4717356808341251,0.0,11.600000000000001,1.6851664967141124,0.10518709403663815,1.6818804347800238
11410.5,-0.957837182805441,-0.961331121910094,-0.26681215860032914,-0.957837182805441,0.005180446291688402,0.005180446291688402,11.65,-0.0003289726794130261,-0.5201607857110412,1.0,7.148350471547088,0.5963407875516791,-0.5938907021355033,-0.054001563076967796,0.0,11.65,1.662068754722785,-0.23405427496526496,1.6455063481482632
11410.856,-0.95776704094566,-0.9616117411522946,-0.26714272525420757,-0.95776704094566,0.005700518048980718,0.005700518048980718,11.700000000000001,-0.00025363640201522776,-0.4062273587408151,1.0,7.179030087304801,0.5847502199219218,-0.4506598886051823,0.3726103655309398,0.0,11.700000000000001,1.6420543871118842,-0.554561137925997,1.5455758003202589
11411.202,-0.957767472092877,-0.9618844778315125,-0.2674639932452285,-0.957767472092877,0.006104264119306174,0.006104264119306174,11.75,-3.0164196821760886e-05,-0.04893339697852626,1.0,7.209709703062513,0.5756862565856666,-0.06480364203445672,0.5720272318698543,0.0,11.75,1.6251056792363725,-0.8457241630799243,1.387702817129472
11411.547,-0.957841988473213,-0.9621564262544329,-0.2677843198755685,-0.957841988473213,0.006396995635864269,0.006396995635864269,11.8,-0.0014778164978854014,-2.4280997961536475,1.0,7.240389318820227,0.5652760542146218,0.3347967179289364,0.45546479022254205,0.0,11.8,1.6111814924506243,-1.0982156377853944,1.1789097567409648
11411.904,-0.958071543993278,-0.9624378337529311,-0.2681157748031273,-0.958071543993278,0.006473876308751102,0.006473876308751102,11.850000000000001,-0.0020802570397341394,-3.4615614958204977,1.0,7.271068934577939,0.5491503371592169,0.5366202235332163,0.11663973807087605,0.0,11.850000000000001,1.6002174159651308,-1.304066188930904,0.9274196209081131
11412.261,-0.957563163485989,-0.9627192412514312,-0.2684472160013245,-0.957563163485989,0.007644891092712514,0.007644891092712514,11.9,-0.000898379201791098,-1.513911797311085,1.0,7.301748550335652,0.5236237051638809,0.46357566564035896,-0.24347358549881554,0.0,11.9,1.592126545790629,-1.456736019492245,0.6424851028040183
11412.618,-0.957518721913431,-0.9630006487499294,-0.2687786434701591,-0.957518721913431,0.00812802590452291,0.00812802590452291,11.950000000000001,-0.0015723236494311406,-2.6831543879772917,1.0,7.332428166093365,0.486530628053754,0.19654233164116927,-0.445065347906836,0.0,11.950000000000001,1.5868008662322863,-1.551199660130027,0.3342403379127406
11412.969,-0.957649943962774,-0.9632773267106387,-0.26910448734424985,-0.957649943962774,0.00834369266747195,0.00834369266747195,12.0,-0.0012775396356002762,-2.2075884903172773,1.0,7.3631077818510775,0.43767455592588256,-0.09840546981403794,-0.426468498737711,0.0,12.0,1.584113168824538,-1.5840551706532344,0.013555366836473837
11413.32,-0.95848603413989,-0.963554004671348,-0.26943031794659156,-0.95848603413989,0.007514254931093076,0.007514254931093076,12.05,-0.0005695886533329055,-0.9966036420486332,1.0,7.39378739760879,0.37902254575969835,-0.28090038247882443,-0.25446623610493546,0.0,12.05,1.5839194096005325,-1.5536592226655859,-0.30812938181138644
11413.666,-0.95849978695064,-0.9638267413505641,-0.2697514940978456,-0.95849978695064,0.007898249036547208,0.007898249036547208,12.100000000000001,-0.00029937554136407206,-0.5303620334344771,1.0,7.424467013366503,0.314858263044791,-0.31001604184975967,-0.05500708684697671,0.0,12.100000000000001,1.586061381951998,-1.4602796800906768,-0.6190104710210907
11414.017,-0.957649507442913,-0.9641034193112752,-0.270077298345746,-0.957649507442913,0.009569183321144661,0.009569183321144661,12.15,-0.00020851107068834017,-0.37398824522217744,1.0,7.455146629124216,0.25218707200191276,-0.23993979041007257,0.07763514837281094,0.0,12.15,1.5903695711051231,-1.3062483094254156,-0.9071883634727337
11414.357,-0.957993416600765,-0.9643714264527024,-0.2703928795497257,-0.957993416600765,0.009456643775450807,0.009456643775450807,12.200000000000001,-0.0018712074112750255,-3.3978282353489333,1.0,7.485826244881929,0.20149883181838377,-0.1547665906535288,0.12903132039026946,0.0,12.200000000000001,1.5966660575086549,-1.0960891456070718,-1.1610043428353705
11414.708,-0.958503679653809,-0.9646481044134116,-0.27071865767004866,-0.958503679653809,0.009110308310196803,0.009110308310196803,12.25,-0.0005741877316355577,-1.0555095693623706,1.0,7.516505860639642,0.1754432664540237,-0.09924213233198728,0.14467667024872352,0.0,12.25,1.6047673485476095,-0.8365936749310586,-1.3694485262432725
11415.071,-0.959259614761056,-0.9649342414497006,-0.271055559543778,-0.959259614761056,0.008413741025639439,0.008413741025639439,12.3,-0.00042237460734581404,-0.7859829684477831,1.0,7.547185476397354,0.17855840297436998,-0.05726225259721158,0.16912757817768997,0.0,12.3,1.614487038091147,-0.5368129721238741,-1.5226293800934805
11415.411,-0.959045597117252,-0.9652022485911278,-0.2713711021436538,-0.959045597117252,0.009128436799194077,0.009128436799194077,12.350000000000001,0.0003476433801366325,0.6548394524690859,1.0,7.577865092155068,0.1991515178808857,0.012476337104955559,0.1987603282516515,0.0,12.350000000000001,1.6256382180504945,-0.20793952463062915,-1.612284332890069
11415.751,-0.958825097691518,-0.9654702557325567,-0.271686632290594,-0.958825097691518,0.009852743078875487,0.009852743078875487,12.4,0.0005392563139582943,1.028159030344419,1.0,7.60854470791278,0.2219815559823288,0.1202010042240231,0.18662135402968266,0.0,12.4,1.638035592058622,0.13694237191947706,-1.6323012551682694
11416.102,-0.959376217705493,-0.965746933693266,-0.2720123577020308,-0.959376217705493,0.009445829198999894,0.009445829198999894,12.450000000000001,0.0011459056134958203,2.21134702395578,1.0,7.639224323670493,0.2382098227018974,0.2193816413098594,0.09282033768448365,0.0,12.450000000000001,1.651497265858206,0.483249465893044,-1.5792128332974051
11416.448,-0.959743681190947,-0.9660196703724839,-0.27233343016082934,-0.959743681190947,0.009305378230224882,0.009305378230224882,12.5,0.0015052426565349954,2.939927063544913,1.0,7.669903939428206,0.24487711213577196,0.23626419578977484,-0.06437413949534683,0.0,12.5,1.6658462100928881,0.8154357455103204,-1.4526211276946468
11416.8,-0.959553771018706,-0.9662971365894908,-0.2726600571164033,-0.959553771018706,0.009998354899245086,0.009998354899245086,12.55,0.0008291662587925986,1.63897677137729,1.0,7.7005835551859185,0.24296835948461182,0.1328172322560352,-0.20345320475846518,0.0,12.55,1.6809114078990208,1.1176589011880516,-1.2555085590310349
11417.14,-0.959726189480707,-0.966565143730918,-0.27297553638943306,-0.959726189480707,0.010140083763151496,0.010140083763151496,12.600000000000001,0.0008952370226992143,1.790810654518964,1.0,7.731263170943632,0.23624847963295098,-0.04853376384305823,-0.23120946757455046,0.0,12.600000000000001,1.696528711706145,1.374550503468375,-0.9943945811689384
11417.491,-0.960039535714537,-0.9668418216916272,-0.27330120928103696,-0.960039535714537,0.010085715895303394,0.010085715895303394,12.65,0.0006800633456425502,1.3766417746102753,1.0,7.761942786701344,0.2301785383381129,-0.19936003937676383,-0.11505535281404897,0.0,12.65,1.7125414412521922,1.572050800941879,-0.679304399561885
11417.849,-0.960045871943818,-0.9671240174464248,-0.2736333634022081,-0.960045871943818,0.01049473145430001,0.01049473145430001,12.700000000000001,-0.00013063238121170334,-0.2675851489235726,1.0,7.792622402459057,0.23006890792351098,-0.21556873938338217,0.08038545262531287,0.0,12.700000000000001,1.7288007586328842,1.6982586324474138,-0.3235269391680942
11418.2,-0.960321993472472,-0.9674006954071359,-0.27395900948563856,-0.960321993472472,0.010495556473368702,0.010495556473368702,12.75,0.000390752364936561,0.8099014368937462,1.0,7.82330201821677,0.2385535708548178,-0.0753317264236586,0.22634693981058288,0.0,12.75,1.7451658570257012,1.744239750352839,0.05684682768031439
11418.546,-0.959965216322568,-0.967673432086352,-0.2742800037464548,-0.959965216322568,0.011428933525444092,0.011428933525444092,12.8,-0.0003308833600265829,-0.6939127002464686,1.0,7.853981633974483,0.2542972172664853,0.13462604804584613,0.21573803998608024,0.0,12.8,1.7615039983684342,1.7047337221285386,0.4435980984018748
11418.892,-0.960019726571511,-0.9679461687655699,-0.27460098511094166,-0.960019726571511,0.011752496778152342,0.011752496778152342,12.850000000000001,0.001147650132820362,2.435111738877699,1.0,7.884661249732195,0.27334881617638096,0.26997681746787433,0.04280295941809369,0.0,12.850000000000001,1.7776904324681038,1.5787010686207863,0.8172430541914819
11419.238,-0.960282775067124,-0.9682189054447878,-0.2749219535790992,-0.960282775067124,0.011766861400238185,0.011766861400238185,12.9,0.0008055615928002499,1.7292902100867757,1.0,7.915340865489909,0.2915773991294017,0.22692410764035423,-0.1830924057810574,0.0,12.9,1.7936082263823354,1.3696586029443192,1.158043946112151
11419.584,-0.960577271498525,-0.9684916421240057,-0.2752429091509274,-0.960577271498525,0.011734598322912395,0.011734598322912395,12.950000000000001,0.0009528867611267017,2.069429322149167,1.0,7.946020481247621,0.30627406998705853,0.01996675673149476,-0.3056225360997826,0.0,12.950000000000001,1.8091480289275321,1.0857618583073612,1.4471136021810176
11419.924,-0.961336296733747,-0.9687596492654329,-0.2755582864563815,-0.961336296733747,0.011006568215071155,0.011006568215071155,13.0,0.0007256941725195925,1.5943500970255446,1.0,7.976700097005334,0.3167079809190862,-0.21873148398954817,-0.22904253554651002,0.0,13.0,1.824207791168632,0.73960845277335,1.66754712135716
11420.27,-0.961181036373215,-0.9690323859446508,-0.2758792164591837,-0.961181036373215,0.011641157316659512,0.011641157316659512,13.05,-0.0003460204610720196,-0.769012351910915,1.0,8.007379712763047,0.32406227718393354,-0.32393431779822934,0.00910589074348828,0.0,13.05,1.8386924599614316,0.34775429413529796,1.8055073838756466
11420.633,-0.961700354137367,-0.9693185229809398,-0.2762159008367693,-0.961700354137367,0.011295421400614894,0.011295421400614894,13.100000000000001,0.000896632931492656,2.015712423592257,1.0,8.03805932852076,0.330941311261179,-0.21160214234645647,0.2544536988405917,0.0,13.100000000000001,1.852513658185629,-0.07004555598494155,1.8511889352119253
11420.979,-0.961851682630145,-0.9695912596601559,-0.2765368044132748,-0.961851682630145,0.011475432720324629,0.011475432720324629,13.15,0.0012487025638747036,2.8394633136863483,1.0,8.068738944278472,0.34044212602581525,0.056072589409215966,0.3357926531208248,0.0,13.15,1.8655893622911968,-0.4918392058572334,1.799588248537926
11421.32,-0.962291069871431,-0.9698600550578824,-0.27685305803672833,-0.962291069871431,0.011222497034587239,0.011222497034587239,13.200000000000001,0.0005326070074706451,1.224979073758245,1.0,8.099418560036185,0.35492516335090163,0.30375954754093737,0.18358106889706588,0.0,13.200000000000001,1.877843585199952,-0.8946720853533283,1.651017380334361
11421.666,-0.961970905228233,-0.9701327917371003,-0.27717393600693807,-0.961970905228233,0.012101588903405422,0.012101588903405422,13.25,-0.0007010296018199173,-1.6307372504709974,1.0,8.130098175793899,0.37500091694808807,0.3570136347210701,-0.11474734129886059,0.0,13.25,1.8892060704438844,-1.2559050150254967,1.411312215576635
11422.012,-0.963006585069015,-0.97040552841632,-0.27749480108081936,-0.963006585069015,0.010970376837682502,0.010970376837682502,13.3,-0.0007010934664687322,-1.6494184296725989,1.0,8.160777791551611,0.3993259154809562,0.1626695544506025,-0.3646913802512286,0.0,13.3,1.8996120016483786,-1.5545757799969087,1.0917050430650044
11422.358,-0.962996715079581,-0.9706782650955361,-0.2778156532583669,-0.962996715079581,0.011389396352552032,0.011389396352552032,13.350000000000001,-0.001742481965690261,-4.1458357199386064,1.0,8.191457407309324,0.425242285735426,-0.16710336677121576,-0.39103384302540134,0.0,13.350000000000001,1.9090017300386903,-1.7727164853778334,0.7083529259912565
11422.699,-0.963314262160551,-0.9709470604932626,-0.278131856225623,-0.963314262160551,0.011317112472064114,0.011317112472064114,13.4,-0.0011370595366258062,-2.7358834993134993,1.0,8.222137023067036,0.4497303091632783,-0.42110301848684223,-0.15789109791678585,0.0,13.4,1.9173205215153168,-1.896537643863727,0.2815367607109058
11423.045,-0.963433988744247,-0.9712197971724805,-0.27845268279687563,-0.963433988744247,0.011543979786632325,0.011543979786632325,13.450000000000001,-0.0003223725249625512,-0.7843770421251602,1.0,8.252816638824749,0.47017790155824063,-0.4257346566812811,0.19954263006731757,0.0,13.450000000000001,1.9245183239624464,-1.9173949746808763,-0.16543062091325786
11423.402,-0.963401187881657,-0.9715012046709788,-0.27878369553896043,-0.963401187881657,0.012009854975140817,0.012009854975140817,13.5,-0.00023354259048258958,-0.5746023510586014,1.0,8.283496254582463,0.4848110086899935,-0.16256150873867223,0.4567444252791878,0.0,13.5,1.9305495547810088,-1.8324661781361586,-0.6075271923562037
11423.76,-0.964139244124455,-0.9717834004257764,-0.2791156217005053,-0.964139244124455,0.011333952876147758,0.011333952876147758,13.55,-0.00035817561902641066,-0.8910742747006185,1.0,8.314175870340176,0.49283883897958136,0.2129402817180398,0.4444620992037269,0.0,13.55,1.9353729081360145,-1.6450819163181332,-1.0194968279253802
11424.112,-0.964707613333616,-0.9720608666427832,-0.27944197139251603,-0.964707613333616,0.010902632443304722,0.010902632443304722,13.600000000000001,-0.0005559071352068989,-1.3983599386990053,1.0,8.344855486097888,0.49440449479268833,0.467228031633353,0.16165942882255854,0.0,13.600000000000001,1.9389511810439193,-1.3646768523651662,-1.377384757825609
11424.458,-0.964916059720978,-0.9723336033220029,-0.2797627452975444,-0.964916059720978,0.010997955342207514,0.010997955342207514,13.65,-0.0009276376743485563,-2.3592628684007413,1.0,8.3755351018556,0.49040758644377586,0.43872183876390647,-0.21914093417987052,0.0,13.65,1.9412511171717417,-1.0063514651885235,-1.6600339238803066
11424.805,-0.966162047264833,-0.9726071282575184,-0.280084433342485,-0.966162047264833,0.00955608982529883,0.00955608982529883,13.700000000000001,-2.9767386311766903e-05,-0.07654245809492077,1.0,8.406214717613313,0.48224581009372697,0.1440804213309131,-0.46021935372391887,0.0,13.700000000000001,1.9422432670522174,-0.590061758154255,-1.8504421174339878
11425.151,-0.966084250513737,-0.9728798649367345,-0.2804051814175743,-0.966084250513737,0.01007582401492876,0.01007582401492876,13.75,-3.9067070271286976e-05,-0.10155912213102142,1.0,8.436894333371026,0.47152064581712544,-0.23015366258919456,-0.411534945087994,0.0,13.75,1.941901863319271,-0.13948004150849463,-1.9368862033644738
11425.497,-0.966423651624891,-0.9731526016159524,-0.2807259165963343,-0.966423651624891,0.009976980990231898,0.009976980990231898,13.8,0.0006022890657401615,1.582859029577878,1.0,8.46757394912874,0.45976245257225307,-0.4468109477535995,-0.10835815503589692,0.0,13.8,1.9402047095199126,0.3194062227381631,-1.9137329959321356
11425.844,-0.967180322489138,-0.9734261265514679,-0.2810475658030862,-0.967180322489138,0.009260622902734463,0.009260622902734463,13.850000000000001,0.0011545130568637785,3.0672428947759935,1.0,8.498253564886452,0.44823882529936687,-0.37136702839521446,0.25100712086844135,0.0,13.850000000000001,1.937133081049818,0.7598707704121022,-1.7818756931870636
11426.201,-0.966916290410864,-0.9737075340499679,-0.2813784709023528,-0.966916290410864,0.010069343475189766,0.010069343475189766,13.9,0.00019430101351170615,0.5218184936062948,1.0,8.528933180644165,0.43789944114055884,-0.05915482470715923,0.4338855001784215,0.0,13.9,1.9326716367804317,1.156099188837447,-1.548758961615703
11426.559,-0.967793941684884,-0.9739897298047655,-0.281710289119558,-0.967793941684884,0.009186464511354136,0.009186464511354136,13.950000000000001,0.0008514222940744196,2.311360252407511,1.0,8.559612796401877,0.4294693601816972,0.2810096219775456,0.32477303411908026,0.0,13.950000000000001,1.926808339987525,1.4848056214068015,-1.2279831618081103
11426.906,-0.967496073148344,-0.9742632547402827,-0.2820318986283752,-0.967496073148344,0.010033666796440313,0.010033666796440313,14.0,-0.00011201229745832564,-0.30736174422564555,1.0,8.59029241215959,0.4236400208313031,0.4236394522383498,0.000694087269604204,0.0,14.0,1.9195343872487072,1.7267073954279444,-0.8385069077859253
11427.252,-0.968247769168945,-0.9745359914194989,-0.28235256839366674,-0.968247769168945,0.009323516141369535,0.009323516141369535,14.05,0.0002108175165816155,0.5847034626788832,1.0,8.620972027917304,0.4212522539161221,0.274742005169476,-0.3193278754272301,0.0,14.05,1.9108441440456656,1.8677572233677784,-0.40349510206581074
11427.599,-0.969219491316454,-0.9748095163550161,-0.28267415199789614,-0.969219491316454,0.008288302575994748,0.008288302575994748,14.100000000000001,0.00047626205772501235,1.3350678017179674,1.0,8.651651643675017,0.4233495581194939,-0.06562547566465002,-0.4182321667492341,0.0,14.100000000000001,1.9007350858822445,1.9000476564514501,0.05111526109818481
11427.951,-0.969517214061486,-0.975086982572023,-0.28300035611895513,-0.969517214061486,0.008258268321719752,0.008258268321719752,14.15,0.0007387030563207394,2.0928553636226366,1.0,8.682331259432729,0.43102188029186717,-0.36787149338182107,-0.2246117219723081,0.0,14.15,1.889207743809173,1.8223238005566942,0.4982387632382207
11428.303,-0.969608341707766,-0.9753644487890298,-0.28332654689253367,-0.969608341707766,0.008534551602225481,0.008534551602225481,14.200000000000001,9.195917732861936e-05,0.2633056089349079,1.0,8.713010875190442,0.44506255011104934,-0.4231669370140061,0.13787826851804644,0.0,14.200000000000001,1.8762656533282212,1.6400665008091173,0.9113477244076021
11428.644,-0.970129486927238,-0.9756332441867563,-0.2836425314761062,-0.970129486927238,0.008160393765150216,0.008160393765150216,14.25,0.0005485384040914902,1.5872730104518022,1.0,8.743690490948154,0.46558437038017597,-0.18209930164143692,0.42849579961069145,0.0,14.25,1.861915305731318,1.3651374378806675,1.2661470615268806
11429.007,-0.970625137628809,-0.9759193812230453,-0.2839788883972547,-0.970625137628809,0.007849748886158851,0.007849748886158851,14.3,0.0014888814863342596,4.353797664509047,1.0,8.774370106705868,0.4917898183670139,0.20877138189251257,0.4452771446550465,0.0,14.3,1.8461661010125885,1.0150077728258025,1.5421052148382184
11429.365,-0.971386011891745,-0.9762015769778429,-0.28431059840016193,-0.971386011891745,0.007140014621158563,0.007140014621158563,14.350000000000001,0.00031500966341646135,0.9308497359034746,1.0,8.80504972246358,0.5220004822022947,0.4973525664025116,0.15850844807852843,0.0,14.350000000000001,1.829030301572667,0.6116209415884909,1.7237377027498728
11429.723,-0.971546462885136,-0.9764837727326405,-0.284642294596682,-0.971546462885136,0.007320524978915317,0.007320524978915317,14.4,0.00020636044351673166,0.6161889825738646,1.0,8.835729338221293,0.5538974104161296,0.48656010542666617,-0.2646915281471732,0.0,14.4,1.8105229860144532,0.17996580901408352,1.8015564910578292
11430.07,-0.972893248465936,-0.976757297668156,-0.28496378583405324,-0.972893248465936,0.00572920670937978,0.00572920670937978,14.450000000000001,-0.00037815439100617596,-1.1409659631955693,1.0,8.866408953979006,0.5848438449841327,0.16267613185088753,-0.5617640066272107,0.0,14.450000000000001,1.7906620024074977,-0.25354325729943733,1.7726212859897685
11430.422,-0.972822471718588,-0.9770347638851646,-0.2852898962573214,-0.972822471718588,0.006245544836425233,0.006245544836425233,14.5,-0.0005489106954943543,-1.6734228690514759,1.0,8.897088569736718,0.6121873365817857,-0.29073866227789846,-0.5387433204485775,0.0,14.5,1.7694679204742283,-0.6627692717426643,1.6406564582572087
11430.769,-0.973165119763826,-0.9773082888206801,-0.28561136136582377,-0.973165119763826,0.006143056342291182,0.006143056342291182,14.55,-0.0006240398390684279,-1.9222120531420852,0.9938441702975687,8.92776818549443,0.6335012386215265,-0.6032139520853644,-0.19353745721323307,0.0,14.55,1.7469639822253478,-1.0235226185687083,1.415727588369634
11431.11,-0.973979988145049,-0.9775770842184066,-0.28592725536332697,-0.973979988145049,0.005333396620809949,0.005333396620809949,14.600000000000001,-0.0007898661727067588,-2.458170951262922,0.975528258147576,8.958447801252145,0.6467679074285632,-0.5833244680722914,0.2793587138925519,0.0,14.600000000000001,1.7231760506440363,-1.3150848411711822,1.1135023852848025
11431.463,-0.973958885472218,-0.977855338691711,-0.2862542526698766,-0.973958885472218,0.005777251986097447,0.005777251986097447,14.65,-0.0010308361339928058,-3.24117520265931,0.9455032620941837,8.989127417009858,0.6505191429896297,-0.23666717123190464,0.6059404306176066,0.0,14.65,1.6981325560893101,-1.5214836139925307,0.7541497135202281
11431.815,-0.974695954422303,-0.9781328049087197,-0.2865803102720097,-0.974695954422303,0.005095801278772781,0.005095801278772781,14.700000000000001,-0.0014853952885614465,-4.718392298207072,0.9045084971874728,9.01980703276757,0.6439473428316014,0.23728162229921929,0.5986364606828845,0.0,14.700000000000001,1.6718644401583989,-1.6324343202832954,0.36095553220219834
11432.173,-0.975039308736078,-0.9784150006635173,-0.28691191198348864,-0.975039308736078,0.005005121784777604,0.005005121784777604,14.75,-0.0011939073232021245,-3.8313045645613926,0.8535533905932737,9.050486648525283,0.626995311208278,0.5666633435514161,0.2683575513234074,0.0,14.75,1.644405096816699,-1.643887732738042,-0.04124614636687062
11432.52,-0.975735830081319,-0.9786885255990327,-0.2872333116389889,-0.975735830081319,0.00437794709268239,0.00437794709268239,14.8,-0.0008231404316021392,-2.6684500660443624,0.7938926261462357,9.081166264282995,0.6004284005303401,0.5710398493988867,-0.18554717610871693,0.0,14.8,1.6157903106723182,-1.5581516141815894,-0.42771705049700043
11432.861,-0.976044869398103,-0.9789573209967593,-0.2875491413152451,-0.976044869398103,0.004318277632225433,0.004318277632225433,14.850000000000001,-0.0011655144846398297,-3.8167791938939555,0.7269952498697714,9.11184588004071,0.5658894751058554,0.26650272985319123,-0.49920656347485814,0.0,14.850000000000001,1.586058192341172,-1.383584513731172,-0.7754189079818873
11433.208,-0.976036064470794,-0.9792308459322747,-0.2878705152530596,-0.976036064470794,0.004736886728461178,0.004736886728461178,14.9,-0.0008904633938248274,-2.9456074931394443,0.6545084971874732,9.142525495798422,0.5259308976845634,-0.15083872033656262,-0.5038362725990646,0.0,14.9,1.555249110918824,-1.133890360883904,-1.064468151946484
11433.555,-0.97704622938035,-0.979504370867792,-0.2881918762198925,-0.97704622938035,0.0036446742692525266,0.0036446742692525266,14.950000000000001,-0.0010346359205261667,-3.4570935366696243,0.5782172325201137,9.173205111556134,0.4839980315273603,-0.4297255531618899,-0.22268822034869157,0.0,14.950000000000001,1.5234056236479159,-0.8270704005358995,-1.2793432872843324
11433.902,-0.977765912345613,-0.9797778958033074,-0.2885132242157429,-0.977765912345613,0.0029831579572954154,0.0029831579572954154,15.0,-0.00024640786760389696,-0.8316265531631523,0.5000000000000001,9.203884727313847,0.44428745688895527,-0.4174845486229546,0.151980248749445,0.0,15.0,1.4905724029463998,-0.4841124996572843,-1.4097663551457669
11434.243,-0.978147403248158,-0.9800466912010339,-0.28882900312559645,-0.978147403248158,0.002816064887685537,0.002816064887685537,15.05,-0.0003340533624597417,-1.1387420220445919,0.4217827674798836,9.23456434307156,0.4113134897039506,-0.14766851073953696,0.3838916484483729,0.0,15.05,1.4567961610435938,-0.12751517406063373,-1.4512046496671787
11434.596,-0.978059817119874,-0.9803249456743384,-0.289155881294489,-0.978059817119874,0.0033584949447302438,0.0033584949447302438,15.100000000000001,-1.0874959095335238e-05,-0.037441951292243564,0.3454915028125242,9.265243958829272,0.38898180971022034,0.18982062864454127,0.33952168888957485,0.0,15.100000000000001,1.422125572560399,0.22024640359478662,-1.4049671404818709
11434.954,-0.979275346123553,-0.980607141429136,-0.28948737575580363,-0.979275346123553,0.001974646336253255,0.001974646336253255,15.15,-0.0001741982590058518,-0.6057336615254598,0.27300475013022607,9.295923574586986,0.37927293666778555,0.37354929909828266,0.06564207211680494,0.0,15.15,1.386611195469652,0.5382033038042141,-1.2778997656999576
11435.307,-0.979717446783971,-0.9808853959024422,-0.28981422688771374,-0.979717446783971,0.0017317124020871115,0.0017317124020871115,15.200000000000001,0.0002545690094479835,0.8939974839315041,0.20610737385376204,9.326603190344699,0.3813364232631615,0.2899266432388548,-0.24770952595205306,0.0,15.200000000000001,1.3503053909859313,0.8082217832707062,-1.0817126226370792
11435.654,-0.980177183306665,-0.9811589208379576,-0.29013550939317945,-0.980177183306665,0.001455617399462713,0.001455617399462713,15.25,0.0005599291845747027,1.985832597561728,0.1464466094067263,9.357282806102411,0.3919091342756696,0.0004162288254768563,-0.39190891324677685,0.0,15.25,1.313262243065843,1.016089155006169,-0.831997925563026
11435.995,-0.98034440692666,-0.9814277162356841,-0.29045122394505096,-0.98034440692666,0.0016062173737406479,0.0016062173737406479,15.3,-0.00017922961120732847,-0.64192465321911,0.09549150281252565,9.387962421860124,0.4067988832752152,-0.3026520812193686,-0.27182172313401826,0.0,15.3,1.2755374783556652,1.152287555701496,-0.5470185076077417
11436.348,-0.981052198735291,-0.9817059707089903,-0.2907780354911642,-0.981052198735291,0.0009693444834943014,0.0009693444834943014,15.350000000000001,0.00046093389052300366,1.6671081727632615,0.054496737905815086,9.418642037617836,0.42228940389277053,-0.42066897780261436,0.036958784539200436,0.0,15.350000000000001,1.2371883876111154,1.2124113613729048,-0.24636111148817932
11436.689,-0.982220930157389,-0.9819747661067169,-0.2910937245496319,-0.982220930157389,-0.0003649862247894155,-0.0003649862247894155,15.4,0.0007590932719003943,2.772409029604022,0.024471741852423023,9.44932165337555,0.43582782103452683,-0.2739230734970919,0.3389867835087532,0.0,15.4,1.1982737498441167,1.1972114925699058,0.050444242724214716
11437.036,-0.981926769490224,-0.9822482910422323,-0.2914149553954486,-0.981926769490224,0.00047671842064491305,0.00047671842064491305,15.450000000000001,0.00045232215547747655,1.6681431329609735,0.0061558297024308685,9.480001269133263,0.44610195554195464,0.05030816832352533,0.4432561820643768,0.0,15.450000000000001,1.1588537607375755,1.1122778839692766,0.3252382935763411
11437.383,-0.982238489802203,-0.9825218159777478,-0.2917361732702801,-0.982238489802203,0.00042008632419632074,0.00042008632419632074,15.5,0.0006297024666290724,2.344933272918337,3.749399456654644e-33,9.510680884890975,0.45280106542023374,0.35434932765050964,0.28189600713619656,0.0,15.5,1.1189899672296533,0.9673977971673936,0.5623878099641694
11437.742,-0.98297570209433,-0.9828047999888447,-0.2920684858926572,-0.98297570209433,-0.00025339570956577057,-0.00025339570956577057,15.55,0.0009347431829806806,3.5146613587167677,0.0,9.541360500648688,0.4562484897672373,0.4535210969531967,-0.04981263929219184,0.0,15.55,1.0787452106288826,0.7756504241347094,0.749705041329187
11438.089,-0.983109473055136,-0.9830783249243602,-0.2923896773769572,-0.983109473055136,-4.6183179997447646e-05,-4.6183179997447646e-05,15.600000000000001,0.0008972845850346568,3.406465555178933,0.0,9.5720401164064,0.45700178359476906,0.2885510495976286,-0.3543852733747651,0.0,15.600000000000001,1.0381835812145286,0.5523156817084038,0.8790748182278939
11438.431,-0.983392163635336,-0.9833479085783843,-0.2927062280499113,-0.983392163635336,-6.561675484516924e-05,-6.561675484516924e-05,15.65,0.0013074514095331694,5.011509791874217,0.0,9.602719732164113,0.4554895535777487,-0.0414184984521332,-0.45360251476863245,0.0,15.65,0.997370388049643,0.3136860098107075,0.9467569794869918
11438.772,-0.984151924570828,-0.9836167039761108,-0.29302184059143865,-0.984151924570828,-0.0007935689381207629,-0.0007935689381207629,15.700000000000001,0.0013385044521317705,5.179869009773575,0.0,9.633399347921827,0.4517542637409854,-0.34259295547657986,-0.2944689825193512,0.0,15.700000000000001,0.9563721487517107,0.07587367988546369,0.953357682933642
11439.119,-0.984609461695335,-0.9838902289116263,-0.2933429935739742,-0.984609461695335,-0.0010664029038923103,-0.0010664029038923103,15.75,0.001522989896561344,5.950297729148037,0.0,9.66407896367954,0.44535541710893933,-0.4447107185015003,0.023954632081430678,0.0,15.75,0.9152566053177271,-0.14629749017710833,0.9034886263509954
11439.472,-0.984955324808514,-0.9841684833849325,-0.29366968632467216,-0.984955324808514,-0.0011666459010437255,-0.0011666459010437255,15.8,0.0006545356782744912,2.581692930246215,0.0,9.694758579437252,0.43544381757845746,-0.2999787489548609,0.3156328063474668,0.0,15.8,0.8740927739134723,-0.3402375296450791,0.8051562586409935
11439.82,-0.985261191097417,-0.9844427965767455,-0.2939917385597237,-0.985261191097417,-0.0012134295225995776,-0.0012134295225995776,15.850000000000001,0.0011142124557885584,4.436656532988308,0.0,9.725438195194965,0.4209639248246156,-0.004171215754338468,0.4209432586024812,0.0,15.850000000000001,0.8329510389897967,-0.49631050539567145,0.6689419373817693
11440.167,-0.986361997022107,-0.9847163215122627,-0.29431285236764904,-0.986361997022107,-0.0024400349682516705,-0.0024400349682516705,15.9,0.0004855639160147795,1.9518110763623728,0.0,9.756117810952677,0.4009089874138603,0.268552560983486,0.29767018355626046,0.0,15.9,0.7919033054374633,-0.6082876536599219,0.5070473109756991
11440.531,-0.98645600411672,-0.9850032468048511,-0.2946496840362114,-0.98645600411672,-0.0021539961068502427,-0.0021539961068502427,15.950000000000001,0.0002093402993966033,0.8494442935000478,0.0,9.786797426710391,0.37455665656632386,0.37278958830717085,0.036340223278250705,0.0,15.950000000000001,0.7510232271035894,-0.6735145481308946,0.3322860832251729
11440.884,-0.987289186139962,-0.9852815012781555,-0.29497632309320565,-0.987289186139962,-0.002976784450356692,-0.002976784450356692,16.0,-0.000473799341023684,-1.9406821008330097,0.0,9.817477042468104,0.34164022456566717,0.2738154954678161,-0.20431132490146964,0.0,16.0,0.7103865363972204,-0.6927969016221919,0.15710341879516906
11441.237,-0.987449516829873,-0.9855597557514617,-0.29530294872677487,-0.987449516829873,-0.002801939437867008,-0.002801939437867008,16.05,-3.798698281447997e-05,-0.15705794493449662,0.0,9.848156658225816,0.3024439099842895,0.0566634653321455,-0.2970884891461427,0.0,16.05,0.6700715086785671,-0.6700317191117212,-0.007302200145340636
11441.585,-0.987296376572579,-0.9858340689432747,-0.29562493479536744,-0.987296376572579,-0.0021681563154458618,-0.0021681563154458618,16.1,0.00046698568641991586,1.9488624924081932,0.0,9.878836273983529,0.257841756460505,-0.13760934669286784,-0.21805054248361885,0.0,16.1,0.630159607774506,-0.6116294970432266,-0.15169208818250515
11441.932,-0.987959746555282,-0.986107593878792,-0.2959459826269635,-0.987959746555282,-0.002746177645679407,-0.002746177645679407,16.150000000000002,-0.0008014496849057737,-3.3759331836275805,0.0,9.909515889741241,0.20934161035548646,-0.20365213002432297,-0.048473908061807465,0.0,16.150000000000002,0.5907363769149834,-0.525787549159747,-0.26928965847062863
11442.285,-0.988538254518955,-0.9863858483520982,-0.29627256840855054,-0.988538254518955,-0.0031913620161414416,-0.0031913620161414416,16.2,-0.0012341176215009022,-5.246885623104487,0.0,9.940195505498954,0.15931245175432984,-0.13242829618189506,0.08856186343080157,0.0,16.2,0.551892664974371,-0.42168331286640703,-0.35604592021609405
11442.633,-0.989598524287174,-0.9866601615439112,-0.29659451518963476,-0.989598524287174,-0.004356695958638535,-0.004356695958638535,16.25,-0.0006531744172936881,-2.8027816304574857,0.0,9.970875121256668,0.11205615926738748,-0.005021274648773509,0.1119436002219854,0.0,16.25,0.5137263144141441,-0.3086591352877124,-0.410663200597499
11442.986,-0.98992145172777,-0.9869384160172192,-0.2969210743145059,-0.98992145172777,-0.00442293234707985,-0.00442293234707985,16.3,-0.0006379435621442751,-2.7627721679256334,0.0,,,,,,16.3,0.47634448918323413,-0.19546657178542842,-0.4343925548276446
11443.351,-0.990164048158625,-0.9872261295661033,-0.2972587204837627,-0.990164048158625,-0.0043560374185236,-0.0043560374185236,16.35,-0.001291766552019704,-5.645953618072399,0.0,,,,,,16.35,0.4398668934405002,-0.08962918693742548,-0.43063847110300346
11443.704,-0.990683081750634,-0.9875043840394095,-0.29758525230545985,-0.990683081750634,-0.0047130394312200315,-0.0047130394312200315,16.400000000000002,-0.0011654949941542845,-5.1409331514948775,0.0,,,,,,16.400000000000002,0.4044302303399819,0.003030777575712198,-0.40441887394153275
11444.051,-0.990868019253425,-0.987777908974925,-0.2979062209280814,-0.990868019253425,-0.00458169128129482,-0.00458169128129482,16.45,-0.0012212301710131498,-5.436197569433587,0.0,,,,,,16.45,0.37019437414375983,0.07867335813864587,-0.36173799547031055
11444.399,-0.991445339273958,-0.9880522221667398,-0.2982281015052193,-0.991445339273958,-0.005030958012961219,-0.005030958012961219,16.5,-0.0021739964921588394,-9.765863992339026,0.0,,,,,,16.5,0.3373508597028979,0.1355194333518402,-0.30893378857981924
11444.752,-0.992184316277434,-0.988330476640046,-0.2985545934749334,-0.992184316277434,-0.005714069037917844,-0.005714069037917844,,,,,,,,,,16.55,0.30613435807962486,0.1737353442765843,-0.2520600629729365
11445.105,-0.992747064177554,-0.9886087311133505,-0.29888107202121983,-0.992747064177554,-0.006135886039820876,-0.006135886039820876,,,,,,,,,,16.6,0.27683759678103215,0.1951488276188577,-0.1963567927790702
11445.453,-0.992303512964777,-0.9888830443051653,-0.29920291308592173,-0.992303512964777,-0.005071512024901741,-0.005071512024901741,,,,,,,,,,16.650000000000002,0.24982918441177057,0.2028352599309393,-0.14585087834016894
11445.801,-0.993309938958169,-0.9891573574969801,-0.29952474110477034,-0.993309938958169,-0.006157012067812358,-0.006157012067812358,,,,,,,,,,16.7,0.22557094130079103,0.20062278527554292,-0.10311521511206923
11446.166,-0.993411633543338,-0.9894450710458642,-0.29986227658993325,-0.993411633543338,-0.005881202667047862,-0.005881202667047862,,,,,,,,,,16.75,0.20462495267562927,0.19256961465962844,-0.06919765001317407
11446.519,-0.994530201454097,-0.9897233255191722,-0.3001887013664666,-0.994530201454097,-0.007127131259535905,-0.007127131259535905,,,,,,,,,,16.8,0.18762989152381518,0.1824664079005038,-0.0437148279320143
11446.872,-0.994340763749877,-0.9900015799924766,-0.3005151127195722,-0.994340763749877,-0.006433686372794358,-0.006433686372794358,,,,,,,,,,16.85,0.175217158095444,0.17341140714423128,-0.02509056323204933
11447.22,-0.994364370870817,-0.9902758931842914,-0.300836887542836,-0.994364370870817,-0.006061965717034282,-0.006061965717034282,,,,,,,,,,16.900000000000002,0.16785119794605516,0.1674965468456542,-0.010905569526959799
11447.568,-0.995653877152731,-0.9905502063761062,-0.3011586493202483,-0.995653877152731,-0.007567187508664376,-0.007567187508664376,,,,,,,,,,16.95,0.16563869648221066,0.16563013819705955,0.001683773485023002
11447.921,-0.995762007212473,-0.9908284608494125,-0.30148502078334705,-0.995762007212473,-0.007314944879077385,-0.007314944879077385,,,,,,,,,,17.0,0.168223235708162,0.1675071950320705,0.015504729749715679
11448.264,-0.996286826071204,-0.9910988327597341,-0.3018021337375183,-0.996286826071204,-0.007692212115522155,-0.007692212115522155,,,,,,,,,,17.05,0.17485660370424905,0.17172344631174433,0.03295284275752649
11448.617,-0.996414988813104,-0.9913770872330403,-0.3021284787340299,-0.996414988813104,-0.007469671845046054,-0.007469671845046054,,,,,,,,,,17.1,0.18460123145592422,0.17601498340070382,0.055644768608501406
11448.976,-0.996077629629097,-0.9916600712441372,-0.30246035690338857,-0.996077629629097,-0.00654989204683186,-0.00654989204683186,,,,,,,,,,17.150000000000002,0.1965317392524382,0.1775936079859752,0.08417383759881762
11449.33,-0.997422581274012,-0.991939113973741,-0.3027875992191964,-0.997422581274012,-0.008130309942566768,-0.008130309942566768,,,,,,,,,,17.2,0.2098520601562631,0.17353932699866642,0.11799147908505003
11449.672,-0.997287958277191,-0.9922086976277651,-0.3031037357542239,-0.997287958277191,-0.007530994733364217,-0.007530994733364217,,,,,,,,,,17.25,0.2239293692979178,0.16120680127399334,0.15542435348802472
11450.014,-0.997818572948507,-0.9924782812817892,-0.3034198596893791,-0.997818572948507,-0.007918024136293618,-0.007918024136293618,,,,,,,,,,17.3,0.2382813311007376,0.1386022228564002,0.19382315798274496
11450.362,-0.998330753569322,-0.9927525944736022,-0.3037415167250943,-0.998330753569322,-0.008270709001020034,-0.008270709001020034,,,,,,,,,,17.35,0.2525473518857152,0.10469098987096415,0.22982593757956246
11450.71,-0.998586977447548,-0.993026907665417,-0.30406316071496153,-0.998586977447548,-0.008243888064909385,-0.008243888064909385,,,,,,,,,,17.400000000000002,0.266459528746751,0.05960419321869217,0.2597075674882991
11451.058,-0.999212179664004,-0.9933012208572336,-0.30438479165897725,-0.999212179664004,-0.008764149492495996,-0.008764149492495996,,,,,,,,,,17.45,0.2798187426854788,0.004722511995232243,0.27977888883641144
11451.401,-0.999131188916327,-0.9935715927675552,-0.30470178870269926,-0.999131188916327,-0.008243185811061853,-0.008243185811061853,,,,,,,,,,17.5,0.29247659754300653,-0.0573714357879235,0.2867944882070888
11451.76,-0.999940838038304,-0.9938545767786504,-0.3050335592062927,-0.999940838038304,-0.009024069575462909,-0.009024069575462909,,,,,,,,,,17.55,0.30432228778579745,-0.12306814524922666,0.27832766026411565
11452.12,-1.00003141328355,-0.9941383490460449,-0.30536623992001743,-1.00003141328355,-0.008737617302833983,-0.008737617302833983,,,,,,,,,,17.6,0.3152731943245233,-0.18801705202309865,0.25307464355034076
11452.473,-1.00057243991156,-0.9944166035193511,-0.30569243828557013,-1.00057243991156,-0.009127228281623547,-0.009127228281623547,,,,,,,,,,17.650000000000002,0.325268169105251,-0.24749580391805978,0.21105735920842822
11452.822,-1.00126277321696,-0.9946917049674635,-0.3060149271562329,-1.00126277321696,-0.009742890510083922,-0.009742890510083922,,,,,,,,,,17.7,0.3342627197701415,-0.2968277049233895,0.15370386923576568
11453.164,-1.00104963356317,-0.9949612886214876,-0.30633093503992725,-1.00104963356317,-0.009027159040538251,-0.009027159040538251,,,,,,,,,,17.75,0.3422255283307288,-0.33180758380798747,0.08379761075801523
11453.512,-1.00150655513609,-0.9952356018133024,-0.30665247398819506,-1.00150655513609,-0.00929791158727489,-0.00929791158727489,,,,,,,,,,17.8,0.34913590745173606,-0.34909569232333215,0.00529900683530653
11453.86,-1.00278624213046,-0.9955099150051172,-0.3069739998906087,-1.00278624213046,-0.010788574369654833,-0.010788574369654833,,,,,,,,,,17.85,0.35498191927928346,-0.34654241705477346,-0.07694489064934198
11454.203,-1.0027430927628,-0.9957802869154389,-0.3072908934019507,-1.0027430927628,-0.01032371791588247,-0.01032371791588247,,,,,,,,,,17.900000000000002,0.3597589661151449,-0.3234132333769247,-0.15757662953915727
11454.557,-1.00321989686312,-0.9960593296450444,-0.30761793638911694,-1.00321989686312,-0.010616937725636074,-0.010616937725636074,,,,,,,,,,17.95,0.36346872025202165,-0.2804927609838393,-0.23115648733553892
11454.922,-1.0031362679463,-0.9963470431939285,-0.30795512759366517,-1.0031362679463,-0.010066350081781163,-0.010066350081781163,,,,,,,,,,18.0,0.3661183001009115,-0.22005807095286214,-0.2926039218419435
11455.27,-1.0026887034499,-0.9966213563857433,-0.3082766006378881,-1.0026887034499,-0.008996025591012109,-0.008996025591012109,,,,,,,,,,18.05,0.3677196271657351,-0.14572346017252402,-0.33761279205363953
11455.613,-1.00398729221104,-0.996891728296065,-0.3085934420504941,-1.00398729221104,-0.010520557648477067,-0.010520557648477067,,,,,,,,,,18.1,0.3682889174425143,-0.062170613483784935,-0.3630035007131872
11455.961,-1.0044325885942,-0.9971660414878798,-0.3089148891904525,-1.0044325885942,-0.010774073583647728,-0.010774073583647728,,,,,,,,,,18.150000000000002,0.3678462741421197,0.02521166508246204,-0.3669812711079534
11456.31,-1.00460539483785,-0.9974411429359922,-0.3092372469269522,-1.00460539483785,-0.010622400988120973,-0.010622400988120973,,,,,,,,,,18.2,0.3664153580779996,0.11074608047065704,-0.3492785711947061
11456.664,-1.0047396462227,-0.9977201856655977,-0.3095642095648836,-1.0047396462227,-0.010407719574810737,-0.010407719574810737,,,,,,,,,,18.25,0.3640231188538096,0.1889069324786518,-0.31117037442783796
11457.006,-1.00435477486067,-0.99798976931962,-0.3098800759026368,-1.00435477486067,-0.009437362347785784,-0.009437362347785784,,,,,,,,,,18.3,0.3606995749679161,0.2547433782045298,-0.2553624769675044
11457.361,-1.00515461277003,-0.9982696003055249,-0.31020793552818127,-1.00515461277003,-0.01020837405050184,-0.01020837405050184,,,,,,,,,,18.35,0.35647763469950133,0.3042497230906567,-0.18576439389778077
11457.726,-1.0058409115747,-0.998557313854409,-0.3105450164811483,-1.0058409115747,-0.010799354444953531,-0.010799354444953531,,,,,,,,,,18.400000000000002,0.3513929525595982,0.33465197208803527,-0.10716839406345922
11458.08,-1.00608026014248,-0.9988363565840128,-0.3108719251207317,-1.00608026014248,-0.01074050010683773,-0.01074050010683773,,,,,,,,,,18.45,0.34548381847254145,0.34458793526725334,-0.02486410454086763
11458.434,-1.00612491763581,-0.9991153993136166,-0.3111988202607261,-1.00612491763581,-0.010392978272108474,-0.010392978272108474,,,,,,,,,,18.5,0.33879107891944277,0.33416812731279316,0.05577685759937522
11458.783,-1.00656760038239,-0.999390500761729,-0.31152108502280207,-1.00656760038239,-0.010641450237474648,-0.010641450237474648,,,,,,,,,,18.55,0.33135809120162885,0.30491556868297776,0.12970998642943132
11459.137,-1.00681639984789,-0.9996695434913345,-0.31184795335429794,-1.00681639984789,-0.010596608698829843,-0.010596608698829843,,,,,,,,,,18.6,0.3232307139207599,0.25959336384175696,0.19258603238824287
11459.491,-1.0068294652671,-0.9999485862209383,-0.3121748081862039,-1.0068294652671,-0.010202245451494368,-0.010202245451494368,,,,,,,,,,18.650000000000002,0.31445733886663707,0.20193860744975597,0.24104816279810218
11459.84,-1.00769020712471,-1.0002236876690507,-0.3124970332095156,-1.00769020712471,-0.011070571600511954,-0.011070571600511954,,,,,,,,,,18.7,0.30508897189872125,0.1363288862348246,0.27293536881868385
11460.2,-1.00749571822097,-1.0005074599364452,-0.31282940057460173,-1.00749571822097,-0.010361456119030716,-0.010361456119030716,,,,,,,,,,18.75,0.29517937325770804,0.0674127395665148,0.2873784698632634
11460.56,-1.00779013280053,-1.0007912322038397,-0.313161753978612,-1.00779013280053,-0.010377235422831243,-0.010377235422831243,,,,,,,,,,18.8,0.28478527121489344,-0.0002624858595468653,0.28478515024859347
11460.914,-1.00774924344526,-1.0010702749334435,-0.3134885545452315,-1.00774924344526,-0.009902873697273414,-0.009902873697273414,,,,,,,,,,18.85,0.27396666722747726,-0.06259301033388673,0.26672054628219627
11461.257,-1.00790086670366,-1.001340646843767,-0.3138051874150989,-1.00790086670366,-0.009726805656281985,-0.009726805656281985,,,,,,,,,,18.900000000000002,0.26278725595652463,-0.11620284801454046,0.23569904540848183
11461.606,-1.00848374073211,-1.0016157482918793,-0.3141273460442191,-1.00848374073211,-0.010183138544388036,-0.010183138544388036,,,,,,,,,,18.95,0.25131498965683263,-0.15864799125192827,0.19491033553391154
11461.96,-1.00883288724164,-1.001894791021483,-0.31445410672222884,-1.00883288724164,-0.010287081073400532,-0.010287081073400532,,,,,,,,,,19.0,0.23962282333553492,-0.18852693612905863,0.14790771385253315
11462.309,-1.00912567748668,-1.0021698924695954,-0.31477623892149875,-1.00912567748668,-0.010313308165431155,-0.010313308165431155,,,,,,,,,,19.05,0.22778968387945,-0.20549317423398322,0.09828883672697315
11462.658,-1.00977616728123,-1.0024449939177078,-0.3150983579998341,-1.00977616728123,-0.010869894616710847,-0.010869894616710847,,,,,,,,,,19.1,0.21590171103000244,-0.21017457511674442,0.04939834815232826
11463.012,-1.00918199044433,-1.0027240366473134,-0.3154250785604287,-1.00918199044433,-0.009575176268841227,-0.009575176268841227,,,,,,,,,,19.150000000000002,0.20405381621734797,-0.20401305633655756,0.004078327730800024
11463.373,-1.00961688953679,-1.0030085971710054,-0.31575824579444234,-1.00961688953679,-0.009798082523857167,-0.009798082523857167,,,,,,,,,,19.200000000000003,0.19235158803129263,-0.18904480148514796,-0.035513327774247275
11463.727,-1.01070041126992,-1.0032876399006092,-0.31608493908891955,-1.01070041126992,-0.010990879577763575,-0.010990879577763575,,,,,,,,,,19.25,0.18091352409819128,-0.16764593477552325,-0.06800399808002351
11464.082,-1.01071185065471,-1.0035674708865123,-0.3164125416889716,-1.01071185065471,-0.010592936673476603,-0.010592936673476603,,,,,,,,,,19.3,0.1698734601791691,-0.14227061719098438,-0.09282275560087691
11464.431,-1.01036160057674,-1.0038425723346247,-0.31673459410994553,-1.01036160057674,-0.009665731047602743,-0.009665731047602743,,,,,,,,,,19.35,0.15938285545306616,-0.11520787790302484,-0.11013645845701912
11464.785,-1.01073930142777,-1.0041216150642285,-0.31706124705820127,-1.01073930142777,-0.009812010958035796,-0.009812010958035796,,,,,,,,,,19.400000000000002,0.14961222614712155,-0.08838028549803656,-0.12071761821699013
11465.128,-1.01047682091488,-1.004391986974552,-0.31737773689671833,-1.01047682091488,-0.009021953296133072,-0.009021953296133072,,,,,,,,,,19.450000000000003,0.14075046963366003,-0.06320219132520018,-0.12576238592595423
11465.477,-1.01113708146683,-1.0046670884226643,-0.31769974999248163,-1.01113708146683,-0.009593026801257384,-0.009593026801257384,,,,,,,,,,19.5,0.13300017405519207,-0.040508337861993884,-0.12668117801145495
11465.826,-1.01095082181092,-1.0049421898707749,-0.3180217499673068,-1.01095082181092,-0.008908968965999357,-0.008908968965999357,,,,,,,,,,19.55,0.12656662875521973,-0.020555852744035607,-0.12488622194792802
11466.187,-1.01145970039239,-1.0052267503944687,-0.31835480776909275,-1.01145970039239,-0.00924156424478297,-0.00924156424478297,,,,,,,,,,19.6,0.12163891199001034,-0.0030948421031639327,-0.12159953479545045
11466.541,-1.01141138202733,-1.0055057931240725,-0.3186813937532964,-1.01141138202733,-0.00875618756302137,-0.00875618756302137,,,,,,,,,,19.650000000000002,0.11836404583310198,0.01250426257808734,-0.11770170246584757
11466.879,-1.01107664784157,-1.0057722237529045,-0.318993206190914,-1.01107664784157,-0.007864843455077562,-0.007864843455077562,,,,,,,,,,19.700000000000003,0.1168197010905419,0.027084071613327262,-0.11363668257973619
11467.228,-1.01171053106042,-1.006047325201017,-0.3193151534564249,-1.01171053106042,-0.008396807418406963,-0.008396807418406963,,,,,,,,,,19.75,0.11699485275959215,0.041515437805115775,-0.10938127808765177
11467.577,-1.01093954157485,-1.0063224266491293,-0.3196370876009995,-1.01093954157485,-0.0068457735463666475,-0.0068457735463666475,,,,,,,,,,19.8,0.1187870701482411,0.05651696802048125,-0.10448062193619949
11467.926,-1.01180614340128,-1.0065975280972417,-0.3199590086246378,-1.01180614340128,-0.007722788242274252,-0.007722788242274252,,,,,,,,,,19.85,0.12201838206772868,0.07250029756509721,-0.09814373344945959
11468.275,-1.01170952856269,-1.006872629545354,-0.3202809165273406,-1.01170952856269,-0.007171646335867636,-0.007171646335867636,,,,,,,,,,19.900000000000002,0.12646324250659077,0.08945932174228645,-0.08938669620637549
11468.619,-1.01250986028584,-1.0071437897119768,-0.3205981997286633,-1.01250986028584,-0.007956246394874848,-0.007956246394874848,,,,,,,,,,19.950000000000003,0.13187828949806352,0.10691646141612464,-0.07720591634835622
11468.979,-1.01229204818092,-1.0074275619793696,-0.3209302266373504,-1.01229204818092,-0.007212549717947504,-0.007212549717947504,,,,,,,,,,20.0,0.13802594446382066,0.12393261432556808,-0.06076074762179692
11469.34,-1.01283659763431,-1.0077121225030616,-0.3212631618237056,-1.01283659763431,-0.00759803402273722,-0.00759803402273722,,,,,,,,,,20.05,0.1446889532607578,0.13918038669964003,-0.03954381309171421
11469.689,-1.01267479562882,-1.0079872239511758,-0.32158501656594396,-1.01267479562882,-0.006950239425219531,-0.006950239425219531,,,,,,,,,,20.1,0.15167688888984382,0.15107323981308687,-0.013518684687482315
11470.038,-1.01273790636577,-1.0082623253992882,-0.32190685818724507,-1.01273790636577,-0.006635921842508622,-0.006635921842508622,,,,,,,,,,20.150000000000002,0.15882719076353327,0.15793703381021734,0.0167919587024877
11470.393,-1.01308927939478,-1.0085421563851895,-0.322234219441083,-1.01308927939478,-0.00674199687725353,-0.00674199687725353,,,,,,,,,,20.200000000000003,0.16600321057888912,0.15820572740956326,0.05027935696993321
11470.743,-1.01280396532807,-1.0088180460896012,-0.32255695668254614,-1.01280396532807,-0.005909902811527637,-0.005909902811527637,,,,,,,,,,20.25,0.17309100708184963,0.1506201681958354,0.0852881097531606
11471.092,-1.01300928159645,-1.0090931475377136,-0.3228787586778683,-1.01300928159645,-0.005806432669452671,-0.005806432669452671,,,,,,,,,,20.3,0.17999590445097002,0.13440826059951244,0.11972027857358285
11471.441,-1.01316936265712,-1.009368248985826,-0.3232005475522559,-1.01316936265712,-0.005635892507833847,-0.005635892507833847,,,,,,,,,,20.35,0.1866393113324541,0.10942638392116891,0.15119556553215996
11471.796,-1.01299637215885,-1.0096480799717291,-0.3235278551523608,-1.01299637215885,-0.004964496324838519,-0.004964496324838519,,,,,,,,,,20.400000000000002,0.19295598965510577,0.07624558424555253,0.17725299666531913
11472.163,-1.01338319434835,-1.009937370033212,-0.3238662123992624,-1.01338319434835,-0.005109106730393214,-0.005109106730393214,,,,,,,,,,20.450000000000003,0.19889180240879975,0.03617141069810843,0.19557499357926567
11472.507,-1.01368211923415,-1.0102085301998311,-0.3241833515222572,-1.01368211923415,-0.005150273342692995,-0.005150273342692995,,,,,,,,,,20.5,0.2044018979315724,-0.008807228775640902,0.2042120677122742
11472.85,-1.01323551841211,-1.0104789021101546,-0.3244995560370594,-1.01323551841211,-0.004087221405792398,-0.004087221405792398,,,,,,,,,,20.55,0.20944926367431133,-0.05613780251969948,0.20178587954059227
11473.2,-1.01337022399547,-1.0107547918145663,-0.324822200640952,-1.01337022399547,-0.003877888405290626,-0.003877888405290626,,,,,,,,,,20.6,0.21400358041298317,-0.10288326258133572,0.18765011779957955
11473.555,-1.01332848052884,-1.0110346228004676,-0.32514944097311194,-1.01332848052884,-0.0034010915493010207,-0.0034010915493010207,,,,,,,,,,20.650000000000002,0.2180403152650797,-0.14594533532798182,0.1619924016023538
11473.91,-1.01400154525277,-1.0113144537863707,-0.3254766677293093,-1.01400154525277,-0.0039841372747444845,-0.0039841372747444845,,,,,,,,,,20.700000000000003,0.22154000208885866,-0.1823122793784679,0.1258658226579359
11474.26,-1.01376319580247,-1.0115903434907807,-0.325799272367461,-1.01376319580247,-0.0032216774143220893,-0.0032216774143220893,,,,,,,,,,20.75,0.2244876679407635,-0.209308752793064,0.08114529599240192
11474.615,-1.01400569082188,-1.0118701744766838,-0.326126472162942,-1.01400569082188,-0.003166319560801293,-0.003166319560801293,,,,,,,,,,20.8,0.226872373095926,-0.22482492860564082,0.03041093802640022
11474.982,-1.01439043520162,-1.0121594645381666,-0.326464717961124,-1.01439043520162,-0.0033078492080646305,-0.0033078492080646305,,,,,,,,,,20.85,0.22868683941661572,-0.22750367944414113,-0.02323244200979459
11475.337,-1.01408728484827,-1.012439295524068,-0.32679189014577137,-1.01408728484827,-0.0024434656493970432,-0.0024434656493970432,,,,,,,,,,20.900000000000002,0.22992714767129732,-0.21686835132029195,-0.07638462824336446
11475.692,-1.01472762027209,-1.012719126509971,-0.32711904875445885,-1.01472762027209,-0.00297798380286364,-0.00297798380286364,,,,,,,,,,20.950000000000003,0.23059248898132975,-0.193379002819952,-0.12560834861969042
11476.048,-1.01479417771674,-1.0129997457521718,-0.3274471153033094,-1.01479417771674,-0.002660595430571365,-0.002660595430571365,,,,,,,,,,21.0,0.23068495914529666,-0.1584114807755257,-0.16769422510740326
11476.403,-1.01488261842617,-1.013279576738075,-0.32777424672182676,-1.01488261842617,-0.0023768220108513816,-0.0023768220108513816,,,,,,,,,,21.05,0.23020938738357194,-0.11416071330480239,-0.19990921333760034
11476.753,-1.01476909570174,-1.0135554664424866,-0.32809675736508304,-1.01476909570174,-0.001799442121704517,-0.001799442121704517,,,,,,,,,,21.1,0.22917319324474728,-0.06347645780087051,-0.22020692951641777
11477.102,-1.01453414333229,-1.013830567890599,-0.32841833340962356,-1.01453414333229,-0.0010431878400449636,-0.0010431878400449636,,,,,,,,,,21.150000000000002,0.22758626717292368,-0.009645797628023277,-0.22738176618591172
11477.458,-1.01485956292345,-1.0141111871327997,-0.3287463458851514,-1.01485956292345,-0.0011096130966624237,-0.0011096130966624237,,,,,,,,,,21.200000000000003,0.22546087167276466,0.043858627680812515,-0.22115385014373753
11477.819,-1.0148090338517,-1.0143957476564918,-0.3290789513359451,-1.0148090338517,-0.0006127774048840882,-0.0006127774048840882,,,,,,,,,,21.25,0.22281156122640777,0.09364277633914794,-0.2021781943129515
11478.169,-1.01505732433163,-1.0146716373609017,-0.32940140859100353,-1.01505732433163,-0.0005718561707619721,-0.0005718561707619721,,,,,,,,,,21.3,0.21965512019439612,0.13664500823020134,-0.17197823569679627
11478.518,-1.01524631434437,-1.014946738809014,-0.3297229313998855,-1.01524631434437,-0.0004441791699082847,-0.0004441791699082847,,,,,,,,,,21.35,0.2160105189418147,0.17035805329963272,-0.13281068469619298
11478.868,-1.01513966877707,-1.0152226285134258,-0.33004536230017933,-1.01513966877707,0.00012300399225384813,0.00012300399225384813,,,,,,,,,,21.400000000000002,0.21189888943411295,0.19300086145149634,-0.08747460672898587
11479.218,-1.01584153846389,-1.0154985182178375,-0.33036778000423705,-1.01584153846389,-0.0005085944283543924,-0.0005085944283543924,,,,,,,,,,21.450000000000003,0.20734352260534816,0.20362687735968038,-0.0390823640935423
11479.574,-1.01548436048134,-1.0157791374600382,-0.3306957113314297,-1.01548436048134,0.00043706437360026685,0.00043706437360026685,,,,,,,,,,21.5,0.20236989097591618,0.20216125399257268,0.009186955848087588
11479.918,-1.01545525762232,-1.0160502976266574,-0.33101257582364774,-1.01545525762232,0.0008822628819636226,0.0008822628819636226,,,,,,,,,,21.55,0.1970057013508586,0.18936605196375803,0.05432996160870154
11480.279,-1.01538009687115,-1.0163348581503513,-0.33134508560873854,-1.01538009687115,0.0014156198434309975,0.0014156198434309975,,,,,,,,,,21.6,0.1912809840292372,0.16673894314087606,0.0937365440554376
11480.641,-1.01615282948255,-1.016620206930341,-0.33167850237643304,-1.01615282948255,0.0006929782385169025,0.0006929782385169025,,,,,,,,,,21.650000000000002,0.18522822686357382,0.13635673833130146,0.1253648114052446
11480.996,-1.0158088552284,-1.016900037916244,-0.3320054581487559,-1.0158088552284,0.0016178911937156225,0.0016178911937156225,,,,,,,,,,21.700000000000003,0.17888256477525197,0.1006796576480417,0.14785999633587624
11481.346,-1.01627165914575,-1.017175927620654,-0.3323277956197037,-1.01627165914575,0.001340754411337375,0.001340754411337375,,,,,,,,,,21.75,0.17228203796476457,0.06233525103383589,0.1606095174136366
11481.696,-1.01642320721621,-1.0174518173250657,-0.33265011989441895,-1.01642320721621,0.0015251151392187327,0.0015251151392187327,,,,,,,,,,21.8,0.16546793496523532,0.023902010586329698,0.16373249949716864
11482.046,-1.01595231775535,-1.0177277070294775,-0.33297243097289986,-1.01595231775535,0.0026323609273008097,0.0026323609273008097,,,,,,,,,,21.85,0.15848523957977662,-0.012288065733391272,0.15800814727472456
11482.396,-1.01580071226512,-1.0180035967338892,-0.33329472885514466,-1.01580071226512,0.0032662059456203553,0.0032662059456203553,,,,,,,,,,21.900000000000002,0.15138320292134827,-0.04431127332572237,0.14475284170951266
11482.746,-1.01591456270874,-1.0182794864382974,-0.3336170135411516,-1.01591456270874,0.0035064607590314144,0.0035064607590314144,,,,,,,,,,21.950000000000003,0.14421606178595148,-0.07076574839801353,0.12566018196198198
11483.096,-1.0164747687005,-1.018555376142709,-0.33393928503092685,-1.0164747687005,0.0030849064009435974,0.0030849064009435974,,,,,,,,,,22.0,0.13704391963285548,-0.09082928368658298,0.10262103650479655
11483.458,-1.01716547182265,-1.0188407249227005,-0.33427259194626835,-1.01716547182265,0.0024838895154866594,0.0024838895154866594,,,,,,,,,,22.05,0.12993379142801678,-0.10425960416680707,0.07754176354610508
11483.808,-1.01691302762134,-1.0191166146271122,-0.33459483659113065,-1.01691302762134,0.003267247593772495,0.003267247593772495,,,,,,,,,,22.1,0.12296077986316775,-0.11134093572256795,0.05217805493673939
11484.152,-1.01730720768636,-1.0193877747937332,-0.33491154418323976,-1.01730720768636,0.0030848465966811624,0.0030848465966811624,,,,,,,,,,22.150000000000002,0.11620928446909784,-0.11278575928377424,0.027999469630731168
11484.503,-1.0173345313021,-1.0196644527544425,-0.33523468326717154,-1.0173345313021,0.00345456305510265,0.00345456305510265,,,,,,,,,,22.200000000000003,0.10977402862231442,-0.10960463919836608,0.0060959352169046264
11484.853,-1.01778561596961,-1.0199403424588525,-0.33555688851184584,-1.01778561596961,0.003194802346707701,0.003194802346707701,,,,,,,,,,22.25,0.10376050453952963,-0.10295958184881332,-0.01286727662775841
11485.203,-1.01721255174548,-1.0202162321632624,-0.33587908056028404,-1.01721255174548,0.004453542152751224,0.004453542152751224,,,,,,,,,,22.3,0.09828418311718612,-0.0940173027253999,-0.02864485013493848
11485.553,-1.01759043304766,-1.0204921218676741,-0.33620125941249146,-1.01759043304766,0.004302319713373774,0.004302319713373774,,,,,,,,,,22.35,0.09346757084081896,-0.08381800957079331,-0.041360948616707395
11485.903,-1.01829588077267,-1.0207680115720859,-0.3365234250684628,-1.01829588077267,0.003665416153174194,0.003665416153174194,,,,,,,,,,22.400000000000002,0.08943409177264544,-0.07317296795853956,-0.051421527897725014
11486.265,-1.01784733681956,-1.0210533603520755,-0.33685662252141135,-1.01784733681956,0.004753555291781562,0.004753555291781562,,,,,,,,,,22.450000000000003,0.08629814349157554,-0.062600480611083,-0.059401594232427656
11486.621,-1.0181607329977,-1.0213339795942762,-0.3371842835970371,-1.0181607329977,0.004704957090395049,0.004704957090395049,,,,,,,,,,22.5,0.08415184900948622,-0.05230538415690085,-0.06592177546087781
11486.977,-1.01888013910157,-1.0216145988364786,-0.33751193102011,-1.01888013910157,0.004054369973023711,0.004054369973023711,,,,,,,,,,22.55,0.08305093405392672,-0.042202230355934546,-0.07152922060399038
11487.322,-1.01870975423499,-1.0218865472593972,-0.3378294414796512,-1.01870975423499,0.0047102153614625554,0.0047102153614625554,,,,,,,,,,22.6,0.08300387384829144,-0.031977489079165894,-0.0765968880961551
11487.678,-1.01854627403514,-1.022167166501598,-0.3381570620194605,-1.01854627403514,0.005368679415586631,0.005368679415586631,,,,,,,,,,22.650000000000002,0.0839684393028309,-0.02118188377506183,-0.08125285594176349
11488.034,-1.01906798441856,-1.0224477857437986,-0.33848466890671336,-1.01906798441856,0.005011214768642868,0.005011214768642868,,,,,,,,,,22.700000000000003,0.08585728869494957,-0.009340773792749217,-0.08534766526976942
11488.379,-1.01936030192306,-1.022719734166719,-0.33880214008294995,-1.01936030192306,0.004981013631767334,0.004981013631767334,,,,,,,,,,22.75,0.08855059911968731,0.003931352458308657,-0.08846328657869387
11488.735,-1.01970969085189,-1.0230003534089196,-0.3391297200869401,-1.01970969085189,0.004879049156311889,0.004879049156311889,,,,,,,,,,22.8,0.09191136116922029,0.018826539687445257,-0.08996254618104083
11489.097,-1.01994065911322,-1.0232857021889092,-0.33946280710259114,-1.01994065911322,0.00495967888333099,0.00495967888333099,,,,,,,,,,22.85,0.09579912700981555,0.035262242378513185,-0.08907326758507156
11489.453,-1.02015933558607,-1.02356632143111,-0.3397903595713716,-1.02015933558607,0.00505152112218177,0.00505152112218177,,,,,,,,,,22.900000000000002,0.10007988573202144,0.05283387104600781,-0.08499744465822656
11489.804,-1.02002573829544,-1.0238429993918192,-0.3401132982178545,-1.02002573829544,0.005659834215429934,0.005659834215429934,,,,,,,,,,22.950000000000003,0.10463173766576676,0.07080774376708666,-0.07703287577114355
11490.154,-1.0205545205556,-1.024118889096231,-0.3404353035961263,-1.0205545205556,0.005284871669323667,0.005284871669323667,,,,,,,,,,23.0,0.10934721448115546,0.08815673683735462,-0.06469314542497696
11490.511,-1.02030482011433,-1.0244002965947292,-0.34076373548719907,-1.02030482011433,0.006072342794219251,0.006072342794219251,,,,,,,,,,23.05,0.11413341206881943,0.10363622809883057,-0.0478117974554199
11490.867,-1.02091299694465,-1.0246809158369299,-0.34109123372925776,-1.02091299694465,0.005586674772579526,0.005586674772579526,,,,,,,,,,23.1,0.11891093742957827,0.11589345512806326,-0.02661800328463174
11491.217,-1.0211560762783,-1.0249568055413416,-0.34141319902867995,-1.0211560762783,0.005635322547612207,0.005635322547612207,,,,,,,,,,23.150000000000002,0.12361235766078492,0.12359962970505636,-0.001773838558257666
11491.568,-1.02183741369145,-1.025233483502051,-0.34173607097611036,-1.02183741369145,0.005035335971715257,0.005035335971715257,,,,,,,,,,23.200000000000003,0.12818055611919432,0.1255914494539926,0.025632845941704382
11491.942,-1.02247574295156,-1.0255282913576202,-0.34208008517006583,-1.02247574295156,0.004525998478140118,0.004525998478140118,,,,,,,,,,23.25,0.13256720133172367,0.12100730621339514,0.054141432488468366
11492.298,-1.02228174467878,-1.0258089105998227,-0.3424075285334567,-1.02228174467878,0.0052297115286015355,0.0052297115286015355,,,,,,,,,,23.3,0.13673141261193364,0.10940364950368117,0.08201414920689314
11492.66,-1.0225619069039,-1.0260942593798124,-0.34274047660557105,-1.0225619069039,0.005237401607946363,0.005237401607946363,,,,,,,,,,23.35,0.14063864019529176,0.09083861198763268,0.10736653895949638
11493.011,-1.02296320556456,-1.0263709373405216,-0.34306329399136537,-1.02296320556456,0.005052627110283284,0.005052627110283284,,,,,,,,,,23.400000000000002,0.14425974589158633,0.06591298206940797,0.1283212884887888
11493.367,-1.02340194295063,-1.0266515565827223,-0.3433906963587372,-1.02340194295063,0.00481818611760394,0.00481818611760394,,,,,,,,,,23.450000000000003,0.1475702577202679,0.035762623852109744,0.14317128098483578
11493.718,-1.0237658916902,-1.0269282345434334,-0.34371348701197846,-1.0237658916902,0.004688790163876541,0.004688790163876541,,,,,,,,,,23.5,0.15054976938488557,0.0020011005198328864,0.15053646952998384
11494.069,-1.02351682565424,-1.027204912504141,-0.34403626439346446,-1.02351682565424,0.0054683081967714054,0.0054683081967714054,,,,,,,,,,23.55,0.15318145741636308,-0.033383905601125086,0.14949941051059773
11494.42,-1.02359074683904,-1.0274815904648502,-0.3443590285032041,-1.02359074683904,0.005768934669189098,0.005768934669189098,,,,,,,,,,23.6,0.15545169252970592,-0.06817224152829668,0.13970602777030705
11494.782,-1.0242110921816,-1.0277669392448399,-0.3446918938253374,-1.0242110921816,0.0052722369167913724,0.0052722369167913724,,,,,,,,,,23.650000000000002,0.15734972578871637,-0.10007906740173521,0.12142123567886785
11495.139,-1.02412160145063,-1.02804834674334,-0.3450201477346466,-1.02412160145063,0.005822165893771049,0.005822165893771049,,,,,,,,,,23.700000000000003,0.1588674339312438,-0.12693416059104906,0.095533137910067
11495.49,-1.02491929740179,-1.0283250247040492,-0.3453428713863431,-1.02491929740179,0.005049655087003221,0.005049655087003221,,,,,,,,,,23.75,0.15999911144646753,-0.14685682389048044,0.06350424348387715
11495.835,-1.02547226131435,-1.0285969731269677,-0.34566006546103445,-1.02547226131435,0.00463299480540821,0.00463299480540821,,,,,,,,,,23.8,0.16074129968161127,-0.15841068895967922,0.027273046156477174
11496.186,-1.02556312608942,-1.0288736510876788,-0.3459827627961021,-1.02556312608942,0.004908499100036463,0.004908499100036463,,,,,,,,,,23.85,0.16109264543798554,-0.16072440319720815,-0.010886075101237723
11496.542,-1.02613739929466,-1.0291542703298795,-0.34631004340262184,-1.02613739929466,0.004473099816219232,0.004473099816219232,,,,,,,,,,23.900000000000002,0.161053783274553,-0.15356721125593073,-0.04853280060044989
11496.893,-1.02646897075131,-1.0294309482905888,-0.34663271400513285,-1.02646897075131,0.004391709500313494,0.004391709500313494,,,,,,,,,,23.950000000000003,0.1606272371541855,-0.13737250003534465,-0.08324605425980369
11497.239,-1.0267288722501,-1.029703684969805,-0.346950775170801,-1.0267288722501,0.004410740159077049,0.004410740159077049,,,,,,,,,,24.0,0.1598173382197831,-0.11320707830568039,-0.11280841731514583
11497.601,-1.02709649482113,-1.0299890337497963,-0.3472835305625912,-1.02709649482113,0.004288753214564568,0.004288753214564568,,,,,,,,,,24.05,0.15863015644072895,-0.08268885933402127,-0.13537384930055207
11497.958,-1.02699119514038,-1.0302704412482964,-0.3476116760599268,-1.02699119514038,0.004862122043473832,0.004862122043473832,,,,,,,,,,24.1,0.15707344468148352,-0.047860241469203056,-0.14960435926341398
11498.315,-1.02761812823128,-1.0305518487467946,-0.347939807827899,-1.02761812823128,0.00434981295043419,0.00434981295043419,,,,,,,,,,24.150000000000002,0.15515659446221985,-0.01102840165680029,-0.15476415334957264
11498.666,-1.02740469174971,-1.030828526707504,-0.3482624113910582,-1.02740469174971,0.005076503218626754,0.005076503218626754,,,,,,,,,,24.200000000000003,0.1528906033494346,0.025413434060546553,-0.15076370240148787
11499.017,-1.02820918008032,-1.0311052046682132,-0.3485850016824674,-1.02820918008032,0.004293921384322511,0.004293921384322511,,,,,,,,,,24.25,0.1502880545722029,0.059168159009012816,-0.1381507448643749
11499.368,-1.02896507490091,-1.0313818826289225,-0.34890757870212585,-1.02896507490091,0.0035833889078468535,0.0035833889078468535,,,,,,,,,,24.3,0.14736311014613582,0.0882047464170583,-0.11805002728269313
11499.713,-1.02916209769925,-1.031653831051841,-0.3492246286513101,-1.02916209769925,0.003694480762162258,0.003694480762162258,,,,,,,,,,24.35,0.14413151954196057,0.11090173638171975,-0.09205813268252891
11500.065,-1.02969434098209,-1.0319312972688497,-0.3495480982832513,-1.02969434098209,0.0033167240622426733,0.0033167240622426733,,,,,,,,,,24.400000000000002,0.14061064680173574,0.12615265779968968,-0.062103630522513525
11500.422,-1.0301787378522,-1.0322127047673497,-0.3498761490210631,-1.0301787378522,0.003015752721325827,0.003015752721325827,,,,,,,,,,24.450000000000003,0.13681952002931114,0.13342548780837474,-0.03028564452258388
11500.784,-1.02982124223419,-1.0324980535473394,-0.3502087802878817,-1.02982124223419,0.003968894942183546,0.003968894942183546,,,,,,,,,,24.5,0.13277890841196138,0.13277259826383678,0.0012944764740363682
11501.136,-1.03064889131919,-1.032775519764348,-0.3505322093085983,-1.03064889131919,0.003153141515215923,0.003153141515215923,,,,,,,,,,24.55,0.12851143341515567,0.12479221486444157,0.03069351116514758
11501.481,-1.03090452775195,-1.0330474681872666,-0.3508491935502249,-1.03090452775195,0.003177327222635582,0.003177327222635582,,,,,,,,,,24.6,0.12404172256800629,0.11054678077852036,0.05626507084456574
11501.827,-1.03159304408387,-1.0333202048664827,-0.35116708370906213,-1.03159304408387,0.0025608527806106757,0.0025608527806106757,,,,,,,,,,24.650000000000002,0.11939661632287692,0.09144736190365915,0.0767654348663086
11502.184,-1.03167686132102,-1.0336016123649827,-0.35149506668458397,-1.03167686132102,0.00285381888735286,0.00285381888735286,,,,,,,,,,24.700000000000003,0.11460544074410983,0.0691160113696383,0.09141872904664393
11502.535,-1.03252973069162,-1.033878290325692,-0.35181752395600707,-1.03252973069162,0.0019995027234864424,0.0019995027234864424,,,,,,,,,,24.75,0.10970036099455632,0.045239582559815986,0.09993772747140875
11502.881,-1.03256498894438,-1.03415102700491,-0.3521353748294924,-1.03256498894438,0.0023516108160576846,0.0023516108160576846,,,,,,,,,,24.8,0.10471683212912265,0.021428720695754803,0.10250085297451034
11503.238,-1.03258035202427,-1.0344324345034082,-0.3524633172707041,-1.03258035202427,0.002746073564411809,0.002746073564411809,,,,,,,,,,24.85,0.09969416329522447,-0.0009053172796415884,0.09969005264196656
11503.606,-1.0334458464494,-1.0347225128211903,-0.35280135001054447,-1.0334458464494,0.0018929069378044846,0.0018929069378044846,,,,,,,,,,24.900000000000002,0.09467620662268014,-0.020645627652913046,0.09239773892946566
11503.964,-1.03336380714002,-1.035004708575988,-0.35313018307889443,-1.03336380714002,0.0024329564724427516,0.0024329564724427516,,,,,,,,,,24.950000000000003,0.08971216841357732,-0.037029216841026905,0.08171358676258354
11504.321,-1.03417249007759,-1.0352861160744862,-0.35345808387052546,-1.03417249007759,0.0016511677774423779,0.0016511677774423779,,,,,,,,,,25.0,0.08485751021008771,-0.049667744772461934,0.06880343136990132
11504.672,-1.03420058359231,-1.0355627940351955,-0.35378046033930044,-1.03420058359231,0.00201974271044024,0.00201974271044024,,,,,,,,,,25.05,0.08017484942407359,-0.0585300409791685,0.05479270739021508
11505.024,-1.03502829807835,-1.0358402602522023,-0.35410374193103156,-1.03502829807835,0.0012038923136704067,0.0012038923136704067,,,,,,,,,,25.1,0.07573466858325056,-0.06389077437649467,0.04066582072191157
11505.375,-1.03580823805133,-1.0361169382129116,-0.35442609181849605,-1.03580823805133,0.0004577082082452919,0.0004577082082452919,,,,,,,,,,25.150000000000002,0.0716154863898117,-0.06625288213021806,0.027190687749461918
11505.727,-1.03545296739723,-1.0363944044299203,-0.3547493467531888,-1.03545296739723,0.0013958640487934761,0.0013958640487934761,,,,,,,,,,25.200000000000003,0.06790294005367586,-0.06625370823129237,0.014874656753548342
11506.084,-1.03598566138844,-1.0366758119284203,-0.3550771797440744,-1.03598566138844,0.0010232828044388492,0.0010232828044388492,,,,,,,,,,25.25,0.06468703984522388,-0.06456605372074506,0.003954469732776368
11506.453,-1.03586660572153,-1.0369666785024982,-0.3554160179019359,-1.03586660572153,0.0016310724909787007,0.0016310724909787007,,,,,,,,,,25.3,0.062056848344321514,-0.06180539729843037,-0.005580796646832414
11506.81,-1.03696088475278,-1.0372480860009965,-0.3557438229726033,-1.03696088475278,0.0004258318753494734,0.0004258318753494734,,,,,,,,,,25.35,0.06009227538420505,-0.058453428994264825,-0.013938371485348502
11507.162,-1.03732268747011,-1.0375255522180051,-0.3560670234935639,-1.03732268747011,0.0003007865619489278,0.0003007865619489278,,,,,,,,,,25.400000000000002,0.0588537727065186,-0.05480589060767692,-0.021449496881976154
11507.514,-1.03748406222902,-1.037803018435012,-0.35639021066704224,-1.03748406222902,0.0004729147947489099,0.0004729147947489099,,,,,,,,,,25.450000000000003,0.058372233448588884,-0.05094977707218338,-0.028485748262444786
11507.871,-1.03737659869856,-1.0380844259335102,-0.356717974934198,-1.03737659869856,0.0010494919529568222,0.0010494919529568222,,,,,,,,,,25.5,0.058642419269004,-0.0467715416614912,-0.0353745138246315
11508.229,-1.03835325288493,-1.0383666216883078,-0.3570466435214419,-1.03835325288493,1.9821858884434262e-05,1.9821858884434262e-05,,,,,,,,,,25.55,0.0596226096874615,-0.04199442723484713,-0.042324031792357726
11508.58,-1.03820687815258,-1.038643299649019,-0.3573688722238435,-1.03820687815258,0.0006470800020038909,0.0006470800020038909,,,,,,,,,,25.6,0.06124079280249046,-0.036239783910899465,-0.04936712230998359
11508.938,-1.03895773991516,-1.0389254954038165,-0.35769751346827316,-1.03895773991516,-4.780877806196006e-05,-4.780877806196006e-05,,,,,,,,,,25.650000000000002,0.06340507419162232,-0.029104567882220166,-0.05633052069379769
11509.301,-1.03892671870332,-1.0392116324401037,-0.35803073057724255,-1.03892671870332,0.0004224401934214617,0.0004224401934214617,,,,,,,,,,25.700000000000003,0.0660148385923524,-0.020245418795597405,-0.0628337642686256
11509.664,-1.03943363718003,-1.0394977694763945,-0.35836393349148565,-1.03943363718003,9.508863976391988e-05,9.508863976391988e-05,,,,,,,,,,25.75,0.06896993155930242,-0.00945896461508465,-0.06831822193021007
11510.022,-1.03952564656683,-1.039779965231192,-0.35869253293110415,-1.03952564656683,0.00037707703031991934,0.00037707703031991934,,,,,,,,,,25.8,0.07217672035086849,0.0032516257237009613,-0.07210343882756522
11510.368,-1.03981004750499,-1.04005270191041,-0.3590101047444021,-1.03981004750499,0.00035978249107016544,0.00035978249107016544,,,,,,,,,,25.85,0.07555121238413191,0.017632374658333717,-0.07346485592867082
11510.726,-1.04008633705997,-1.0403348976652076,-0.35933867703403344,-1.04008633705997,0.0003685395844329642,0.0003685395844329642,,,,,,,,,,25.900000000000002,0.07902002442347386,0.03316267819085093,-0.07172448002667196
11511.078,-1.04039235175909,-1.0406123638822127,-0.3596617290642765,-1.04039235175909,0.0003262108906933094,0.0003262108906933094,,,,,,,,,,25.950000000000003,0.08252005471339213,0.04907106187748358,-0.06634448218290206
11511.429,-1.04107617242811,-1.0408890418429237,-0.3599838500424166,-1.04107617242811,-0.0002774575964412474,-0.0002774575964412474,,,,,,,,,,26.0,0.08599751506955239,0.0643822366919191,-0.057013158101297964
11511.781,-1.04164001568428,-1.0411665080599306,-0.36030687541562045,-1.04164001568428,-0.0007020674210893526,-0.0007020674210893526,,,,,,,,,,26.05,0.08940674273861467,0.07799177746551672,-0.043713250793073546
11512.145,-1.04127948286428,-1.041453433352519,-0.3606408989796801,-1.04127948286428,0.0002579155316516373,0.0002579155316516373,,,,,,,,,,26.1,0.09270902329527606,0.0887616890381701,-0.026764258993202714
11512.503,-1.04205253530851,-1.0417356291073165,-0.36096940273873024,-1.04205253530851,-0.00046987526273685714,-0.00046987526273685714,,,,,,,,,,26.150000000000002,0.09587153235645103,0.09562772914414047,-0.006832871659042331
11512.855,-1.04242184554022,-1.0420130953243234,-0.36129238738695246,-1.04242184554022,-0.0006060519307130858,-0.0006060519307130858,,,,,,,,,,26.200000000000003,0.09886643277016682,0.0977078707754127,0.015091173487610876
11513.201,-1.04228697801873,-1.0422858320035395,-0.36160985360688525,-1.04228697801873,-1.699191075212714e-06,-1.699191075212714e-06,,,,,,,,,,26.25,0.1016701274141404,0.09440086666178675,0.03775302877798155
11513.553,-1.04262182423557,-1.0425632982205482,-0.36193281178766235,-1.04262182423557,-8.677623404586691e-05,-8.677623404586691e-05,,,,,,,,,,26.3,0.10426265154559664,0.08546457353520669,0.0597202409385943
11513.905,-1.04291055074798,-1.0428407644375568,-0.3622557566209599,-1.04291055074798,-0.00010347181854442411,-0.00010347181854442411,,,,,,,,,,26.35,0.10662718335724623,0.07106544099223615,0.0794925111395961
11514.257,-1.04339086471663,-1.0431182306545637,-0.3625786881067734,-1.04339086471663,-0.00040423318023432946,-0.00040423318023432946,,,,,,,,,,26.400000000000002,0.10874965143370198,0.05179320067682995,0.0956240087561764
11514.609,-1.04273623813287,-1.0433956968715705,-0.36290160624510914,-1.04273623813287,0.000977776221936197,0.000977776221936197,,,,,,,,,,26.450000000000003,0.1106184201072825,0.02863804955860562,0.10684707288695412
11514.967,-1.04366149514683,-1.0436778926263681,-0.36323001497920515,-1.04366149514683,2.4312462101448107e-05,2.4312462101448107e-05,,,,,,,,,,26.5,0.11222403671674962,0.002931187174574043,0.11218575024819319
11515.331,-1.04332129205178,-1.0439648179189565,-0.36356391361488427,-1.04332129205178,0.000954152631847523,0.000954152631847523,,,,,,,,,,26.55,0.11355902774138846,-0.02374690891292354,0.11104835477687523
11515.689,-1.04387987505426,-1.044247013673754,-0.36389229450481686,-1.04387987505426,0.0005443546217966372,0.0005443546217966372,,,,,,,,,,26.6,0.1146177334159327,-0.04968294818395492,0.1032900260100474
11516.035,-1.0441541157352,-1.0445197503529702,-0.3642096550941121,-1.0441541157352,0.000542124645852716,0.000542124645852716,,,,,,,,,,26.650000000000002,0.11539617264491628,-0.07316206933396859,0.08923893921303018
11516.393,-1.04434833952774,-1.0448019461077678,-0.3645380088340575,-1.04434833952774,0.0006725602407497714,0.0006725602407497714,,,,,,,,,,26.700000000000003,0.11589193184241434,-0.09260238789966052,0.06968312293122071
11516.745,-1.04425376275697,-1.0450794123247764,-0.3648608459774598,-1.04425376275697,0.0012241865452323434,0.0012241865452323434,,,,,,,,,,26.75,0.11610407277807586,-0.10668095084650515,0.045818450891996404
11517.092,-1.04463171075381,-1.0453529372602919,-0.36517908430154744,-1.04463171075381,0.00106935898682271,0.00106935898682271,,,,,,,,,,26.8,0.1160330556762436,-0.11443989594002023,0.01916194736459707
11517.444,-1.04503435938453,-1.0456304034772987,-0.3655018949395812,-1.04503435938453,0.0008837516389323605,0.0008837516389323605,,,,,,,,,,26.85,0.11568067475266948,-0.11536336565912433,-0.008562264597177119
11517.802,-1.0455252015526,-1.0459125992320963,-0.36583019434098496,-1.0455252015526,0.000574392630221561,0.000574392630221561,,,,,,,,,,26.900000000000002,0.11505000413664142,-0.10941836333771497,-0.03555453861797393
11518.166,-1.04482319506392,-1.046199524524683,-0.36616398181157894,-1.04482319506392,0.002040676908666086,0.002040676908666086,,,,,,,,,,26.950000000000003,0.11414535276108972,-0.09705600857221704,-0.06007738973177302
11518.513,-1.04564497633937,-1.0464730494602001,-0.3664821670181855,-1.04564497633937,0.0012277799353567166,0.0012277799353567166,,,,,,,,,,27.0,0.11297222734847324,-0.07917323558244058,-0.08058736203327722
11518.859,-1.0455963510413,-1.046745786139418,-0.3667994223495734,-1.0455963510413,0.0017042617553500508,0.0017042617553500508,,,,,,,,,,27.05,0.1115373031096885,-0.057038539500223216,-0.09584975219928324
11519.218,-1.04540447425676,-1.047028770150515,-0.36712858404671334,-1.04540447425676,0.0024083355168386497,0.0024083355168386497,,,,,,,,,,27.1,0.10984840223732434,-0.0321885738599126,-0.10502650706825375
11519.576,-1.04594973599241,-1.0473109659053108,-0.3674568150332309,-1.04594973599241,0.0020182888834643967,0.0020182888834643967,,,,,,,,,,27.150000000000002,0.1079144807422608,-0.006304938078328835,-0.10773013928191227
11519.928,-1.04610163415918,-1.0475884321223194,-0.36777953148052855,-1.04610163415918,0.002204468012730438,0.002204468012730438,,,,,,,,,,27.200000000000003,0.10574562468337752,0.01891786673719829,-0.10403966290694788
11520.281,-1.04663577113003,-1.0478666865956257,-0.3681031513315025,-1.04663577113003,0.0018250722946586662,0.0018250722946586662,,,,,,,,,,27.25,0.10335305740582108,0.041901736275946726,-0.09447803433704556
11520.645,-1.04663999250286,-1.0481536118882122,-0.3684368415963677,-1.04663999250286,0.002244236003264371,0.002244236003264371,,,,,,,,,,27.3,0.10074916007001095,0.06130042271186145,-0.07995405824696948
11521.009,-1.04712063253771,-1.0484405371807988,-0.36877051758818524,-1.04712063253771,0.001957016109572519,0.001957016109572519,,,,,,,,,,27.35,0.09794750856331116,0.07609156814282646,-0.061674854611304196
11521.367,-1.04697139584939,-1.0487227329355964,-0.36909867950421127,-1.04697139584939,0.0025966988668038133,0.0025966988668038133,,,,,,,,,,27.400000000000002,0.09496293088783464,0.08563809187396122,-0.04103748850739572
11521.72,-1.04748789738954,-1.0490009874089026,-0.3694222446347615,-1.04748789738954,0.002243451114920242,0.002243451114920242,,,,,,,,,,27.450000000000003,0.09181159036587573,0.08971470083634023,-0.019510012284910033
11522.072,-1.04764605658719,-1.0492784536259094,-0.36974487978377013,-1.04764605658719,0.0024203470445537663,0.0024203470445537663,,,,,,,,,,27.5,0.08851110155463464,0.08849860671282586,0.0014871813283590376
11522.431,-1.0475417186796,-1.0495614376370064,-0.3700739172244081,-1.0475417186796,0.0029946273445962584,0.0029946273445962584,,,,,,,,,,27.55,0.08508068765710912,0.08252684947243265,0.020689188683005507
11522.789,-1.04748047926591,-1.049843633391804,-0.37040202430054414,-1.04748047926591,0.0035038369764006537,0.0035038369764006537,,,,,,,,,,27.6,0.08154139045496119,0.0726256270271974,0.0370744744566238
11523.142,-1.0482836809059,-1.0501218878651084,-0.3707255353571224,-1.0482836809059,0.0027255003993931705,0.0027255003993931705,,,,,,,,,,27.650000000000002,0.07791634625975395,0.059819432921516216,0.04992586964107982
11523.506,-1.04870640906257,-1.0504088131576967,-0.3710591134374024,-1.04870640906257,0.002524146162081025,0.002524146162081025,,,,,,,,,,27.700000000000003,0.07423114372548913,0.0452293899462748,0.05886055541601727
11523.876,-1.04849883084667,-1.050700467988074,-0.371398175429575,-1.04849883084667,0.0032643565394830745,0.0032643565394830745,,,,,,,,,,27.75,0.07051428073436564,0.02997080269191419,0.06382800931791056
11524.229,-1.04864874441518,-1.0509787224613785,-0.37172164515112893,-1.04864874441518,0.0034546469665341045,0.0034546469665341045,,,,,,,,,,27.8,0.06679773614520258,0.015059597339963378,0.06507799998526592
11524.582,-1.04888232881253,-1.0512569769346864,-0.3720451014492623,-1.04888232881253,0.003520879068014583,0.003520879068014583,,,,,,,,,,27.85,0.06311766441686883,0.0013360314552875003,0.06310352273360777
11524.935,-1.04900246180919,-1.0515352314079909,-0.37236854432396527,-1.04900246180919,0.0037553250021832426,0.0037553250021832426,,,,,,,,,,27.900000000000002,0.05951520047059936,-0.010588010211237373,0.05856580168342583
11525.293,-1.04969191526333,-1.0518174271627885,-0.3726965548325305,-1.04969191526333,0.003151486018409888,0.003151486018409888,,,,,,,,,,27.950000000000003,0.05603731770902578,-0.020354441926121666,0.05220993842074931
11525.646,-1.04981769287148,-1.0520956816360947,-0.37301997067025106,-1.04981769287148,0.003377562714942657,0.003377562714942657,,,,,,,,,,28.0,0.05273759788057908,-0.02785633962665872,0.044780336899334534
11525.999,-1.04984759123193,-1.0523739361094009,-0.3733433730845448,-1.04984759123193,0.003745799099529388,0.003745799099529388,,,,,,,,,,28.05,0.04967662990816941,-0.0332093456304879,0.03694464672761164
11526.363,-1.05047754893365,-1.0526608614019874,-0.37367683913708305,-1.05047754893365,0.0032371866370347582,0.0032371866370347582,,,,,,,,,,28.1,0.046921551865954716,-0.03670180646323974,0.029233703697006504
11526.728,-1.0504545379285,-1.0529485749508734,-0.3740112069732344,-1.0504545379285,0.0036978964019955124,0.0036978964019955124,,,,,,,,,,28.150000000000002,0.044544032907332824,-0.03873036029213166,0.02200295569443389
11527.086,-1.05070536759883,-1.053230770705671,-0.37433914833417337,-1.05070536759883,0.0037444027408576183,0.0037444027408576183,,,,,,,,,,28.200000000000003,0.04261591695549822,-0.03972896254931557,0.015418362841527668
11527.439,-1.05102725362927,-1.0535090251789772,-0.37466249599001955,-1.05102725362927,0.003679710446119871,0.003679710446119871,,,,,,,,,,28.25,0.04120210996109975,-0.040099743300307605,0.009467019198036445
11527.787,-1.05082779624533,-1.053783338370792,-0.3749812505111647,-1.05082779624533,0.004382167743962014,0.004382167743962014,,,,,,,,,,28.3,0.04035136135497471,-0.0401536037639332,0.003990046111111509
11528.145,-1.05151051740169,-1.0540655341255896,-0.3753091510314297,-1.05151051740169,0.0037883107049289343,0.0037883107049289343,,,,,,,,,,28.35,0.040087178729317385,-0.040067149091767194,-0.0012670683226785383
11528.498,-1.05172518505423,-1.054343788598894,-0.37563245841699544,-1.05172518505423,0.0038825905707089063,0.0038825905707089063,,,,,,,,,,28.400000000000002,0.04040218989406988,-0.039860570035369865,-0.0065933227353024825
11528.851,-1.05208328067736,-1.0546220430722002,-0.37595575237913614,-1.05208328067736,0.003764210491337266,0.003764210491337266,,,,,,,,,,28.450000000000003,0.041258522557234736,-0.03939864422432624,-0.012247959703183722
11529.204,-1.05182555992413,-1.0549002975455064,-0.3762790329178509,-1.05182555992413,0.00455889831833698,0.00455889831833698,,,,,,,,,,28.5,0.042594184255289526,-0.03841438924925038,-0.01840106602837541
11529.569,-1.05190807407204,-1.0551880110943923,-0.3766132890476035,-1.05190807407204,0.004863146458903294,0.004863146458903294,,,,,,,,,,28.55,0.044332804352409036,-0.036552342513786355,-0.025086326923322674
11529.922,-1.05253384655801,-1.0554662655676985,-0.376936542283147,-1.05253384655801,0.004347883214159712,0.004347883214159712,,,,,,,,,,28.6,0.04639331823358625,-0.033426233558324234,-0.03217183374983722
11530.27,-1.05286987523754,-1.0557405787595133,-0.37725520372139254,-1.05286987523754,0.00425637796466982,0.00425637796466982,,,,,,,,,,28.650000000000002,0.04869728485133395,-0.028684181723228015,-0.039352805119340487
11530.617,-1.05280479424446,-1.0560141036950288,-0.3775729364761746,-1.05280479424446,0.00475842730628544,0.00475842730628544,,,,,,,,,,28.700000000000003,0.05117320260432875,-0.02207366299666528,-0.0461676300744724
11530.97,-1.05302639397368,-1.0562923581683332,-0.3778961498597333,-1.05302639397368,0.0048424290161345205,0.0048424290161345205,,,,,,,,,,28.75,0.05375832007181076,-0.013498434492949293,-0.05203603792740958
11531.329,-1.05334420449079,-1.0565753421794302,-0.3782248431875921,-1.05334420449079,0.004790791927300455,0.004790791927300455,,,,,,,,,,28.8,0.05639880916661691,-0.003060386920832993,-0.05631571456802502
11531.682,-1.05347903144816,-1.0568535966527364,-0.37854802949614097,-1.05347903144816,0.0050034511983416486,0.0050034511983416486,,,,,,,,,,28.85,0.059049070625335,0.008919167607410926,-0.0583715786227057
11532.036,-1.05358031654231,-1.0571326393823401,-0.3788721178661216,-1.05358031654231,0.0052670115684060395,0.0052670115684060395,,,,,,,,,,28.900000000000002,0.061670694482676786,0.021902132312813734,-0.05765042201170483
11532.4,-1.05351201302397,-1.0574195646749267,-0.37920534719781074,-1.05351201302397,0.005793707575733605,0.005793707575733605,,,,,,,,,,28.950000000000003,0.06423137231994844,0.03516103821263928,-0.053752865801863614
11532.759,-1.05341232913943,-1.0577025486860236,-0.3795339852232109,-1.05341232913943,0.0063610873787360005,0.0063610873787360005,,,,,,,,,,29.0,0.06670390322816404,0.04782945665273005,-0.046494664018324625
11533.113,-1.05379580234013,-1.0579815914156274,-0.3798580325224128,-1.05379580234013,0.006206248833894406,0.006206248833894406,,,,,,,,,,29.05,0.0690653452223813,0.0589711608696987,-0.03595030036546043
11533.466,-1.05383154279525,-1.0582598458889336,-0.3801811509913282,-1.05383154279525,0.006565823173504814,0.006565823173504814,,,,,,,,,,29.1,0.07129631768628712,0.06766171572279904,-0.022473476390427623
11533.819,-1.05419370138722,-1.058538100362238,-0.38050425603681415,-1.05419370138722,0.006441418950254485,0.006441418950254485,,,,,,,,,,29.150000000000002,0.07338044010658172,0.0730747235639973,-0.00669132021958332
11534.173,-1.05432052353766,-1.0588171430918436,-0.38082826291352667,-1.05432052353766,0.006667115652811939,0.006667115652811939,,,,,,,,,,29.200000000000003,0.07530388566459331,0.0745642724574602,0.010528269994438004
11534.526,-1.05479903263572,-1.0590953975651498,-0.38115134107413695,-1.05479903263572,0.006370199107581594,0.006370199107581594,,,,,,,,,,29.25,0.07705502804072174,0.07173529410306123,0.028134052788457653
11534.88,-1.05439838910045,-1.0593744402947536,-0.38147532098980985,-1.05439838910045,0.0073779665828897075,0.0073779665828897075,,,,,,,,,,29.3,0.07862416223351666,0.06449453191244854,0.044969036461953535
11535.245,-1.05439165579514,-1.0596621538436395,-0.3818093539426819,-1.05439165579514,0.007814541482517178,0.007814541482517178,,,,,,,,,,29.35,0.08000328341014812,0.05307655064779829,0.059861549660330256
11535.604,-1.05449994919415,-1.0599451378547347,-0.38213788194325815,-1.05449994919415,0.008073554392148125,0.008073554392148125,,,,,,,,,,29.400000000000002,0.08118591093923853,0.038041520230797515,0.07172164856975748
11535.952,-1.05440968288189,-1.0602194510465495,-0.382456330374235,-1.05440968288189,0.008614114626124282,0.008614114626124282,,,,,,,,,,29.450000000000003,0.08216694748642991,0.020244153440920898,0.07963404743385948
11536.305,-1.05524466693537,-1.0604977055198557,-0.3827793408853424,-1.05524466693537,0.007788654421267608,0.007788654421267608,,,,,,,,,,29.5,0.08294256530177799,0.0007759116482787794,0.08293893597071143
11536.665,-1.05497101640046,-1.0607814777872502,-0.3831087428786919,-1.05497101640046,0.008615142463161305,0.008615142463161305,,,,,,,,,,29.55,0.08351011362670309,-0.019114852705519592,0.08129305926086895
11537.024,-1.05551923253766,-1.0610644617983436,-0.3834372159635393,-1.05551923253766,0.008221884096896333,0.008221884096896333,,,,,,,,,,29.6,0.08386804256480987,-0.038118022776473706,0.07470518658878372
11537.372,-1.05465346534675,-1.0613387749901584,-0.3837556111614431,-1.05465346534675,0.009912275661834323,0.009912275661834323,,,,,,,,,,29.650000000000002,0.0840158398696787,-0.05496382977720915,0.06354241705529834
11537.725,-1.0546242839122,-1.0616170294634646,-0.3840785676746341,-1.0546242839122,0.010368109367311643,0.010368109367311643,,,,,,,,,,29.700000000000003,0.08395397797131814,-0.06852295912044348,0.04850643762003762
11538.096,-1.05452644990655,-1.0619094725501395,-0.3844179777577281,-1.05452644990655,0.010946771288743582,0.010946771288743582,,,,,,,,,,29.75,0.08368386924858305,-0.07789579781616848,0.030581606481618086
11538.456,-1.05492328865334,-1.062193244817534,-0.38474731029471254,-1.05492328865334,0.010779128176956698,0.010779128176956698,,,,,,,,,,29.8,0.08320782810418081,-0.08248294393704965,0.010959316461003782
11538.821,-1.05484881268489,-1.0624809583664199,-0.3850812026414321,-1.05484881268489,0.011316144789373298,0.011316144789373298,,,,,,,,,,29.85,0.08252903884981984,-0.08203081008392658,-0.009054747398455774
11539.175,-1.05468940667002,-1.0627600010960236,-0.3854050187697453,-1.05468940667002,0.011966230582047694,0.011966230582047694,,,,,,,,,,29.900000000000002,0.08165152879252346,-0.0766484350753813,-0.028142308978677394
11539.534,-1.05503471680438,-1.0630429851071206,-0.3857333947852464,-1.05503471680438,0.01187381994624025,0.01187381994624025,,,,,,,,,,29.950000000000003,0.08058014625537953,-0.06679425061459575,-0.0450742504693415
11539.894,-1.05436109076656,-1.063326757374515,-0.38606267155548135,-1.05436109076656,0.01329334969514546,0.01329334969514546,,,,,,,,,,30.0,0.07932054359027968,-0.053234279235220026,-0.05880357259354299
11540.254,-1.05425450363906,-1.0636105296419096,-0.3863919343646405,-1.05425450363906,0.013872133646191814,0.013872133646191814,,,,,,,,,,,,,
11540.613,-1.05469525958331,-1.063893513653003,-0.3867202686519189,-1.05469525958331,0.013638205978430096,0.013638205978430096,,,,,,,,,,,,,
11540.973,-1.05486146370419,-1.0641772859203975,-0.3870495035777024,-1.05486146370419,0.013812523689869377,0.013812523689869377,,,,,,,,,,,,,
11541.344,-1.05428204397362,-1.0644697290070742,-0.38738878385207176,-1.05428204397362,0.01510523039229908,0.01510523039229908,,,,,,,,,,,,,
11541.692,-1.05352688057007,-1.0647440421988872,-0.3877070171014694,-1.05352688057007,0.016631630266792177,0.016631630266792177,,,,,,,,,,,,,
11542.04,-1.05407390951914,-1.0650183553907038,-0.38802523730501814,-1.05407390951914,0.016227275957506275,0.016227275957506275,,,,,,,,,,,,,
11542.394,-1.05343483269826,-1.0652973981203075,-0.38834893067861387,-1.05343483269826,0.017588567290344862,0.017588567290344862,,,,,,,,,,,,,
11542.754,-1.05307427283555,-1.065581170387702,-0.3886780965358403,-1.05307427283555,0.01854391536426261,0.01854391536426261,,,,,,,,,,,,,
11543.108,-1.05272113165412,-1.0658602131173058,-0.38900176268145703,-1.05272113165412,0.019481251333632592,0.019481251333632592,,,,,,,,,,,,,
11543.462,-1.05304772240846,-1.0661392558469096,-0.38932541532748566,-1.05304772240846,0.01941075211168177,0.01941075211168177,,,,,,,,,,,,,
11543.827,-1.05275371467683,-1.0664269693957937,-0.38965911084131744,-1.05275371467683,0.02027326738746962,0.02027326738746962,,,,,,,,,,,,,
11544.193,-1.05190391058035,-1.066715471200979,-0.38999370617882434,-1.05190391058035,0.021961027938085773,0.021961027938085773,,,,,,,,,,,,,
11544.553,-1.05179967157894,-1.0669992434683735,-0.3903228022694414,-1.05179967157894,0.022536330334150798,0.022536330334150798,,,,,,,,,,,,,
11544.907,-1.05130569356353,-1.0672782861979773,-0.3906463998112244,-1.05130569356353,0.023682484383192735,0.023682484383192735,,,,,,,,,,,,,
11545.255,-1.05070728462844,-1.0675525993897903,-0.390964499490595,-1.05070728462844,0.024976465179815353,0.024976465179815353,,,,,,,,,,,,,
11545.609,-1.05124715896335,-1.0678316421193959,-0.3912880702620134,-1.05124715896335,0.024589731444056885,0.024589731444056885,,,,,,,,,,,,,
11545.958,-1.04983220514871,-1.0681067435675082,-0.39160705760986936,-1.04983220514871,0.02709556805323399,0.02709556805323399,,,,,,,,,,,,,
11546.312,-1.0494238550797,-1.068385786297112,-0.3919306015727848,-1.0494238550797,0.028114761968139244,0.028114761968139244,,,,,,,,,,,,,
11546.672,-1.04866631668513,-1.0686695585645065,-0.392259615486946,-1.04866631668513,0.02965870815486165,0.02965870815486165,,,,,,,,,,,,,
11547.038,-1.04864315576894,-1.0689580603696918,-0.3925940986543006,-1.04864315576894,0.030120808935913023,0.030120808935913023,,,,,,,,,,,,,
11547.386,-1.04731608645429,-1.0692323735615048,-0.3929121184465725,-1.04731608645429,0.032495170886335266,0.032495170886335266,,,,,,,,,,,,,
11547.735,-1.04699178366089,-1.0695074750096172,-0.3932310389866842,-1.04699178366089,0.033383904601250465,0.033383904601250465,,,,,,,,,,,,,
11548.083,-1.04639847552413,-1.069781788201432,-0.3935490326497648,-1.04639847552413,0.03467032246932927,0.03467032246932927,,,,,,,,,,,,,
11548.443,-1.04549717438585,-1.0700655604688247,-0.3938779778831769,-1.04549717438585,0.03642742496765833,0.03642742496765833,,,,,,,,,,,,,
11548.798,-1.0448202702402,-1.0703453914547296,-0.39420234076122895,-1.0448202702402,0.037845971432246446,0.037845971432246446,,,,,,,,,,,,,
11549.146,-1.04379199694305,-1.0706197046465427,-0.39452029457447946,-1.04379199694305,0.03977731000004395,0.03977731000004395,,,,,,,,,,,,,
11549.506,-1.04310807180994,-1.0709034769139354,-0.3948491985839322,-1.04310807180994,0.041212110166777054,0.041212110166777054,,,,,,,,,,,,,
11549.872,-1.04159643307267,-1.0711919787191206,-0.39518357001483384,-1.04159643307267,0.043881169677648636,0.043881169677648636,,,,,,,,,,,,,
11550.238,-1.04051233458006,-1.0714804805243041,-0.39551792701540744,-1.04051233458006,0.0459163173747578,0.0459163173747578,,,,,,,,,,,,,
11550.587,-1.03872878843439,-1.0717555819724165,-0.3958367403322871,-1.03872878843439,0.04896866401666121,0.04896866401666121,,,,,,,,,,,,,
11550.941,-1.03782933205682,-1.072034624702022,-0.3961601077709469,-1.03782933205682,0.05071601883500823,0.05071601883500823,,,,,,,,,,,,,
11551.302,-1.03654644723881,-1.0723191852257141,-0.3964898555783529,-1.03654644723881,0.0530400623184882,0.0530400623184882,,,,,,,,,,,,,
11551.651,-1.03471157078017,-1.0725942866738265,-0.3968086288932957,-1.03471157078017,0.056168516162467076,0.056168516162467076,,,,,,,,,,,,,
11552.005,-1.03350775082245,-1.0728733294034303,-0.39713195575692417,-1.03350775082245,0.05836714936113941,0.05836714936113941,,,,,,,,,,,,,
11552.365,-1.03184175414926,-1.0731571016708248,-0.39746074889215155,-1.03184175414926,0.06125806216052073,0.06125806216052073,,,,,,,,,,,,,
11552.732,-1.02920276250964,-1.0734463917323076,-0.3977959208563142,-1.02920276250964,0.06559981100762981,0.06559981100762981,,,,,,,,,,,,,
11553.092,-1.02707863863111,-1.0737301639997021,-0.3981246857979208,-1.02707863863111,0.06916998675663298,0.06916998675663298,,,,,,,,,,,,,
11553.441,-1.02529598418322,-1.0740052654478145,-0.39844339181637256,-1.02529598418322,0.07222101128263234,0.07222101128263234,,,,,,,,,,,,,
11553.79,-1.02214480023405,-1.0742803668959269,-0.3987620847138915,-1.02214480023405,0.07730114775581237,0.07730114775581237,,,,,,,,,,,,,
11554.15,-1.01960357436275,-1.0745641391633196,-0.3990908086254379,-1.01960357436275,0.08148975857393677,0.08148975857393677,,,,,,,,,,,,,
11554.517,-1.01692914932723,-1.0748534292248024,-0.39942591001990824,-1.01692914932723,0.08588404434252453,0.08588404434252453,,,,,,,,,,,,,
11554.871,-1.01372118716444,-1.0751324719544062,-0.3997491275902716,-1.01372118716444,0.09105420931186935,0.09105420931186935,,,,,,,,,,,,,
11555.232,-1.00974317303006,-1.0754170324781,-0.4000787225658886,-1.00974317303006,0.09737430775063634,0.09737430775063634,,,,,,,,,,,,,
11555.604,-1.00567706151169,-1.0757102638210725,-0.4004183459147779,-1.00567706151169,0.10383788392749775,0.10383788392749775,,,,,,,,,,,,,
11555.971,-1.0019473279996,-1.0759995538825553,-0.4007533898255833,-1.0019473279996,0.10979687037353954,0.10979687037353954,,,,,,,,,,,,,
11556.325,-0.997640487796289,-1.0762785966121609,-0.40107655194849556,-0.997640487796289,0.11659633639809247,0.11659633639809247,,,,,,,,,,,,,
11556.686,-0.992249773777357,-1.0765631571358512,-0.40140609038023456,-0.992249773777357,0.1250110379936319,0.1250110379936319,,,,,,,,,,,,,
11557.041,-0.98678450221921,-1.0768429881217543,-0.4017301380282392,-0.98678450221921,0.133529273222763,0.133529273222763,,,,,,,,,,,,,
11557.396,-0.980524356180463,-1.0771228191076574,-0.4020541721002795,-0.980524356180463,0.14322606492699075,0.14322606492699075,,,,,,,,,,,,,
11557.751,-0.972873480173275,-1.0774026500935605,-0.40237819259635543,-0.972873480173275,0.15498488510165034,0.15498488510165034,,,,,,,,,,,,,
11558.106,-0.965067790615397,-1.0776824810794619,-0.4027021995164679,-0.965067790615397,0.16697324656496548,0.16697324656496548,,,,,,,,,,,,,
11558.472,-0.957287303450891,-1.0779709828846453,-0.4030362318741503,-0.957287303450891,0.17893709674484837,0.17893709674484837,,,,,,,,,,,,,
11558.833,-0.946721271857609,-1.0782555434083392,-0.40336568681229235,-0.946721271857609,0.19502521620295588,0.19502521620295588,,,,,,,,,,,,,
11559.188,-0.936179299655065,-1.0785353743942405,-0.40368965235439713,-0.936179299655065,0.21107065045860848,0.21107065045860848,,,,,,,,,,,,,
11559.537,-0.92291385005333,-1.0788104758423547,-0.40400812918883133,-0.92291385005333,0.2311471587698701,0.2311471587698701,,,,,,,,,,,,,
11559.892,-0.908758054486977,-1.079090306828256,-0.40433206780846387,-0.908758054486977,0.2525507911174498,0.2525507911174498,,,,,,,,,,,,,
11560.247,-0.892349797826515,-1.0793701378141591,-0.4046559928521347,-0.892349797826515,0.277294136428721,0.277294136428721,,,,,,,,,,,,,
11560.603,-0.873452728950899,-1.0796507570563598,-0.40498081672733566,-0.873452728950899,0.30572880008980013,0.30572880008980013,,,,,,,,,,,,,
11560.963,-0.852235625930936,-1.0799345293237543,-0.4053092764254824,-0.852235625930936,0.33760804191805965,0.33760804191805965,,,,,,,,,,,,,
11561.324,-0.826432135968593,-1.0802190898474464,-0.40563863449237836,-0.826432135968593,0.3762886658069474,0.3762886658069474,,,,,,,,,,,,,
11561.685,-0.79765579235763,-1.0805036503711385,-0.40596797852052546,-0.79765579235763,0.41937712514986936,0.41937712514986936,,,,,,,,,,,,,
11562.046,-0.763244481039672,-1.0807882108948306,-0.4062973085099255,-0.061866710640757834,0.47082052334178554,0.47082052334178554,,,,,,,,,,,,,
11562.396,-0.72552647062124,-1.0810641005992423,-0.4066165901098957,-0.18400905967927375,0.5271538918129319,0.5271538918129319,,,,,,,,,,,,,
11562.751,-0.680807188604898,-1.0813439315851454,-0.4069404193952222,-0.221488108826839,0.5938738548973771,0.5939390909712835,,,,,,,,,,,,,
11563.106,-0.629755893305033,-1.0816237625710468,-0.40726423510458254,-0.24472580168806332,0.6699822628719619,0.6701127148907527,,,,,,,,,,,,,
11563.456,-0.573292449235299,-1.0818996522754585,-0.40758347673881357,-0.2620111541630841,0.7541093934369164,0.7543041231603967,,,,,,,,,,,,,
11563.811,-0.51145552018284,-1.0821794832613598,-0.4079072654874576,-0.276238177175286,0.8462096074228668,0.846469513116694,,,,,,,,,,,,,
11564.172,-0.445985147491306,-1.0824640437850537,-0.4082365127999168,-0.2884208315310056,0.9437041228485658,0.9440302854362294,,,,,,,,,,,,,
11564.539,-0.380659983099379,-1.0827533338465365,-0.4085712179761911,-0.2990973898818725,1.0409903511064225,1.0413838504735256,,,,,,,,,,,,,
11564.889,-0.318583646602586,-1.0830292235509447,-0.40889040558126144,-0.3080524584481579,1.1334396896115961,1.1338973865745945,,,,,,,,,,,,,
11565.238,-0.264972364287256,-1.0833043249990588,-0.40920866808201684,-0.316032514641451,1.2133367652555507,1.2138584569105177,,,,,,,,,,,,,
11565.594,-0.224909966125338,-1.0835849442412595,-0.40953330055299286,-0.32337147271576855,1.2731531583427573,1.2737401082072806,,,,,,,,,,,,,
11565.949,-0.198207719533959,-1.0838647752271626,-0.40985700753992216,-0.3300156288041431,1.3131593517939055,1.3138113564010314,,,,,,,,,,,,,
11566.305,-0.186388880755236,-1.0841453944693633,-0.41018161274413867,-0.33610385985556934,1.3310991585731535,1.331816380961526,,,,,,,,,,,,,
11566.654,-0.186392281768943,-1.0844204959174757,-0.41049982200923374,-0.34159057929872755,1.3315020074682562,1.3322831456163162,,,,,,,,,,,,,
11567.016,-0.196294493412227,-1.0847058446974653,-0.4108298704783522,-0.3468423639363012,1.3172431322945353,1.3180905464637074,,,,,,,,,,,,,
11567.389,-0.21437915639411,-1.0849998642967371,-0.4111699332780132,-0.35184267149022713,1.2908650330267313,1.291780715234903,,,,,,,,,,,,,
11567.744,-0.235902205718506,-1.085279695282642,-0.41149357162028455,-0.35625866875714274,1.2593678178867747,1.2603484530584075,,,,,,,,,,,,,
11568.106,-0.259577572306323,-1.0855650440626317,-0.4118235775835233,-0.3604545551003876,1.2246875537534596,1.2257344019229202,,,,,,,,,,,,,
11568.456,-0.282833862069282,-1.0858409337670434,-0.41214263070011015,-0.36424606557876105,1.1906146278383296,1.1917254741981906,,,,,,,,,,,,,
11568.817,-0.306494425456389,-1.0861254942907337,-0.4124716973754987,-0.3679097700505578,1.155955143594024,1.1571319790179257,,,,,,,,,,,,,
11569.173,-0.327146812761033,-1.0864061135329361,-0.4127961925922774,-0.3712995478458234,1.1257500234836972,1.126991913610944,,,,,,,,,,,,,
11569.528,-0.346033911534307,-1.0866859445188393,-0.41311976271054984,-0.37447849593046756,1.098161119235433,1.0994678611707227,,,,,,,,,,,,,
11569.89,-0.362607817929477,-1.086971293298829,-0.4134496991045298,-0.3775305860869179,1.0740101551324412,1.0753830069155226,,,,,,,,,,,,,
11570.257,-0.378023497762999,-1.0872605833603117,-0.4137841782205749,-0.38044547595369377,1.0515823315630959,1.053022184947097,,,,,,,,,,,,,
11570.619,-0.390424905016194,-1.0875459321403032,-0.41411408618631107,-0.3831578198245694,1.0336179113750628,1.035123832456416,,,,,,,,,,,,,
11570.969,-0.401964276003284,-1.087821821844713,-0.41443304455393015,-0.38563819374686936,1.01691760318576,1.0184873819736315,,,,,,,,,,,,,
11571.325,-0.409818995950094,-1.0881024410869138,-0.4147574572417767,-0.38802827249131894,1.0056875213976104,1.007322232523543,,,,,,,,,,,,,
11571.686,-0.415790669900871,-1.0883870016106059,-0.4150864123460707,-0.39032481950305953,0.9972552663464225,0.9989558011104134,,,,,,,,,,,,,
11572.048,-0.422066110396948,-1.0886723503905973,-0.4154162645862076,-0.39250814748946916,0.9883737868792664,0.990140306716508,,,,,,,,,,,,,
11572.404,-0.425481880922196,-1.088952969632798,-0.41574063589453747,-0.39454641129637563,0.9837253135224997,0.9855567043445741,,,,,,,,,,,,,
11572.766,-0.428282385118158,-1.0892383184127876,-0.41607046013538707,-0.3965156321071424,0.9799961049823904,0.9818934393632934,,,,,,,,,,,,,
11573.133,-0.429367013962505,-1.0895276084742704,-0.41640482554922364,-0.39841251748405015,0.978816860088615,0.9807810274846686,,,,,,,,,,,,,
11573.501,-0.431860363480495,-1.0898176867920508,-0.4167400874718403,-0.40022038532273363,0.9755500807381938,0.9775812416548433,,,,,,,,,,,,,
11573.857,-0.432558824504818,-1.0900983060342515,-0.4170644030578021,-0.40188514409392073,0.9749305487870429,0.9770264980692146,,,,,,,,,,,,,
11574.213,-0.43260696272636,-1.0903789252764522,-0.4173887049912093,-0.40347214720366853,0.9752752472506638,0.977435964655768,,,,,,,,,,,,,
11574.569,-0.433033864435939,-1.0906595445186529,-0.4177129932720609,-0.404985959677865,0.9750583549571891,0.9772838202426483,,,,,,,,,,,,,
11574.925,-0.434477598979351,-1.0909401637608536,-0.418037267900357,-0.4064308034551557,0.9733338096321313,0.975624002555354,,,,,,,,,,,,,
11575.281,-0.433771711405832,-1.091220783003056,-0.41836152887609934,-0.407810591508325,0.9747964984261129,0.9771513987445181,,,,,,,,,,,,,
11575.637,-0.431969524067812,-1.0915014022452567,-0.4186857761992844,-0.40912895775857433,0.9778846654781483,0.9803042529491515,,,,,,,,,,,,,
11576.011,-0.430591533603258,-1.0917962101008278,-0.4190264033445956,-0.4104515243664121,0.9803649153035373,0.9828524388221546,,,,,,,,,,,,,
11576.367,-0.429550455333871,-1.0920768293430285,-0.4193506226723729,-0.4116542656479589,0.9823245896903977,0.9848767588529391,,,,,,,,,,,,,
11576.717,-0.428298187310727,-1.0923527190474385,-0.4196693643201099,-0.4127862204759965,0.9845903816219969,0.9872060871614322,,,,,,,,,,,,,
11577.067,-0.424602977262517,-1.0926286087518484,-0.41998809277161264,-0.41387071276723264,0.9904783116548894,0.9931575340052183,,,,,,,,,,,,,
11577.424,-0.42198485620026,-1.0929100162503502,-0.4203131821973871,-0.41493053455339596,0.9947774283625116,0.9975214177030612,,,,,,,,,,,,,
11577.786,-0.418730873404916,-1.0931953650303399,-0.420642810677208,-0.41595987346873387,1.0000251778467757,1.0028348204921234,,,,,,,,,,,,,
11578.136,-0.415792724763067,-1.0934712547347498,-0.42096149882363854,-0.41691392564423313,1.004790616663396,1.007663716359483,,,,,,,,,,,,,
11578.492,-0.411508984109108,-1.0937518739769505,-0.42128563665793184,-0.4178449306488256,1.011558170587419,1.0144957950973998,,,,,,,,,,,,,
11578.854,-0.408260123312999,-1.094037222756942,-0.4216152234897903,-0.41875293921712003,1.0167983257086621,1.019801541772188,,,,,,,,,,,,,
11579.222,-0.406081781923596,-1.0943273010747223,-0.4219502586172794,-0.41963805208425903,1.0204582394436723,1.0235281127596465,,,,,,,,,,,,,
11579.585,-0.402238967104939,-1.0946134381110113,-0.42228072734456745,-0.42047557084076814,1.0265802160107593,1.029715819718574,,,,,,,,,,,,,
11579.929,-0.400447949018303,-1.0948845982776323,-0.42259388571093126,-0.42123828186050366,1.029637797544066,1.0328356717870997,,,,,,,,,,,,,
11580.286,-0.397841140786294,-1.0951660057761323,-0.4229188650710576,-0.42199951727145135,1.0339201407740284,1.0371826188134226,,,,,,,,,,,,,
11580.642,-0.397336198142214,-1.095446625018333,-0.42324292045312006,-0.422729386854081,1.0350848895114222,1.038411770113143,,,,,,,,,,,,,
11580.999,-0.39678871495764,-1.0957280325168313,-0.423567872392975,-0.42343343302790065,1.036313881642286,1.0397053253844533,,,,,,,,,,,,,
11581.349,-0.398812708284181,-1.096003922221243,-0.4238864393979709,-0.42409789899373573,1.0337219770167343,1.037176698193756,,,,,,,,,,,,,
11581.717,-0.400302762049774,-1.0962940005390234,-0.4242213756172557,-0.4247703700852536,1.0319427793339644,1.03546401111267,,,,,,,,,,,,,
11582.08,-0.402778821024559,-1.0965801375753124,-0.4245517467801996,-0.42540872547345987,1.0286957928680982,1.032282610380416,,,,,,,,,,,,,
11582.43,-0.406404809458446,-1.096856027279724,-0.4248702730276799,-0.426001891571471,1.0237286179918137,1.0273786525079995,,,,,,,,,,,,,
11582.781,-0.4102500683838,-1.0971327052404334,-0.42518969609731005,-0.42657581194334215,1.0184375005821646,1.0221509130722932,,,,,,,,,,,,,
11583.138,-0.415570563060107,-1.0974141127389316,-0.4255145657763615,-0.4271390777832951,1.0109660708571848,1.0147439245200225,,,,,,,,,,,,,
11583.5,-0.419647809422554,-1.097699461518923,-0.4258439714317781,-0.42769019726892327,1.0053438429988533,1.0091870195857138,,,,,,,,,,,,,
11583.851,-0.424794284793107,-1.0979761394796324,-0.4261633540433678,-0.428206259121521,0.9981234183785438,1.0020299129523877,,,,,,,,,,,,,
11584.207,-0.430279711708533,-1.098256758721833,-0.42648727270812703,-0.4287121715627797,0.990406275691711,0.9943769701177306,,,,,,,,,,,,,
11584.57,-0.434827494874126,-1.098542895758122,-0.4268175465022477,-0.42921079106766563,0.9840875539779755,0.9881236897692766,,,,,,,,,,,,,
11584.944,-0.438304346893488,-1.0988377036136914,-0.4271578137466925,-0.4297072475941457,0.9793695527780246,0.9834730909934939,,,,,,,,,,,,,
11585.307,-0.441396608895065,-1.0991238406499821,-0.42748805872120865,-0.4301732109709988,0.9752089251210996,0.9793778619711424,,,,,,,,,,,,,
11585.664,-0.445300679246239,-1.0994052481484804,-0.4278128312563627,-0.43061700217056387,0.9698376207625922,0.9740708547505138,,,,,,,,,,,,,
11586.014,-0.447335735145151,-1.0996811378528903,-0.4281312223743976,-0.43103888054386,0.9672293137155017,0.9715255643514458,,,,,,,,,,,,,
11586.377,-0.448809890199355,-1.0999672748891811,-0.42846142550768906,-0.43146333173067863,0.9654678452551151,0.9698294324878356,,,,,,,,,,,,,
11586.734,-0.450362373057827,-1.1002486823876794,-0.4287861568932154,-0.4318684470067887,0.9635832280829775,0.9680090514411994,,,,,,,,,,,,,
11587.091,-0.451230801758074,-1.1005300898861794,-0.42911087454937924,-0.4322620024865175,0.9627128546400967,0.9672028937673516,,,,,,,,,,,,,
11587.453,-0.451327769569838,-1.100815438666169,-0.4294401260527332,-0.43264991009451836,0.9629921661733084,0.9675472996639917,,,,,,,,,,,,,
11587.828,-0.451938174461903,-1.1011110347780377,-0.42978118661894094,-0.4330405653331568,0.9625254007463475,0.9671479441717015,,,,,,,,,,,,,
11588.185,-0.452252657032832,-1.101392442276536,-0.4301058622024909,-0.4334025012848267,0.9624763604994545,0.9671630573129605,,,,,,,,,,,,,
11588.536,-0.452741104338283,-1.101669120237247,-0.4304250676683612,-0.43374942343095657,0.9621623711356473,0.9669121232829485,,,,,,,,,,,,,
11588.893,-0.451980407088039,-1.1019505277357453,-0.4307497160239304,-0.43409371951311804,0.9637074947109218,0.9685213598755679,,,,,,,,,,,,,
11589.25,-0.451373736639565,-1.1022319352342453,-0.431074350650138,-0.4344298983847877,0.9650242435062872,0.9699022013318079,,,,,,,,,,,,,
11589.613,-0.45016541628899,-1.1025180722705326,-0.43140442724306105,-0.4347639150861834,0.9672400681088242,0.9721831749102692,,,,,,,,,,,,,
11589.97,-0.449527263139452,-1.1027994797690326,-0.4317290341797957,-0.43508521145285994,0.9686034961499046,0.9736106545571661,,,,,,,,,,,,,
11590.332,-0.44796655470489,-1.103084828549024,-0.432058173413032,-0.435404191664807,0.9713406360842103,0.9764127223924866,,,,,,,,,,,,,
11590.701,-0.446180671892214,-1.103375695123102,-0.4323936626883418,-0.4357227519631295,0.9744198221653438,0.9795580703448427,,,,,,,,,,,,,
11591.064,-0.443983536076465,-1.103661832159391,-0.432723682541444,-0.4360300968512088,0.9781017585850309,0.9833050716125618,,,,,,,,,,,,,
11591.421,-0.441225678239195,-1.103943239657891,-0.43304823367620404,-0.4363269448281417,0.9826080623203132,0.9878753442163165,,,,,,,,,,,,,
11591.778,-0.4380459772015,-1.1042246471563892,-0.4333727710815998,-0.43661882000881874,0.9877398308899416,0.9930710612979489,,,,,,,,,,,,,
11592.136,-0.435659935415916,-1.1045068429111868,-0.4336982037682562,-0.4369069038881319,0.9916960135414952,0.9970913511469108,,,,,,,,,,,,,
11592.487,-0.432138618631036,-1.1047835208718961,-0.43401725984186434,-0.43718523332541664,0.9973272816335573,1.0027854530695115,,,,,,,,,,,,,
11592.844,-0.429067415160345,-1.1050649283703944,-0.43434175625145954,-0.4374644870642547,1.0022981813952847,1.007820240558948,,,,,,,,,,,,,
11593.201,-0.427021235629583,-1.1053463358688944,-0.434666238931694,-0.4377402181765107,1.0057492832127906,1.0113352097476962,,,,,,,,,,,,,
11593.57,-0.424474136890647,-1.1056372024429741,-0.4350016141634212,-0.43802186997565556,1.009957120396379,1.0156090397105793,,,,,,,,,,,,,
11593.933,-0.422362211495265,-1.1059233394792631,-0.43533152182730106,-0.43829596357476763,1.0135127157457207,1.0192295335654877,,,,,,,,,,,,,
11594.279,-0.421225047473649,-1.106196076158481,-0.43564596605686123,-0.4385547731834799,1.0156031685665947,1.021381825976898,,,,,,,,,,,,,
11594.63,-0.420738363479782,-1.1064727541191886,-0.43596494110095296,-0.4388151684910593,1.016735001574653,1.0225763726733854,,,,,,,,,,,,,
11594.988,-0.420775547100767,-1.1067549498739861,-0.43629026379930913,-0.43907880830729995,1.0170982798579915,1.0230035950749554,,,,,,,,,,,,,
11595.345,-0.421380955636183,-1.1070363573724862,-0.4366146640264521,-0.43934003412985795,1.0166178851172936,1.0225869454526573,,,,,,,,,,,,,
11595.703,-0.421888723933441,-1.1073185531272838,-0.4369399591505978,-0.4396005850643325,1.0162834298202508,1.022316393389693,,,,,,,,,,,,,
11596.06,-0.424066744289618,-1.107599960625782,-0.4372643318805558,-0.4398592715167752,1.0134713312830308,1.0195679992009166,,,,,,,,,,,,,
11596.429,-0.42523613602054,-1.1078908271998618,-0.43759959346619937,-0.4401257337708245,1.012168746362516,1.0183312385571421,,,,,,,,,,,,,
11596.793,-0.427404757644208,-1.1081777524924483,-0.43793029784084947,-0.4403879348573838,1.0093787644857706,1.0156061677213355,,,,,,,,,,,,,
11597.15,-0.430212239470561,-1.1084591599909484,-0.43825462865202347,-0.44064471396174626,1.0056333665288262,1.011924411960038,,,,,,,,,,,,,
11597.502,-0.432511673657663,-1.108736626207957,-0.4385744035725869,-0.44089775801662245,1.002635404584202,1.0089891809329783,,,,,,,,,,,,,
11597.865,-0.435423683524223,-1.1090227632442442,-0.43890415747975275,-0.44115879657235535,0.9987420358795456,1.0051604827594778,,,,,,,,,,,,,
11598.217,-0.438438386281555,-1.1093002294612528,-0.4392239052882472,-0.4414122255249048,0.9946835487508179,1.00116468634937,,,,,,,,,,,,,
11598.574,-0.441341260275737,-1.1095816369597529,-0.43954818133580353,-0.4416697688756913,0.9907967132967441,0.9973414118931603,,,,,,,,,,,,,
11598.932,-0.443401657496687,-1.1098638327145505,-0.43987335193252,-0.4419287612719245,0.9881601827461868,0.9947685999404019,,,,,,,,,,,,,
11599.295,-0.446254527299739,-1.1101499697508377,-0.44020304992104453,-0.4421923227064534,0.9843545007222403,0.9910275055372839,,,,,,,,,,,,,
11599.659,-0.448000669332184,-1.110436895043426,-0.44053364191505473,-0.442457777894911,0.9821909272533457,0.9889286764830313,,,,,,,,,,,,,
11600.011,-0.451511552571718,-1.1107143612604329,-0.44085332169690084,-0.4427157827171395,0.9773967557689244,0.9841970948544184,,,,,,,,,,,,,
11600.363,-0.454076128326562,-1.1109918274774397,-0.4411729881312665,-0.44297524509756137,0.9740056697284737,0.9808685788795232,,,,,,,,,,,,,
11600.72,-0.4551055234542,-1.1112732349759398,-0.44149718164881513,-0.4432400577190302,0.9728966321569725,0.9798229799390032,,,,,,,,,,,,,
11601.084,-0.456308319567946,-1.111560160268528,-0.44182771776619223,-0.4435119680836763,0.9715386750040236,0.9785296843526621,,,,,,,,,,,,,
11601.448,-0.458224364302828,-1.1118470855611147,-0.4421582396105235,-0.44378598014659554,0.9691231876355353,0.9761788373881952,,,,,,,,,,,,,
11601.799,-0.461267927121163,-1.112123763521824,-0.44247694358574474,-0.4440523593209029,0.9650207410928558,0.9721387026213065,,,,,,,,,,,,,
11602.169,-0.462114220679051,-1.1124154183522013,-0.4428128849742885,-0.4443356158661842,0.9641983809849385,0.9713820059867128,,,,,,,,,,,,,
11602.544,-0.463093654109921,-1.11271101446407,-0.4431533510635788,-0.4446254481956271,0.9631844587621324,0.9704346122702284,,,,,,,,,,,,,
11602.902,-0.464497007777803,-1.1129932102188675,-0.44347836855596334,-0.4449048823882588,0.9615221234496766,0.968835768548442,,,,,,,,,,,,,
11603.26,-0.465582039570377,-1.1132754059736651,-0.4438033722419634,-0.44518714400320913,0.9603317624129906,0.9677088786317531,,,,,,,,,,,,,
11603.624,-0.466377453698939,-1.1135623312662517,-0.4441338087616993,-0.4454771832617405,0.9595778285218172,0.967019458634199,,,,,,,,,,,,,
11603.982,-0.466514302267309,-1.1138445270210493,-0.44445878460353505,-0.4457655436095792,0.9597933340788354,0.9672983940267985,,,,,,,,,,,,,
11604.346,-0.468217470456752,-1.1141314523136359,-0.4447891928124452,-0.44606184482756434,0.9576934777151743,0.9652630095804143,,,,,,,,,,,,,
11604.704,-0.469706997041919,-1.1144136480684335,-0.4451141408101167,-0.4463562377241906,0.9559033742429361,0.9635362946593398,,,,,,,,,,,,,
11605.073,-0.470194818554576,-1.1147045146425132,-0.44544905879424146,-0.44666268170263224,0.9556113501261381,0.963309585362798,,,,,,,,,,,,,
11605.443,-0.471211710354184,-1.1149961694728905,-0.44578486968764164,-0.4469729365156662,0.9545360448459622,0.9622997500713609,,,,,,,,,,,,,
11605.801,-0.471903270466034,-1.115278365227688,-0.4461097753791545,-0.44727589249931404,0.9539290823311842,0.9617561133805826,,,,,,,,,,,,,
11606.153,-0.472654716730579,-1.115555831444695,-0.44642922226264314,-0.4475763497073921,0.9532263144505609,0.9611155900383824,,,,,,,,,,,,,
11606.506,-0.472376460533328,-1.1158340859180012,-0.4467495632612746,-0.4478801600029175,0.9540514500792082,0.9620031271618651,,,,,,,,,,,,,
11606.87,-0.473943998157917,-1.1161210112105895,-0.4470798724999341,-0.448195988326894,0.9521526924856463,0.9601686947428163,,,,,,,,,,,,,
11607.228,-0.473371992519924,-1.1164032069653853,-0.44740472315872903,-0.44850906840576765,0.9534192126810711,0.9614984591654706,,,,,,,,,,,,,
11607.586,-0.47468510212396,-1.116685402720183,-0.44772956001113684,-0.44882451895494374,0.9518906817973403,0.9600331520383023,,,,,,,,,,,,,
11607.95,-0.474090215397003,-1.1169723280127712,-0.4480598269011935,-0.44914761978349915,0.9531981401329868,0.9614048727583742,,,,,,,,,,,,,
11608.326,-0.474127242494413,-1.1172687123809375,-0.44840096672408514,-0.44948380394584,0.9535826878801763,0.9618557792095461,,,,,,,,,,,,,
11608.684,-0.473884133262206,-1.117550908135735,-0.44872576123176877,-0.4498061255271182,0.9543615549956075,0.9626978072972003,,,,,,,,,,,,,
11609.048,-0.47335518368053,-1.1178378334283234,-0.44905598506741207,-0.4501360170768021,0.9555712486508964,0.9639716995003217,,,,,,,,,,,,,
11609.401,-0.471856979910284,-1.1181160879016296,-0.44937621597874333,-0.4504579684532384,0.9582051945338951,0.966667883652195,,,,,,,,,,,,,
11609.759,-0.471357402369871,-1.1183982836564272,-0.44970096902870704,-0.4507864627841349,0.95936432594598,0.9678901145673141,,,,,,,,,,,,,
11610.111,-0.469470922089487,-1.118675749873434,-0.45002026582888455,-0.45111134338968384,0.9625727987533312,0.9711606093852132,,,,,,,,,,,,,
11610.47,-0.468815550856693,-1.1189587338845293,-0.45034589853306883,-0.4514445614781309,0.9639640934490569,0.9726151390992449,,,,,,,,,,,,,
11610.834,-0.467394882799415,-1.1192456591771176,-0.45067605233666974,-0.45178429937255127,0.9664959336935667,0.9752110740553853,,,,,,,,,,,,,
11611.198,-0.465351820863105,-1.1195325844697042,-0.45100619186722124,-0.45212587315325836,0.9699505942752419,0.9787298081861048,,,,,,,,,,,,,
11611.557,-0.463634292162788,-1.119815568480801,-0.45133178253380546,-0.4524644995103419,0.9729167446135571,0.9817591312137539,,,,,,,,,,,,,
11611.909,-0.461315077288949,-1.120093034697808,-0.4516510111556613,-0.4527981550772503,0.976766830870028,0.9856711383930726,,,,,,,,,,,,,
11612.262,-0.459603438374986,-1.1203712891711142,-0.4519711332726004,-0.45313433293142813,0.9797172359887678,0.9886836204717102,,,,,,,,,,,,,
11612.62,-0.458057340742621,-1.1206534849259118,-0.4522957759871735,-0.4534768343602536,0.9824280375837446,0.9914573579759196,,,,,,,,,,,,,
11612.979,-0.455839144384436,-1.120936468937007,-0.452621311660681,-0.453821823595276,0.986136525390995,0.9952289369345114,,,,,,,,,,,,,
11613.332,-0.454423354284852,-1.1212147234103131,-0.45294139308904935,-0.45416249574636575,0.9886482769306533,0.9978027051053016,,,,,,,,,,,,,
11613.69,-0.452336503806115,-1.1214969191651107,-0.45326599453872607,-0.45450941456968386,0.9921608501060152,1.0013781530066135,,,,,,,,,,,,,
11614.061,-0.449630542333277,-1.1217893622517856,-0.4536023686243684,-0.45487039282600855,0.9966065697697107,1.0058890089575123,,,,,,,,,,,,,
11614.425,-0.448659878883384,-1.1220762875443722,-0.45393238161886185,-0.45522595884163086,0.9984711904005542,1.0078175155229392,,,,,,,,,,,,,
11614.784,-0.446549183474389,-1.122359271555469,-0.4542578474875212,-0.45557795254747513,1.002020287080228,1.0114295998546048,,,,,,,,,,,,,
11615.142,-0.443725384548384,-1.1226414673102667,-0.4545823929403463,-0.4559302198936056,1.0066255300865354,1.016097634560578,,,,,,,,,,,,,
11615.501,-0.44167416496051,-1.1229244513213619,-0.45490783108042887,-0.4562846865631035,1.0100864422593383,1.0196214932723344,,,,,,,,,,,,,
11615.86,-0.439668406947044,-1.1232074353324588,-0.4552332553368892,-0.4566403287252678,1.013479948779812,1.0230779257465732,,,,,,,,,,,,,
11616.218,-0.43849096474053,-1.1234896310872564,-0.4555577592934288,-0.4569961102484789,1.0156441467916821,1.0253048539317462,,,,,,,,,,,,,
11616.577,-0.436940469391314,-1.1237726150983516,-0.45588315582131234,-0.45735397881852013,1.0183626376034887,1.0280862295842812,,,,,,,,,,,,,
11616.942,-0.435694529476712,-1.1240603286472357,-0.45621397649765427,-0.45771891041279206,1.0206365780356705,1.0304240847531876,,,,,,,,,,,,,
11617.312,-0.433589747524288,-1.1243519834776148,-0.456549314316268,-0.4580899132148611,1.024189763043447,1.034042038323767,,,,,,,,,,,,,
11617.665,-0.432695479216586,-1.124630237950921,-0.45686923097493803,-0.45844483832826455,1.0259282567924382,1.035842304400571,,,,,,,,,,,,,
11618.018,-0.431604767860264,-1.1249084924242254,-0.45718913421018126,-0.4588006732352021,1.0279580156815074,1.0379338157146003,,,,,,,,,,,,,
11618.383,-0.430375805327908,-1.1251962059731113,-0.4575198982272797,-0.4591695244230703,1.0302067838327036,1.040246414594103,,,,,,,,,,,,,
11618.742,-0.429637655806157,-1.1254791899842083,-0.45784521102801623,-0.4595331886210012,1.0317208134895215,1.0418232049497687,,,,,,,,,,,,,
11619.107,-0.428520830113445,-1.1257669035330924,-0.45817594657787186,-0.4599037853720651,1.033803316901206,1.043969496881505,,,,,,,,,,,,,
11619.466,-0.429286486435377,-1.1260498875441893,-0.45850123137932197,-0.46026909575646807,1.0330876610446296,1.0433165602093577,,,,,,,,,,,,,
11619.837,-0.427936975883297,-1.1263423306308642,-0.45883737462284824,-0.46064742042330153,1.035522177612959,1.0458158707962892,,,,,,,,,,,,,
11620.207,-0.428463947608316,-1.1266339854612415,-0.45917259705250313,-0.46102550255252517,1.035173274412959,1.045531565072388,,,,,,,,,,,,,
11620.578,-0.428626855755331,-1.1269264285479164,-0.4595087106814182,-0.4614053499566763,1.0353653352296206,1.0457883759981925,,,,,,,,,,,,,
11620.937,-0.42883934838335,-1.1272094125590133,-0.4598339385948158,-0.46177358668401464,1.0354698524559156,1.0459555280612465,,,,,,,,,,,,,
11621.296,-0.430028494858499,-1.1274923965701085,-0.46015915262458673,-0.4621424560410354,1.0341262898362,1.0446745796930994,,,,,,,,,,,,,
11621.661,-0.430613939236031,-1.1277801101189944,-0.460489787752711,-0.46251810712079516,1.033684845803839,1.044296775285924,,,,,,,,,,,,,
11622.02,-0.430769039653437,-1.1280630941300913,-0.46081497378319725,-0.4628881590216998,1.0338744581779706,1.0445489603972038,,,,,,,,,,,,,
11622.374,-0.431795098388524,-1.128342136859695,-0.4611356171654091,-0.46325358707034336,1.0327668612280743,1.0435030445407367,,,,,,,,,,,,,
11622.744,-0.433318894159156,-1.1286337916900724,-0.46147073847527675,-0.46363606364766075,1.030939971928178,1.0417406027870717,,,,,,,,,,,,,
11623.115,-0.434850624827839,-1.1289262347767473,-0.4618067507111103,-0.4640200887476994,1.0291024863377736,1.039967716970727,,,,,,,,,,,,,
11623.469,-0.435988432670134,-1.129205277506351,-0.46212735233612534,-0.46438696902407883,1.0278291995373403,1.0387560493505037,,,,,,,,,,,,,
11623.822,-0.437173455752748,-1.1294835319796572,-0.4624470348643932,-0.46475322556195026,1.0264847381890436,1.037473013185895,,,,,,,,,,,,,
11624.175,-0.438956759795335,-1.1297617864529634,-0.4627667039692369,-0.4651198681980097,1.0242532086098348,1.035302888887516,,,,,,,,,,,,,
11624.541,-0.440792949463687,-1.130050288258147,-0.4630981314166398,-0.4655003936826681,1.0219584594424078,1.033071785369398,,,,,,,,,,,,,
11624.9,-0.441709830133116,-1.130333272269242,-0.46342320606874754,-0.4658739909678406,1.0210185839910568,1.0321943175149613,,,,,,,,,,,,,
11625.259,-0.44316631746214,-1.130616256280339,-0.46374826683723125,-0.4662479083886053,1.0192786364048085,1.0305167569404368,,,,,,,,,,,,,
11625.624,-0.444550343242865,-1.130903969829225,-0.46407874614259903,-0.46662837705057153,1.017653139661491,1.028954668784579,,,,,,,,,,,,,
11625.996,-0.445925105383059,-1.1311972011721974,-0.4644155486401731,-0.4670164284849064,1.016049559278435,1.027415691149007,,,,,,,,,,,,,
11626.355,-0.447508662823667,-1.1314801851832943,-0.4647405670229965,-0.46739116731869457,1.0141212054639663,1.025549661501228,,,,,,,,,,,,,
11626.714,-0.449061897580617,-1.1317631691943895,-0.46506557152219496,-0.4677661255514072,1.012237810943119,1.0237285705618817,,,,,,,,,,,,,
11627.068,-0.450328142164533,-1.1320422119239932,-0.46538603590141125,-0.4681360531368356,1.0107740916188444,1.0223262669240671,,,,,,,,,,,,,
11627.427,-0.451694158913967,-1.1323251959350902,-0.4657110128267279,-0.46851137683862937,1.0091682843150982,1.0207827223181452,,,,,,,,,,,,,
11627.787,-0.452901831545056,-1.1326089682024847,-0.4660368810385629,-0.4688878960130776,1.0077984217990013,1.0194752752622902,,,,,,,,,,,,,
11628.141,-0.454848940578069,-1.1328880109320885,-0.4663573044995397,-0.4692582641818608,1.0053251881114766,1.0170633965919356,,,,,,,,,,,,,
11628.506,-0.45585318047602,-1.1331757244809726,-0.4666876704864107,-0.4696402472746988,1.0042627980248902,1.0160642470759693,,,,,,,,,,,,,
11628.877,-0.458255669574319,-1.1334681675676492,-0.4670234524396495,-0.47002859661317975,1.0011342432021562,1.01299995058829,,,,,,,,,,,,,
11629.237,-0.459083177017382,-1.1337519398350437,-0.4673492644193624,-0.4704054930247091,1.0003280497368203,1.0122560892080779,,,,,,,,,,,,,
11629.585,-0.460365671565592,-1.1340262530268568,-0.4676642027289697,-0.47076986342437244,0.9988332242081955,1.0108214983518762,,,,,,,,,,,,,
11629.938,-0.461070777057492,-1.134304507500163,-0.4679836526859331,-0.4711394866125506,0.9982003343065275,1.0102496888014296,,,,,,,,,,,,,
11630.298,-0.463667615968406,-1.1345882797675575,-0.46830942351924687,-0.4715164374786978,0.9947707617934031,1.0068823873658403,,,,,,,,,,,,,
11630.664,-0.464629234197616,-1.1348767815727427,-0.4686406095544067,-0.471899647900135,0.9937727353887443,1.0059476486696033,,,,,,,,,,,,,
11631.018,-0.466124389746833,-1.1351558243023465,-0.4689609233026406,-0.4722702522429343,0.9919696109043334,1.0042057165317528,,,,,,,,,,,,,
11631.371,-0.466747583407927,-1.135434078775651,-0.4692803187673391,-0.4726397498075757,0.9914581712705223,1.0037552764537199,,,,,,,,,,,,,
11631.743,-0.467801167048846,-1.135727310118627,-0.4696168909627154,-0.47302905038030596,0.9903308006655195,1.002692167128131,,,,,,,,,,,,,
11632.114,-0.469318642700485,-1.1360197532053018,-0.4699525435468521,-0.4734171969039086,0.9885144509186351,1.0009398839012986,,,,,,,,,,,,,
11632.474,-0.469896693077191,-1.1363035254726963,-0.4702782299932071,-0.47379371279198923,0.9880781262162159,1.0005657051562356,,,,,,,,,,,,,
11632.834,-0.470968439539217,-1.1365872977400908,-0.47060390247848183,-0.4741700894959057,0.986909800761119,0.9994595049584665,,,,,,,,,,,,,
11633.194,-0.471865700808476,-1.1368710700074836,-0.470929561002678,-0.4745463087177391,0.9860001836414397,0.9986119923960831,,,,,,,,,,,,,
11633.554,-0.473229251554298,-1.137154842274878,-0.47125520556579925,-0.4749223524403849,0.9843992014128241,0.9970730940247369,,,,,,,,,,,,,
11633.914,-0.473506633765889,-1.1374386145422726,-0.4715808361678402,-0.4752982029222168,0.9844086759170726,0.9971446316862246,,,,,,,,,,,,,
11634.28,-0.475056344757692,-1.137727116347456,-0.47191187963453807,-0.4756801014711615,0.9825386872715448,0.9953377193634804,,,,,,,,,,,,,
11634.651,-0.476048481495581,-1.138019559434131,-0.4722474308255915,-0.47606697640265633,0.9815012549431098,0.9943642032200158,,,,,,,,,,,,,
11635.017,-0.477345529217359,-1.1383080612393144,-0.472578445234503,-0.4764483818190296,0.9800058888828768,0.9929318703987134,,,,,,,,,,,,,
11635.371,-0.477419615464779,-1.1385871039689182,-0.47289859298358206,-0.4768170240850317,0.980309776848947,0.9932967045851191,,,,,,,,,,,,,
11635.731,-0.478750446213358,-1.1388708762363127,-0.47322415312096044,-0.47719163799319336,0.9787573083989932,0.9918061948147531,,,,,,,,,,,,,
11636.091,-0.479941911492674,-1.1391546485037072,-0.473549699297263,-0.47756595695433907,0.977411476443497,0.9905223008388128,,,,,,,,,,,,,
11636.457,-0.480748272225644,-1.1394431503088924,-0.4738806569311249,-0.4779461957716846,0.9766436495633756,0.9898174230175084,,,,,,,,,,,,,
11636.823,-0.48185150457859,-1.139731652114076,-0.47421160013466057,-0.47832609675198867,0.9754356525953514,0.988672353712513,,,,,,,,,,,,,
11637.183,-0.482206888575893,-1.1400154243814704,-0.4745371039623594,-0.47869942450348874,0.975329474236332,0.9886280505429618,,,,,,,,,,,,,
11637.561,-0.484238740267033,-1.1403133852622336,-0.47487886795583023,-0.47909103327823593,0.9727586428767222,0.9861221658538896,,,,,,,,,,,,,
11637.933,-0.484676005833989,-1.1406066166052078,-0.4752151920964609,-0.4794760240277018,0.9725450840426517,0.9859725005095394,,,,,,,,,,,,,
11638.293,-0.485862362480731,-1.1408903888726005,-0.47554065287750014,-0.479848200569587,0.9712068266314939,0.9846960544627588,,,,,,,,,,,,,
11638.653,-0.487792601596382,-1.141174161139995,-0.47586609969746263,-0.4802199737171682,0.9687656183496783,0.9823166368452919,,,,,,,,,,,,,
11639.014,-0.488389156228536,-1.1414587216636871,-0.4761924365170662,-0.4805923600727186,0.9683030262226267,0.9819159862369615,,,,,,,,,,,,,
11639.38,-0.489932085412136,-1.1417472234688724,-0.47652327890546253,-0.4809694606837651,0.9664430929307022,0.9801188311298938,,,,,,,,,,,,,
11639.734,-0.489997405738986,-1.1420262661984761,-0.4768432602740411,-0.4813337588472377,0.9667599780840016,0.9804964158118802,,,,,,,,,,,,,
11640.095,-0.492932657577228,-1.1423108267221682,-0.4771695550551813,-0.4817048029025995,0.9628298111350174,0.9766281280513697,,,,,,,,,,,,,
11640.461,-0.493088620497384,-1.1425993285273517,-0.4775003548228609,-0.48208050029525795,0.9630263258866714,0.976887357794334,,,,,,,,,,,,,
11640.833,-0.495332043164453,-1.1428925598703277,-0.4778365627504453,-0.48246184107639084,0.9601347868213436,0.9740595399101503,,,,,,,,,,,,,
11641.187,-0.496037014140226,-1.1431716025999314,-0.4781564887097014,-0.48282423404698716,0.959503265109802,0.9734886355721329,,,,,,,,,,,,,
11641.542,-0.497576642597353,-1.1434514335858328,-0.47847730485776463,-0.4831871525393788,0.9576353696077314,0.9716815085784388,,,,,,,,,,,,,
11641.902,-0.498708392286068,-1.1437352058532273,-0.47880262567899834,-0.48355466052653046,0.9563780776641297,0.9704858204814157,,,,,,,,,,,,,
11642.263,-0.500155404643899,-1.1440197663769212,-0.47912883614987933,-0.483922648894853,0.9546545160584332,0.9688240130577361,,,,,,,,,,,,,
11642.623,-0.501278785513885,-1.144303538644314,-0.4794541290101755,-0.4842890664836985,0.9534096325211151,0.9676406919094392,,,,,,,,,,,,,
11642.978,-0.502066677510918,-1.1445833696302152,-0.4797748902425072,-0.4846498437592457,0.9526563329637292,0.9669480794371172,,,,,,,,,,,,,
11643.344,-0.503186262881557,-1.1448718714354005,-0.48010557634180806,-0.48502121472289994,0.9514240894569651,0.9657783823860479,,,,,,,,,,,,,
11643.711,-0.504034819931208,-1.1451611614968815,-0.4804371514655177,-0.48539299122642904,0.950594867049777,0.9650118558429619,,,,,,,,,,,,,
11644.077,-0.504959204899113,-1.1454496633020668,-0.4807678086647389,-0.4857631348837554,0.9496520462181628,0.9641315386170202,,,,,,,,,,,,,
11644.432,-0.505578180223324,-1.1457294942879699,-0.4810885142929884,-0.4861215511382407,0.9491491985791198,0.9636892956191068,,,,,,,,,,,,,
11644.792,-0.506770471934475,-1.1460132665553626,-0.4814137230377904,-0.4864843979020082,0.9478021412772121,0.9624036759885387,,,,,,,,,,,,,
11645.153,-0.507614877150855,-1.1462978270790565,-0.4817398211209154,-0.48684761680118527,0.9469720623103849,0.9616351845668926,,,,,,,,,,,,,
11645.514,-0.507939664510344,-1.1465823876027468,-0.4820659051652898,-0.4872101878712125,0.9469124181791915,0.9616371071656906,,,,,,,,,,,,,
11645.868,-0.508715665304751,-1.1468614303323523,-0.48238565261730226,-0.48756508872508586,0.9461755809056119,0.9609606225937172,,,,,,,,,,,,,
11646.229,-0.509052615045042,-1.1471459908560444,-0.4827117088564039,-0.4879263442839771,0.9460979036723446,0.9609444708636806,,,,,,,,,,,,,
11646.602,-0.509519041182946,-1.147440010455318,-0.48304858878355006,-0.4882988936560162,0.9458422773471686,0.9607523933462532,,,,,,,,,,,,,
11646.962,-0.50939241455603,-1.1477237827227107,-0.48337371337407564,-0.4886577590756496,0.9464507737652382,0.9614222026604838,,,,,,,,,,,,,
11647.317,-0.510641190977658,-1.148003613708612,-0.4836943086737211,-0.4890109570425477,0.9450141231428293,0.9600459930954588,,,,,,,,,,,,,
11647.672,-0.511210434061976,-1.148283444694517,-0.48401489039740575,-0.4893634667382688,0.9445850132507888,0.9596773041317855,,,,,,,,,,,,,
11648.033,-0.510912946960307,-1.1485680052182072,-0.48434087648165747,-0.48972121856324774,0.9454480123964702,0.9606017247624087,,,,,,,,,,,,,
11648.394,-0.51090863218651,-1.148852565741901,-0.4846668485271657,-0.490078238642381,0.9458763263764289,0.9610914394121195,,,,,,,,,,,,,
11648.755,-0.511253723174168,-1.1491371262655932,-0.4849928065339242,-0.4904345170883408,0.945786578155812,0.9610630710460651,,,,,,,,,,,,,
11649.121,-0.510843650036823,-1.1494256280707766,-0.48532326486276123,-0.4907949630234013,0.9468223517803919,0.9621610534120654,,,,,,,,,,,,,
11649.494,-0.511363671901686,-1.1497196476700502,-0.48566002858591073,-0.49116149770715345,0.9464872593349836,0.9618893374792408,,,,,,,,,,,,,
11649.867,-0.511108297201172,-1.150013667269322,-0.48599677732147395,-0.491527209337257,0.9473018435557587,0.9627672759905745,,,,,,,,,,,,,
11650.228,-0.510837578494521,-1.150298227793014,-0.486322678045477,-0.49188036195798274,0.9481251533340692,0.9636518806905566,,,,,,,,,,,,,
11650.589,-0.510993602200122,-1.1505827883167061,-0.4866485647307357,-0.4922327247279493,0.9483157342407996,0.9639037357037673,,,,,,,,,,,,,
11650.956,-0.510357393707622,-1.150872078378189,-0.4869798534245122,-0.4925901249024709,0.9496879663857613,0.9653382390244097,,,,,,,,,,,,,
11651.317,-0.510247861843597,-1.151156638901881,-0.48730571179894255,-0.4929408672599332,0.9502722852268688,0.9659837899956605,,,,,,,,,,,,,
11651.678,-0.50958754552765,-1.151441199425573,-0.4876315561346276,-0.49329079265293746,0.9516732494604734,0.9674459655442222,,,,,,,,,,,,,
11652.045,-0.50929083136507,-1.151730489487056,-0.4879628017749589,-0.49364568751672455,0.9525421150355535,0.9683770384598274,,,,,,,,,,,,,
11652.418,-0.508292741055918,-1.1520245090863277,-0.48829944800831093,-0.49400550069878024,0.954457920029016,0.9703560457642622,,,,,,,,,,,,,
11652.791,-0.507773611967583,-1.1523185286855995,-0.4886360792540785,-0.494364413592688,0.9556635715807829,0.9716248774049763,,,,,,,,,,,,,
11653.146,-0.507551130357486,-1.1525983596715026,-0.48895645164023005,-0.494705161654047,0.9564083479913825,0.972429764360093,,,,,,,,,,,,,
11653.507,-0.507238340899754,-1.1528829201951947,-0.4892822248488562,-0.4950508158116902,0.9572940358649884,0.9733765580888694,,,,,,,,,,,,,
11653.868,-0.506692713758294,-1.1531674807188885,-0.4896079840187335,-0.495395601656992,0.958524951024793,0.9746685582886584,,,,,,,,,,,,,
11654.242,-0.506622084057337,-1.1534622885744579,-0.4899454593220707,-0.49575187921427943,0.9590667834889105,0.9752736535779855,,,,,,,,,,,,,
11654.603,-0.505253414070468,-1.15374684909815,-0.49027118990890095,-0.4960948723136854,0.9615180202194925,0.9777859329685911,,,,,,,,,,,,,
11654.964,-0.50510008603571,-1.1540314096218438,-0.4905969064569895,-0.49643697290080346,0.962167275427113,0.9784962100210491,,,,,,,,,,,,,
11655.337,-0.50467917195201,-1.1543254292211156,-0.4909334354014492,-0.49678949950103674,0.9632273040755294,0.9796192670767109,,,,,,,,,,,,,
11655.704,-0.504242604786768,-1.1546147192825966,-0.49126453638379,-0.49713540917200827,0.9643035290084324,0.9807574848663659,,,,,,,,,,,,,
11656.072,-0.503417681216449,-1.1549047976003788,-0.49159652498000384,-0.4974813143548835,0.9659567368129836,0.9824728328446757,,,,,,,,,,,,,
11656.427,-0.502959862113263,-1.1551846285862801,-0.4919167718936599,-0.4978141099728618,0.9670504469647968,0.983626467503481,,,,,,,,,,,,,
11656.794,-0.502458352343726,-1.155473918647763,-0.4922478297830244,-0.49815724819101975,0.9682229619770415,0.9848609114787075,,,,,,,,,,,,,
11657.156,-0.502147664785872,-1.1557592674277544,-0.4925743631327988,-0.4984948201860642,0.9691067021177872,0.9858057157883745,,,,,,,,,,,,,
11657.517,-0.50078677123829,-1.1560438279514464,-0.492899980398553,-0.4988305897659101,0.9715464087601622,0.9883062970701055,,,,,,,,,,,,,
11657.879,-0.500854392124953,-1.1563291767314379,-0.4932264855540591,-0.4991664286472378,0.9718692328345967,0.9886901435099443,,,,,,,,,,,,,
11658.246,-0.499665391044208,-1.156618466792919,-0.49355748603882965,-0.49950603792952614,0.9740610878258821,0.9909438423506721,,,,,,,,,,,,,
11658.614,-0.499952536287391,-1.1569085451106993,-0.4938893738636345,-0.4998457065496207,0.9740654366811328,0.9910101819663517,,,,,,,,,,,,,
11658.969,-0.499229440243101,-1.1571883760966024,-0.4942095235657469,-0.5001725651843232,0.9755524716461895,0.9925569973032647,,,,,,,,,,,,,
11659.319,-0.498225830638892,-1.1574642658010124,-0.49452515082662796,-0.5004940509529666,0.9774495789654687,0.9945130233115755,,,,,,,,,,,,,
11659.675,-0.498515369556293,-1.157744885043213,-0.4948461753030493,-0.5008202746308937,0.9774363538070071,0.9945597068048121,,,,,,,,,,,,,
11660.042,-0.498470811103492,-1.1580341751046959,-0.4951771047832443,-0.5011557727159024,0.9779313493538682,0.99511644092294,,,,,,,,,,,,,
11660.404,-0.498026519518577,-1.1583195238846873,-0.4955035114732942,-0.5014859096010834,0.9790131835271118,0.9962591514672815,,,,,,,,,,,,,
11660.76,-0.497297537791274,-1.158600143126888,-0.4958244943401011,-0.5018098193823322,0.9805101139090937,0.9978159288065644,,,,,,,,,,,,,
11661.127,-0.497240911412269,-1.1588894331883708,-0.496155380924991,-0.502142964246453,0.9810230025106647,0.9983904923787202,,,,,,,,,,,,,
11661.501,-0.496804899331266,-1.1591842410439401,-0.49649256377110706,-0.5024816667273446,0.9821065856290042,0.9995369046972188,,,,,,,,,,,,,
11661.868,-0.496925545127666,-1.159473531105423,-0.4968234210606788,-0.5028132590032045,0.9823566336497322,0.9998485842524893,,,,,,,,,,,,,
11662.224,-0.496735452138464,-1.1597541503476236,-0.49714434778326844,-0.5031341930519444,0.9830545563554758,1.0006062706707521,,,,,,,,,,,,,
11662.58,-0.496878681246956,-1.1600347695898243,-0.49746526085330434,-0.5034544282284923,0.9832582640296414,1.0008697218148526,,,,,,,,,,,,,
11662.948,-0.496900894251979,-1.1603248479076065,-0.49779697686722724,-0.5037847333203109,0.9836554266087795,1.0013286204111655,,,,,,,,,,,,,
11663.304,-0.496858725094024,-1.1606054671498072,-0.4981178621719531,-0.5041035763416292,0.9841340233789292,1.0018669194837484,,,,,,,,,,,,,
11663.665,-0.497714479984005,-1.1608900276734992,-0.49844324035122956,-0.5044262129508056,0.9832871163069845,1.0010805325586747,,,,,,,,,,,,,
11664.027,-0.496876995843486,-1.161175376453489,-0.4987695057579673,-0.5047490607011424,0.9849519351446935,1.0028060182873362,,,,,,,,,,,,,
11664.401,-0.497541450971828,-1.16147018430906,-0.4991065717662364,-0.5050819028482152,0.9844038609550465,1.002320600062877,,,,,,,,,,,,,
11664.763,-0.496531586813085,-1.1617555330890514,-0.4994328084717585,-0.5054033902800016,0.9863242667962581,1.0043016302398677,,,,,,,,,,,,,
11665.119,-0.497561746813084,-1.1620361523312521,-0.4997536241714622,-0.5057189105397023,0.9852129264085467,1.0032498889515258,,,,,,,,,,,,,
11665.481,-0.497733945277933,-1.1623215011112418,-0.5000798328776943,-0.5060391083049789,0.9853806938231799,1.003478239187514,,,,,,,,,,,,,
11665.843,-0.4983019296514,-1.1626068498912332,-0.5004060274672977,-0.5063586696175119,0.9849616314216144,1.0031197386766402,,,,,,,,,,,,,
11666.211,-0.498903180853479,-1.1628969282090136,-0.500737614127523,-0.5066828845516922,0.9845002569195827,1.0027199083996208,,,,,,,,,,,,,
11666.573,-0.498574610931915,-1.163182276989005,-0.5010637802498863,-0.507001190026342,0.9854105111528734,1.0036906823153449,,,,,,,,,,,,,
11666.941,-0.498909059835775,-1.1634723553067854,-0.5013953379710356,-0.5073241468596611,0.9853447231035596,1.003686395583208,,,,,,,,,,,,,
11667.315,-0.499149438565466,-1.1637671631623565,-0.5017322865774103,-0.5076517337763006,0.9854254249002653,1.0038295792738268,,,,,,,,,,,,,
11667.689,-0.500307807442356,-1.1640619710179259,-0.5020692201157315,-0.5079786896399834,0.9841450272297422,1.0026116411558754,,,,,,,,,,,,,
11668.051,-0.500425921362424,-1.1643473197979155,-0.5023953286016765,-0.508294562941841,0.9843929855323835,1.0029200336836928,,,,,,,,,,,,,
11668.413,-0.501072048948457,-1.164632668577907,-0.5027214229709918,-0.5086098625747588,0.9838580605746506,1.002445522020464,,,,,,,,,,,,,
11668.781,-0.501696107838719,-1.164922746895689,-0.5030529077498223,-0.5089298089185897,0.9833628692257531,1.002011723837474,,,,,,,,,,,,,
11669.143,-0.501953491649467,-1.1652080956756787,-0.5033789736518948,-0.5092439774748686,0.9834043327478311,1.0021135584458012,,,,,,,,,,,,,
11669.512,-0.502833567828995,-1.1654989622497585,-0.5037113301669907,-0.5095636568882298,0.9825307145695673,1.0013014572087937,,,,,,,,,,,,,
11669.88,-0.503299108808593,-1.165789040567537,-0.504042771378634,-0.5098819112924656,0.9822705569456004,1.0011026281538662,,,,,,,,,,,,,
11670.26,-0.503410434406013,-1.166088577960899,-0.5043850051460934,-0.5102099671805752,0.9825496176479007,1.0014449945700925,,,,,,,,,,,,,
11670.628,-0.50476472869771,-1.1663786562786793,-0.504716416705099,-0.510527113971391,0.9809717098680283,0.999928371393415,,,,,,,,,,,,,
11670.985,-0.504784936317043,-1.1666600637771793,-0.5050379079994531,-0.5108342722631339,0.9813589896416278,1.0003750832234055,,,,,,,,,,,,,
11671.341,-0.506163913032296,-1.16694068301938,-0.5053584850862363,-0.5111400790745446,0.9797304604292427,0.998805799320047,,,,,,,,,,,,,
11671.709,-0.5059027651241,-1.1672307613371604,-0.505689853791627,-0.5114556864629366,0.9805477608379526,0.9996843207930851,,,,,,,,,,,,,
11672.072,-0.506725638608995,-1.1675168983734494,-0.5060167059123346,-0.5117665081429325,0.9797519443507414,0.9989488723708475,,,,,,,,,,,,,
11672.428,-0.506790474114268,-1.16779751761565,-0.5063372413128038,-0.512070863604665,0.9800718858340618,0.9993279973550768,,,,,,,,,,,,,
11672.791,-0.507519473161795,-1.168083654651939,-0.5066640653177732,-0.5123807294719906,0.9794152565125054,0.9987316944114135,,,,,,,,,,,,,
11673.171,-0.508280625271849,-1.1683831920452992,-0.5070061799226888,-0.5127046023416731,0.9787308226469863,0.9981103895780384,,,,,,,,,,,,,
11673.539,-0.508271079153274,-1.1686732703630813,-0.507337476082184,-0.5130177637360673,0.9791750743221683,0.9986157547540617,,,,,,,,,,,,,
11673.908,-0.509319164897503,-1.1689641369371593,-0.5076696578549988,-0.5133313059569663,0.978052349190302,0.9975542874738329,,,,,,,,,,,,,
11674.264,-0.510301324761152,-1.16924475617936,-0.5079901228450971,-0.5136333630682243,0.9770121783682031,0.9965731957554942,,,,,,,,,,,,,
11674.633,-0.510923792487897,-1.169535622753438,-0.5083222757989496,-0.5139460029233544,0.9765205149733357,0.9961427474825156,,,,,,,,,,,,,
11674.99,-0.510518210243847,-1.169817030251938,-0.5086436130706184,-0.5142480492735908,0.9775391112790015,0.9972205474758049,,,,,,,,,,,,,
11675.346,-0.511247618936285,-1.1700976494941386,-0.5089640365661534,-0.5145488389201419,0.9768736933728525,0.9966141471496061,,,,,,,,,,,,,
11675.709,-0.511714476800149,-1.1703837865304276,-0.5092907464658101,-0.5148551277403114,0.9766057394924327,0.9964063504636281,,,,,,,,,,,,,
11676.077,-0.511906298524762,-1.170673864848208,-0.509621942012469,-0.5151652146664972,0.9767514240588954,0.9966129993527174,,,,,,,,,,,,,
11676.446,-0.51258657181345,-1.1709647314222877,-0.5099540228990449,-0.5154757261910096,0.9761740526422141,0.9960967362040855,,,,,,,,,,,,,
11676.803,-0.512540522710662,-1.171246138920786,-0.5102752904470842,-0.5157757482612613,0.9766595709311745,0.9966413548017532,,,,,,,,,,,,,
11677.16,-0.513424213373596,-1.171527546419286,-0.5105965442657645,-0.5160753919219079,0.9757665686514314,0.995807432474249,,,,,,,,,,,,,
11677.522,-0.513394848021653,-1.1718128951992774,-0.5109222834185045,-0.5163788525492363,0.9762331937438808,0.9963339441831287,,,,,,,,,,,,,
11677.885,-0.514559922813503,-1.1720990322355647,-0.5112489082279774,-0.5166827742404305,0.9749299970652764,0.9950907785361188,,,,,,,,,,,,,
11678.254,-0.514071015511663,-1.1723898988096444,-0.5115809172460244,-0.5169913391835663,0.9760861639482321,0.9963079471279694,,,,,,,,,,,,,
11678.605,-0.51497659391003,-1.1726665767703537,-0.5118967170901652,-0.5172845027574682,0.9751536963686551,0.9954334853816402,,,,,,,,,,,,,
11678.974,-0.515129175979469,-1.1729574433444334,-0.5122286974880037,-0.5175923396716906,0.9753587301221944,0.9956994784090127,,,,,,,,,,,,,
11679.348,-0.515955000914732,-1.1732522512000028,-0.5125651612978848,-0.5179039774884547,0.9745713937150833,0.9949739050901631,,,,,,,,,,,,,
11679.717,-0.516195824870403,-1.1735431177740825,-0.5128971121612569,-0.5182110905286808,0.9746455916587785,0.9951090185170671,,,,,,,,,,,,,
11680.08,-0.517095695335461,-1.1738292548103715,-0.5132236511375696,-0.5185128689906436,0.9737356121285351,0.9942589427539633,,,,,,,,,,,,,
11680.437,-0.516259026244363,-1.1741106623088697,-0.5135447789306955,-0.5188093358450727,0.9753933787778404,0.99597560249797,,,,,,,,,,,,,
11680.8,-0.517214591166632,-1.1743967993451587,-0.5138712897521671,-0.5191104625851305,0.9744008213503627,0.9950429070925729,,,,,,,,,,,,,
11681.163,-0.518480597920582,-1.1746829363814477,-0.5141977863789071,-0.5194112701025919,0.9729479733489667,0.9936499000667934,,,,,,,,,,,,,
11681.526,-0.517722480657454,-1.1749690734177367,-0.5145242688109164,-0.5197117645947744,0.9744962840524333,0.9952580306994071,,,,,,,,,,,,,
11681.895,-0.518426501105184,-1.1752599399918164,-0.5148561330981556,-0.5200169114396903,0.973883702840071,0.9947062366041944,,,,,,,,,,,,,
11682.27,-0.518604845192383,-1.1755555361036851,-0.5151933785251144,-0.52032670172239,0.9740575518392088,0.9949418388476069,,,,,,,,,,,,,
11682.633,-0.519496223893147,-1.1758416731399741,-0.5155198176690545,-0.5206262793227169,0.9731601630060351,0.9941042057605516,,,,,,,,,,,,,
11682.99,-0.519562610007485,-1.1761230806384724,-0.5158408472799314,-0.5209206238304913,0.9734789741526642,0.9944817644274868,,,,,,,,,,,,,
11683.354,-0.52015525093244,-1.1764100059310607,-0.5161681574532553,-0.5212204583643345,0.9730256910911776,0.9940883598393675,,,,,,,,,,,,,
11683.723,-0.520836010190972,-1.1767008725051387,-0.5164999490769553,-0.5215241274938337,0.972447599129401,0.9935709472568366,,,,,,,,,,,,,
11684.086,-0.520566471126361,-1.1769870095414277,-0.516826331402866,-0.521822585815946,0.9732714973457305,0.9944545169754334,,,,,,,,,,,,,
11684.449,-0.521272842718042,-1.1772731465777184,-0.5171526995340434,-0.5221207790874616,0.9726484176414474,0.9938910877269518,,,,,,,,,,,,,
11684.824,-0.52181866075706,-1.1775687426895871,-0.5174898417879916,-0.5224285577295019,0.9722774148232033,0.9935816851788085,,,,,,,,,,,,,
11685.199,-0.522355970976363,-1.1778643388014558,-0.5178269688931998,-0.5227360658782269,0.9719190265073223,0.9932848746720566,,,,,,,,,,,,,
11685.569,-0.52261598919012,-1.1781559936318313,-0.5181595861232262,-0.5230392148642904,0.9719659339628716,0.9933925168855328,,,,,,,,,,,,,
11685.938,-0.522845157903898,-1.178446860205911,-0.5184912897000329,-0.5233412941599275,0.9720574130762824,0.9935445448314425,,,,,,,,,,,,,
11686.301,-0.523181176517046,-1.1787329972422,-0.5188175854107051,-0.523638223274346,0.9719834539080991,0.993530128741489,,,,,,,,,,,,,
11686.67,-0.52392882390662,-1.1790238638162798,-0.5191492598903,-0.5239398237268702,0.9713061872440665,0.9929133677676389,,,,,,,,,,,,,
11687.034,-0.523896495700119,-1.1793107891088663,-0.5194764257646778,-0.5242371092964332,0.9717795428338231,0.9934463878793479,,,,,,,,,,,,,
11687.403,-0.524381281247782,-1.179601655682946,-0.5198080711073079,-0.5245382527659942,0.9714920201273598,0.9932193276618184,,,,,,,,,,,,,
11687.767,-0.524890978806813,-1.1798885809755326,-0.5201352082395321,-0.5248350985152297,0.9711617167857658,0.9929486462263086,,,,,,,,,,,,,
11688.142,-0.52526749494913,-1.1801841770874013,-0.5204722164574358,-0.5251406949654203,0.971041737055409,0.9928900680313919,,,,,,,,,,,,,
11688.506,-0.525518250694984,-1.1804711023799896,-0.5207993246122378,-0.5254371192217794,0.9710953654641017,0.9930032753814668,,,,,,,,,,,,,
11688.863,-0.525768743848345,-1.180752509878488,-0.521120128361634,-0.5257276490703094,0.9711412020112851,0.993107524565122,,,,,,,,,,,,,
11689.221,-0.525942699263618,-1.1810347056332855,-0.5214418169338693,-0.526018804832212,0.9713016894292698,0.9933265677983308,,,,,,,,,,,,,
11689.59,-0.526444765655452,-1.1813255722073652,-0.5217733753426153,-0.5263187149912134,0.9709885445003175,0.9930737564618171,,,,,,,,,,,,,
11689.96,-0.526342101375819,-1.1816172270377407,-0.5221058175560946,-0.5266192478009315,0.9715731995014493,0.9937188867246024,,,,,,,,,,,,,
11690.317,-0.526357755720478,-1.1818986345362408,-0.5224265653881437,-0.5269090458866571,0.9719672303929684,0.9941712473441825,,,,,,,,,,,,,
11690.681,-0.527068963479494,-1.1821855598288291,-0.5227535882575616,-0.5272043538442774,0.971338148870939,0.9936016183112716,,,,,,,,,,,,,
11691.062,-0.527472948677771,-1.1824858854784868,-0.5230958688845684,-0.5275132725503368,0.9711844533690547,0.9935101292575362,,,,,,,,,,,,,
11691.432,-0.528473206571477,-1.1827775403088658,-0.5234282524270499,-0.527813100351978,0.9701338110991872,0.9925198752580885,,,,,,,,,,,,,
11691.796,-0.527724818824873,-1.1830644656014524,-0.5237552315754579,-0.5281079057646908,0.9716688646401802,0.9941143164632457,,,,,,,,,,,,,
11692.148,-0.528908916605222,-1.1833419318184593,-0.5240714176165042,-0.528392845695039,0.9703246064892614,0.992827468013828,,,,,,,,,,,,,
11692.511,-0.528285440719814,-1.1836280688547482,-0.5243974704916772,-0.5286865436799308,0.9716732850855202,0.9942353296371721,,,,,,,,,,,,,
11692.875,-0.529265300921012,-1.1839149941473366,-0.5247244073306909,-0.5289809062943351,0.9706458739114365,0.9932672433953049,,,,,,,,,,,,,
11693.239,-0.529166104153787,-1.1842019194399231,-0.5250513298966597,-0.5292751290025611,0.971218375186638,0.993899048440133,,,,,,,,,,,,,
11693.597,-0.528809851717169,-1.1844841151947207,-0.5253728497070398,-0.5295643699929321,0.9721649991736586,0.9949039780199093,,,,,,,,,,,,,
11693.972,-0.529116444443655,-1.1847797113065894,-0.5257096224125464,-0.5298672105019896,0.9721486945473589,0.9949487257358384,,,,,,,,,,,,,
11694.342,-0.529395631301862,-1.1850713661369667,-0.5260418899682024,-0.5301658822397383,0.9721671807482514,0.9950274282339878,,,,,,,,,,,,,
11694.7,-0.529811476733849,-1.1853535618917643,-0.5263633672410322,-0.5304547481335643,0.971969019030533,0.9948875090387828,,,,,,,,,,,,,
11695.058,-0.529497274153607,-1.185635757646562,-0.5266848307074765,-0.5307435011881593,0.9728532959027344,0.9958300079628252,,,,,,,,,,,,,
11695.416,-0.529688697527367,-1.1859179534013595,-0.5270062803675328,-0.531032145709321,0.9729878836647557,0.9960227973060224,,,,,,,,,,,,,
11695.786,-0.530221678267127,-1.1862096082317368,-0.5273384903682148,-0.5313303559531861,0.972630070928213,0.9957251155302236,,,,,,,,,,,,,
11696.15,-0.530262037490942,-1.1864965335243234,-0.5276652987890129,-0.5316236262211655,0.9729956532232571,0.9961498323523454,,,,,,,,,,,,,
11696.508,-0.5299773905027,-1.186778729279121,-0.527986706335736,-0.5319119659303664,0.9738361081648558,0.997048426433866,,,,,,,,,,,,,
11696.878,-0.529683439442021,-1.1870703841095,-0.5283188728114672,-0.5322098746187345,0.9747043831335529,0.9979767678290465,,,,,,,,,,,,,
11697.254,-0.530835596196967,-1.1873667684776663,-0.5286564106624567,-0.5325125189018487,0.9734355336330799,0.9967689364044633,,,,,,,,,,,,,
11697.624,-0.531391860222322,-1.1876584233080436,-0.5289885474041043,-0.5328102445103695,0.9730431988837297,0.9964366239950097,,,,,,,,,,,,,
11697.988,-0.531323442786508,-1.1879453486006302,-0.5293152837538502,-0.5331030601350815,0.9735700637959342,0.9970225165748604,,,,,,,,,,,,,
11698.352,-0.531328071193563,-1.1882322738932185,-0.5296420058305547,-0.5333957986958333,0.9739886239969031,0.9975000832808927,,,,,,,,,,,,,
11698.716,-0.531359799110911,-1.188519199185805,-0.5299687136342079,-0.5336884644022859,0.9743670038875092,0.9979374485139776,,,,,,,,,,,,,
11699.087,-0.53219812439242,-1.18881164227248,-0.5303016895928279,-0.5339866876511139,0.9735576270474374,0.9971881695729347,,,,,,,,,,,,,
11699.445,-0.531246394518213,-1.1890938380272775,-0.5306229838731973,-0.53427439750065,0.975387162496548,0.9990756762224329,,,,,,,,,,,,,
11699.821,-0.531940354951743,-1.1893902223954456,-0.5309604177494922,-0.534576510360639,0.9747976784237645,0.9985470560627056,,,,,,,,,,,,,
11700.197,-0.531604579763957,-1.1896866067636118,-0.5312978363961438,-0.5348785632541302,0.9757349782819751,0.9995451972530538,,,,,,,,,,,,,
11700.561,-0.532063826223061,-1.1899735320562002,-0.5316244718542693,-0.5351709232377097,0.9754794785376131,0.9993485755847669,,,,,,,,,,,,,
11700.92,-0.531903852952813,-1.1902565160672953,-0.5319466065812852,-0.5354592202457467,0.976136249115685,1.0000633947455935,,,,,,,,,,,,,
11701.284,-0.532596827004459,-1.1905434413598837,-0.5322732136893729,-0.535751488771917,0.9755342026217138,0.9995201842932167,,,,,,,,,,,,,
11701.654,-0.532623486938379,-1.190835096190261,-0.5326051898032187,-0.5360485338052479,0.9759271092487469,0.9999728750979968,,,,,,,,,,,,,
11702.025,-0.532523108892813,-1.1911275392769358,-0.532938048342495,-0.5363463441679661,0.9765095432056251,1.0006152328567528,,,,,,,,,,,,,
11702.389,-0.532937714515583,-1.1914144645695224,-0.5332646121216857,-0.5366385029509325,0.9763202322092943,1.0004846936584584,,,,,,,,,,,,,
11702.766,-0.533241964110721,-1.191711637193988,-0.5336028238462127,-0.536941066165918,0.9763097392197551,1.0005350491499445,,,,,,,,,,,,,
11703.142,-0.533369100609061,-1.192008021562156,-0.53394012320752,-0.5372428007971218,0.9765606822022642,1.0008466566007272,,,,,,,,,,,,,
11703.518,-0.533541579296648,-1.1923044059303223,-0.5342774073391876,-0.5375445136238136,0.9767443965442287,1.0010910128300416,,,,,,,,,,,,,
11703.883,-0.534014911344551,-1.1925921194792082,-0.5346048095481022,-0.5378373828222686,0.9764691809104985,1.0008746433862288,,,,,,,,,,,,,
11704.247,-0.534133134698316,-1.1928790447717965,-0.5349313004720146,-0.5381294368240419,0.9767193144437974,1.0011834406953488,,,,,,,,,,,,,
11704.618,-0.533895665372901,-1.1931714878584714,-0.5352640553801278,-0.5384270979247829,0.9775050129656964,1.0020289093656483,,,,,,,,,,,,,
11704.976,-0.535020137983747,-1.193453683613269,-0.5355851363556923,-0.5387143235568861,0.9762561732221301,1.0008377245563613,,,,,,,,,,,,,
11705.341,-0.535727735788321,-1.1937413971621549,-0.5359124812369336,-0.5390071636226998,0.975633612905489,1.0002739254301403,,,,,,,,,,,,,
11705.706,-0.53635385180542,-1.1940291107110408,-0.5362398117665945,-0.5393000055936585,0.9751318652335796,0.9998309176696281,,,,,,,,,,,,,
11706.088,-0.536274447628454,-1.1943302246169978,-0.5365823724579828,-0.5396064927645824,0.9756960575198658,1.000456562910078,,,,,,,,,,,,,
11706.453,-0.536231479563336,-1.1946179381658837,-0.5369096736160568,-0.5398993499126259,0.9761863575192888,1.0010055592717728,,,,,,,,,,,,,
11706.806,-0.537101207991049,-1.19489619263919,-0.5372262005365265,-0.5401825910858176,0.9753093820019835,1.0001853301321764,,,,,,,,,,,,,
11707.17,-0.537367717395956,-1.1951831179317765,-0.5375525768447256,-0.5404746744699332,0.9753396525380327,1.0002740945038318,,,,,,,,,,,,,
11707.541,-0.538661023772404,-1.1954755610184513,-0.5378852149329783,-0.5407723951350186,0.9738556774707262,0.9988497163766282,,,,,,,,,,,,,
11707.906,-0.538667344545106,-1.195763274567339,-0.5382124589599755,-0.5410653244385103,0.9742728971532209,0.9993255477133942,,,,,,,,,,,,,
11708.265,-0.538525241017667,-1.1960462585784324,-0.5385343096334534,-0.5413534646096182,0.9749031723516925,1.0000134503296743,,,,,,,,,,,,,
11708.629,-0.539501338322659,-1.1963331838710207,-0.5388606287318289,-0.5416456477213087,0.9738813404052692,0.9990500273940967,,,,,,,,,,,,,
11709.0,-0.54013489390501,-1.1966256269576956,-0.5391932085100679,-0.5419434841539483,0.9733755745889959,0.9986037720619213,,,,,,,,,,,,,
11709.371,-0.539803546995166,-1.1969180700443722,-0.5395257734610182,-0.5422413588642087,0.9743004649426842,0.9995881509153483,,,,,,,,,,,,,
11709.742,-0.540808129825656,-1.197210513131047,-0.5398583235846788,-0.542539275382438,0.9732445788540864,0.9985917313421353,,,,,,,,,,,,,
11710.101,-0.540971845948665,-1.197493497142144,-0.5401801032544489,-0.5428275988879236,0.9734214167639801,0.9988260913929354,,,,,,,,,,,,,
11710.466,-0.54230743253614,-1.19778121069103,-0.5405072466237915,-0.5431207879161929,0.9718677405737769,0.9973308776123407,,,,,,,,,,,,,
11710.831,-0.542821195996881,-1.198068924239914,-0.5408343756415572,-0.5434140273462557,0.9715325774834827,0.9970541556526338,,,,,,,,,,,,,
11711.19,-0.543605154620095,-1.198351908251011,-0.5411561131963785,-0.5437024987331553,0.9707897848949926,0.9963688227614017,,,,,,,,,,,,,
11711.555,-0.543057207758708,-1.198639621799897,-0.5414832137469041,-0.5439958477688471,0.9720288144670145,0.9976662512557545,,,,,,,,,,,,,
11711.932,-0.544247496702976,-1.1989367944243625,-0.5418210532210477,-0.5442989042521822,0.9707045953010865,0.9964023286368281,,,,,,,,,,,,,
11712.297,-0.544931537642539,-1.1992245079732484,-0.5421481245965838,-0.5445923787413651,0.9701169626321046,0.9958730516325466,,,,,,,,,,,,,
11712.656,-0.545704145086893,-1.1995074919843436,-0.5424698054567108,-0.54488109387086,0.9693910003805669,0.9952044650172954,,,,,,,,,,,,,
11713.021,-0.545903669583977,-1.1997952055332295,-0.5427968483650059,-0.5451747033863354,0.9695217578530616,0.9953935359462359,,,,,,,,,,,,,
11713.38,-0.546849488214289,-1.2000781895443247,-0.5431185012258481,-0.5454635573830038,0.9685389762297208,0.9944680884447631,,,,,,,,,,,,,
11713.745,-0.54661576570043,-1.2003659030932106,-0.5434455156669005,-0.5457573142033344,0.969312106910219,0.9952994903734541,,,,,,,,,,,,,
11714.11,-0.547358525979254,-1.2006536166420965,-0.5437725157563751,-0.5460511498854825,0.9686374113662944,0.9946830447986977,,,,,,,,,,,,,
11714.476,-0.548327261413999,-1.20094211844728,-0.5441003973258933,-0.5463458728514173,0.9676288323160612,0.9937328539400351,,,,,,,,,,,,,
11714.853,-0.548686330452526,-1.2012392910717455,-0.5444381181721347,-0.546649542952595,0.9675370588079695,0.9937012010898656,,,,,,,,,,,,,
11715.224,-0.549000315438009,-1.2015317341584204,-0.5447704492036065,-0.5469484718061386,0.9675051187407692,0.9937284026910137,,,,,,,,,,,,,
11715.601,-0.549525995757899,-1.2018289067828878,-0.5451081396720072,-0.5472523315163861,0.9671663115068945,0.9934496710739686,,,,,,,,,,,,,
11715.96,-0.550455829217875,-1.2021118907939812,-0.5454296927563869,-0.5475417766578505,0.9662072310168304,0.9925477767676432,,,,,,,,,,,,,
11716.332,-0.550841511720488,-1.2024051221369572,-0.5457628751774735,-0.5478418021821464,0.966070154138053,0.9924699351646684,,,,,,,,,,,,,
11716.697,-0.551802735181016,-1.2026928356858413,-0.5460897735476742,-0.5481362830319872,0.9650715443112405,0.9915294244882977,,,,,,,,,,,,,
11717.062,-0.552604124516473,-1.2029805492347272,-0.546416657566299,-0.5484308668078897,0.9643099197539812,0.9908258778024589,,,,,,,,,,,,,
11717.428,-0.552662967837123,-1.2032690510399107,-0.5467444227469622,-0.5487263639048933,0.9646504332571993,0.9912246069280016,,,,,,,,,,,,,
11717.805,-0.552996212194485,-1.203566223664378,-0.5470820237063245,-0.5490308563336134,0.9645969498766046,0.9912310664495741,,,,,,,,,,,,,
11718.183,-0.553709025507208,-1.2038641845451412,-0.5474205047872163,-0.5493362759698651,0.9639818502202075,0.9906760459034931,,,,,,,,,,,,,
11718.548,-0.553863356102321,-1.2041518980940271,-0.5477473303772191,-0.5496313082773446,0.9641796164684308,0.9909318033912761,,,,,,,,,,,,,
11718.914,-0.55344867928637,-1.2044403998992106,-0.5480750369691858,-0.5499272666885294,0.965222215944592,0.9920325316205532,,,,,,,,,,,,,
11719.279,-0.555083643557485,-1.2047281134480965,-0.5484018338167145,-0.5502225367257984,0.9632246539382447,0.9900929182374214,,,,,,,,,,,,,
11719.657,-0.555191316570183,-1.2050260743288597,-0.5487402548766074,-0.5505284527544423,0.963506792822451,0.9904350472390631,,,,,,,,,,,,,
11720.022,-0.55615801553476,-1.2053137878777456,-0.5490670225098215,-0.5508239757482769,0.962500064492772,0.9894862242166692,,,,,,,,,,,,,
11720.388,-0.55629292375436,-1.2056022896829308,-0.5493946709862181,-0.5511204373218783,0.9627277969451814,0.9897719992544868,,,,,,,,,,,,,
11720.759,-0.556615588621094,-1.2058947327696057,-0.5497267808073225,-0.5514210834630675,0.9626829872608265,0.9897860032508219,,,,,,,,,,,,,
11721.137,-0.557355790914414,-1.2061926936503689,-0.550065141601892,-0.5517275443858302,0.9620272780978761,0.989190194850181,,,,,,,,,,,,,
11721.509,-0.557057960639272,-1.206485924993343,-0.5503981165626515,-0.552029283840511,0.9629036422461955,0.9901254866737749,,,,,,,,,,,,,
11721.868,-0.557678057693385,-1.2067689090044382,-0.5507194411666667,-0.5523206157667533,0.9624038063986688,0.9896824982431447,,,,,,,,,,,,,
11722.234,-0.55834492635947,-1.2070574108096235,-0.5510470168606014,-0.5526177695295551,0.9618428037186749,0.9891794302343214,,,,,,,,,,,,,
11722.6,-0.558727230212193,-1.207345912614807,-0.5513745781242099,-0.55291506853185,0.961703723885062,0.9890982636760998,,,,,,,,,,,,,
11722.965,-0.559130490374967,-1.2076336261636929,-0.551701230040452,-0.5532117024776297,0.9615324034900852,0.9889846770153483,,,,,,,,,,,,,
11723.331,-0.559456984372608,-1.2079221279688763,-0.5520287624828368,-0.553509299338237,0.9614760726535609,0.988986216721113,,,,,,,,,,,,,
11723.697,-0.560122077175049,-1.2082106297740598,-0.5523562804948963,-0.5538070491886586,0.9609177030378375,0.9884856962518991,,,,,,,,,,,,,
11724.081,-0.559855353534489,-1.2085133201926137,-0.5526998904378662,-0.5541196097207195,0.9617619704571075,0.989390634857635,,,,,,,,,,,,,
11724.441,-0.56032855724249,-1.2087970924600082,-0.55302201033295,-0.5544127933169418,0.9614811013936737,0.9891666236414849,,,,,,,,,,,,,
11724.801,-0.560751731767374,-1.209080864727401,-0.5533441162669552,-0.5547061323557341,0.9612744103534915,0.9890167697485545,,,,,,,,,,,,,
11725.16,-0.56095311024088,-1.209363848738498,-0.553665313559299,-0.5549988137224918,0.9613954064819104,0.9891944245294044,,,,,,,,,,,,,
11725.526,-0.560877048675234,-1.2096523505436814,-0.5539927594591596,-0.5552973659543156,0.9619359427952032,0.9897927030687592,,,,,,,,,,,,,
11725.892,-0.561228013985536,-1.2099408523488666,-0.5543201909286966,-0.5555960862014582,0.9618433284639984,0.989757809567837,,,,,,,,,,,,,
11726.252,-0.561238933439418,-1.2102246246162611,-0.5546422405918054,-0.5558900756735965,0.9622478859859241,0.9902191208043972,,,,,,,,,,,,,
11726.624,-0.561717594723127,-1.2105178559592336,-0.5549750105767908,-0.556194040503136,0.9619729499266272,0.9900028085036892,,,,,,,,,,,,,
11727.002,-0.561874011621853,-1.2108158168399985,-0.5553131325496725,-0.5565030935027963,0.9621828164912413,0.9902722217307308,,,,,,,,,,,,,
11727.374,-0.562541907560156,-1.211109048182971,-0.5556458724795652,-0.5568074260136116,0.9616273031421614,0.9897752875776782,,,,,,,,,,,,,
11727.74,-0.56287780693566,-1.2113975499881562,-0.5559732310877861,-0.5571070315858537,0.9615570269982338,0.9897626242328758,,,,,,,,,,,,,
11728.101,-0.563051744533211,-1.2116821105118483,-0.5562961034479059,-0.5574027229983961,0.9617210470656528,0.989983449079989,,,,,,,,,,,,,
11728.467,-0.563308355333248,-1.2119706123170317,-0.5566234333926117,-0.5577026928955446,0.9617683317018187,0.9900883040160121,,,,,,,,,,,,,
11728.833,-0.563139966844956,-1.212259114122217,-0.5569507489069929,-0.558002846560753,0.9624457606883171,0.9908232819065882,,,,,,,,,,,,,
11729.193,-0.563760530736129,-1.2125428863896097,-0.5572726845158469,-0.5582982578940907,0.9619464014075099,0.9903805072326726,,,,,,,,,,,,,
11729.559,-0.564780072920772,-1.2128313881947932,-0.5575999714061401,-0.5585987728749537,0.9608624914395879,0.9893541037280184,,,,,,,,,,,,,
11729.937,-0.563916533509587,-1.2131293490755581,-0.5579379738663777,-0.558909330316579,0.962584642198373,0.9911356239483531,,,,,,,,,,,,,
11730.31,-0.563953813826603,-1.21342336867483,-0.5582714903065664,-0.5592159674839966,0.9629653082669147,0.9915748517971359,,,,,,,,,,,,,
11730.67,-0.564094280043786,-1.2137071409422244,-0.5585933686362203,-0.5595120932570302,0.9631777874413245,0.9918438306508168,,,,,,,,,,,,,
11731.03,-0.564828120210124,-1.213990913209619,-0.5589152330047993,-0.5598083905907246,0.9625104739855793,0.9912329961743108,,,,,,,,,,,,,
11731.396,-0.564395695760263,-1.2142794150148024,-0.5592424474674749,-0.5601098010587819,0.9635793877910752,0.9923593090549618,,,,,,,,,,,,,
11731.769,-0.564430539109155,-1.2145734346140742,-0.5595759052833094,-0.5604171565152622,0.9639636671402447,0.9928020632622976,,,,,,,,,,,,,
11732.135,-0.564780896842641,-1.2148619364192594,-0.5599030906093478,-0.5607189197781609,0.9638719536601906,0.9927677056566312,,,,,,,,,,,,,
11732.501,-0.565321471006023,-1.215150438224443,-0.5602302615050565,-0.5610208562102881,0.963498207216949,0.9924512936919926,,,,,,,,,,,,,
11732.88,-0.565298423781187,-1.2154491873615036,-0.5605690380166743,-0.5613336985737634,0.9639753330968611,0.992987767971845,,,,,,,,,,,,,
11733.258,-0.565462811903002,-1.2157471482422686,-0.5609069052464211,-0.5616458982332557,0.964173380768285,0.993244984599153,,,,,,,,,,,,,
11733.631,-0.565357637599711,-1.2160411678415404,-0.561240288244881,-0.5619541460706008,0.964765263600313,0.9938952313579534,,,,,,,,,,,,,
11733.997,-0.565422081565826,-1.2163296696467238,-0.5615674001576236,-0.5622567797419509,0.9650974730541013,0.9942846878365548,,,,,,,,,,,,,
11734.364,-0.566079776971554,-1.2166189597082067,-0.5618953913292408,-0.5625604089933945,0.9645512402657589,0.9937958370021119,,,,,,,,,,,,,
11734.736,-0.566132568251805,-1.2169121910511809,-0.5622278362382858,-0.5628683462676484,0.9649077395618253,0.9942104780680765,,,,,,,,,,,,,
11735.103,-0.566002072830697,-1.217201481112662,-0.5625557981936522,-0.5631723126737865,0.9655301534280792,0.994890230569429,,,,,,,,,,,,,
11735.475,-0.566687881273135,-1.217494712455638,-0.5628882134884119,-0.5634805896556357,0.9649480812973998,0.9943662562996682,,,,,,,,,,,,,
11735.854,-0.566688510766648,-1.2177934615926986,-0.5632268685789361,-0.5637948418245814,0.9653901018236991,0.9948674451953857,,,,,,,,,,,,,
11736.233,-0.566787814843125,-1.2180922107297611,-0.5635655081958326,-0.5641092688231184,0.9656858180321268,0.9952223068305386,,,,,,,,,,,,,
11736.593,-0.566647253883625,-1.2183759829971557,-0.5638871568269757,-0.5644080939175482,0.9663149748164505,0.9959076227211449,,,,,,,,,,,,,
11736.96,-0.56636706382438,-1.2186652730586367,-0.5642150453661383,-0.5647128899298423,0.9671593401849472,0.9968092178708543,,,,,,,,,,,,,
11737.327,-0.566848876299096,-1.2189545631201195,-0.5645429193960183,-0.5650178469613845,0.9668738881516326,0.9965809741058915,,,,,,,,,,,,,
11737.699,-0.567367063776889,-1.2192477944630937,-0.5648752455673911,-0.5653271220655915,0.9665403467991625,0.9963053984714851,,,,,,,,,,,,,
11738.066,-0.566254712803233,-1.2195370845245765,-0.5652030903810212,-0.5656324004342361,0.9686185530544154,0.9984407696762836,,,,,,,,,,,,,
11738.427,-0.567354425583537,-1.2198216450482686,-0.5655255611785224,-0.5659328421782583,0.9674099308207585,0.9972883568271763,,,,,,,,,,,,,
11738.806,-0.56772597433189,-1.2201203941853311,-0.5658640957461705,-0.5662484280797928,0.9673019911958682,0.9972394068729471,,,,,,,,,,,,,
11739.179,-0.568410974302423,-1.220414413784603,-0.5661972558193931,-0.5665591806187523,0.9667222865262229,0.9967177355997973,,,,,,,,,,,,,
11739.551,-0.567698824391959,-1.2207076451275771,-0.5665295077747041,-0.5668692598387627,0.9682129603559905,0.9982662651078041,,,,,,,,,,,,,
11739.918,-0.568543424275809,-1.2209969351890582,-0.5668572793698079,-0.5671753267684567,0.9673896052190338,0.9974999663596007,,,,,,,,,,,,,
11740.285,-0.567603431580672,-1.221286225250541,-0.5671850364556219,-0.5674815471651007,0.9692122567041405,0.9993796527206033,,,,,,,,,,,,,
11740.658,-0.568026813294477,-1.2215802448498128,-0.5675181371008637,-0.5677929302000017,0.9690204521344424,0.9992457934337954,,,,,,,,,,,,,
11741.025,-0.568564171267813,-1.2218695349112956,-0.5678458649308977,-0.5680994572680531,0.9686526430640625,0.9989349758618888,,,,,,,,,,,,,
11741.386,-0.567825017443079,-1.2221540954349894,-0.5681682206573395,-0.5684011200512626,0.970170499283422,1.0005088708504326,,,,,,,,,,,,,
11741.753,-0.569056035780207,-1.2224433854964705,-0.568495919706006,-0.5687079452358054,0.9687742034101321,0.9991695238016094,,,,,,,,,,,,,
11742.132,-0.568925958990004,-1.222742134633533,-0.5688343184812705,-0.5690249591789084,0.9694100214991549,0.9998641302225183,,,,,,,,,,,,,
11742.493,-0.569130038926661,-1.223026695157225,-0.5691566311581449,-0.5693270638710265,0.9695293496689285,1.0000394333320757,,,,,,,,,,,,,
11742.854,-0.569392502116577,-1.2233112556809171,-0.5694789297962775,-0.5696293109579017,0.9695621132768186,1.0001281510645563,,,,,,,,,,,,,
11743.215,-0.569395485555581,-1.223595816204611,-0.5698012143956594,-0.5699316996040351,0.9699796062326241,1.0006015773297645,,,,,,,,,,,,,
11743.582,-0.569867375780858,-1.223885106266092,-0.570128841135098,-0.5702392583517684,0.9697088658696513,1.000387678578682,,,,,,,,,,,,,
11743.956,-0.56962822992962,-1.2241799141216632,-0.5704627019588697,-0.5705528320766036,0.9705005563993141,1.0012372727604082,,,,,,,,,,,,,
11744.317,-0.569928007487967,-1.2244644746453552,-0.5707849437031332,-0.5708556477303636,0.9704779941770237,1.001270580306414,,,,,,,,,,,,,
11744.69,-0.570084452765758,-1.2247584942446288,-0.5711178823378242,-0.5711686744569048,0.970681974945494,1.0015322661454285,,,,,,,,,,,,,
11745.069,-0.571014317947079,-1.2250572433816895,-0.5714561612026179,-0.5714868866840038,0.9697462222969264,1.0006551240380155,,,,,,,,,,,,,
11745.442,-0.571143252532781,-1.2253512629809613,-0.5717890696210528,-0.5718002081871343,0.9699909930329768,1.0009575550430982,,,,,,,,,,,,,
11745.81,-0.571894792938962,-1.2256413412987417,-0.5721175007725865,-0.5721094716471343,0.9693067854686761,1.000330213044778,,,,,,,,,,,,,
11746.171,-0.571270754187951,-1.2259259018224355,-0.5724396704175723,-0.572412988578154,0.9706539611355349,1.0017331515786558,,,,,,,,,,,,,
11746.538,-0.571023097746154,-1.2262151918839184,-0.5727671802920185,-0.5727216875611393,0.9714500890697759,1.0025859478495671,,,,,,,,,,,,,
11746.906,-0.572355831042141,-1.2265052702016987,-0.5730955679952947,-0.5730313660046957,0.9699041496719862,1.0010968095972197,,,,,,,,,,,,,
11747.273,-0.572072563286601,-1.2267945602631798,-0.5734230488116276,-0.5733403400460024,0.9707530783256121,1.0020023635031832,,,,,,,,,,,,,
11747.646,-0.572344937595856,-1.2270885798624533,-0.5737558686707267,-0.5736545048919692,0.9707851716904506,1.002091985830508,,,,,,,,,,,,,
11748.02,-0.573511151439583,-1.2273833877180227,-0.5740895657603557,-0.5739696523002751,0.9694931423262598,1.0008576173504788,,,,,,,,,,,,,
11748.393,-0.572681500206686,-1.2276774073172945,-0.5744223556041037,-0.5742840961358721,0.971159203531458,1.0025811630145358,,,,,,,,,,,,,
11748.755,-0.573769346801882,-1.227962756097286,-0.5747453169390431,-0.5745893988231557,0.9699693439757124,1.0014470714168373,,,,,,,,,,,,,
11749.122,-0.574269082743825,-1.228252046158767,-0.5750727246554543,-0.5748990503246296,0.9696573169058678,1.0011915612143885,,,,,,,,,,,,,
11749.496,-0.573470640012365,-1.228546854014338,-0.5754063622786472,-0.5752147438174543,0.9712782741635169,1.0028700911855728,,,,,,,,,,,,,
11749.863,-0.574148587801212,-1.2288361440758209,-0.5757337406997411,-0.5755246610906255,0.9707020132665315,1.0023503037199446,,,,,,,,,,,,,
11750.231,-0.574713135355581,-1.2291262223936013,-0.5760619965914815,-0.5758355537929044,0.9702950590820769,1.0019999552445398,,,,,,,,,,,,,
11750.604,-0.574637321489814,-1.229420241992873,-0.5763946975946244,-0.5761508035999369,0.970843409338082,1.0026056582358223,,,,,,,,,,,,,
11750.984,-0.574788830686318,-1.229719779386235,-0.5767336269041969,-0.5764721064875149,0.9710628900160526,1.0028835451223665,,,,,,,,,,,,,
11751.364,-0.574945310466973,-1.230019316779595,-0.5770725406583699,-0.5767935466537394,0.9712750008333961,1.0031540390843647,,,,,,,,,,,,,
11751.737,-0.575708189938218,-1.2303133363788668,-0.5774051961362252,-0.5771091982326102,0.9705798246118498,1.002516148097948,,,,,,,,,,,,,
11752.111,-0.575468841866994,-1.2306081442344379,-0.5777387284039097,-0.5774258272203314,0.9713718149720894,1.0033655549615688,,,,,,,,,,,,,
11752.485,-0.575816555754493,-1.230902952090009,-0.5780722456035452,-0.5777425867327216,0.9712933714592806,1.0033445056108017,,,,,,,,,,,,,
11752.852,-0.576473041845401,-1.23119224215149,-0.57839950585499,-0.578053543696326,0.9707489317160595,1.0028563640893164,,,,,,,,,,,,,
11753.22,-0.576200112100292,-1.2314823204692704,-0.5787276432551005,-0.57836547261364,0.9715837009962973,1.0037475633915767,,,,,,,,,,,,,
11753.588,-0.577138208808622,-1.2317723987870508,-0.5790557660667437,-0.5786775256018756,0.9706228873221844,1.0028431581092327,,,,,,,,,,,,,
11753.968,-0.576875973670015,-1.2320719361804127,-0.5793945732255033,-0.5789998836358232,0.9714558246868152,1.0037343205699576,,,,,,,,,,,,,
11754.342,-0.576477947410373,-1.2323667440359838,-0.5797280156086266,-0.5793172793948078,0.9724830864150267,1.004818865530094,,,,,,,,,,,,,
11754.704,-0.577068113546546,-1.2326520928159734,-0.5800507449550478,-0.5796246111368689,0.97203113522321,1.004422338327956,,,,,,,,,,,,,
11755.065,-0.577416908960299,-1.2329366533396655,-0.580372568725747,-0.5799312105479354,0.9719358944682782,1.0043823476137375,,,,,,,,,,,,,
11755.433,-0.577804810540292,-1.2332267316574477,-0.5807006183968557,-0.5802438742771474,0.9717908523994894,1.0042936054915643,,,,,,,,,,,,,
11755.807,-0.577355156452721,-1.233521539513017,-0.581034001756719,-0.5805617583123133,0.9728946624537369,1.0054546112642098,,,,,,,,,,,,,
11756.175,-0.577301470150375,-1.2338116178307974,-0.5813620220130433,-0.5808746624245071,0.9734043605618623,1.006020565705774,,,,,,,,,,,,,
11756.537,-0.578556364075984,-1.2340969666107888,-0.5816846798793938,-0.5811825800906485,0.9719668207525537,1.0046383439029483,,,,,,,,,,,,,
11756.917,-0.578482521480633,-1.234396504004149,-0.5820233663200725,-0.581505930793578,0.9725204294217298,1.0052499986800465,,,,,,,,,,,,,
11757.291,-0.578310057798938,-1.2346913118597183,-0.5823566898911885,-0.5818242974308351,0.9732132506272307,1.0059999269554258,,,,,,,,,,,,,
11757.665,-0.578522646172535,-1.2349861197152912,-0.5826899983942528,-0.5821427838177048,0.9733351570479635,1.0061789181047045,,,,,,,,,,,,,
11758.033,-0.578879502269637,-1.2352761980330698,-0.583017944994686,-0.5824562769549241,0.9732361459636539,1.006136054144568,,,,,,,,,,,,,
11758.401,-0.578314216122751,-1.2355662763508501,-0.5833458770066526,-0.5827698845982694,0.9745043906400199,1.0074604243148504,,,,,,,,,,,,,
11758.77,-0.579388810722078,-1.2358571429249299,-0.5836746854902408,-0.5830844587013906,0.9733423609593429,1.006354650924525,,,,,,,,,,,,,
11759.132,-0.578935544202356,-1.2361424917049195,-0.5839972421613933,-0.5833931757771469,0.9744375022241921,1.0075049601541854,,,,,,,,,,,,,
11759.494,-0.578381816321899,-1.236427840484911,-0.5843197847159205,-0.5837020016296344,0.9756815970535134,1.0088042020176515,,,,,,,,,,,,,
11759.868,-0.579723750151947,-1.236722648340482,-0.5846530044625089,-0.5840211783471647,0.9741290285315878,1.007308586625426,,,,,,,,,,,,,
11760.248,-0.578826255236685,-1.2370221857338422,-0.5849915545478375,-0.5843455929956446,0.9759038624363844,1.0091412644646596,,,,,,,,,,,,,
11760.611,-0.57910379004589,-1.2373083227701311,-0.5853149444443382,-0.5846556042231591,0.9759166169160884,1.0092092535845463,,,,,,,,,,,,,
11760.973,-0.580396262886518,-1.2375936715501226,-0.5856374293234516,-0.5849648676717014,0.9744233590346768,1.0077710572221963,,,,,,,,,,,,,
11761.341,-0.580444428282733,-1.237883749867903,-0.5859652447862764,-0.5852793651187259,0.97478204213129,1.0081856930058157,,,,,,,,,,,,,
11761.709,-0.580454994662427,-1.2381738281856833,-0.586293045660633,-0.5855939708666181,0.975196473104404,1.0086560550356811,,,,,,,,,,,,,
11762.084,-0.580161544196442,-1.238469424297552,-0.5866270668703573,-0.5859146716771568,0.9760698495624569,1.0095864042051235,,,,,,,,,,,,,
11762.446,-0.580611422490689,-1.2387547730775434,-0.5869494943080396,-0.5862243602127999,0.9758259024625021,1.009397433456066,,,,,,,,,,,,,
11762.814,-0.580567085779797,-1.2390448513953238,-0.5872772513773619,-0.586539287128768,0.9763217379774553,1.009949135078235,,,,,,,,,,,,,
11763.195,-0.580369128267823,-1.2393451770449815,-0.5876165714508153,-0.5868654504640709,0.9770605399655745,1.010745753914611,,,,,,,,,,,,,
11763.569,-0.580647700585581,-1.2396399849005526,-0.5879496420881347,-0.5871857307125071,0.9770846123174783,1.0108265583125535,,,,,,,,,,,,,
11763.938,-0.580999379246992,-1.2399308514746323,-0.588278245142213,-0.5875018347005592,0.9769944465352856,1.010792344231274,,,,,,,,,,,,,
11764.306,-0.580730709440528,-1.2402209297924127,-0.5886059430648247,-0.5878171858058816,0.9778228996254882,1.0116765757321207,,,,,,,,,,,,,
11764.675,-0.581860823050321,-1.2405117963664907,-0.5889345168229392,-0.5881334972404306,0.9765785521815986,1.010488136552143,,,,,,,,,,,,,
11765.043,-0.581796412259888,-1.240801874684271,-0.5892621855289768,-0.5884490539319938,0.9771041514353586,1.0110694708972612,,,,,,,,,,,,,
11765.412,-0.581738658139375,-1.2410927412583508,-0.5895907299911247,-0.5887655702164295,0.9776210496211637,1.0116422339099818,,,,,,,,,,,,,
11765.787,-0.581590730229157,-1.2413883373702195,-0.5899246016121005,-0.589087337191579,0.9782786605029429,1.0123565957085607,,,,,,,,,,,,,
11766.167,-0.582241728568612,-1.2416878747635796,-0.5902629094016287,-0.58941350073898,0.9777575510902327,1.0118929709793543,,,,,,,,,,,,,
11766.536,-0.582711708227702,-1.2419787413376593,-0.5905914091844533,-0.5897303244995898,0.9774919810017905,1.0116831994719817,,,,,,,,,,,,,
11766.905,-0.58221806641913,-1.242269607911739,-0.5909198942994198,-0.5900472479140237,0.9786551677145453,1.012902163017837,,,,,,,,,,,,,
11767.273,-0.582465751402674,-1.2425596862295176,-0.5912474746025307,-0.5903634110783036,0.9787180241022927,1.013020623422309,,,,,,,,,,,,,
11767.648,-0.582983981016199,-1.2428552823413863,-0.5915812710453645,-0.590685688885202,0.9783879265065661,1.0127471652770792,,,,,,,,,,,,,
11768.017,-0.583056168227772,-1.243146148915466,-0.5919097119580075,-0.5910029088062531,0.9787121613196624,1.0131271113846827,,,,,,,,,,,,,
11768.385,-0.583487140035216,-1.2434362272332464,-0.5922372481785851,-0.5913193657977504,0.9785032592368874,1.0129737479576515,,,,,,,,,,,,,
11768.766,-0.584216101557652,-1.2437365528829059,-0.5925763396015764,-0.5916471031151459,0.9778677229407187,1.0123956894906918,,,,,,,,,,,,,
11769.147,-0.58446652530424,-1.2440368785325653,-0.5929154153871927,-0.5919749426567221,0.9779417122464769,1.0125271334401913,,,,,,,,,,,,,
11769.528,-0.584184673233046,-1.244337204182223,-0.5932544755354288,-0.5923028837482854,0.9788049042841037,1.0134477569360847,,,,,,,,,,,,,
11769.903,-0.58495784146025,-1.2446328002940916,-0.5935881808838452,-0.5926257589254253,0.9780968104622602,1.0127961674994403,,,,,,,,,,,,,
11770.272,-0.585291411205001,-1.2449236668681714,-0.5939165321595814,-0.5929435628759548,0.9780334946815549,1.0127884301089858,,,,,,,,,,,,,
11770.641,-0.585541525458386,-1.2452145334422493,-0.594244868767456,-0.5932614602318874,0.9780939179466114,1.0129044100163265,,,,,,,,,,,,,
11771.01,-0.585792557538815,-1.245505400016329,-0.5945731907074725,-0.5935794503929952,0.9781529803540356,1.0130190073180676,,,,,,,,,,,,,
11771.379,-0.586224666520272,-1.2457962665904088,-0.5949014979796363,-0.5938975327620081,0.977943560932686,1.0128651010430625,,,,,,,,,,,,,
11771.748,-0.586546913411175,-1.2460871331644867,-0.5952297905839385,-0.594215706744598,0.9778970334915775,1.0128740650003354,,,,,,,,,,,,,
11772.129,-0.587407464246026,-1.2463874588141461,-0.595568743979376,-0.5945443233522878,0.9770663903703879,1.0121006950554965,,,,,,,,,,,,,
11772.504,-0.587467492649081,-1.2466830549260148,-0.5959023442561389,-0.5948678590244509,0.9774156654513244,1.012506318732345,,,,,,,,,,,,,
11772.867,-0.588090035188319,-1.2469691919623038,-0.5962252548946854,-0.5951811299204289,0.9769168786699707,1.0120620559974922,,,,,,,,,,,,,
11773.23,-0.588047402940387,-1.2472553289985928,-0.5965481513385038,-0.5954944871840984,0.9774043432674491,1.012604023595002,,,,,,,,,,,,,
11773.599,-0.589178144881997,-1.2475461955726725,-0.5968763703650168,-0.5958131118586464,0.9761590641990737,1.0114141268315375,,,,,,,,,,,,,
11773.974,-0.589236064081595,-1.2478417916845412,-0.5972099112587212,-0.5961370076784371,0.9765114665855815,1.011822789766955,,,,,,,,,,,,,
11774.343,-0.590027614763846,-1.2481326582586192,-0.5975381007110192,-0.5964558093952543,0.9757691047258575,1.011135766362576,,,,,,,,,,,,,
11774.706,-0.590822874965857,-1.2484187952949082,-0.5978609394374104,-0.596769512182373,0.9750142303170951,1.0104353093764722,,,,,,,,,,,,,
11775.088,-0.591020883242094,-1.2487199092008652,-0.5982006607299386,-0.5970997249408135,0.9751671045261572,1.0106454265753386,,,,,,,,,,,,,
11775.463,-0.59129569875618,-1.2490155053127339,-0.5985341414730447,-0.5974239761228199,0.975197915816079,1.0107324092291479,,,,,,,,,,,,,
11775.832,-0.591772870634083,-1.2493063718868136,-0.5988622717371603,-0.5977431252087516,0.9749216818602473,1.0105114259705974,,,,,,,,,,,,,
11776.202,-0.592282673057547,-1.2495980267171891,-0.5991912765156435,-0.5980632242079331,0.9745982354990469,1.0102433582011163,,,,,,,,,,,,,
11776.565,-0.592676715234358,-1.2498841637534799,-0.5995140425478045,-0.5983773494629077,0.974438245078974,1.010137677420274,,,,,,,,,,,,,
11776.934,-0.5937311956548,-1.2501750303275578,-0.5998421290070945,-0.5986967497501955,0.9733060385922009,1.0090606566815663,,,,,,,,,,,,,
11777.303,-0.594501650864565,-1.2504658969016376,-0.6001702007985319,-0.5990162330469414,0.9725949548855723,1.0084047369750344,,,,,,,,,,,,,
11777.673,-0.594742157411197,-1.2507575517320149,-0.6004991469458716,-0.599336664946974,0.9726707921938132,1.0085358659428514,,,,,,,,,,,,,
11778.048,-0.595146988692678,-1.2510531478438836,-0.6008325232636746,-0.5996615110382342,0.9725088297461602,1.008429920028136,,,,,,,,,,,,,
11778.424,-0.596149122872514,-1.2513495322120516,-0.6011667733756036,-0.5999873077472951,0.9714624179784662,1.007439651619904,,,,,,,,,,,,,
11778.787,-0.595880190608915,-1.2516356692483406,-0.6014894525188001,-0.6003019198149191,0.9722854164939256,1.0083168309447046,,,,,,,,,,,,,
11779.145,-0.597486319552462,-1.2519178650031382,-0.6018076731428961,-0.6006122744743461,0.9703224272795554,1.0064072556339207,,,,,,,,,,,,,
11779.514,-0.597302648029011,-1.2522087315772161,-0.6021356570464347,-0.6009322437324295,0.9710260225781497,1.0071658846216107,,,,,,,,,,,,,
11779.89,-0.598005741837504,-1.2525051159453824,-0.6024698477789681,-0.6012583643547604,0.9704229964953169,1.0066189138566712,,,,,,,,,,,,,
11780.259,-0.598068323913101,-1.2527959825194621,-0.6027978020685429,-0.6015784930123447,0.9707614727961887,1.0070123799381405,,,,,,,,,,,,,
11780.623,-0.599557908605696,-1.2530829078120487,-0.6031212981619731,-0.6018943604555663,0.9689782956307251,1.0052834261263612,,,,,,,,,,,,,
11781.004,-0.599703659199275,-1.2533832334617099,-0.6034598873009323,-0.6022250608582252,0.9692074833046036,1.0055693468950928,,,,,,,,,,,,,
11781.38,-0.600696757390761,-1.2536796178298744,-0.6037940176819676,-0.6025515019389789,0.9681744691522999,1.0045922985777724,,,,,,,,,,,,,
11781.756,-0.601217458676744,-1.2539760021980424,-0.6041281328333623,-0.6028780225118939,0.967841875563731,1.0043156482432718,,,,,,,,,,,,,
11782.131,-0.601396163447344,-1.254271598309911,-0.6044613442116935,-0.6032037533081164,0.9680151897793678,1.0045447344368068,,,,,,,,,,,,,
11782.495,-0.602267428446066,-1.2545585236024994,-0.6047847669008819,-0.6035200039236943,0.9671487921768182,1.0037324513517873,,,,,,,,,,,,,
11782.871,-0.603450846392396,-1.2548549079706657,-0.6051188368899103,-0.6038467570075223,0.965833591861941,1.0024731273289353,,,,,,,,,,,,,
11783.241,-0.603488872690416,-1.255146562801043,-0.6054475611078232,-0.6041683714390226,0.9662096456369387,1.0029041437097046,,,,,,,,,,,,,
11783.61,-0.603965388321,-1.2554374293751227,-0.6057753821941709,-0.6044891907110446,0.9659343846957728,1.0026836750492922,,,,,,,,,,,,,
11783.986,-0.604941041699486,-1.2557338137432907,-0.6061094070208393,-0.6048161715472067,0.964927235881738,1.0017323355652414,,,,,,,,,,,,,
11784.374,-0.604959208958152,-1.2560396571870367,-0.6064540762478412,-0.6051536673420409,0.9653537719436344,1.0022164384325314,,,,,,,,,,,,,
11784.744,-0.605775824133902,-1.256331312017414,-0.6067827405591517,-0.60547558070799,0.9645754158266524,1.00149295609807,,,,,,,,,,,,,
11785.108,-0.60647017166455,-1.2566182373100006,-0.6071060607882472,-0.6057923444200095,0.9639713328821312,1.000942835753944,,,,,,,,,,,,,
11785.478,-0.607741141132533,-1.2569098921403778,-0.6074346958437769,-0.6061144007434631,0.9625193078951976,0.9995456411721068,,,,,,,,,,,,,
11785.86,-0.608035873334811,-1.2572110060463366,-0.6077739738608745,-0.6064469769559966,0.9625287700157947,0.9996116890399545,,,,,,,,,,,,,
11786.236,-0.608646373673694,-1.2575073904145029,-0.6081079075527267,-0.6067744031647999,0.9620630318140349,0.9992016250429858,,,,,,,,,,,,,
11786.6,-0.609036952072199,-1.2577943157070894,-0.6084311692780124,-0.6070914487693028,0.9619093458647113,0.9991018149507144,,,,,,,,,,,,,
11786.982,-0.609463342658152,-1.2580954296130464,-0.6087704011240129,-0.6074242451130816,0.961723598748668,0.9989725851242376,,,,,,,,,,,,,
11787.364,-0.61006282199281,-1.2583965435190034,-0.6091096172504464,-0.607757115339822,0.9612812137979332,0.9985866941557329,,,,,,,,,,,,,
11787.74,-0.610801224835422,-1.2586929278871715,-0.6094434900237395,-0.6080848288689963,0.9606258351842244,0.9979868994231326,,,,,,,,,,,,,
11788.11,-0.611520862814918,-1.2589845827175488,-0.6097720201729722,-0.6084073818019388,0.9599912666782064,0.9974070057780999,,,,,,,,,,,,,
11788.48,-0.611991158836989,-1.259276237547926,-0.6101005355747393,-0.6087300025707375,0.9597263962636592,0.9971967883585339,,,,,,,,,,,,,
11788.85,-0.61193300007192,-1.2595678923783034,-0.6104290362290365,-0.6090526906950767,0.9602450631576811,0.9977700863815329,,,,,,,,,,,,,
11789.22,-0.613622245339496,-1.2598595472086789,-0.6107575221358701,-0.6093754456968504,0.9581728627040289,0.9957524951908554,,,,,,,,,,,,,
11789.585,-0.613435088367406,-1.2601472607575648,-0.6110815545940866,-0.6096939042082611,0.95887695088523,0.9965104332472483,,,,,,,,,,,,,
11789.961,-0.614466598654514,-1.2604436451257328,-0.611415337407192,-0.6100220271886628,0.9577869833080546,0.9954759161675981,,,,,,,,,,,,,
11790.337,-0.614605638241683,-1.260740029493899,-0.6117491049906549,-0.6103502177641668,0.958020277639415,0.9957646384155653,,,,,,,,,,,,,
11790.713,-0.615532862896369,-1.261036413862067,-0.6120828573444808,-0.6106784754422204,0.9570849338554929,0.9948846999673296,,,,,,,,,,,,,
11791.072,-0.61574343369913,-1.261319397873164,-0.6124015056189016,-0.6109919538523589,0.9571923005626268,0.995044945909092,,,,,,,,,,,,,
11791.436,-0.616081620923212,-1.2616063231657506,-0.6127245777165529,-0.6113098598208696,0.9571162947494269,0.9950225347928694,,,,,,,,,,,,,
11791.806,-0.617013721911544,-1.261897977996128,-0.6130529605505561,-0.611633069076178,0.9561667083872649,0.9941274048680455,,,,,,,,,,,,,
11792.182,-0.617075092688274,-1.262194362364296,-0.6133866534034738,-0.6119615842399305,0.9565151618810995,0.9945311754758291,,,,,,,,,,,,,
11792.541,-0.617874224698883,-1.2624773463753893,-0.6137052448671829,-0.6122753067268131,0.955749871785891,0.9938186803822604,,,,,,,,,,,,,
11792.911,-0.617966704518972,-1.2627690012057684,-0.6140335836580846,-0.6125987031774797,0.9560451875920767,0.99416838732326,,,,,,,,,,,,,
11793.288,-0.617912636971922,-1.263066173830234,-0.6143681190953307,-0.6129282814723389,0.956565969663406,0.9947445670604341,,,,,,,,,,,,,
11793.67,-0.619238445063469,-1.263367287736191,-0.6147070757253994,-0.6132622957544303,0.9550466606443149,0.9932813672694387,,,,,,,,,,,,,
11794.047,-0.619434150239588,-1.2636644603606566,-0.6150415803380715,-0.6135920017126024,0.9551971059299279,0.9934871645174378,,,,,,,,,,,,,
11794.417,-0.619752966947819,-1.2639561151910321,-0.6153698591027963,-0.613915646772438,0.9551568331474904,0.9935011938692686,,,,,,,,,,,,,
11794.782,-0.621101203958865,-1.264243828739918,-0.6156936872181236,-0.614234976985321,0.9535844002366022,0.9919823078552578,,,,,,,,,,,,,
11795.152,-0.62063869149564,-1.264535483570297,-0.6160219366872077,-0.6145587406848891,0.9547026003661525,0.9931547666825562,,,,,,,,,,,,,
11795.523,-0.621465449235619,-1.264827926656972,-0.6163510585097152,-0.6148834387226687,0.9539103746629003,0.9924169243674541,,,,,,,,,,,,,
11795.887,-0.621961029241734,-1.2651148519495603,-0.616673956076224,-0.6152020676652371,0.9536010033474435,0.9921608889724117,,,,,,,,,,,,,
11796.264,-0.622310027326582,-1.2654120245740241,-0.6170083706519032,-0.6155321355778325,0.9535241619927373,0.9921392660826314,,,,,,,,,,,,,
11796.641,-0.623190950696174,-1.2657091971984897,-0.6173427699168235,-0.6158622634405556,0.9526586376397704,0.991328937493393,,,,,,,,,,,,,
11797.005,-0.623454826964341,-1.2659961224910763,-0.6176656236446867,-0.6161810640377452,0.9526928123146875,0.9914163830893551,,,,,,,,,,,,,
11797.376,-0.624692489151508,-1.266288565577753,-0.6179946714106732,-0.6165060520577998,0.9512913406126057,0.9900691849721476,,,,,,,,,,,,,
11797.746,-0.623658352821319,-1.2665802204081302,-0.6183228174880657,-0.6168302206208177,0.9532570846326324,0.992089034391512,,,,,,,,,,,,,
11798.117,-0.624504465320821,-1.2668726634948069,-0.6186518356394419,-0.6171553215581926,0.9524361617228218,0.9913223411571165,,,,,,,,,,,,,
11798.488,-0.625734058611822,-1.2671651065814817,-0.6189808389635312,-0.6174804783848056,0.9510466537333178,0.9899870408586684,,,,,,,,,,,,,
11798.859,-0.625002727163077,-1.2674575496681566,-0.6193098274603228,-0.6178056906724277,0.9525645991916336,0.9915591720236863,,,,,,,,,,,,,
11799.236,-0.625711045610876,-1.267754722292624,-0.6196441213368846,-0.6181362188325725,0.9519549953055829,0.9910046076424986,,,,,,,,,,,,,
11799.619,-0.626072901547499,-1.2680566244548785,-0.6199837198621836,-0.6184720651224523,0.9518661021397902,0.9909716066958486,,,,,,,,,,,,,
11799.996,-0.626346091241327,-1.2683537970793424,-0.6203179828735559,-0.6188027064937037,0.9519016615128515,0.9910621598100957,,,,,,,,,,,,,
11800.372,-0.627083525001729,-1.2686501814475104,-0.6206513439957488,-0.6191325261041376,0.9512477197525595,0.9904630433080464,,,,,,,,,,,,,
11800.743,-0.62763094905877,-1.268942624534187,-0.6209802571970906,-0.6194580134922844,0.9508696607243938,0.9901390583463372,,,,,,,,,,,,,
11801.12,-0.627939615408664,-1.2692397971586526,-0.621314474560478,-0.6197888190141299,0.9508526190343443,0.9901769427154001,,,,,,,,,,,,,
11801.491,-0.628045075311192,-1.2695322402453275,-0.6216433578674456,-0.6201144126304011,0.9511298580799911,0.9905082115032472,,,,,,,,,,,,,
11801.862,-0.628544878875757,-1.2698246833320024,-0.6219722263471219,-0.6204400583107887,0.9508224057213343,0.9902547669024314,,,,,,,,,,,,,
11802.239,-0.629219800049824,-1.270121855956468,-0.6223063982655868,-0.620771023408522,0.9502623198084552,0.989749539667677,,,,,,,,,,,,,
11802.629,-0.629508044252322,-1.2704292759128126,-0.6226520772418587,-0.6211134567661711,0.9502907516041821,0.9898346979311936,,,,,,,,,,,,,
11803.0,-0.62899176148273,-1.2707217189994875,-0.6229809002405231,-0.6214392595895795,0.9514898454457178,0.9910877320960715,,,,,,,,,,,,,
11803.365,-0.629203959727937,-1.2710094325483734,-0.6233043908774922,-0.621759842553284,0.9516018116143291,0.9912527447838618,,,,,,,,,,,,,
11803.736,-0.630128017324577,-1.27130187563505,-0.6236331844613714,-0.6220857449726256,0.9506653198931199,0.9903701497728212,,,,,,,,,,,,,
11804.113,-0.630756716388857,-1.2715990482595139,-0.623967280272784,-0.6224169688616253,0.9501737672746283,0.989933342988862,,,,,,,,,,,,,
11804.484,-0.630434832766761,-1.2718914913461905,-0.6242960439622935,-0.6227429708789864,0.9510846264582093,0.9908980545583501,,,,,,,,,,,,,
11804.849,-0.631269452476107,-1.2721792048950764,-0.6246194762492818,-0.6230637482486707,0.9502737313893503,0.9901401194934094,,,,,,,,,,,,,
11805.22,-0.631121895687465,-1.2724716479817513,-0.6249482105240043,-0.6233898466843814,0.9509261170360815,0.9908463139128759,,,,,,,,,,,,,
11805.61,-0.631808607637419,-1.272779067938096,-0.6252937642610021,-0.6237326973347171,0.9503637426663785,0.9903404803192393,,,,,,,,,,,,,
11805.987,-0.632240076090775,-1.2730762405625597,-0.6256277839653617,-0.6240641696324013,0.9501646229027146,0.9901959935465138,,,,,,,,,,,,,
11806.359,-0.632603142053384,-1.273369471905534,-0.6259573586926583,-0.62439129352135,0.9500610794563402,0.9901463362640295,,,,,,,,,,,,,
11806.724,-0.632546215982768,-1.2736571854544199,-0.6262807172557823,-0.6247123075973741,0.9505720749217277,0.9907101824232791,,,,,,,,,,,,,
11807.095,-0.632635596800513,-1.2739496285410947,-0.6266093765947449,-0.6250386446666983,0.9508731543471415,0.9910649595145001,,,,,,,,,,,,,
11807.473,-0.632712119053732,-1.2742475894218597,-0.6269442218037389,-0.6253711863884235,0.951201480308913,0.9914479736951158,,,,,,,,,,,,,
11807.838,-0.633063216741029,-1.2745353029707438,-0.6272675365650571,-0.6256923364650738,0.9511075009592572,0.9914067800945793,,,,,,,,,,,,,
11808.209,-0.633581368050104,-1.2748277460574204,-0.6275961513821855,-0.626018810624178,0.9507728444902391,0.9911257552790368,,,,,,,,,,,,,
11808.593,-0.634332610398193,-1.2751304364759743,-0.6279362653884979,-0.6263567718505415,0.9501077787548646,0.9905161773200377,,,,,,,,,,,,,
11808.958,-0.633906074349652,-1.2754181500248603,-0.628259536112096,-0.6266780552332303,0.9511667931130149,0.9916279121327695,,,,,,,,,,,,,
11809.324,-0.633968277849016,-1.2757066518300437,-0.6285836780982956,-0.6270002617282548,0.9515023244958133,0.9920162870431998,,,,,,,,,,,,,
11809.689,-0.634116377857623,-1.2759943653789296,-0.6289069200794177,-0.6273216302848683,0.9517093288039434,0.9922759691895654,,,,,,,,,,,,,
11810.061,-0.635056096624311,-1.2762875967219038,-0.6292363464547499,-0.6276492052791184,0.9507507850868131,0.9913710916755076,,,,,,,,,,,,,
11810.432,-0.634766302891569,-1.2765800398085787,-0.6295648724280323,-0.6279759427628203,0.9516140647495913,0.9922878712633857,,,,,,,,,,,,,
11810.804,-0.635872704145828,-1.276873271151553,-0.6298942690287817,-0.6283036037499662,0.9504083817295816,0.9911358102998031,,,,,,,,,,,,,
11811.175,-0.6355435445675,-1.2771657142382278,-0.6302227653075212,-0.6286304262512274,0.9513300289376081,0.992110913404957,,,,,,,,,,,,,
11811.559,-0.635887330885483,-1.2774684046567817,-0.6305627566218153,-0.6289687448744523,0.9512690962500527,0.9921052865788496,,,,,,,,,,,,,
11811.937,-0.635228298185195,-1.2777663655375466,-0.6308974200575737,-0.6293018207120498,0.9526880259164379,0.9935786349496929,,,,,,,,,,,,,
11812.315,-0.636153387929318,-1.2780643264183098,-0.6312320681012462,-0.6296349392618139,0.9517581850413418,0.9927031899572732,,,,,,,,,,,,,
11812.68,-0.635911945066914,-1.2783520399671957,-0.6315551924780607,-0.6299566415264473,0.9525427626445803,0.9935402710273481,,,,,,,,,,,,,
11813.052,-0.636522128194274,-1.2786452713101681,-0.6318844989936565,-0.6302845536747542,0.952072819795866,0.9931238166662036,,,,,,,,,,,,,
11813.424,-0.636603629784266,-1.2789385026531441,-0.6322137906019281,-0.6306125060951103,0.9523867504571719,0.9934912137120453,,,,,,,,,,,,,
11813.789,-0.636053012249509,-1.27922621620203,-0.6325368713735342,-0.6309343261603972,0.9536297398234379,0.9947866418918996,,,,,,,,,,,,,
11814.161,-0.636688911702562,-1.2795194475450025,-0.6328661334476573,-0.6312623572989032,0.9531216675053535,0.9943319921682061,,,,,,,,,,,,,
11814.545,-0.637129388060264,-1.2798221379635564,-0.6332060012426064,-0.6316010111968193,0.9529173729724134,0.9941828203551213,,,,,,,,,,,,,
11814.923,-0.63722750732736,-1.2801200988443213,-0.633540543089012,-0.6319344140380279,0.9532136771481438,0.9945333629553003,,,,,,,,,,,,,
11815.295,-0.638164866707087,-1.2804133301872938,-0.6338697597198291,-0.6322625635486417,0.9522586316824302,0.9936316727053789,,,,,,,,,,,,,
11815.667,-0.637394140988946,-1.280706561530268,-0.6341989614433174,-0.6325907511705794,0.9538361555735679,0.9952625297092819,,,,,,,,,,,,,
11816.039,-0.637099607846025,-1.2809997928732422,-0.6345281482594771,-0.6329189765508024,0.9547076310801922,0.9961873162256373,,,,,,,,,,,,,
11816.417,-0.63796865684587,-1.2812977537540053,-0.6348626292704855,-0.6332525342034411,0.9538608815404579,0.9953947149099711,,,,,,,,,,,,,
11816.783,-0.637649415430256,-1.2815862555591888,-0.6351864771698095,-0.6335755391813824,0.9547619794188629,0.9963482202746752,,,,,,,,,,,,,
11817.155,-0.637976969851899,-1.2818794869021648,-0.6355156192639857,-0.6339038757330829,0.9547110887592738,0.9963505743157222,,,,,,,,,,,,,
11817.539,-0.637692081868646,-1.282182177320717,-0.6358553632086599,-0.6342428419218151,0.9555822883599348,0.9972767130039717,,,,,,,,,,,,,
11817.929,-0.637674574166131,-1.2824895972770616,-0.6362003993936316,-0.6345871437235521,0.9560640569984221,0.9978142550463863,,,,,,,,,,,,,
11818.307,-0.638159530784892,-1.2827875581578247,-0.6365348034441949,-0.6349208890141698,0.9557867993392425,0.9975910315023641,,,,,,,,,,,,,
11818.679,-0.638014738124137,-1.283080789500799,-0.6368638844664103,-0.6352493723421768,0.9564362553709082,0.998293641683533,,,,,,,,,,,,,
11819.058,-0.638644984371517,-1.2833795386378615,-0.6371991425427099,-0.6355840727526674,0.9559447462391198,0.997856264182924,,,,,,,,,,,,,
11819.43,-0.638521902885164,-1.283672769980834,-0.6375281934697519,-0.6359126262969759,0.9565620112194937,0.9985266386908203,,,,,,,,,,,,,
11819.802,-0.638781228096422,-1.2839660013238081,-0.6378572294894642,-0.636241214110791,0.9566122836738935,0.9986299985697173,,,,,,,,,,,,,
11820.174,-0.638233011158616,-1.2842592326667823,-0.6381862506018487,-0.636569835857196,0.9578598948929931,0.9999306751102801,,,,,,,,,,,,,
11820.559,-0.638411150664935,-1.2845627113416338,-0.6385267540659934,-0.6369099770715098,0.9580457346604814,1.000171411357351,,,,,,,,,,,,,
11820.943,-0.638592664303283,-1.2848654017601877,-0.6388663572002713,-0.6372492702797633,0.9582254028753111,1.0004058098808053,,,,,,,,,,,,,
11821.309,-0.63951382587884,-1.2851539035653712,-0.6391900266524599,-0.6375726917624395,0.957287361351643,0.9995199112606399,,,,,,,,,,,,,
11821.675,-0.638581599596135,-1.2854424053705547,-0.6395136816743205,-0.6378961447845466,0.9590973288715805,1.0013820002883005,,,,,,,,,,,,,
11822.048,-0.639622315695025,-1.2857364249698282,-0.6398435119726038,-0.6382258161877107,0.9579902056514582,1.0003279734218298,,,,,,,,,,,,,
11822.426,-0.639765038401973,-1.2860343858505914,-0.64017774829827,-0.6385599395030458,0.9582203765267315,1.0006119297272784,,,,,,,,,,,,,
11822.792,-0.63917496505002,-1.2863228876557748,-0.6405013592800399,-0.6388834867759805,0.9595230355824362,1.0019666449926532,,,,,,,,,,,,,
11823.165,-0.639425791209998,-1.2866169072550484,-0.6408311446959392,-0.6392132531935902,0.9595870782820145,1.0020837174989623,,,,,,,,,,,,,
11823.543,-0.638882390422416,-1.2869148681358116,-0.6411653355375719,-0.6395474717278625,0.9608345610812833,1.003384918289433,,,,,,,,,,,,,
11823.928,-0.63942088994186,-1.2872183468106648,-0.6415056992762143,-0.6398879118789996,0.960486096833235,1.0030911433505674,,,,,,,,,,,,,
11824.307,-0.639688952492674,-1.2875170959477273,-0.6418407430487845,-0.6402230780241597,0.9605315956834365,1.0031904560847344,,,,,,,,,,,,,
11824.679,-0.639999257011002,-1.2878103272906998,-0.6421695836302099,-0.6405520838598167,0.9605062813704766,1.0032179394207705,,,,,,,,,,,,,
11825.052,-0.63943328259672,-1.2881043468899716,-0.6424992932242004,-0.6408820037100439,0.9617813902561625,1.0045459656923785,,,,,,,,,,,,,
11825.418,-0.640173140538622,-1.2883928486951568,-0.6428228006703609,-0.641205760506687,0.9611121667366196,1.0039286448707032,,,,,,,,,,,,,
11825.791,-0.640428590040341,-1.2886868682944286,-0.6431524805704516,-0.64153573805491,0.9611693544301804,1.0040387059231728,,,,,,,,,,,,,
11826.157,-0.640414273776179,-1.288975370099612,-0.6434759588799697,-0.6418595508135048,0.9616183412892553,1.0045395522793443,,,,,,,,,,,,,
11826.536,-0.639602493592872,-1.2892741192366746,-0.6438109116479653,-0.6421948938168753,0.9632649176396724,1.006239807581637,,,,,,,,,,,,,
11826.915,-0.640567005230645,-1.289572868373737,-0.64414584894232,-0.6425302656715609,0.9622777948608702,1.0053063408120173,,,,,,,,,,,,,
11827.287,-0.640064896757797,-1.2898660997167113,-0.644474585012154,-0.6428594710410557,0.9634570412862076,1.006538229927464,,,,,,,,,,,,,
11827.648,-0.640883228472132,-1.2901506602404016,-0.6447935861391114,-0.6431789677821103,0.9626656213723622,1.0057978749327208,,,,,,,,,,,,,
11828.02,-0.641032683791895,-1.2904438915833776,-0.6451222928350955,-0.6435082262893362,0.9628787973734251,1.006063650071412,,,,,,,,,,,,,
11828.393,-0.640890343767394,-1.2907379111826494,-0.6454518681837351,-0.6438383964869555,0.9635257856371319,1.0067633566760419,,,,,,,,,,,,,
11828.766,-0.641234740625402,-1.2910319307819211,-0.6457814285447894,-0.6441685929784843,0.9634510915238721,1.006741358681678,,,,,,,,,,,,,
11829.139,-0.640851826126924,-1.291325950381193,-0.6461109739182627,-0.644498815436311,0.9644547783745487,1.0077977194292291,,,,,,,,,,,,,
11829.512,-0.641289058089651,-1.2916199699804665,-0.6464405043041506,-0.6448290635341598,0.9642424381090334,1.0076380308385615,,,,,,,,,,,,,
11829.897,-0.641524714387533,-1.291923448655318,-0.6467806204851945,-0.6451699627818587,0.9643429980131248,1.007792912999264,,,,,,,,,,,,,
11830.276,-0.641220649723115,-1.2922221977923805,-0.6471154205582073,-0.6455055753111631,0.9652367870658016,1.0087401546036305,,,,,,,,,,,,,
11830.649,-0.641542939914107,-1.2925162173916522,-0.6474449052580811,-0.6458358995669871,0.9651948703987807,1.008750821873006,,,,,,,,,,,,,
11831.021,-0.641415130254651,-1.2928094487346264,-0.647773491693596,-0.6461653624701755,0.9658191458181158,1.0094275181202985,,,,,,,,,,,,,
11831.394,-0.64175490883286,-1.2931034683338982,-0.6481029464584882,-0.6464957350077233,0.9657512992055544,1.0094122110596604,,,,,,,,,,,,,
11831.767,-0.64258897384133,-1.29339748793317,-0.6484323862357977,-0.6468261312407861,0.9649505765387802,1.0086640057227827,,,,,,,,,,,,,
11832.134,-0.642195874633021,-1.2936867779946528,-0.6487565120858472,-0.6471512356081697,0.9659623517461595,1.0097274317885647,,,,,,,,,,,,,
11832.513,-0.642903383828784,-1.2939855271317153,-0.6490912208276614,-0.6474869935264643,0.9653562852215698,1.0091746823992969,,,,,,,,,,,,,
11832.899,-0.642647073088233,-1.2942897940628644,-0.6494320956201687,-0.6478289769168052,0.9661874509727686,1.0100601264528,,,,,,,,,,,,,
11833.278,-0.642699033063104,-1.2945885431999269,-0.6497667731289178,-0.6481647819028789,0.9665533640473271,1.0104793103535479,,,,,,,,,,,,,
11833.651,-0.643425502471715,-1.2948825627991987,-0.6500961372048675,-0.648495293001567,0.9659121728462128,1.0098905242402565,,,,,,,,,,,,,
11834.018,-0.643481239529653,-1.2951718528606815,-0.6504201885712728,-0.6488205088427391,0.9662584607335761,1.0102883525494453,,,,,,,,,,,,,
11834.391,-0.643650120456419,-1.2954658724599533,-0.6507495229131424,-0.6491510628815704,0.9664440032265939,1.0105262560436956,,,,,,,,,,,,,
11834.77,-0.644108207984709,-1.2957646215970158,-0.6510841395072093,-0.6494869558394587,0.9662077529791699,1.0103431863045285,,,,,,,,,,,,,
11835.15,-0.644584086896881,-1.2960641589903759,-0.651419623459736,-0.6498237566922375,0.9659462922782714,1.0101350233962787,,,,,,,,,,,,,
11835.523,-0.644234301292134,-1.2963581785896476,-0.6517489123164992,-0.6501543740740198,0.9669008590814784,1.0111418837601476,,,,,,,,,,,,,
11835.914,-0.644346276698925,-1.2966663868022916,-0.6520940756984084,-0.650500967922503,0.967191812495645,1.011487630428355,,,,,,,,,,,,,
11836.3,-0.64474657116555,-1.2969706537334407,-0.6524348090718703,-0.6508431511163936,0.9670494329420363,1.0113993194956512,,,,,,,,,,,,,
11836.685,-0.645091905051156,-1.2972741324082921,-0.6527746437282076,-0.6511844687614162,0.9669873744273207,1.0113911658220864,,,,,,,,,,,,,
11837.053,-0.645037287527852,-1.2975642107260743,-0.6530994577729974,-0.6515107344772936,0.967498453252174,1.0119537471444597,,,,,,,,,,,,,
11837.432,-0.64558657198684,-1.2978629598631368,-0.6534339656841679,-0.6518467720495008,0.9671269857650397,1.0116352990219255,,,,,,,,,,,,,
11837.806,-0.645654677943758,-1.2981577677187062,-0.6537640453934328,-0.652178395352508,0.9674631155529412,1.0120237262198313,,,,,,,,,,,,,
11838.179,-0.646249819087311,-1.298451787317978,-0.6540932275289597,-0.652509150405754,0.9670166441232181,1.0116293901156546,,,,,,,,,,,,,
11838.546,-0.645534454573989,-1.2987410773794608,-0.6544170998815959,-0.6528346026916519,0.9685062405101571,1.0131702615014841,,,,,,,,,,,,,
11838.926,-0.646063282845683,-1.2990406147728208,-0.6547524292625839,-0.6531716014482989,0.9681662720548393,1.012883361656261,,,,,,,,,,,,,
11839.311,-0.646339182876272,-1.2993440934476723,-0.6550921550085063,-0.653513052956233,0.9682071627747746,1.0129779957363532,,,,,,,,,,,,,
11839.679,-0.64699386402906,-1.2996341717654545,-0.6554168649519134,-0.6538394445492058,0.967666567948142,1.012488749056575,,,,,,,,,,,,,
11840.046,-0.647263912840481,-1.2999234618269373,-0.655740678002287,-0.6541649656346606,0.9676950968547842,1.012568465034899,,,,,,,,,,,,,
11840.42,-0.647917013872222,-1.3002182696825066,-0.656070652396334,-0.6544967121589009,0.9671638573282098,1.0120893667679136,,,,,,,,,,,,,
11840.8,-0.648149089549226,-1.3005178070758667,-0.6564059050646431,-0.6548337976734072,0.967263882482587,1.0122423467908361,,,,,,,,,,,,,
11841.173,-0.648938692265693,-1.3008118266751403,-0.6567349668976901,-0.6551646899464065,0.9665290838370499,1.0115595050988813,,,,,,,,,,,,,
11841.541,-0.648511341914563,-1.301101904992919,-0.6570596030266334,-0.6554911621404764,0.967592811788819,1.012674471753126,,,,,,,,,,,,,
11841.92,-0.649167460848124,-1.3014006541299814,-0.6573939277038301,-0.655827408789368,0.9670629413527354,1.0121973490014191,,,,,,,,,,,,,
11842.306,-0.649397011299824,-1.3017049210611322,-0.6577344113381702,-0.6561698819465102,0.9671737231086005,1.0123618290910743,,,,,,,,,,,,,
11842.68,-0.649883902445721,-1.3019997289167033,-0.6580642946792734,-0.6565017235188811,0.9668889221606564,1.012129034398912,,,,,,,,,,,,,
11843.054,-0.650042548229039,-1.3022945367722745,-0.6583941629523231,-0.656833579812099,0.9670908089941542,1.0123829051468594,,,,,,,,,,,,,
11843.421,-0.650497243462449,-1.3025838268337555,-0.6587178425726021,-0.6571592389276898,0.9668455635608826,1.0121886489490457,,,,,,,,,,,,,
11843.795,-0.651613387761919,-1.3028786346893266,-0.6590476809915673,-0.6574911235513354,0.965627772063212,1.0110227971013002,,,,,,,,,,,,,
11844.169,-0.651523202066235,-1.3031734425448978,-0.6593775043424799,-0.657823022054383,0.9661986001043383,1.011645542451012,,,,,,,,,,,,,
11844.537,-0.651825200599913,-1.3034635208626781,-0.6597020217022944,-0.658149609257822,0.966180926058972,1.0116789310096486,,,,,,,,,,,,,
11844.917,-0.6516469411256,-1.3037630582560382,-0.660037105840142,-0.6584868595795944,0.9668893531199994,1.0124400630598365,,,,,,,,,,,,,
11845.303,-0.653024363348833,-1.304067325187189,-0.6603774648544105,-0.6588294486898324,0.9652981910571375,1.0109024145571248,,,,,,,,,,,,,
11845.67,-0.653463002065297,-1.30435661524867,-0.660701055560831,-0.6591551872119588,0.9650767525424122,1.0107318334456643,,,,,,,,,,,,,
11846.038,-0.653439298698963,-1.3046466935664522,-0.6610255134171519,-0.6594818253772888,0.9655419950990768,1.0112480503807593,,,,,,,,,,,,,
11846.412,-0.653645392464502,-1.3049415014220216,-0.6613552464000305,-0.6598138012815995,0.9656735310431652,1.011431369645146,,,,,,,,,,,,,
11846.786,-0.654010772561494,-1.3052363092775927,-0.6616849643148548,-0.6601457891285135,0.9655688939286037,1.0113784935095453,,,,,,,,,,,,,
11847.16,-0.654716684123661,-1.305531117133162,-0.6620146671616256,-0.6604777886455303,0.9649593524888267,1.0108206907073896,,,,,,,,,,,,,
11847.534,-0.655692959970953,-1.3058259249887332,-0.6623443549403456,-0.6608097995612062,0.963948943255903,1.0098619977707548,,,,,,,,,,,,,
11847.908,-0.65577246036408,-1.3061207328443043,-0.662674027651013,-0.6611418216051498,0.9642681785693937,1.0102329270391914,,,,,,,,,,,,,
11848.295,-0.656459375967866,-1.3064257880317527,-0.6630151437107541,-0.6614853959506614,0.963701996011969,1.0097202117657271,,,,,,,,,,,,,
11848.681,-0.656802283844546,-1.3067300549629035,-0.6633553622623598,-0.6618280937932484,0.9636447032724627,1.0097162243229894,,,,,,,,,,,,,
11849.055,-0.657660662080617,-1.3070248628184729,-0.6636849887616405,-0.6621601482906511,0.9628091002466722,1.0089322467347275,,,,,,,,,,,,,
11849.429,-0.657403479722149,-1.307319670674044,-0.6640146001928704,-0.662492212827415,0.9636275334167179,1.0098022830009692,,,,,,,,,,,,,
11849.809,-0.658808273416296,-1.307619208067404,-0.6643494840754283,-0.662829614611977,0.9619887753464493,1.0082159330022098,,,,,,,,,,,,,
11850.184,-0.658903828699533,-1.3079148041792727,-0.6646799463413764,-0.663162586521054,0.9622853748972232,1.0085642284339,,,,,,,,,,,,,
11850.558,-0.658844602232257,-1.3082096120348439,-0.6650095122864244,-0.6634946797597209,0.9628102998429616,1.0091406890336638,,,,,,,,,,,,,
11850.932,-0.660525884812056,-1.308504419890415,-0.6653390631634171,-0.6638267819784043,0.9607545806021539,1.0071364831055436,,,,,,,,,,,,,
11851.319,-0.660668781627714,-1.3088094750778634,-0.6656800531546239,-0.6641704370327386,0.9609950120208609,1.007430194886941,,,,,,,,,,,,,
11851.699,-0.661654572533929,-1.3091090124712235,-0.6660148596695414,-0.6645078849093797,0.9599775073193357,1.0064649835442663,,,,,,,,,,,,,
11852.073,-0.661805123880457,-1.3094038203267946,-0.6663443645768847,-0.6648400129154061,0.9601913957343711,1.0067303171129924,,,,,,,,,,,,,
11852.448,-0.662141896942237,-1.3096994164386633,-0.6666747353848494,-0.6651730369244948,0.9601303428736652,1.0067208245288397,,,,,,,,,,,,,
11852.828,-0.662796888820479,-1.3099989538320234,-0.6670094956838586,-0.6655105091194806,0.9596033122606764,1.0062460187505708,,,,,,,,,,,,,
11853.209,-0.662315448964638,-1.3102992794816828,-0.6673451213141695,-0.6658488770796651,0.9607624321229964,1.0074574777263483,,,,,,,,,,,,,
11853.583,-0.663252124935033,-1.3105940873372521,-0.6676745653852478,-0.6661810355251683,0.9598107374323896,1.0065571379877711,,,,,,,,,,,,,
11853.964,-0.664191413828892,-1.3108944129869116,-0.6680101600281079,-0.666519417930088,0.9588633497791444,1.0056620435030181,,,,,,,,,,,,,
11854.351,-0.664419368064248,-1.31119946817436,-0.6683510236172685,-0.6668631362438805,0.9589776669808442,1.0058294536516423,,,,,,,,,,,,,
11854.737,-0.665332081644124,-1.311503735105509,-0.668690990350667,-0.6672059731997747,0.9580755261333146,1.0049802447311231,,,,,,,,,,,,,
11855.118,-0.665892817762343,-1.3118040607551702,-0.6690265376299234,-0.6675443756555421,0.9576894168149351,1.0046463583554304,,,,,,,,,,,,,
11855.493,-0.665160892860353,-1.3120996568670389,-0.6693567854301268,-0.6678774548829274,0.9592129171583692,1.0062212365923418,,,,,,,,,,,,,
11855.867,-0.6664559274985,-1.3123944647226082,-0.6696861374813299,-0.6682096515211579,0.9577298858371445,1.0047894237856774,,,,,,,,,,,,,
11856.242,-0.666962681988751,-1.312690060834477,-0.670016355024452,-0.668542741773176,0.9574168023501448,1.0045276733301138,,,,,,,,,,,,,
11856.616,-0.667482368329855,-1.312984868690048,-0.6703456768992577,-0.6688749489098006,0.9570833761278881,1.0042454208800031,,,,,,,,,,,,,
11856.991,-0.667885689098066,-1.3132804648019167,-0.6706758641852977,-0.6692080491920044,0.9569236533108164,1.0041369862323246,,,,,,,,,,,,,
11857.372,-0.667611130178638,-1.3135807904515744,-0.6710113189536671,-0.6695464838401485,0.9577760318282618,1.0050414505269671,,,,,,,,,,,,,
11857.753,-0.668709355030057,-1.3138811161012338,-0.6713467580846597,-0.6698849230304029,0.9565929906140083,1.0039104719044376,,,,,,,,,,,,,
11858.127,-0.669172710434244,-1.314175923956805,-0.671676019082919,-0.6702171483465988,0.9563430859943092,1.0037116507954933,,,,,,,,,,,,,
11858.496,-0.669424312595809,-1.314466790530883,-0.6720008634289423,-0.6705449359573721,0.9564013031452397,1.0038202466272295,,,,,,,,,,,,,
11858.871,-0.669257785981889,-1.3147623866427516,-0.6723309747693031,-0.6708780570844541,0.9570864902333401,1.0045566092803955,,,,,,,,,,,,,
11859.246,-0.670292410474521,-1.3150579827546203,-0.672661070960924,-0.6712111816358801,0.9559907364952513,1.0035120086464007,,,,,,,,,,,,,
11859.614,-0.670701731666833,-1.3153480610724024,-0.6729849906297574,-0.6715380909577685,0.9558139356728371,1.0033853842341651,,,,,,,,,,,,,
11859.983,-0.671655996414499,-1.3156389276464804,-0.6733097758670974,-0.6718658914687052,0.9548303184702074,1.002452058072151,,,,,,,,,,,,,
11860.364,-0.671649240516382,-1.3159392532961398,-0.6736451078348589,-0.6722043549095246,0.9552856267677408,1.0029592700709538,,,,,,,,,,,,,
11860.751,-0.672126091097516,-1.3162443084835882,-0.6739857046123054,-0.6725481510889213,0.9550309065841627,1.0027572472337307,,,,,,,,,,,,,
11861.132,-0.672230447363984,-1.3165446341332459,-0.6743210050590562,-0.6728866194071291,0.9553214694228445,1.0030996670376144,,,,,,,,,,,,,
11861.501,-0.672656044674731,-1.3168355007073256,-0.6746457299554525,-0.6732144292566951,0.955121704823566,1.0029501040117017,,,,,,,,,,,,,
11861.876,-0.672859234467255,-1.3171310968191943,-0.6749757199039177,-0.6735475710798874,0.9552587152178628,1.003138109983825,,,,,,,,,,,,,
11862.251,-0.673916154906556,-1.317426692931063,-0.6753056947036438,-0.6738807144149496,0.9541299033895265,1.0020602712723485,,,,,,,,,,,,,
11862.626,-0.673092284896061,-1.3177222890429334,-0.6756356543546316,-0.6742138590272352,0.9557897302922209,1.0037710488309293,,,,,,,,,,,,,
11863.001,-0.674217745183851,-1.3180178851548021,-0.6759655988568811,-0.6745470046829721,0.9545592947683071,1.0025915415019373,,,,,,,,,,,,,
11863.376,-0.674513518681508,-1.3183134812666708,-0.6762955282103897,-0.6748801511492625,0.954559031759273,1.0026421842268531,,,,,,,,,,,,,
11863.764,-0.674724135194037,-1.3186193247104168,-0.6766368791692399,-0.6752248472991903,0.9547002242608924,1.0028360235520948,,,,,,,,,,,,,
11864.139,-0.67512862660898,-1.3189149208222855,-0.6769667777001143,-0.6755579946992691,0.9545387657316804,1.0027254250562445,,,,,,,,,,,,,
11864.502,-0.675296618296334,-1.3192010578585762,-0.6772861050486494,-0.6758804814887843,0.9547139392583067,1.0029498097008265,,,,,,,,,,,,,
11864.877,-0.6766027632994,-1.319496653970445,-0.6776159737668008,-0.6762136288850097,0.9532156033975011,1.0015022896701957,,,,,,,,,,,,,
11865.252,-0.676930118925537,-1.3197922500823136,-0.6779458273362167,-0.676546775939636,0.9531685137222121,1.0015059933641117,,,,,,,,,,,,,
11865.633,-0.676758117211122,-1.3200925757319713,-0.678280943048498,-0.6768852527628139,0.9538688311772058,1.002257893879309,,,,,,,,,,,,,
11866.009,-0.677106483263707,-1.3203889601001393,-0.6786116455858835,-0.677219286824466,0.953791758189896,1.0022317042780977,,,,,,,,,,,,,
11866.39,-0.677148901862869,-1.320689285749797,-0.6789467302286223,-0.6775577617747253,0.9541741557026522,1.002665638784387,,,,,,,,,,,,,
11866.784,-0.677928455009654,-1.3209998587313336,-0.6792932317588125,-0.6779077843733343,0.9534788011228598,1.0020235552925993,,,,,,,,,,,,,
11867.165,-0.677416884258177,-1.321300184380993,-0.6796282845932407,-0.6782462564402968,0.9546825959156485,1.0032788399168764,,,,,,,,,,,,,
11867.547,-0.678099854501269,-1.32160129828695,-0.6799642011324369,-0.6785856151046901,0.9541164194064375,1.0027642651062365,,,,,,,,,,,,,
11867.922,-0.678962583639267,-1.3218968943988187,-0.6802939468428324,-0.6789187531931732,0.9532755340635324,1.0019740132104322,,,,,,,,,,,,,
11868.298,-0.679261077025087,-1.3221932787669868,-0.680624556665733,-0.6792527774743178,0.9532724070334535,1.0020216320990862,,,,,,,,,,,,,
11868.679,-0.679593637352369,-1.3224936044166444,-0.6809595473610814,-0.679591241117558,0.9532246128357983,1.0020252355995782,,,,,,,,,,,,,
11869.055,-0.680181695609821,-1.3227899887848125,-0.6812901265221809,-0.6799252603382963,0.9527921493975801,1.001643472617972,,,,,,,,,,,,,
11869.436,-0.680536744014678,-1.3230903144344701,-0.6816250861479931,-0.6802637183988963,0.9527110122381299,1.0016136870900003,,,,,,,,,,,,,
11869.83,-0.680737242372847,-1.3234008874160068,-0.6819714583955827,-0.6806137215788622,0.9528742193397289,1.0018299735928542,,,,,,,,,,,,,
11870.206,-0.681174556142859,-1.3236972717841748,-0.6823019909361641,-0.680947731390169,0.9526652640101412,1.0016716495958382,,,,,,,,,,,,,
11870.581,-0.681827342745692,-1.3239928678960435,-0.6826316292318948,-0.6812808493728368,0.9521356594294894,1.0011925191990394,,,,,,,,,,,,,
11870.957,-0.682033704793771,-1.3242892522642116,-0.6829621313537011,-0.6816148519387564,0.9522691350798388,1.0013765810801716,,,,,,,,,,,,,
11871.332,-0.682496664386373,-1.3245848483760803,-0.6832917393115565,-0.6819479622627455,0.9520209860717538,1.0011788612741026,,,,,,,,,,,,,
11871.714,-0.682739182072013,-1.3248859622820373,-0.6836274843757559,-0.6822872863812144,0.9521078663988447,1.0013170890545247,,,,,,,,,,,,,
11872.09,-0.683068291711943,-1.3251823466502035,-0.6839579406061143,-0.6826212763799046,0.9520593447996768,1.0013190856430965,,,,,,,,,,,,,
11872.466,-0.683718923375667,-1.3254787310183715,-0.6842883816068346,-0.6829552617762172,0.9515341040803525,1.0008443405305933,,,,,,,,,,,,,
11872.86,-0.683981729779065,-1.3257893039999082,-0.6846346252509239,-0.6833052306638608,0.9516049273503562,1.0009680525219995,,,,,,,,,,,,,
11873.242,-0.684733089283478,-1.3260904179058652,-0.6849703074368358,-0.6836445353196633,0.9509373504204194,1.0003517298160354,,,,,,,,,,,,,
11873.624,-0.685097492702272,-1.3263915318118222,-0.6853059739031826,-0.6839838345512597,0.9508435113716384,1.000309121683892,,,,,,,,,,,,,
11873.999,-0.685751515436169,-1.326687127923691,-0.6856354741232105,-0.684316910767259,0.9503120739855501,0.9998279537574032,,,,,,,,,,,,,
11874.375,-0.685783267135371,-1.3269835122918572,-0.6859658378011018,-0.6846508695137286,0.9507044435396644,1.0002707042721175,,,,,,,,,,,,,
11874.751,-0.685651559412424,-1.3272798966600252,-0.6862961862493542,-0.6849848223701255,0.9513391735734433,1.0009557926855759,,,,,,,,,,,,,
11875.121,-0.686404749017284,-1.3275715514904025,-0.6866212483127754,-0.6853134402386369,0.9506548582378469,1.0003210100951951,,,,,,,,,,,,,
11875.497,-0.687036919235485,-1.3278679358585688,-0.6869515665447734,-0.6856473807904293,0.9501569902128153,0.9998734556483366,,,,,,,,,,,,,
11875.885,-0.688213649812218,-1.3281737793023165,-0.6872924108815308,-0.685991972190042,0.9488657301526315,0.9986340912453946,,,,,,,,,,,,,
11876.267,-0.68793279056271,-1.3284748932082735,-0.6876279685865558,-0.6863312278614468,0.9497286188821679,0.9995480496316265,,,,,,,,,,,,,
11876.637,-0.68839317519027,-1.3287665480386508,-0.6879529702252221,-0.6866598194645326,0.9494784440434167,0.9993473179465746,,,,,,,,,,,,,
11877.007,-0.689103677673094,-1.329058202869028,-0.6882779571164255,-0.6869884041565519,0.948857420693293,0.9987757158841514,,,,,,,,,,,,,
11877.376,-0.68856692383789,-1.3293490694431078,-0.6886020509769502,-0.687316093704719,0.950084529395471,1.0000520905255401,,,,,,,,,,,,,
11877.759,-0.689732679883713,-1.3296509716053624,-0.6889384255683328,-0.6876562082372124,0.9488036974995364,0.9988223707359325,,,,,,,,,,,,,
11878.129,-0.69044954948093,-1.3299426264357397,-0.6892633677388398,-0.6879847707824628,0.9481732336602805,0.9982412618771951,,,,,,,,,,,,,
11878.505,-0.690284853755919,-1.330239010803906,-0.6895935641337188,-0.6883186534865723,0.9488568748421461,0.9989750359898594,,,,,,,,,,,,,
11878.893,-0.691265813092334,-1.3305448542476537,-0.689934282744936,-0.6886631834788179,0.9478558838351847,0.9980257542274305,,,,,,,,,,,,,
11879.275,-0.691283252106444,-1.3308459681536107,-0.69026971666863,-0.6890023769984618,0.9482764871993238,0.9984972437182277,,,,,,,,,,,,,
11879.664,-0.691827606081582,-1.331152599853656,-0.6906112811329654,-0.6893477770279831,0.9479240175535834,0.9981965687155311,,,,,,,,,,,,,
11880.04,-0.692583417170663,-1.331448984221824,-0.6909414153536471,-0.6896816252130328,0.9472428278186259,0.9975654197259681,,,,,,,,,,,,,
11880.416,-0.692583319244197,-1.3317453685899903,-0.6912715343446916,-0.6900154644355674,0.9476824206557573,0.9980550307275649,,,,,,,,,,,,,
11880.786,-0.693343453903918,-1.3320370234203676,-0.6915963706124506,-0.6903439674950133,0.9469878079215449,0.9974096159523286,,,,,,,,,,,,,
11881.163,-0.693461031331155,-1.3323341960448332,-0.6919273372626131,-0.6906786761586726,0.9472540928353974,0.9977260071069127,,,,,,,,,,,,,
11881.533,-0.694308520101926,-1.3326258508752105,-0.692252143756436,-0.6910071607367354,0.9464299605912285,0.9969510286760319,,,,,,,,,,,,,
11881.915,-0.694175963211285,-1.3329269647811692,-0.6925874690422615,-0.6913462889662466,0.9470729621441367,0.9976447552787007,,,,,,,,,,,,,
11882.304,-0.694698411151343,-1.3332335964812128,-0.6929289228779805,-0.6916916210392272,0.9467529724686498,0.9973763962176926,,,,,,,,,,,,,
11882.68,-0.694542735025603,-1.3335299808493808,-0.6932589501671478,-0.6920254021341108,0.9474232403351291,0.9980965462826664,,,,,,,,,,,,,
11883.05,-0.694962194997542,-1.3338216356797563,-0.6935836961963595,-0.6923538468437636,0.9472337442815806,0.9979561143917901,,,,,,,,,,,,,
11883.433,-0.695228063786274,-1.3341235378420127,-0.6939198366873942,-0.692693820761762,0.9472871707869259,0.9980603059038955,,,,,,,,,,,,,
11883.81,-0.696265993781522,-1.3344207104664783,-0.694250695837364,-0.6930284578512909,0.9461888534838567,0.9970119354514906,,,,,,,,,,,,,
11884.192,-0.696634814198509,-1.3347218243724353,-0.6945859274230219,-0.6933675219034885,0.9460884653736227,0.9969621334621931,,,,,,,,,,,,,
11884.569,-0.697107275806308,-1.3350189969969009,-0.6949167557484142,-0.6937021367013013,0.945828565261891,0.9967521344976633,,,,,,,,,,,,,
11884.951,-0.697179615922643,-1.3353201109028578,-0.69525195610069,-0.6940411777713232,0.9461677670323239,0.9971418760794242,,,,,,,,,,,,,
11885.346,-0.69744133066069,-1.335631472140692,-0.695598547263681,-0.6943917444091109,0.9462413776528912,0.9972677219419331,,,,,,,,,,,,,
11885.735,-0.69830827283542,-1.3359381038407392,-0.6959398573241051,-0.6947369733730265,0.9454106080733929,0.996488369801909,,,,,,,,,,,,,
11886.118,-0.69823245722417,-1.3362400060029938,-0.6962758870362498,-0.6950768650384075,0.9459706483547047,0.9970990108386003,,,,,,,,,,,,,
11886.495,-0.699251472306335,-1.3365371786274594,-0.6966066371427644,-0.6954114197912238,0.9449003761000475,0.9960785237563544,,,,,,,,,,,,,
11886.878,-0.69923217885515,-1.3368390807897157,-0.6969426354985018,-0.6957512863940967,0.9453766112531854,0.996605313172858,,,,,,,,,,,,,
11887.254,-0.699772407426138,-1.337135465157882,-0.6972724775207153,-0.6960849287648198,0.9450150646553711,0.9962933740790364,,,,,,,,,,,,,
11887.637,-0.699982475348201,-1.3374373673201383,-0.6976084445613004,-0.6964247695644095,0.9451512268307296,0.9964800440869264,,,,,,,,,,,,,
11888.02,-0.700287314832586,-1.3377392694823929,-0.6979443957999054,-0.6967645970515779,0.9451468716776825,0.9965261733368822,,,,,,,,,,,,,
11888.409,-0.70080801672963,-1.3380459011824382,-0.6982855938069523,-0.6971097343796469,0.9448294708515702,0.996260023809184,,,,,,,,,,,,,
11888.792,-0.701021226528313,-1.3383478033446927,-0.6986215131940483,-0.697449534442131,0.9449609745819453,0.9964419647164687,,,,,,,,,,,,,
11889.163,-0.700947148616947,-1.3386402464313694,-0.6989468926246447,-0.6977786747780088,0.9455044134594597,0.9970342381539115,,,,,,,,,,,,,
11889.54,-0.701551763644641,-1.338937419055835,-0.6992775190673601,-0.6981131245992722,0.9450485701233261,0.9966279966344053,,,,,,,,,,,,,
11889.916,-0.701729783828443,-1.3392338034240012,-0.6996072532669606,-0.6984466735111878,0.9452240681161623,0.9968529422631136,,,,,,,,,,,,,
11890.293,-0.702430404775182,-1.3395309760484668,-0.6999378491287729,-0.6987810955280088,0.9446258772769958,0.9963043078984088,,,,,,,,,,,,,
11890.67,-0.702121913944891,-1.3398281486729324,-0.7002684296798289,-0.6991155033512894,0.9455238914965415,0.9972518558912208,,,,,,,,,,,,,
11891.053,-0.702339844999881,-1.340130050835187,-0.7006042557816059,-0.6994552185942738,0.9456483950434574,0.9974266583013126,,,,,,,,,,,,,
11891.443,-0.703209550741809,-1.3404374707915316,-0.7009462034594245,-0.699801127291154,0.9448146966802217,0.99664415402586,,,,,,,,,,,,,
11891.832,-0.703825792775968,-1.340744102491577,-0.7012872580264142,-0.7001461333247655,0.9443556389636485,0.996236134929751,,,,,,,,,,,,,
11892.209,-0.704029798384004,-1.3410412751160425,-0.7016177760754667,-0.7004804813337635,0.9444937772397642,0.9964237143076892,,,,,,,,,,,,,
11892.58,-0.704428743154164,-1.3413337182027174,-0.7019430189431306,-0.7008094934060425,0.944335867718521,0.9963144368651016,,,,,,,,,,,,,
11892.963,-0.704296343231227,-1.341635620364972,-0.7022787662413057,-0.7011491318499897,0.9449798052799132,0.997008556447905,,,,,,,,,,,,,
11893.334,-0.705096604945678,-1.3419280634516486,-0.7026039789748033,-0.7014781136651959,0.9442268651031366,0.9963042036699864,,,,,,,,,,,,,
11893.705,-0.705693990470964,-1.3422205065383235,-0.7029291768810078,-0.7018070803369217,0.9437747284522209,0.995900632433566,,,,,,,,,,,,,
11894.082,-0.705640822897772,-1.342517679162789,-0.7032596188636235,-0.7021413515386454,0.9442941761367463,0.9964694084365364,,,,,,,,,,,,,
11894.471,-0.70600224974058,-1.3428243108628344,-0.7036005628439019,-0.702486245913057,0.9442129316486126,0.9964390386024301,,,,,,,,,,,,,
11894.849,-0.706204802225689,-1.3431222717435993,-0.7039318501187193,-0.7028213710029851,0.9443543932066614,0.9966299130457681,,,,,,,,,,,,,
11895.22,-0.70681506088002,-1.3434147148302742,-0.7042569874768265,-0.7031502740990899,0.9438831696307518,0.9962071651099579,,,,,,,,,,,,,
11895.591,-0.706727889041091,-1.3437071579169508,-0.7045821100076504,-0.703479161204264,0.9444460228101346,0.9968184719450808,,,,,,,,,,,,,
11895.968,-0.707322378487991,-1.3440043305414164,-0.7049124753958695,-0.7038133506875164,0.9440051926227435,0.9964268565099597,,,,,,,,,,,,,
11896.351,-0.707124544027739,-1.344306232703671,-0.7052480829104741,-0.7041528415756415,0.944746149650139,0.9972177883022753,,,,,,,,,,,,,
11896.723,-0.707170953457042,-1.3445994640466452,-0.7055740364392227,-0.7044825652481134,0.9451121112851553,0.9976322669658213,,,,,,,,,,,,,
11897.106,-0.708569322303103,-1.3449013662088998,-0.7059096128037119,-0.7048220213166759,0.9434863855366667,0.9960564697961117,,,,,,,,,,,,,
11897.496,-0.708457821637164,-1.3452087861652426,-0.7062513061798468,-0.7051676631178413,0.9441075170788056,0.9967284183740353,,,,,,,,,,,,,
11897.879,-0.708399532352856,-1.345510688327499,-0.7065868506515649,-0.7055070828161316,0.9446415711615361,0.9973123537482738,,,,,,,,,,,,,
11898.263,-0.708364086786786,-1.345813378746053,-0.7069232553545897,-0.7058473703669031,0.9451429237195411,0.9978636943147775,,,,,,,,,,,,,
11898.64,-0.709404624221586,-1.3461105513705185,-0.7072535122273154,-0.7061814367016529,0.944040740378698,0.9968105648307509,,,,,,,,,,,,,
11899.018,-0.709783250118875,-1.3464085122512817,-0.7075846297412394,-0.7065163710211342,0.9439211387562274,0.9967401243898326,,,,,,,,,,,,,
11899.395,-0.709893079719141,-1.3467056848757473,-0.7079148559518407,-0.7068504010179893,0.944198911334947,0.997066905362768,,,,,,,,,,,,,
11899.773,-0.710308512240611,-1.3470036457565104,-0.7082459427223053,-0.7071852985665319,0.944024736712193,0.9969418463383775,,,,,,,,,,,,,
11900.15,-0.71058290329603,-1.347300818380976,-0.7085761382707823,-0.7075192915551247,0.9440585148323466,0.997024587390146,,,,,,,,,,,,,
11900.54,-0.710379010096222,-1.3476082383373207,-0.7089177037608607,-0.7078647818323172,0.944816636329128,0.997833336306608,,,,,,,,,,,,,
11900.93,-0.710333293047429,-1.3479156582936636,-0.7092592528660608,-0.7082102518833346,0.9453402308263182,0.998407533929694,,,,,,,,,,,,,
11901.308,-0.711890820236534,-1.3482136191744285,-0.7095902771316167,-0.708545072612045,0.9434726780683189,0.9965890040942977,,,,,,,,,,,,,
11901.679,-0.711241214790559,-1.3485060622611034,-0.7099151563510135,-0.708873674154114,0.9448694487850888,0.9980338677100145,,,,,,,,,,,,,
11902.057,-0.711959148001088,-1.3488040231418683,-0.7102461501174302,-0.7092084564052813,0.9442467578814494,0.99746015450804,,,,,,,,,,,,,
11902.447,-0.712194267749195,-1.3491114430982112,-0.7105876354896639,-0.7095538460523448,0.9443539570438918,0.9976178622997846,,,,,,,,,,,,,
11902.825,-0.712912087278701,-1.3494094039789744,-0.710918597983266,-0.7098885881795806,0.9437314346945421,0.9970442712840314,,,,,,,,,,,,,
11903.203,-0.71254515474803,-1.3497073648597375,-0.7112495450847804,-0.7102233103105118,0.9447172688789574,0.9980790139802613,,,,,,,,,,,,,
11903.599,-0.713423393980066,-1.3500195143538711,-0.7115962350631069,-0.7105739499659656,0.9438779304143649,0.9972908885264539,,,,,,,,,,,,,
11903.989,-0.713143460897927,-1.3503269343102158,-0.7119376556520614,-0.710919255093726,0.9447487958699398,0.9982121665574407,,,,,,,,,,,,,
11904.379,-0.714044020947502,-1.3506343542665604,-0.7122790598561402,-0.711264538403941,0.9438693499768117,0.9973831089459416,,,,,,,,,,,,,
11904.763,-0.713849584186343,-1.3509370446851126,-0.7126151956791427,-0.7116044881747035,0.9446064379962342,0.9981697863066286,,,,,,,,,,,,,
11905.141,-0.713552777677186,-1.3512350055658757,-0.7129460638656662,-0.7119391052412031,0.9454882966741449,0.999100436489436,,,,,,,,,,,,,
11905.519,-0.713773600393599,-1.3515329664466407,-0.7132769166600994,-0.7122737013231524,0.9456026690502781,0.9992635775486824,,,,,,,,,,,,,
11905.897,-0.714282484205662,-1.3518309273274056,-0.7136077540624477,-0.7126082762612188,0.9452899346595101,0.9989995890192493,,,,,,,,,,,,,
11906.275,-0.714537869200744,-1.352128888208167,-0.7139385760726995,-0.7129428298966134,0.9453530617153849,0.999111439114672,,,,,,,,,,,,,
11906.659,-0.715385025601433,-1.352431578626721,-0.7142746334654699,-0.713282671931727,0.9445457846869026,0.998353635139284,,,,,,,,,,,,,
11907.05,-0.714734772603326,-1.3527397868393631,-0.714616800582875,-0.7136286860761336,0.9459668904006058,0.9998250915586666,,,,,,,,,,,,,
11907.428,-0.715406167263877,-1.353037747720128,-0.714947575643194,-0.7139631737575226,0.945413201975668,0.9993200565608027,,,,,,,,,,,,,
11907.799,-0.714975711652655,-1.353330190806803,-0.7152722102722588,-0.714291445888943,0.9464850403124606,1.000439625143525,,,,,,,,,,,,,
11908.178,-0.715447307619526,-1.3536289399438655,-0.7156038297986331,-0.7146267746875111,0.9462287611697249,1.000232082769794,,,,,,,,,,,,,
11908.556,-0.715439801043341,-1.3539269008246286,-0.7159345589269996,-0.7149611964348117,0.9466816762627416,1.0007335831867863,,,,,,,,,,,,,
11908.94,-0.716301911850198,-1.3542295912431825,-0.7162705219635672,-0.7153009035222765,0.9458522264099322,0.9999534664855406,,,,,,,,,,,,,
11909.318,-0.716174739551671,-1.3545275521239457,-0.7166012200634375,-0.7156352799468837,0.9464825692797305,1.0006323486735003,,,,,,,,,,,,,
11909.702,-0.716534266177272,-1.3548302425424996,-0.7169371515789926,-0.7159749406739134,0.9463982985156411,1.0005973643249053,,,,,,,,,,,,,
11910.093,-0.716808063716554,-1.3551384507551418,-0.7172791905245468,-0.7163207688795903,0.94644931905145,1.000698545526547,,,,,,,,,,,,,
11910.478,-0.717354181265576,-1.3554419294299933,-0.7176159646987603,-0.7166612661830658,0.9460895595884868,1.0003881531411847,,,,,,,,,,,,,
11910.856,-0.717744253450747,-1.3557398903107583,-0.7179466001715671,-0.7169955492282016,0.9459529866113856,1.0003000266253617,,,,,,,,,,,,,
11911.234,-0.718057202704939,-1.3560378511915214,-0.7182772202522809,-0.7173298089369351,0.9459307634239682,1.000326227077439,,,,,,,,,,,,,
11911.606,-0.717780452485018,-1.3563310825344956,-0.718602577367661,-0.7176587400053215,0.946775872278298,1.0012189686607866,,,,,,,,,,,,,
11911.984,-0.718070021869298,-1.3566290434152588,-0.7189331669085153,-0.7179929529641509,0.9467883143087786,1.0012797890494474,,,,,,,,,,,,,
11912.363,-0.7175420446674,-1.3569277925523213,-0.7192646155716558,-0.7183280262031497,0.9480140973772946,1.0025540555487924,,,,,,,,,,,,,
11912.741,-0.718192117425716,-1.3572257534330845,-0.7195951742876154,-0.7186621913756653,0.9474920228317197,1.0020803136574572,,,,,,,,,,,,,
11913.138,-0.719157128179731,-1.3575386911835174,-0.7199423318167257,-0.719013127275165,0.9465251974028455,1.0011642257306512,,,,,,,,,,,,,
11913.51,-0.71854148958374,-1.3578319225264917,-0.7202676126322256,-0.7193419396722145,0.9478727743822694,1.0025593223095925,,,,,,,,,,,,,
11913.883,-0.719107526425619,-1.3581259421257634,-0.7205937528910278,-0.7196716122579828,0.947469455757207,1.0022036288326737,,,,,,,,,,,,,
11914.261,-0.718949577663662,-1.3584239030065266,-0.7209242497128754,-0.7200056796748932,0.948145430737661,1.0029278446972345,,,,,,,,,,,,,
11914.64,-0.719738636877213,-1.3587226521435891,-0.7212556054117183,-0.7203406060885463,0.9474184504035906,1.0022492099562346,,,,,,,,,,,,,
11915.024,-0.720126917805152,-1.359025342562143,-0.7215913167765873,-0.720679925599641,0.9472915457771311,1.002171265328806,,,,,,,,,,,,,
11915.397,-0.720593453291746,-1.3593193621614148,-0.7219173962010688,-0.7210095003426138,0.9470357573211889,1.0019630118222218,,,,,,,,,,,,,
11915.775,-0.721001198532033,-1.359617323042178,-0.7222478313731235,-0.72134346802206,0.9468729805923605,1.0018483845696236,,,,,,,,,,,,,
11916.166,-0.720214163831176,-1.3599255312548202,-0.7225896145225335,-0.7216888947759736,0.9484968918626454,1.0035220772379114,,,,,,,,,,,,,
11916.557,-0.720410259468377,-1.3602337394674624,-0.7229313812029359,-0.7220342943354652,0.9486631206257405,1.0037380629804782,,,,,,,,,,,,,
11916.942,-0.720859489482089,-1.3605372181423139,-0.7232678872899809,-0.7223743669190099,0.9484470158339017,1.0035709277745615,,,,,,,,,,,,,
11917.321,-0.721421198082453,-1.3608359672793764,-0.7235991335302039,-0.7227091136180809,0.9480571271335777,1.0032292223734869,,,,,,,,,,,,,
11917.7,-0.721289970362858,-1.361134716416439,-0.7239303642967885,-0.7230438343244918,0.9486946516999379,1.0039149072964013,,,,,,,,,,,,,
11918.085,-0.721362197721099,-1.3614381950912904,-0.7242668229791915,-0.7233838272780723,0.9490375268874269,1.0043066817831507,,,,,,,,,,,,,
11918.463,-0.722593004505185,-1.3617361559720553,-0.7245971486963949,-0.7237176121564616,0.9476544008638105,1.00297154294753,,,,,,,,,,,,,
11918.848,-0.722411114130395,-1.3620396346469068,-0.7249335757342239,-0.724057551214889,0.9483740551617251,1.0037400496254367,,,,,,,,,,,,,
11919.24,-0.72306723116286,-1.3623486311158466,-0.7252761032217281,-0.7244036428124119,0.947859381212861,1.0032750919572009,,,,,,,,,,,,,
11919.625,-0.722915735091028,-1.362652109790698,-0.725612498034347,-0.72474352638365,0.9485339700275685,1.0039984853717274,,,,,,,,,,,,,
11919.997,-0.723706222559382,-1.3629453411336723,-0.7259375188932857,-0.725071907038568,0.9477966908210383,1.0033083403282466,,,,,,,,,,,,,
11920.376,-0.723501052581717,-1.3632440902707348,-0.7262686404053866,-0.7254064401486588,0.9485438492090379,1.0041034970816527,,,,,,,,,,,,,
11920.761,-0.723589604810279,-1.363547568945588,-0.7266049881036825,-0.7257462415089777,0.9488625195917565,1.0044709022079772,,,,,,,,,,,,,
11921.147,-0.724233939603742,-1.363851835876737,-0.7269421934026541,-0.7260868972074708,0.9483583026482211,1.0040155228246208,,,,,,,,,,,,,
11921.532,-0.724066270639195,-1.3641553145515886,-0.7272785091245844,-0.7264266420419526,0.9490568709312542,1.0047627784400457,,,,,,,,,,,,,
11921.911,-0.724238571635006,-1.364454063688651,-0.7276095679664172,-0.7267610643683848,0.9492443549671279,1.0049981679203928,,,,,,,,,,,,,
11922.308,-0.725588068352968,-1.364767001439084,-0.7279563333260475,-0.7271113398374403,0.9477074540943278,1.0035114230816742,,,,,,,,,,,,,
11922.7,-0.725121802605704,-1.3650759979080238,-0.7282987147048354,-0.7274571737945207,0.9488569315616568,1.0047104001948788,,,,,,,,,,,,,
11923.085,-0.725536638619959,-1.3653794765828753,-0.7286349660178288,-0.7277968029981725,0.948691822583313,1.0045938830500785,,,,,,,,,,,,,
11923.464,-0.726142781881722,-1.3656782257199378,-0.7289659614545032,-0.7281311109256804,0.9482360508295149,1.0041859227301928,,,,,,,,,,,,,
11923.843,-0.726325794069194,-1.3659769748570003,-0.7292969414175428,-0.7284653905847673,0.9484076534342996,1.0044053138262021,,,,,,,,,,,,,
11924.229,-0.726823490667545,-1.3662812417881494,-0.7296340185620025,-0.7288058150770027,0.9481208562199964,1.0041671641579422,,,,,,,,,,,,,
11924.602,-0.727022152833099,-1.366575261387423,-0.729959728118641,-0.7291347463686865,0.9482622422170334,1.0043555367028953,,,,,,,,,,,,,
11924.981,-0.726799210236315,-1.3668740105244837,-0.730290661619942,-0.7294689403299293,0.9490357519798113,1.005176766068284,,,,,,,,,,,,,
11925.373,-0.727489335362163,-1.3671830069934234,-0.7306329301234173,-0.7298145670958385,0.9484706543984862,1.0046610007730943,,,,,,,,,,,,,
11925.758,-0.72776880650874,-1.3674864856682767,-0.7309690705767293,-0.7301539918095716,0.9485062502423478,1.0047450240793232,,,,,,,,,,,,,
11926.137,-0.728114525546604,-1.3677852348053392,-0.7312999568813998,-0.7304880974706844,0.9484366082019058,1.0047230316632554,,,,,,,,,,,,,
11926.51,-0.728517191592634,-1.368079254404611,-0.7316255897723298,-0.7308168853300344,0.9482755186507273,1.0046088149880807,,,,,,,,,,,,,
11926.89,-0.728526980403987,-1.368378791797971,-0.731957318324155,-0.7311518142346107,0.9487051274453344,1.0050861534590234,,,,,,,,,,,,,
11927.275,-0.728622542743269,-1.3686822704728225,-0.7322933958615856,-0.7314911198690973,0.949013403971433,1.0054427641623942,,,,,,,,,,,,,
11927.655,-0.72956829337051,-1.3689818078661844,-0.7326250930979361,-0.7318259889652103,0.9480552667942191,1.0045323102302022,,,,,,,,,,,,,
11928.028,-0.729636596256252,-1.3692758274654562,-0.7329506649938233,-0.7321546603328457,0.9483899358529959,1.0049137617278936,,,,,,,,,,,,,
11928.414,-0.729821563731778,-1.369580094396607,-0.7332875681192652,-0.7324947562595255,0.948566820567921,1.0051390359716168,,,,,,,,,,,,,
11928.806,-0.730107860908764,-1.3698890908655468,-0.7336296916541825,-0.7328401067868379,0.9486004766962345,1.0052218094418146,,,,,,,,,,,,,
11929.185,-0.730840205087157,-1.3701878400026075,-0.7339604535165236,-0.7331739736971259,0.947957587465288,1.004626385325143,,,,,,,,,,,,,
11929.565,-0.730977953095643,-1.3704873773959694,-0.7342920725665305,-0.7335086911221711,0.9481974717889153,1.0049138369672401,,,,,,,,,,,,,
11929.944,-0.731233964608014,-1.3707861265330301,-0.734622803440776,-0.7338424972612322,0.9482608386544238,1.0050246230011022,,,,,,,,,,,,,
11930.324,-0.731664252558543,-1.371085663926392,-0.7349543914209224,-0.7341771534941735,0.9480669754476753,1.0048782810456736,,,,,,,,,,,,,
11930.703,-0.731723240555986,-1.3713844130634527,-0.7352850913070688,-0.7345108983431706,0.9484224681077988,1.0052811469282317,,,,,,,,,,,,,
11931.083,-0.732712953586388,-1.3716839504568146,-0.7356166482173521,-0.7348454928655089,0.9473991480920733,1.004305302096674,,,,,,,,,,,,,
11931.469,-0.732895319235335,-1.3719882173879636,-0.7359534243109866,-0.7351853386286761,0.947579890522442,1.004534245706336,,,,,,,,,,,,,
11931.861,-0.732890703324067,-1.3722972138569052,-0.7362954188395108,-0.7355304339986835,0.9480448820530387,1.0050481633015973,,,,,,,,,,,,,
11932.234,-0.733548475140095,-1.372591233456177,-0.7366208217333163,-0.7358587718318779,0.9475055484338927,1.0045553615427165,,,,,,,,,,,,,
11932.608,-0.733950148556263,-1.372886041311748,-0.7369470819730282,-0.7361879594760342,0.9473470993938491,1.0044435468017638,,,,,,,,,,,,,
11932.987,-0.734565386797151,-1.3731847904488088,-0.7372776886090824,-0.736521516793864,0.9468778425593214,1.0040215249281672,,,,,,,,,,,,,
11933.367,-0.734969561686317,-1.3734843278421707,-0.7376091520232357,-0.7368559225215272,0.9467226970599656,1.0039137159866707,,,,,,,,,,,,,
11933.753,-0.735004038175008,-1.3737885947733215,-0.7379458331444848,-0.7371955757236003,0.9471227140194234,1.0043617933102738,,,,,,,,,,,,,
11934.127,-0.735471593045826,-1.3740834026288908,-0.7382720321853382,-0.7375246382800583,0.9468665828712436,1.0041522057219021,,,,,,,,,,,,,
11934.519,-0.735697162501458,-1.3743923990978306,-0.7386139144719639,-0.7378695046855075,0.9469902796927312,1.0043246621874844,,,,,,,,,,,,,
11934.918,-0.735712694579667,-1.3747069133608587,-0.7389618848000321,-0.7382204941880139,0.9474335791047227,1.0048175667465769,,,,,,,,,,,,,
11935.304,-0.735916560009275,-1.3750111802920095,-0.7392985014282116,-0.7385600139818075,0.9475824439162631,1.0050143962986682,,,,,,,,,,,,,
11935.69,-0.736794531998807,-1.3753154472231603,-0.7396351020058951,-0.7388995002455208,0.9467318142535264,1.0042117075784753,,,,,,,,,,,,,
11936.07,-0.737207135813188,-1.3756149846165204,-0.7399664547720377,-0.7392336766790337,0.946564171228291,1.0040912370537822,,,,,,,,,,,,,
11936.45,-0.737710205236891,-1.3759145220098823,-0.7402977919827816,-0.7395678205893401,0.9462623952899477,1.0038366105520606,,,,,,,,,,,,,
11936.83,-0.737837682384292,-1.3762140594032424,-0.7406291136381311,-0.739901932074866,0.9465175081686864,1.0041388498034949,,,,,,,,,,,,,
11937.21,-0.738127238443067,-1.3765135967966007,-0.7409604197380757,-0.7402360112337677,0.9465323074442832,1.0042007523878689,,,,,,,,,,,,,
11937.602,-0.738623539630982,-1.3768225932655422,-0.7413021718359278,-0.7405806064904873,0.9462545916605337,1.003971603217881,,,,,,,,,,,,,
11937.995,-0.738763182549754,-1.3771323779907814,-0.7416447791336012,-0.7409260464966549,0.9465068600784922,1.004272537506437,,,,,,,,,,,,,
11938.381,-0.739237998399318,-1.3774366449219304,-0.7419812678151798,-0.7412653002803452,0.946253988037655,1.0040674405002818,,,,,,,,,,,,,
11938.761,-0.739947872410732,-1.3777361823152923,-0.7423125104245427,-0.7415992485077552,0.9456455839562842,1.0035060455904672,,,,,,,,,,,,,
11939.142,-0.740610283961056,-1.37803650796495,-0.7426446091081234,-0.7419340435885641,0.9451087209757928,1.0030162923348365,,,,,,,,,,,,,
11939.528,-0.740405405721831,-1.3783407748961007,-0.7429810500956,-0.7422731997727555,0.9458636280107471,1.0038189036886362,,,,,,,,,,,,,
11939.921,-0.741761758806337,-1.3786505596213399,-0.7433235758547632,-0.7426184729204595,0.9443118862621452,1.0023157069138335,,,,,,,,,,,,,
11940.301,-0.741046236203626,-1.3789500970147,-0.7436547554238233,-0.742952292740139,0.9458169107159158,1.0038676470695833,,,,,,,,,,,,,
11940.687,-0.741644557914068,-1.3792543639458508,-0.7439911482182193,-0.7432913512083947,0.9453809171438172,1.0034792863606603,,,,,,,,,,,,,
11941.08,-0.742232807658529,-1.3795641486710881,-0.7443336249103298,-0.7436365251775168,0.9449680384321417,1.0031148798712812,,,,,,,,,,,,,
11941.467,-0.74182945729251,-1.3798692038585383,-0.7446708566918208,-0.743976396654239,0.9460183878551162,1.004212937375716,,,,,,,,,,,,,
11941.853,-0.742863367345554,-1.3801734707896873,-0.7450072010020605,-0.7443153577263002,0.9449365495940993,1.0031786600906338,,,,,,,,,,,,,
11942.234,-0.743979950357563,-1.3804737964393468,-0.7453391727807377,-0.7446498966874967,0.9437262888256115,1.00201532088565,,,,,,,,,,,,,
11942.614,-0.743598145143675,-1.3807733338327068,-0.7456702576665428,-0.7449835265929831,0.9447365121515955,1.003072319527166,,,,,,,,,,,,,
11942.994,-0.744209110205495,-1.381072871226067,-0.746001326996951,-0.745317125632699,0.9442747598823433,1.0026573195095199,,,,,,,,,,,,,
11943.369,-0.744841605465021,-1.3813684673379356,-0.746328024902227,-0.7456463050437097,0.9437752411764133,1.0022039152832825,,,,,,,,,,,,,
11943.755,-0.744719839824194,-1.3816727342690864,-0.7466642901242562,-0.7459851091800315,0.9444069175713172,1.002883035390363,,,,,,,,,,,,,
11944.148,-0.745524782948675,-1.3819825189943238,-0.7470066369305144,-0.7463300250115514,0.9436727486529912,1.0021971461131451,,,,,,,,,,,,,
11944.529,-0.745385579313801,-1.3822828446439832,-0.747338514515544,-0.7466643779290955,0.944324436557087,1.0028956159202376,,,,,,,,,,,,,
11944.909,-0.746112036985697,-1.3825823820373433,-0.7476695054549287,-0.7469978228443805,0.9436914439640443,1.002309259348771,,,,,,,,,,,,,
11945.284,-0.746356524784436,-1.382877978149212,-0.7479961260006442,-0.7473268506187188,0.9437672220080502,1.002431037171785,,,,,,,,,,,,,
11945.664,-0.74685483206453,-1.3831775155425738,-0.7483270860339069,-0.7476602354173855,0.9434725068765675,1.0021829122375083,,,,,,,,,,,,,
11946.045,-0.74708319200775,-1.3834778411922315,-0.748658901397774,-0.7479944673057759,0.9435792100748422,1.00233630508373,,,,,,,,,,,,,
11946.426,-0.747008846379999,-1.383778166841891,-0.7489907011242618,-0.7483286690081841,0.9441347333314091,1.0029384948027724,,,,,,,,,,,,,
11946.806,-0.748571137701943,-1.384077704235251,-0.7493216144094594,-0.748661963565358,0.9422624543045836,1.0011127366600006,,,,,,,,,,,,,
11947.193,-0.748376377691175,-1.3843827594226994,-0.7496586074778397,-0.7490013670853238,0.9430035278357968,1.0019011643337925,,,,,,,,,,,,,
11947.586,-0.74875043096945,-1.3846925441479385,-0.750000808734046,-0.7493460010963989,0.9429082371689378,1.0018539375016058,,,,,,,,,,,,,
11947.973,-0.749067965786665,-1.384997599335387,-0.7503377692847506,-0.7496853425198212,0.9428897336833848,1.0018827399448127,,,,,,,,,,,,,
11948.354,-0.749478751596318,-1.3852979249850446,-0.7506694898803676,-0.7500193928797724,0.9427259549485278,1.00176551034543,,,,,,,,,,,,,
11948.735,-0.749968706273107,-1.3855982506347058,-0.7510011948386053,-0.7503534136091143,0.9424447929245326,1.0015308742714377,,,,,,,,,,,,,
11949.116,-0.750578239776606,-1.3858985762843634,-0.751332884159468,-0.7506874047986053,0.9419863319634757,1.001118916074914,,,,,,,,,,,,,
11949.49,-0.750533117509318,-1.3861933841399345,-0.7516584642417445,-0.7510152310237822,0.9424903446814002,1.0016685546254545,,,,,,,,,,,,,
11949.871,-0.750923145268151,-1.3864937097895922,-0.7519901225751564,-0.7513491639434656,0.9423573438061946,1.0015820105698205,,,,,,,,,,,,,
11950.265,-0.75075231216532,-1.3868042827711289,-0.7523330808878175,-0.7516944601150155,0.943071122235028,1.0023438065734274,,,,,,,,,,,,,
11950.652,-0.751589502375796,-1.387109337958579,-0.7526699297528125,-0.7520335912061061,0.9422821282588477,1.0016019529300806,,,,,,,,,,,,,
11951.033,-0.751980605241295,-1.3874096636082367,-0.7530015403942727,-0.7523674351344107,0.9421475333282868,1.0015137441064486,,,,,,,,,,,,,
11951.414,-0.752650122367432,-1.3877099892578961,-0.7533331353983579,-0.7527012500650975,0.9416001349455576,1.0010127086451788,,,,,,,,,,,,,
11951.795,-0.752900464833965,-1.3880103149075538,-0.7536647147650637,-0.7530350360872091,0.9416742447648501,1.0011331582004557,,,,,,,,,,,,,
11952.182,-0.753042100953781,-1.388315370095004,-0.754001499845379,-0.7533740490784646,0.9419165454110718,1.0014225046062517,,,,,,,,,,,,,
11952.563,-0.753669448247065,-1.3886156957446616,-0.7543330476910777,-0.7537077770978557,0.9414316720316903,1.0009839242267908,,,,,,,,,,,,,
11952.944,-0.753817479846511,-1.388916021394321,-0.7546645798993978,-0.7540414764757634,0.9416574776694084,1.001255999678958,,,,,,,,,,,,,
11953.344,-0.754048795922658,-1.3892313239136467,-0.7550126283834215,-0.7543917863067834,0.9417820039548086,1.001429078248729,,,,,,,,,,,,,
11953.738,-0.754515999441102,-1.3895418968951834,-0.755355439290156,-0.7547368108215494,0.9415497686296406,1.0012446419402008,,,,,,,,,,,,,
11954.131,-0.754746699484818,-1.3898516816204225,-0.7556973634593609,-0.7550809294152357,0.941667027097191,1.001409553406729,,,,,,,,,,,,,
11954.513,-0.754988847323989,-1.3901527955263813,-0.7560297012860735,-0.7554153873514724,0.9417544557938214,1.00154327766047,,,,,,,,,,,,,
11954.9,-0.755462815720638,-1.3904578507138279,-0.7563663730547852,-0.7557541941095814,0.9415040090109728,1.0013397086305809,,,,,,,,,,,,,
11955.287,-0.755806409008331,-1.390762905901278,-0.7567030286897349,-0.7560929718706401,0.9414468687596657,1.0013294222107585,,,,,,,,,,,,,
11955.669,-0.756351498798781,-1.3910640198072333,-0.7570353189462242,-0.7564273443091938,0.9410851269180835,1.001013905394131,,,,,,,,,,,,,
11956.056,-0.756634222665379,-1.3913690749946834,-0.7573719425220755,-0.7567660647200275,0.9411182374574582,1.0010938222311112,,,,,,,,,,,,,
11956.45,-0.757070464104364,-1.3916796479762201,-0.7577146383223079,-0.7571108823465444,0.9409319094549171,1.0009551225773001,,,,,,,,,,,,,
11956.844,-0.758080398534246,-1.391990220957755,-0.758057317399838,-0.7574556702929484,0.9398949696820359,0.9999657863584704,,,,,,,,,,,,,
11957.225,-0.757365081684314,-1.3922905466074162,-0.7583886739031476,-0.7577890538491393,0.9414008578109079,1.0015176837847348,,,,,,,,,,,,,
11957.607,-0.757686706253681,-1.3925916605133732,-0.7587208844095681,-0.7581232847394472,0.9413704467513504,1.0015333795050416,,,,,,,,,,,,,
11957.988,-0.75864351775602,-1.392891986163031,-0.7590522095970753,-0.7584566131493549,0.9403970784128638,1.0006059740321485,,,,,,,,,,,,,
11958.376,-0.758324288536971,-1.3931978296067786,-0.7593896060530199,-0.7587960375345587,0.9413238705695185,1.001579549688139,,,,,,,,,,,,,
11958.757,-0.759355423213567,-1.3934981552564363,-0.7597208996784763,-0.759129310709516,0.9402403036268395,1.0005418988141317,,,,,,,,,,,,,
11959.139,-0.758890470504392,-1.3937992691623933,-0.7600530471420077,-0.7594634312716106,0.9413761468217773,1.0017237553155272,,,,,,,,,,,,,
11959.533,-0.759660562081286,-1.39410984214393,-0.760395612089237,-0.7598080191723143,0.940694820865034,1.0010898636923309,,,,,,,,,,,,,
11959.927,-0.759739814681401,-1.3944204151254667,-0.7607381603137675,-0.7601525781276116,0.9410377984545781,1.0014802508207477,,,,,,,,,,,,,
11960.315,-0.760197544457855,-1.3947262585692144,-0.7610754757252218,-0.7604918617948381,0.9408125973375985,1.0013017130387933,,,,,,,,,,,,,
11960.703,-0.760860536386011,-1.3950321020129604,-0.7614127749194219,-0.7608311175698306,0.9402830550398578,1.0008188100308215,,,,,,,,,,,,,
11961.084,-0.760970501723873,-1.3953324276626216,-0.7617439730378557,-0.7611642256942126,0.9405653013360314,1.001146830787818,,,,,,,,,,,,,
11961.466,-0.761626974823778,-1.3956335415685786,-0.7620760247436902,-0.7614981812861569,0.940038412010441,1.00066581278916,,,,,,,,,,,,,
11961.848,-0.761870482850087,-1.3959346554745338,-0.7624080607299559,-0.7618321100945231,0.9401238239642999,1.0007970727626148,,,,,,,,,,,,,
11962.223,-0.762045323680417,-1.3962302515864025,-0.7627339969970226,-0.7621598938173636,0.9403028672251329,1.0010211012254806,,,,,,,,,,,,,
11962.611,-0.761870396806995,-1.3965360950301502,-0.7630712164424462,-0.7624990137090234,0.9410157030050751,1.0017804580520218,,,,,,,,,,,,,
11963.012,-0.762054073299715,-1.3968521858057752,-0.7634197174361272,-0.7628494671006818,0.9412120330097762,1.0020248425309715,,,,,,,,,,,,,
11963.387,-0.763000264672672,-1.3971477819176439,-0.7637456066815114,-0.763177171456171,0.9402473986224147,1.0011051236267898,,,,,,,,,,,,,
11963.763,-0.763273101728675,-1.397444166285812,-0.7640723497554971,-0.7635057241794068,0.9402823121061162,1.0011850498174044,,,,,,,,,,,,,
11964.138,-0.763285360479245,-1.3977397623976806,-0.7643982086630068,-0.7638333777275655,0.9407024150153747,1.0016500232280092,,,,,,,,,,,,,
11964.52,-0.76368434360892,-1.3980408763036376,-0.7647301346945818,-0.7641671215111695,0.9405573047996857,1.0015505980025696,,,,,,,,,,,,,
11964.908,-0.76416603726265,-1.3983467197473836,-0.7650672581321647,-0.7645060806026623,0.9402965725599649,1.0013362444590497,,,,,,,,,,,,,
11965.29,-0.764512497266863,-1.3986478336533423,-0.7653991524776931,-0.7648397718139176,0.9402293381235574,1.001314648032131,,,,,,,,,,,,,
11965.672,-0.764865505807905,-1.3989489475592993,-0.7657310311036527,-0.7651734370667541,0.9401523942038632,1.0012833188145858,,,,,,,,,,,,,
11966.067,-0.765306270693093,-1.3992603087971336,-0.7660741874972858,-0.7655184302076682,0.939960528053657,1.0011385951887153,,,,,,,,,,,,,
11966.461,-0.765824023024671,-1.3995708817786703,-0.7664164583966349,-0.7658625224739519,0.939653344252369,1.0008784097374606,,,,,,,,,,,,,
11966.849,-0.765929045695931,-1.399876725222418,-0.7667535007061375,-0.7662013480269217,0.9399511002220545,1.0012224241150909,,,,,,,,,,,,,
11967.225,-0.766645086662634,-1.4001731095905843,-0.7670801035540205,-0.7665296692125861,0.9393288774515498,1.000645006138868,,,,,,,,,,,,,
11967.607,-0.766385261464084,-1.4004742234965413,-0.7674119025533592,-0.7668632042180865,0.9401605790973901,1.0015222044248135,,,,,,,,,,,,,
11967.989,-0.767023933378723,-1.4007753374024983,-0.7677436858331239,-0.7671967137546711,0.939660083501466,1.0010671821616546,,,,,,,,,,,,,
11968.371,-0.767048317858512,-1.4010764513084553,-0.7680754533933216,-0.7675301979022994,0.9400703888578712,1.0015229375434882,,,,,,,,,,,,,
11968.754,-0.767130700287454,-1.4013783534707116,-0.7684080736736334,-0.7678645296364757,0.9403958696846224,1.0018939639758482,,,,,,,,,,,,,
11969.155,-0.768147563734162,-1.4016944442463366,-0.7687563093052514,-0.7682145469129408,0.9393568374987454,1.0009025928130373,,,,,,,,,,,,,
11969.543,-0.768805303102015,-1.4020002876900826,-0.7690932390134888,-0.7685531906180438,0.9388350831462804,1.0004269299151114,,,,,,,,,,,,,
11969.925,-0.768545003598345,-1.4023014015960396,-0.7694249426254869,-0.7688865723017316,0.9396674880419849,1.0013046900205247,,,,,,,,,,,,,
11970.308,-0.769759087755184,-1.402603303758296,-0.7697574987901952,-0.7692208016272981,0.9383150002940194,0.9999976528142415,,,,,,,,,,,,,
11970.69,-0.769997281984555,-1.402904417664253,-0.7700891709218967,-0.7695541333507656,0.9384082909884136,1.0001362520426538,,,,,,,,,,,,,
11971.078,-0.77012680570602,-1.4032102611079988,-0.7704260364716582,-0.7698926752339083,0.9386697193717033,1.000443676752982,,,,,,,,,,,,,
11971.467,-0.769935458474331,-1.403516892808046,-0.7707637539515932,-0.7702320640153816,0.9394080702796557,1.0012281183969196,,,,,,,,,,,,,
11971.856,-0.769928167157702,-1.4038235245080894,-0.7711014551305668,-0.7705714272139556,0.9398735223894052,1.001739637073291,,,,,,,,,,,,,
11972.251,-0.771323715483923,-1.4041348857459255,-0.7714443483880453,-0.7709159987130921,0.938266003536532,1.0001788705939156,,,,,,,,,,,,,
11972.645,-0.771272493439389,-1.4044454587274622,-0.7717863568174028,-0.7712596717711873,0.938802435238694,1.000761911483,,,,,,,,,,,,,
11973.034,-0.771460249817588,-1.4047520904275075,-0.7721240086325487,-0.7715989579983754,0.9389786910925558,1.000984160711949,,,,,,,,,,,,,
11973.417,-0.77139390655503,-1.405053992589762,-0.7724564365247906,-0.7719329863468962,0.9395246867691436,1.0015754167411883,,,,,,,,,,,,,
11973.812,-0.772349495175126,-1.405365353827598,-0.7727992633599632,-0.7722774547753563,0.938569494004339,1.000666877865818,,,,,,,,,,,,,
11974.194,-0.773026760934508,-1.405666467733555,-0.7731307912995842,-0.7726105616600869,0.9380117755050119,1.0001542541075363,,,,,,,,,,,,,
11974.577,-0.772942932517524,-1.4059683698958096,-0.7734631713320441,-0.7729445163387847,0.9385836963338969,1.0007713643275837,,,,,,,,,,,,,
11974.966,-0.77308484887761,-1.4062750015958567,-0.7738007421871584,-0.7732836779447492,0.9388279189567095,1.0010614602863936,,,,,,,,,,,,,
11975.361,-0.773300296066947,-1.406586362833691,-0.7741435031106345,-0.7736280454067606,0.9389701302437342,1.0012502277358744,,,,,,,,,,,,,
11975.75,-0.774305442754689,-1.4068929945337363,-0.7744810411124003,-0.773967157009857,0.9379344455138877,1.0002603676305122,,,,,,,,,,,,,
11976.126,-0.774493238389682,-1.4071893789019043,-0.7748072834309614,-0.7742949123682332,0.9380954494934209,1.0004656418490576,,,,,,,,,,,,,
11976.509,-0.775167703149531,-1.4074912810641589,-0.7751395837521269,-0.7746287459149797,0.9375430527660253,0.9999583163252403,,,,,,,,,,,,,
11976.891,-0.774706874318095,-1.4077923949701159,-0.7754710007082908,-0.774961684144129,0.9386727815077626,1.001132975253324,,,,,,,,,,,,,
11977.28,-0.775301422358034,-1.4080990266701612,-0.7758084745957428,-0.775300699100648,0.9382458893695074,1.0007518126775434,,,,,,,,,,,,,
11977.669,-0.775529066735331,-1.4084056583702065,-0.7761459321822386,-0.7756396896809973,0.9383630034836822,1.0009146321848292,,,,,,,,,,,,,
11978.046,-0.775850210784623,-1.408702830994672,-0.7764729642116368,-0.7759681997832439,0.9383274611702277,1.0009233622669946,,,,,,,,,,,,,
11978.441,-0.776550598284868,-1.4090141922325081,-0.7768155940776511,-0.7763123703146276,0.9377506538481475,1.0003929167890346,,,,,,,,,,,,,
11978.837,-0.776775038055728,-1.40932634172664,-0.7771590744894734,-0.7766573871780738,0.9378807006225929,1.0005694177639504,,,,,,,,,,,,,
11979.226,-0.777491828885828,-1.409632973426687,-0.7774964668302289,-0.7769962809807415,0.9372725597018038,1.000006885496696,,,,,,,,,,,,,
11979.602,-0.777960263513133,-1.4099293577948533,-0.7778225683556226,-0.77732382648895,0.9370174616304744,0.9997958489109716,,,,,,,,,,,,,
11979.985,-0.778486820677796,-1.4102312599571096,-0.7781547252624819,-0.7776574469557286,0.9366843667655477,0.9995076126098436,,,,,,,,,,,,,
11980.368,-0.77842153550847,-1.4105331621193642,-0.7784868663673583,-0.7779910443214626,0.9372287936125147,1.0000968745910823,,,,,,,,,,,,,
11980.751,-0.778749432886485,-1.4108350642816188,-0.7788189916702528,-0.7783246186602768,0.937190250634216,1.0001031433175325,,,,,,,,,,,,,
11981.134,-0.77944944994685,-1.411136966443875,-0.7791511011711716,-0.7786581700461088,0.9365999676367746,0.9995576485953129,,,,,,,,,,,,,
11981.523,-0.780314075667554,-1.4114435981439186,-0.7794883972566486,-0.7789969233607404,0.9357726326522393,0.9987757795470327,,,,,,,,,,,,,
11981.906,-0.77980597305468,-1.4117455003061767,-0.7798204749060575,-0.7793304287049811,0.9369736227404737,1.0000215106843922,,,,,,,,,,,,,
11982.289,-0.780876624994117,-1.4120474024684313,-0.7801525367534863,-0.7796639113180678,0.935833801234387,0.998926406797902,,,,,,,,,,,,,
11982.673,-0.781662140001289,-1.4123500928869852,-0.7804854497392038,-0.7799982418962179,0.9351179195962922,0.9982553360142299,,,,,,,,,,,,,
11983.056,-0.780565449111999,-1.4126519950492398,-0.7808174799414127,-0.7803316792074937,0.9371916066212911,1.0003736937385994,,,,,,,,,,,,,
11983.439,-0.78182336858071,-1.4129538972114961,-0.7811494943416459,-0.7806650940068028,0.9357741244724415,0.9990008588595937,,,,,,,,,,,,,
11983.828,-0.781605906744401,-1.4132605289115396,-0.781486693836607,-0.7810037090454564,0.9365511953759611,0.9998232524850301,,,,,,,,,,,,,
11984.205,-0.782920675713728,-1.4135577015360052,-0.7818134757361657,-0.7813318563598505,0.9350424102903389,0.9983583689286039,,,,,,,,,,,,,
11984.601,-0.782841278004943,-1.4138698510301406,-0.782156710262381,-0.781676518341779,0.9356229553984916,0.9989850036637,,,,,,,,,,,,,
11984.997,-0.783477937140034,-1.4141820005242725,-0.7824999278956888,-0.7820211565695779,0.9351418065530852,0.9985499193982059,,,,,,,,,,,,,
11985.386,-0.783411694858441,-1.4144886322243178,-0.782837062103007,-0.7823596796564082,0.9356946649680682,0.9991480037333942,,,,,,,,,,,,,
11985.77,-0.783378817075633,-1.4147913226428717,-0.7831698469777395,-0.7826938292136021,0.936192210286485,0.9996901699566256,,,,,,,,,,,,,
11986.153,-0.784682541755417,-1.415093224805128,-0.7835017494025829,-0.7830270865596172,0.9347068129769142,0.998249253891483,,,,,,,,,,,,,
11986.536,-0.783905648856723,-1.4153951269673826,-0.7838336360254479,-0.7833603219757135,0.9363063370972802,0.9998932358267487,,,,,,,,,,,,,
11986.926,-0.784713636349021,-1.4157025469237254,-0.7841715722234293,-0.783699625395106,0.9355641480786092,0.9991962930921359,,,,,,,,,,,,,
11987.309,-0.784680658425852,-1.4160044490859818,-0.7845034269535294,-0.7840328167671099,0.9360606731309182,0.9997372286720754,,,,,,,,,,,,,
11987.705,-0.784885126092264,-1.4163165985801154,-0.784846529066674,-0.7843772946738465,0.936220332446205,0.9999427812860274,,,,,,,,,,,,,
11988.101,-0.786054929227535,-1.416628748074249,-0.7851896142869155,-0.7847217494437564,0.934948693619167,0.9987170107106166,,,,,,,,,,,,,
11988.491,-0.786021918675501,-1.4169361680305919,-0.7855274847353302,-0.7850609626640617,0.9354534482562327,0.9992669141451402,,,,,,,,,,,,,
11988.868,-0.786672495728993,-1.4172333406550575,-0.785854077260729,-0.785388847587088,0.9349294572509578,0.9987865438848175,,,,,,,,,,,,,
11989.252,-0.786217977132445,-1.4175360310736114,-0.7861867180985023,-0.785722799214461,0.9360521673259827,0.9999536613016817,,,,,,,,,,,,,
11989.642,-0.78681118582075,-1.4178434510299542,-0.7865245401905261,-0.7860619468596022,0.9356284297815224,0.9995750008568726,,,,,,,,,,,,,
11990.032,-0.787416432829319,-1.4181508709862989,-0.7868623458976742,-0.7864010724312143,0.9351868430789365,0.999178466960146,,,,,,,,,,,,,
11990.422,-0.788143542083952,-1.4184582909426435,-0.7872001352199476,-0.7867401760027283,0.934564571824671,0.9986012242179586,,,,,,,,,,,,,
11990.818,-0.788091849996225,-1.4187704404367754,-0.7875431045360965,-0.7870844741171915,0.9351040379450143,0.999186386739436,,,,,,,,,,,,,
11991.22,-0.789033453163824,-1.419087319468698,-0.7878912530782598,-0.7874339658252711,0.9341777625478034,0.9983064744939092,,,,,,,,,,,,,
11991.61,-0.788688330538804,-1.4193947394250426,-0.7882289924896799,-0.7877730028316836,0.9351452842173417,0.9993189506729189,,,,,,,,,,,,,
11992.0,-0.788740106704022,-1.4197021593813872,-0.7885667155162217,-0.7881120181332028,0.9355243260065852,0.9997429226778508,,,,,,,,,,,,,
11992.384,-0.789101723284335,-1.4200048497999394,-0.7888992267951904,-0.7884457966785875,0.9354369564769413,0.9996997683937731,,,,,,,,,,,,,
11992.774,-0.78950267171399,-1.420312269756284,-0.7892369173040548,-0.7887847691187665,0.9352982822704897,0.9996059761891877,,,,,,,,,,,,,
11993.158,-0.790512208891755,-1.4206149601748361,-0.7895693965656188,-0.7891185056022552,0.934250244064077,0.998602105756274,,,,,,,,,,,,,
11993.542,-0.790256831446031,-1.42091765059339,-0.7899018599425753,-0.7894522213214681,0.9350776885361798,0.9994736944498426,,,,,,,,,,,,,
11993.932,-0.790523476297866,-1.4212250705497347,-0.7902395018009631,-0.7897911301658073,0.9351381455826888,0.9995789613643651,,,,,,,,,,,,,
11994.328,-0.791037855380203,-1.4215372200438683,-0.7905823213845533,-0.7901352312232626,0.9348383007688846,0.9993245909438732,,,,,,,,,,,,,
11994.712,-0.791315217523875,-1.4218399104624222,-0.790914736363109,-0.7904688840979647,0.9348758548772296,0.9994062175135803,,,,,,,,,,,,,
11995.096,-0.791642870850725,-1.422142600880976,-0.7912471354570583,-0.7908025164845828,0.9348388424961208,0.9994132540418005,,,,,,,,,,,,,
11995.474,-0.79233695984951,-1.4224405617617393,-0.791574325300922,-0.7911309159206609,0.9342515052877228,0.9988692544756116,,,,,,,,,,,,,
11995.864,-0.792099818875403,-1.4227479817180821,-0.7919118859911514,-0.7914697200646836,0.9350589230956035,0.9997213618038361,,,,,,,,,,,,,
11996.254,-0.79267858539595,-1.4230554016744268,-0.7922494302965051,-0.7918085032847197,0.9346565988821068,0.9993637028168968,,,,,,,,,,,,,
11996.638,-0.793885206261974,-1.4233580920929807,-0.792581765603841,-0.7921420540801627,0.9333163456623801,0.9980674039303636,,,,,,,,,,,,,
11997.022,-0.792813768341245,-1.4236607825115346,-0.7929140850265757,-0.7924755847259974,0.9353537589790754,1.0001487480282156,,,,,,,,,,,,,
11997.419,-0.79407265854898,-1.4239737202619658,-0.7932576381460876,-0.7928203856607424,0.9339511999324601,0.9987915822412139,,,,,,,,,,,,,
11997.809,-0.794503835803562,-1.4242811402183086,-0.7935951171219964,-0.7931590861524824,0.93376770559626,0.9986526562678913,,,,,,,,,,,,,
11998.2,-0.794753722196385,-1.4245893484309526,-0.7939334449806701,-0.793498634453844,0.9338541790710878,0.9987837879961469,,,,,,,,,,,,,
11998.578,-0.794755460805514,-1.424887309311714,-0.7942605084302361,-0.7938268738316976,0.9342933863733989,0.9992661455364007,,,,,,,,,,,,,
11998.962,-0.795303543657521,-1.425189999730268,-0.7945927476026231,-0.7941603037006435,0.9339295442216574,0.9989461151789815,,,,,,,,,,,,,
11999.346,-0.796545343452976,-1.4254926901488219,-0.7949249708904089,-0.794493713822847,0.9325371313766315,0.9975974905762428,,,,,,,,,,,,,
11999.737,-0.795257179202586,-1.425800898361464,-0.7952632340102879,-0.7948331815119783,0.9349040649603495,1.0000089864254669,,,,,,,,,,,,,
12000.121,-0.79620401280573,-1.426103588780018,-0.7955954252393029,-0.7951665519815482,0.9339489970350149,0.9990976592090165,,,,,,,,,,,,,
12000.518,-0.797039615279312,-1.4264165265304491,-0.7959388458252041,-0.7955111878793918,0.933174044625788,0.998367903552395,,,,,,,,,,,,,
12000.902,-0.796771706248592,-1.426719216949003,-0.7962710047472452,-0.7958445186599092,0.9340200696172065,0.9992576213512958,,,,,,,,,,,,,
12001.28,-0.796904503041378,-1.427017177829768,-0.7965979581718887,-0.7961726221843037,0.9342649575964934,0.9995454964350436,,,,,,,,,,,,,
12001.665,-0.79765218742519,-1.4273206565046195,-0.7969309504672912,-0.7965067824253437,0.933606335980946,0.9989306345218113,,,,,,,,,,,,,
12002.049,-0.797953726836995,-1.4276233469231734,-0.7972630619423509,-0.7968400554068655,0.9336080425729802,0.9989759635718967,,,,,,,,,,,,,
12002.44,-0.797814941124673,-1.4279315551358156,-0.7976012112112594,-0.7971793839279399,0.9342707982626556,0.9996831127207314,,,,,,,,,,,,,
12002.824,-0.799179203914688,-1.4282342455543695,-0.7979332906275491,-0.7975126181839318,0.932696810139116,0.9981526995218417,,,,,,,,,,,,,
12003.209,-0.79900432165218,-1.428537724229221,-0.7982662188872798,-0.7978467010724859,0.9334060735434873,0.998905627683113,,,,,,,,,,,,,
12003.606,-0.799156731585603,-1.4288506619796522,-0.7986095074099984,-0.7981911769063701,0.9336440873466545,0.9991886424293819,,,,,,,,,,,,,
12004.003,-0.799335469457867,-1.429163599730085,-0.7989527789543871,-0.7985356324753553,0.9338430648446536,0.9994325956967849,,,,,,,,,,,,,
12004.394,-0.799645786669605,-1.4294718079427273,-0.7992908459203711,-0.7988748624277549,0.933839937842088,0.9994737401231918,,,,,,,,,,,,,
12004.778,-0.800040065465083,-1.4297744983612795,-0.7996228445071871,-0.7992080002094811,0.9337041402069844,0.9993813975672304,,,,,,,,,,,,,
12005.169,-0.800788254566421,-1.4300827065739217,-0.799960878829995,-0.7995471915351158,0.9330517827116227,0.9987732631009438,,,,,,,,,,,,,
12005.56,-0.800533642044437,-1.4303909147865639,-0.8002988966837892,-0.7998863634730932,0.9338862742411679,0.9996519532410383,,,,,,,,,,,,,
12005.945,-0.801164534673377,-1.4306943934614154,-0.8006317114709809,-0.8002203118480156,0.9334008191849976,0.9992099946965298,,,,,,,,,,,,,
12006.336,-0.801338055804061,-1.4310026016740576,-0.8009696966394797,-0.8005594455063425,0.9336005190576541,0.999453844717385,,,,,,,,,,,,,
12006.733,-0.801336574027144,-1.4313155394244905,-0.8013128514311267,-0.8009037636298463,0.9340667073413381,0.9999648356616834,,,,,,,,,,,,,
12007.131,-0.802434956428283,-1.4316292654312193,-0.801656853549984,-0.8012489292667815,0.9329033011722784,0.9988463197374001,,,,,,,,,,,,,
12007.522,-0.802205910565772,-1.4319374736438633,-0.8019947887638947,-0.8015880049270298,0.9336998851418229,0.9996869797876907,,,,,,,,,,,,,
12007.9,-0.802039724042074,-1.4322354345246247,-0.8023214726233867,-0.8019157889205206,0.9343880742110101,1.0004177562782663,,,,,,,,,,,,,
12008.291,-0.803062445020241,-1.4325436427372669,-0.8026593754468401,-0.8022548273003849,0.9333286696548181,0.9994023797776331,,,,,,,,,,,,,
12008.689,-0.802940537320469,-1.4328573687439974,-0.803003310767548,-0.8025999160544393,0.9339745816045657,1.0000930829308203,,,,,,,,,,,,,
12009.08,-0.803563618766094,-1.4331655769566396,-0.8033411803581432,-0.8029389164489197,0.933507720613776,0.9996702007213744,,,,,,,,,,,,,
12009.465,-0.8033538233831,-1.433469055631491,-0.8036738491572715,-0.803272696494507,0.9342687495298334,1.0004745096932235,,,,,,,,,,,,,
12009.862,-0.804275939920097,-1.4337819933819222,-0.8040168701323056,-0.8036168611273365,0.9333655231451384,0.9996158875598397,,,,,,,,,,,,,
12010.266,-0.804612718424143,-1.4341004489264435,-0.8043659219061032,-0.8039670744747546,0.9333383557833501,0.9996340850788952,,,,,,,,,,,,,
12010.651,-0.804548991835488,-1.434403927601295,-0.804698541517209,-0.8043007989847953,0.9338828092178955,1.0002217456383655,,,,,,,,,,,,,
12011.042,-0.805115254859859,-1.4347121358139372,-0.8050363284679154,-0.8046397060744981,0.9335001926202872,0.9998829852923014,,,,,,,,,,,,,
12011.421,-0.805130454982669,-1.4350108849509997,-0.8053637328370851,-0.8049681943622156,0.9339206093463371,1.0003458889920824,,,,,,,,,,,,,
12011.806,-0.806253248844476,-1.4353143636258512,-0.8056963045458572,-0.8053018653529523,0.9327058147563756,0.9991742305024642,,,,,,,,,,,,,
12012.198,-0.806365669589428,-1.4356233600947927,-0.8060349066074162,-0.8056415848865888,0.9329972766135732,0.9995095884282907,,,,,,,,,,,,,
12012.583,-0.805667849297247,-1.4359268387696442,-0.8063674460909835,-0.8059752201848772,0.9344818976574051,1.0010372977922932,,,,,,,,,,,,,
12012.98,-0.806678618605309,-1.4362397765200754,-0.8067103337198365,-0.8063192360819543,0.9334472262459493,1.0000470329203512,,,,,,,,,,,,,
12013.378,-0.807082593646949,-1.436553502526806,-0.8070540680029605,-0.8066640998073957,0.9333134144466531,0.9999577142469427,,,,,,,,,,,,,
12013.757,-0.807444905221706,-1.4368522516638667,-0.8073813769990084,-0.8069924828368061,0.9332191707335283,0.9999058160982329,,,,,,,,,,,,,
12014.136,-0.807486395705576,-1.437151000800931,-0.8077086705214214,-0.8073208489970684,0.933600606870801,1.0003295748572238,,,,,,,,,,,,,
12014.521,-0.807446766240713,-1.4374544794757824,-0.8080411296286067,-0.807654396353819,0.9341093316186552,1.0008812687515394,,,,,,,,,,,,,
12014.907,-0.807994564866986,-1.4377587464069315,-0.8083744362362326,-0.8079887927125305,0.9337482483744642,1.0005632424948012,,,,,,,,,,,,,
12015.292,-0.80763123071212,-1.438062225081783,-0.8087068633670542,-0.8083223055099937,0.934736928470909,1.0015948443264948,,,,,,,,,,,,,
12015.677,-0.808390294503989,-1.4383657037566362,-0.8090392745304342,-0.8086558011405752,0.9340614346631176,1.0009622485790874,,,,,,,,,,,,,
12016.069,-0.809148531246565,-1.438674700225576,-0.8093777131275859,-0.8089953427521775,0.9333953483233367,1.0003398159399768,,,,,,,,,,,,,
12016.467,-0.809400479766121,-1.4389884262323065,-0.8097213149720028,-0.8093400633503532,0.9334869454991196,1.0004757098753498,,,,,,,,,,,,,
12016.859,-0.808909885510009,-1.439297422701248,-0.8100597202090745,-0.8096795694130452,0.9346724947266248,1.0017048633406773,,,,,,,,,,,,,
12017.25,-0.809828222224772,-1.4396056309138885,-0.8103972456774082,-0.8100181919112568,0.9337678602033542,1.0008436973701729,,,,,,,,,,,,,
12017.636,-0.809921373597582,-1.4399098978450393,-0.8107304388088323,-0.8103524671374541,0.9340808802012895,1.0011996061048887,,,,,,,,,,,,,
12018.021,-0.810238881980965,-1.4402133765198908,-0.8110627527574312,-0.8106858595399212,0.9340600784215908,1.001221558245649,,,,,,,,,,,,,
12018.407,-0.810501476806683,-1.4405176434510416,-0.8113959138294398,-0.8110201010866979,0.9341218654469481,1.0013261864734266,,,,,,,,,,,,,
12018.792,-0.811164582716385,-1.440821122125893,-0.8117281958016775,-0.8113534600154106,0.9335886479181451,1.0008356754538683,,,,,,,,,,,,,
12019.184,-0.811278278981683,-1.4411301185948329,-0.8120665028587588,-0.8116928629329552,0.9338782185676091,1.001168704770113,,,,,,,,,,,,,
12019.582,-0.811426971559905,-1.4414438446015634,-0.8124099711497381,-0.8120374432222008,0.9341229128187434,1.001457497761734,,,,,,,,,,,,,
12019.968,-0.811663756104687,-1.4417481115327142,-0.8127430673128577,-0.8123716173051433,0.9342229686204466,1.001600298525736,,,,,,,,,,,,,
12020.347,-0.811281961911108,-1.4420468606697767,-0.8130701072554496,-0.8126997151495579,0.9352320068629449,1.0026512834082588,,,,,,,,,,,,,
12020.733,-0.812866165695681,-1.4423511276009275,-0.8134031716086403,-0.8130338565225896,0.9333342507981423,1.0007962251413098,,,,,,,,,,,,,
12021.125,-0.812603017173761,-1.4426601240698673,-0.8137413967012677,-0.8133731750013382,0.9341825673564533,1.001687878838057,,,,,,,,,,,,,
12021.517,-0.813731117773785,-1.442969120538807,-0.8140796052405408,-0.8137124766097874,0.932968085697992,1.0005167097744452,,,,,,,,,,,,,
12021.896,-0.813319888362542,-1.4432678696758696,-0.81440658194128,-0.8140405098860435,0.9340207673926586,1.0016112443407157,,,,,,,,,,,,,
12022.295,-0.813411265371815,-1.4435823839388977,-0.8147507966291752,-0.8143858367075267,0.9343516118991394,1.0019861255229263,,,,,,,,,,,,,
12022.7,-0.814042176654514,-1.4439016277397165,-0.8151001699391891,-0.8147363387321457,0.9338895040597109,1.001568690560469,,,,,,,,,,,,,
12023.098,-0.814017164456893,-1.4442153537464453,-0.8154434874841332,-0.8150807654073469,0.9343917495259355,1.002114811256692,,,,,,,,,,,,,
12023.49,-0.814738038844421,-1.4445243502153868,-0.8157816127076591,-0.8154199830291534,0.9337810601658583,1.0015473109595647,,,,,,,,,,,,,
12023.876,-0.815010606255957,-1.4448286171465377,-0.8161145463698629,-0.8157539924171533,0.93382806088737,1.001636815703975,,,,,,,,,,,,,
12024.268,-0.815384049143154,-1.4451376136154774,-0.8164526387400368,-0.8160931773423215,0.9337325065006239,1.0015844016686606,,,,,,,,,,,,,
12024.661,-0.815348802929307,-1.4454473983407148,-0.816791576973996,-0.8164332110877516,0.9342440821736278,1.0021392031074294,,,,,,,,,,,,,
12025.047,-0.815410547616799,-1.4457516652718656,-0.8171244619441413,-0.8167671722798682,0.934603668709106,1.002541221470298,,,,,,,,,,,,,
12025.439,-0.815914864399077,-1.4460606617408072,-0.817462504865385,-0.8171063084375939,0.9343140682430968,1.0022946880380077,,,,,,,,,,,,,
12025.844,-0.816258448942503,-1.4463799055416242,-0.817811741007807,-0.8174566744371349,0.9342779783439863,1.0023030676380718,,,,,,,,,,,,,
12026.236,-0.816113778446072,-1.4466889020105658,-0.818149750273375,-0.8177957777075611,0.9349506281177891,1.0030187345444666,,,,,,,,,,,,,
12026.622,-0.81680578454902,-1.4469931689417148,-0.8184825697524873,-0.8181296749035601,0.9343757291586134,1.0024861703094208,,,,,,,,,,,,,
12027.015,-0.816739015580123,-1.447302953666954,-0.818821408328267,-0.8184696112649158,0.9349340434651826,1.0030875626190001,,,,,,,,,,,,,
12027.401,-0.817656513293997,-1.447607220598103,-0.819154195415309,-0.818803477156607,0.9340248092057514,1.002220615056113,,,,,,,,,,,,,
12027.793,-0.818508226786519,-1.4479162170670445,-0.8194921389319552,-0.8191425168857542,0.9332201253494989,1.00145885084681,,,,,,,,,,,,,
12028.179,-0.818150490044863,-1.4482204839981954,-0.8198248936685131,-0.8194763517419885,0.9342016749326927,1.00248263916062,,,,,,,,,,,,,
12028.566,-0.81877066080474,-1.4485255391856438,-0.8201584943510438,-0.8198110360822801,0.9337344546264007,1.0020577431211395,,,,,,,,,,,,,
12028.964,-0.818972570943422,-1.4488392651923725,-0.820501560395356,-0.8201552174178948,0.9339002434629043,1.0022670342887494,,,,,,,,,,,,,
12029.363,-0.819126862436635,-1.4491537794554006,-0.8208454712863169,-0.8205002473099383,0.9341378049741016,1.0025481820372824,,,,,,,,,,,,,
12029.756,-0.819460826836438,-1.4494635641806397,-0.8211841938200042,-0.8208400729655768,0.9341019538897878,1.0025552369008777,,,,,,,,,,,,,
12030.142,-0.81995887765875,-1.4497678311117905,-0.8215168669318684,-0.8211738305236166,0.933814631469366,1.0023100321864953,,,,,,,,,,,,,
12030.529,-0.820550732604647,-1.450072886299239,-0.8218503857782471,-0.8215084376492586,0.9333893948809168,1.0019269985267463,,,,,,,,,,,,,
12030.915,-0.82091627686495,-1.4503771532303897,-0.8221830267475285,-0.8218421651620252,0.9332985392869688,1.001878212981173,,,,,,,,,,,,,
12031.301,-0.820586460632822,-1.4506814201615388,-0.8225156516663077,-0.8221758777543233,0.9342386912682801,1.00286041121285,,,,,,,,,,,,,
12031.688,-0.821920244940839,-1.450986475348989,-0.8228491221947554,-0.822510439963718,0.9327133996709838,1.0013772509034646,,,,,,,,,,,,,
12032.087,-0.821685328142828,-1.451300989612017,-0.8231929160026894,-0.8228553606086947,0.9335280383974881,1.0022353022688075,,,,,,,,,,,,,
12032.473,-0.822391955858652,-1.4516052565431679,-0.8235254921878283,-0.8231890282345413,0.9329314600449619,1.0016806979094903,,,,,,,,,,,,,
12032.86,-0.822287781390466,-1.4519103117306162,-0.8238589138563759,-0.8235235455276592,0.9335382228386113,1.0023295195466961,,,,,,,,,,,,,
12033.24,-0.822947215171426,-1.4522098491239763,-0.8241862889433582,-0.8238519977961392,0.9330046062383531,1.0018371777593655,,,,,,,,,,,,,
12033.626,-0.822258613756697,-1.4525141160551271,-0.8245188171849076,-0.8241856216752679,0.9344767272417496,1.003351201670215,,,,,,,,,,,,,
12034.019,-0.822823946860367,-1.4528239007803663,-0.8248573592416113,-0.824525280793557,0.93409782692044,1.0030149397043706,,,,,,,,,,,,,
12034.4,-0.82359485040919,-1.453124226430024,-0.8251855482526391,-0.8248545543087787,0.9334001033884427,1.0023585290427228,,,,,,,,,,,,,
12034.786,-0.824245334116708,-1.4534284933611747,-0.825518028259526,-0.8251881346633615,0.9328867694803437,1.0018870265247517,,,,,,,,,,,,,
12035.186,-0.82313780791584,-1.4537437958805004,-0.8258625501924914,-0.8255337986211686,0.9349963906118107,1.004039971138654,,,,,,,,,,,,,
12035.585,-0.824927815788883,-1.4540583101435285,-0.8262061936493117,-0.8258785830994281,0.9328086835077481,1.0018954537484839,,,,,,,,,,,,,
12035.978,-0.824447108655459,-1.4543680948687676,-0.8265446527704254,-0.8262181679491734,0.9339807418908972,1.0031100275188596,,,,,,,,,,,,,
12036.365,-0.825140898682873,-1.454673150056216,-0.8268779283178702,-0.8265525539027454,0.9334043666594377,1.0025754944778362,,,,,,,,,,,,,
12036.751,-0.825727821666515,-1.4549774169873668,-0.8272103266169024,-0.8268860616350475,0.9329852739233905,1.0021981119840357,,,,,,,,,,,,,
12037.138,-0.825653322156226,-1.455282472174817,-0.8275435699385003,-0.8272204192188846,0.9335480378032124,1.0028026702731634,,,,,,,,,,,,,
12037.525,-0.825811495461915,-1.4555875273622636,-0.8278767971263212,-0.8275547626796813,0.9337658188454332,1.0030622218032155,,,,,,,,,,,,,
12037.912,-0.826554722619634,-1.4558925825497138,-0.828210008180374,-0.8278890920707747,0.9331161434245083,1.0024542929486473,,,,,,,,,,,,,
12038.305,-0.827092234049339,-1.4562023672749511,-0.8285483687863682,-0.8282285905194173,0.9327784941620737,1.0021590130054996,,,,,,,,,,,,,
12038.704,-0.827845726915439,-1.4565168815379792,-0.8288918781822581,-0.8285732574204582,0.9321276227506671,1.0015511325364312,,,,,,,,,,,,,
12039.091,-0.828043142293954,-1.4568219367254294,-0.8292250400845917,-0.8289075442755015,0.9322872197649061,1.0017524032399912,,,,,,,,,,,,,
12039.478,-0.82859391049614,-1.457126991912876,-0.8295581858531538,-0.8292418172754021,0.9319229022888715,1.0014297355318027,,,,,,,,,,,,,
12039.865,-0.828380131177236,-1.4574320471003261,-0.8298913154879459,-0.8295760764728793,0.9326921756545301,1.0022406347438346,,,,,,,,,,,,,
12040.259,-0.829084952308769,-1.4577426200818628,-0.8302304541492198,-0.8299163675775406,0.9321076258654586,1.0016984391490074,,,,,,,,,,,,,
12040.652,-0.829443274186567,-1.458052404807102,-0.8305687153933841,-0.8302557808567836,0.9320356600685595,1.001668695348038,,,,,,,,,,,,,
12041.039,-0.829758786093001,-1.4583574599945504,-0.830901796084901,-0.8305899985046218,0.9320201559428524,1.001694744500726,,,,,,,,,,,,,
12041.439,-0.830544396732009,-1.4586727625138778,-0.8312460485776834,-0.8309354288189804,0.9313228324115678,1.0010403449540837,,,,,,,,,,,,,
12041.845,-0.830895316911227,-1.4589927945709924,-0.8315954472322113,-0.8312860257994206,0.9312770347451474,1.0010380889986092,,,,,,,,,,,,,
12042.245,-0.830940045690602,-1.4593080970903216,-0.8319396649946578,-0.8316314270317356,0.9316782130959399,1.0014821398395268,,,,,,,,,,,,,
12042.632,-0.831189260262145,-1.4596131522777682,-0.8322726792750732,-0.8319655890688348,0.9317610077019473,1.0016063892564766,,,,,,,,,,,,,
12043.025,-0.831587343107577,-1.4599229370030073,-0.8326108400566756,-0.832304918222994,0.9316300885142869,1.0015175431093466,,,,,,,,,,,,,
12043.419,-0.831741371968892,-1.460233509984544,-0.8329498445968007,-0.8326450970164285,0.9318621957098611,1.0017918056383226,,,,,,,,,,,,,
12043.812,-0.83222476753177,-1.4605432947097832,-0.8332879720602264,-0.8329843987072786,0.9316047837764804,1.0015764173447543,,,,,,,,,,,,,
12044.2,-0.832921912751313,-1.460849138153531,-0.8336217813257791,-0.8333193702082101,0.9310246025619164,1.0010377009179094,,,,,,,,,,,,,
12044.6,-0.832930476069129,-1.4611644406728566,-0.8339658976118702,-0.8336646877955985,0.9314794032643272,1.0015352236518948,,,,,,,,,,,,,
12045.0,-0.833227888931078,-1.461479743192184,-0.8343099966620642,-0.8340099913710034,0.9315059281711585,1.0016044450347112,,,,,,,,,,,,,
12045.387,-0.833633076079147,-1.4617847983796324,-0.8346428960883738,-0.8343440592969508,0.9313574630066151,1.0014972643874267,,,,,,,,,,,,,
12045.768,-0.834421813896595,-1.46208512402929,-0.834970618522763,-0.8346729351636355,0.9306332966924183,1.0008137191524238,,,,,,,,,,,,,
12046.155,-0.835173617744578,-1.4623901792167402,-0.8353034859316733,-0.8350069773162074,0.9299709046551067,1.0001925641603058,,,,,,,,,,,,,
12046.543,-0.834728278974584,-1.4626960226604862,-0.8356371972667205,-0.8353418696650594,0.9310846788214535,1.0013476579132456,,,,,,,,,,,,,
12046.937,-0.835142110963523,-1.4630065956420228,-0.835976052490965,-0.8356819275328785,0.9309315772000577,1.001236490235243,,,,,,,,,,,,,
12047.318,-0.835753172119158,-1.4633069212916823,-0.8363037113087337,-0.836010752589343,0.9304708511967099,1.0008162909869938,,,,,,,,,,,,,
12047.718,-0.836076152876926,-1.4636222238110097,-0.8366476932409936,-0.8363559624385832,0.9304594667104138,1.000847429326433,,,,,,,,,,,,,
12048.118,-0.835953684565662,-1.4639375263303354,-0.8369916579373591,-0.8367011587114981,0.9311085473635132,1.0015390072496761,,,,,,,,,,,,,
12048.518,-0.83676215505082,-1.4642528288496628,-0.8373356053978238,-0.8370463414634038,0.9303773296509996,1.0008502612517114,,,,,,,,,,,,,
12048.906,-0.83768644429181,-1.4645586722934105,-0.8376692179664351,-0.8373811558663043,0.929460363115244,0.9999744678619791,,,,,,,,,,,,,
12049.294,-0.837810924401166,-1.4648645157371565,-0.8380028143177887,-0.8377159576494589,0.9297292696373519,1.0002845234848574,,,,,,,,,,,,,
12049.681,-0.837881617602647,-1.4651695709246049,-0.8383355347301169,-0.8380498840203209,0.9300767569989664,1.0006730299404758,,,,,,,,,,,,,
12050.062,-0.838573052877446,-1.4654698965742643,-0.838663080925933,-0.8383786210707902,0.9294968606852329,1.0001334933977697,,,,,,,,,,,,,
12050.45,-0.838455422334744,-1.465775740018012,-0.8389966289598965,-0.8387133855516729,0.9301247434779834,1.0008024536512954,,,,,,,,,,,,,
12050.844,-0.838979613375838,-1.466086312999547,-0.8393353183577723,-0.8390533140926297,0.9298080130338245,1.0005274112804945,,,,,,,,,,,,,
12051.238,-0.838797057988476,-1.4663968859810836,-0.8396739910329503,-0.8393932298775802,0.9305391720361625,1.001300233561519,,,,,,,,,,,,,
12051.626,-0.839570052941456,-1.4667027294248314,-0.8400074899135737,-0.8397279568643818,0.9298465287956332,1.0006485949023254,,,,,,,,,,,,,
12052.007,-0.840010205646605,-1.467003055074489,-0.84033495628079,-0.8400566330213617,0.9296392079095499,1.0004815154257463,,,,,,,,,,,,,
12052.395,-0.840591325615705,-1.4673088985182368,-0.8406684230194772,-0.840391335736231,0.9292310567620239,1.0001143212028525,,,,,,,,,,,,,
12052.789,-0.839999726824278,-1.4676194714997752,-0.8410070298649437,-0.8407312018097465,0.9305687024037298,1.0014935325178103,,,,,,,,,,,,,
12053.177,-0.84120189978363,-1.4679253149435212,-0.8413404639183355,-0.8410658800406964,0.929239719048219,1.0002054576245811,,,,,,,,,,,,,
12053.565,-0.840879484646118,-1.468231158387269,-0.8416738817544704,-0.841400546197571,0.9301712349504779,1.0011778579438686,,,,,,,,,,,,,
12053.953,-0.842041530889361,-1.4685370018310149,-0.8420072833733476,-0.8417352003292691,0.9289017472791901,0.9999492306443514,,,,,,,,,,,,,
12054.354,-0.842161827140505,-1.4688530926066399,-0.8423518386236202,-0.8420810545149614,0.9291920508557262,1.0002817383585194,,,,,,,,,,,,,
12054.754,-0.842568530421382,-1.4691683951259673,-0.8426955173764252,-0.842426033530325,0.9290565313970166,1.00018829220268,,,,,,,,,,,,,
12055.149,-0.842404952073633,-1.4694797563638016,-0.8430348832307448,-0.8427666879214915,0.9297607219799705,1.0009340050937943,,,,,,,,,,,,,
12055.53,-0.843018283704643,-1.469780082013461,-0.8433622050035288,-0.8430952568722614,0.9292966295539735,1.0005099396877644,,,,,,,,,,,,,
12055.925,-0.842426425098684,-1.4700914432512953,-0.843701537838176,-0.8434358872316756,0.9306358291651307,1.0018906126489575,,,,,,,,,,,,,
12056.313,-0.844401676792351,-1.470397286695043,-0.8440348408160085,-0.8437704692675143,0.9281606057801293,0.999456103381072,,,,,,,,,,,,,
12056.701,-0.843844433717774,-1.470703130138789,-0.8443681275765798,-0.8441050396213906,0.9294402999073962,1.0007764875801985,,,,,,,,,,,,,
12057.089,-0.84460459876434,-1.4710089735825367,-0.8447013981198941,-0.844439598341328,0.9287666795058787,1.000143533205284,,,,,,,,,,,,,
12057.496,-0.84468542644105,-1.4713297938959506,-0.8450509711845804,-0.8447905276412493,0.9291225154055912,1.0005420006688932,,,,,,,,,,,,,
12057.897,-0.844992823439952,-1.4716458846715774,-0.8453953733862143,-0.8451362711219561,0.9291354056254967,1.0005968681018769,,,,,,,,,,,,,
12058.279,-0.8460437990386,-1.4719469985775344,-0.8457234411685377,-0.8454656213302285,0.9280235893892013,0.9995250162464295,,,,,,,,,,,,,
12058.667,-0.845745604711917,-1.4722528420212804,-0.846056645756101,-0.8458001332273735,0.9289191932146061,1.0004611883061316,,,,,,,,,,,,,
12059.062,-0.845977976442872,-1.4725642032591164,-0.8463958451078719,-0.846140668430853,0.9290363105671836,1.0006195810942584,,,,,,,,,,,,,
12059.457,-0.845850604549603,-1.4728755644969507,-0.8467350276519463,-0.846481191877283,0.929686818018512,1.0013113390604451,,,,,,,,,,,,,
12059.851,-0.846790551179875,-1.4731861374784891,-0.8470733347621184,-0.8468208415762364,0.928753648811205,1.0004192911101706,,,,,,,,,,,,,
12060.24,-0.846987232961798,-1.4734927691785327,-0.8474073322291256,-0.8471561696208696,0.9289166710129487,1.0006228884008919,,,,,,,,,,,,,
12060.641,-0.847567026588515,-1.4738088599541577,-0.8477516158968967,-0.8475018301908802,0.9285256800952112,1.0002736989465935,,,,,,,,,,,,,
12061.048,-0.847130772907237,-1.4741296802675734,-0.8481010332283407,-0.8478526505588878,0.9296481899761424,1.0014386094864232,,,,,,,,,,,,,
12061.449,-0.848041995810865,-1.4744457710431984,-0.8484452819925581,-0.8481982871791666,0.928765790502874,1.0005979597252388,,,,,,,,,,,,,
12061.838,-0.848648997812796,-1.4747524027432437,-0.8487792124957325,-0.8485335692750785,0.9283204329365486,1.0001930779609034,,,,,,,,,,,,,
12062.233,-0.848536234359213,-1.4750637639810797,-0.8491182769178858,-0.8488740114951385,0.9289492805263505,1.0008630009266999,,,,,,,,,,,,,
12062.628,-0.849191795222989,-1.475375125218914,-0.8494573245323442,-0.8492144423553196,0.9284389374372463,1.000393708292894,,,,,,,,,,,,,
12063.016,-0.849734847197452,-1.4756809686626617,-0.8497903473445154,-0.84954882925125,0.9280872295177626,1.000082299090126,,,,,,,,,,,,,
12063.405,-0.850189491223558,-1.475987600362707,-0.8501242121829025,-0.8498840670598113,0.9278677723713444,0.9999032203848033,,,,,,,,,,,,,
12063.806,-0.849884359061526,-1.476303691138332,-0.8504683591306756,-0.8502296350098452,0.9287888565595065,1.0008659033222567,,,,,,,,,,,,,
12064.201,-0.850796688606327,-1.4766150523761663,-0.850807339812218,-0.8505700211165383,0.9278978038124505,1.0000158017893486,,,,,,,,,,,,,
12064.59,-0.851135613618379,-1.4769216840762116,-0.851141154993436,-0.8509052259361466,0.9278499226778856,1.0000082254694178,,,,,,,,,,,,,
12064.972,-0.851499659205256,-1.4772227979821686,-0.851468947354074,-0.8512343883446163,0.9277566141847243,0.9999544729905606,,,,,,,,,,,,,
12065.367,-0.851590594212651,-1.4775341592200046,-0.8518078784210017,-0.8515747417744852,0.9280834390702979,1.000322175526915,,,,,,,,,,,,,
12065.756,-0.852145818904793,-1.47784079092005,-0.8521416447412529,-0.8519099145530167,0.9277148514660286,0.9999938202913267,,,,,,,,,,,,,
12066.144,-0.851680585691354,-1.478146634363796,-0.8524745368122382,-0.8522442151481052,0.9288581230256279,1.0011771967182534,,,,,,,,,,,,,
12066.533,-0.852709088890846,-1.4784532660638412,-0.8528082705724751,-0.8525793668044365,0.9277878077109151,1.0001470654956335,,,,,,,,,,,,,
12066.935,-0.852224020543072,-1.4787701450957655,-0.8531531402617647,-0.8529257078636502,0.9289768511386481,1.0013776105341314,,,,,,,,,,,,,
12067.33,-0.853676550771598,-1.4790815063335998,-0.8534919878008314,-0.8532660072285071,0.9272848455000422,0.9997263586999119,,,,,,,,,,,,,
12067.725,-0.853172889952332,-1.4793928675714358,-0.8538308185322085,-0.8536062958569844,0.9284932746875273,1.0009755167710903,,,,,,,,,,,,,
12068.114,-0.853834016647013,-1.4796994992714811,-0.8541644860409852,-0.8539414050975322,0.9279676667059982,1.0004899946509096,,,,,,,,,,,,,
12068.497,-0.855106289307715,-1.4800014014337357,-0.8544929910814609,-0.8542713354741382,0.926528903150116,0.999090675052406,,,,,,,,,,,,,
12068.892,-0.854813762017774,-1.4803127626715717,-0.8548317721556744,-0.854611592660197,0.9274242856941762,1.000026712853698,,,,,,,,,,,,,
12069.274,-0.854717388974044,-1.4806138765775287,-0.8551593874859602,-0.8549406414741536,0.9280136376355876,1.0006553583272886,,,,,,,,,,,,,
12069.663,-0.85510768503883,-1.480920508277574,-0.8554929900842412,-0.8552757098837083,0.9278895888943003,1.0005712992048301,,,,,,,,,,,,,
12070.059,-0.855805017519939,-1.4812326577717059,-0.855832579070511,-0.8556167973851061,0.9273184799777625,1.0000408746889957,,,,,,,,,,,,,
12070.461,-0.855432406873924,-1.4815495368036302,-0.8561772960656775,-0.8559630421775293,0.92834078292531,1.0011044528483977,,,,,,,,,,,,,
12070.85,-0.856189086186443,-1.4818561685036755,-0.8565108489229862,-0.856298079770634,0.9276734995482134,1.0004770853394072,,,,,,,,,,,,,
12071.232,-0.85658862306683,-1.4821572824096325,-0.856838383680186,-0.8566270786136715,0.9275275682890727,1.0003703281470782,,,,,,,,,,,,,
12071.621,-0.856718239320906,-1.4824639141096778,-0.8571719042289088,-0.856962096239839,0.9277900282184465,1.000672656040758,,,,,,,,,,,,,
12072.011,-0.857120556584942,-1.4827713340660225,-0.8575062657930657,-0.8572979649565277,0.927649324448004,1.0005718984603227,,,,,,,,,,,,,
12072.406,-0.85765945360252,-1.4830826953038585,-0.857844897342626,-0.8576381293193639,0.9273119582687191,1.0002749658387184,,,,,,,,,,,,,
12072.789,-0.858257012398219,-1.483384597466113,-0.858173225301905,-0.8579679496004543,0.9268735896353618,0.9998757786052263,,,,,,,,,,,,,
12073.185,-0.858233032231684,-1.483696746960245,-0.8585126809366121,-0.8583089544829615,0.9273719674267232,1.0004146430775056,,,,,,,,,,,,,
12073.587,-0.858503423199799,-1.4840136259921692,-0.858857262559737,-0.8586551153332397,0.9274408950498315,1.0005246451969336,,,,,,,,,,,,,
12073.989,-0.859141855223896,-1.4843305050240918,-0.8592018267741759,-0.859001265312053,0.9269641300130074,1.000088928844641,,,,,,,,,,,,,
12074.378,-0.859487181594488,-1.4846371367241389,-0.8595352317914253,-0.8593362110196708,0.9269067576156849,1.000071253113607,,,,,,,,,,,,,
12074.767,-0.859598462506272,-1.4849437684241824,-0.8598686205077097,-0.8596711465151363,0.9271964032667123,1.000400571261563,,,,,,,,,,,,,
12075.163,-0.860341826641509,-1.4852559179183178,-0.8602079917632173,-0.8600120986216097,0.9265570434434567,0.9998015730105498,,,,,,,,,,,,,
12075.552,-0.860570683258252,-1.4855625496183613,-0.8605413475842525,-0.8603470134606459,0.9266723601761764,0.9999565134665533,,,,,,,,,,,,,
12075.948,-0.860696099474695,-1.4858746991124967,-0.8608806853525595,-0.8606879445061607,0.9269492286867546,1.000273693898051,,,,,,,,,,,,,
12076.344,-0.861264696415765,-1.4861868486066285,-0.861220006227958,-0.8610288649024597,0.9265689953210001,0.9999337474061816,,,,,,,,,,,,,
12076.746,-0.861039389632697,-1.486503727638551,-0.861564451049972,-0.8613749398497836,0.9273728915568943,1.0007785153039759,,,,,,,,,,,,,
12077.142,-0.86236499767547,-1.4868158771326865,-0.8619037378836145,-0.8617158387359275,0.9258702415613411,0.9993161017087375,,,,,,,,,,,,,
12077.532,-0.861915640453645,-1.4871232970890294,-0.8622378674967379,-0.862051562030323,0.9269923113538722,1.0004777737784916,,,,,,,,,,,,,
12077.921,-0.862483645196486,-1.4874299287890747,-0.8625711240453562,-0.862386414142618,0.9266047748314139,1.0001297137885294,,,,,,,,,,,,,
12078.317,-0.863098031568935,-1.4877420782832083,-0.8629103607548458,-0.862727281234604,0.926156649701415,0.9997217507399866,,,,,,,,,,,,,
12078.713,-0.863398689810621,-1.4880542277773419,-0.8632495805714333,-0.8630681375787316,0.9261736877247883,0.9997789257977777,,,,,,,,,,,,,
12079.103,-0.863507098146108,-1.4883616477336847,-0.8635836441829143,-0.8634038189120811,0.9264687612742648,1.0001135037641298,,,,,,,,,,,,,
12079.505,-0.864112373420502,-1.488678526765609,-0.8639279695258963,-0.8637498179580857,0.9260411575868255,0.9997265945875502,,,,,,,,,,,,,
12079.907,-0.86444496081097,-1.4889954057975316,-0.8642722774601834,-0.8640958058776824,0.9260178668810238,0.9997439725808165,,,,,,,,,,,,,
12080.316,-0.864443514438837,-1.4893178026235443,-0.8646225629402355,-0.864447807026329,0.9264980275949549,1.000265483665356,,,,,,,,,,,,,
12080.712,-0.864902937743831,-1.489629952117678,-0.8649616974817818,-0.8647886088669049,0.926279665441385,1.0000871321092755,,,,,,,,,,,,,
12081.096,-0.865487373659426,-1.48993264253623,-0.8652905390862378,-0.865119073021112,0.9258619227814137,0.9997081636844122,,,,,,,,,,,,,
12081.486,-0.86577656604457,-1.4902400624925747,-0.8656245025819294,-0.8654546902236927,0.9258889487114039,0.9997745455900222,,,,,,,,,,,,,
12081.875,-0.866557157923349,-1.49054669419262,-0.8659575934390498,-0.8657894363595728,0.9251862102901592,0.9991110380312135,,,,,,,,,,,,,
12082.265,-0.866787873170617,-1.4908541141489629,-0.8662915242069973,-0.8661250324733214,0.9252999399842895,0.9992640751756855,,,,,,,,,,,,,
12082.655,-0.86703317182413,-1.4911615341053075,-0.8666254385900709,-0.8664606180062447,0.9253920469338527,0.9993954652818074,,,,,,,,,,,,,
12083.058,-0.867771331031958,-1.4914792013935294,-0.8669704662393576,-0.8668073785916927,0.9247685856369149,0.9988125710580068,,,,,,,,,,,,,
12083.454,-0.867790137756208,-1.491791350887663,-0.867309483810339,-0.8671481050030727,0.9252035235161739,0.9992873461030062,,,,,,,,,,,,,
12083.838,-0.867586493647551,-1.4920940413062151,-0.8676382119887922,-0.867478495908247,0.9259542632243561,1.0000766918700554,,,,,,,,,,,,,
12084.228,-0.868038623986982,-1.4924014612625598,-0.8679720602861982,-0.8678140386111519,0.9257397018525138,0.9999013156698398,,,,,,,,,,,,,
12084.624,-0.8692076109748,-1.4927136107566934,-0.8683110279463264,-0.868154732605213,0.924469273123282,0.9986706501037417,,,,,,,,,,,,,
12085.014,-0.869377152958317,-1.4930210307130363,-0.8686448432219027,-0.8684902538147908,0.9246737041141028,0.9989142173048687,,,,,,,,,,,,,
12085.398,-0.869452254168656,-1.4933237211315902,-0.8689735068691533,-0.8688206027178121,0.9250111495115211,0.9992901730810165,,,,,,,,,,,,,
12085.788,-0.869841149763864,-1.4936311410879348,-0.8693072896270557,-0.8691561027027452,0.9248903459833056,0.9992084575492868,,,,,,,,,,,,,
12086.191,-0.869945395960027,-1.4939488083761567,-0.8696521812636604,-0.8695027747616885,0.9252067843847225,0.9995652613584347,,,,,,,,,,,,,
12086.587,-0.870039282351474,-1.4942609578702886,-0.8699910651844682,-0.869843414058913,0.9255304020114322,0.9999285179883514,,,,,,,,,,,,,
12086.984,-0.870683795810617,-1.4945738956207215,-0.8703307879158055,-0.8701849024338675,0.9250387763421946,0.9994766062788221,,,,,,,,,,,,,
12087.374,-0.870891926557094,-1.4948813155770644,-0.8706645040418763,-0.8705203587443968,0.9251859919643469,0.9996628111027367,,,,,,,,,,,,,
12087.764,-0.871419306938211,-1.4951887355334073,-0.8709982037830688,-0.87085580427785,0.9248598577265401,0.9993756417729074,,,,,,,,,,,,,
12088.154,-0.871085112296434,-1.495496155489752,-0.8713318871393874,-0.8711912390195138,0.9258111765291791,1.0003659011897374,,,,,,,,,,,,,
12088.545,-0.872256725488756,-1.4958043637023941,-0.8716664096461075,-0.871527523002177,0.9245310102208281,0.9991247509560027,,,,,,,,,,,,,
12088.935,-0.872091278879089,-1.496111783658737,-0.8720000601906586,-0.8718629360884952,0.9252321271478766,0.9998647598473865,,,,,,,,,,,,,
12089.332,-0.873018076179544,-1.49642472140917,-0.872339682506083,-0.8722043582803799,0.9243219606182729,0.9989941583912474,,,,,,,,,,,,,
12089.728,-0.87272528761183,-1.4967368709033018,-0.8726784324354409,-0.8725449092656191,0.9252188993013245,0.9999305374089736,,,,,,,,,,,,,
12090.112,-0.873588688606837,-1.4970395613218557,-0.8730069010826291,-0.8728751298260081,0.9243875364929033,0.999137395853531,,,,,,,,,,,,,
12090.496,-0.874082990905981,-1.4973422517404096,-0.8733353538452127,-0.8732053398389783,0.9241034345018514,0.998891491563428,,,,,,,,,,,,,
12090.893,-0.874503960543968,-1.4976551894908425,-0.8736749094020135,-0.8735467177330177,0.9239432561545762,0.9987707793069021,,,,,,,,,,,,,
12091.284,-0.874308098870233,-1.497963397703483,-0.8740093165414304,-0.87388292521484,0.9246906380909551,0.9995570062633011,,,,,,,,,,,,,
12091.681,-0.874853223196053,-1.498276335453916,-0.8743488383981726,-0.8742242806576551,0.9243463761998872,0.9992521604960488,,,,,,,,,,,,,
12092.065,-0.875472141904763,-1.4985790258724698,-0.874677226257254,-0.8745544474315148,0.9238775060725045,0.9988213918374763,,,,,,,,,,,,,
12092.468,-0.875656429919476,-1.4988966931606917,-0.8750218453909611,-0.8749009391637218,0.9240752668640183,0.9990591139978583,,,,,,,,,,,,,
12092.871,-0.876369290334278,-1.4992143604489119,-0.8753664470292621,-0.8752474191862727,0.9234893159628205,0.9985130985251677,,,,,,,,,,,,,
12093.275,-0.876595764303704,-1.4995328159934331,-0.8757118861979007,-0.8755947471916871,0.923625696590912,0.998689487640124,,,,,,,,,,,,,
12093.665,-0.8768137699382,-1.4998402359497778,-0.8760453380233155,-0.8759300278851152,0.9237582707652665,0.9988606591388036,,,,,,,,,,,,,
12094.056,-0.877055011682834,-1.5001484441624182,-0.8763796284054566,-0.8762661572202699,0.9238575616173565,0.9989986218954168,,,,,,,,,,,,,
12094.453,-0.87770803196489,-1.5004613819128494,-0.8767190317132565,-0.8766074332131688,0.9233533229237062,0.9985336235535823,,,,,,,,,,,,,
12094.85,-0.877353221397082,-1.5007743196632823,-0.8770584180427266,-0.8769486977677874,0.9243433900643743,0.9995629058723685,,,,,,,,,,,,,
12095.241,-0.878509183869319,-1.5010825278759246,-0.8773926585124041,-0.8772847934770043,0.9230864290015637,0.9983445427090762,,,,,,,,,,,,,
12095.644,-0.87880380519533,-1.5014001951641465,-0.8777371397666762,-0.8776311925029087,0.923120599136159,0.9984184697793032,,,,,,,,,,,,,
12096.048,-0.879104380594874,-1.501718650708666,-0.8780824582525675,-0.8779784392033025,0.9231471099389975,0.998484810133223,,,,,,,,,,,,,
12096.439,-0.879559408294242,-1.5020268589213082,-0.8784166482622089,-0.8783145007857754,0.9229294214095829,0.9983056446864575,,,,,,,,,,,,,
12096.83,-0.880219624332087,-1.5023350671339504,-0.8787508218028437,-0.8786505512015161,0.9224075011419145,0.9978222230829107,,,,,,,,,,,,,
12097.22,-0.880388902379028,-1.5026424870902932,-0.879084124273807,-0.878985731015429,0.9226123234701957,0.998065421288324,,,,,,,,,,,,,
12097.624,-0.880912163232723,-1.5029609426348127,-0.8794293741711607,-0.8793329311807249,0.9223086596475997,0.9978014853208882,,,,,,,,,,,,,
12098.015,-0.880953659903284,-1.503269150847455,-0.8797634977993258,-0.8796689476682829,0.9227041115366396,0.9982353618690448,,,,,,,,,,,,,
12098.4,-0.880884233483314,-1.5035726295223064,-0.8800924781188213,-0.879999796926794,0.9232570160829858,0.9988260775784574,,,,,,,,,,,,,
12098.803,-0.881467263532937,-1.5038902968105283,-0.8804368222316814,-0.8803461027918728,0.9228635640244134,0.9984721791165407,,,,,,,,,,,,,
12099.201,-0.881998626623331,-1.5042040228172588,-0.8807768769139219,-0.8806881003277689,0.9225408745930216,0.9981885270827869,,,,,,,,,,,,,
12099.605,-0.882262335038792,-1.5045224783617783,-0.88112204059688,-0.8810352416683548,0.9226220478914724,0.9983093004066868,,,,,,,,,,,,,
12099.996,-0.881707916906781,-1.5048306865744205,-0.8814560807848721,-0.8813712011529534,0.923901059721507,0.9996266131794606,,,,,,,,,,,,,
12100.387,-0.883087365706553,-1.5051388947870628,-0.8817901045038576,-0.8817071493448834,0.9223127365822422,0.9980765665644108,,,,,,,,,,,,,
12100.778,-0.882732554392319,-1.505447102999705,-0.8821241117538356,-0.8820430862304732,0.9232957923672582,0.9990978744551107,,,,,,,,,,,,,
12101.169,-0.88309097942117,-1.5057553112123472,-0.8824581025348008,-0.8823790117960891,0.9232213361413433,0.9990616459163502,,,,,,,,,,,,,
12101.56,-0.883147657841481,-1.5060635194249876,-0.8827920768467568,-0.8827149260281307,0.9235942781248446,0.9994727911684801,,,,,,,,,,,,,
12101.951,-0.883908011453598,-1.5063717276376298,-0.8831260346897079,-0.8830508289130318,0.9229238843692998,0.9988405762630345,,,,,,,,,,,,,
12102.355,-0.884152697250512,-1.506690183182151,-0.883471078690893,-0.8833978879908506,0.923033262410526,0.9989893768780669,,,,,,,,,,,,,
12102.747,-0.884037895175078,-1.5069991796510909,-0.8838058570536367,-0.8837346267754602,0.9236616264237111,0.9996559675782607,,,,,,,,,,,,,
12103.131,-0.884966352767358,-1.5073018700696448,-0.8841337871548269,-0.8840644822416385,0.9227338045191242,0.9987655684268422,,,,,,,,,,,,,
12103.516,-0.885305522726112,-1.5076053487444963,-0.8844625552939487,-0.8843951856666905,0.9226808852283753,0.9987501457002385,,,,,,,,,,,,,
12103.914,-0.885809242042494,-1.5079190747512268,-0.8848024079096195,-0.8847370440670392,0.9223991830844773,0.9985071813507598,,,,,,,,,,,,,
12104.305,-0.886128628441133,-1.508227282963869,-0.8851362666015525,-0.8850728783521358,0.922382609243188,0.9985286393487928,,,,,,,,,,,,,
12104.69,-0.886592055935147,-1.5085307616387205,-0.8854649860503363,-0.8854035479905852,0.9221454539172733,0.9983289083940694,,,,,,,,,,,,,
12105.082,-0.886948089710075,-1.508839758107662,-0.8857996658108149,-0.8857402183938035,0.9220757119354958,0.9982972469021466,,,,,,,,,,,,,
12105.492,-0.887442553318537,-1.5091629431899705,-0.8861496958085109,-0.886092335819421,0.9218217581088602,0.998083095899316,,,,,,,,,,,,,
12105.89,-0.887329746137746,-1.509476669196701,-0.8864894637045717,-0.8864341352934764,0.9224541767639638,0.9987541267354383,,,,,,,,,,,,,
12106.282,-0.887805073428045,-1.5097856656656408,-0.8868240927915023,-0.8867707703692819,0.9222075588748435,0.998545514202732,,,,,,,,,,,,,
12106.68,-0.88847354792433,-1.5100993916723713,-0.8871638268168693,-0.887112546188511,0.9216815750376476,0.9980580923266217,,,,,,,,,,,,,
12107.071,-0.888322608868304,-1.5104075998850135,-0.8874975690042524,-0.8874482992504908,0.9223623504301388,0.9987767268176446,,,,,,,,,,,,,
12107.456,-0.889181860498218,-1.510711078559865,-0.8878261737362809,-0.8877788888209958,0.92153830860862,0.9979899392772844,,,,,,,,,,,,,
12107.848,-0.88872641014369,-1.5110200750288048,-0.8881607366942399,-0.8881154776077219,0.9226717501464398,0.999161288122376,,,,,,,,,,,,,
12108.239,-0.889662415360136,-1.511328283241447,-0.8884944296852009,-0.8884511961740922,0.9217409186228002,0.9982682427539403,,,,,,,,,,,,,
12108.644,-0.889832360745902,-1.5116475270422658,-0.8888400533987015,-0.8887989231511855,0.9219622826470286,0.9985287201446753,,,,,,,,,,,,,
12109.042,-0.889720543930841,-1.5119612530489963,-0.889179686154975,-0.8891406279211308,0.9225932328917449,0.9991980821992347,,,,,,,,,,,,,
12109.427,-0.890949769616943,-1.5122647317238478,-0.8895082091419804,-0.8894711600432279,0.9212206323604168,0.9978626147460781,,,,,,,,,,,,,
12109.819,-0.890843693896288,-1.5125737281927876,-0.889842688868649,-0.8898076902719173,0.9218360578503763,0.9985158241366324,,,,,,,,,,,,,
12110.211,-0.891228087670951,-1.5128827246617274,-0.8901771520419572,-0.890144208815142,0.9217242666367524,0.9984417922800115,,,,,,,,,,,,,
12110.615,-0.891403049217077,-1.5132011802062486,-0.8905218365626251,-0.8904910167052333,0.9219370244810079,0.9986934396978657,,,,,,,,,,,,,
12111.007,-0.891781737071709,-1.5135101766751884,-0.8908562661224861,-0.8908275114800389,0.9218336934068941,0.9986278181422429,,,,,,,,,,,,,
12111.405,-0.89247780926861,-1.513823902681919,-0.8911957975667928,-0.8911691446898741,0.9212667905950015,0.9980991769253803,,,,,,,,,,,,,
12111.81,-0.892032284548028,-1.5141431464827377,-0.8915412831528791,-0.8915167741031663,0.9224007091127613,0.9992720040087273,,,,,,,,,,,,,
12112.215,-0.892614333040921,-1.5144623902835566,-0.8918867510694755,-0.8918643909733075,0.9220110498909732,0.9989212271540518,,,,,,,,,,,,,
12112.619,-0.893240236363145,-1.514780845828076,-0.8922313483747653,-0.8922111370194314,0.9215551985861304,0.9985041361089558,,,,,,,,,,,,,
12113.011,-0.89357223438662,-1.5150898422970158,-0.8925656933098134,-0.8925475717207522,0.9215210942945768,0.9985076158630433,,,,,,,,,,,,,
12113.41,-0.894014831009063,-1.515404356560044,-0.8929059916907365,-0.8928900020769664,0.9213311872114861,0.9983559387643467,,,,,,,,,,,,,
12113.802,-0.893571843359771,-1.5157133530289837,-0.8932403032234708,-0.8932264129749914,0.922446150357671,0.9995084364307133,,,,,,,,,,,,,
12114.194,-0.894135548194946,-1.5160223494979252,-0.8935745982028518,-0.8935628120575974,0.9220684955183068,0.9991682915679424,,,,,,,,,,,,,
12114.592,-0.894645322756518,-1.5163360755046558,-0.8939139930067679,-0.8939043480047093,0.921777815292207,0.9989156703407657,,,,,,,,,,,,,
12115.004,-0.895214198916362,-1.516660837099563,-0.8942653083464931,-0.8942578849212997,0.921415867829817,0.9985930939847614,,,,,,,,,,,,,
12115.402,-0.895014695957981,-1.5169745631062916,-0.8946046684222297,-0.8945993960131075,0.9221768298870976,0.9993920635496383,,,,,,,,,,,,,
12115.788,-0.895332920132905,-1.5172788300374425,-0.8949337802358954,-0.8949305986031322,0.922156135550539,0.9994082065977512,,,,,,,,,,,,,
12116.18,-0.89561258271773,-1.5175878265063822,-0.8952679913505595,-0.895266937631792,0.9221996287559531,0.9994890854339129,,,,,,,,,,,,,
12116.579,-0.896250713042926,-1.5179023407694103,-0.8956081535214535,-0.8956092705025863,0.9217198048154168,0.9990472895197525,,,,,,,,,,,,,
12116.971,-0.896652994442873,-1.5182113372383501,-0.8959423312338117,-0.8959455855232298,0.9215814917079378,0.99894631251756,,,,,,,,,,,,,
12117.363,-0.897617254408861,-1.51852033370729,-0.8962764923928086,-0.8962818886273783,0.9206099357501247,0.9980120681214433,,,,,,,,,,,,,
12117.755,-0.897359038385592,-1.5188293301762315,-0.896610636998453,-0.8966181798026708,0.9214509389169968,0.9988903583064249,,,,,,,,,,,,,
12118.16,-0.897009828641008,-1.5191485739770503,-0.8969558455443973,-0.8969656109495185,0.9224420516945024,0.999919968883302,,,,,,,,,,,,,
12118.566,-0.897548123458614,-1.5194686060341667,-0.8973018887221356,-0.8973138871438368,0.9221184345751638,0.9996349183240476,,,,,,,,,,,,,
12118.964,-0.898125755708708,-1.5197823320408972,-0.8976410960796244,-0.8976552882934203,0.9217271420887078,0.9992814069105035,,,,,,,,,,,,,
12119.357,-0.89800578469488,-1.5200921167661345,-0.8979760252943851,-0.897992388367074,0.9223643388051038,0.9999558852373188,,,,,,,,,,,,,
12119.749,-0.898887511319106,-1.5204011132350743,-0.8983100856974922,-0.8983286186731723,0.9215151546263814,0.9991438632299668,,,,,,,,,,,,,
12120.142,-0.898689126178939,-1.5207108979603134,-0.8986449816787498,-0.8986656946602157,0.9222686155814637,0.9999345565202924,,,,,,,,,,,,,
12120.534,-0.898945905737921,-1.5210198944292532,-0.8989790089329155,-0.8990019009166061,0.9223460373365235,1.000049091296929,,,,,,,,,,,,,
12120.92,-0.900084745228663,-1.521324161360404,-0.8993079073497796,-0.8993329494059252,0.9211086207153463,0.998848195657912,,,,,,,,,,,,,
12121.319,-0.90011000140234,-1.5216386756234321,-0.8996478657858882,-0.899675134926292,0.9215375022589095,0.9993148031511693,,,,,,,,,,,,,
12121.724,-0.900759232510719,-1.521957919424251,-0.8999929188403275,-0.9000224533242764,0.9210482317042288,0.9988637998492844,,,,,,,,,,,,,
12122.117,-0.899992079394434,-1.52226770414949,-0.9003277312086269,-0.9003594684957861,0.9226450021345068,1.0004976786422297,,,,,,,,,,,,,
12122.497,-0.901001046345527,-1.5225672415428502,-0.900651452537157,-0.9006853240404332,0.9215931344254569,0.9994816683343222,,,,,,,,,,,,,
12122.889,-0.901199780194917,-1.52287623801179,-0.9009853803444932,-0.9010214578571035,0.9217566202680688,0.9996821197491373,,,,,,,,,,,,,
12123.282,-0.901501537293224,-1.523186022737029,-0.9013201433917288,-0.901358437011739,0.9217685227909593,0.9997310575065692,,,,,,,,,,,,,
12123.681,-0.902017657728251,-1.5235005370000572,-0.9016600003042976,-0.9017005484323009,0.9214696023132891,0.999469712450086,,,,,,,,,,,,,
12124.067,-0.902192125258361,-1.523804803931208,-0.9019887678638536,-0.9020315014120045,0.9216620552455369,0.9996984923429236,,,,,,,,,,,,,
12124.466,-0.902733582973782,-1.524119318194236,-0.902328591035535,-0.9023735881083126,0.9213255673070934,0.9993995297982005,,,,,,,,,,,,,
12124.878,-0.902692085918015,-1.5244440797891432,-0.9026794681430541,-0.9027268072791981,0.9218686172034574,0.9999813010359653,,,,,,,,,,,,,
12125.271,-0.903404819064954,-1.5247538645143823,-0.9030141469846305,-0.9030637246990694,0.9212711675644076,0.9994207617800939,,,,,,,,,,,,,
12125.67,-0.903380071938668,-1.5250683787774104,-0.9033539184059602,-0.9034057733806815,0.9217741887544004,0.9999612316337785,,,,,,,,,,,,,
12126.057,-0.904284372480893,-1.5253734339648588,-0.9036834547540185,-0.9037375228249726,0.9208856906200655,0.9991090315951869,,,,,,,,,,,,,
12126.45,-0.904278324562711,-1.525683218690098,-0.9040180836818337,-0.9040744035073894,0.9213539741239841,0.9996141514753624,,,,,,,,,,,,,
12126.842,-0.905018223000048,-1.5259922151590377,-0.9043518445620755,-0.9044104147644677,0.9207150778990065,0.9990119733205105,,,,,,,,,,,,,
12127.235,-0.905038093424143,-1.5263019998842768,-0.9046864402563841,-0.9047472709276462,0.9211449324045614,0.9994786149271481,,,,,,,,,,,,,
12127.635,-0.905511992673608,-1.5266173024036025,-0.9050269785853509,-0.9050901144501253,0.9209097818143778,0.9992808813470574,,,,,,,,,,,,,
12128.041,-0.90521236875804,-1.5269373344607189,-0.9053726073636055,-0.9054380875902205,0.9218285426712973,1.0002375943357467,,,,,,,,,,,,,
12128.44,-0.906911187603158,-1.5272518487237488,-0.9057122597247362,-0.9057800483864604,0.9197760410895452,0.9982223648876443,,,,,,,,,,,,,
12128.833,-0.906893799012636,-1.527561633448986,-0.9060467877666323,-0.906116854492529,0.9202611393524508,0.9987441499436963,,,,,,,,,,,,,
12129.226,-0.907720001426224,-1.5278714181742252,-0.9063812991706062,-0.9064536482585016,0.9194954493909382,0.9980151221063576,,,,,,,,,,,,,
12129.626,-0.907544990417091,-1.5281867206935527,-0.9067217517078907,-0.9067964282119311,0.9202224348432303,0.9987793973657798,,,,,,,,,,,,,
12130.025,-0.907447461015898,-1.528501234956579,-0.9070613359425099,-0.9071383384557345,0.9208333699535406,0.9994275035988637,,,,,,,,,,,,,
12130.418,-0.907831942380459,-1.528811019681818,-0.9073957968823612,-0.9074750947226338,0.9207226176145371,0.9993533385610933,,,,,,,,,,,,,
12130.818,-0.908447636681515,-1.5291263222011455,-0.907736198056666,-0.907817836473241,0.9202772282001546,0.9989451627981778,,,,,,,,,,,,,
12131.23,-0.909191099718002,-1.5294510837960509,-0.9080867932469303,-0.9081708470486954,0.9196564216361598,0.9983626595780983,,,,,,,,,,,,,
12131.636,-0.908736149134914,-1.529771115853169,-0.9084322647939338,-0.9085187033508624,0.9208054845775353,0.9995494415251491,,,,,,,,,,,,,
12132.043,-0.90890515435068,-1.530091936166583,-0.9087785694335659,-0.9088674031355911,0.9210305800746449,0.9998123225065273,,,,,,,,,,,,,
12132.436,-0.909731810145255,-1.5304017208918221,-0.9091129449400199,-0.9092040956781109,0.9202642178873772,0.9990824209487708,,,,,,,,,,,,,
12132.836,-0.909850119486982,-1.5307170234111478,-0.9094532591592133,-0.909546772509252,0.9205562987009837,0.999411586485879,,,,,,,,,,,,,
12133.229,-0.910102184285673,-1.531026808136387,-0.9097876010934804,-0.9098834399284548,0.920641879751622,0.999533578388689,,,,,,,,,,,,,
12133.622,-0.910228452429461,-1.531336592861626,-0.9101219263898237,-0.910220094879858,0.9209139788825359,0.9998420637027982,,,,,,,,,,,,,
12134.022,-0.911004377897352,-1.5316518953809535,-0.9104621895045781,-0.9105627334153845,0.9202310155067361,0.9991961092781714,,,,,,,,,,,,,
12134.428,-0.911338196568292,-1.5319719274380699,-0.9108075389404116,-0.9109104982969096,0.920210574162363,0.9992132058857681,,,,,,,,,,,,,
12134.822,-0.911699863775945,-1.5322825004196066,-0.9111426640263955,-0.9112479716564952,0.920134817005102,0.9991738520121018,,,,,,,,,,,,,
12135.215,-0.911801388989948,-1.5325922851448457,-0.9114769218820058,-0.9115845759555851,0.9204436023560703,0.9995189235521884,,,,,,,,,,,,,
12135.609,-0.912129637264466,-1.5329028581263824,-0.9118120135650338,-0.91192202418196,0.920417395286274,0.9995290702395665,,,,,,,,,,,,,
12136.002,-0.912452171734106,-1.5332126428516215,-0.9121462381024683,-0.9122586033893297,0.920398491303084,0.9995464030447785,,,,,,,,,,,,,
12136.396,-0.912422494284342,-1.5335232158331582,-0.9124812963825413,-0.9125960264378367,0.9209029789407562,1.0000871949132084,,,,,,,,,,,,,
12136.789,-0.913504329121054,-1.5338330005583956,-0.9128154876017938,-0.9129325805090521,0.9197582640452792,0.998978667405415,,,,,,,,,,,,,
12137.189,-0.913066520060379,-1.534148303077723,-0.9131556142513215,-0.9132751162755051,0.920874898873475,1.00013210884838,,,,,,,,,,,,,
12137.596,-0.913189923378838,-1.534469123391137,-0.9135016754262368,-0.9136236330417179,0.9211676080789871,1.0004622425540828,,,,,,,,,,,,,
12138.002,-0.914134481280105,-1.5347891554482551,-0.9138468685492729,-0.9139712800468255,0.920241626687647,0.9995735673504087,,,,,,,,,,,,,
12138.396,-0.914556388328082,-1.5350997284297918,-0.9141818419425443,-0.9143086389114595,0.9200765522160109,0.9994446712482409,,,,,,,,,,,,,
12138.79,-0.914771067827997,-1.5354103014113285,-0.9145167986131142,-0.9146459850983404,0.9202187330086304,0.9996230056156556,,,,,,,,,,,,,
12139.183,-0.914381796691346,-1.5357200861365676,-0.914850888480764,-0.9149824624361755,0.9212552196899778,1.0006955294110975,,,,,,,,,,,,,
12139.571,-0.915911829401709,-1.5360259295803136,-0.9151807115194375,-0.9153146464967421,0.9194401202973967,0.9989159844449631,,,,,,,,,,,,,
12139.964,-0.915449131991147,-1.5363357143055527,-0.9155147683229234,-0.9156510987141803,0.9205854757532137,1.0000973279907832,,,,,,,,,,,,,
12140.352,-0.916159445504746,-1.5366415577493004,-0.9158445587180992,-0.9159832579528496,0.9199857699739488,0.9995331282375913,,,,,,,,,,,,,
12140.752,-0.916931050710881,-1.536956860268626,-0.9161845318388604,-0.9163256772317004,0.919309212228961,0.998893149470937,,,,,,,,,,,,,
12141.159,-0.916445083487436,-1.53727768058204,-0.9165304367982507,-0.9166740753670508,0.9205054321338629,1.0001265622559514,,,,,,,,,,,,,
12141.546,-0.91730561302679,-1.5375827357694902,-0.9168593274202816,-0.9170053405781649,0.9196818330497758,0.9993383038524277,,,,,,,,,,,,,
12141.94,-0.917459928903522,-1.537893308751027,-0.9171941503941365,-0.9173425850150807,0.9199135146890057,0.999605940834915,,,,,,,,,,,,,
12142.334,-0.917164929789944,-1.5382038817325636,-0.9175289566452953,-0.9176798166765069,0.9208113934500606,1.000539750144556,,,,,,,,,,,,,
12142.734,-0.917656149985168,-1.538519184251891,-0.9178688443621779,-0.9180221707656346,0.9205505611789638,1.0003153702238348,,,,,,,,,,,,,
12143.128,-0.918417918770857,-1.5388297572334277,-0.918203616913277,-0.9183593766489478,0.9198815753837238,0.9996822650102456,,,,,,,,,,,,,
12143.516,-0.918249769805412,-1.5391356006771737,-0.9185332750625745,-0.9186914349006438,0.9205843615929087,1.0004203611651126,,,,,,,,,,,,,
12143.923,-0.919109768280059,-1.5394564209905894,-0.9188790588376543,-0.9190397403778255,0.9197849247904212,0.9996579375632876,,,,,,,,,,,,,
12144.33,-0.919207961757018,-1.5397772413040034,-0.9192248247683033,-0.9193880321651954,0.9201150125036865,1.0000250120193521,,,,,,,,,,,,,
12144.731,-0.919588869547492,-1.5400933320796284,-0.9195654759607246,-0.9197311760299535,0.9200189086352003,0.9999653237588829,,,,,,,,,,,,,
12145.125,-0.920006649568394,-1.540403905061165,-0.9199001637523532,-0.9200683168871324,0.9198599532862696,0.9998421233191029,,,,,,,,,,,,,
12145.519,-0.920166609828505,-1.5407144780427036,-0.920234834821283,-0.9204054448828045,0.9200832660260826,1.0001011661733936,,,,,,,,,,,,,
12145.913,-0.920438262154386,-1.5410250510242403,-0.9205694891675122,-0.9207425600064474,0.920140973490415,1.0001945789575308,,,,,,,,,,,,,
12146.314,-0.921439579102927,-1.5413411417998653,-0.9209100719783372,-0.9210856512571387,0.9191249920207544,0.9992149117067876,,,,,,,,,,,,,
12146.708,-0.921439837324474,-1.541651714781402,-0.9212446925820617,-0.9214227403760984,0.9195850941861022,0.9997106691620773,,,,,,,,,,,,,
12147.115,-0.92180490901741,-1.541972535094816,-0.9215903364076752,-0.9217709381754656,0.919519482883764,0.9996818635579384,,,,,,,,,,,,,
12147.529,-0.921721347131963,-1.54229887320232,-0.9219419066599626,-0.9221251104964762,0.9201272395832492,1.00032703183311,,,,,,,,,,,,,
12147.917,-0.922245335460239,-1.542604716646066,-0.9222713808604217,-0.9224570271569417,0.919803797238015,1.0000386266934145,,,,,,,,,,,,,
12148.304,-0.922228551949099,-1.542909771833516,-0.9225999897459563,-0.9227880758660143,0.9202809858903337,1.0005507382968224,,,,,,,,,,,,,
12148.705,-0.923405662152623,-1.543225862609141,-0.9229404692716319,-0.9231310873215721,0.9190043566278515,0.9993102701128077,,,,,,,,,,,,,
12149.106,-0.923003230680093,-1.5435419533847643,-0.9232809314751158,-0.9234740853564862,0.9200697060241771,1.0004117549040745,,,,,,,,,,,,,
12149.507,-0.923689748337632,-1.5438580441603893,-0.9236213763564152,-0.9238170699599062,0.9195204759118959,0.9998986345032027,,,,,,,,,,,,,
12149.902,-0.924216437910317,-1.5441694053982253,-0.9239567103639956,-0.9241549094820527,0.9192012096509932,0.9996149125488114,,,,,,,,,,,,,
12150.309,-0.924353261044399,-1.5444902257116393,-0.9243022141524584,-0.9245029988289994,0.9194740213620165,0.9999243223255558,,,,,,,,,,,,,
12150.723,-0.924358491580761,-1.5448165638191433,-0.9246536419590932,-0.9248570607408683,0.919950125975271,1.0004376273109425,,,,,,,,,,,,,
12151.124,-0.925149970747935,-1.5451326545947683,-0.9249940169900812,-0.9251999910733376,0.9192452699499235,0.9997687774302527,,,,,,,,,,,,,
12151.525,-0.925155132690378,-1.5454487453703933,-0.9253343746988865,-0.9255429079201185,0.9197062825985676,1.0002657705400229,,,,,,,,,,,,,
12151.919,-0.925433441509182,-1.54575931835193,-0.925668774130048,-0.9258798255423033,0.9197541205136475,1.0003489358134499,,,,,,,,,,,,,
12152.321,-0.92616401349883,-1.5460761973838544,-0.9260099461619138,-0.9262235706921296,0.9191407400039863,0.9997715744139489,,,,,,,,,,,,,
12152.709,-0.9258234142362,-1.5463820408276021,-0.9263392200708873,-0.9265553317343586,0.920099217418943,1.0007647920631326,,,,,,,,,,,,,
12153.103,-0.926315908722994,-1.546692613809137,-0.9266735692490631,-0.9268922101417556,0.9198294832996383,1.0005303107922925,,,,,,,,,,,,,
12153.505,-0.926628512629714,-1.5470094928410614,-0.9270146900075771,-0.9272359152493846,0.9198358220067101,1.0005725925867472,,,,,,,,,,,,,
12153.912,-0.926918661510266,-1.547330313154477,-0.9273600358267657,-0.9275838814246017,0.9198812983890626,1.0006544328144655,,,,,,,,,,,,,
12154.307,-0.927238461556241,-1.5476416743923114,-0.92769518239664,-0.9279215747983792,0.9198687862098204,1.0006771870286593,,,,,,,,,,,,,
12154.695,-0.927654646322862,-1.547947517836059,-0.9280243732966671,-0.928253270913847,0.9197051836741788,1.0005482016502383,,,,,,,,,,,,,
12155.09,-0.927662367115781,-1.5482588790738934,-0.9283594865490086,-0.9285909381776757,0.9201553898654582,1.0010336248351963,,,,,,,,,,,,,
12155.491,-0.927546054669038,-1.5485749698495184,-0.9286996729366406,-0.9289337210758727,0.9207965119922998,1.00171047340601,,,,,,,,,,,,,
12155.886,-0.929212000964548,-1.5488863310873544,-0.92903475231829,-0.9292713617560041,0.9187880754029332,0.9997372035903906,,,,,,,,,,,,,
12156.275,-0.929313567611837,-1.5491929627873997,-0.9293647254598723,-0.9296038608097158,0.9190921243460564,1.000075860772663,,,,,,,,,,,,,
12156.676,-0.929017109097543,-1.5495090535630247,-0.9297048606585037,-0.9299466034863552,0.9200003481594626,1.00101973513233,,,,,,,,,,,,,
12157.084,-0.929814464200395,-1.549830662132738,-0.9300509156009049,-0.9302953152118214,0.919294961119345,1.0003505946072553,,,,,,,,,,,,,
12157.485,-0.929637327374893,-1.550146752908363,-0.9303910158527833,-0.9306380303772105,0.920026267252819,1.0011174994715866,,,,,,,,,,,,,
12157.88,-0.930218125510853,-1.5504581141461973,-0.9307260103874855,-0.9309756042876579,0.919626774491803,1.000753047682126,,,,,,,,,,,,,
12158.275,-0.93043243213851,-1.5507694753840333,-0.9310609881144973,-0.9313131649416123,0.9197706768840123,1.0009319661251888,,,,,,,,,,,,,
12158.664,-0.930744288290174,-1.5510761070840786,-0.9313908611455606,-0.931645585126457,0.9197629306153444,1.0009586796622427,,,,,,,,,,,,,
12159.059,-0.930884624953288,-1.5513874683219129,-0.9317258055124897,-0.9319831194397828,0.9200165079094411,1.0012472235443486,,,,,,,,,,,,,
12159.454,-0.931610799524648,-1.551698829559749,-0.932060733071725,-0.9323206404674387,0.9194014662241023,1.0006671235263258,,,,,,,,,,,,,
12159.856,-0.931952818085676,-1.5520157085916715,-0.9324015787989364,-0.9326641292294258,0.9193641919681901,1.0006653845700888,,,,,,,,,,,,,
12160.264,-0.932350302318876,-1.5523373171613848,-0.9327474939754365,-0.933012730598202,0.9192516914958677,1.0005889233825105,,,,,,,,,,,,,
12160.659,-0.932741732310536,-1.5526486783992208,-0.933082370260566,-0.9333502110361462,0.9191329739491665,1.0005050714792305,,,,,,,,,,,,,
12161.054,-0.933211125659875,-1.5529600396370569,-0.9334172297380006,-0.933687678149161,0.9188986605162528,1.0003055987690432,,,,,,,,,,,,,
12161.443,-0.933239926720676,-1.5532666713371004,-0.9337469863156844,-0.9340200061472171,0.9193105986358566,1.0007518240294466,,,,,,,,,,,,,
12161.838,-0.933554870845397,-1.5535780325749364,-0.9340818124330381,-0.934357446784266,0.9193052863071294,1.000781302960594,,,,,,,,,,,,,
12162.234,-0.934118530884988,-1.55389018206907,-0.9344174693398708,-0.9346957282970356,0.9189323728608705,1.0004432438379385,,,,,,,,,,,,,
12162.629,-0.934444672217564,-1.554201543306906,-0.9347522617992832,-0.9350331421834548,0.9189104584872385,1.000456070819699,,,,,,,,,,,,,
12163.024,-0.934658932477288,-1.5545129045447403,-0.935087037450999,-0.9353705426971337,0.9190544296289509,1.0006347583961108,,,,,,,,,,,,,
12163.439,-0.934808318012498,-1.554840030908542,-0.9354387456628546,-0.9357250123651719,0.919317965079564,1.000934741230237,,,,,,,,,,,,,
12163.841,-0.935274092421056,-1.5551569099404663,-0.9357794188188668,-0.9360683640688203,0.9190971986384133,1.000749254218187,,,,,,,,,,,,,
12164.249,-0.935495249711227,-1.5554785185101778,-0.9361251588484718,-0.9364168262313175,0.9192461372555455,1.0009339724305257,,,,,,,,,,,,,
12164.651,-0.935790424277941,-1.5557953975421022,-0.9364657969272709,-0.9367601499554513,0.9192783183591492,1.001001380954408,,,,,,,,,,,,,
12165.047,-0.936380854841145,-1.5561075470362358,-0.9368013338347625,-0.937098335853502,0.9188657123894594,1.000623451385818,,,,,,,,,,,,,
12165.442,-0.936706967110149,-1.55641890827407,-0.9371360065978607,-0.9374356542991321,0.9188438411082397,1.000636143986787,,,,,,,,,,,,,
12165.844,-0.937198451721957,-1.5567357873059926,-0.9374765930135611,-0.9377789367405597,0.9185849542754323,1.0004124079736034,,,,,,,,,,,,,
12166.24,-0.937260389314974,-1.557047936800128,-0.9378120790290456,-0.938117081943387,0.9189559422281298,1.0008179968700448,,,,,,,,,,,,,
12166.655,-0.937348752641193,-1.5573750631639296,-0.9381636434676519,-0.938471436768346,0.919309955007285,1.001208243860737,,,,,,,,,,,,,
12167.057,-0.938161640630153,-1.5576919421958522,-0.9385041773541536,-0.9388146771459625,0.9185745249711099,1.0005078867593673,,,,,,,,,,,,,
12167.453,-0.938714863299436,-1.5580040916899858,-0.9388396116244495,-0.9391527808838512,0.9182170869623693,1.0001849729720105,,,,,,,,,,,,,
12167.855,-0.938902155647368,-1.5583209707219083,-0.9391801109534059,-0.9394959935401885,0.9184092245000948,1.0004121322062176,,,,,,,,,,,,,
12168.251,-0.939233658411071,-1.5586331202160437,-0.9395155111819458,-0.9398340699516269,0.9183805295026835,1.0004179109566147,,,,,,,,,,,,,
12168.653,-0.93948878451865,-1.5589499992479663,-0.9398559759533551,-0.9401772548483115,0.9184720902592777,1.0005444421713685,,,,,,,,,,,,,
12169.055,-0.939859947865084,-1.5592668782798906,-0.9401964233160749,-0.9405204257463343,0.9183916031736774,1.000498899732143,,,,,,,,,,,,,
12169.451,-0.940086107141181,-1.5595790277740225,-0.9405317723539888,-0.9408584609944317,0.9185191004461819,1.0006607948523447,,,,,,,,,,,,,
12169.86,-0.94055281655021,-1.5599014246000351,-0.9408781125911183,-0.941207579079498,0.9183051288905428,1.000482324072772,,,,,,,,,,,,,
12170.269,-0.941136215436265,-1.560223821426046,-0.9412244348080039,-0.9415566826441707,0.9179181424223819,1.0001308116621426,,,,,,,,,,,,,
12170.671,-0.94110078285594,-1.5605407004579703,-0.9415648121895304,-0.9418997971716716,0.918440513113607,1.0006880232389257,,,,,,,,,,,,,
12171.067,-0.942064083724721,-1.5608528499521022,-0.9419000922907452,-0.9422377768528375,0.9174750541794097,0.9997568599402793,,,,,,,,,,,,,
12171.463,-0.942678414805168,-1.5611649994462358,-0.9422353554990588,-0.9425757428941114,0.9170270110305896,0.9993430873799791,,,,,,,,,,,,,
12171.865,-0.942517672630899,-1.5614818784781601,-0.9425756811741817,-0.9429188156721635,0.9177351776392065,1.0000860182092945,,,,,,,,,,,,,
12172.255,-0.942594451274764,-1.561789298434503,-0.942905831236974,-0.9432516340205799,0.9180771483765742,1.0004616907618906,,,,,,,,,,,,,
12172.651,-0.943041247881177,-1.5621014479286366,-0.9432410437665721,-0.9435895590876322,0.9178775077667635,1.0002962455994888,,,,,,,,,,,,,
12173.06,-0.943198775486364,-1.5624238447546492,-0.9435872430140488,-0.943938563297257,0.9181219585479756,1.000575988112023,,,,,,,,,,,,,
12173.469,-0.94437372461032,-1.5627462415806601,-0.9439334242412833,-0.9442875529080967,0.9168578834573484,0.9993471780341849,,,,,,,,,,,,,
12173.858,-0.944146407182296,-1.5630528732807054,-0.9442626605711428,-0.944619463457827,0.9176495671981363,1.0001723775465763,,,,,,,,,,,,,
12174.254,-0.944953878569129,-1.5633650227748408,-0.9445978047186081,-0.9449573331084393,0.9169151558688717,0.9994720602748302,,,,,,,,,,,,,
12174.644,-0.944676049643991,-1.5636724427311837,-0.9449278544135318,-0.9452900701194914,0.9177829015012284,1.0003733589074104,,,,,,,,,,,,,
12175.047,-0.945483916054854,-1.5639901100194056,-0.9452688885517286,-0.9456338843826253,0.9170560856778807,0.99968118899566,,,,,,,,,,,,,
12175.443,-0.945162898463235,-1.5643022595135374,-0.9456039819778193,-0.9459717128341436,0.9179948793955586,1.0006540015664929,,,,,,,,,,,,,
12175.833,-0.946209913331532,-1.564609679469882,-0.945933981719878,-0.946304409244194,0.9168982856644677,0.9995908867707327,,,,,,,,,,,,,
12176.235,-0.94644606113936,-1.5649265585018064,-0.946274118151293,-0.9466473285104433,0.917017985452577,0.9997450701887224,,,,,,,,,,,,,
12176.645,-0.947085996828956,-1.5652497435841148,-0.9466210055351203,-0.9469970574375957,0.9165483408881575,0.9993105689081717,,,,,,,,,,,,,
12177.048,-0.947184493510246,-1.5655674108723368,-0.9469619528040623,-0.9473408010021829,0.916873304066942,0.9996700491978893,,,,,,,,,,,,,
12177.444,-0.947353320848965,-1.5658795603664704,-0.9472969608698012,-0.9476785599380936,0.9170858071204572,0.9999164445411276,,,,,,,,,,,,,
12177.84,-0.947949490566178,-1.566191709860604,-0.9476319520426308,-0.9480163050901402,0.9166646917354015,0.999529196398764,,,,,,,,,,,,,
12178.237,-0.948164831290704,-1.5665046476110351,-0.9479677721958222,-0.9483548892890661,0.9168093983647351,0.9997078306521358,,,,,,,,,,,,,
12178.633,-0.948242812336228,-1.5668167971051687,-0.9483027295401856,-0.9486926068122706,0.9171565987694629,1.0000888481422336,,,,,,,,,,,,,
12179.029,-0.948974774340244,-1.5671289465993024,-0.9486376699916441,-0.9490303105253824,0.9165341448299742,0.9995001862410788,,,,,,,,,,,,,
12179.426,-0.949017600674966,-1.5674418843497335,-0.9489734392953793,-0.9493688531544648,0.916934637694887,0.999934531335763,,,,,,,,,,,,,
12179.835,-0.94960034533215,-1.5677642811757462,-0.9493193400413267,-0.9497176142761654,0.9165486212486518,0.9995833640339282,,,,,,,,,,,,,
12180.232,-0.949744953025759,-1.5680772189261774,-0.9496550748752011,-0.9500561286812513,0.9167982033943401,0.9998667473010775,,,,,,,,,,,,,
12180.622,-0.95035361697391,-1.5683846388825202,-0.9499848734193783,-0.9503886607693259,0.9163515504122727,0.9994532749391211,,,,,,,,,,,,,
12181.025,-0.950597855370264,-1.5687023061707421,-0.9503256480351423,-0.9507322631440088,0.9164604230683739,0.9995964087140301,,,,,,,,,,,,,
12181.422,-0.950869218237877,-1.569015243921175,-0.9506613319767956,-0.9510707358129586,0.9165220659422424,0.9996917772516856,,,,,,,,,,,,,
12181.825,-0.95117906718812,-1.569332911209397,-0.9510020718622227,-0.9514143096791643,0.9165336581534335,0.9997375790871655,,,,,,,,,,,,,
12182.222,-0.951909900178327,-1.5696458489598282,-0.9513377215906154,-0.9517527542465744,0.9159140469408832,0.9991516428105501,,,,,,,,,,,,,
12182.625,-0.951782016213297,-1.56996351624805,-0.9516784267457066,-0.9520962995688067,0.9165746635883204,0.9998464175877592,,,,,,,,,,,,,
12183.041,-0.95209274392104,-1.5702914308681493,-0.9520301040386103,-0.9524509119017951,0.9166001465385706,0.9999071333339008,,,,,,,,,,,,,
12183.444,-0.951885620073268,-1.5706090981563712,-0.9523707736385179,-0.9527944279655449,0.9173782517696406,1.0007193439772268,,,,,,,,,,,,,
12183.847,-0.953392793324663,-1.570926765444593,-0.952711425743022,-0.95313792961873,0.9156145771401503,0.9989897488196335,,,,,,,,,,,,,
12184.251,-0.953415628399266,-1.5712452209891143,-0.9530529055775281,-0.9534822691601529,0.9160528921540255,0.9994622018328553,,,,,,,,,,,,,
12184.648,-0.953573834345661,-1.5715581587395455,-0.9533884515542113,-0.9538206282970698,0.9162823122373228,0.99972514301988,,,,,,,,,,,,,
12185.044,-0.954193856103873,-1.5718703082336791,-0.9537231354126954,-0.9541581211864762,0.9158258315486255,0.9993020739202231,,,,,,,,,,,,,
12185.448,-0.954382614773251,-1.5721887637781986,-0.9540645631529854,-0.9545024177401912,0.9160181324662274,0.999528435597309,,,,,,,,,,,,,
12185.851,-0.954643211279355,-1.5725064310664205,-0.9544051282579966,-0.9548458476021944,0.9161027510336182,0.9996470046428281,,,,,,,,,,,,,
12186.268,-0.955345764731931,-1.572835133942819,-0.954757505991207,-0.9552011928042308,0.9155484446267249,0.9991278008273924,,,,,,,,,,,,,
12186.671,-0.955649570458692,-1.573152801231041,-0.9550980354976204,-0.9555445932277896,0.9155689970955907,0.9991822509925063,,,,,,,,,,,,,
12187.062,-0.955424341746175,-1.5734610094436832,-0.9554284084458917,-0.9558777544878284,0.9163599213956481,1.0000060388348921,,,,,,,,,,,,,
12187.465,-0.955920899308661,-1.573778676731905,-0.9557689034824488,-0.9562211263718512,0.9160946816676012,0.9997746456947811,,,,,,,,,,,,,
12187.862,-0.956183590408704,-1.5740916144823363,-0.9561043120073673,-0.9565593718432396,0.9161691821285068,0.9998824634602766,,,,,,,,,,,,,
12188.266,-0.9570506282711,-1.5744100700268557,-0.9564456171064837,-0.9569035668878217,0.915355801829307,0.9991029620810253,,,,,,,,,,,,,
12188.663,-0.956741274823235,-1.5747230077772887,-0.9567809913753766,-0.9572417839461457,0.9162784699222567,1.0000588966873023,,,,,,,,,,,,,
12189.06,-0.957538672230779,-1.5750359455277199,-0.9571163486659415,-0.9575799869096142,0.9155601639761626,0.999373832080841,,,,,,,,,,,,,
12189.47,-0.957564365923414,-1.57535913061003,-0.9574626696081125,-0.957929249725848,0.9160012529935413,0.9998492245215127,,,,,,,,,,,,,
12189.881,-0.958283130812619,-1.5756831039486379,-0.9578098170607383,-0.9582793492965954,0.915415897507077,0.9992982291775716,,,,,,,,,,,,,
12190.284,-0.958450153297345,-1.5760007712368598,-0.9581501897162781,-0.9586226195826993,0.9156392578148148,0.9995552546194405,,,,,,,,,,,,,
12190.682,-0.958262803651926,-1.5763144972435903,-0.9584863222148599,-0.9589616166434547,0.916382200214863,1.0003314190124533,,,,,,,,,,,,,
12191.079,-0.958934404566644,-1.5766274349940215,-0.9588215931597066,-0.9592997477984502,0.9158504121087335,0.9998327442215443,,,,,,,,,,,,,
12191.476,-0.958682421380503,-1.5769403727444544,-0.9591568471262324,-0.9596378648087563,0.9166880175973565,1.0007034378516955,,,,,,,,,,,,,
12191.873,-0.959317434353052,-1.5772533104948856,-0.9594920841144212,-0.9599759676662496,0.9162104782527689,1.0002589614749327,,,,,,,,,,,,,
12192.271,-0.95945909922056,-1.5775670365016161,-0.9598281484857427,-0.9603149079537556,0.9164655924559448,1.000547196659085,,,,,,,,,,,,,
12192.675,-0.959807414241239,-1.5778854920461356,-0.9601692617023385,-0.960658943329672,0.9164213199577961,1.0005365185775021,,,,,,,,,,,,,
12193.079,-0.960536930398428,-1.578203947590655,-0.960510357336597,-0.961002964024016,0.915811842413174,0.9999606093801909,,,,,,,,,,,,,
12193.47,-0.961216848378732,-1.5785121558032973,-0.9608404603784457,-0.961335900757004,0.9152607101725168,0.9994419404927855,,,,,,,,,,,,,
12193.86,-0.961493539022054,-1.578819575759642,-0.9611697027611097,-0.961667972274653,0.9153062723734956,0.9995198586956101,,,,,,,,,,,,,
12194.258,-0.96163833062349,-1.5791333017663707,-0.9615056819411993,-0.9620068413863393,0.915556750583683,0.9998033315741053,,,,,,,,,,,,,
12194.655,-0.962310365859378,-1.5794462395168036,-0.9618407999527836,-0.9623448448410472,0.915024318511698,0.9993037860638501,,,,,,,,,,,,,
12195.053,-0.961755425049011,-1.5797599655235324,-0.9621767450478043,-0.9626836854189503,0.9163122865204545,1.0006246982031324,,,,,,,,,,,,,
12195.451,-0.962714283530698,-1.580073691530263,-0.9625126730788587,-0.9630225117000087,0.9153557517791692,0.999701082291694,,,,,,,,,,,,,
12195.861,-0.962989583962823,-1.580396876612573,-0.962858711749794,-0.9633715388904717,0.9154267501140143,0.9998059655274971,,,,,,,,,,,,,
12196.272,-0.963171767876431,-1.5807208499511827,-0.9632055762427232,-0.9637214021219953,0.9156369805956995,1.000050136608587,,,,,,,,,,,,,
12196.676,-0.963396447578908,-1.5810393054957004,-0.9635465153332188,-0.964065291728263,0.9157760215745485,1.0002225138279952,,,,,,,,,,,,,
12197.074,-0.963679110174955,-1.5813530315024327,-0.9638823737792865,-0.964404059625894,0.9158220791404853,1.0003013870504263,,,,,,,,,,,,,
12197.471,-0.964159940389843,-1.5816659692528638,-0.9642173713601991,-0.9647419620647004,0.9155731458108405,1.000085161720477,,,,,,,,,,,,,
12197.869,-0.964019234954204,-1.5819796952595944,-0.9645531957211997,-0.9650807013161019,0.9162469290709191,1.0007917100992696,,,,,,,,,,,,,
12198.267,-0.965423028389085,-1.582293421266323,-0.9648890030182269,-0.9654194262145672,0.9146306914672525,0.999208212313642,,,,,,,,,,,,,
12198.658,-0.964896460332141,-1.5826016294789653,-0.9652188875403382,-0.9657521796558473,0.9158684101282355,1.0004780703296103,,,,,,,,,,,,,
12199.069,-0.965336008261939,-1.582925602817573,-0.9655656281968845,-0.96610193878373,0.9156970482514508,1.0003404654405694,,,,,,,,,,,,,
12199.48,-0.966064153523258,-1.5832495761561827,-0.9659123506565237,-0.9664516825805557,0.9150977845334838,0.9997749317298696,,,,,,,,,,,,,
12199.878,-0.966622959008496,-1.5835633021629132,-0.9662480888830611,-0.9667903493020888,0.9147344063984979,0.9994441910024034,,,,,,,,,,,,,
12200.276,-0.966439173663451,-1.583877028169642,-0.9665838100456252,-0.9671290016312514,0.9154720640279446,1.0002144607386927,,,,,,,,,,,,,
12200.674,-0.966795619084956,-1.5841907541763725,-0.9669195141442177,-0.9674676395602908,0.9154087241621877,1.0001837076791014,,,,,,,,,,,,,
12201.078,-0.967054422851748,-1.584509209720892,-0.9672602616568398,-0.9678113678483918,0.9154971695590491,1.0003052052648385,,,,,,,,,,,,,
12201.483,-0.967993996790937,-1.5848284535217108,-0.967601834956227,-0.9681559320402717,0.9145774091199897,0.9994185526608711,,,,,,,,,,,,,
12201.881,-0.96811483152793,-1.5851421795284413,-0.9679374873055444,-0.968494526251349,0.9148634080550256,0.9997370616736444,,,,,,,,,,,,,
12202.292,-0.968443304968102,-1.585466152867049,-0.9682840852646883,-0.9688441649262841,0.9148567357766136,0.9997639348061508,,,,,,,,,,,,,
12202.703,-0.968678467769678,-1.5857901262056568,-0.9686306650269199,-0.9691937882034335,0.9149884147221958,0.9999291321821802,,,,,,,,,,,,,
12203.114,-0.968916669315154,-1.5861140995442646,-0.9689772265922443,-0.969543396074381,0.9151155881371732,1.0000897970471283,,,,,,,,,,,,,
12203.519,-0.969341558403259,-1.5864333433450852,-0.9693187110642736,-0.9698878851021362,0.9149589483903562,0.9999661334314631,,,,,,,,,,,,,
12203.917,-0.969731028949699,-1.586747069351814,-0.9696542761215188,-0.970226405408783,0.9148466423346094,0.9998862080258811,,,,,,,,,,,,,
12204.322,-0.970326432490697,-1.5870663131526328,-0.9699957255599667,-0.9705708647359251,0.9144371816488122,0.9995096715270997,,,,,,,,,,,,,
12204.726,-0.970341655662958,-1.587384768697154,-0.9703363143092822,-0.9709144586100327,0.914886782792777,0.9999920894622708,,,,,,,,,,,,,
12205.125,-0.970487100783936,-1.5876992829601804,-0.9706726705940181,-0.9712537854350636,0.915137460776488,1.0002751525014815,,,,,,,,,,,,,
12205.529,-0.971392244697748,-1.5880177385047016,-0.9710132243962555,-0.9715973496349292,0.9142675808226498,0.9994380375229698,,,,,,,,,,,,,
12205.941,-0.971382936617413,-1.5883425000996088,-0.9713605037301019,-0.9719477016982413,0.9147629042837738,0.9999667479221045,,,,,,,,,,,,,
12206.346,-0.971971910973772,-1.5886617439004258,-0.971701864864734,-0.9722920860248225,0.9143629761183542,0.9995996130160142,,,,,,,,,,,,,
12206.737,-0.972161003354289,-1.588969952113068,-0.9720314090975233,-0.9726245514472971,0.9145395885756212,0.9998078602827732,,,,,,,,,,,,,
12207.136,-0.973002836821622,-1.589284466376096,-0.9723676789454174,-0.9729638047811253,0.9137577349901252,0.9990582635932387,,,,,,,,,,,,,
12207.534,-0.973178378183296,-1.5895981923828266,-0.9727030889263233,-0.9733021933068231,0.913962620682351,0.9992953000046216,,,,,,,,,,,,,
12207.939,-0.97376048754374,-1.5899174361836454,-0.9730443805609621,-0.9736465184653449,0.913572871212545,0.998938240746809,,,,,,,,,,,,,
12208.331,-0.974453323341767,-1.5902264326525852,-0.9733747003276374,-0.9739797768668818,0.9130037545309388,0.9984007400111885,,,,,,,,,,,,,
12208.743,-0.973785621899721,-1.5905511942474924,-0.9737218553018909,-0.9743300230315053,0.9144752745847873,0.9999054626156161,,,,,,,,,,,,,
12209.154,-0.97435664500755,-1.5908751675861001,-0.9740681494479411,-0.9746794035377,0.91410897510947,0.9995722580888688,,,,,,,,,,,,,
12209.559,-0.974547175692124,-1.5911944113869172,-0.9744093704046204,-0.9750236684015376,0.9142998174126015,0.9997956858100939,,,,,,,,,,,,,
12209.964,-0.975288100232213,-1.591513655187736,-0.9747505736918107,-0.9753679181723465,0.9136745934586065,0.9992030210757145,,,,,,,,,,,,,
12210.363,-0.975702418507954,-1.591828169450764,-0.9750867048367162,-0.9757070531797645,0.9135266145408097,0.9990870933995678,,,,,,,,,,,,,
12210.762,-0.976221248130525,-1.592142683713794,-0.975422818831797,-0.976046173523211,0.9132236771641221,0.9988161818365576,,,,,,,,,,,,,
12211.16,-0.976604399095568,-1.5924564097205245,-0.9757580733505016,-0.9763844293247932,0.9131207411205714,0.9987451660090222,,,,,,,,,,,,,
12211.552,-0.976816670514832,-1.5927654061894643,-0.9760882571009422,-0.9767175715162074,0.9132641548750466,0.9989199940388047,,,,,,,,,,,,,
12211.951,-0.977261640070896,-1.5930799204524924,-0.9764243199903948,-0.9770566481183326,0.9130707294549703,0.9987585186583148,,,,,,,,,,,,,
12212.363,-0.977643645540499,-1.5934046820473995,-0.9767713143002226,-0.9774067569100325,0.9129858542440671,0.9987066077815397,,,,,,,,,,,,,
12212.762,-0.977794811705402,-1.5937191963104276,-0.9771073423312515,-0.9777458036397104,0.9132280496641475,0.9989807015567792,,,,,,,,,,,,,
12213.154,-0.978586687907723,-1.5940281927793674,-0.977437458432517,-0.9780788878581744,0.9125120862631841,0.9982960521279796,,,,,,,,,,,,,
12213.553,-0.978793403950516,-1.5943427070423954,-0.9777734524647688,-0.9784179054232485,0.912671918153077,0.9984877319631863,,,,,,,,,,,,,
12213.952,-0.97851388747681,-1.5946572213054235,-0.9781094293471941,-0.9787569082662142,0.9135526845989388,0.9994003209263911,,,,,,,,,,,,,
12214.357,-0.97895602052504,-1.5949764651062424,-0.9784504409749637,-0.9791009938330498,0.9133704773174233,0.9992503886919016,,,,,,,,,,,,,
12214.749,-0.979507880871961,-1.595285461575184,-0.9787804897226433,-0.9794340202181572,0.9130103842424215,0.9989215097241952,,,,,,,,,,,,,
12215.155,-0.979531950952929,-1.5956054936323003,-0.9791223084748957,-0.9797789254003711,0.9134492056059011,0.99939263411044,,,,,,,,,,,,,
12215.567,-0.979788829577098,-1.5959302552272057,-0.9794691605833847,-0.9801289120902347,0.913549855352072,0.9995260373494408,,,,,,,,,,,,,
12215.972,-0.979738988541083,-1.5962494990280245,-0.9798101017513368,-0.9804729370675063,0.9140970956207269,1.0001054481946574,,,,,,,,,,,,,
12216.378,-0.980846888395926,-1.5965695310851427,-0.9801518670143494,-0.9808177962199061,0.9129289279197991,0.9989695042082282,,,,,,,,,,,,,
12216.77,-0.980635941722803,-1.5968785275540824,-0.9804818304193397,-0.9811507491639812,0.9136998450541592,0.9997715089126497,,,,,,,,,,,,,
12217.176,-0.981246300494378,-1.5971985596111988,-0.9808235607809479,-0.9814955782456429,0.9132693790654155,0.9993732148902484,,,,,,,,,,,,,
12217.575,-0.981474678501774,-1.597513073874227,-0.9811593819395075,-0.9818344470818557,0.9133970928671458,0.9995325203182182,,,,,,,,,,,,,
12217.974,-0.981375089714189,-1.597827588137255,-0.9814951859482388,-0.9821733011242407,0.914011081419513,1.0001780750688523,,,,,,,,,,,,,
12218.38,-0.982179125931643,-1.5981476201943714,-0.9818368636515942,-0.9825180847817245,0.9132934508362427,0.9994925383757531,,,,,,,,,,,,,
12218.792,-0.982265809614869,-1.5984723817892785,-0.982183572626715,-0.9828679480905028,0.9136464477826003,0.9998780765917203,,,,,,,,,,,,,
12219.205,-0.982883130788273,-1.5987979316404832,-0.982531104776287,-0.9832186447281925,0.9132138398810785,0.9994780617327514,,,,,,,,,,,,,
12219.604,-0.982883284911156,-1.5991124459035113,-0.9828668387243198,-0.983557438261907,0.9136799401116467,0.9999756242828959,,,,,,,,,,,,,
12220.003,-0.983737002614641,-1.5994269601665412,-0.9832025555225279,-0.9838962169662729,0.9128804658277784,0.9992075868906295,,,,,,,,,,,,,
12220.402,-0.983656976737069,-1.5997414744295693,-0.9835382551709095,-0.9842349808343527,0.9134654485498791,0.9998239810763595,,,,,,,,,,,,,
12220.815,-0.984055065676848,-1.600067024280774,-0.9838857156913168,-0.9845856155202992,0.9133578952007361,0.9997489145655204,,,,,,,,,,,,,
12221.214,-0.984025206492089,-1.600381538543802,-0.9842213804382958,-0.9849243491738918,0.9138684960146337,1.0002908750948896,,,,,,,,,,,,,
12221.613,-0.985275761257637,-1.6006960528068301,-0.9845570280354465,-0.9852630679702545,0.9124806333745288,0.9989343467422818,,,,,,,,,,,,,
12222.032,-0.985648411922131,-1.6010263321958256,-0.9849094816127284,-0.9856187491519061,0.9124178096931606,0.9989044006175924,,,,,,,,,,,,,
12222.445,-0.985667763402289,-1.6013518820470303,-0.9852568696141688,-0.9859693209980475,0.9128718085089091,0.9993907787480869,,,,,,,,,,,,,
12222.858,-0.985790821958449,-1.601677431898235,-0.9856042392411712,-0.9863198769034123,0.9131720413541572,0.9997233636643873,,,,,,,,,,,,,
12223.257,-0.986240405601369,-1.601991946161263,-0.985939816175879,-0.9866585344112611,0.9129717746502384,0.9995543264770643,,,,,,,,,,,,,
12223.657,-0.986942524250932,-1.6023072486805905,-0.9862762169411816,-0.9869980257365366,0.9123982442802399,0.9990120783694783,,,,,,,,,,,,,
12224.063,-0.98722023329377,-1.6026272807377069,-0.9866176460923182,-0.9873425941192686,0.9124609964049348,0.9991065558570558,,,,,,,,,,,,,
12224.462,-0.987484458341006,-1.602941795000735,-0.9869531712336883,-0.9876812066311959,0.9125355599773551,0.9992122721523166,,,,,,,,,,,,,
12224.862,-0.987380713266859,-1.6032570975200624,-0.9872895200758443,-0.9880206528272655,0.9131568797790554,0.9998647972302109,,,,,,,,,,,,,
12225.275,-0.988372274217713,-1.603582647371267,-0.9876367821701226,-0.9883711152914578,0.9121693884038317,0.9989094984877317,,,,,,,,,,,,,
12225.681,-0.988776307225411,-1.6039026794283835,-0.98797814055626,-0.9887156221260114,0.9120448406083765,0.9988165711322017,,,,,,,,,,,,,
12226.074,-0.988689802030097,-1.6042124641536226,-0.9883085518346686,-0.9890490832265678,0.9126324177205903,0.9994347311302197,,,,,,,,,,,,,
12226.467,-0.989383459765459,-1.6045222488788617,-0.9886389464751524,-0.9893825298180298,0.9120632511002786,0.9988961227267379,,,,,,,,,,,,,
12226.873,-0.989596488691297,-1.6048422809359781,-0.9889802527278686,-0.9897269911245132,0.9122219041156938,0.9990863188840773,,,,,,,,,,,,,
12227.273,-0.989683399052556,-1.6051575834553038,-0.9893164976806439,-0.9900663465353393,0.9125605400429003,0.9994560060511494,,,,,,,,,,,,,
12227.673,-0.990044828225025,-1.6054728859746312,-0.9896527253975265,-0.9904056866224248,0.912492148281608,0.9994186399741258,,,,,,,,,,,,,
12228.073,-0.990509993629048,-1.6057881884939587,-0.9899889358785074,-0.9907450112830558,0.912269947321022,0.9992274391422137,,,,,,,,,,,,,
12228.486,-0.990332983725438,-1.6061137383451634,-0.9903360551148701,-0.9910953476997804,0.913015090192778,1.000004562831905,,,,,,,,,,,,,
12228.899,-0.991132502511207,-1.606439288196368,-0.990683155976793,-0.9914456674491083,0.9123123387893064,0.9993337650026697,,,,,,,,,,,,,
12229.299,-0.991554639849124,-1.6067545907156955,-0.9910193136297458,-0.9917849441897985,0.9121539353302855,0.9992062833444345,,,,,,,,,,,,,
12229.698,-0.991973490981647,-1.6070691049787236,-0.9913546137172471,-0.9921233569560467,0.9119992355680768,0.9990824026186722,,,,,,,,,,,,,
12230.092,-0.992374171534862,-1.6073796779602603,-0.991685695220454,-0.9924575133942595,0.9118656335156163,0.9989792084471947,,,,,,,,,,,,,
12230.498,-0.992890757907576,-1.6076997100173767,-0.9920268429298336,-0.9928018309006528,0.9115742034005359,0.9987190864025242,,,,,,,,,,,,,
12230.892,-0.993695809453784,-1.6080102829989134,-0.9923578904783241,-0.9931359556316434,0.9108410424695799,0.9980162830080315,,,,,,,,,,,,,
12231.292,-0.993856577829519,-1.608325585518239,-0.9926939622534086,-0.9934751524316806,0.9110701694827088,0.9982762044912099,,,,,,,,,,,,,
12231.699,-0.994212270613228,-1.6086464058316547,-0.9930358975935771,-0.9938202683963145,0.9110184642428629,0.998255806394299,,,,,,,,,,,,,
12232.112,-0.993907953360003,-1.6089719556828594,-0.9933828555086066,-0.9941704546560477,0.9119523650944988,0.9992214488734302,,,,,,,,,,,,,
12232.512,-0.994820787693649,-1.6092872582021869,-0.993718874714201,-0.9945096012821576,0.9110664076181564,0.9983662079225798,,,,,,,,,,,,,
12232.905,-0.994565637428136,-1.609597042927426,-0.9940489967976056,-0.9948427966233641,0.9119040339448401,0.9992339883468877,,,,,,,,,,,,,
12233.306,-0.995609586603417,-1.609913133703051,-0.9943858217740189,-0.9951827578976982,0.9108248418826914,0.9981855387789018,,,,,,,,,,,,,
12233.706,-0.995374589824559,-1.6102284362223767,-0.9947217895304554,-0.9955218545143372,0.9116407679401314,0.999032105078392,,,,,,,,,,,,,
12234.106,-0.996176771627259,-1.610543738741704,-0.9950577400509939,-0.995860934178088,0.9109188744261062,0.9983408262508221,,,,,,,,,,,,,
12234.506,-0.996378875505716,-1.6108590412610297,-0.9953936733356326,-0.9961999967892308,0.9110867134930583,0.9985392544486416,,,,,,,,,,,,,
12234.913,-0.99691532842727,-1.6111798615744455,-0.9957354677617776,-0.99654497539046,0.9107669960876491,0.9982506352535486,,,,,,,,,,,,,
12235.327,-0.996368435785599,-1.6115061996819477,-0.996083122408697,-0.9968958689581209,0.9120617310160052,0.9995769761065235,,,,,,,,,,,,,
12235.74,-0.997529046000974,-1.6118317495331542,-0.9964299189134138,-0.9972458964321299,0.9108235911293849,0.9983703385250304,,,,,,,,,,,,,
12236.147,-0.998104119293176,-1.61215256984657,-0.9967716592362841,-0.9975908205540792,0.9104466114907445,0.9980243768780211,,,,,,,,,,,,,
12236.547,-0.997881421594757,-1.6124678723658956,-0.997107504574748,-0.9979297946084713,0.9112443017622295,0.9988525258829616,,,,,,,,,,,,,
12236.961,-0.999147664807347,-1.6127942104733979,-0.9974550863487188,-0.998280614158532,0.9098507090949429,0.9974904310918898,,,,,,,,,,,,,
12237.361,-0.999463600072195,-1.613109512992727,-0.9977908966121358,-0.998619552176854,0.9098497709262804,0.9975198996510527,,,,,,,,,,,,,
12237.762,-0.998827810652439,-1.6134256037683503,-0.9981275291006213,-0.9989593196157913,0.9112611190009269,0.9989617048188418,,,,,,,,,,,,,
12238.169,-0.999849844519735,-1.613746424081766,-0.9984691807712895,-0.9993041524037433,0.9102214331202991,0.9979529054856173,,,,,,,,,,,,,
12238.589,-0.999862614556307,-1.614077491727059,-0.9988217264403989,-0.9996599799078094,0.9106933714161201,0.9984566891380371,,,,,,,,,,,,,
12238.99,-1.0004895925099,-1.614393582502684,-0.9991583058823874,-0.9999996917738947,0.9102324205294566,0.9980261166927095,,,,,,,,,,,,,
12239.39,-1.00054572905494,-1.6147088850220097,-0.9994940287167022,-1.0003385381998928,0.9106166846423119,0.9984406579026485,,,,,,,,,,,,,
12239.791,-1.00082787611177,-1.6150249757976347,-0.9998305735575173,-1.0006782133200647,0.9106670128268884,0.9985213132255492,,,,,,,,,,,,,
12240.198,-1.00103828365582,-1.6153457961110504,-1.0001721362690859,-1.0010229518995395,0.9108307212958923,0.9987157763426754,,,,,,,,,,,,,
12240.605,-1.00110096037321,-1.6156666164244662,-1.0005136811362174,-1.001367671275097,0.9112134695335402,0.9991292527705823,,,,,,,,,,,,,
12241.013,-1.00254920757976,-1.6159882249941795,-1.000856047269675,-1.0017132182498212,0.9095430079789868,0.997489568350072,,,,,,,,,,,,,
12241.413,-1.00309742974305,-1.616303527513507,-1.0011916829334329,-1.0020519708607765,0.9091976591707548,0.997174367391518,,,,,,,,,,,,,
12241.834,-1.00250467925213,-1.6166353834150975,-1.0015449208525595,-1.0024084876296404,0.9105685685122982,0.998576979741534,,,,,,,,,,,,,
12242.241,-1.00332970771926,-1.6169562037285115,-1.0018863939912066,-1.002753128785154,0.9098209815676147,0.9978600146355953,,,,,,,,,,,,,
12242.649,-1.00320176164145,-1.6172778122982248,-1.002228688219942,-1.0030985969381228,0.9104875340280089,0.9985572376172144,,,,,,,,,,,,,
12243.056,-1.003646556344,-1.6175986326116405,-1.002570125625878,-1.0034431985159673,0.9103037178122082,0.9984039902594222,,,,,,,,,,,,,
12243.457,-1.00355113417187,-1.6179147233872655,-1.0029065121047651,-1.0037827004949489,0.9109138660318324,0.9990442308148234,,,,,,,,,,,,,
12243.858,-1.00463231472425,-1.6182308141628905,-1.003242881261464,-1.004122183044484,0.9097794711903422,0.997939902625582,,,,,,,,,,,,,
12244.252,-1.00463629759303,-1.6185413871444272,-1.0035733617661222,-1.0044557204480133,0.9102340508395934,0.998423999057874,,,,,,,,,,,,,
12244.66,-1.00515679097745,-1.6188629957141405,-1.003915567608308,-1.0048010894709793,0.9099391653049693,0.9981596529941168,,,,,,,,,,,,,
12245.074,-1.00562212793678,-1.6191893338216445,-1.0042627875596164,-1.0051515165855778,0.9097330723923789,0.9979845214848484,,,,,,,,,,,,,
12245.475,-1.00648783756403,-1.6195054245972695,-1.0045990868660049,-1.0054909198141366,0.9089181552296983,0.9971995674076632,,,,,,,,,,,,,
12245.876,-1.00626096270202,-1.6198215153728945,-1.004935368850207,-1.0058303031313878,0.9097232077047842,0.9980345572847164,,,,,,,,,,,,,
12246.277,-1.00690808367827,-1.6201376061485195,-1.0052716335122263,-1.0061696664421027,0.9092323908576959,0.9975736521560618,,,,,,,,,,,,,
12246.678,-1.00724006802593,-1.6204536969241445,-1.0056078808520574,-1.0065090096512255,0.9092088255367662,0.9975799728700393,,,,,,,,,,,,,
12247.079,-1.00787681850834,-1.6207697876997695,-1.0059441108697005,-1.0068483326638726,0.9087333849697865,0.9971343926544369,,,,,,,,,,,,,
12247.48,-1.00806258256789,-1.6210858784753945,-1.0062803235651625,-1.0071876353853326,0.9089266197494368,0.9973574621019328,,,,,,,,,,,,,
12247.875,-1.00780650347446,-1.6213972397132306,-1.0066114887113784,-1.0075218413280795,0.9097679607321534,0.998228166238524,,,,,,,,,,,,,
12248.296,-1.00879173923834,-1.6217290956148211,-1.0069644335661465,-1.0078780237591218,0.9087991976303141,0.9972906716199078,,,,,,,,,,,,,
12248.704,-1.00840995400084,-1.6220507041845345,-1.0073064616682963,-1.0082231860422173,0.9098421161618142,0.9983638660879017,,,,,,,,,,,,,
12249.105,-1.00863224081915,-1.6223667949601595,-1.0076426041678648,-1.0085624055702664,0.9099811988270419,0.9985326793418314,,,,,,,,,,,,,
12249.506,-1.00951810717649,-1.6226828857357845,-1.007978729345247,-1.0089016043312236,0.9091363953799928,0.997717580799958,,,,,,,,,,,,,
12249.908,-1.00979209787863,-1.622999764767707,-1.0083156753529945,-1.0092416280354304,0.9091999856951999,0.9978109243177263,,,,,,,,,,,,,
12250.316,-1.00973790864708,-1.623321373337422,-1.0086576326052583,-1.0095867051868426,0.9097571792431343,0.9983982887533351,,,,,,,,,,,,,
12250.717,-1.01050982229771,-1.623637464113047,-1.0089937054705072,-1.0099258406642693,0.909081332912744,0.9977520697651422,,,,,,,,,,,,,
12251.118,-1.01070399076849,-1.623953554888672,-1.0093297610135643,-1.0102649549990408,0.9092621065132819,0.9979624450243457,,,,,,,,,,,,,
12251.526,-1.01081069283641,-1.6242751634583854,-1.0096716650844648,-1.0106099672399231,0.9095807473243918,0.9983111778713498,,,,,,,,,,,,,
12251.941,-1.01114421367012,-1.624602289822187,-1.010019416760219,-1.010960876155075,0.9095712662753715,0.9983322778669542,,,,,,,,,,,,,
12252.336,-1.01144018611703,-1.6249136510600213,-1.010350392085865,-1.0112948524827905,0.9095940831598365,0.998384176459158,,,,,,,,,,,,,
12252.731,-1.01240150749163,-1.6252250122978573,-1.0106813506038161,-1.011628807932478,0.9086303904681807,0.9974495405545463,,,,,,,,,,,,,
12253.132,-1.01251408169497,-1.6255411030734823,-1.0110173191471716,-1.0119678146763085,0.9089321434869401,0.9977807662378847,,,,,,,,,,,,,
12253.541,-1.01277582383883,-1.6258634998994932,-1.011359972460852,-1.0123135622923893,0.9090220758852476,0.997900732826877,,,,,,,,,,,,,
12253.942,-1.01291159642416,-1.6261795906751182,-1.0116959060142516,-1.0126525251080754,0.9092894327773566,0.998197510504115,,,,,,,,,,,,,
12254.344,-1.01281880706185,-1.6264964697070408,-1.0120326599201501,-1.0129923112496662,0.9098968460865633,0.9988343921873115,,,,,,,,,,,,,
12254.765,-1.01313545984816,-1.626828325608633,-1.0123853113931034,-1.0133481332555958,0.9099193876706688,0.9988877672586916,,,,,,,,,,,,,
12255.18,-1.01328119685847,-1.6271554519724347,-1.0127329182673819,-1.0136988603515809,0.9101883327711702,0.9991870787072921,,,,,,,,,,,,,
12255.595,-1.01442849550502,-1.6274825783362363,-1.0130805065888282,-1.0140495637042792,0.9089722673695004,0.9980013521455231,,,,,,,,,,,,,
12255.997,-1.01457999649394,-1.627799457368159,-1.0134171889112409,-1.014389258434199,0.9092174725788468,0.9982759195923286,,,,,,,,,,,,,
12256.398,-1.01501958822586,-1.628115548143784,-1.013753016371652,-1.014728085770654,0.9090343583195839,0.9981220688145811,,,,,,,,,,,,,
12256.807,-1.01511217891551,-1.6284379449697965,-1.0140955257877717,-1.0150736496332446,0.9093750907454413,0.9984926220748341,,,,,,,,,,,,,
12257.209,-1.01578230776429,-1.628754824001721,-1.0144321556242843,-1.0154132763534947,0.9088513289828701,0.9979981447291135,,,,,,,,,,,,,
12257.617,-1.01620221823923,-1.6290764325714342,-1.014773791986343,-1.0157579488762372,0.9087055772324405,0.9978820880838409,,,,,,,,,,,,,
12258.026,-1.01687245960093,-1.629398829397445,-1.0151162476942162,-1.0161034425780002,0.9081898298536167,0.9973960819064299,,,,,,,,,,,,,
12258.447,-1.01685715047743,-1.6297306852990356,-1.015468732181258,-1.0164590482276394,0.9087045697254249,0.9979414076762284,,,,,,,,,,,,,
12258.849,-1.01651604719079,-1.63004756433096,-1.0158052909972497,-1.0167985816030267,0.9096801568665013,0.9989461739323383,,,,,,,,,,,,,
12259.251,-1.01779065375446,-1.6303644433628826,-1.016141832404557,-1.0171380918672424,0.9082601389750382,0.997555309344117,,,,,,,,,,,,,
12259.653,-1.01777056767665,-1.630681322394807,-1.016478356403173,-1.0174775789299415,0.9087597554826149,0.9980840533431542,,,,,,,,,,,,,
12260.062,-1.01760505428826,-1.6310037192208178,-1.0168207224063792,-1.017822953554773,0.9094831775529949,0.9988370836102286,,,,,,,,,,,,,
12260.47,-1.01805119975859,-1.631325327790531,-1.0171622333746893,-1.0181674596269221,0.9092985273041916,0.9986819425458173,,,,,,,,,,,,,
12260.872,-1.0179558443464,-1.6316422068224536,-1.0174987045842698,-1.018506875784086,0.9099097452829091,0.9993222097459223,,,,,,,,,,,,,
12261.281,-1.01840162192245,-1.6319646036484663,-1.017841016879233,-1.0188521779890745,0.909726809252872,0.9991688022795985,,,,,,,,,,,,,
12261.697,-1.01945679089452,-1.6322925182685672,-1.018189169334331,-1.0192033648927326,0.9086485128092521,0.9981205123701586,,,,,,,,,,,,,
12262.105,-1.01921880619063,-1.6326141268382788,-1.0185306084418677,-1.0195477735009522,0.9094782189982415,0.9989796211958877,,,,,,,,,,,,,
12262.507,-1.01942579638496,-1.6329310058702031,-1.018867008847458,-1.0198870932609587,0.9096411506361901,0.9991714970744494,,,,,,,,,,,,,
12262.91,-1.02014627397964,-1.633248673158425,-1.0192042285962746,-1.0202272330832087,0.9090439057799286,0.998603242551218,,,,,,,,,,,,,
12263.312,-1.02082701291631,-1.6335655521903476,-1.0195405941411781,-1.0205665048398125,0.9085044124923289,0.9980926418164486,,,,,,,,,,,,,
12263.714,-1.02143758673649,-1.633882431222272,-1.0198769422773992,-1.0209057524912526,0.9080689526771646,0.9976860487423262,,,,,,,,,,,,,
12264.123,-1.02132269615556,-1.6342048280482828,-1.020219129355926,-1.021250882610254,0.9087173165604024,0.9983637555314132,,,,,,,,,,,,,
12264.532,-1.02189404162789,-1.6345272248742937,-1.0205612984142132,-1.0215959875925151,0.9083482016293699,0.9980239567876984,,,,,,,,,,,,,
12264.948,-1.02217744760525,-1.6348551394943946,-1.0209093051811493,-1.0219469731353938,0.9084141943746151,0.9981197400559254,,,,,,,,,,,,,
12265.35,-1.02203794044271,-1.635172018526319,-1.0212455824700708,-1.0222861217752337,0.9090908759359916,0.9988251833133596,,,,,,,,,,,,,
12265.739,-1.0230409780526,-1.6354786502263625,-1.021570968546948,-1.0226142795482487,0.9080583183254799,0.9978204327210897,,,,,,,,,,,,,
12266.142,-1.02258703097695,-1.6357963175145844,-1.0219080479852103,-1.0229542232955915,0.9092023871401339,0.998993283830922,,,,,,,,,,,,,
12266.537,-1.0231788504479,-1.6361076787524205,-1.0222384190423313,-1.0232873946670602,0.9087865531000461,0.998605635552255,,,,,,,,,,,,,
12266.947,-1.02402885703337,-1.6364308638347307,-1.0225813180585845,-1.0236331927783373,0.9080054374535853,0.9978537496543909,,,,,,,,,,,,,
12267.343,-1.02419624636985,-1.6367430133288643,-1.0229124911364273,-1.0239671585605654,0.9082200726259334,0.9980965909965708,,,,,,,,,,,,,
12267.752,-1.02368375077461,-1.6370654101548752,-1.0232545183238777,-1.0243120624121465,0.9094579635044172,0.9993635877110999,,,,,,,,,,,,,
12268.167,-1.02527791382795,-1.6373925365186768,-1.0236015446063682,-1.0246619994480282,0.9075793344490307,0.9975144641628905,,,,,,,,,,,,,
12268.577,-1.0252245218716,-1.637715721600987,-1.0239443716304262,-1.0250076940399826,0.9081376833684105,0.9981019360883516,,,,,,,,,,,,,
12268.986,-1.02572110153291,-1.6380381184269996,-1.0242863444487451,-1.0253525193027073,0.9078794233369206,0.9978727012800271,,,,,,,,,,,,,
12269.389,-1.0256349749045,-1.6383557857152198,-1.024623282925253,-1.0256922603480105,0.9084781265871367,0.9984999778220451,,,,,,,,,,,,,
12269.791,-1.02638466389845,-1.6386726647471423,-1.0249593678957947,-1.026031132904556,0.9078364013894065,0.9978867291707585,,,,,,,,,,,,,
12270.194,-1.02708992278071,-1.6389903320353643,-1.0252962714249048,-1.026370822818781,0.9072617212430495,0.9973405704998425,,,,,,,,,,,,,
12270.597,-1.02659570413802,-1.6393079993235862,-1.0256331574586088,-1.0267104870056827,0.908465500511688,0.9985728453035609,,,,,,,,,,,,,
12270.999,-1.02744510135993,-1.6396248783555105,-1.0259691901164771,-1.0270492826356103,0.9076759384157448,0.9978116821902819,,,,,,,,,,,,,
12271.416,-1.02729343734317,-1.6399535812319073,-1.0263177429111803,-1.0274006926603303,0.9083881760408912,0.9985533511871805,,,,,,,,,,,,,
12271.825,-1.02800881161711,-1.64027597805792,-1.0266595906452416,-1.027745333975788,0.9078055103155149,0.9979995252230855,,,,,,,,,,,,,
12272.221,-1.02869579361113,-1.6405881275520535,-1.0269905556332155,-1.02807899533079,0.9072497480151774,0.9974716605586383,,,,,,,,,,,,,
12272.624,-1.02844285744775,-1.6409057948402754,-1.0273273536689302,-1.0284185288056662,0.9080957789408279,0.9983460565451312,,,,,,,,,,,,,
12273.034,-1.02915946110678,-1.6412289799225857,-1.0276699838407115,-1.02876393294913,0.9075124591559653,0.9977915678943354,,,,,,,,,,,,,
12273.443,-1.02986125004907,-1.6415513767485965,-1.0280117602868781,-1.0291084674864144,0.906949936334873,0.9972577791362742,,,,,,,,,,,,,
12273.853,-1.02906951951165,-1.6418745618309067,-1.028354354285895,-1.0294538170931626,0.9086030162297359,0.9989396365320012,,,,,,,,,,,,,
12274.256,-1.03068507635159,-1.6421922291191287,-1.0286910814717256,-1.0297932437498656,0.9066786417876441,0.9970435221019359,,,,,,,,,,,,,
12274.672,-1.03045994230579,-1.6425201437392296,-1.0290386524737762,-1.030143591759325,0.9074986443190489,0.9978926690496219,,,,,,,,,,,,,
12275.095,-1.03086159191361,-1.6428535761534153,-1.029392052910815,-1.0304998058961206,0.9073974990222345,0.9978211302374261,,,,,,,,,,,,,
12275.505,-1.03069936911632,-1.6431767612357255,-1.029734573945964,-1.0308450444076775,0.9081172108931376,0.9985695114259833,,,,,,,,,,,,,
12275.914,-1.03169670359724,-1.6434991580617382,-1.0300762415216873,-1.0311894131790278,0.9071164841584245,0.9975973573325649,,,,,,,,,,,,,
12276.317,-1.0318354443712,-1.6438168253499583,-1.0304128792334861,-1.0315287029441307,0.907381777619335,0.9978907781427483,,,,,,,,,,,,,
12276.727,-1.03186370626591,-1.6441400104322703,-1.0307553462965764,-1.0318738583452278,0.9078190587761562,0.9983566485930816,,,,,,,,,,,,,
12277.13,-1.03213658690537,-1.6444576777204905,-1.0310919487136712,-1.0322130935026603,0.9078854637195558,0.9984511285544521,,,,,,,,,,,,,
12277.54,-1.03263103603027,-1.6447808628028024,-1.0314343798689976,-1.0325581931733125,0.9076315313676317,0.9982257322557551,,,,,,,,,,,,,
12277.957,-1.03281671083783,-1.6451095656791992,-1.0317826388350362,-1.0329091558247208,0.9078435983804268,0.9984667949818241,,,,,,,,,,,,,
12278.373,-1.03375584319206,-1.6454374802992984,-1.0321300439829297,-1.033259247642149,0.9069373488582259,0.9975894439646592,,,,,,,,,,,,,
12278.777,-1.03424607160474,-1.6457559358438196,-1.0324674099850188,-1.0335992126576719,0.9066826620731354,0.9973627956174584,,,,,,,,,,,,,
12279.173,-1.03412040333388,-1.6460680853379532,-1.0327980784086712,-1.033932418835143,0.9073318123156441,0.9980394037812265,,,,,,,,,,,,,
12279.577,-1.03402521516915,-1.6463865408824727,-1.0331354095942409,-1.0342723289678306,0.9079451198048353,0.9986806980860098,,,,,,,,,,,,,
12279.987,-1.03421380055832,-1.646709725964783,-1.0334777326729387,-1.034617258806293,0.9081446901065222,0.9989086441961819,,,,,,,,,,,,,
12280.384,-1.03514854333751,-1.647022663715214,-1.033809184348927,-1.0349512244379862,0.9072227428547519,0.9980141474462778,,,,,,,,,,,,,
12280.787,-1.03549518966093,-1.647340331003436,-1.0341456280049748,-1.0352902097469439,0.907179775782078,0.9979990199972574,,,,,,,,,,,,,
12281.21,-1.03551970242253,-1.6476737634176235,-1.0344987497973186,-1.0356459880793918,0.9076378094285559,0.9984862469830759,,,,,,,,,,,,,
12281.627,-1.03632309424111,-1.6480024662940238,-1.0348468439030718,-1.035996689674414,0.9069339904733414,0.9978111793034937,,,,,,,,,,,,,
12282.037,-1.03546565264495,-1.6483256513763322,-1.0351890764394387,-1.0363414748346953,0.9086844998311591,0.9995899302230761,,,,,,,,,,,,,
12282.441,-1.03648137047654,-1.6486441069208535,-1.035526282981884,-1.0366811858003848,0.90765067247436,0.9985839048740486,,,,,,,,,,,,,
12282.838,-1.037188413533,-1.6489570446712847,-1.0358576297086977,-1.0370149829893154,0.9070663344793353,0.9980268617732087,,,,,,,,,,,,,
12283.248,-1.03688215601893,-1.649280229753595,-1.0361998087588447,-1.037359681664268,0.9079996059149782,0.9989882954668226,,,,,,,,,,,,,
12283.645,-1.03704238159662,-1.649593167504026,-1.0365311209730326,-1.0376934228044572,0.9082260315009075,0.9992419647752174,,,,,,,,,,,,,
12284.049,-1.0379332738594,-1.6499116230485473,-1.0368682575342838,-1.0380330201204848,0.9073772823998199,0.9984209139210862,,,,,,,,,,,,,
12284.452,-1.03813664486548,-1.6502292903367675,-1.0372045420819802,-1.038371748197041,0.9075467489340756,0.9986179841697371,,,,,,,,,,,,,
12284.869,-1.03886406950167,-1.650557993213166,-1.0375524905536473,-1.0387222132902612,0.9069555661458079,0.9980553367260828,,,,,,,,,,,,,
12285.273,-1.03817940336946,-1.6508764487576855,-1.0378895738456286,-1.0390617232234942,0.9084428897123247,0.9995702795574428,,,,,,,,,,,,,
12285.664,-1.03885989394833,-1.6511846569703295,-1.038215793655226,-1.0393902807110853,0.907890908482598,0.9990450040293787,,,,,,,,,,,,,
12286.068,-1.03969144477336,-1.6515031125148472,-1.038552842348297,-1.0397297334860587,0.9071301446388111,0.9983118081507789,,,,,,,,,,,,,
12286.471,-1.0399111511094,-1.651820779803069,-1.0388890392453067,-1.0400683169722282,0.9072753908598418,0.9984845281269098,,,,,,,,,,,,,
12286.882,-1.0399452095947,-1.6521447531416786,-1.0392318920063257,-1.0404135917418111,0.9077052461840895,0.9989423758730847,,,,,,,,,,,,,
12287.286,-1.04030531974549,-1.6524632086861981,-1.039568887691246,-1.0407529563344091,0.907643485104654,0.9989081041638905,,,,,,,,,,,,,
12287.696,-1.04073334384937,-1.6527863937685083,-1.0399108702866169,-1.041097330924121,0.9074880408040384,0.9987805308386053,,,,,,,,,,,,,
12288.12,-1.04106974745661,-1.6531206144389952,-1.0402645112899336,-1.041453432694658,0.9074848041744725,0.9988060886360031,,,,,,,,,,,,,
12288.524,-1.04193332777353,-1.6534390699835146,-1.0406014530962988,-1.0417927069019979,0.9066765503609102,0.9980252443071778,,,,,,,,,,,,,
12288.928,-1.04124673546965,-1.6537575255280341,-1.0409383773203231,-1.0421319514496477,0.9081667298526699,0.9995428072144157,,,,,,,,,,,,,
12289.332,-1.04161748668366,-1.6540759810725554,-1.0412752839620083,-1.0424711662571344,0.9080891913212416,0.9994926260292069,,,,,,,,,,,,,
12289.736,-1.04271203225288,-1.6543944366170749,-1.0416121730213526,-1.0428103512441278,0.9069384864663339,0.9983692524512582,,,,,,,,,,,,,
12290.14,-1.04261231224403,-1.6547128921615943,-1.0419490444983577,-1.0431495063304363,0.9075585132984679,0.9990165844910924,,,,,,,,,,,,,
12290.544,-1.04271688961576,-1.6550313477061138,-1.0422858983930219,-1.0434886314360132,0.9078756294112318,0.9993609797422942,,,,,,,,,,,,,
12290.955,-1.0432027347633,-1.6553553210447234,-1.0426285708231262,-1.04383360162473,0.9076356228778649,0.9991486982549925,,,,,,,,,,,,,
12291.379,-1.04348482698131,-1.6556895417152102,-1.0429820629711877,-1.0441894505873086,0.9077129134774536,0.9992545625745065,,,,,,,,,,,,,
12291.784,-1.04440207672595,-1.6560087855160273,-1.0433196965852574,-1.0445293224014878,0.9068262530116314,0.9983951685894731,,,,,,,,,,,,,
12292.188,-1.04472546728617,-1.6563272410605485,-1.043656478931986,-1.0448683246835253,0.9068189358881755,0.9984150245206378,,,,,,,,,,,,,
12292.592,-1.04443810414642,-1.656645696605068,-1.043993243696372,-1.0452072965811838,0.9077171802657553,0.9993404158835812,,,,,,,,,,,,,
12293.003,-1.04477185474442,-1.6569696699436758,-1.0443358254518547,-1.0455521104939198,0.9077026835714385,0.9993535097924692,,,,,,,,,,,,,
12293.414,-1.04504967886524,-1.6572936432822853,-1.044678389010432,-1.0458968927950127,0.9077711087892233,0.999449498632984,,,,,,,,,,,,,
12293.818,-1.04553491068989,-1.657612098826803,-1.0450151004185049,-1.0462357720023043,0.9075238304205756,0.9992292881385291,,,,,,,,,,,,,
12294.229,-1.04618075948845,-1.6579360721654126,-1.0453576278931944,-1.0465804913728851,0.907046587262369,0.9987795551016199,,,,,,,,,,,,,
12294.654,-1.04598313402921,-1.658271081092197,-1.0457118038331892,-1.046936919502739,0.9078363216416061,0.9995977083118841,,,,,,,,,,,,,
12295.071,-1.04654411066355,-1.6585997839685955,-1.0460592940201963,-1.0472866051982759,0.9074919304853946,0.9992811730036066,,,,,,,,,,,,,
12295.482,-1.04789885419017,-1.6589237573072033,-1.0464017660186613,-1.0476312271833106,0.9059636126074558,0.9977802829926162,,,,,,,,,,,,,
12295.887,-1.04769861618751,-1.6592430011080221,-1.0467392206255361,-1.047970786779958,0.9067338457173711,0.9985775171701302,,,,,,,,,,,,,
12296.298,-1.04807868793113,-1.65956697444663,-1.047081656495834,-1.048315344932086,0.9066506688887229,0.998521714641356,,,,,,,,,,,,,
12296.709,-1.04861405500758,-1.6598909477852395,-1.0474240741692302,-1.0486598708105048,0.9063372364354143,0.9982356295074466,,,,,,,,,,,,,
12297.114,-1.04857659805913,-1.6602101915860565,-1.0477614752440942,-1.0489993354638805,0.9068661148784651,0.9987914296464171,,,,,,,,,,,,,
12297.518,-1.04847021357798,-1.6605286471305778,-1.048098025625789,-1.0493379305534591,0.9074960230908373,0.9994481669798616,,,,,,,,,,,,,
12297.936,-1.0485102283293,-1.6608581382632739,-1.0484462201376399,-1.0496882260650224,0.9079252282949103,0.9999051035870302,,,,,,,,,,,,,
12298.341,-1.04988022323291,-1.6611773820640927,-1.0487835676804966,-1.0500275950568934,0.9063672848130981,0.9983740024294605,,,,,,,,,,,,,
12298.739,-1.04998700193482,-1.6614911080708215,-1.0491150673110532,-1.0503610674979253,0.9066741245620782,0.9987071950381092,,,,,,,,,,,,,
12299.144,-1.05019302077099,-1.6618103518716403,-1.0494523798203303,-1.0507003734978992,0.9068420026591695,0.9989018635153069,,,,,,,,,,,,,
12299.549,-1.05061100159168,-1.662129595672459,-1.0497896746601185,-1.051039647611615,0.9066956057664007,0.99878223080417,,,,,,,,,,,,,
12299.953,-1.05105906795191,-1.6624480512169786,-1.0501261190690414,-1.051378052166125,0.9065034324486929,0.9986167294821711,,,,,,,,,,,,,
12300.358,-1.05095896827859,-1.6627672950177974,-1.0504633786134807,-1.0517172623543631,0.9071251909511961,0.9992651998340467,,,,,,,,,,,,,
12300.77,-1.05198544165773,-1.6630920566127045,-1.0508064492050018,-1.0520623024788345,0.9060847663468802,0.9982519218837772,,,,,,,,,,,,,
12301.188,-1.05180006339016,-1.6634215477454006,-1.0511544972832425,-1.0524123334088047,0.9068481606692824,0.9990428304927956,,,,,,,,,,,,,
12301.599,-1.05256503674993,-1.6637455210840084,-1.0514966984532812,-1.052756469055101,0.9061942921112354,0.998415988245561,,,,,,,,,,,,,
12302.004,-1.0525625717612,-1.6640647648848272,-1.0518338861854257,-1.0530955482304907,0.9066712881480589,0.9989195896559776,,,,,,,,,,,,,
12302.409,-1.05264241092175,-1.6643840086856443,-1.0521710562480777,-1.0534345949756718,0.9070262522283521,0.9993011329113894,,,,,,,,,,,,,
12302.814,-1.05284198610246,-1.6647032524864631,-1.0525082086412425,-1.053773609214158,0.9072036843016383,0.9995051179613162,,,,,,,,,,,,,
12303.219,-1.05393475110728,-1.6650224962872802,-1.0528453433649165,-1.0541125908695905,0.9060567882245192,0.9983847486623649,,,,,,,,,,,,,
12303.618,-1.05389595446345,-1.66533701055031,-1.0531774662213227,-1.0544465186378433,0.9065806405649386,0.9989347091724834,,,,,,,,,,,,,
12304.023,-1.0542775839812,-1.665656254351127,-1.053514565867788,-1.0547854353841544,0.9064881415698907,0.9988686849467776,,,,,,,,,,,,,
12304.441,-1.0543368680226,-1.665985745483825,-1.0538624674673933,-1.0551351965319007,0.9068887762925273,0.9992966167727884,,,,,,,,,,,,,
12304.853,-1.05463253528515,-1.6663105070787303,-1.054205356845415,-1.055479902902086,0.9069319143157283,0.9993666327655691,,,,,,,,,,,,,
12305.251,-1.05525177409894,-1.6666242330854626,-1.0545365772785438,-1.0558128635541777,0.9064789319823277,0.998939589327021,,,,,,,,,,,,,
12305.65,-1.05558633899972,-1.6669387473484907,-1.0548686127954774,-1.0561466287629253,0.9064492030005461,0.9989358390170878,,,,,,,,,,,,,
12306.055,-1.05560594356925,-1.6672579911493095,-1.0552056237890994,-1.0564853801282494,0.9068934766121003,0.9994064559527952,,,,,,,,,,,,,
12306.467,-1.05665850645131,-1.6675827527442149,-1.055548441533869,-1.0568299524002325,0.9058143692303758,0.9983541203303318,,,,,,,,,,,,,
12306.872,-1.05697882632446,-1.6679019965450337,-1.055885416883111,-1.0571686367360908,0.9058127737432337,0.9983788153175791,,,,,,,,,,,,,
12307.277,-1.0573791598445,-1.6682212403458525,-1.0562223745628678,-1.0575072877310934,0.9056925424161697,0.9982848482664337,,,,,,,,,,,,,
12307.689,-1.05729512762564,-1.6685460019407579,-1.0565651380722958,-1.057851757665633,0.9062986589892278,0.9989176561842458,,,,,,,,,,,,,
12308.108,-1.05767848924757,-1.6688762813297533,-1.056913706479362,-1.0582020446963263,0.9062199542240548,0.9988660684507524,,,,,,,,,,,,,
12308.52,-1.05784355296211,-1.6692010429246604,-1.0572564331069803,-1.0585464446422073,0.9064567374842543,0.9991294883712107,,,,,,,,,,,,,
12308.925,-1.0590323711099,-1.6695202867254775,-1.0575933188871858,-1.0588849591974943,0.9051674238854214,0.9978663324431415,,,,,,,,,,,,,
12309.338,-1.05824570775075,-1.6698458365766822,-1.0579368410048406,-1.0592301257346135,0.9068164969312208,0.999542052874599,,,,,,,,,,,,,
12309.743,-1.05905262598538,-1.670165080377501,-1.0582736910970407,-1.0595685721088444,0.9060934244515592,0.9988450851512513,,,,,,,,,,,,,
12310.148,-1.05972200978141,-1.6704843241783198,-1.0586105235197536,-1.0599069846139595,0.9055742736062147,0.9983520128637444,,,,,,,,,,,,,
12310.561,-1.06018421146239,-1.6708098740295245,-1.0589539912259376,-1.0602520468545762,0.9053716606116522,0.998175966579189,,,,,,,,,,,,,
12310.973,-1.05975773788051,-1.6711346356244317,-1.059296608983436,-1.0605962383461853,0.9064855133060481,0.9993162945125851,,,,,,,,,,,,,
12311.398,-1.06008093712079,-1.671469644551216,-1.0596500183352902,-1.060951253278426,0.906503023470028,0.9993610868906884,,,,,,,,,,,,,
12311.797,-1.06036717032229,-1.6717841588142441,-1.059981789641732,-1.061284515405357,0.9065449556605811,0.9994286060093396,,,,,,,,,,,,,
12312.203,-1.0612986681169,-1.6721041908713605,-1.0603193638936368,-1.0616235901200965,0.9056383384250161,0.9985479984943048,,,,,,,,,,,,,
12312.609,-1.06137581670347,-1.6724242229284787,-1.0606569203886824,-1.0619626303485292,0.9059984605498232,0.9989341040116322,,,,,,,,,,,,,
12313.028,-1.06239783006364,-1.6727545023174724,-1.0610052667241199,-1.0623124903063395,0.9049728299997533,0.9979352612286014,,,,,,,,,,,,,
12313.433,-1.06216651729065,-1.6730737461182912,-1.0613419558276398,-1.0626506253721069,0.9057891375184947,0.9987774348064383,,,,,,,,,,,,,
12313.839,-1.06231531866949,-1.6733937781754076,-1.0616794585272906,-1.0629895606725395,0.9060430204013186,0.9990572213195839,,,,,,,,,,,,,
12314.265,-1.06323706467715,-1.6737295753584895,-1.062033567885214,-1.0633451548967328,0.9051742369667812,0.998215589250899,,,,,,,,,,,,,
12314.684,-1.06294894451712,-1.674059854747485,-1.0623818394745914,-1.0636948685858576,0.9060911349305334,0.9991591641560307,,,,,,,,,,,,,
12315.103,-1.06325465066376,-1.6743901341364786,-1.0627300921517708,-1.0640445450668012,0.9061275695558699,0.9992222476817159,,,,,,,,,,,,,
12315.509,-1.06356731303411,-1.6747101661935968,-1.0630675218121493,-1.06438333682659,0.9061384965541219,0.9992589700152721,,,,,,,,,,,,,
12315.915,-1.06398383670447,-1.6750301982507132,-1.0634049337156721,-1.064722093503036,0.905995428914694,0.9991416713831401,,,,,,,,,,,,,
12316.327,-1.06430975315906,-1.6753549598456186,-1.0637473138495892,-1.065065820496167,0.9059937166099311,0.9991660819939306,,,,,,,,,,,,,
12316.727,-1.06468036684102,-1.6756702623649478,-1.064079704252162,-1.0653995013150437,0.9059117070216819,0.9991094085206901,,,,,,,,,,,,,
12317.133,-1.06495577504891,-1.6759902944220624,-1.0644170628851235,-1.0657381523054927,0.9059778705830127,0.9992012621052869,,,,,,,,,,,,,
12317.539,-1.06565304237009,-1.6763103264791805,-1.064754403761233,-1.0660767679223735,0.9054185457160736,0.9986676009336038,,,,,,,,,,,,,
12317.958,-1.06572133006672,-1.676640605868176,-1.0651025275736785,-1.0664261887439814,0.9058069995072001,0.9990825125578956,,,,,,,,,,,,,
12318.364,-1.06570288223686,-1.6769606379252906,-1.0654398323675078,-1.0667647322586435,0.9063088619675258,0.9996099852144428,,,,,,,,,,,,,
12318.77,-1.06676940779027,-1.6772806699824088,-1.0657771194044887,-1.0671032401810696,0.9052020397394323,0.9985287468545607,,,,,,,,,,,,,
12319.17,-1.06680344912407,-1.6775959725017344,-1.066109404538805,-1.0674367106462883,0.9056190643131038,0.9989709514624624,,,,,,,,,,,,,
12319.576,-1.06723742408541,-1.6779160045588508,-1.0664466563244908,-1.0677751476973893,0.9054501217305435,0.998827540481178,,,,,,,,,,,,,
12319.988,-1.06828226756825,-1.678240766153758,-1.0667888739743,-1.0681185496768382,0.9043824598640027,0.9977857606157057,,,,,,,,,,,,,
12320.395,-1.06829722727385,-1.6785615864671737,-1.0671269205432452,-1.0684577478794206,0.904835957879873,0.9982647999103089,,,,,,,,,,,,,
12320.794,-1.06864706294929,-1.6788761007302018,-1.0674583051404323,-1.06879024372629,0.9047835869957606,0.9982374425821607,,,,,,,,,,,,,
12321.22,-1.06856207997592,-1.6792118979132837,-1.0678120953293693,-1.0691452008903755,0.9054074756600492,0.998888009381832,,,,,,,,,,,,,
12321.633,-1.06875300674137,-1.6795374477644902,-1.068155070440465,-1.0694892880906952,0.9056070806458526,0.9991134507090412,,,,,,,,,,,,,
12322.046,-1.06892438755631,-1.679862997615695,-1.0684980271771245,-1.0698333378656837,0.9058356663161488,0.9993678454770426,,,,,,,,,,,,,
12322.446,-1.07001615849107,-1.6801783001350206,-1.0688301711494308,-1.0701665222395398,0.9046844004231648,0.998241550317989,,,,,,,,,,,,,
12322.852,-1.07051949268811,-1.6804983321921387,-1.0691672796556784,-1.070504668337705,0.9044126192436494,0.997995088299945,,,,,,,,,,,,,
12323.259,-1.07013578146687,-1.6808191525055527,-1.0695052006559305,-1.0708436107935653,0.9054572246780188,0.9990650488328916,,,,,,,,,,,,,
12323.659,-1.07035343040193,-1.6811344550248801,-1.0698372923603774,-1.0711766880819211,0.9056020151661571,0.9992347325576273,,,,,,,,,,,,,
12324.072,-1.07077283183973,-1.6814600048760848,-1.070180158959964,-1.0715205531860348,0.9054628618812302,0.9991212547245627,,,,,,,,,,,,,
12324.492,-1.07137597971207,-1.6817910725213778,-1.070528818013626,-1.0718702076796522,0.9050594498694494,0.9987439254015446,,,,,,,,,,,,,
12324.898,-1.07174066021234,-1.6821111045784942,-1.0708658370358286,-1.0722081697281503,0.9049932498428215,0.9987029118587822,,,,,,,,,,,,,
12325.298,-1.07214440162754,-1.6824264070978217,-1.0711978581161787,-1.0725411013401973,0.9048621219277544,0.9985965724662724,,,,,,,,,,,,,
12325.704,-1.07287736167088,-1.682746439154938,-1.0715348418870878,-1.0728789903950926,0.9042498756375666,0.9980094603930146,,,,,,,,,,,,,
12326.111,-1.07239867240391,-1.6830672594683538,-1.0718726378447716,-1.0732176746799131,0.9054353045522727,0.9992200590062257,,,,,,,,,,,,,
12326.518,-1.07318008289155,-1.6833880797817677,-1.0722104159580255,-1.0735563218399449,0.9047523897708217,0.998562287465418,,,,,,,,,,,,,
12326.924,-1.0736323556209,-1.683708111838886,-1.0725473463709019,-1.0738940998852378,0.9045563171778103,0.9983912699756093,,,,,,,,,,,,,
12327.331,-1.07315116468383,-1.6840289321522999,-1.0728850888391293,-1.074232672677235,0.9057454553064423,0.9996054984941618,,,,,,,,,,,,,
12327.751,-1.07418590537457,-1.6843599997975929,-1.0732336004418315,-1.0745820206905383,0.9047021227497898,0.9985880300013794,,,,,,,,,,,,,
12328.171,-1.07488545563575,-1.6846910674428859,-1.07358209304196,-1.0749313288696558,0.9041557753911645,0.9980675185315798,,,,,,,,,,,,,
12328.585,-1.07435209729223,-1.6850174055503881,-1.0739255885790477,-1.0752756078727785,0.9054304430823517,0.9993676254533042,,,,,,,,,,,,,
12328.998,-1.07462528451729,-1.6853429554015928,-1.0742682360200888,-1.0756190165732007,0.9055080808900838,0.9994706137674753,,,,,,,,,,,,,
12329.405,-1.07537260273373,-1.6856637757150086,-1.0746058875562419,-1.075957398389015,0.9048757145511305,0.9988632029938481,,,,,,,,,,,,,
12329.818,-1.07566913107165,-1.6859893255662133,-1.074948498515349,-1.0763007301081877,0.9049187446058544,0.9989315294634051,,,,,,,,,,,,,
12330.225,-1.07617917816652,-1.686310145879629,-1.0752861140995709,-1.076639035920736,0.9046381789895368,0.9986758661066415,,,,,,,,,,,,,
12330.632,-1.0769922384324,-1.686630966193043,-1.0756237118393575,-1.0769773039056523,0.9039083372378652,0.9979709001566569,,,,,,,,,,,,,
12331.052,-1.07669138066581,-1.686962033838336,-1.0759720740908438,-1.0773263367867945,0.9048452899318183,0.998933495472078,,,,,,,,,,,,,
12331.473,-1.07743266981366,-1.6872938897399283,-1.0763212467057635,-1.0776761601223996,0.9042382252753552,0.9983521062151973,,,,,,,,,,,,,
12331.88,-1.07695353461295,-1.6876147100533423,-1.0766587897284676,-1.078014311686081,0.9054243153738176,0.9995629909865665,,,,,,,,,,,,,
12332.287,-1.07726631064062,-1.687935530366758,-1.0769963149067383,-1.0783524251427923,0.9054362425966491,0.9995996864244396,,,,,,,,,,,,,
12332.694,-1.07816885868799,-1.688256350680172,-1.077333822240572,-1.0786905004241305,0.9045737177523746,0.9987619033373433,,,,,,,,,,,,,
12333.108,-1.0793668255205,-1.688582688787676,-1.077677116061416,-1.0790343510317053,0.9032813581373565,0.9974946838690594,,,,,,,,,,,,,
12333.515,-1.07833962514796,-1.68890350910109,-1.0780145873994798,-1.079372349098044,0.9052800617651243,0.9995180758832273,,,,,,,,,,,,,
12333.922,-1.0789220129158,-1.6892243294145075,-1.0783520408931064,-1.07971030878334,0.9048922369895052,0.999154913036143,,,,,,,,,,,,,
12334.342,-1.07945956510067,-1.6895553970598005,-1.0787002542910624,-1.0800590229382399,0.9045860833802684,0.9988741813438937,,,,,,,,,,,,,
12334.763,-1.07987893838387,-1.689887252961391,-1.0790492776980418,-1.080408526199336,0.9044563217898579,0.9987698739230945,,,,,,,,,,,,,
12335.177,-1.08013793198426,-1.6902135910688934,-1.0793924792458522,-1.0807521779773772,0.9045561731586673,0.9988947286258174,,,,,,,,,,,,,
12335.584,-1.08062261943454,-1.690534411382309,-1.0797298598710547,-1.081089980228334,0.904313208162406,0.9986763175163945,,,,,,,,,,,,,
12335.991,-1.0810420030792,-1.6908552316957248,-1.0800672226518273,-1.0814277437540962,0.9041670687969086,0.998554705579872,,,,,,,,,,,,,
12336.399,-1.08114941114936,-1.6911768402654364,-1.080405396423524,-1.0817662982299854,0.9044846628219738,0.9988968607424114,,,,,,,,,,,,,
12336.799,-1.08159924631156,-1.6914921427847656,-1.0807369219286986,-1.0820981764731687,0.9042851919353911,0.998721443591225,,,,,,,,,,,,,
12337.207,-1.0821504980364,-1.691813751354477,-1.0810750601875512,-1.0824366535468521,0.9039447011610062,0.9984054612995696,,,,,,,,,,,,,
12337.621,-1.08227847020709,-1.6921400894619794,-1.0814181527381237,-1.082780068170679,0.9042388173579338,0.9987244192206771,,,,,,,,,,,,,
12338.041,-1.08188436933307,-1.6924711571072724,-1.0817661987776575,-1.0831284185185224,0.9053140211477541,0.9998247967858781,,,,,,,,,,,,,
12338.449,-1.08241843758594,-1.6927927656769874,-1.0821042824486984,-1.083466776099119,0.904999008222581,0.9995342114063215,,,,,,,,,,,,,
12338.85,-1.0830715709974,-1.6931088564526124,-1.0824365481912164,-1.0837992901437086,0.9044992767674372,0.9990584624890463,,,,,,,,,,,,,
12339.251,-1.08425342350595,-1.6934249472282374,-1.0827687966115498,-1.084131766074941,0.9032156161126638,0.9977987586886096,,,,,,,,,,,,,
12339.658,-1.08361555761084,-1.6937457675416514,-1.083105998617043,-1.0844691776700488,0.9046370554294587,0.9992444870535728,,,,,,,,,,,,,
12340.066,-1.08436429556167,-1.6940673761113665,-1.0834440112184378,-1.0848073787466865,0.9040037528010526,0.998635506596132,,,,,,,,,,,,,
12340.467,-1.08438003930667,-1.6943834668869915,-1.083776207110649,-1.0851397387141777,0.9044490758631941,0.9991047086293904,,,,,,,,,,,,,
12340.874,-1.08437946668348,-1.6947042872004054,-1.0841133558020566,-1.085477032414047,0.9049256035864127,0.9996054463522176,,,,,,,,,,,,,
12341.302,-1.0847903809523,-1.6950416608960843,-1.0844678811226238,-1.085831686764471,0.9048165653410379,0.999521838730249,,,,,,,,,,,,,
12341.716,-1.0855710858066,-1.6953679990035884,-1.0848107910448501,-1.0861746985415857,0.9041428780047676,0.9988727223358962,,,,,,,,,,,,,
12342.124,-1.08539665376253,-1.6956896075733017,-1.0851487131939734,-1.0865126989169263,0.9048783549782438,0.999632387367146,,,,,,,,,,,,,
12342.538,-1.0868135060464,-1.6960159456808057,-1.0854915864567332,-1.086855629009739,0.9032614549832023,0.9980400039591939,,,,,,,,,,,,,
12342.939,-1.08656848145163,-1.6963320364564307,-1.085823675564793,-1.0871877514459782,0.904093417977606,0.9988956875963205,,,,,,,,,,,,,
12343.347,-1.08730470897807,-1.6966536450261422,-1.0861615439611771,-1.087525631753248,0.9034786644937839,0.9983050424713223,,,,,,,,,,,,,
12343.755,-1.08751253840963,-1.6969752535958555,-1.0864993944253367,-1.087863471873429,0.9036473642611992,0.9984978240095249,,,,,,,,,,,,,
12344.163,-1.08809820282219,-1.6972968621655706,-1.0868372269572681,-1.088201271740831,0.9032558499643294,0.998130364895404,,,,,,,,,,,,,
12344.584,-1.08801120816932,-1.6976287180671612,-1.0871858049626582,-1.0885497925727643,0.9038768776172545,0.9987761863229501,,,,,,,,,,,,,
12344.992,-1.08822398210263,-1.6979503266368745,-1.0875236010587592,-1.088887510450158,0.9040382461962925,0.9989615560614905,,,,,,,,,,,,,
12345.4,-1.08872947219159,-1.6982719352065878,-1.0878613792226304,-1.089225187876281,0.9037656059739075,0.9987128904105732,,,,,,,,,,,,,
12345.801,-1.08867788112874,-1.6985880259822128,-1.088193344699528,-1.089557032337741,0.9043107660238101,0.9992815877958117,,,,,,,,,,,,,
12346.209,-1.08982439767827,-1.6989096345519261,-1.0885310873066008,-1.0898946293625005,0.9030876790274357,0.9980824226509947,,,,,,,,,,,,,
12346.624,-1.09011836009263,-1.6992367609157277,-1.0888746061208696,-1.090237976795125,0.9031368510518346,0.9981558996746743,,,,,,,,,,,,,
12347.032,-1.09029992585947,-1.699558369485441,-1.0892123125558246,-1.0905754917648118,0.9033444918254978,0.9983874086676496,,,,,,,,,,,,,
12347.44,-1.09064292881125,-1.6998799780551543,-1.0895500010585497,-1.0909129659581023,0.9033127704806432,0.9983795289540704,,,,,,,,,,,,,
12347.868,-1.09105521287733,-1.700217351750835,-1.0899042236469345,-1.0912669391096834,0.9032017012436242,0.9982934414807598,,,,,,,,,,,,,
12348.29,-1.09163373067757,-1.700549995908725,-1.090253461177733,-1.0916159059455581,0.9028371456058227,0.9979534887488025,,,,,,,,,,,,,
12348.711,-1.09186188907798,-1.7008818518103155,-1.0906018520155882,-1.0919640021657275,0.9029908973797826,0.9981317567848921,,,,,,,,,,,,,
12349.12,-1.09199787696259,-1.7012042486363281,-1.0909402941886785,-1.092302134555609,0.9032672849985426,0.9984319347544721,,,,,,,,,,,,,
12349.528,-1.09230056679194,-1.7015258572060397,-1.0912778909205834,-1.0926393990592589,0.9032953357216413,0.9984836910406532,,,,,,,,,,,,,
12349.936,-1.09279817974277,-1.701847465775753,-1.0916154697202636,-1.09297662239242,0.9030343748931421,0.9982464091871995,,,,,,,,,,,,,
12350.344,-1.09347531581224,-1.7021690743454663,-1.091953030587712,-1.0933138044910595,0.9025072360213585,0.9977429227024178,,,,,,,,,,,,,
12350.759,-1.09363985165364,-1.7024962007092679,-1.0922963645442731,-1.093656729208958,0.9027483081876468,0.998008025780269,,,,,,,,,,,,,
12351.181,-1.09415154018187,-1.7028288448671578,-1.0926454706511244,-1.0940053943151051,0.9024828399821075,0.9977669656188649,,,,,,,,,,,,,
12351.603,-1.09420259656617,-1.7031614890250477,-1.0929945575739932,-1.0943540151000344,0.9029003487862927,0.9982088540231718,,,,,,,,,,,,,
12352.004,-1.09455370929759,-1.7034775798006727,-1.0933262550969776,-1.0946852463253993,0.9028484219050298,0.9981800671831397,,,,,,,,,,,,,
12352.413,-1.09491661354102,-1.7037999766266854,-1.0936645521829043,-1.0950230443016284,0.9027883617568534,0.9981435822656749,,,,,,,,,,,,,
12352.821,-1.09544195043885,-1.704121585196397,-1.0940020041823821,-1.0953599746940121,0.9024862947687632,0.9978650062465254,,,,,,,,,,,,,
12353.236,-1.09530173074583,-1.7044487115602003,-1.094345227403144,-1.0957026429913868,0.9031792264640471,0.9985818046658784,,,,,,,,,,,,,
12353.638,-1.09554969213105,-1.7047655905921228,-1.0946776813629597,-1.0960345359168349,0.9032814103191741,0.9987070813836124,,,,,,,,,,,,,
12354.047,-1.09614201442582,-1.7050879874181355,-1.0950159064560445,-1.0963721664156794,0.9028811931568902,0.998330332708571,,,,,,,,,,,,,
12354.462,-1.09691231171181,-1.7054151137819353,-1.0953590748677193,-1.0967147069191223,0.9022241058145875,0.9976970308251489,,,,,,,,,,,,,
12354.884,-1.0970784245105,-1.7057477579398252,-1.0957080126373704,-1.0970629807207857,0.9024710210401756,0.9979681045020299,,,,,,,,,,,,,
12355.299,-1.09709521734094,-1.7060748843036286,-1.0960511436304525,-1.0974054336465446,0.9029311510407123,0.9984519644810554,,,,,,,,,,,,,
12355.715,-1.09759463396549,-1.7064027989237278,-1.0963950828252589,-1.0977486680804733,0.9026768658639067,0.9982214388557068,,,,,,,,,,,,,
12356.123,-1.09785306889432,-1.7067244074934393,-1.096732389696749,-1.0980852593095496,0.9027705331099105,0.9983383818900082,,,,,,,,,,,,,
12356.532,-1.09960774641422,-1.707046804319452,-1.0970705053025558,-1.0984226331693738,0.9006468975836289,0.9962380525146594,,,,,,,,,,,,,
12356.934,-1.09923699445649,-1.7073636833513746,-1.0974028165284473,-1.098754191526382,0.9016664446632137,0.9972804808258824,,,,,,,,,,,,,
12357.343,-1.09922366212811,-1.7076860801773872,-1.097740896402188,-1.099091481127246,0.902164228625896,0.9978015179597168,,,,,,,,,,,,,
12357.758,-1.09968772852845,-1.7080132065411888,-1.0980839174641712,-1.0994336752133245,0.9019611883085862,0.997622044626533,,,,,,,,,,,,,
12358.174,-1.10030180911175,-1.7083411211612898,-1.0984277464629866,-1.0997766497941939,0.9015368914452301,0.9972213439275096,,,,,,,,,,,,,
12358.576,-1.10102110846398,-1.7086580001932106,-1.0987599865817455,-1.1001080399797292,0.9009402248195096,0.9966474531031922,,,,,,,,,,,,,
12358.978,-1.10031587677604,-1.708974879225135,-1.0990922092918147,-1.100439388842426,0.9024557033467013,0.9981856816199988,,,,,,,,,,,,,
12359.387,-1.1010950385285,-1.7092972760511476,-1.0994301991084203,-1.1007764649920937,0.9017784602412799,0.9975315581584017,,,,,,,,,,,,,
12359.789,-1.10119823792892,-1.7096141550830701,-1.0997623866979787,-1.1011077303100438,0.902095281977856,0.9978710778115623,,,,,,,,,,,,,
12360.198,-1.10163897039381,-1.7099365519090828,-1.100100340782518,-1.1014447213383272,0.9019198263092725,0.9977186888070242,,,,,,,,,,,,,
12360.607,-1.10223123695259,-1.7102589487350937,-1.1004382768468162,-1.1017816693462823,0.9015196917864641,0.9973415942297317,,,,,,,,,,,,,
12361.023,-1.10246938650649,-1.7105868633551928,-1.1007819781724315,-1.1021243399958036,0.9016527860077385,0.997498095314847,,,,,,,,,,,,,
12361.446,-1.10310875027204,-1.710920295769382,-1.101131443818291,-1.1024727309704818,0.9011991831007624,0.997068264794698,,,,,,,,,,,,,
12361.861,-1.1027361210601,-1.7112474221331837,-1.1014742814531449,-1.1028144880767852,0.902236707244389,0.9981290839558449,,,,,,,,,,,,,
12362.27,-1.10327569374985,-1.7115698189591946,-1.1018121442468818,-1.1031512605286944,0.9019147016615061,0.9978300096805384,,,,,,,,,,,,,
12362.68,-1.10398897035185,-1.7118930040415048,-1.102150815024638,-1.1034888128940048,0.9013363148877056,0.9972745834644774,,,,,,,,,,,,,
12363.089,-1.10407613359545,-1.7122154008675157,-1.1024886417338369,-1.103825498514472,0.9016850945610713,0.9976462409430311,,,,,,,,,,,,,
12363.498,-1.10477575346959,-1.7125377976935265,-1.1028264504227963,-1.104162140680432,0.9011257878066357,0.9971097852752504,,,,,,,,,,,,,
12363.9,-1.10519642062855,-1.7128546767254509,-1.1031584599846997,-1.1044929788401243,0.9009719016621669,0.9969783330865272,,,,,,,,,,,,,
12364.31,-1.10551553711935,-1.713177861807761,-1.1034970587702606,-1.1048303574818736,0.9009779341427485,0.9970072193823366,,,,,,,,,,,,,
12364.739,-1.1058562374912,-1.7135160237597393,-1.103851329332386,-1.1051833237974162,0.9009741704401143,0.997027339829642,,,,,,,,,,,,,
12365.148,-1.10550021568204,-1.7138384205857502,-1.1041890653235544,-1.1055197900394076,0.9019800584071093,0.9980559710945965,,,,,,,,,,,,,
12365.558,-1.10611137889022,-1.7141616056680604,-1.1045276089887128,-1.1058570350159578,0.9015530746590918,0.9976517594350234,,,,,,,,,,,,,
12365.967,-1.10690994199499,-1.714484002494073,-1.1048653088953468,-1.106193413568993,0.9008470652642141,0.9969684398357134,,,,,,,,,,,,,
12366.383,-1.10746890088535,-1.7148119171141722,-1.105208770021477,-1.1065355041971838,0.9005044970633274,0.9966489223559345,,,,,,,,,,,,,
12366.799,-1.1067531073756,-1.7151398317342732,-1.105552212505268,-1.1068775493653455,0.9020519979638698,0.9982194463366553,,,,,,,,,,,,,
12367.202,-1.1077868529293,-1.7154574990224933,-1.105884904633843,-1.1072088622109384,0.9009902722486095,0.9971799978715604,,,,,,,,,,,,,
12367.618,-1.10806655850041,-1.7157854136425943,-1.1062283104155064,-1.1075508176946647,0.9010617515679654,0.9972744458530175,,,,,,,,,,,,,
12368.048,-1.10824960409669,-1.71612436385087,-1.1065832535285267,-1.1079042333169469,0.9012929105678446,0.9975293174469023,,,,,,,,,,,,,
12368.471,-1.10852824204272,-1.7164577962650576,-1.10693239906335,-1.1082518480066925,0.9013741540557443,0.9976338586943885,,,,,,,,,,,,,
12368.887,-1.10903331816773,-1.7167857108851585,-1.1072757479768889,-1.1085936640458312,0.9011114775655004,0.9973940665481235,,,,,,,,,,,,,
12369.297,-1.10929150181765,-1.7171088959674687,-1.107614126501673,-1.1089305051935228,0.9012078548689665,0.9975129710871119,,,,,,,,,,,,,
12369.706,-1.10971436037095,-1.7174312927934796,-1.1079516616707075,-1.1092664803535455,0.9010589007610087,0.9973864625190075,,,,,,,,,,,,,
12370.116,-1.11007226066315,-1.7177544778757898,-1.1082900040227237,-1.1096032323764151,0.9010074286903884,0.9973574640507104,,,,,,,,,,,,,
12370.532,-1.10998544578352,-1.718082392495889,-1.1086332792183207,-1.1099448667846847,0.9016223460757726,0.997995156478805,,,,,,,,,,,,,
12370.942,-1.11103498430478,-1.7184055775781975,-1.108971585088403,-1.110281528679201,0.9005453854114439,0.9969406153251935,,,,,,,,,,,,,
12371.365,-1.11083075965433,-1.7187390099923867,-1.1093205987511467,-1.110628818237199,0.9013425668915105,0.9977608990386895,,,,,,,,,,,,,
12371.782,-1.11187294478362,-1.7190677128687852,-1.1096646429986432,-1.1109711349344022,0.9002846902713215,0.9967257689868876,,,,,,,,,,,,,
12372.185,-1.11228059979327,-1.7193853801570071,-1.1099971188006421,-1.111301914804173,0.9001512659202361,0.9966143011394858,,,,,,,,,,,,,
12372.588,-1.1120399705666,-1.719703047445229,-1.1103295771072297,-1.111632651190733,0.9009790494114777,0.9974640151940518,,,,,,,,,,,,,
12372.998,-1.11280495607161,-1.7200262325275375,-1.1106677921699806,-1.1119690876972925,0.9003239941020125,0.9968312447556658,,,,,,,,,,,,,
12373.408,-1.11324183064415,-1.7203494176098477,-1.111005989124262,-1.112305479079596,0.9001554272551316,0.99668493593052,,,,,,,,,,,,,
12373.818,-1.11269246431345,-1.720672602692158,-1.1113441679700777,-1.1126418252786134,0.9014491549351067,0.998000894782886,,,,,,,,,,,,,
12374.228,-1.11339323959478,-1.7209957877744682,-1.1116823287074276,-1.112978126235414,0.9008893038078545,0.9974632479786825,,,,,,,,,,,,,
12374.651,-1.11399723058834,-1.7213292201886556,-1.1120311926356745,-1.1133250429142485,0.9004881479355817,0.9970849723291448,,,,,,,,,,,,,
12375.074,-1.11449889534127,-1.721662652602845,-1.1123800372889097,-1.1136719113092393,0.9002387106760111,0.9968583867133319,,,,,,,,,,,,,
12375.491,-1.11431170104825,-1.7219913554792416,-1.1127239149241834,-1.114013812261036,0.9010036288666684,0.997645804437168,,,,,,,,,,,,,
12375.901,-1.11508714234668,-1.7223145405615519,-1.113062001770162,-1.1143499279987215,0.9003330708038303,0.9969973411389575,,,,,,,,,,,,,
12376.305,-1.11538763988385,-1.7226329961060731,-1.1133951232908537,-1.1146810804244665,0.9003596970528294,0.9970457125517205,,,,,,,,,,,,,
12376.715,-1.1153912461035,-1.7229561811883833,-1.1137331741849028,-1.1150171056913052,0.9008335350575517,0.9975415920153,,,,,,,,,,,,,
12377.118,-1.1161426692275,-1.7232738484766053,-1.1140654358309643,-1.1153473494484554,0.9001904074174728,0.9969201033508334,,,,,,,,,,,,,
12377.522,-1.11660234933528,-1.7235923040211247,-1.1143985043870313,-1.1156783683390632,0.8999810144535075,0.9967323770202124,,,,,,,,,,,,,
12377.939,-1.11648288745913,-1.7239210068975233,-1.1147422720555547,-1.1160199922185976,0.900645506123472,0.9974192051761231,,,,,,,,,,,,,
12378.356,-1.11655189245735,-1.72424970977392,-1.115086020991992,-1.1163615686907284,0.9010305588876052,0.9978265666522238,,,,,,,,,,,,,
12378.759,-1.11749853552968,-1.724567377062142,-1.1154182113974507,-1.1166916322637375,0.9000979795922176,0.9969155207043182,,,,,,,,,,,,,
12379.169,-1.11788449220491,-1.7248905621444521,-1.1157561539057017,-1.1170273833980313,0.9000049084607455,0.9968443303285548,,,,,,,,,,,,,
12379.573,-1.11791619728668,-1.7252090176889716,-1.1160891332009282,-1.1173581761038094,0.9004300719587047,0.9972910281131985,,,,,,,,,,,,,
12379.99,-1.11839774684071,-1.7255377205653701,-1.1164328087363558,-1.11769956622603,0.9002034469430373,0.9970866029781351,,,,,,,,,,,,,
12380.4,-1.11853473419643,-1.7258609056476804,-1.1167706968750402,-1.1180351790678236,0.9004795213946357,0.9973844775719245,,,,,,,,,,,,,
12380.804,-1.11912111615274,-1.7261793611921998,-1.117103622596355,-1.1183658353360875,0.9000822682242652,0.9970086792544296,,,,,,,,,,,,,
12381.228,-1.11932952470956,-1.7265135818626867,-1.117453010879517,-1.1187128124490284,0.9002688092251733,0.997217709192603,,,,,,,,,,,,,
12381.645,-1.11953242047715,-1.7268422847390852,-1.1177966120705864,-1.1190540128799076,0.900455342805403,0.9974263324233823,,,,,,,,,,,,,
12382.062,-1.11999220043443,-1.7271709876154837,-1.1181401945295715,-1.1193951653659542,0.9002609954635521,0.9972540469581006,,,,,,,,,,,,,
12382.48,-1.12038805034845,-1.7275004787481798,-1.1184845821277882,-1.1197370877858124,0.9001626056255115,0.9971777440288491,,,,,,,,,,,,,
12382.883,-1.12086101230794,-1.7278181460364017,-1.1188165934983711,-1.1200666945359887,0.8999323509817432,0.996968757278321,,,,,,,,,,,,,
12383.301,-1.12075994751094,-1.7281476371690978,-1.119160944127957,-1.1204085220407123,0.9005707341368442,0.997629172528978,,,,,,,,,,,,,
12383.711,-1.12180614969619,-1.728470822251408,-1.1194986860297362,-1.1207437603598505,0.899498720241478,0.9965787419509798,,,,,,,,,,,,,
12384.122,-1.12154553310611,-1.7287947955900158,-1.1198372335174813,-1.12107976952767,0.9003654888477757,0.9974671195692262,,,,,,,,,,,,,
12384.539,-1.12202064000559,-1.7291234984664143,-1.1201807047069998,-1.1214206359864316,0.9001484163242588,0.9972719439435243,,,,,,,,,,,,,
12384.963,-1.12260097354664,-1.7294577191368994,-1.120529922393544,-1.1217671748403364,0.8997835059839622,0.9969292695976316,,,,,,,,,,,,,
12385.374,-1.12314944335352,-1.729781692475509,-1.1208684144493475,-1.1221030409030546,0.8994506461768178,0.9966179366137357,,,,,,,,,,,,,
12385.785,-1.12328800061461,-1.7301056658141167,-1.1212068883082438,-1.122438859873227,0.8997255616811887,0.9969143519608802,,,,,,,,,,,,,
12386.196,-1.12354518497241,-1.7304296391527245,-1.1215453439702276,-1.1227746316942917,0.8998245893738838,0.9970348525158724,,,,,,,,,,,,,
12386.613,-1.12369478880835,-1.730758342029123,-1.1218887219934661,-1.1231152570491778,0.9000901386385385,0.9973221605411018,,,,,,,,,,,,,
12387.024,-1.12359875577309,-1.7310823153677308,-1.1222271409959887,-1.123450933712338,0.9007128800192028,0.9979663204292368,,,,,,,,,,,,,
12387.435,-1.12407428055179,-1.7314062887063386,-1.122565541801606,-1.1237865630564394,0.9004881754458516,0.997763007382878,,,,,,,,,,,,,
12387.853,-1.12416495124277,-1.7317357798390365,-1.1229096874601616,-1.1241278601226417,0.9008422733378352,0.998138833460761,,,,,,,,,,,,,
12388.284,-1.12513700303444,-1.7320755183036098,-1.123264516504161,-1.1244797203160142,0.8999047454839064,0.9972236803269676,,,,,,,,,,,,,
12388.708,-1.12503205236449,-1.7324097389740984,-1.1236135631373418,-1.1248258148829633,0.9005559026660568,0.9978968198834353,,,,,,,,,,,,,
12389.126,-1.12559272531807,-1.7327392301067945,-1.123957651474253,-1.125166962350434,0.9002131305195393,0.9975756909322657,,,,,,,,,,,,,
12389.537,-1.1260576649909,-1.7330632034454023,-1.1242959592144164,-1.1255023488115028,0.9000041204304964,0.9973879343824749,,,,,,,,,,,,,
12389.948,-1.12659653774309,-1.73338717678401,-1.1246342487576744,-1.1258376876113985,0.8996854901290422,0.9970905306397998,,,,,,,,,,,,,
12390.359,-1.12636038489448,-1.7337111501226197,-1.1249725201040235,-1.126172978694497,0.9005159864664266,0.997942226555485,,,,,,,,,,,,,
12390.763,-1.12714542413528,-1.7340296056671392,-1.1253050124032438,-1.1265025126653767,0.8998241851193627,0.9972712374282389,,,,,,,,,,,,,
12391.181,-1.12762943545086,-1.7343590967998352,-1.1256490082060004,-1.1268434174882582,0.8995950788057049,0.9970636371099372,,,,,,,,,,,,,
12391.599,-1.12779767544805,-1.7346885879325313,-1.1259929851867252,-1.1271842727830705,0.8998341650696441,0.9973242014618903,,,,,,,,,,,,,
12392.01,-1.12850530392145,-1.7350125612711391,-1.1263311834355179,-1.1275193716276104,0.8992653214920114,0.9967764490811319,,,,,,,,,,,,,
12392.415,-1.1283155365975,-1.7353318050719597,-1.126664426683229,-1.1278495315698471,0.9000200297782077,0.9975519142709837,,,,,,,,,,,,,
12392.826,-1.12838143953249,-1.7356557784105657,-1.1270025888038546,-1.128184535072176,0.9004026694938302,0.9979555916164043,,,,,,,,,,,,,
12393.237,-1.12922741566171,-1.7359797517491735,-1.127340732727573,-1.1285194904707556,0.8996286985287163,0.9972026313006122,,,,,,,,,,,,,
12393.655,-1.12944905574038,-1.7363092428818714,-1.127684617129118,-1.1288601013095256,0.8997886087550132,0.9973838823481685,,,,,,,,,,,,,
12394.06,-1.12920927422306,-1.7366284866826884,-1.1280177886081582,-1.1291900714204797,0.9006174728392345,0.9982333969249538,,,,,,,,,,,,,
12394.471,-1.13014956308204,-1.736952460021298,-1.1283558778968796,-1.1295248820612778,0.8997036648544986,0.9973405185824683,,,,,,,,,,,,,
12394.889,-1.13112317080201,-1.737281951153994,-1.1286997067329008,-1.129865345508302,0.8987486363648737,0.9964067485273441,,,,,,,,,,,,,
12395.314,-1.13091980509933,-1.7376169600807785,-1.1290492741706135,-1.1302114591916135,0.8995468817747703,0.9972265797619542,,,,,,,,,,,,,
12395.732,-1.13062926621243,-1.7379464512134746,-1.1293930650473687,-1.1305518216612123,0.9004661972292025,0.9981670973688521,,,,,,,,,,,,,
12396.137,-1.13158109666144,-1.7382656950142934,-1.1297261459102899,-1.1308815508555012,0.899528264123434,0.997249680399516,,,,,,,,,,,,,
12396.542,-1.13221639985771,-1.7385849388151122,-1.1300592091037203,-1.1312112329133264,0.8990596444153979,0.9968015506294395,,,,,,,,,,,,,
12396.96,-1.13175434620228,-1.7389144299478083,-1.1304029446851267,-1.1315514478729742,0.9002332639718725,0.9979962903522056,,,,,,,,,,,,,
12397.365,-1.13243861206722,-1.7392336737486271,-1.1307359719724097,-1.1318810339852443,0.8996920475562966,0.9974755106366988,,,,,,,,,,,,,
12397.776,-1.13296118877222,-1.739557647087235,-1.1310739149332,-1.1322154545049383,0.8993975793237013,0.9972017550865634,,,,,,,,,,,,,
12398.195,-1.13260423708359,-1.7398879264762304,-1.131418417127513,-1.132556334234305,0.9004165334556941,0.9982417972942436,,,,,,,,,,,,,
12398.62,-1.13366013496531,-1.7402229354030148,-1.131767833207105,-1.1329020434684989,0.8993476749548859,0.9971943002001198,,,,,,,,,,,,,
12399.025,-1.13330413026235,-1.7405421792038336,-1.1321007880712965,-1.1332314354090802,0.9003488625836884,0.9982158171475881,,,,,,,,,,,,,
12399.437,-1.13426507256514,-1.740866940798739,-1.1324394795806931,-1.1335664718004244,0.8994056005833247,0.9972932089552252,,,,,,,,,,,,,
12399.842,-1.13455443270858,-1.7411861845995578,-1.1327723988005065,-1.1338957678588026,0.8994499089348482,0.9973577937756508,,,,,,,,,,,,,
12400.253,-1.13486870092575,-1.7415101579381673,-1.1331102320928288,-1.1342298937063064,0.8994642986705778,0.9973927335888743,,,,,,,,,,,,,
12400.672,-1.13511022975874,-1.741840437327161,-1.1334546224840043,-1.134570472695244,0.8995958886825851,0.9975452459065491,,,,,,,,,,,,,
12401.077,-1.13494239574716,-1.742159681127978,-1.1337874878227847,-1.1348996234204125,0.9003180765546164,0.9982876303583064,,,,,,,,,,,,,
12401.502,-1.13573818344171,-1.7424946900547642,-1.1341367719561877,-1.1352449771421727,0.8996348821464564,0.9976256017207883,,,,,,,,,,,,,
12401.928,-1.13613935249775,-1.7428304872378462,-1.1344868584081649,-1.135591090619275,0.8995379555925861,0.9975498617876016,,,,,,,,,,,,,
12402.346,-1.1366028435257,-1.743159978370544,-1.1348303514645348,-1.1359306528329551,0.8993392746082721,0.9973719413787562,,,,,,,,,,,,,
12402.765,-1.13755228215792,-1.7434902577595377,-1.1351746473849946,-1.1362709761651528,0.8984212502496722,0.9964746992545057,,,,,,,,,,,,,
12403.177,-1.1372387890161,-1.7438150193544448,-1.1355131729040693,-1.1366055638361645,0.8993675874023798,0.9974414441020788,,,,,,,,,,,,,
12403.596,-1.13774331577037,-1.7441452987434403,-1.1358574313160936,-1.1369457852748288,0.8991092316926105,0.9972038150130581,,,,,,,,,,,,,
12404.008,-1.13794354757977,-1.7444700603383456,-1.1361959199533551,-1.1372802726465643,0.8992938713918736,0.9974088077226934,,,,,,,,,,,,,
12404.42,-1.1381452847306,-1.7447948219332527,-1.1365343903050604,-1.1376147102111474,0.8994762791288193,0.9976115413580862,,,,,,,,,,,,,
12404.845,-1.13871473469702,-1.7451298308600371,-1.1368835213863733,-1.1379596481720078,0.8991286745547207,0.9972848756249615,,,,,,,,,,,,,
12405.271,-1.1385436643955,-1.7454656280431209,-1.1372334544261449,-1.1383053444498035,0.8998802044762053,0.9980573647035103,,,,,,,,,,,,,
12405.683,-1.13890794368183,-1.745790389638028,-1.1375718687228247,-1.1386396289996754,0.8998216117898834,0.9980190148030998,,,,,,,,,,,,,
12406.089,-1.13908470168424,-1.7461104216951444,-1.1379053367679024,-1.13896899639397,0.9000340435247152,0.9982513680034364,,,,,,,,,,,,,
12406.507,-1.13945960601445,-1.7464399128278405,-1.1382486424594944,-1.1393080479820015,0.8999667096005661,0.9982045168498177,,,,,,,,,,,,,
12406.926,-1.14060185161395,-1.7467701922168342,-1.1385927505669358,-1.1396478589156436,0.8987628113017685,0.9970211223158234,,,,,,,,,,,,,
12407.339,-1.13983267879063,-1.7470957420680406,-1.1389319126040736,-1.1399827530318267,0.9003859512162922,0.998664444943558,,,,,,,,,,,,,
12407.751,-1.14078762538548,-1.747420503662946,-1.1392702351178716,-1.140316785973183,0.899451579022543,0.9977501794496322,,,,,,,,,,,,,
12408.17,-1.14122763591809,-1.7477507830519414,-1.1396142870754993,-1.1406564426579602,0.8992888811966813,0.997607902135484,,,,,,,,,,,,,
12408.596,-1.14153412433072,-1.7480865802350234,-1.1399640675290854,-1.1410017204233651,0.8993323371661913,0.9976720910231959,,,,,,,,,,,,,
12409.022,-1.14191146355048,-1.748422377418109,-1.1403138284332943,-1.1413469443146993,0.899270742993141,0.9976312007825541,,,,,,,,,,,,,
12409.434,-1.14245997061411,-1.7487471390130143,-1.1406520762514436,-1.1416807715185195,0.898938996689322,0.9973194504276512,,,,,,,,,,,,,
12409.84,-1.14279482905466,-1.7490671710701307,-1.1409853802424337,-1.1420096877623167,0.8989170136836724,0.9973171456452268,,,,,,,,,,,,,
12410.259,-1.14311582074085,-1.749397450459126,-1.141329337909891,-1.1423490843374737,0.8989307845148503,0.9973511971844901,,,,,,,,,,,,,
12410.665,-1.14268949700068,-1.7497174825162425,-1.1416626058186043,-1.142677900785207,0.9000374025773069,0.998477439971139,,,,,,,,,,,,,
12411.077,-1.14430781471511,-1.7500422441111478,-1.1420007807164065,-1.143011526306697,0.8981194532937725,0.9965793785178388,,,,,,,,,,,,,
12411.49,-1.14417895157689,-1.7503677939623525,-1.1423397580748773,-1.1433459107113917,0.8987932091937607,0.9972730433087771,,,,,,,,,,,,,
12411.916,-1.14462525505912,-1.7507035911454363,-1.1426893861717407,-1.1436907670983942,0.8986293620486122,0.9971297031831724,,,,,,,,,,,,,
12412.329,-1.14471672672033,-1.751029140996641,-1.1430283262029626,-1.144025047841712,0.8989764286273367,0.9974966233079006,,,,,,,,,,,,,
12412.734,-1.14490352906497,-1.7513483847974598,-1.1433606829658505,-1.1443528037830077,0.8991727989217169,0.9977124361187379,,,,,,,,,,,,,
12413.147,-1.1447618122016,-1.7516739346486645,-1.1436995866041197,-1.1446869832544322,0.8998656129766398,0.9984250497599922,,,,,,,,,,,,,
12413.56,-1.14557244821595,-1.7519994844998692,-1.1440384718679528,-1.1450211115179558,0.8991463781131389,0.9977255872391221,,,,,,,,,,,,,
12413.972,-1.14595309367809,-1.7523242460947763,-1.1443765182785928,-1.1453543796809946,0.8990635193785989,0.9976624258274588,,,,,,,,,,,,,
12414.378,-1.14593587984997,-1.7526442781518927,-1.1447096237951921,-1.1456827444721775,0.8995635521906286,0.9981818425855972,,,,,,,,,,,,,
12414.791,-1.14720137922938,-1.7529698280030974,-1.1450484542916328,-1.1460167197994593,0.8981698936574041,0.9968078751916305,,,,,,,,,,,,,
12415.218,-1.1469420887254,-1.7533064134424805,-1.1453987512483277,-1.1463619622680485,0.8990533959820413,0.997711707507146,,,,,,,,,,,,,
12415.637,-1.14643961218752,-1.7536366928314742,-1.1457424661716331,-1.1467006830174218,0.900288119090841,0.9989663514083392,,,,,,,,,,,,,
12416.05,-1.14755650503514,-1.7539622426826789,-1.1460812406549579,-1.1470345014599799,0.8991147987299414,0.9978126391362917,,,,,,,,,,,,,
12416.463,-1.14805262774141,-1.7542877925338836,-1.1464199967638464,-1.1473682683352717,0.8988618911983507,0.9975793124498561,,,,,,,,,,,,,
12416.883,-1.14811643347484,-1.7546188601791766,-1.1467644756574717,-1.1477076393381536,0.8992581591179538,0.9979954651530976,,,,,,,,,,,,,
12417.296,-1.14845387720669,-1.7549444100303813,-1.1471031947060535,-1.1480413020504363,0.8992405241197363,0.9979973560508788,,,,,,,,,,,,,
12417.702,-1.14913162227149,-1.7552644420874977,-1.147436154843879,-1.148369259050026,0.8987101448061198,0.9974861451308973,,,,,,,,,,,,,
12418.121,-1.14883891893077,-1.755594721476493,-1.147779757648097,-1.1487076646768113,0.8996338382292943,0.9984295931079739,,,,,,,,,,,,,
12418.541,-1.14867720940908,-1.755925789121786,-1.148124161526784,-1.1490468244253431,0.9003644765062826,0.9991800049442747,,,,,,,,,,,,,
12418.954,-1.14998128776663,-1.7562513389729908,-1.1484628068106737,-1.1493802791997192,0.8989136171122946,0.9977485620756982,,,,,,,,,,,,,
12419.361,-1.14985177427343,-1.7565721592864065,-1.1487965143323926,-1.149708838798386,0.8995813248280351,0.9984353775836938,,,,,,,,,,,,,
12419.774,-1.15059073488083,-1.7568977091376112,-1.1491351231343483,-1.1500421904326257,0.8989683627371894,0.9978417779266555,,,,,,,,,,,,,
12420.187,-1.15084333102512,-1.757223258988816,-1.1494737135618642,-1.1503754900445806,0.8990765308389023,0.9979692812184787,,,,,,,,,,,,,
12420.607,-1.15090629510969,-1.757554326634109,-1.1498180239659632,-1.150714385398519,0.8994740466671222,0.9983864320116432,,,,,,,,,,,,,
12421.02,-1.1509942327703,-1.7578798764853136,-1.1501565773331741,-1.1510475799319646,0.89982635309112,0.9987580186765933,,,,,,,,,,,,,
12421.433,-1.15168984676529,-1.75820542633652,-1.1504951123259506,-1.1513807222923642,0.8992776608088768,0.998228579391607,,,,,,,,,,,,,
12421.86,-1.15215377648359,-1.7585420117758996,-1.1508451037619025,-1.1517251027052842,0.8990888480740977,0.9980596436534312,,,,,,,,,,,,,
12422.294,-1.152130020018,-1.7588841150093693,-1.15120081263548,-1.1520750714385186,0.899631306446869,0.9986222750331474,,,,,,,,,,,,,
12422.721,-1.15293083929129,-1.7592207004487506,-1.1515507644668954,-1.1524193391224782,0.898942989229163,0.9979537760905673,,,,,,,,,,,,,
12423.134,-1.15258503837189,-1.7595462502999553,-1.1518892237818967,-1.1527522660765332,0.8999383977081973,0.998968325359758,,,,,,,,,,,,,
12423.547,-1.15304387646764,-1.7598718001511617,-1.1522276647224672,-1.153085140603444,0.8997407718848819,0.9987898130828984,,,,,,,,,,,,,
12423.968,-1.15367550844289,-1.7602036560527523,-1.1525726425079874,-1.1534244090516226,0.8992962953778193,0.9983647923200888,,,,,,,,,,,,,
12424.374,-1.15388595599967,-1.7605236881098687,-1.1529053108386016,-1.1537515378518872,0.8994587757764154,0.9985460084510318,,,,,,,,,,,,,
12424.794,-1.15466537982025,-1.7608547557551617,-1.15324943180509,-1.1540898934887274,0.8987940002848998,0.9979005870461446,,,,,,,,,,,,,
12425.222,-1.15462176457882,-1.7611921294508406,-1.1536000879077015,-1.15443463800543,0.8993588907043669,0.9984851712163539,,,,,,,,,,,,,
12425.642,-1.15452607534252,-1.7615231970961354,-1.1539441705070832,-1.1547728837040765,0.8999916410295704,0.9991372187414381,,,,,,,,,,,,,
12426.055,-1.15512576532034,-1.76184874694734,-1.154282499866321,-1.1551054388019832,0.8995851748148513,0.9987497006320225,,,,,,,,,,,,,
12426.469,-1.15518583084269,-1.7621750850548423,-1.1546216299837475,-1.155438746151382,0.8999799758646156,0.9991634683235551,,,,,,,,,,,,,
12426.883,-1.15580511202646,-1.7625014231623464,-1.1549607416376517,-1.1557720004209258,0.899545630609114,0.9987480623340294,,,,,,,,,,,,,
12427.303,-1.15622650168147,-1.7628324908076394,-1.1553047490863584,-1.1561100301727263,0.8994117106104305,0.9986333281096502,,,,,,,,,,,,,
12427.717,-1.15620432960929,-1.7631588289151434,-1.1556438235456241,-1.1564431773642545,0.8999284449363248,0.9991689465531938,,,,,,,,,,,,,
12428.124,-1.15735912386742,-1.7634796492285574,-1.15597714686397,-1.156770639747237,0.8986919158784731,0.9979509556309268,,,,,,,,,,,,,
12428.544,-1.1570976351404,-1.7638107168738504,-1.1563210981645824,-1.1571085076336038,0.8995704962914735,0.9988486385676927,,,,,,,,,,,,,
12428.971,-1.15737322890519,-1.7641473023132317,-1.1566707625065913,-1.1574519503893943,0.899660928346812,0.9989584626388661,,,,,,,,,,,,,
12429.399,-1.15849591254509,-1.7644846760089106,-1.1570212260243196,-1.1577961404809698,0.8984965531626684,0.9978134956606964,,,,,,,,,,,,,
12429.813,-1.15753803780223,-1.7648110141164146,-1.1573602070064108,-1.1581290176896657,0.9004006492270639,0.9997363372445432,,,,,,,,,,,,,
12430.22,-1.15853296090189,-1.7651318344298286,-1.157693438428117,-1.1584562144143584,0.8994011603480006,0.9987552502463115,,,,,,,,,,,,,
12430.64,-1.1591281019701,-1.7654629020751216,-1.158037294896813,-1.1587938079075644,0.8990096199852442,0.9983826718004558,,,,,,,,,,,,,
12431.054,-1.15899807755218,-1.7657892401826256,-1.1583762205329258,-1.1591265246776221,0.8996862664526514,0.9990779817260712,,,,,,,,,,,,,
12431.461,-1.1591400501987,-1.7661100604960396,-1.1587093975444507,-1.1594535635350065,0.8999514430069606,0.9993614794874812,,,,,,,,,,,,,
12431.882,-1.15970004233605,-1.766441916397632,-1.159054016414574,-1.1597917973115637,0.8996131865345004,0.9990421465969669,,,,,,,,,,,,,
12432.31,-1.15978982725688,-1.7667792900933108,-1.1594043457176504,-1.160135597986746,0.8999802851908052,0.9994284544597674,,,,,,,,,,,,,
12432.717,-1.16058245225887,-1.7671001104067265,-1.1597374676613423,-1.1604624766348333,0.8992807427041974,0.9987471515314216,,,,,,,,,,,,,
12433.124,-1.16066016503421,-1.7674209307201423,-1.1600705717606044,-1.1607893032746874,0.899641197052823,0.9991258189804438,,,,,,,,,,,,,
12433.532,-1.16114527435809,-1.7677425392898538,-1.160404476387198,-1.1611168806825953,0.8993987752903798,0.998901628512576,,,,,,,,,,,,,
12433.946,-1.16113652624099,-1.7680688773973579,-1.1607432730462168,-1.1614492218888628,0.8998956059842328,0.9994169314308617,,,,,,,,,,,,,
12434.36,-1.16237345400886,-1.768395215504862,-1.1610820512417135,-1.161781509140497,0.8985454791823634,0.9980852494776363,,,,,,,,,,,,,
12434.767,-1.1622429099595,-1.7687160358182759,-1.161415083305581,-1.1621081253684875,0.8992147148986409,0.9987725914877488,,,,,,,,,,,,,
12435.188,-1.16207903917373,-1.7690478917198682,-1.1617595522421258,-1.1624459215891658,0.89994972641496,0.9995263042801547,,,,,,,,,,,,,
12435.623,-1.16301270224819,-1.7693907832096354,-1.1621154561465676,-1.1627948921740043,0.8990737922977678,0.9986696635970911,,,,,,,,,,,,,
12436.044,-1.1634904685938,-1.7697226391112277,-1.1624598862618356,-1.163132574597277,0.8988574516014968,0.9984719666167688,,,,,,,,,,,,,
12436.465,-1.16366535450857,-1.7700544950128183,-1.1628042972839303,-1.1634702009768223,0.8990901902273782,0.9987233206492354,,,,,,,,,,,,,
12436.879,-1.16375377303292,-1.7703808331203224,-1.1631429631373482,-1.163802158914141,0.899442952420809,0.9990943611221961,,,,,,,,,,,,,
12437.294,-1.16350318211819,-1.770707959484124,-1.1634824284937473,-1.1641348641944567,0.9002995309825896,0.9999692346388842,,,,,,,,,,,,,
12437.708,-1.16452735062096,-1.771034297591628,-1.1638210573755146,-1.164466713371586,0.8992648612945667,0.9989527884126889,,,,,,,,,,,,,
12438.116,-1.16505767158155,-1.7713559061613395,-1.1641547605282412,-1.164793699931944,0.8989554044611846,0.9986612641494538,,,,,,,,,,,,,
12438.537,-1.16511021017487,-1.7716877620629319,-1.1644990775810786,-1.1651310497625125,0.8993695468576323,0.9990938826246732,,,,,,,,,,,,,
12438.958,-1.16554184983354,-1.7720196179645225,-1.1648433755407375,-1.1654683432559743,0.8992215979727637,0.9989643815092074,,,,,,,,,,,,,
12439.379,-1.16516118174386,-1.7723514738661148,-1.1651876544072266,-1.165805580363065,0.9002780537831724,1.0000392567796568,,,,,,,,,,,,,
12439.794,-1.16572505548313,-1.7726786002299164,-1.1655270079995965,-1.1661379560060037,0.8999270296163006,0.9997063618556493,,,,,,,,,,,,,
12440.202,-1.16624753995159,-1.773000208799628,-1.1658606194694077,-1.1664646718084788,0.8996291919111801,0.9994263207828122,,,,,,,,,,,,,
12440.63,-1.16669626681856,-1.7733375824953086,-1.1662105651703243,-1.1668073460287995,0.8994640891128782,0.9992798584257472,,,,,,,,,,,,,
12441.051,-1.16717789684328,-1.7736694383968992,-1.166554768208334,-1.1671443587128656,0.899242019758629,0.999076096100985,,,,,,,,,,,,,
12441.459,-1.1670134427999,-1.7739910469666142,-1.1668883244310635,-1.167470910795892,0.8999627023996584,0.999814493459684,,,,,,,,,,,,,
12441.881,-1.16803629640104,-1.7743236911245024,-1.1672333073446808,-1.1678086120945945,0.8989393322596291,0.9988094179230886,,,,,,,,,,,,,
12442.316,-1.1682295524108,-1.7746665826142713,-1.1675888976144737,-1.1681566568566097,0.8991611960484069,0.999050110121267,,,,,,,,,,,,,
12442.744,-1.16810998342277,-1.775003956309952,-1.1679387458472466,-1.1684990417385526,0.8998387027136464,0.9997461127121473,,,,,,,,,,,,,
12443.165,-1.16865965607392,-1.7753358122115426,-1.1682828530112168,-1.1688357695698168,0.899515746892516,0.9994413217684804,,,,,,,,,,,,,
12443.58,-1.16880545995635,-1.7756629385753442,-1.1686220373481397,-1.169167642765652,0.8997845928420548,0.9997280460065666,,,,,,,,,,,,,
12443.995,-1.16988689086978,-1.7759900649391458,-1.168961203132234,-1.1694994606504605,0.8986661892036737,0.9986274931485327,,,,,,,,,,,,,
12444.417,-1.16991704771679,-1.776322709097034,-1.1693060707600953,-1.1698368186973966,0.899114685648799,0.9990941132634035,,,,,,,,,,,,,
12444.832,-1.17033490365318,-1.7766498354608373,-1.1696451991255934,-1.1701685248864948,0.898980161358657,0.9989773842732186,,,,,,,,,,,,,
12445.253,-1.16993524093154,-1.776981691362428,-1.1699892115946735,-1.170504970168766,0.9000647804162614,1.0000800278045872,,,,,,,,,,,,,
12445.682,-1.17104464227927,-1.7773198533144061,-1.1703397414769547,-1.170847749958551,0.8989212675649912,0.9989548528135003,,,,,,,,,,,,,
12446.104,-1.17098048783609,-1.7776524974722943,-1.1706845324143327,-1.1711848786946013,0.8995095988952976,0.9995611941049024,,,,,,,,,,,,,
12446.512,-1.17125614386869,-1.7779741060420093,-1.1710178665499207,-1.1715107684118937,0.8995777324956157,0.9996467131352494,,,,,,,,,,,,,
12446.927,-1.17179297952603,-1.778301232405811,-1.1713569012571572,-1.1718421942069517,0.8992667975595726,0.9993534346324712,,,,,,,,,,,,,
12447.342,-1.17185212092226,-1.7786283587696126,-1.1716959174115669,-1.1721735643199136,0.8996641375503112,0.9997684035482743,,,,,,,,,,,,,
12447.757,-1.17252114088629,-1.7789554851334124,-1.1720349150131426,-1.1725048787051018,0.8991572135941653,0.9992790810089948,,,,,,,,,,,,,
12448.172,-1.17249675923529,-1.7792826114972158,-1.1723738940618986,-1.1728361373169176,0.8996783927954175,0.9998178341189148,,,,,,,,,,,,,
12448.58,-1.17281442221084,-1.779604220066929,-1.1727071373056912,-1.1731617540197674,0.8996842429084386,0.999840934897106,,,,,,,,,,,,,
12449.009,-1.17322058393566,-1.7799423820189055,-1.1730575134348147,-1.173504072169876,0.8995834199803592,0.9997582218600694,,,,,,,,,,,,,
12449.438,-1.17431111205774,-1.7802805439708838,-1.1734078697382415,-1.1738463305735778,0.8984678903677492,0.9986607727430259,,,,,,,,,,,,,
12449.86,-1.17405720553432,-1.7806131881287737,-1.1737524899290506,-1.1741829460007205,0.8993375661722971,0.9995482053434723,,,,,,,,,,,,,
12450.275,-1.17450909573806,-1.7809403144925753,-1.1740913749618986,-1.1745139212842446,0.8991525794416797,0.9993806531245524,,,,,,,,,,,,,
12450.691,-1.17471624899272,-1.7812682291126762,-1.174431057965247,-1.1748456378472971,0.8993316317230844,0.9995771543208194,,,,,,,,,,,,,
12451.106,-1.17479399238091,-1.781595355476476,-1.174769905847727,-1.1751765008535286,0.8997013906320155,0.9999642926587646,,,,,,,,,,,,,
12451.514,-1.17555894066109,-1.7819169640461894,-1.175103020137703,-1.1755017283119038,0.899044053028167,0.999324014520813,,,,,,,,,,,,,
12451.93,-1.17577002165427,-1.7822448786662903,-1.1754426476173254,-1.1758332768678328,0.8992172816710251,0.9995146097537482,,,,,,,,,,,,,
12452.352,-1.17636618267107,-1.7825775228241802,-1.175787154522606,-1.1761695496464812,0.8988265665229789,0.9991414834336374,,,,,,,,,,,,,
12452.774,-1.17649659957,-1.7829101669820684,-1.1761316422438988,-1.1765057642373176,0.8991264078832226,0.9994588851778068,,,,,,,,,,,,,
12453.183,-1.17676256258699,-1.783232563808081,-1.1764654994775778,-1.176831565935574,0.8992100820137444,0.9995595515894041,,,,,,,,,,,,,
12453.592,-1.17720894500391,-1.7835549606340937,-1.1767993386910192,-1.1771573128889106,0.89902624918913,0.9993926843273374,,,,,,,,,,,,,
12454.007,-1.17760753633616,-1.7838820869978935,-1.177138056882523,-1.1774877825268588,0.8989202884326016,0.9993039107075646,,,,,,,,,,,,,
12454.423,-1.17781202094638,-1.7842100016179945,-1.1774775726424984,-1.17781899182159,0.899103297499966,0.9995041207187698,,,,,,,,,,,,,
12454.845,-1.17787864014569,-1.7845426457758826,-1.1778219662167881,-1.178154920170661,0.8994977313950295,0.9999159754064054,,,,,,,,,,,,,
12455.254,-1.17870938423025,-1.7848650426018953,-1.178155732203729,-1.1784804442258463,0.8987440074200109,0.999179108421317,,,,,,,,,,,,,
12455.676,-1.17817946494822,-1.7851976867597852,-1.1785000880010248,-1.1788162574024723,0.9000229259815075,1.0004753917635982,,,,,,,,,,,,,
12456.112,-1.17847433922338,-1.78554136650585,-1.178855847775095,-1.1791631497977386,0.9000952896126955,1.0005656663832192,,,,,,,,,,,,,
12456.535,-1.17926471489487,-1.7858747989200392,-1.1792009804617685,-1.1794996392846007,0.8994177820969969,0.9999055067945835,,,,,,,,,,,,,
12456.951,-1.17920806533698,-1.7862027135401384,-1.1795403829336273,-1.179830502913589,0.8999879735084977,1.0004927311781286,,,,,,,,,,,,,
12457.359,-1.17996790862022,-1.7865243221098535,-1.1798732403268435,-1.1801549483765812,0.8993382050584565,0.9998596412942707,,,,,,,,,,,,,
12457.782,-1.18027081437596,-1.786857754524041,-1.1802183161909579,-1.180491264007902,0.8993834667844957,0.999922166696816,,,,,,,,,,,,,
12458.198,-1.18067491464324,-1.7871856691441401,-1.1805576627805845,-1.1808219565246107,0.8992705067008775,0.9998261567289,,,,,,,,,,,,,
12458.621,-1.18078069974315,-1.7875191015583276,-1.1809027004136468,-1.1811581549560417,0.8996080382518685,1.0001808952713795,,,,,,,,,,,,,
12459.043,-1.18145902329683,-1.7878517457162175,-1.181246903148189,-1.181493499643807,0.8990955011153027,0.9996854959701175,,,,,,,,,,,,,
12459.473,-1.18167378293689,-1.788190695924495,-1.1815976113201039,-1.1818351409658727,0.8992796378587649,0.9998870661787986,,,,,,,,,,,,,
12459.889,-1.18190008534846,-1.7885186105445943,-1.1819368821303815,-1.1821656008121049,0.8994302977795872,1.0000545638576088,,,,,,,,,,,,,
12460.305,-1.18212827241864,-1.7888465251646952,-1.182276134298311,-1.1824960033082967,0.8995781633263792,1.0002192395214573,,,,,,,,,,,,,
12460.721,-1.18329293946173,-1.7891744397847944,-1.1826153678238924,-1.1828263484106856,0.898337514632482,0.9989953733036908,,,,,,,,,,,,,
12461.144,-1.18244782063133,-1.7895078721989819,-1.1829602904903815,-1.1831621933090857,0.9000849467547124,1.0007598419569765,,,,,,,,,,,,,
12461.56,-1.18326919940822,-1.789835786819081,-1.1832994864175745,-1.1834924225252705,0.8993532898813216,1.0000449118127466,,,,,,,,,,,,,
12461.982,-1.18313950200701,-1.790168430976971,-1.1836435555461051,-1.1838273558867143,0.9000388014324943,1.0007473631021766,,,,,,,,,,,,,
12462.405,-1.1835368528858,-1.7905018633911602,-1.183988420752101,-1.1841630234761986,0.8999440298400327,1.0006695428443373,,,,,,,,,,,,,
12462.835,-1.18400151721624,-1.790840813599436,-1.1843389731912097,-1.1845041847925415,0.8997576341306424,1.000500349695809,,,,,,,,,,,,,
12463.265,-1.18384864962756,-1.7911797638077118,-1.184689505712079,-1.184845284504295,0.9004868499544193,1.0012467385477657,,,,,,,,,,,,,
12463.688,-1.18484591716589,-1.791513196221901,-1.185034312455091,-1.1851807712752191,0.8995025848873585,1.0002793381325135,,,,,,,,,,,,,
12464.104,-1.18541437684393,-1.7918411108420003,-1.1853733943771498,-1.1855106480229234,0.8991459299154003,0.9999392408548073,,,,,,,,,,,,,
12464.527,-1.18533233875442,-1.7921745432561877,-1.1857181628891045,-1.185846016324011,0.899761945983717,1.000572064889913,,,,,,,,,,,,,
12464.944,-1.18585104770428,-1.7925032461325863,-1.1860580222007115,-1.1861765690976918,0.8994802249149806,1.000306885403302,,,,,,,,,,,,,
12465.36,-1.18622484174141,-1.7928311607526872,-1.1863970478372252,-1.1865062712322718,0.8994121997294539,1.0002553344576852,,,,,,,,,,,,,
12465.776,-1.18633698548388,-1.7931590753727864,-1.186736054831389,-1.1868359154468635,0.899732122146356,1.0005917034735696,,,,,,,,,,,,,
12466.206,-1.18661438903834,-1.7934980255810622,-1.1870864511207913,-1.187176592534966,0.8998233770666552,1.0006999294322445,,,,,,,,,,,,,
12466.623,-1.18717635738974,-1.7938267284574607,-1.1874262350099372,-1.1875069108888396,0.8994775154964461,1.0003704976156054,,,,,,,,,,,,,
12467.032,-1.187679948972,-1.7941491252834716,-1.1877594820668413,-1.187830835538738,0.8992088589243169,1.0001179286180943,,,,,,,,,,,,,
12467.449,-1.18845205373217,-1.7944778281598701,-1.188099228851188,-1.188161038311339,0.8985514291364156,0.9994768735686401,,,,,,,,,,,,,
12467.865,-1.18832826497205,-1.7948057427799693,-1.188438142230293,-1.188490391026458,0.8992211675121887,1.0001629197407533,,,,,,,,,,,,,
12468.282,-1.18849571441094,-1.7951344456563678,-1.1887778515953968,-1.1888204770678814,0.8994602571892956,1.0004183286749577,,,,,,,,,,,,,
12468.698,-1.18921017247064,-1.7954623602764688,-1.1891167276449917,-1.1891497132466058,0.8988871311363598,0.9998614550700582,,,,,,,,,,,,,
12469.115,-1.18941086933786,-1.7957910631528655,-1.189456399590851,-1.1894796823862794,0.8990769250153289,1.0000675127247756,,,,,,,,,,,,,
12469.545,-1.1891425509453,-1.796130013361143,-1.1898066412128419,-1.1898198769802075,0.8999773191770584,1.0009846486001774,,,,,,,,,,,,,
12469.975,-1.18964217837787,-1.7964689635694189,-1.1901568629165986,-1.190160009232834,0.8997390838484447,1.0007631254525557,,,,,,,,,,,,,
12470.392,-1.19030107588844,-1.7967976664458174,-1.1904964774982627,-1.1904897988306409,0.8992495058916189,1.0002897262178343,,,,,,,,,,,,,
12470.809,-1.19076947301767,-1.7971263693222141,-1.190836073347846,-1.1908195297134425,0.8990423819113821,1.0000987531857248,,,,,,,,,,,,,
12471.219,-1.19106288989599,-1.7974495544045244,-1.1911699502846247,-1.1911436682595677,0.8990865190807352,1.000158743105625,,,,,,,,,,,,,
12471.635,-1.1911977242795,-1.7977774690246253,-1.1915086947174522,-1.191472492201186,0.8993727981959935,1.0004610795213074,,,,,,,,,,,,,
12472.045,-1.19127729746448,-1.7981006541069355,-1.191842535172297,-1.1917965161916853,0.8997340003556002,1.000838080339857,,,,,,,,,,,,,
12472.462,-1.19179296599658,-1.7984293569833323,-1.192182056767363,-1.1921260139106555,0.8994567872992906,1.000576908134831,,,,,,,,,,,,,
12472.893,-1.19275475470589,-1.7987690954479074,-1.1925329574830013,-1.192466511977552,0.8985344764670011,0.9996711475072719,,,,,,,,,,,,,
12473.316,-1.19298512579772,-1.7991025278620967,-1.1928773255030158,-1.192800628644191,0.8986872849817581,0.9998401701811553,,,,,,,,,,,,,
12473.726,-1.19324832383149,-1.799425712944407,-1.1932110917131507,-1.1931244190000612,0.8987762274830015,0.9999448012590321,,,,,,,,,,,,,
12474.137,-1.19396290259529,-1.7997496862830147,-1.1935456538124392,-1.193448941793768,0.8981970787440449,0.9993813524138747,,,,,,,,,,,,,
12474.56,-1.19397380733216,-1.8000831186972022,-1.193889965146596,-1.193782879762084,0.8986752889417273,0.9998756927228145,,,,,,,,,,,,,
12474.977,-1.19327974890119,-1.8004118215736007,-1.1942293737651983,-1.194112021461278,0.900191732091805,1.0014080092144542,,,,,,,,,,,,,
12475.394,-1.19429637340709,-1.8007405244499992,-1.1945687636517146,-1.1944411039836826,0.8991717540819487,1.0004038767721832,,,,,,,,,,,,,
12475.805,-1.19453704204036,-1.801064497788607,-1.194903251900783,-1.1947653935595386,0.8992952695580119,1.0005429826446388,,,,,,,,,,,,,
12476.235,-1.19478071975741,-1.8014034479968828,-1.1952531836320865,-1.1951046130040277,0.8994365296112318,1.000700524937959,,,,,,,,,,,,,
12476.666,-1.194914048554,-1.8017431864614561,-1.1956039091703428,-1.1954445580535658,0.8997425722087257,1.0010228580054443,,,,,,,,,,,,,
12477.09,-1.19514532370776,-1.8020774071319448,-1.1959489189440422,-1.1957789200936066,0.8998952090190444,1.0011914917560654,,,,,,,,,,,,,
12477.507,-1.19565600644535,-1.8024061100083415,-1.1962882139123554,-1.196107702120517,0.8996253883756836,1.000937375945481,,,,,,,,,,,,,
12477.931,-1.19614953328334,-1.8027403306788283,-1.1966331852732672,-1.1964419423370243,0.8993891859062171,1.000717113461847,,,,,,,,,,,,,
12478.355,-1.19666445277111,-1.8030745513493152,-1.1969781372679282,-1.1967761210701306,0.8991212646603486,1.0004651034875447,,,,,,,,,,,,,
12478.773,-1.19667256779082,-1.8034040424820112,-1.1973181889093159,-1.1971055106322928,0.899597767439272,1.0009572642708955,,,,,,,,,,,,,
12479.197,-1.19683745557912,-1.803738263152498,-1.1976631024455067,-1.19743956714053,0.8998488364691868,1.0012241875501848,,,,,,,,,,,,,
12479.621,-1.19719423051843,-1.8040724838229831,-1.1980079966154484,-1.1977735620364716,0.8998153953659516,1.0012065719820613,,,,,,,,,,,,,
12480.052,-1.19727219126451,-1.8044122222875583,-1.1983585649444262,-1.1981130078082827,0.9002035318990752,1.0016107658916606,,,,,,,,,,,,,
12480.469,-1.19828375121373,-1.8047409251639568,-1.1986977268565617,-1.1984413668194263,0.8991910630824489,1.0006138046259914,,,,,,,,,,,,,
12480.887,-1.19828241756693,-1.8050704162966529,-1.1990376833070933,-1.1987704533278518,0.899681575352642,1.0011198337615488,,,,,,,,,,,,,
12481.304,-1.1992593560199,-1.8053991191730514,-1.1993768077101414,-1.1990986927161438,0.8987204396578846,1.0001741500031884,,,,,,,,,,,,,
12481.728,-1.19878536423783,-1.8057333398435365,-1.1997216056425763,-1.199432380802828,0.8999187722782669,1.001388165467753,,,,,,,,,,,,,
12482.146,-1.1994316211406,-1.8060628309762343,-1.2000615054018748,-1.199761286327405,0.8994491052320617,1.0009339312310546,,,,,,,,,,,,,
12482.563,-1.19964408603477,-1.8063915338526328,-1.2004005732493077,-1.2000893450420802,0.8996214507154697,1.001121644796093,,,,,,,,,,,,,
12482.995,-1.19989371333643,-1.8067320605735055,-1.200751818026971,-1.2004291412341102,0.899756226836367,1.0012723125167704,,,,,,,,,,,,,
12483.426,-1.20010092106395,-1.807071799038079,-1.2011022297038192,-1.2007680867274222,0.8999527295070601,1.0014846402965105,,,,,,,,,,,,,
12483.857,-1.20069501169615,-1.807411537502654,-1.201452621369688,-1.201106968117013,0.8995756028016174,1.001123309029913,,,,,,,,,,,,,
12484.275,-1.20043460234587,-1.8077410286353501,-1.2017924252626937,-1.2014355667515213,0.9004502453405867,1.0020132422378674,,,,,,,,,,,,,
12484.693,-1.20071785538437,-1.8080705197680462,-1.2021322103336693,-1.2017641050086971,0.9005188023349814,1.0020970619939016,,,,,,,,,,,,,
12485.11,-1.2020211505983,-1.8083992226444465,-1.2024711637671626,-1.2020917970880804,0.899073779079098,1.0006672371785936,,,,,,,,,,,,,
12485.528,-1.20181685250588,-1.8087287137771426,-1.202810911239105,-1.2024202146140233,0.8998652257325652,1.0014738908457694,,,,,,,,,,,,,
12485.946,-1.20169828904624,-1.8090582049098387,-1.2031506398890102,-1.202748571641605,0.9005295540685259,1.0021533982880966,,,,,,,,,,,,,
12486.364,-1.2024619784665,-1.8093876960425348,-1.203490349716887,-1.2030768681305783,0.8998857704073646,1.0015247658259543,,,,,,,,,,,,,
12486.795,-1.20255223845475,-1.80972743450711,-1.2038406049737578,-1.2034153113628703,0.9002556709147357,1.0019102595191471,,,,,,,,,,,,,
12487.213,-1.20268499611086,-1.810056925639806,-1.2041802765721972,-1.2037434847682214,0.9005473666709306,1.0022170497917378,,,,,,,,,,,,,
12487.624,-1.20362235953447,-1.8103808989784138,-1.2045142415384067,-1.2040661033019497,0.8996378962147983,1.0013223938627838,,,,,,,,,,,,,
12488.042,-1.20342104125504,-1.81071039011111,-1.2048538758079825,-1.2043941563637262,0.9004249247142304,1.0021244615312692,,,,,,,,,,,,,
12488.467,-1.20384659064601,-1.811045399037896,-1.2051991784353167,-1.2047276408631062,0.900290680814185,1.0020054800401108,,,,,,,,,,,,,
12488.885,-1.20442037839992,-1.8113748901705922,-1.2055387747456248,-1.2050555713879216,0.8999284634178502,1.0016582455307923,,,,,,,,,,,,,
12489.296,-1.20496713248196,-1.8116988635092,-1.2058726656845131,-1.205377950952896,0.8995981475074682,1.001342634387599,,,,,,,,,,,,,
12489.714,-1.20452627676744,-1.812028354641896,-1.2062122246659595,-1.2057057608178934,0.9007403369814232,1.0024997514012242,,,,,,,,,,,,,
12490.146,-1.20516499267323,-1.8123688813627705,-1.2065631366580671,-1.2060444859680084,0.9002982133464807,1.002073025946355,,,,,,,,,,,,,
12490.57,-1.20630837310652,-1.8127031020332556,-1.2069075307309873,-1.206376875137403,0.8990984761538593,1.000888372797172,,,,,,,,,,,,,
12490.995,-1.20593472262266,-1.8130381109600417,-1.207252717619264,-1.2067099852785774,0.9001492019696192,1.001954189416017,,,,,,,,,,,,,
12491.407,-1.20619766063211,-1.813362872554947,-1.207587327275725,-1.2070328459529767,0.9002408674950957,1.0020604566038795,,,,,,,,,,,,,
12491.825,-1.20682871374905,-1.813692363687645,-1.207926791201409,-1.2073603478612993,0.8997937430272133,1.0016281187368974,,,,,,,,,,,,,
12492.25,-1.20751660551191,-1.8140273726144276,-1.2082719206321944,-1.2076932716098372,0.8992705253852337,1.001119906706041,,,,,,,,,,,,,
12492.661,-1.20774288412047,-1.8143513459530372,-1.2086056625866686,-1.2080151683447888,0.8994153768800203,1.0012792420694692,,,,,,,,,,,,,
12493.086,-1.20825331589706,-1.8146863548798216,-1.2089507537429913,-1.208347967730611,0.8991552782851299,1.0010340923363166,,,,,,,,,,,,,
12493.512,-1.20828437402093,-1.8150221520629053,-1.2092966373520628,-1.2086814866664652,0.8996071133864156,1.0015008825213603,,,,,,,,,,,,,
12493.937,-1.20899350262742,-1.8153571609896897,-1.2096416895471727,-1.2090141592945622,0.8990524079810475,1.0009610682101115,,,,,,,,,,,,,
12494.341,-1.20921150902746,-1.8156756165342092,-1.2099696740650998,-1.209330335234819,0.899201343432535,1.001124132213675,,,,,,,,,,,,,
12494.76,-1.20900061856389,-1.8160058959232046,-1.2103098176523481,-1.2096581898560739,0.9000037333059483,1.0019411476750166,,,,,,,,,,,,,
12495.178,-1.2085967583502,-1.8163353870559007,-1.2106491305965097,-1.2099852005621208,0.9010910697331433,1.00304304684347,,,,,,,,,,,,,
12495.604,-1.21011295156754,-1.8166711842389827,-1.2109949182024877,-1.2103184066603396,0.8993409023503598,1.0013076922010753,,,,,,,,,,,,,
12496.022,-1.21018961879979,-1.8170006753716805,-1.2113341931423545,-1.2106452933282783,0.8997157631015906,1.001697059344765,,,,,,,,,,,,,
12496.44,-1.21047733799312,-1.8173301665043766,-1.2116734492601893,-1.2109721185065092,0.8997776981502289,1.0017734728785164,,,,,,,,,,,,,
12496.873,-1.21074046780909,-1.817671481481547,-1.2120248597933259,-1.2113106069805706,0.8998936229034294,1.001904366252186,,,,,,,,,,,,,
12497.312,-1.21069883993219,-1.818017525996508,-1.2123811191376124,-1.2116537183798965,0.9004684228483202,1.0024943116634069,,,,,,,,,,,,,
12497.737,-1.21174229664436,-1.8183525349232923,-1.21272599735787,-1.2119858229918832,0.8994180108082912,1.0014585327657362,,,,,,,,,,,,,
12498.156,-1.21171848509228,-1.8186828143122895,-1.2130659876615333,-1.2123131766815276,0.8999430197016006,1.0019979399740642,,,,,,,,,,,,,
12498.581,-1.21190512145301,-1.8190178232390721,-1.2134108272410575,-1.2126451546935777,0.9001630109740791,1.0022325070964615,,,,,,,,,,,,,
12499.007,-1.21265475217524,-1.8193536204221559,-1.2137564586813916,-1.2129778497947372,0.8995494220250356,1.0016334993416827,,,,,,,,,,,,,
12499.426,-1.2127565332594,-1.8196838998111495,-1.2140963916616823,-1.2133050154963523,0.8998882153355305,1.0019866059740847,,,,,,,,,,,,,
12499.844,-1.2130035509786,-1.8200133909438474,-1.2144354945015348,-1.213631338496105,0.9000104982592796,1.002123140118345,,,,,,,,,,,,,
12500.277,-1.21339409993702,-1.8203547059210177,-1.2147867462562765,-1.2139693064412023,0.8999374992779146,1.0020648743374192,,,,,,,,,,,,,
12500.709,-1.21331066904324,-1.8206952326418921,-1.2151371666788293,-1.2143064276883018,0.9005660991438209,1.0027081435353538,,,,,,,,,,,,,
12501.128,-1.21366696820898,-1.8210255120308858,-1.2154770228367813,-1.2146333409017576,0.9005275197490694,1.0026837635583647,,,,,,,,,,,,,
12501.54,-1.21417315396078,-1.821350273625793,-1.2158111827659894,-1.214954731854752,0.9002585230457363,1.0024287017087665,,,,,,,,,,,,,
12501.966,-1.21498806943438,-1.8216860708088767,-1.2161566784160946,-1.2152869805260573,0.8995481367175718,1.001732695239287,,,,,,,,,,,,,
12502.392,-1.21514791769651,-1.8220218679919586,-1.2165021545168138,-1.215619164766141,0.8998090153155581,1.0020079247101634,,,,,,,,,,,,,
12502.811,-1.21515527646551,-1.822352147380954,-1.2168419347100183,-1.2159458276890815,0.9002878081274127,1.0025008043071821,,,,,,,,,,,,,
12503.23,-1.21547738768147,-1.8226824267699477,-1.2171816959910267,-1.2162724282041069,0.9002999190373155,1.0025269739612113,,,,,,,,,,,,,
12503.656,-1.21561927230263,-1.8230182239530315,-1.2175271140860513,-1.216604421032631,0.9005874322372427,1.0028287520292412,,,,,,,,,,,,,
12504.088,-1.21642661256463,-1.8233587506739042,-1.2178773772603257,-1.2169410238556675,0.8998952901003572,1.0021510460730527,,,,,,,,,,,,,
12504.514,-1.21645895109135,-1.8236945478569861,-1.218222755981234,-1.217272886554556,0.9003452267546445,1.0026151892156103,,,,,,,,,,,,,
12504.933,-1.21729940267149,-1.8240248272459834,-1.21856244039477,-1.2175992330262617,0.8995887969610602,1.0018727041950815,,,,,,,,,,,,,
12505.353,-1.21762815619887,-1.8243558948912746,-1.2189029165310004,-1.2179262955439238,0.8995922280922828,1.0018900852389405,,,,,,,,,,,,,
12505.772,-1.21800719414931,-1.82468617428027,-1.219242563075003,-1.218252516629247,0.8995199340135202,1.0018316797842437,,,,,,,,,,,,,
12506.191,-1.21805588641385,-1.8250164536692655,-1.2195821907068058,-1.2185786750396161,0.8999374418552367,1.0022630482089903,,,,,,,,,,,,,
12506.61,-1.21877180973318,-1.8253467330582591,-1.2199217994264107,-1.2189047707374865,0.899365649500252,1.0017050883960061,,,,,,,,,,,,,
12507.036,-1.21842786550873,-1.8256825302413429,-1.2202670624112777,-1.2192362500033915,0.9003734987353104,1.0027269725180026,,,,,,,,,,,,,
12507.469,-1.21869550724431,-1.8260238452185131,-1.2206179786976925,-1.2195731095994824,0.9004827336875408,1.0028504432732386,,,,,,,,,,,,,
12507.875,-1.21982017715409,-1.8263438772756313,-1.2209469950208067,-1.2198889031444904,0.8992897011088038,1.0016707316111915,,,,,,,,,,,,,
12508.287,-1.21958593363696,-1.8266686388705367,-1.2212808555016945,-1.2202093032516528,0.9001185352335375,1.0025130565989437,,,,,,,,,,,,,
12508.707,-1.22089949998138,-1.8269997065158297,-1.2216211798887713,-1.2205358621217566,0.898661789254278,1.001070035534498,,,,,,,,,,,,,
12509.126,-1.2213596792629,-1.827329985904825,-1.2219606750449188,-1.2208615804589478,0.8984691873238027,1.0008910977659755,,,,,,,,,,,,,
12509.545,-1.2213964499352,-1.8276602652938205,-1.2223001512888683,-1.2211872358222844,0.8989043712515816,1.0013399178146714,,,,,,,,,,,,,
12509.958,-1.22122182243275,-1.8279858151450252,-1.2226347477899093,-1.221508166199236,0.8996459817488784,1.0020949417246456,,,,,,,,,,,,,
12510.384,-1.22137971132115,-1.8283216123281072,-1.2229798571331116,-1.2218391343232868,0.8999097655006384,1.002372532559518,,,,,,,,,,,,,
12510.818,-1.22218908406034,-1.8286637155615768,-1.2233314272994207,-1.2221762507520526,0.8992169473072976,1.0016937509298343,,,,,,,,,,,,,
12511.244,-1.22167959884451,-1.8289995127446605,-1.2236764971767258,-1.222507087190707,0.9004702433544585,1.002960795544192,,,,,,,,,,,,,
12511.67,-1.22198834939341,-1.8293353099277425,-1.2240215475046359,-1.2228378583406796,0.9005103452656691,1.0030146170368095,,,,,,,,,,,,,
12512.083,-1.22256869240918,-1.829660859778949,-1.2243560494640864,-1.223158473168329,0.9001325646962387,1.0026501097036369,,,,,,,,,,,,,
12512.51,-1.2231430738226,-1.8299974452183303,-1.2247018711537194,-1.2234898916994021,0.8997799857774346,1.0023112253166824,,,,,,,,,,,,,
12512.929,-1.22292973241787,-1.830327724607324,-1.22504119465572,-1.2238150371085712,0.9005860096492242,1.0031306588395648,,,,,,,,,,,,,
12513.342,-1.22368502756809,-1.8306532744585287,-1.2253756406020475,-1.2241354645428468,0.899948828412239,1.0025066677884351,,,,,,,,,,,,,
12513.762,-1.22415465318314,-1.8309843421038234,-1.225715736279522,-1.2244612598337894,0.8997433891933222,1.002314614377598,,,,,,,,,,,,,
12514.195,-1.22458875314264,-1.8313256570809937,-1.2260663388340145,-1.2247970725933017,0.8996058173572835,1.0021908131756074,,,,,,,,,,,,,
12514.615,-1.22436966812487,-1.8316567247262867,-1.2264063959181524,-1.2251227385071846,0.9004215259995527,1.00301985040379,,,,,,,,,,,,,
12515.028,-1.22545476485153,-1.8319822745774914,-1.2267407668540695,-1.2254429144829269,0.8992953495905032,1.0019067529629813,,,,,,,,,,,,,
12515.455,-1.22551438234351,-1.8323188600168727,-1.227086453078691,-1.225773879023747,0.8997060086011656,1.0023309056521117,,,,,,,,,,,,,
12515.875,-1.2255992537475,-1.8326499276621657,-1.227426453155097,-1.226099353553325,0.9000710425548447,1.0027091836665862,,,,,,,,,,,,,
12516.308,-1.22615041267298,-1.8329912426393378,-1.2277769571494428,-1.2264348354304822,0.8997599079668382,1.0024116735779236,,,,,,,,,,,,,
12516.728,-1.22597040648344,-1.833322310284629,-1.228116918632514,-1.226760180209537,0.9005176746230759,1.0031826270727886,,,,,,,,,,,,,
12517.155,-1.22629485589038,-1.833658895724012,-1.2284625266600226,-1.2270908818522956,0.9005356686585708,1.0032139988442266,,,,,,,,,,,,,
12517.589,-1.22755995255928,-1.8340009989574817,-1.2288137802660035,-1.2274269370692983,0.8991671508405411,1.00185904822722,,,,,,,,,,,,,
12518.023,-1.22750765233016,-1.8343431021909495,-1.2291650135814471,-1.2277629239314511,0.8997519309108265,1.0024573654138504,,,,,,,,,,,,,
12518.45,-1.22746684070787,-1.8346796876303326,-1.2295105620411508,-1.2280934249019313,0.9003114956742866,1.003030219592328,,,,,,,,,,,,,
12518.877,-1.22808006124293,-1.835016273069714,-1.2298560908595775,-1.2284238596281878,0.8999013301812329,1.0026333143922588,,,,,,,,,,,,,
12519.297,-1.22803920280113,-1.835347340715007,-1.23019593611021,-1.228748812730791,0.9004527831576448,1.003197781869966,,,,,,,,,,,,,
12519.724,-1.22844210940292,-1.8356839261543882,-1.2305414259680738,-1.2290791159425125,0.9003544490969843,1.003112650335631,,,,,,,,,,,,,
12520.144,-1.2291804561907,-1.8360149937996812,-1.2308812328968397,-1.2294039396134113,0.8997505783195661,1.0025217372398445,,,,,,,,,,,,,
12520.571,-1.22974142758744,-1.8363515792390626,-1.231226683794139,-1.2297341111619868,0.899417882366406,1.0022021860463508,,,,,,,,,,,,,
12521.005,-1.22971373514557,-1.8366936824725304,-1.2315777776939996,-1.2300696272843612,0.8999661765918077,1.0027638106772148,,,,,,,,,,,,,
12521.432,-1.22992346407849,-1.8370302679119135,-1.2319231889867623,-1.2303996648417104,0.9001542661087683,1.002964986232359,,,,,,,,,,,,,
12521.845,-1.2302209790877,-1.8373558177631182,-1.2322572566332326,-1.230718818223479,0.900195833230833,1.0030191826367192,,,,,,,,,,,,,
12522.266,-1.23021782689441,-1.8376876736647088,-1.232597776411934,-1.2310440896805954,0.9006925480821302,1.003528743364928,,,,,,,,,,,,,
12522.686,-1.23145779281414,-1.8380187413100018,-1.23293746832986,-1.2313685240291556,0.899344929089842,1.0021939115281948,,,,,,,,,,,,,
12523.113,-1.23185966697248,-1.838355326749383,-1.233282802299465,-1.2316982995452692,0.8992481258279967,1.0021100796578357,,,,,,,,,,,,,
12523.527,-1.23120740584679,-1.838681664856887,-1.2336176038350892,-1.2320179714160764,0.9006990900883349,1.0035735925904992,,,,,,,,,,,,,
12523.947,-1.23232960827345,-1.8390127325021801,-1.2339572387000342,-1.2323422121510883,0.8995260784468609,1.0024132835123747,,,,,,,,,,,,,
12524.382,-1.23238246380334,-1.8393556239919473,-1.2343089833488925,-1.2326779648547537,0.8999561133352199,1.0028564449246762,,,,,,,,,,,,,
12524.809,-1.23254060000605,-1.8396922094313286,-1.2346542393053763,-1.233007475405647,0.9002206991390016,1.0031338864502215,,,,,,,,,,,,,
12525.236,-1.23300740541109,-1.8400287948707117,-1.234999475620583,-1.2333369191542802,0.9000276226376701,1.002953636548619,,,,,,,,,,,,,
12525.657,-1.23328521828171,-1.8403606507723023,-1.235339841610795,-1.233661668279849,0.9001077519733561,1.0030463837396861,,,,,,,,,,,,,
12526.084,-1.23358792016667,-1.8406972362116836,-1.2356850389194385,-1.233990979252992,0.9001579909525121,1.0031093914837124,,,,,,,,,,,,,
12526.505,-1.23404968520081,-1.8410290921132741,-1.236025366451189,-1.2343155973970037,0.8999653753218974,1.0029293366862855,,,,,,,,,,,,,
12526.919,-1.23407980636523,-1.8413554302207782,-1.236360016710778,-1.234634754623419,0.9004045747235959,1.0033808604639907,,,,,,,,,,,,,
12527.339,-1.23463700601211,-1.8416864978660712,-1.2366994981072796,-1.2349584729733198,0.9000692899192636,1.0030580506760152,,,,,,,,,,,,,
12527.767,-1.23478180552916,-1.84202387156175,-1.237045426267139,-1.2352882906811997,0.9003548187048753,1.0033562631121942,,,,,,,,,,,,,
12528.195,-1.2353369203579,-1.8423612452574307,-1.2373913346936227,-1.2356180410172724,0.9000319749999567,1.0030460737992417,,,,,,,,,,,,,
12528.609,-1.235716041898,-1.842687583364933,-1.2377259095827764,-1.2359369409904963,0.8999537132645707,1.0029800246884493,,,,,,,,,,,,,
12529.022,-1.23600096229799,-1.8430131332161395,-1.2380596579233476,-1.2362550077982448,0.90001395435166,1.0030524216243584,,,,,,,,,,,,,
12529.443,-1.23619827211192,-1.84334498911773,-1.2383998522110407,-1.2365791710360408,0.9002134451727661,1.0032642757182737,,,,,,,,,,,,,
12529.864,-1.23635177296703,-1.8436768450193206,-1.2387400274055658,-1.236903268948471,0.9004778913212163,1.003541056830164,,,,,,,,,,,,,
12530.292,-1.23666575461018,-1.8440142187150013,-1.2390858391477053,-1.2372326886627187,0.9005125746022229,1.003588251149685,,,,,,,,,,,,,
12530.706,-1.23635469039277,-1.8443405568225035,-1.239420320515089,-1.2375512686578758,0.9014576478881333,1.0045453983958643,,,,,,,,,,,,,
12531.134,-1.23758243311407,-1.8446779305181842,-1.2397660934359482,-1.2378805553715275,0.9001375021217516,1.0032377061078557,,,,,,,,,,,,,
12531.569,-1.23799248049042,-1.8450208220079514,-1.2401175013012704,-1.2382151582862984,0.9000379304196716,1.0031507615822322,,,,,,,,,,,,,
12531.996,-1.23777133031692,-1.8453574074473327,-1.2404624266679374,-1.238543539572152,0.9008648822642662,1.0039900789845084,,,,,,,,,,,,,
12532.418,-1.23844658416773,-1.8456900516052226,-1.2408032937982476,-1.238868009406353,0.9003568965610179,1.003494285430662,,,,,,,,,,,,,
12532.839,-1.23857039757548,-1.846021907506815,-1.2411433340706974,-1.239191644706365,0.9006653601413658,1.0038148839260739,,,,,,,,,,,,,
12533.26,-1.23927909098373,-1.8463537634084055,-1.241483355249967,-1.2395152144014312,0.9001066250273673,1.0032682554177756,,,,,,,,,,,,,
12533.681,-1.23879134766838,-1.8466856193099979,-1.2418233573360649,-1.2398387184571389,0.9013218407471902,1.004495549433928,,,,,,,,,,,,,
12534.102,-1.23971735336818,-1.8470174752115884,-1.2421633403289896,-1.2401621568391286,0.9004408977694658,1.0036266564431673,,,,,,,,,,,,,
12534.53,-1.24008153465143,-1.847354848907269,-1.2425089566737757,-1.2404909057003493,0.9004011502914895,1.0035991302889005,,,,,,,,,,,,,
12534.965,-1.2410956721828,-1.8476977403970363,-1.2428602054021969,-1.2408249616718217,0.8994058970936302,1.0026162683159088,,,,,,,,,,,,,
12535.393,-1.24150103088701,-1.8480351140927151,-1.2432057819574798,-1.2411535734904562,0.8993050960565238,1.0025276296067878,,,,,,,,,,,,,
12535.808,-1.24124211479096,-1.8483622404565185,-1.243540843185194,-1.241472139157357,0.9001740183236223,1.0034083168463175,,,,,,,,,,,,,
12536.229,-1.24195917264017,-1.8486940963581073,-1.2438807297144994,-1.241795245215502,0.8996028812942312,1.0028490867777053,,,,,,,,,,,,,
12536.657,-1.24170571287915,-1.849031470053788,-1.2442262479917616,-1.2421236560504818,0.9004789071487441,1.0037371885516366,,,,,,,,,,,,,
12537.085,-1.2424336279518,-1.8493688437494669,-1.2445717465356445,-1.242451998760223,0.8998998533737694,1.003170181437481,,,,,,,,,,,,,
12537.507,-1.2432388057377,-1.8497014879073568,-1.244912382321628,-1.2427756718006502,0.8991992300922524,1.0024814072921393,,,,,,,,,,,,,
12537.935,-1.24253893541536,-1.8500388616030374,-1.2452578416753877,-1.2431038791093,0.9007371466860405,1.0040313124397198,,,,,,,,,,,,,
12538.37,-1.24359990531375,-1.8503817530928064,-1.2456089308451723,-1.2434373843797544,0.8996724553684017,1.0029787757700481,,,,,,,,,,,,,
12538.806,-1.24398816551519,-1.8507254328388711,-1.2459608066620085,-1.2437715855667253,0.8996063561469175,1.0029248288104684,,,,,,,,,,,,,
12539.234,-1.24410585464626,-1.8510628065345518,-1.246306206124034,-1.244099585680044,0.8999320813682196,1.0032624537843544,,,,,,,,,,,,,
12539.663,-1.24468590529323,-1.85140096848653,-1.2466523927915567,-1.244428283570034,0.8995734341922277,1.002915704802883,,,,,,,,,,,,,
12540.084,-1.24442944081236,-1.8517328243881206,-1.246992104489065,-1.2447507851111475,0.90044573392395,1.0037996522730377,,,,,,,,,,,,,
12540.506,-1.24523847996442,-1.8520654685460087,-1.247332603941457,-1.2450739862634337,0.8997393854138542,1.0031049507578962,,,,,,,,,,,,,
12540.934,-1.24562213154379,-1.8524028422416894,-1.2476779250232344,-1.2454017147285708,0.899670769423774,1.0030481183063413,,,,,,,,,,,,,
12541.356,-1.24598383580181,-1.8527354863995793,-1.2480183858349037,-1.245724781823919,0.8996276821565247,1.0030166207416036,,,,,,,,,,,,,
12541.791,-1.24578513115703,-1.8530783778893465,-1.2483693146962835,-1.2460577315073817,0.9004307040761315,1.0038315596206082,,,,,,,,,,,,,
12542.213,-1.24592637528755,-1.8534110220472364,-1.2487097365490047,-1.2463806633036658,0.9007144919534581,1.004126879436182,,,,,,,,,,,,,
12542.628,-1.24714637511307,-1.8537381484110398,-1.2490444928844422,-1.2466981733871785,0.899390632872017,1.002814333264722,,,,,,,,,,,,,
12543.05,-1.24770329012904,-1.854070792568928,-1.2493848766874045,-1.2470209729084467,0.8990581075759876,1.0024932834907345,,,,,,,,,,,,,
12543.472,-1.2479503614364,-1.8544034367268178,-1.2497252413063809,-1.2473437056892123,0.8991849860197493,1.0026316090125267,,,,,,,,,,,,,
12543.893,-1.24732899743498,-1.8547352926284102,-1.2500647802582794,-1.2476656071636703,0.9005983204723012,1.0040563350743414,,,,,,,,,,,,,
12544.315,-1.24845772145835,-1.8550679367863,-1.2504051065547426,-1.2479882065217303,0.8994179767789829,1.0028873816384325,,,,,,,,,,,,,
12544.737,-1.24861887800915,-1.8554005809441882,-1.2507454136672216,-1.2483107390394217,0.8996722406088898,1.00315300728173,,,,,,,,,,,,,
12545.173,-1.24901235886111,-1.8557442606902548,-1.251096990439926,-1.2486439014494382,0.8995984007546108,1.003090876297918,,,,,,,,,,,,,
12545.602,-1.2492196019459,-1.856082422642233,-1.251442902643964,-1.248971645211807,0.8997925135137982,1.003296480305817,,,,,,,,,,,,,
12546.031,-1.24978935475532,-1.8564205845942112,-1.2517887950223034,-1.2492993197934625,0.899449134890792,1.002964563536041,,,,,,,,,,,,,
12546.453,-1.249721107679,-1.8567532287521011,-1.252129024125967,-1.249621580173239,0.9000435343480887,1.0035702091433985,,,,,,,,,,,,,
12546.875,-1.2506071128919,-1.857085872909991,-1.252469234045643,-1.2499437735449326,0.8992230686388911,1.0027609611402504,,,,,,,,,,,,,
12547.29,-1.25035216531401,-1.8574129992737927,-1.2528037819635127,-1.2502605570948164,0.9000861068036691,1.00363500319519,,,,,,,,,,,,,
12547.712,-1.25085854046361,-1.8577456434316808,-1.253143953833435,-1.2505826174644183,0.8998285167184366,1.0033885743998001,,,,,,,,,,,,,
12548.127,-1.25048709705998,-1.8580727697954842,-1.2534784643327104,-1.2508992701548258,0.9008642826699285,1.0044352887610601,,,,,,,,,,,,,
12548.563,-1.25178502987236,-1.858416449541549,-1.2538298818844869,-1.2512318762926906,0.8994494163512389,1.003031895236664,,,,,,,,,,,,,
12548.993,-1.2520943979605,-1.8587553997498265,-1.2541764433577125,-1.2515598350521877,0.8994932776149809,1.003087041673488,,,,,,,,,,,,,
12549.401,-1.25185540036125,-1.8590770083195398,-1.2545052553631209,-1.2518709500127305,0.9003244856189313,1.0039289301646974,,,,,,,,,,,,,
12549.823,-1.25188782504609,-1.8594096524774297,-1.2548453312676529,-1.252192674364409,0.9007696195520851,1.0043850831002286,,,,,,,,,,,,,
12550.245,-1.25303041749217,-1.8597422966353196,-1.255185387988199,-1.2525143314463278,0.8995687132167612,1.0031951673232666,,,,,,,,,,,,,
12550.675,-1.25315280464594,-1.8600812468435937,-1.2555318715486958,-1.2528420170644203,0.8998898101904116,1.0035274339491371,,,,,,,,,,,,,
12551.09,-1.25328180131676,-1.860408373207397,-1.2558662495852406,-1.2531582054923198,0.9001835761097782,1.0038319518763585,,,,,,,,,,,,,
12551.513,-1.25361975097018,-1.8607418056215845,-1.2562070543707105,-1.253480422071739,0.9001768784214297,1.0038361851547568,,,,,,,,,,,,,
12551.942,-1.25400543077445,-1.861079967573561,-1.2565526735795505,-1.2538071399317126,0.900106423936011,1.003776787495344,,,,,,,,,,,,,
12552.378,-1.25390925242137,-1.8614236473196293,-1.256903911949081,-1.254139117448933,0.9007585993719158,1.0044401700528014,,,,,,,,,,,,,
12552.808,-1.25494864570686,-1.861762597527905,-1.2572502967058696,-1.25446645593148,0.8997200558732439,1.0034126497105171,,,,,,,,,,,,,
12553.23,-1.25510894273538,-1.862095241685795,-1.2575902177292626,-1.254787636257328,0.8999755941126018,1.0036789773106576,,,,,,,,,,,,,
12553.659,-1.25569489826448,-1.8624334036377714,-1.2579357575890882,-1.255114074998163,0.8996081917969736,1.0033225141705948,,,,,,,,,,,,,
12554.082,-1.25584319392807,-1.8627668360519607,-1.2582764453118873,-1.2554358797966574,0.8998826931446987,1.003607772916757,,,,,,,,,,,,,
12554.512,-1.25672144397555,-1.8631057862602365,-1.2586227511368762,-1.2557629403581536,0.8990830759308803,1.0028190618274913,,,,,,,,,,,,,
12554.934,-1.25708715448165,-1.8634384304181264,-1.2589625946969694,-1.2560838478027134,0.8990340486193464,1.0027807090222425,,,,,,,,,,,,,
12555.371,-1.25704014801801,-1.8637828984204905,-1.2593144977855069,-1.2564160905989337,0.8996144858808318,1.0033721702370442,,,,,,,,,,,,,
12555.807,-1.25720581232123,-1.864126578166557,-1.2596655751023693,-1.2567475007718085,0.8998784285006474,1.0036470811863205,,,,,,,,,,,,,
12556.223,-1.25776332565714,-1.864454492786658,-1.2600005288646727,-1.2570636412473535,0.8995380036162222,1.0033170931916033,,,,,,,,,,,,,
12556.646,-1.25807119301328,-1.8647879252008455,-1.260341099752642,-1.2573850338781858,0.8995759088018,1.0033655825451198,,,,,,,,,,,,,
12557.075,-1.25857868999915,-1.8651260871528237,-1.2606864817462888,-1.2577109157022466,0.899324836581563,1.0031252154329469,,,,,,,,,,,,,
12557.505,-1.25825537624093,-1.8654650373610995,-1.2610326489310921,-1.2580374868217314,0.9003067721009265,1.0041178515156646,,,,,,,,,,,,,
12557.928,-1.25873565774983,-1.865798469775287,-1.261373161401643,-1.2583586729271112,0.9000890396718958,1.0039106166393261,,,,,,,,,,,,,
12558.351,-1.25956297454989,-1.8661319021894762,-1.2617136545971839,-1.2586797908244984,0.8993567597269194,1.0031888056680607,,,,,,,,,,,,,
12558.788,-1.25962292408064,-1.8664763701918403,-1.2620653968285769,-1.259011465072075,0.8997786138626217,1.0036214452548817,,,,,,,,,,,,,
12559.224,-1.25956043067811,-1.8668200499379068,-1.2624163136563844,-1.2593423077230237,0.900380844788349,1.0042344065536473,,,,,,,,,,,,,
12559.654,-1.26062025970535,-1.8671590001461826,-1.2627623812963318,-1.2596685264164948,0.8993120013160956,1.0031761160500225,,,,,,,,,,,,,
12560.084,-1.26038161344325,-1.8674979503544602,-1.263108429018045,-1.2599946744920532,0.9001684007562218,1.0040430389260973,,,,,,,,,,,,,
12560.507,-1.26109552460379,-1.867831382768646,-1.2634488239702506,-1.2603154442452456,0.899604266794072,1.0034892282726993,,,,,,,,,,,,,
12560.93,-1.26103440976484,-1.8681648151828352,-1.263789199647448,-1.2606361455973318,0.9001892600618995,1.0040845162703047,,,,,,,,,,,,,
12561.353,-1.2623183681323,-1.8684982475970227,-1.26412955604963,-1.2609567785168105,0.8987799199153508,1.0026854422745495,,,,,,,,,,,,,
12561.777,-1.2618157457833,-1.8688324682675095,-1.2644706977334597,-1.2612781007266838,0.9000207029362263,1.0039364870356806,,,,,,,,,,,,,
12562.2,-1.26253752011792,-1.8691659006816987,-1.264811015540051,-1.2615985965246868,0.8994449102846245,1.0033709033093556,,,,,,,,,,,,,
12562.637,-1.26264334832458,-1.8695103686840628,-1.2651625765776568,-1.2619296277818068,0.8997987403336538,1.0037352501542653,,,,,,,,,,,,,
12563.06,-1.26243308676381,-1.8698438010982503,-1.2655028551962761,-1.2622499842251425,0.9006048727108984,1.0045515333529538,,,,,,,,,,,,,
12563.476,-1.26338275009962,-1.8701717157183495,-1.2658374839274469,-1.2625649723645211,0.8996830089542072,1.0036396245637245,,,,,,,,,,,,,
12563.899,-1.26359020374881,-1.870505148132537,-1.2661777243150105,-1.2628851927315479,0.8998697970482221,1.003836506794164,,,,,,,,,,,,,
12564.323,-1.26416687430644,-1.8708393688030238,-1.2665187497099542,-1.2632061012247422,0.8995103177953929,1.0034871168605637,,,,,,,,,,,,,
12564.753,-1.26416592259908,-1.8711783190113014,-1.2668645811566872,-1.2635314803953699,0.9000142886906091,1.0040012905217577,,,,,,,,,,,,,
12565.169,-1.26519149497869,-1.8715062336314006,-1.267199134018881,-1.2638461982479579,0.8989798749687694,1.0029767192767711,,,,,,,,,,,,,
12565.593,-1.26533781164126,-1.8718404543018874,-1.2675401014064072,-1.264166899947378,0.8992584793152819,1.0032653269351672,,,,,,,,,,,,,
12566.03,-1.26469102477308,-1.8721849223042515,-1.267891502716676,-1.2644973621688953,0.9007282080267495,1.0047453356154934,,,,,,,,,,,,,
12566.46,-1.265445980794,-1.8725238725125273,-1.2682372550926484,-1.2648224592619086,0.9001113982584958,1.0041386113753377,,,,,,,,,,,,,
12566.884,-1.26594275892847,-1.872858093183014,-1.268578163513581,-1.265142950461411,0.8998703751077614,1.0039075041069725,,,,,,,,,,,,,
12567.307,-1.26598464103182,-1.8731915255972034,-1.268918248607422,-1.2654626168332685,0.9003026553168285,1.0043496481991332,,,,,,,,,,,,,
12567.731,-1.26675547055427,-1.8735257462676884,-1.2692591183415143,-1.2657829697714824,0.8996552975237095,1.0037121489275813,,,,,,,,,,,,,
12568.154,-1.26677010558889,-1.873859178681876,-1.2695991648397609,-1.2661024981465117,0.9001279768273017,1.0041946348887483,,,,,,,,,,,,,
12568.578,-1.26667090602646,-1.8741933993523627,-1.26993999588702,-1.2664227126999859,0.900770606870672,1.0048470660928799,,,,,,,,,,,,,
12569.002,-1.26751176706802,-1.8745276200228496,-1.2702808075680228,-1.266742857933153,0.9000194136892997,1.004105645358004,,,,,,,,,,,,,
12569.439,-1.26752790151845,-1.8748720880252137,-1.2706320483977507,-1.267072746366455,0.9005062322286638,1.0046025059224197,,,,,,,,,,,,,
12569.87,-1.26783096156366,-1.8752118264897888,-1.2709784465486482,-1.267398033247611,0.9005606151402983,1.0046667631056057,,,,,,,,,,,,,
12570.287,-1.26814233839846,-1.8755405293661873,-1.2713135737409242,-1.267712685697905,0.9005863043767905,1.0047019776314445,,,,,,,,,,,,,
12570.703,-1.26884075317984,-1.8758684439862865,-1.2716478786061103,-1.2680265166573303,0.9000369656135531,1.0041621136409797,,,,,,,,,,,,,
12571.127,-1.26889842152266,-1.8762026646567733,-1.2719885932274586,-1.2683463140085949,0.9004470083868835,1.0045817849508807,,,,,,,,,,,,,
12571.551,-1.26983949083233,-1.8765368853272584,-1.272329288482549,-1.26866604185516,0.8995472369002266,1.0036916132865281,,,,,,,,,,,,,
12571.975,-1.27011022427408,-1.8768711059977452,-1.272669964371385,-1.2689857001665257,0.8996413691013978,1.003795316595744,,,,,,,,,,,,,
12572.399,-1.27072295400373,-1.877205326668232,-1.2730106208939684,-1.2693052889122325,0.8992284250919211,1.0033919149800439,,,,,,,,,,,,,
12572.836,-1.27119904853136,-1.8775497946705961,-1.2733617018080547,-1.2696346035396175,0.8990332630915893,1.0032065578985425,,,,,,,,,,,,,
12573.274,-1.27075439407586,-1.8778950509292578,-1.273713565468281,-1.2699645975308798,0.9002044598146499,1.0043875513704998,,,,,,,,,,,,,
12573.705,-1.27119137461821,-1.878234789393833,-1.2740597855631925,-1.2702892450835315,0.9000602794651603,1.004252981289719,,,,,,,,,,,,,
12574.136,-1.27178780794758,-1.878574527858408,-1.274405985647114,-1.270613820626691,0.899679679254169,1.003881961677236,,,,,,,,,,,,,
12574.567,-1.27129878461213,-1.8789142663229814,-1.2747521657200487,-1.2709383241286205,0.9009084802907715,1.0051203136421427,,,,,,,,,,,,,
12574.991,-1.27195058773938,-1.87924848699347,-1.2750927038526907,-1.2712574869456361,0.9004376023472368,1.0046588025561358,,,,,,,,,,,,,
12575.415,-1.27208863141126,-1.8795827076639569,-1.2754332226190765,-1.271576579981722,0.9007284730162743,1.0049590113684383,,,,,,,,,,,,,
12575.846,-1.27312476141779,-1.8799224461285302,-1.275779343309063,-1.2719008695137166,0.899695936708962,1.0039359379425874,,,,,,,,,,,,,
12576.284,-1.2731201843219,-1.8802677023871919,-1.276131064947636,-1.2722303519946032,0.9002146328997122,1.0044642203073506,,,,,,,,,,,,,
12576.722,-1.27333861476188,-1.8806129586458553,-1.2764827659199405,-1.2725597599125997,0.900402676916053,1.0046618198559147,,,,,,,,,,,,,
12577.14,-1.27390689016437,-1.8809424497785514,-1.2768183882147923,-1.2728740568092785,0.9000486326560027,1.0043168662274238,,,,,,,,,,,,,
12577.564,-1.27413246957707,-1.8812766704490382,-1.2771588088253178,-1.2731927957064677,0.9002097145135189,1.004487140692941,,,,,,,,,,,,,
12577.988,-1.27422238509062,-1.881610891119525,-1.2774992100695908,-1.2735114646409524,0.900571944565728,1.0048585346388865,,,,,,,,,,,,,
12578.426,-1.27533689029442,-1.8819561473781867,-1.2778508306415954,-1.2738405821652985,0.899431382945773,1.0037274093419823,,,,,,,,,,,,,
12578.851,-1.27516413884875,-1.882291156304973,-1.2781919952312784,-1.2741598599317026,0.9001842367476763,1.0044893901023193,,,,,,,,,,,,,
12579.268,-1.27555221819664,-1.8826198591813714,-1.2785267189875018,-1.2744730593548903,0.900096199546014,1.0044102800171233,,,,,,,,,,,,,
12579.706,-1.27591331759505,-1.882965115440033,-1.2788782791649158,-1.274801958416608,0.9000727090007875,1.004396136248153,,,,,,,,,,,,,
12580.145,-1.27569336351715,-1.883311159954994,-1.2792306212540403,-1.2751315333137307,0.9009119123250763,1.005244676941556,,,,,,,,,,,,,
12580.576,-1.27639825865631,-1.8836508984195692,-1.2795765223338975,-1.2754550291392237,0.900370496323229,1.0047123982061898,,,,,,,,,,,,,
12581.0,-1.27638898904768,-1.883985119090056,-1.279916786004673,-1.2757732002197801,0.9008797876672916,1.0052306494643646,,,,,,,,,,,,,
12581.425,-1.27708498831184,-1.8843201280168405,-1.2802578327492835,-1.276092051252475,0.9003445490730922,1.0047043631002248,,,,,,,,,,,,,
12581.849,-1.27750992709671,-1.8846543486873273,-1.2805980576418712,-1.276410081732388,0.900210041771972,1.0045787582169652,,,,,,,,,,,,,
12582.274,-1.27738818646287,-1.8849893576141117,-1.2809390655168365,-1.2767287917737709,0.9008872620945633,1.005264873137763,,,,,,,,,,,,,
12582.699,-1.27839758441406,-1.885324366540896,-1.2812800539340863,-1.2770474311921796,0.8998873488115914,1.0042738256031272,,,,,,,,,,,,,
12583.123,-1.27841225674092,-1.885658587211383,-1.2816202206365546,-1.2773652504675082,0.9003611415658934,1.0047564344970574,,,,,,,,,,,,,
12583.562,-1.27866807231664,-1.886004631726344,-1.2819724011323377,-1.2776942392221131,0.9004949235694412,1.004899314275979,,,,,,,,,,,,,
12583.98,-1.27927275093666,-1.88633412285904,-1.2823077154302993,-1.2780074203538652,0.900086904438161,1.0044999291106056,,,,,,,,,,,,,
12584.404,-1.27890810207708,-1.8866683435295268,-1.282647823622927,-1.2783250269980517,0.9011231148462321,1.005544868906016,,,,,,,,,,,,,
12584.822,-1.27947201717879,-1.886997834662223,-1.2829831000066516,-1.2786380702591706,0.9007755355826599,1.0052058673930762,,,,,,,,,,,,,
12585.254,-1.27961855314179,-1.8873383613830956,-1.2833295859647489,-1.2789615262573257,0.9010631647233354,1.0055023322524257,,,,,,,,,,,,,
12585.679,-1.28019052726402,-1.88767337030988,-1.2836704379490875,-1.2792796696584372,0.9007118175958568,1.0051596485848007,,,,,,,,,,,,,
12586.089,-1.28102510473029,-1.8879965553921902,-1.2839992414236718,-1.2795865173184975,0.8999535786283961,1.0044097399675327,,,,,,,,,,,,,
12586.521,-1.28122579655714,-1.8883370821130647,-1.2843456684194852,-1.2799097585990529,0.9001609111366339,1.004625820771318,,,,,,,,,,,,,
12586.96,-1.28102422877391,-1.888683126628024,-1.284697688220458,-1.280238162524022,0.9009728531924242,1.0054466223409917,,,,,,,,,,,,,
12587.392,-1.28177522182317,-1.8890236533488967,-1.285044074682606,-1.2805612560444,0.9003642567901786,1.0048467141352089,,,,,,,,,,,,,
12587.817,-1.28187445336161,-1.889358662275681,-1.285384828783199,-1.2808790426937566,0.900713842761922,1.0052048184350006,,,,,,,,,,,,,
12588.242,-1.28167059746071,-1.8896936712024672,-1.285725563426082,-1.2811967583391708,0.9015128149863062,1.006012280137563,,,,,,,,,,,,,
12588.667,-1.2823681080578,-1.8900286801292516,-1.2860662786112478,-1.2815144029517478,0.9009753355462198,1.00548326132579,,,,,,,,,,,,,
12589.092,-1.28209040289192,-1.890363689056036,-1.2864069743386999,-1.2818319765026445,0.9018838037118445,1.006400161269858,,,,,,,,,,,,,
12589.517,-1.28326014083311,-1.8906986979828204,-1.28674765060844,-1.2821494789630563,0.900646155115885,1.005170915602474,,,,,,,,,,,,,
12589.949,-1.2838751481891,-1.891039224703695,-1.2870939180756658,-1.2824721379896455,0.9002391840308906,1.004772456280692,,,,,,,,,,,,,
12590.381,-1.28385640084648,-1.8913797514245658,-1.2874401654389374,-1.2827947235047956,0.9007718779142595,1.0053136321192275,,,,,,,,,,,,,
12590.806,-1.28448262719529,-1.891714760351352,-1.2877807826945755,-1.2831120101762692,0.900340091277798,1.004890160911391,,,,,,,,,,,,,
12591.225,-1.2848372102205,-1.8920450397403457,-1.2881165721884074,-1.2834247478012446,0.9003040563961531,1.0048622958222808,,,,,,,,,,,,,
12591.65,-1.2848684747292,-1.89238004866713,-1.2884571508033158,-1.2837418930376387,0.9007544167479377,1.005320914310249,,,,,,,,,,,,,
12592.075,-1.28508853625045,-1.8927150575939162,-1.2887977099605106,-1.2840589670111446,0.9009248486996441,1.0054995755482694,,,,,,,,,,,,,
12592.507,-1.28549728804222,-1.893055584314789,-1.2891438583862787,-1.2843811903169828,0.9008236917232506,1.0054067538328337,,,,,,,,,,,,,
12592.94,-1.28556043335451,-1.893396899291961,-1.289490787907738,-1.2847040855650078,0.9012361325144993,1.0058275192680024,,,,,,,,,,,,,
12593.372,-1.28595303046563,-1.893737426012832,-1.2898368960790627,-1.2850261612923182,0.9011589280034897,1.0057585903328654,,,,,,,,,,,,,
12593.811,-1.28667357409518,-1.894083470527793,-1.2901885918894198,-1.285353380288253,0.9006036600118896,1.0052117014756596,,,,,,,,,,,,,
12594.244,-1.28669370940937,-1.894424785504965,-1.2905354605862538,-1.285676052408527,0.9010798715153602,1.0056961474386443,,,,,,,,,,,,,
12594.683,-1.28777081708738,-1.894770830019926,-1.2908871151588581,-1.2860031200367623,0.8999959277663223,1.004620521680969,,,,,,,,,,,,,
12595.108,-1.28715534610883,-1.8951058389467104,-1.2912275354566507,-1.2863196846202887,0.9014051996378202,1.0060378169525497,,,,,,,,,,,,,
12595.534,-1.28772447252324,-1.895441636129794,-1.2915687372169362,-1.28663692231571,0.9010592435364226,1.005699874178052,,,,,,,,,,,,,
12595.959,-1.28822542574136,-1.8957766450565785,-1.2919091185535194,-1.2869533437159908,0.9008131987534638,1.005461795027558,,,,,,,,,,,,,
12596.392,-1.28875605238948,-1.8961179600337488,-1.2922558870576442,-1.2872756477010419,0.9005325072719094,1.0051891894502183,,,,,,,,,,,,,
12596.825,-1.28897174918396,-1.8964592750109208,-1.2926026353646325,-1.2875978773877719,0.9007187607323172,1.0053834988686439,,,,,,,,,,,,,
12597.264,-1.28840571474023,-1.8968053195258818,-1.2929541678791772,-1.2879244962708631,0.9020710957094741,1.0067439708622037,,,,,,,,,,,,,
12597.69,-1.28972131753892,-1.8971411167089656,-1.293295270699371,-1.2882413699975368,0.9006183427518787,1.0052990845334642,,,,,,,,,,,,,
12598.115,-1.28911178596788,-1.89747612563575,-1.2936355533281159,-1.2885574281412608,0.9020188082931319,1.0067073693534976,,,,,,,,,,,,,
12598.541,-1.29014170303176,-1.897811922818832,-1.2939766170954226,-1.288874158006471,0.9009896401666244,1.0056860099523062,,,,,,,,,,,,,
12598.967,-1.29006927397863,-1.8981477200019157,-1.294317661313345,-1.2891908158144108,0.9015949151952438,1.0062990647204484,,,,,,,,,,,,,
12599.4,-1.29085030225293,-1.898489034979086,-1.2946642895103633,-1.2895126030477786,0.9009429544565781,1.0056549818532596,,,,,,,,,,,,,
12599.819,-1.29113886689771,-1.8988193143680814,-1.2949996911010313,-1.2898239151466173,0.9010048047022485,1.005724426749124,,,,,,,,,,,,,
12600.244,-1.29162141004938,-1.8991543232948676,-1.2953398762580743,-1.29162141004938,0.9007860564340894,1.0055133532388805,,,,,,,,,,,,,
12600.684,-1.2917919136329,-1.8995011560661261,-1.2956920474501228,-1.2917919136329,0.9010474988517664,1.0057827108931,,,,,,,,,,,,,
12601.124,-1.29142220532108,-1.8998479888373847,-1.2960441977867365,-1.29142220532108,0.9021099107843994,1.0068530071400081,,,,,,,,,,,,,
12601.55,-1.29216909027619,-1.9001837860204684,-1.2963851234692907,-1.29216909027619,0.9015003929707329,1.0062510933139892,,,,,,,,,,,,,
12601.976,-1.29240822597417,-1.9005195832035522,-1.2967260296024588,-1.29240822597417,0.9016437124783304,1.0064019878234411,,,,,,,,,,,,,
12602.395,-1.29378165549721,-1.9008498625925458,-1.2970613149214767,-1.29378165549721,0.9000970389154176,1.0048627365152574,,,,,,,,,,,,,
12602.828,-1.29321200968324,-1.901191177569718,-1.2974077832206312,-1.29321200968324,0.9014477159910599,1.006221054382506,,,,,,,,,,,,,
12603.247,-1.29374295839186,-1.9015214569587116,-1.2977430300833408,-1.29374295839186,0.9011501845797856,1.0059308882069615,,,,,,,,,,,,,
12603.673,-1.29369565361438,-1.9018572541417953,-1.298083858340192,-1.29369565361438,0.9017182079687158,1.0065063711308744,,,,,,,,,,,,,
12604.106,-1.2940481413899,-1.9021985691189656,-1.2984302670274808,-1.2940481413899,0.9017016421156642,1.00649735768318,,,,,,,,,,,,,
12604.539,-1.29503432598005,-1.9025398840961376,-1.2987766555176368,-1.29503432598005,0.900745497118539,1.005548735145208,,,,,,,,,,,,,
12604.958,-1.29476917964317,-1.902870163485133,-1.2991118251517815,-1.29476917964317,0.9016283319079261,1.0064388206638601,,,,,,,,,,,,,
12605.378,-1.2953404605448,-1.903201231130426,-1.2994477757334977,-1.2953404605448,0.9012721688965707,1.0060898975451171,,,,,,,,,,,,,
12605.797,-1.29570864894582,-1.9035315105194215,-1.2997829074981109,-1.29570864894582,0.9012159613912645,1.0060408846200848,,,,,,,,,,,,,
12606.223,-1.29520875085863,-1.9038673077025035,-1.3001236187339824,-1.29520875085863,0.9024550426500353,1.0072872519073401,,,,,,,,,,,,,
12606.649,-1.29621669987715,-1.9042031048855854,-1.3004643104204643,-1.29621669987715,0.9014584464361204,1.0062979127361165,,,,,,,,,,,,,
12607.069,-1.29679694351051,-1.9045341725308784,-1.3008001844941823,-1.29679694351051,0.9010889944265991,1.0059355871811255,,,,,,,,,,,,,
12607.509,-1.29708021238571,-1.9048810053021388,-1.3011520321899592,-1.29708021238571,0.9011832403020331,1.0060372686465824,,,,,,,,,,,,,
12607.949,-1.29730420534954,-1.9052278380733991,-1.301503859030296,-1.29730420534954,0.9013653742791325,1.0062268072914355,,,,,,,,,,,,,
12608.383,-1.29765651507288,-1.905569941306867,-1.301850867801118,-1.29765651507288,0.9013502411668985,1.0062189475815744,,,,,,,,,,,,,
12608.809,-1.29786042420215,-1.9059057384899507,-1.3021914603639466,-1.29786042420215,0.9015457909343193,1.006421607421478,,,,,,,,,,,,,
12609.236,-1.29805445863411,-1.9062423239293338,-1.302532832821564,-1.29805445863411,0.9017571506105078,1.0066400647725249,,,,,,,,,,,,,
12609.662,-1.29852494960404,-1.9065781211124158,-1.3028733862397264,-1.29852494960404,0.9015574407965441,1.006447406991414,,,,,,,,,,,,,
12610.089,-1.29893713763858,-1.906914706551797,-1.3032147194607866,-1.29893713763858,0.9014453452012859,1.0063423508951468,,,,,,,,,,,,,
12610.515,-1.29851935865433,-1.907250503734879,-1.3035552337342882,-1.29851935865433,0.9025626688708259,1.00746666855792,,,,,,,,,,,,,
12610.949,-1.29915373531647,-1.9075926069683504,-1.3039021225385152,-1.29915373531647,0.9021293164985168,1.0070404117140335,,,,,,,,,,,,,
12611.39,-1.30012221815914,-1.9079402279959066,-1.3042545855393772,-1.30012221815914,0.9012087677449696,1.0061270421164636,,,,,,,,,,,,,
12611.816,-1.29991421638375,-1.9082760251789903,-1.3045950401092359,-1.29991421638375,0.9020150557807565,1.0069402356231478,,,,,,,,,,,,,
12612.236,-1.30053827286119,-1.9086070928242833,-1.3049306804059935,-1.30053827286119,0.9015806426832355,1.006512602360079,,,,,,,,,,,,,
12612.67,-1.30039011081516,-1.908949196057753,-1.305277488749379,-1.30039011081516,0.9023075565970311,1.0072464925033655,,,,,,,,,,,,,
12613.103,-1.3007266719513,-1.9092905110349232,-1.305623477774743,-1.3007266719513,0.9023146050936991,1.007260471174475,,,,,,,,,,,,,
12613.53,-1.30116618176041,-1.9096270964743063,-1.3059646527156392,-1.30116618176041,0.9021619996379352,1.0071146705363856,,,,,,,,,,,,,
12613.957,-1.3021893486287,-1.9099636819136876,-1.3063058080152512,-1.3021893486287,0.9011440087368933,1.0061034553309858,,,,,,,,,,,,,
12614.391,-1.30237785411509,-1.9103057851471554,-1.3066525358978005,-1.30237785411509,0.9013717473595271,1.00633805088417,,,,,,,,,,,,,
12614.839,-1.30258879459784,-1.9106589239688017,-1.3070104272678673,-1.30258879459784,0.9015825841358288,1.0065559342262915,,,,,,,,,,,,,
12615.272,-1.30248716291034,-1.9110002389459737,-1.3073563151209804,-1.30248716291034,0.9022393389726147,1.0072194692298697,,,,,,,,,,,,,
12615.706,-1.30311791683486,-1.9113423421794433,-1.3077029815241588,-1.30311791683486,0.9018113580155187,1.006798254048127,,,,,,,,,,,,,
12616.133,-1.30364457150072,-1.9116789276188246,-1.3080440367314647,-1.30364457150072,0.9015295433101148,1.0065230666319276,,,,,,,,,,,,,
12616.567,-1.30377104990719,-1.9120210308522925,-1.308390662880841,-1.30377104990719,0.9018492491784655,1.0068494785915056,,,,,,,,,,,,,
12616.994,-1.30355971113879,-1.9123576162916756,-1.308731678483607,-1.30355971113879,0.9026616537010733,1.0076684516818388,,,,,,,,,,,,,
12617.421,-1.30420799751746,-1.9126942017310569,-1.3090726744450976,-1.30420799751746,0.9021994962545099,1.0072128336809643,,,,,,,,,,,,,
12617.856,-1.3049513114067,-1.913037093220824,-1.3094200388930002,-1.3049513114067,0.9016057919361676,1.0066257613816378,,,,,,,,,,,,,
12618.29,-1.30430218759664,-1.9133791964542937,-1.3097665844880346,-1.30430218759664,0.903075479388658,1.0081020354877808,,,,,,,,,,,,,
12618.724,-1.30509445684658,-1.9137212996877633,-1.310113109792546,-1.30509445684658,0.9024080204545389,1.007441133122633,,,,,,,,,,,,,
12619.137,-1.30522525902621,-1.914046849538968,-1.3104428489020208,-1.30522525902621,0.9026967718674305,1.0077360959148218,,,,,,,,,,,,,
12619.564,-1.30626497939415,-1.9143834349783493,-1.3107837462891432,-1.30626497939415,0.9016542371740356,1.0066999545113333,,,,,,,,,,,,,
12619.991,-1.30562250157582,-1.9147200204177306,-1.3111246240349885,-1.30562250157582,0.9031058894412387,1.0081579709464046,,,,,,,,,,,,,
12620.426,-1.30702958979775,-1.9150629119074978,-1.3114718680524362,-1.30702958979775,0.9015280101910201,1.0065865451534888,,,,,,,,,,,,,
12620.846,-1.30754531281816,-1.9153939795527908,-1.3118071187963416,-1.30754531281816,0.9012542225763501,1.0063189597849416,,,,,,,,,,,,,
12621.266,-1.30742987629426,-1.9157250471980838,-1.3121423505376644,-1.30742987629426,0.9019162521075571,1.006987163387234,,,,,,,,,,,,,
12621.708,-1.30777676526242,-1.916073456481941,-1.3124951215151608,-1.30777676526242,0.9019185062721492,1.006995884599188,,,,,,,,,,,,,
12622.149,-1.30823509144572,-1.916421077509499,-1.3128470733941775,-1.30823509144572,0.9017543642833059,1.006838163928174,,,,,,,,,,,,,
12622.583,-1.30831446726014,-1.9167631807429686,-1.3131934182812675,-1.30831446726014,0.9021439089327613,1.007233997642484,,,,,,,,,,,,,
12623.004,-1.30903216684359,-1.917095036644561,-1.313529369394379,-1.30903216684359,0.9015718204071801,1.0066679810531793,,,,,,,,,,,,,
12623.438,-1.3096050843904,-1.9174371398780288,-1.3138756743081856,-1.3096050843904,0.9012295931622837,1.0063319836049258,,,,,,,,,,,,,
12623.859,-1.30886865516344,-1.9177689957796211,-1.3142115866453707,-1.30886865516344,0.9028135342576805,1.0079219391437033,,,,,,,,,,,,,
12624.279,-1.31015989358835,-1.9181000634249141,-1.314546682065819,-1.31015989358835,0.9013898937746423,1.0065042706093767,,,,,,,,,,,,,
12624.707,-1.30998995228195,-1.918437437120593,-1.3148881407072235,-1.30998995228195,0.9021420872280822,1.0072625207777808,,,,,,,,,,,,,
12625.142,-1.31013536147008,-1.918780328610362,-1.3152351637324422,-1.31013536147008,0.902434893263493,1.0075614526062733,,,,,,,,,,,,,
12625.569,-1.31092021948663,-1.9191169140497415,-1.3155757848997425,-1.31092021948663,0.9017702417224925,1.0069027848052494,,,,,,,,,,,,,
12625.997,-1.31087433667454,-1.9194542877454221,-1.3159171840643697,-1.31087433667454,0.9023384942578051,1.0074770058695663,,,,,,,,,,,,,
12626.418,-1.3109753042492,-1.9197861436470127,-1.316252980345892,-1.3109753042492,0.9026808312422844,1.0078251852222029,,,,,,,,,,,,,
12626.845,-1.31168183817938,-1.920122729086394,-1.3165935428193567,-1.31168183817938,0.902132310438152,1.0072825611329521,,,,,,,,,,,,,
12627.28,-1.31214342748829,-1.920465620576163,-1.3169404656576837,-1.31214342748829,0.9019563177666766,1.0071125457078849,,,,,,,,,,,,,
12627.708,-1.31213268875297,-1.9208029942718436,-1.3172817859348953,-1.31213268875297,0.9024724623525584,1.007634541856743,,,,,,,,,,,,,
12628.129,-1.31275676258458,-1.9211348501734342,-1.317617504619216,-1.31275676258458,0.9020391922678229,1.007206999087129,,,,,,,,,,,,,
12628.563,-1.31302291355616,-1.9214769534069038,-1.3179635699271035,-1.31302291355616,0.9021518063122198,1.0073254876655071,,,,,,,,,,,,,
12629.005,-1.31308001446764,-1.9218253626907593,-1.318315993464001,-1.31308001446764,0.9025837278003191,1.0077633610523011,,,,,,,,,,,,,
12629.44,-1.31328362765586,-1.9221682541805283,-1.3186628150845117,-1.31328362765586,0.9027902350516366,1.007975695474814,,,,,,,,,,,,,
12629.868,-1.31426607031073,-1.9225056278762072,-1.3190040357726982,-1.31426607031073,0.9018337944848633,1.0070249588108042,,,,,,,,,,,,,
12630.296,-1.31451813849965,-1.9228430015718878,-1.3193452367275071,-1.31451813849965,0.901960276539336,1.007157115509443,,,,,,,,,,,,,
12630.724,-1.31409389711458,-1.9231803752675667,-1.3196864179489296,-1.31409389711458,0.903089519466182,1.0082920038218561,,,,,,,,,,,,,
12631.152,-1.31478359690459,-1.9235177489632456,-1.3200275794369745,-1.31478359690459,0.9025671273024455,1.0077752277850927,,,,,,,,,,,,,
12631.587,-1.31504299049148,-1.9238606404530127,-1.3203743004488544,-1.31504299049148,0.9026909292315484,1.0079047077134042,,,,,,,,,,,,,
12632.022,-1.31595552122114,-1.9242035319427817,-1.3207210010765884,-1.31595552122114,0.9018463279378498,1.007065754195437,,,,,,,,,,,,,
12632.472,-1.31565602939975,-1.9245582472770248,-1.3210796354477683,-1.31565602939975,0.9028163176634529,1.0080415546429262,,,,,,,,,,,,,
12632.893,-1.31632256432295,-1.9248901031786154,-1.3214151380753592,-1.31632256432295,0.902320090727473,1.007550734675693,,,,,,,,,,,,,
12633.321,-1.31628306802512,-1.925227476874296,-1.3217561995594291,-1.31628306802512,0.9028788740095657,1.0081149858092957,,,,,,,,,,,,,
12633.749,-1.31702627257955,-1.925564850569975,-1.322097241310118,-1.31702627257955,0.9022771505953052,1.0075187009879447,,,,,,,,,,,,,
12634.184,-1.31766733141421,-1.9259077420597421,-1.3224438406263133,-1.31766733141421,0.9018350593424568,1.0070821072966543,,,,,,,,,,,,,
12634.613,-1.31707351133443,-1.9262459040117204,-1.3227856392979458,-1.31707351133443,0.9032169045079641,1.008469344594241,,,,,,,,,,,,,
12635.041,-1.31790862816308,-1.9265832777073992,-1.3231266214796449,-1.31790862816308,0.9024789032176784,1.0077366935741856,,,,,,,,,,,,,
12635.483,-1.31850851212741,-1.9269316869912565,-1.3234787365719498,-1.31850851212741,0.9021060429482555,1.0073693278739944,,,,,,,,,,,,,
12635.926,-1.31812905007769,-1.9272808845314113,-1.3238316271877935,-1.31812905007769,0.903186422931193,1.0084551835473254,,,,,,,,,,,,,
12636.361,-1.31854289482116,-1.9276237760211803,-1.3241781244895545,-1.31854289482116,0.9030812208916016,1.0083553278129282,,,,,,,,,,,,,
12636.797,-1.31954450201702,-1.927967455767245,-1.3245253978823506,-1.31954450201702,0.9021057151041787,1.0073851502932754,,,,,,,,,,,,,
12637.225,-1.31941523707496,-1.9283048294629257,-1.324866279368484,-1.31941523707496,0.902797597912675,1.0080822340711229,,,,,,,,,,,,,
12637.654,-1.31953082325403,-1.928642991414904,-1.3252079375040928,-1.31953082325403,0.9031276099142713,1.0084174298326454,,,,,,,,,,,,,
12638.082,-1.31975397062857,-1.9289803651105828,-1.3255487794773568,-1.31975397062857,0.9032969727176954,1.0085919350198629,,,,,,,,,,,,,
12638.504,-1.3205230415671,-1.9293130092684727,-1.325884823971755,-1.3205230415671,0.9026498848808323,1.0079498888310767,,,,,,,,,,,,,
12638.939,-1.32075523377663,-1.92965590075824,-1.326231200468177,-1.32075523377663,0.9028140181580936,1.0081191892959827,,,,,,,,,,,,,
12639.382,-1.32065950117754,-1.9300050982983947,-1.3265839261571521,-1.32065950117754,0.9034737138828536,1.0087841161747861,,,,,,,,,,,,,
12639.811,-1.3212918093588,-1.930343260250373,-1.3269254846096956,-1.3212918093588,0.9030375847183046,1.0083530229705153,,,,,,,,,,,,,
12640.225,-1.32179042719064,-1.9306695983578752,-1.3272550816609936,-1.32179042719064,0.9027821464200555,1.0081024166782897,,,,,,,,,,,,,
12640.654,-1.32193947387125,-1.9310077603098534,-1.3275966011553404,-1.32193947387125,0.903062546700918,1.0083877951562834,,,,,,,,,,,,,
12641.083,-1.32185865775524,-1.9313459222618317,-1.3279381008239906,-1.32185865775524,0.9036837634175224,1.0090139606745425,,,,,,,,,,,,,
12641.511,-1.32231948490095,-1.9316832959575105,-1.3282787846996804,-1.32231948490095,0.9035007195955627,1.0088358248257874,,,,,,,,,,,,,
12641.94,-1.32310131465771,-1.9320214579094888,-1.328620244763142,-1.32310131465771,0.9028428955278902,1.0081828908373311,,,,,,,,,,,,,
12642.369,-1.3229936855081,-1.932359619861467,-1.3289616850009054,-1.3229936855081,0.9035038677972739,1.0088487237904493,,,,,,,,,,,,,
12642.812,-1.32286843096531,-1.9327088174016218,-1.3293142470037846,-1.32286843096531,0.904207335562468,1.0095571800130188,,,,,,,,,,,,,
12643.248,-1.32376535958474,-1.9330524971476866,-1.3296612174071445,-1.32376535958474,0.9033870361844425,1.008741759661648,,,,,,,,,,,,,
12643.677,-1.32436822590864,-1.9333906590996648,-1.330002597197316,-1.32436822590864,0.9029945603167064,1.008354054852271,,,,,,,,,,,,,
12644.099,-1.32485819724234,-1.9337233032575547,-1.3303383873447885,-1.32485819724234,0.9027612920884702,1.0081254511530306,,,,,,,,,,,,,
12644.528,-1.32464912717302,-1.934061465209533,-1.3306797278070555,-1.32464912717302,0.9035726703095881,1.008941542121191,,,,,,,,,,,,,
12644.957,-1.32480880793358,-1.9343996271615111,-1.331021048443624,-1.32480880793358,0.9038373034925156,1.0092108586556845,,,,,,,,,,,,,
12645.379,-1.32545632072297,-1.934732271319401,-1.331356780402702,-1.32545632072297,0.9033704493243216,1.0087485827408065,,,,,,,,,,,,,
12645.808,-1.32501420689255,-1.9350704332713793,-1.331698061711366,-1.32501420689255,0.9045273603815396,1.0099101188382757,,,,,,,,,,,,,
12646.251,-1.32610653544176,-1.9354196308115341,-1.3320504595986478,-1.32610653544176,0.9034255236967008,1.0088130272773326,,,,,,,,,,,,,
12646.687,-1.32634067455924,-1.9357633105575989,-1.3323972684796637,-1.32634067455924,0.9035879390468669,1.0089800821656745,,,,,,,,,,,,,
12647.109,-1.32617659342361,-1.9360959547154888,-1.3327329217934878,-1.32617659342361,0.9043244311916144,1.009721035956765,,,,,,,,,,,,,
12647.531,-1.32740328527578,-1.9364285988733805,-1.3330685559233295,-1.32740328527578,0.902998831081341,1.0083998690488232,,,,,,,,,,,,,
12647.961,-1.32715431416359,-1.9367675490816545,-1.3334105330525343,-1.32715431416359,0.9038705391258076,1.0092760650794128,,,,,,,,,,,,,
12648.397,-1.32721793655965,-1.9371112288277228,-1.333757261618576,-1.32721793655965,0.9042857787784905,1.0096958251876007,,,,,,,,,,,,,
12648.819,-1.32836426610877,-1.937443872985611,-1.334092837196339,-1.32836426610877,0.9030793314589035,1.0084937242554433,,,,,,,,,,,,,
12649.248,-1.32849324922629,-1.9377820349375892,-1.3344339595296937,-1.32849324922629,0.9033894798858826,1.008808262010669,,,,,,,,,,,,,
12649.685,-1.32835313054954,-1.9381265029399533,-1.334781422734963,-1.32835313054954,0.9041079741668719,1.00953119724934,,,,,,,,,,,,,
12650.128,-1.32886752399124,-1.938475700480108,-1.3351336356044623,-1.32886752399124,0.903863039017767,1.0092907328990632,,,,,,,,,,,,,
12650.572,-1.32953755192088,-1.9388256862765605,-1.335486622324435,-1.32953755192088,0.9033885141241167,1.008820657444749,,,,,,,,,,,,,
12651.001,-1.3301800621663,-1.9391638482285387,-1.3358276636450768,-1.3301800621663,0.9029372584093155,1.0083736709410034,,,,,,,,,,,,,
12651.438,-1.33007289341486,-1.9395083162309028,-1.336175044326911,-1.33007289341486,0.9036068979984311,1.0090476291306576,,,,,,,,,,,,,
12651.874,-1.32979426053533,-1.9398519959769693,-1.3365216095858248,-1.32979426053533,0.9045295978615311,1.0099746073145006,,,,,,,,,,,,,
12652.304,-1.33009072041975,-1.9401909461852451,-1.3368633855408554,-1.33009072041975,0.9045925980553116,1.0100417972143227,,,,,,,,,,,,,
12652.733,-1.33129663824296,-1.9405291081372233,-1.3372043468192754,-1.33129663824296,0.9033059807014983,1.0087593303933122,,,,,,,,,,,,,
12653.17,-1.33122617469113,-1.9408735761395874,-1.337551645966263,-1.33122617469113,0.9039211976720422,1.0093787450730285,,,,,,,,,,,,,
12653.614,-1.33100479840982,-1.9412235619360398,-1.3379044871885366,-1.33100479840982,0.9047683534089623,1.0102301345204792,,,,,,,,,,,,,
12654.043,-1.33217006532941,-1.941561723888018,-1.338245387926941,-1.33217006532941,0.9035420089496111,1.0090078508315075,,,,,,,,,,,,,
12654.466,-1.33252708261664,-1.9418951563022073,-1.3385815014111309,-1.33252708261664,0.9035070397745841,1.0089768568512032,,,,,,,,,,,,,
12654.896,-1.33285493099832,-1.9422341065104831,-1.3389231573008935,-1.33285493099832,0.9035235003981659,1.0089973291605756,,,,,,,,,,,,,
12655.332,-1.33291822157663,-1.9425777862565496,-1.3392695601450697,-1.33291822157663,0.9039392320353886,1.0094170983069146,,,,,,,,,,,,,
12655.762,-1.33330458233143,-1.9429167364648254,-1.3396111759204334,-1.33330458233143,0.9038689366517051,1.0093507551315732,,,,,,,,,,,,,
12656.192,-1.33357607716031,-1.9432556866731012,-1.339952771777556,-1.33357607716031,0.9039689524103026,1.009454693565834,,,,,,,,,,,,,
12656.629,-1.33393124359316,-1.943600154675467,-1.3402999080902234,-1.33393124359316,0.9039530899001476,1.0094427873311071,,,,,,,,,,,,,
12657.073,-1.3343903879386,-1.9439501404719195,-1.3406525838698418,-1.3343903879386,0.9037912410575172,1.0092849268979052,,,,,,,,,,,,,
12657.517,-1.33492221105192,-1.944300126268372,-1.3410052384131088,-1.33492221105192,0.9035216317639256,1.0090192745266946,,,,,,,,,,,,,
12657.947,-1.33501267763924,-1.9446390764766477,-1.3413467529760421,-1.33501267763924,0.9038900572041436,1.0093915021080284,,,,,,,,,,,,,
12658.37,-1.33562798201863,-1.944972508890837,-1.3416826885650757,-1.33562798201863,0.9034721270304577,1.0089772833646875,,,,,,,,,,,,,
12658.8,-1.33606386173162,-1.945311459099111,-1.3420241636157861,-1.33606386173162,0.9033284101315019,1.0088373100222472,,,,,,,,,,,,,
12659.23,-1.33604298067188,-1.9456504093073885,-1.3423656187482607,-1.33604298067188,0.9038619301792762,1.0093745440938569,,,,,,,,,,,,,
12659.66,-1.33635449382277,-1.9459893595156643,-1.3427070539624992,-1.33635449382277,0.9039026109690472,1.0094189093747827,,,,,,,,,,,,,
12660.09,-1.33623270412726,-1.9463283097239419,-1.3430484692585072,-1.33623270412726,0.9045857477537815,1.010105701117988,,,,,,,,,,,,,
12660.534,-1.33736640564377,-1.9466782955203943,-1.3434009794998154,-1.33736640564377,0.9034237363179486,1.008947432648648,,,,,,,,,,,,,
12660.964,-1.33733207801977,-1.94701724572867,-1.3437423543108462,-1.33733207801977,0.9039771935202815,1.0095044847825618,,,,,,,,,,,,,
12661.38,-1.33711965625445,-1.9473451603487693,-1.3440725956371065,-1.33711965625445,0.9047783476160642,1.0103090886596018,,,,,,,,,,,,,
12661.811,-1.33829009035678,-1.9476848988133444,-1.3444147250407283,-1.33829009035678,0.9035466792877875,1.0090809653498332,,,,,,,,,,,,,
12662.241,-1.33910909690216,-1.9480238490216202,-1.344756040699238,-1.33910909690216,0.90283490212257,1.0083726954110004,,,,,,,,,,,,,
12662.671,-1.33877306842379,-1.9483627992298977,-1.3450973364395082,-1.33877306842379,0.9038356896948421,1.009376960676979,,,,,,,,,,,,,
12663.087,-1.33810753093647,-1.948690713849997,-1.3454275012694001,-1.33810753093647,0.9053086762385959,1.0108532835811581,,,,,,,,,,,,,
12663.525,-1.33891923003426,-1.9490359701086604,-1.3457751065920807,-1.33891923003426,0.9046170837397398,1.0101651740126176,,,,,,,,,,,,,
12663.962,-1.33967949492199,-1.9493804381110245,-1.3461218976997493,-1.33967949492199,0.9040005837469323,1.0095521184612906,,,,,,,,,,,,,
12664.4,-1.33973539340132,-1.9497256943696861,-1.3464694617370654,-1.33973539340132,0.9044296131003382,1.0099845695313843,,,,,,,,,,,,,
12664.837,-1.34105349551674,-1.950070162372052,-1.346816211653632,-1.34105349551674,0.9029860105991628,1.008544350397818,,,,,,,,,,,,,
12665.26,-1.34023715197392,-1.9504035947862395,-1.3471518332832328,-1.34023715197392,0.9046907777443083,1.0102523634670157,,,,,,,,,,,,,
12665.691,-1.3409363000021,-1.9507433332508146,-1.3474937825415498,-1.3409363000021,0.9041578829555884,1.0097227465961458,,,,,,,,,,,,,
12666.121,-1.34118562509827,-1.9510822834590904,-1.3478349184727225,-1.34118562509827,0.9042907696676183,1.0098588740536256,,,,,,,,,,,,,
12666.552,-1.34260805677808,-1.9514220219236655,-1.3481768277554966,-1.34260805677808,0.9026854657731028,1.0082567888053928,,,,,,,,,,,,,
12666.983,-1.34219483196901,-1.9517617603882407,-1.3485187170272877,-1.34219483196901,0.9038018807081937,1.0093763927165642,,,,,,,,,,,,,
12667.427,-1.34300925374701,-1.952111746184693,-1.3488708975790296,-1.34300925374701,0.9031132637671799,1.008691029912761,,,,,,,,,,,,,
12667.858,-1.34296997841508,-1.9524514846492664,-1.349212746225266,-1.34296997841508,0.9036752256554051,1.0092561205417372,,,,,,,,,,,,,
12668.282,-1.34369074394722,-1.9527857053197533,-1.3495490232792058,-1.34369074394722,0.9031020974939966,1.0086860413549745,,,,,,,,,,,,,
12668.712,-1.34376759494319,-1.953124655528029,-1.3498900391914272,-1.34376759494319,0.903490710704409,1.0090777173592616,,,,,,,,,,,,,
12669.143,-1.34368373428214,-1.9534643939926042,-1.35023182817614,-1.34368373428214,0.9041187790403983,1.0097088259761189,,,,,,,,,,,,,
12669.581,-1.34436534508538,-1.9538096502512676,-1.3505791477569211,-1.34436534508538,0.903620067814772,1.0092131740125345,,,,,,,,,,,,,
12670.005,-1.34494496245827,-1.9541438709217527,-1.3509153461126076,-1.34494496245827,0.9032562193334767,1.0088522578203296,,,,,,,,,,,,,
12670.435,-1.34479351571914,-1.9544828211300302,-1.3512562822129244,-1.34479351571914,0.9039833284706309,1.0095823114145905,,,,,,,,,,,,,
12670.887,-1.34472945498701,-1.9548391129768703,-1.3516146400826727,-1.34472945498701,0.9046065831678943,1.0102086293778094,,,,,,,,,,,,,
12671.332,-1.34476067949946,-1.9551898870296203,-1.3519674266624975,-1.34476067949946,0.9050803776964975,1.0106854078546,,,,,,,,,,,,,
12671.77,-1.34577383335361,-1.9555351432882837,-1.3523146429590955,-1.34577383335361,0.9040900892231929,1.0096980255043264,,,,,,,,,,,,,
12672.208,-1.34602843761147,-1.9558803995469454,-1.352661838589416,-1.34602843761147,0.9042244984980318,1.0098353102603999,,,,,,,,,,,,,
12672.639,-1.34663405694611,-1.9562201380115205,-1.3530034652576397,-1.34663405694611,0.9038302782422969,1.009443889619578,,,,,,,,,,,,,
12673.077,-1.34684004263117,-1.9565653942701822,-1.3533506198856973,-1.34684004263117,0.9040367740354248,1.009653200100062,,,,,,,,,,,,,
12673.509,-1.34638093555457,-1.9569059209910566,-1.3536929987273414,-1.34638093555457,0.9052223871261964,1.0108415593057904,,,,,,,,,,,,,
12673.94,-1.34733800091009,-1.9572456594556318,-1.3540345649911742,-1.34733800091009,0.904307079587294,1.0099289618204703,,,,,,,,,,,,,
12674.385,-1.34790892671098,-1.9575964335083818,-1.3543872052182913,-1.34790892671098,0.9039806616752752,1.0096053108601133,,,,,,,,,,,,,
12674.823,-1.34837096301334,-1.9579416897670452,-1.354734277464356,-1.34837096301334,0.9038075124800001,1.0094348542047715,,,,,,,,,,,,,
12675.254,-1.34842887178351,-1.9582814282316203,-1.355075782720217,-1.34842887178351,0.9042253799789857,1.0098553413010853,,,,,,,,,,,,,
12675.685,-1.34862457269227,-1.9586211666961937,-1.355417267965084,-1.34862457269227,0.9044389437531462,1.010071495002372,,,,,,,,,,,,,
12676.117,-1.34870889569469,-1.9589616934170664,-1.3557595254384278,-1.34870889569469,0.9048188157438767,1.010453933155798,,,,,,,,,,,,,
12676.555,-1.34903847059353,-1.9593069496757298,-1.356106515963063,-1.34903847059353,0.904842066418806,1.0104797552026517,,,,,,,,,,,,,
12676.979,-1.35000156624248,-1.9596411703462149,-1.3564423957803804,-1.35000156624248,0.9039096365874488,1.009549785364931,,,,,,,,,,,,,
12677.411,-1.35013944777207,-1.9599816970670894,-1.3567845930349414,-1.35013944777207,0.9042100976138931,1.0098527232679422,,,,,,,,,,,,,
12677.849,-1.3502970008044,-1.960326953325751,-1.357131522504421,-1.3502970008044,0.9044884042625388,1.0101335107623015,,,,,,,,,,,,,
12678.294,-1.35097358538863,-1.9606777273785028,-1.3574839753444632,-1.35097358538863,0.9040053265931708,1.0096529222065938,,,,,,,,,,,,,
12678.726,-1.35142089322663,-1.9610182540993755,-1.3578261114029662,-1.35142089322663,0.9038470027570432,1.0094969845119035,,,,,,,,,,,,,
12679.157,-1.3513037444146,-1.9613579925639488,-1.3581674354456457,-1.3513037444146,0.9045244272704377,1.0101767599386373,,,,,,,,,,,,,
12679.589,-1.35204065051069,-1.9616985192848233,-1.3585095313427793,-1.35204065051069,0.9039367175242371,1.0095913767867923,,,,,,,,,,,,,
12680.02,-1.3521189031831,-1.9620382577493984,-1.3588508153170604,-1.3521189031831,0.9043244212196296,1.009981371986279,,,,,,,,,,,,,
12680.452,-1.35235823647017,-1.9623787844702694,-1.3591928710528247,-1.35235823647017,0.9044744602252262,1.0101336780391417,,,,,,,,,,,,,
12680.883,-1.3535270974,-1.9627185229348445,-1.3595341149587021,-1.3535270974,0.9032451244320623,1.008906574340828,,,,,,,,,,,,,
12681.322,-1.35297468368511,-1.9630645674498055,-1.35988167228661,-1.35297468368511,0.9045772640216935,1.0102409569549047,,,,,,,,,,,,,
12681.761,-1.35336914550732,-1.9634106119647683,-1.3602292088537702,-1.35336914550732,0.9045054759188474,1.0101713810946378,,,,,,,,,,,,,
12682.185,-1.35375923629979,-1.9637448326352533,-1.360564850886357,-1.35375923629979,0.9044226375643188,1.0100906501713487,,,,,,,,,,,,,
12682.61,-1.3543219210784,-1.9640798415620395,-1.3609012650926857,-1.3543219210784,0.9040850637008482,1.00975515989355,,,,,,,,,,,,,
12683.035,-1.3545242593389,-1.9644148504888221,-1.3612376598412972,-1.3545242593389,0.90428177384392,1.0099539247724254,,,,,,,,,,,,,
12683.466,-1.35452861696851,-1.9647545889533973,-1.3615787838205495,-1.35452861696851,0.9047790413551037,1.0104532465637668,,,,,,,,,,,,,
12683.898,-1.35583028917187,-1.96509511567427,-1.3619206791900655,-1.35583028917187,0.903353955684923,1.0090301901665135,,,,,,,,,,,,,
12684.323,-1.35501238004856,-1.9654301246010561,-1.362257014970364,-1.35501238004856,0.9050633815960065,1.010741583381332,,,,,,,,,,,,,
12684.762,-1.35530745444533,-1.9657761691160172,-1.3626044096172407,-1.35530745444533,0.905138954739058,1.010819158342375,,,,,,,,,,,,,
12685.208,-1.35586306912093,-1.9661277314250665,-1.3629573223265616,-1.35586306912093,0.9048364073007815,1.010518613119713,,,,,,,,,,,,,
12685.647,-1.35601514566682,-1.9664737759400275,-1.3633046751209115,-1.35601514566682,0.905124002652613,1.0108081482349665,,,,,,,,,,,,,
12686.086,-1.35673796043083,-1.9668198204549867,-1.3636520071545046,-1.35673796043083,0.9045653672611389,1.0102514218250447,,,,,,,,,,,,,
12686.511,-1.35678007186724,-1.9671548293817729,-1.3639882427619145,-1.35678007186724,0.9049996449266665,1.0106875182683992,,,,,,,,,,,,,
12686.943,-1.35710871524366,-1.9674953561026456,-1.3643299964264894,-1.35710871524366,0.9050172643029232,1.0107069568122813,,,,,,,,,,,,,
12687.375,-1.35732037977916,-1.9678358828235183,-1.364671729987112,-1.35732037977916,0.9052083276301186,1.01089980949906,,,,,,,,,,,,,
12687.807,-1.35775956510965,-1.9681764095443928,-1.3650134434437806,-1.35775956510965,0.9050620469958497,1.0107552884163338,,,,,,,,,,,,,
12688.246,-1.35779963550823,-1.968522454059352,-1.3653606733288246,-1.35779963550823,0.9055157133103078,1.011210712257126,,,,,,,,,,,,,
12688.685,-1.35847431557206,-1.968868498574313,-1.3657078824531208,-1.35847431557206,0.9050284470015768,1.0107251726928599,,,,,,,,,,,,,
12689.125,-1.35897327687948,-1.9692153313455734,-1.3660558616548464,-1.35897327687948,0.9048028867707305,1.0105013122527076,,,,,,,,,,,,,
12689.55,-1.35894752589705,-1.9695503402723578,-1.3663919581281565,-1.35894752589705,0.9053377837102309,1.0110378216765121,,,,,,,,,,,,,
12689.982,-1.35959441567137,-1.9698908669932305,-1.3667335703670087,-1.35959441567137,0.9048835407206987,1.0105851881633048,,,,,,,,,,,,,
12690.414,-1.35990677351598,-1.970231393714105,-1.367075162501914,-1.35990677351598,0.9049253065747145,1.010628533685603,,,,,,,,,,,,,
12690.861,-1.3596985991817,-1.9705837442794518,-1.367428594311681,-1.3596985991817,0.9057563940810204,1.0114612243312724,,,,,,,,,,,,,
12691.286,-1.36098763146199,-1.9709187532062362,-1.367764611305951,-1.36098763146199,0.904341868356382,1.0100481932477097,,,,,,,,,,,,,
12691.725,-1.36081979910407,-1.9712647977211972,-1.368111676665615,-1.36081979910407,0.905103791063322,1.0108116295399228,,,,,,,,,,,,,
12692.172,-1.36163750322895,-1.9716171482865459,-1.3684650453470741,-1.36163750322895,0.9044138136339536,1.0101231616498425,,,,,,,,,,,,,
12692.618,-1.36174075645437,-1.9719687105955952,-1.368817602042446,-1.36174075645437,0.9047819802885375,1.0104928026597026,,,,,,,,,,,,,
12693.058,-1.36230683612745,-1.9723155433668538,-1.369165394825,-1.36230683612745,0.9044569039876964,1.0101691497466638,,,,,,,,,,,,,
12693.49,-1.362928342823,-1.9726560700877265,-1.3695068438123155,-1.362928342823,0.904040296363964,1.0097539095469064,,,,,,,,,,,,,
12693.93,-1.3624355136475,-1.9730029028589868,-1.3698545952631829,-1.3624355136475,0.9052852589944155,1.011000234282851,,,,,,,,,,,,,
12694.363,-1.36310353832588,-1.973344217836157,-1.3701967939442152,-1.36310353832588,0.9048008481305178,1.0105171336663181,,,,,,,,,,,,,
12694.795,-1.36302002210275,-1.9736847445570298,-1.3705381822008427,-1.36302002210275,0.9054295745138283,1.0111471374284804,,,,,,,,,,,,,
12695.228,-1.36385061876414,-1.9740260595342,-1.370880340534253,-1.36385061876414,0.9047041189719067,1.0104229323106804,,,,,,,,,,,,,
12695.674,-1.3638854920918,-1.9743776218432512,-1.3712327504039017,-1.3638854920918,0.9051736721639131,1.0108937421600959,,,,,,,,,,,,,
12696.114,-1.36456478287124,-1.9747244546145097,-1.3715803983359596,-1.36456478287124,0.9046807383135974,1.0104020169283827,,,,,,,,,,,,,
12696.54,-1.3651787149704,-1.9750602517975935,-1.3719169648722875,-1.3651787149704,0.9042683490442316,1.0099907683594915,,,,,,,,,,,,,
12696.965,-1.36481966072922,-1.9753952607243779,-1.3722527218657206,-1.36481966072922,0.9052974330829002,1.011020961537124,,,,,,,,,,,,,
12697.398,-1.36548256971304,-1.9757365757015481,-1.372594778980238,-1.36548256971304,0.9048206072341157,1.010545236035648,,,,,,,,,,,,,
12697.831,-1.36540938055779,-1.9760778906787202,-1.3729368158976225,-1.36540938055779,0.9054351904685044,1.0111608896711464,,,,,,,,,,,,,
12698.264,-1.36632136393511,-1.9764192056558905,-1.3732788326178706,-1.36632136393511,0.9045890632439624,1.0103158029015071,,,,,,,,,,,,,
12698.697,-1.36648110764646,-1.9767605206330625,-1.3736208291409877,-1.36648110764646,0.9048582780649796,1.010586028231227,,,,,,,,,,,,,
12699.137,-1.36682226038269,-1.9771073534043229,-1.3739683337867135,-1.36682226038269,0.9048666998249268,1.0105954461597528,,,,,,,,,,,,,
12699.577,-1.36711502732761,-1.9774541861755814,-1.3743158175770027,-1.36711502732761,0.9049468629591927,1.01067657454033,,,,,,,,,,,,,
12700.017,-1.36744023029991,-1.9778010189468418,-1.374663280511852,-1.36744023029991,0.9049789333555156,1.010709579260695,,,,,,,,,,,,,
12700.457,-1.36808236018404,-1.9781478517181004,-1.3750107225912647,-1.36808236018404,0.9045410977815402,1.0102726470884962,,,,,,,,,,,,,
12700.883,-1.36838908524946,-1.978483648901184,-1.375347089824805,-1.36838908524946,0.9045842028671274,1.010316597369176,,,,,,,,,,,,,
12701.316,-1.36871353903973,-1.9788249638783562,-1.3756889641855814,-1.36871353903973,0.9046092028658519,1.0103424267470311,,,,,,,,,,,,,
12701.749,-1.36885015032884,-1.9791662788555264,-1.3760308183492214,-1.36885015032884,0.9049127160153212,1.0106467393294292,,,,,,,,,,,,,
12702.182,-1.36946575993452,-1.9795075938326985,-1.3763726523157267,-1.36946575993452,0.9045060207214074,1.0102408135222403,,,,,,,,,,,,,
12702.615,-1.36939052537917,-1.9798489088098687,-1.3767144660851027,-1.36939052537917,0.9051236366604416,1.0108591690017958,,,,,,,,,,,,,
12703.048,-1.37012561999197,-1.9801902237870408,-1.3770562596573406,-1.37012561999197,0.9045397815353152,1.0102760234709889,,,,,,,,,,,,,
12703.481,-1.37016814825014,-1.980531538764211,-1.3773980330324473,-1.37016814825014,0.9049827911311005,1.0107197127148915,,,,,,,,,,,,,
12703.907,-1.37102014484141,-1.980867335947293,-1.3777342614928703,-1.37102014484141,0.9042174248125064,1.009954985833096,,,,,,,,,,,,,
12704.341,-1.37059728686986,-1.9812094391807644,-1.3780767839992638,-1.37059728686986,0.905351629021321,1.0110898116795053,,,,,,,,,,,,,
12704.774,-1.37094447948858,-1.9815507541579347,-1.3784184970628353,-1.37094447948858,0.9053429142711615,1.011081687153816,,,,,,,,,,,,,
12705.207,-1.37148059236278,-1.9818920691351067,-1.3787601899292774,-1.37148059236278,0.9050540883892382,1.0107934215501573,,,,,,,,,,,,,
12705.641,-1.37168213724533,-1.9822341723685746,-1.379102651657579,-1.37168213724533,0.9052624935634463,1.0110023582465553,,,,,,,,,,,,,
12706.081,-1.3715630447622,-1.982581005139835,-1.379449827166587,-1.3715630447622,0.9059533186419648,1.0116936914840624,,,,,,,,,,,,,
12706.529,-1.37261062805945,-1.9829341439614812,-1.3798032935299034,-1.37261062805945,0.9049236692403383,1.010664527709967,,,,,,,,,,,,,
12706.969,-1.37295231922401,-1.9832809767327397,-1.3801504269488394,-1.37295231922401,0.9049312926752515,1.0106725968971135,,,,,,,,,,,,,
12707.403,-1.37290307281884,-1.9836230799662093,-1.3804928062994613,-1.37290307281884,0.9055115448558189,1.0112532584588338,,,,,,,,,,,,,
12707.836,-1.37381745571287,-1.9839643949433814,-1.3808343765371127,-1.37381745571287,0.9046618598796787,1.0104039519397905,,,,,,,,,,,,,
12708.27,-1.37383073484243,-1.984306498176851,-1.3811767153534245,-1.37383073484243,0.9051494057580394,1.0108918470992583,,,,,,,,,,,,,
12708.703,-1.3737655994022,-1.9846478131540213,-1.381518245150163,-1.3737655994022,0.9057520477888555,1.0114948076256032,,,,,,,,,,,,,
12709.137,-1.37435730218968,-1.9849899163874927,-1.3818605434321647,-1.37435730218968,0.9053819677601999,1.0111250167780157,,,,,,,,,,,,,
12709.578,-1.37455743415522,-1.9853375374150488,-1.382208341870129,-1.37455743415522,0.9056006490655977,1.0113439611122355,,,,,,,,,,,,,
12710.025,-1.37544254994777,-1.9856898879803975,-1.3825608508797913,-1.37544254994777,0.9048107206887922,1.010554267643084,,,,,,,,,,,,,
12710.466,-1.37554572284931,-1.9860375090079554,-1.3829086071320287,-1.37554572284931,0.9051731627205534,1.0109169101550788,,,,,,,,,,,,,
12710.9,-1.37584915110903,-1.9863796122414232,-1.383250822989595,-1.37584915110903,0.9052305059135317,1.0109744203187645,,,,,,,,,,,,,
12711.334,-1.37624023937583,-1.9867217154748946,-1.3835930185566312,-1.37624023937583,0.9051578760460228,1.0109019273372852,,,,,,,,,,,,,
12711.775,-1.37663481752115,-1.9870693365024508,-1.3839407126229286,-1.37663481752115,0.9050882529589277,1.010832412527602,,,,,,,,,,,,,
12712.208,-1.37660912844242,-1.9874106514796228,-1.384282078930168,-1.37660912844242,0.9056324080639495,1.011376643722981,,,,,,,,,,,,,
12712.649,-1.37724376964425,-1.9877582725071807,-1.3846297314758367,-1.37724376964425,0.9052068446660448,1.01095112704003,,,,,,,,,,,,,
12713.083,-1.37749074159497,-1.9881003757406503,-1.3849718452729665,-1.37749074159497,0.9053478953501533,1.0110921933702823,,,,,,,,,,,,,
12713.531,-1.37764024241878,-1.9884535145622966,-1.3853249737161484,-1.37764024241878,0.9056498284059793,1.0113941110209237,,,,,,,,,,,,,
12713.979,-1.37795540283202,-1.988806653383941,-1.3856780805386144,-1.37795540283202,0.9057061388049558,1.0114503739577771,,,,,,,,,,,,,
12714.421,-1.37820928898075,-1.9891550626677983,-1.3860264370635509,-1.37820928898075,0.9058462877915814,1.0115904447021278,,,,,,,,,,,,,
12714.855,-1.37833319422557,-1.989497165901268,-1.3863684680154709,-1.37833319422557,0.9061698088740319,1.0119138585964906,,,,,,,,,,,,,
12715.296,-1.3792840840023,-1.9898447869288258,-1.3867159948115795,-1.3792840840023,0.9052753452726551,1.011019255261735,,,,,,,,,,,,,
12715.73,-1.37941912588277,-1.9901868901622954,-1.3870579848551703,-1.37941912588277,0.9055823541203109,1.0113260962667034,,,,,,,,,,,,,
12716.157,-1.37947768617956,-1.990523475601675,-1.3873944391280446,-1.37947768617956,0.9059945806290688,1.0117381282791758,,,,,,,,,,,,,
12716.591,-1.37957473752775,-1.9908655788351464,-1.387736388917844,-1.37957473752775,0.9063579178517142,1.0121012379750058,,,,,,,,,,,,,
12717.039,-1.38040601755035,-1.9912187176567926,-1.3880893480631329,-1.38040601755035,0.9056489802494285,1.011392033950286,,,,,,,,,,,,,
12717.473,-1.38085653556422,-1.9915608208902622,-1.3884312566173342,-1.38085653556422,0.9054882341888173,1.0112309992230215,,,,,,,,,,,,,
12717.901,-1.38034314649128,-1.991898194585941,-1.3887684184534663,-1.38034314649128,0.9067496559531314,1.012492106847784,,,,,,,,,,,,,
12718.335,-1.38080522564557,-1.9922402978194107,-1.389110286707119,-1.38080522564557,0.9065717682465947,1.0123138707211492,,,,,,,,,,,,,
12718.762,-1.38130626070729,-1.992576883258792,-1.3894466211544145,-1.38130626070729,0.9063279396019915,1.012069669915387,,,,,,,,,,,,,
12719.203,-1.38172463870906,-1.99292450428635,-1.389793962342834,-1.38172463870906,0.9062230285850307,1.0119643439653427,,,,,,,,,,,,,
12719.631,-1.38206920200182,-1.9932618779820288,-1.3901310444155346,-1.38206920200182,0.9062123686048703,1.0119532515807395,,,,,,,,,,,,,
12720.065,-1.38212146654674,-1.9936039812154984,-1.39047283178758,-1.38212146654674,0.9066421110000037,1.0123825256329617,,,,,,,,,,,,,
12720.507,-1.38292664320612,-1.993952390499354,-1.3908208985326738,-1.38292664320612,0.905964864263348,1.0117047709987208,,,,,,,,,,,,,
12720.955,-1.3818541307306,-1.9943055293210001,-1.391173668689781,-1.3818541307306,0.908078670415782,1.0138180305167621,,,,,,,,,,,,,
12721.39,-1.38342971645201,-1.994648420810769,-1.3915161815241337,-1.38342971645201,0.9062509607534741,1.0119897594071263,,,,,,,,,,,,,
12721.824,-1.38335466178388,-1.9949905240442387,-1.3918578866587517,-1.38335466178388,0.9068694787183443,1.0126076870960103,,,,,,,,,,,,,
12722.252,-1.38410264352778,-1.9953278977399176,-1.3921948478875485,-1.38410264352778,0.9062606721887996,1.0119982689872924,,,,,,,,,,,,,
12722.686,-1.38365569966581,-1.9956700009733872,-1.3925365127216178,-1.38365569966581,0.9074305884286371,1.013167535197697,,,,,,,,,,,,,
12723.114,-1.38474814271719,-1.996007374669066,-1.3928734342070186,-1.38474814271719,0.9063110508160612,1.0120473270785872,,,,,,,,,,,,,
12723.548,-1.38521825978058,-1.9963494779025375,-1.3932150587405427,-1.38521825978058,0.9061212453413167,1.0118568118209632,,,,,,,,,,,,,
12723.99,-1.38484516813094,-1.996697887186393,-1.3935629596454824,-1.38484516813094,0.90719101121972,1.0129258239113033,,,,,,,,,,,,,
12724.439,-1.38626515952081,-1.9970518142643368,-1.3939163487452095,-1.38626515952081,0.9056103629181897,1.0113443779346862,,,,,,,,,,,,,
12724.867,-1.38570542720972,-1.9973891879600174,-1.3942531894067436,-1.38570542720972,0.9069404975733236,1.01267372224609,,,,,,,,,,,,,
12725.294,-1.3864465749533,-1.9977257733993987,-1.39458922339311,-1.3864465749533,0.9063406550386465,1.01207306205814,,,,,,,,,,,,,
12725.729,-1.38658949880181,-1.998068664889166,-1.3949315329014862,-1.38658949880181,0.9066371460748609,1.012368690176491,,,,,,,,,,,,,
12726.164,-1.38763049667609,-1.9984115563789349,-1.39527382202572,-1.38763049667609,0.9056020671789442,1.0113327181392284,,,,,,,,,,,,,
12726.599,-1.38765012833252,-1.998754447868702,-1.395616090765813,-1.38765012833252,0.9060813629407487,1.0118110905362083,,,,,,,,,,,,,
12727.026,-1.38709306297969,-1.9990910333080834,-1.395952045083117,-1.38709306297969,0.9074063745662833,1.013135166383495,,,,,,,,,,,,,
12727.468,-1.38822877291112,-1.9994394425919388,-1.39629978038597,-1.38822877291112,0.9062390477760883,1.0119668402677462,,,,,,,,,,,,,
12727.918,-1.38847508076305,-1.999794157926182,-1.396653787920183,-1.38847508076305,0.906399783015862,1.012126526038331,,,,,,,,,,,,,
12728.36,-1.38828065247243,-2.0001425672100375,-1.3970014807511983,-1.38828065247243,0.9072046456123323,1.0129303263364346,,,,,,,,,,,,,
12728.802,-1.38851809444063,-2.000490976493893,-1.3973491525367479,-1.38851809444063,0.9073691763043873,1.013093763526106,,,,,,,,,,,,,
12729.237,-1.38929433066598,-2.000833867983662,-1.3976912976598985,-1.38929433066598,0.9067266582005445,1.0124501387711318,,,,,,,,,,,,,
12729.686,-1.38955985804957,-2.0011877950616057,-1.3980444329714654,-1.38955985804957,0.9068577279917127,1.0125800345966143,,,,,,,,,,,,,
12730.121,-1.39024334040022,-2.001530686551373,-1.3983865366702855,-1.39024334040022,0.9063527356007769,1.0120738741348756,,,,,,,,,,,,,
12730.556,-1.3898869987137,-2.001873578041142,-1.3987286199849631,-1.3898869987137,0.9073894851853097,1.0131094254251252,,,,,,,,,,,,,
12730.999,-1.39010889477992,-2.0022227755812967,-1.3990769735371238,-1.39010889477992,0.9075782344533473,1.0132969232989426,,,,,,,,,,,,,
12731.455,-1.39077072490317,-2.002582220453329,-1.3994355275735444,-1.39077072490317,0.9071298893315773,1.0128472573216907,,,,,,,,,,,,,
12731.89,-1.39099855565832,-2.002925111943096,-1.3997775483768446,-1.39099855565832,0.9073004893157536,1.0130165663262432,,,,,,,,,,,,,
12732.319,-1.39124872074268,-2.003263273895074,-1.4001148316874872,-1.39124872074268,0.9074309618377061,1.0131457360741436,,,,,,,,,,,,,
12732.754,-1.39229797816856,-2.003606165384843,-1.4004568120036645,-1.39229797816856,0.9063836365453367,1.0120970597720649,,,,,,,,,,,,,
12733.196,-1.39112278513184,-2.0039545746686986,-1.400804274572554,-1.39112278513184,0.908642674197459,1.0143546937171664,,,,,,,,,,,,,
12733.639,-1.39234386244851,-2.0043037722088517,-1.4011525021389115,-1.39234386244851,0.9073499423496026,1.0130605236764847,,,,,,,,,,,,,
12734.074,-1.39303067603677,-2.0046466636986207,-1.4014944205997608,-1.39303067603677,0.9068400107490818,1.012549149353624,,,,,,,,,,,,,
12734.51,-1.39322501217333,-2.004990343444687,-1.401837104625569,-1.39322501217333,0.9070614417829042,1.0127691040207232,,,,,,,,,,,,,
12734.966,-1.39350044187606,-2.0053497883167193,-1.402195486193552,-1.39350044187606,0.9071860106603863,1.012892096324523,,,,,,,,,,,,,
12735.416,-1.39358348153941,-2.0057045036509606,-1.4025491302549735,-1.39358348153941,0.9075888228387488,1.0132933201141743,,,,,,,,,,,,,
12735.852,-1.39414321620896,-2.006048183397029,-1.4028917512499675,-1.39414321620896,0.9072684792684611,1.012971406721641,,,,,,,,,,,,,
12736.287,-1.39441141686657,-2.006391074886796,-1.4032335660094102,-1.39441141686657,0.9073792229972103,1.0130805539704304,,,,,,,,,,,,,
12736.723,-1.39449298124728,-2.0067347546328627,-1.4035761460954284,-1.39449298124728,0.9077678601576713,1.0134675606530872,,,,,,,,,,,,,
12737.158,-1.39468869196029,-2.00707764612263,-1.4039179200397243,-1.39468869196029,0.9079860843700347,1.0136841278690545,,,,,,,,,,,,,
12737.587,-1.39517379729662,-2.007415808074608,-1.4042549598963134,-1.39517379729662,0.9077682121382207,1.0134645918949214,,,,,,,,,,,,,
12738.023,-1.39560047799871,-2.007759487820673,-1.4045974789241562,-1.39560047799871,0.9076451470297664,1.0133398057779777,,,,,,,,,,,,,
12738.472,-1.39627487901266,-2.0081134148986184,-1.404950189272359,-1.39627487901266,0.9071699819042075,1.0128628365953976,,,,,,,,,,,,,
12738.908,-1.3961247713238,-2.008457094644685,-1.405292666733681,-1.3961247713238,0.9079021181004968,1.0135931901526907,,,,,,,,,,,,,
12739.337,-1.3964325240032,-2.008795256596663,-1.4056296257162,-1.3964325240032,0.907947205779086,1.0136364941773335,,,,,,,,,,,,,
12739.765,-1.39728670482495,-2.009132630292342,-1.4059657794901135,-1.39728670482495,0.907180938400182,1.0128684180094032,,,,,,,,,,,,,
12740.208,-1.39726638282203,-2.009481827832497,-1.406313693571347,-1.39726638282203,0.9077288232056382,1.0134143998190044,,,,,,,,,,,,,
12740.644,-1.39761784129866,-2.0098255075785634,-1.406656089496522,-1.39761784129866,0.9077172897201667,1.0134009628012537,,,,,,,,,,,,,
12741.073,-1.39777303051264,-2.0101636695305416,-1.4069929682519664,-1.39777303051264,0.9079885824970731,1.0136703529718742,,,,,,,,,,,,,
12741.509,-1.39825856830594,-2.0105073492766063,-1.4073353235499741,-1.39825856830594,0.90777825026954,1.0134580569743374,,,,,,,,,,,,,
12741.952,-1.39822420070098,-2.010856546816761,-1.4076831544042232,-1.39822420070098,0.9083469604199217,1.0140247407285732,,,,,,,,,,,,,
12742.395,-1.3988286562794,-2.011205744356916,-1.4080309641176765,-1.3988286562794,0.907968490584545,1.0136442131516796,,,,,,,,,,,,,
12742.838,-1.3991458326943,-2.011554941897071,-1.4083787526903286,-1.3991458326943,0.9080159681491541,1.013689601629403,,,,,,,,,,,,,
12743.274,-1.39959992246296,-2.0118986216431356,-1.4087210250901272,-1.39959992246296,0.9078522637527732,1.0135238105502045,,,,,,,,,,,,,
12743.703,-1.40017238017378,-2.012236783595114,-1.4090577823033996,-1.40017238017378,0.9075048745857915,1.0131743385668877,,,,,,,,,,,,,
12744.146,-1.4008569842566,-2.0125859811352687,-1.409405508455814,-1.4008569842566,0.9070075689579274,1.0126748513019197,,,,,,,,,,,,,
12744.575,-1.40080671375461,-2.012924143087247,-1.4097422253706924,-1.40080671375461,0.907583495843159,1.013248635620563,,,,,,,,,,,,,
12745.019,-1.40080912130598,-2.0132741288836993,-1.4100906947266445,-1.40080912130598,0.9080988483942127,1.013761739734946,,,,,,,,,,,,,
12745.455,-1.40098154504906,-2.013617808629766,-1.4104328646896214,-1.40098154504906,0.9083527688258595,1.0140134216011372,,,,,,,,,,,,,
12745.905,-1.40158986386916,-2.013972523964009,-1.4107860002866452,-1.40158986386916,0.9079767521871845,1.013635062675799,,,,,,,,,,,,,
12746.335,-1.40173293816048,-2.014311474172283,-1.4111234205867973,-1.40173293816048,0.9082671764439394,1.0139232185280282,,,,,,,,,,,,,
12746.764,-1.40261297671533,-2.014649636124261,-1.4114600363397702,-1.40261297671533,0.9074637386753299,1.0131174882005116,,,,,,,,,,,,,
12747.2,-1.40246240872473,-2.0149933158703295,-1.4118021243438932,-1.40246240872473,0.9081965573587434,1.0138479467984363,,,,,,,,,,,,,
12747.636,-1.40266361821372,-2.015336995616396,-1.4121441918700484,-1.40266361821372,0.9084077973067908,1.0140567962983935,,,,,,,,,,,,,
12748.073,-1.4033051390235,-2.01568146361876,-1.4124870234062676,-1.4033051390235,0.9079673585731665,1.0136139311668653,,,,,,,,,,,,,
12748.509,-1.40366455807566,-2.016025143364825,-1.4128290499295062,-1.40366455807566,0.9079440219815855,1.0135881433323584,,,,,,,,,,,,,
12748.96,-1.40364236062088,-2.0163806469553656,-1.4131828218734235,-1.40364236062088,0.9085040374601014,1.0141455912887523,,,,,,,,,,,,,
12749.411,-1.40403805188927,-2.016736150545908,-1.4135365719061,-1.40403805188927,0.9084444513882095,1.0140834052070316,,,,,,,,,,,,,
12749.862,-1.40445445508807,-2.017091654136447,-1.413890300027525,-1.40445445508807,0.9083541558391652,1.0139904771604535,,,,,,,,,,,,,
12750.305,-1.40431846126451,-2.0174408516766036,-1.4142377322607924,-1.40431846126451,0.9090735466830346,1.0147072505745744,,,,,,,,,,,,,
12750.742,-1.40521533525822,-2.0177853196789677,-1.4145804381523757,-1.40521533525822,0.9082544970420255,1.013885588242899,,,,,,,,,,,,,
12751.186,-1.40562035225989,-2.01813530547542,-1.414928612543065,-1.40562035225989,0.9081729025452533,1.0138013079657462,,,,,,,,,,,,,
12751.622,-1.40577899963223,-2.018478985221485,-1.4152704928554698,-1.40577899963223,0.908447249133901,1.0140729865252966,,,,,,,,,,,,,
12752.059,-1.40553631780576,-2.0188234532238507,-1.4156131367485578,-1.40553631780576,0.9093178132915326,1.0149408460673621,,,,,,,,,,,,,
12752.503,-1.40603375818443,-2.019173439020303,-1.4159612481476422,-1.40603375818443,0.9090991831091623,1.0147194367072259,,,,,,,,,,,,,
12752.954,-1.40624375780686,-2.019528942610844,-1.4163148260483034,-1.40624375780686,0.9093149211256093,1.014932319494457,,,,,,,,,,,,,
12753.391,-1.40689651593074,-2.019873410613208,-1.4166574072367553,-1.40689651593074,0.9088578208817486,1.0144724216631475,,,,,,,,,,,,,
12753.827,-1.40695313663443,-2.0202170903592744,-1.4169991839851104,-1.40695313663443,0.9092834419092003,1.0148952211075306,,,,,,,,,,,,,
12754.257,-1.40790385507046,-2.0205560405675502,-1.4173362373265128,-1.40790385507046,0.9083763761728165,1.0139853428784833,,,,,,,,,,,,,
12754.701,-1.40846630335157,-2.0209060263640026,-1.4176842435960975,-1.40846630335157,0.908061359093869,1.0136673907467109,,,,,,,,,,,,,
12755.145,-1.4084303055118,-2.021256012160457,-1.418032228629329,-1.4084303055118,0.9086336551290998,1.0142367202420766,,,,,,,,,,,,,
12755.575,-1.40842999512145,-2.0215949623687326,-1.4183692209190255,-1.40842999512145,0.9091366751467429,1.0147368372459542,,,,,,,,,,,,,
12756.019,-1.4086653004263,-2.021944948165185,-1.418717164149168,-1.4086653004263,0.9093067113464752,1.014903844924562,,,,,,,,,,,,,
12756.463,-1.409309904102,-2.0222949339616374,-1.4190650861429646,-1.409309904102,0.9088698828688462,1.014463956438766,,,,,,,,,,,,,
12756.907,-1.40999663658474,-2.02264491975809,-1.4194129869004044,-1.40999663658474,0.9083705902166378,1.013961572291345,,,,,,,,,,,,,
12757.351,-1.40992202294855,-2.022994905554544,-1.4197608664214982,-1.40992202294855,0.9090001417029144,1.0145880007953632,,,,,,,,,,,,,
12757.789,-1.40981497876842,-2.0233401618132074,-1.4201040240601586,-1.40981497876842,0.909670765334493,1.0152555127954805,,,,,,,,,,,,,
12758.226,-1.4108692537246,-2.0236846298155715,-1.4204463776383367,-1.4108692537246,0.9086183380621308,1.0141999504588979,,,,,,,,,,,,,
12758.656,-1.41108516667447,-2.0240235800238473,-1.42078322721156,-1.41108516667447,0.9088007647988186,1.0143792625767223,,,,,,,,,,,,,
12759.093,-1.41170054720269,-2.024368048026213,-1.4211255399752396,-1.41170054720269,0.9083990841318418,1.0139743863300459,,,,,,,,,,,,,
12759.53,-1.41215944986198,-2.0247125160285773,-1.4214678321669023,-1.41215944986198,0.9082294124299729,1.0138014885464393,,,,,,,,,,,,,
12759.982,-1.41236539518894,-2.0250688078754155,-1.4218218518751282,-1.41236539518894,0.9084523304740607,1.0140210376832424,,,,,,,,,,,,,
12760.419,-1.41210345685044,-2.0254132758777796,-1.422164102216625,-1.41210345685044,0.909351446167177,1.0149168652435652,,,,,,,,,,,,,
12760.849,-1.41289546024801,-2.025752226086057,-1.422500850206852,-1.41289546024801,0.9086797064361435,1.0142418602769974,,,,,,,,,,,,,
12761.279,-1.41295108018173,-2.026091176294333,-1.4228375782788394,-1.41295108018173,0.9090997988379231,1.0146586579105588,,,,,,,,,,,,,
12761.716,-1.41390446680056,-2.026435644296697,-1.4231797675633544,-1.41390446680056,0.908196958206153,1.0137524386170682,,,,,,,,,,,,,
12762.154,-1.41375379074776,-2.0267809005553605,-1.4235227192470283,-1.41375379074776,0.9089322746003135,1.0144843380112036,,,,,,,,,,,,,
12762.584,-1.41369442882396,-2.0271198507636363,-1.423859386869486,-1.41369442882396,0.9095228500355862,1.015071529050005,,,,,,,,,,,,,
12763.022,-1.41420057812499,-2.0274651070222998,-1.4242022975980806,-1.41420057812499,0.9092842947145799,1.0148294960050532,,,,,,,,,,,,,
12763.466,-1.41532902474932,-2.027815092818752,-1.424549884641051,-1.41532902474932,0.9081300746814853,1.0136717193336628,,,,,,,,,,,,,
12763.918,-1.41427911580766,-2.0281713846655904,-1.4249037126998711,-1.41427911580766,0.9102150416605732,1.0157530332477251,,,,,,,,,,,,,
12764.363,-1.41543179832362,-2.028522158718342,-1.4252520396207178,-1.41543179832362,0.9090260559341281,1.014560419152464,,,,,,,,,,,,,
12764.8,-1.4152614482417,-2.0288666267207063,-1.4255940837242385,-1.4152614482417,0.9097893741705768,1.0153201434679686,,,,,,,,,,,,,
12765.238,-1.41555070719181,-2.0292118829793697,-1.4259368898947002,-1.41555070719181,0.9098724011040039,1.0153995376495595,,,,,,,,,,,,,
12765.676,-1.41633913134655,-2.0295571392380314,-1.4262796753988845,-1.41633913134655,0.9092153182485022,1.0147387914004269,,,,,,,,,,,,,
12766.113,-1.41715550866388,-2.0299016072403955,-1.4266216576922144,-1.41715550866388,0.9085156206328591,1.0140354082181335,,,,,,,,,,,,,
12766.544,-1.41682095444155,-2.0302413457049706,-1.4269589244262093,-1.41682095444155,0.9095153910766939,1.0150315138213366,,,,,,,,,,,,,
12766.996,-1.41726565514721,-2.0305976375518107,-1.4273126026128597,-1.41726565514721,0.9093843076974167,1.0148965551622164,,,,,,,,,,,,,
12767.441,-1.41741052031235,-2.0309484116045624,-1.42766078198256,-1.41741052031235,0.9096896077903216,1.0151980081128686,,,,,,,,,,,,,
12767.872,-1.41784433909092,-2.0312881500691358,-1.427997987058573,-1.41784433909092,0.909550115372404,1.015054759434301,,,,,,,,,,,,,
12768.309,-1.41800500963313,-2.0316326180715,-1.428339865973994,-1.41800500963313,0.9098226309607863,1.0153234361780599,,,,,,,,,,,,,
12768.747,-1.41848525253221,-2.0319778743301633,-1.428682506578351,-1.41848525253221,0.9096224869342799,1.015119413915574,,,,,,,,,,,,,
12769.192,-1.41836587296042,-2.0323286483829133,-1.4290306020097656,-1.41836587296042,0.9103195813963809,1.0158125367804869,,,,,,,,,,,,,
12769.637,-1.41918655240173,-2.032679422435667,-1.4293786761090619,-1.41918655240173,0.9096228549925494,1.0151118071504266,,,,,,,,,,,,,
12770.068,-1.41942268824184,-2.03301916090024,-1.4297157792265462,-1.41942268824184,0.9097764660932682,1.0152615108170306,,,,,,,,,,,,,
12770.521,-1.41998293874722,-2.0333762410033778,-1.4300700678944978,-1.41998293874722,0.9094752263391248,1.0149561321967893,,,,,,,,,,,,,
12770.973,-1.41983285562073,-2.033732532850216,-1.4304235524353945,-1.41983285562073,0.9102260260165688,1.0157027694766705,,,,,,,,,,,,,
12771.425,-1.42025252063596,-2.034088824697056,-1.4307770149677719,-1.42025252063596,0.9101320629321118,1.0156046113627184,,,,,,,,,,,,,
12771.863,-1.42024764160041,-2.0344340809557178,-1.431119508549049,-1.42024764160041,0.9106512068073077,1.0161196590114558,,,,,,,,,,,,,
12772.309,-1.42107005243401,-2.034785643264767,-1.4314682364849318,-1.42107005243401,0.9099530820203852,1.0154173316947495,,,,,,,,,,,,,
12772.747,-1.42140614777998,-2.0351308995234305,-1.4318106883561992,-1.42140614777998,0.9099666648604893,1.015426756465141,,,,,,,,,,,,,
12773.185,-1.4211864580975,-2.035476155782094,-1.4321531195611925,-1.4211864580975,0.9108043074232641,1.0162602103164085,,,,,,,,,,,,,
12773.623,-1.42150752970229,-2.0358214120407556,-1.43249553009991,-1.42150752970229,0.910840165890373,1.0162918494302184,,,,,,,,,,,,,
12774.069,-1.42212709079541,-2.036172974349805,-1.4328441734764752,-1.42212709079541,0.9104428054139793,1.0158901610483029,,,,,,,,,,,,,
12774.529,-1.4219701529931,-2.0365355722470326,-1.433203738367931,-1.4219701529931,0.9112131184353156,1.0166559770276187,,,,,,,,,,,,,
12774.96,-1.42257886106839,-2.036875310711606,-1.433540614353758,-1.42257886106839,0.910814318519038,1.0162529329101035,,,,,,,,,,,,,
12775.391,-1.4234683242246,-2.037215049176181,-1.4338774703286017,-1.4234683242246,0.9099992444278964,1.0154335849475202,,,,,,,,,,,,,
12775.829,-1.42388190588627,-2.0375603054348446,-1.434219776781017,-1.42388190588627,0.9098979386895789,1.015327905527601,,,,,,,,,,,,,
12776.268,-1.4234805303011,-2.0379063499498056,-1.4345628440179183,-1.4234805303011,0.911006134788618,1.0164316872126484,,,,,,,,,,,,,
12776.706,-1.42467950863984,-2.0382516062084672,-1.4349051090906055,-1.42467950863984,0.9097403252677867,1.0151614426566655,,,,,,,,,,,,,
12777.137,-1.42377237476381,-2.0385913446730424,-1.4352418840000585,-1.42377237476381,0.9115890567423837,1.0170057800645271,,,,,,,,,,,,,
12777.583,-1.42445022085161,-2.0389429069820917,-1.4355903585462588,-1.42445022085161,0.911105277391617,1.0165174224841853,,,,,,,,,,,,,
12778.029,-1.424639177097,-2.039294469291141,-1.4359388116643537,-1.424639177097,0.9113463726008519,1.0167539076924954,,,,,,,,,,,,,
12778.482,-1.42531032979903,-2.0396515493942786,-1.436292711842368,-1.42531032979903,0.9108806987062823,1.0162835189194825,,,,,,,,,,,,,
12778.92,-1.42595206510425,-2.039996805652942,-1.4366348724512914,-1.42595206510425,0.9104411106850564,1.015839340975134,,,,,,,,,,,,,
12779.359,-1.42558810905885,-2.040342850167903,-1.4369777935117174,-1.42558810905885,0.9114938250168892,1.016887424157757,,,,,,,,,,,,,
12779.798,-1.42617631662645,-2.040688894682864,-1.4373206938113938,-1.42617631662645,0.9111347710521658,1.0165237082619525,,,,,,,,,,,,,
12780.236,-1.42631719461733,-2.0410341509415275,-1.4376627923271315,-1.42631719461733,0.9114378017025943,1.0168220569239592,,,,,,,,,,,,,
12780.668,-1.4262983994482,-2.0413746776623984,-1.4380001843182644,-1.4262983994482,0.9119705664980938,1.0173501738528214,,,,,,,,,,,,,
12781.107,-1.4267045136807,-2.0417207221773612,-1.4383430227140277,-1.4267045136807,0.9118815014239361,1.017256355062919,,,,,,,,,,,,,
12781.553,-1.42751051901695,-2.0420722844864105,-1.4386913065213083,-1.42751051901695,0.9112077009870854,1.0165776935887285,,,,,,,,,,,,,
12781.991,-1.42723584660876,-2.042417540745072,-1.4390333222303973,-1.42723584660876,0.9121268661663026,1.0174920540024712,,,,,,,,,,,,,
12782.423,-1.4273538628574,-2.0427580674659467,-1.4393706325492293,-1.4273538628574,0.9124567813469117,1.0178172002212702,,,,,,,,,,,,,
12782.855,-1.42790751950833,-2.0430985941868176,-1.4397079227641054,-1.42790751950833,0.9121407746499571,1.0174963947544629,,,,,,,,,,,,,
12783.301,-1.42782589226479,-2.043450156495867,-1.4400561225886062,-1.42782589226479,0.9127830626647427,1.0181336972110104,,,,,,,,,,,,,
