energy,mu,pre_edge,post_edge,bkg,norm,flat,k,chik,k3chik,kwin,r,chir_mag,chir_re,chir_im,rwin,q,chiq_mag,chiq_re,chiq_im
22899.615,-1.35750365516451,-1.3577833631460914,-0.9027698890361506,-1.35750365516451,0.0006684153496115784,0.0006684153496115784,0.0,0.38978918088708703,0.0,0.0,0.0,0.5433882992403257,0.5433882992403257,0.0,0.0,0.0,0.20294019972844515,0.16081687601855094,0.12378472059771846
22906.317,-1.36005199664499,-1.3602365171058173,-0.9061157955747703,-1.36005199664499,0.0004409466888899657,0.0004409466888899657,0.05,0.3304981801255263,4.131227251569079e-05,0.0,0.030679615757712823,0.5125891555465842,0.42532460119972393,-0.2860884932992869,0.0,0.05,0.21838287812043086,0.15639525933759496,0.15241917304883063
22912.927,-1.36260478925858,-1.3626559960186482,-0.9094101494087639,-1.36260478925858,0.00012236827937466918,0.00012236827937466918,0.1,0.2648642644149997,0.0002648642644149998,0.0,0.06135923151542565,0.4235315953914874,0.16091107487758946,-0.391773707995569,0.0,0.1,0.23636743729877702,0.14599021370163012,0.1858935795516985
22919.518,-1.36504838700095,-1.3650685203022297,-0.9126894741310849,-1.36504838700095,4.811234751910779e-05,4.811234751910779e-05,0.15000000000000002,0.19701978254289745,0.0006649417660822793,0.0,0.09203884727313846,0.2859205717564058,-0.05340718210169391,-0.28088831633492073,0.0,0.15000000000000002,0.256307491918503,0.12701022355179353,0.22262509635455952
22926.327,-1.3675678729424,-1.3675608398056296,-0.9160714336637739,-1.3675678729424,-1.6807016183857806e-05,-1.6807016183857806e-05,0.2,0.13109708329660918,0.0010487766663728737,0.0,0.1227184630308513,0.11520412590533911,-0.07393771937633009,-0.08834706717848809,0.0,0.2,0.27768444890023863,0.09737346177961079,0.2600520372965456
22932.853,-1.37019835056187,-1.3699495719365116,-0.9193072692752224,-1.37019835056187,-0.0005945037782074408,-0.0005945037782074408,0.25,0.07122851546352484,0.0011129455541175756,0.0,0.15339807878856412,0.07443166568253741,0.07405223613042076,-0.007505943002809274,0.0,0.25,0.3000543937073087,0.055833372481986804,0.2948139645612947
22939.718,-1.37261091636727,-1.372462389294543,-0.9227053196160924,-1.37261091636727,-0.0003549336514546009,-0.0003549336514546009,0.30000000000000004,0.021546427831034266,0.0005817535514379254,0.0,0.18407769454627693,0.2538582910771094,0.21837500654756536,-0.12944646949199184,0.0,0.30000000000000004,0.3230408042486812,0.002239351960072591,0.32303304244679626
22946.348,-1.37487665970324,-1.3748891888697434,-0.9259813320598838,-1.37487665970324,2.9940823144805144e-05,2.9940823144805144e-05,0.35000000000000003,-0.013828592573005147,-0.0005929009065675959,0.0,0.21475731030398976,0.4086310040281644,0.18310065501496728,-0.36531280785945025,0.0,0.35000000000000003,0.346322748531891,-0.06229760832015354,0.34067353015500357
22953.005,-1.37707690222498,-1.3773258713391394,-0.9292650337620785,-1.37707690222498,0.0005949589873786905,0.0005949589873786905,0.4,-0.03402923930955352,-0.0021778713158114257,0.0,0.2454369260617026,0.5199826501502743,-0.0631928026117642,-0.5161284977167733,0.0,0.4,0.36962321468961834,-0.13535638435078629,0.34394762690411157
22959.643,-1.379525280268,-1.379755599179286,-0.9325337240942915,-1.379525280268,0.0005503907852005775,0.0005503907852005775,0.45,-0.04586096709211122,-0.004179080626268635,0.0,0.2761165418194154,0.5745133434485178,-0.37549847030799205,-0.43481775561348984,0.0,0.45,0.3926992747082876,-0.21328587534600268,0.32972997397007225
22966.308,-1.38221389153275,-1.3821952099136317,-0.9358100442172983,-1.38221389153275,-4.4643277262583416e-05,-4.4643277262583416e-05,0.5,-0.057234800784395995,-0.007154350098049499,0.0,0.30679615757712825,0.5648202151753143,-0.5447543442907884,-0.1492132026564725,0.0,0.5,0.4153343907847093,-0.29141346969796095,0.29594061202731403
22972.978,-1.38476511619835,-1.384636650813568,-0.9390831387308438,-1.38476511619835,-0.00030699243760124855,-0.00030699243760124855,0.55,-0.07503742848660745,-0.012484352164459318,0.0,0.3374757733348411,0.4903617837210182,-0.4651478737453648,0.15521641177473727,0.0,0.55,0.43733263585178195,-0.3643690651415975,0.24185743476045055
22979.627,-1.38681812545732,-1.3870704050180196,-0.9423402693770342,-1.38681812545732,0.0006028699281714681,0.0006028699281714681,0.6000000000000001,-0.0886369708025628,-0.019145585693353576,0.0,0.36815538909255385,0.3576793006751687,-0.22077496579740535,0.2814123249053464,0.0,0.6000000000000001,0.45851445735743507,-0.42650026941907365,0.16832417470833094
22986.376,-1.38904575178855,-1.3895407625343124,-0.9456406088494376,-1.38904575178855,0.0011829221991440596,0.0011829221991440596,0.65,-0.09569591751064489,-0.026280491346360853,0.0,0.3988350048502667,0.17997016148749997,-0.019446827741863553,0.1789164048281071,0.0,0.65,0.4787136272305699,-0.4723446664943538,0.07782835556907743
22993.153,-1.39172267359761,-1.3920213689779208,-0.9489487832980643,-1.39172267359761,0.0007137893453347517,0.0007137893453347517,0.7000000000000001,-0.09982194887615584,-0.03423892846452146,0.0,0.4295146206079795,0.028497587236965768,-0.024552848819581023,-0.014466170646417559,0.0,0.7000000000000001,0.49777508314859237,-0.4971181472288593,-0.025565232237048836
22999.959,-1.39444109945335,-1.3945125903819635,-0.9522652068161008,-1.39444109945335,0.00017084115288052324,0.00017084115288052324,0.75,-0.10053833719398197,-0.04241461100371115,0.0,0.46019423636569234,0.23530611512152608,-0.2198264400463486,-0.08393630960516424,0.0,0.75,0.5155534334292492,-0.4971750129776472,-0.1364270837897065
23006.48,-1.39703657985737,-1.3968994923472549,-0.9554372025398408,-1.39703657985737,-0.0003275966437676036,-0.0003275966437676036,0.8,-0.1021139170381859,-0.05228232552355119,0.0,0.4908738521234052,0.4265412428527752,-0.41793756998491505,0.0852386030475299,0.0,0.8,0.5319119555930218,-0.4703962924738727,-0.24830959814237474
23013.341,-1.39934085191832,-1.3994108455728123,-0.9587687168984687,-1.39934085191832,0.00016726313197642628,0.00016726313197642628,0.8500000000000001,-0.11312853488239742,-0.06947506148465234,0.0,0.521553467881118,0.5776229707683114,-0.4095235642830733,0.4073557986037476,0.0,0.8500000000000001,0.5467219640299826,-0.4164675306320675,-0.3542029106063777
23019.99,-1.40160553606255,-1.4018445997772622,-0.961991549921386,-1.40160553606255,0.0005712881539721568,0.0005712881539721568,0.9,-0.10825962187906876,-0.07892126434984113,0.0,0.5522330836388308,0.6700390265180153,-0.13536453618922153,0.6562230866096426,0.0,0.9,0.559862456536573,-0.3370158974326211,-0.44706403916760196
23026.739,-1.40434738814765,-1.4043149572935567,-0.9652570759392205,-1.40434738814765,-7.749968575956439e-05,-7.749968575956439e-05,0.9500000000000001,-0.10231794697881717,-0.0877248497909634,0.0,0.5829126993965437,0.6910006693986092,0.25710025488658045,0.6413901964066658,0.0,0.9500000000000001,0.5712199751101174,-0.23558815001968303,-0.5203753294835435
23033.493,-1.40703915057515,-1.40678714497544,-0.9685191936793487,-1.40703915057515,-0.0006022152463506055,-0.0006022152463506055,1.0,-0.09863233139278578,-0.09863233139278578,0.0,0.6135923151542565,0.6349457030554745,0.5217716149115927,0.36181546083764765,0.0,1.0,0.5806886355985664,-0.11746477727721943,-0.568683846801136
23040.129,-1.4094700030415,-1.4092161407493515,-0.9717186407274738,-1.4094700030415,-0.0006066521655917366,-0.0006066521655917366,1.05,-0.08484203318593474,-0.09821525866686771,0.0,0.6442719309119693,0.5043600537202266,0.5041918867158081,0.013023254532707685,0.0,1.05,0.5881702955306064,0.010679646927848669,-0.5880733301945067
23046.939,-1.41215832157203,-1.4117088262858681,-0.9749961281852961,-1.41215832157203,-0.0010741543632400022,-0.0010741543632400022,1.1,-0.07064760346700391,-0.09403196021458224,0.0,0.6749515466696822,0.30976280051433935,0.2642622069236789,-0.1616121238469228,0.0,1.1,0.593574841251819,0.14124560879759168,-0.576524735082997
23053.607,-1.41458496341681,-1.4141495351195692,-0.9781995318058918,-1.41458496341681,-0.0010405386213348901,-0.0010405386213348901,1.1500000000000001,-0.06849874324214733,-0.10417802612840085,0.0,0.705631162427395,0.0688737995420293,0.032449714056650265,-0.06075044296955594,0.0,1.1500000000000001,0.5968205856413046,0.26627049976296074,-0.5341299770666433
23060.473,-1.41701889357105,-1.416662718510719,-0.9814921197078661,-1.41701889357105,-0.0008511479584104663,-0.0008511479584104663,1.2000000000000002,-0.047765785705631426,-0.08253927769933114,0.0,0.7363107781851077,0.1955797851578382,0.031106777283313417,0.19309018817493673,0.0,1.2000000000000002,0.5978347773037019,0.3780368292770189,-0.46313559209365984
23067.198,-1.41937812128006,-1.4191242912321682,-0.9847112507713618,-1.41937812128006,-0.0006065751118161341,-0.0006065751118161341,1.25,-0.02654519518537077,-0.05184608434642729,0.0,0.7669903939428205,0.4571284353035877,0.2994614286526252,0.3453827718813361,0.0,1.25,0.5965542323394372,0.46967488060134,-0.36780763811293016
23074.072,-1.42166329725141,-1.4216404028882659,-0.987995732082581,-1.42166329725141,-5.47104292792684e-05,-5.47104292792684e-05,1.3,-0.01624144871012758,-0.0356824628161503,0.0,0.7976700097005334,0.6898294806302138,0.6588101421966063,0.2045333930815161,0.0,1.3,0.5929261118675418,0.5357068714471176,-0.2541250125798368
23080.708,-1.42426601024747,-1.4240693986621755,-0.9911607653828227,-1.42426601024747,-0.0004698407273877418,-0.0004698407273877418,1.35,0.007614862486572857,0.018735417290401696,0.0,0.8283496254582462,0.8705625921934481,0.8445086075305921,-0.21138694078233908,0.0,1.35,0.5869088840698576,0.5724834795795997,-0.12932402641643864
23087.518,-1.42684434244665,-1.426562084198694,-0.9944029367431568,-1.42684434244665,-0.0006745096955106172,-0.0006745096955106172,1.4000000000000001,0.015686937574414986,0.04304495670419473,0.0,0.859029241215959,0.982370806433892,0.7008087935866056,-0.6884180678666573,0.0,1.4000000000000001,0.5784735310101049,0.5784719995174741,-0.0013311098956589674
23094.283,-1.42905714950091,-1.4290382982448806,-0.9976178159043201,-1.42905714950091,-4.504865688209645e-05,-4.504865688209645e-05,1.4500000000000002,0.037127199509488375,0.11318690860461404,0.0,0.8897088569736719,1.0174039848006464,0.2874166524070458,-0.9759623641346841,0.0,1.4500000000000002,0.5676050914423386,0.5543677749194126,0.12186841248726062
23100.931,-1.43119753051353,-1.4314716864162138,-1.0007713961987648,-1.43119753051353,0.0006551476025262915,0.0006551476025262915,1.5,0.051042916882326234,0.17226984447785104,0.0,0.9203884727313847,0.9797678677655752,-0.1800660632994515,-0.9630790660967248,0.0,1.5,0.5543046769041374,0.5030158809793008,0.23287056130051742
23107.656,-1.43341387917137,-1.433933259137663,-1.003955755960213,-1.43341387917137,0.0012411570802820559,0.0012411570802820559,1.55,0.05354931940260302,0.19941097179036835,0.0,0.9510680884890975,0.8886863346750826,-0.49990835305524006,-0.7347482834167294,0.0,1.55,0.5385921687019695,0.4291469875206126,0.32544490668786613
23114.506,-1.43584126006753,-1.4364405859989189,-1.0071933626739948,-1.43584126006753,0.001432203148783264,0.001432203148783264,1.6,0.062419493140365274,0.25567024390293625,0.0,0.9817477042468103,0.7820801481171972,-0.6229294507252202,-0.4728723479948817,0.0,1.6,0.5205099129244095,0.3389484011203567,0.39502474711153246
23121.36,-1.43798123874603,-1.438949376992647,-1.0104268581031164,-1.43798123874603,0.0023135502280857657,0.0023135502280857657,1.6500000000000001,0.06905829316138294,0.31021848516757744,0.0,1.012427320004523,0.7144543499253965,-0.6508672857575537,-0.29464689792685045,0.0,1.6500000000000001,0.5001279043332466,0.23950689103158856,0.4390493933957179
23128.072,-1.44012255376766,-1.4414061912835576,-1.013587544201279,-1.44012255376766,0.0030674956578379863,0.0030674956578379863,1.7000000000000002,0.07064649025906208,0.3470862066427721,0.0,1.043106935762236,0.7270222038048088,-0.7071255258680365,-0.1689223948772153,0.0,1.7000000000000002,0.4775512297766066,0.13817256227109714,0.45712527833908845
23134.837,-1.44229037879268,-1.443882405329746,-1.0167673622450621,-1.44229037879268,0.0038044497992087245,0.0038044497992087245,1.75,0.06729771896769592,0.3606737125924953,0.0,1.0737865515199487,0.8020974942134897,-0.8018316043999614,0.020651111566766186,0.0,1.75,0.4529309976821703,0.04190148863482805,0.4509886405571115
23141.655,-1.44422232554529,-1.4463780191312106,-1.0199661747704099,-1.44422232554529,0.005151439275142228,0.005151439275142228,1.8,0.06862596120855444,0.4002266057682895,0.0,1.1044661672776617,0.8800919777954981,-0.8166340114768682,0.32813226095461845,0.0,1.8,0.4264807265432251,-0.04336185437445031,0.4242706208283177
23148.574,-1.44650339536934,-1.4489106022776364,-1.0232063002691376,-1.44650339536934,0.00575247813129973,0.00575247813129973,1.85,0.06278149860013088,0.39750890607405376,0.0,1.1351457830353744,0.9064017554894502,-0.6273277110976321,0.6542354967772408,0.0,1.85,0.3985013759038717,-0.1132035812132985,0.3820841475352818
23155.327,-1.44840478446818,-1.4513824239264048,-1.026362789373664,-1.44840478446818,0.007115635057086232,0.007115635057086232,1.9000000000000001,0.04532004933888372,0.3108502184154035,0.0,1.1658253987930873,0.8464974891793916,-0.2542876789789135,0.807400628874248,0.0,1.9000000000000001,0.36942009124897324,-0.16510986191407362,0.33046926833990975
23162.084,-1.45038814210725,-1.4538557097076437,-1.0295153150041472,-1.45038814210725,0.008286411409555784,0.008286411409555784,1.9500000000000002,0.04198732696296604,0.3113307810145229,0.0,1.1965050145508,0.6855403429933049,0.1058582469135893,0.6773179411707324,0.0,1.9500000000000002,0.33985035559766114,-0.19864875049092462,0.27574796124042533
23168.918,-1.45217761157798,-1.4563571800390038,-1.0326978305244836,-1.45217761157798,0.009987872703192456,0.009987872703192456,2.0,0.035792062108129914,0.2863364968650393,0.0,1.227184630308513,0.4299553006015928,0.2195705292872118,0.36966247197131025,0.0,2.0,0.31068363754425987,-0.21544309206771223,0.2238494956841233
23175.658,-1.45391016127845,-1.4588242432572303,-1.0358307252785934,-1.45391016127845,0.011743132267078054,0.011743132267078054,2.0500000000000003,0.012367958688735177,0.10655151009828967,0.0,1.2578642460662257,0.16684385875405694,0.0261446679253972,0.1647826736735826,0.0,2.0500000000000003,0.2832199252813029,-0.21893260913688117,0.17967203102560067
23182.451,-1.4551005165497,-1.4613107062307362,-1.0389823813386414,-1.4551005165497,0.014840427803801726,0.014840427803801726,2.1,-0.007436458392090282,-0.0688690411691481,0.0,1.2885438618239387,0.4023704704615958,-0.26420134371073095,0.303479234019282,0.0,2.1,0.25932059684825837,-0.21394349321009518,0.14654471557445836
23190.031,-1.45534021092517,-1.4640852372684448,-1.042492209483484,-1.45534021092517,0.020897901474090944,0.020897901474090944,2.15,-0.018394062205823562,-0.18280708797480172,0.0,1.3192234775816514,0.8157837407095003,-0.2955361723718274,0.7603693066042282,0.0,2.15,0.24148691679682646,-0.2061030409139749,0.12584700040147867
23190.178,-1.45566122544356,-1.4641390441368545,-1.042560203490595,-1.45566122544356,0.02025935804114837,0.02025935804114837,2.2,-0.0358839184494265,-0.38209196364949344,0.0,1.3499030933393643,1.2134434782155918,0.1532096249707457,1.2037324809276673,0.0,2.2,0.23261893699069658,-0.20115324535018947,0.11682868539775729
23190.936,-1.45538167767672,-1.4644164972406246,-1.0429107682101417,-1.45538167767672,0.021590417417995344,0.021590417417995344,2.25,-0.04799034334115163,-0.5466400046203053,0.0,1.380582709097077,1.5377394987910193,0.9472554748130196,1.211342161232249,0.0,2.25,0.2351983386797926,-0.20422915085434698,0.11665638627630637
23190.985,-1.45559387546826,-1.4644344328634284,-1.0429334275188111,-1.45559387546826,0.021126191067721175,0.021126191067721175,2.3000000000000003,-0.0529382588779581,-0.6440997957681164,0.0,1.41126232485479,1.7413617049316907,1.6334575407279366,0.6034542650786767,0.0,2.3000000000000003,0.2502070261028967,-0.21917391944342846,0.12069113035787328
23191.67,-1.45550757488096,-1.464685165549553,-1.043250163277591,-1.45550757488096,0.021931596090535313,0.021931596090535313,2.35,-0.06382093632093792,-0.8282601339560923,0.0,1.4419419406125027,1.7860419820483104,1.7479794424781734,-0.3667612715551512,0.0,2.35,0.2767836249868493,-0.2479621380235689,0.12297948271009018
23191.694,-1.45570311240278,-1.4646939503443965,-1.0432612595015414,-1.45570311240278,0.021485314977686475,0.021485314977686475,2.4000000000000004,-0.06782361164869952,-0.9375936074316226,0.0,1.4726215563702154,1.6461176230707393,1.1822107423159647,-1.1454610380701722,0.0,2.4000000000000004,0.3129562844574198,-0.29029568594087696,0.11691899206505843
23192.379,-1.45551765905501,-1.464944683030521,-1.0435779331932693,-1.45551765905501,0.02252766435467945,0.02252766435467945,2.45,-0.06869222841331377,-1.0101964975747442,0.0,1.5033011721279284,1.3118567498721423,0.31603857243246597,-1.2732194441336298,0.0,2.45,0.3565991026557407,-0.34342286549872325,0.09603986394995209
23192.404,-1.45576521743048,-1.4649538338584813,-1.0435894894930584,-1.45576521743048,0.02195794423686998,0.02195794423686998,2.5,-0.0662397738089258,-1.0349964657644657,0.0,1.533980787885641,0.7921183243196628,-0.2233098210080968,-0.7599895812209021,0.0,2.5,0.4059325608540228,-0.40221245864589344,0.054830484874112996
23193.04,-1.45565801435337,-1.4651866309218056,-1.0438834548969922,-1.45565801435337,0.022770439151929688,0.022770439151929688,2.5500000000000003,-0.0664377006744923,-1.1016284290215101,0.0,1.564660403643354,0.13907812778096676,-0.03476712520600457,-0.1346624395738059,0.0,2.5500000000000003,0.4596107869657691,-0.4594914322214549,-0.010473739082569945
23193.089,-1.45508589109044,-1.4652045665446076,-1.0439061010302098,-1.45508589109044,0.02418049693493694,0.02418049693493694,2.6,-0.05384308577925087,-0.9463460756561133,0.0,1.5953400194010667,0.7033206522077031,0.6981879332368812,-0.08481479649377915,0.0,2.6,0.5166425390859523,-0.5066301122631626,-0.10121977347037993
23193.872,-1.45542687371141,-1.4654911704763398,-1.0442679353680973,-1.45542687371141,0.024050548728336677,0.024050548728336677,2.6500000000000004,-0.04435298971150853,-0.8253925061600322,0.0,1.6260196351587797,1.562523033202686,1.2646979382472106,-0.9176150359939496,0.0,2.6500000000000004,0.5762882567811495,-0.5343339858793091,-0.21585955257571132
23193.896,-1.455141963347,-1.4654999552711816,-1.0442790248381755,-1.455141963347,0.024752389095710987,0.024752389095710987,2.7,-0.02736640012391055,-0.5386528536389315,0.0,1.6566992509164924,2.419791194156147,0.9091263993449533,-2.2425161344636324,0.0,2.7,0.6379777246140311,-0.5335791406833786,-0.3497268616095764
23194.508,-1.45508381300852,-1.4657239675396623,-1.0445617814536234,-1.45508381300852,0.025426670238897213,0.025426670238897213,2.75,-0.01659496230842092,-0.3451233567579413,0.0,1.6873788666742053,3.2037826826166746,-0.5821735497425745,-3.150444006075116,0.0,2.75,0.7012528397821256,-0.4966108617482274,-0.4951092781358258
23194.557,-1.45543091163488,-1.4657419031624643,-1.0445844183940594,-1.45543091163488,0.024640072720804974,0.024640072720804974,2.8000000000000003,-0.0015623591821124765,-0.03429690876573309,0.0,1.718058482431918,3.847446871511289,-2.6273837113844793,-2.810640898843807,0.0,2.8000000000000003,0.765729763990341,-0.41791389326716866,-0.6416307733229298
23195.291,-1.45518362096065,-1.4660105714713945,-1.0449234737980433,-1.45518362096065,0.02587305471211109,0.02587305471211109,2.85,0.023134539421524433,0.5355443448862968,0.0,1.748738098189631,4.29335723677482,-4.155771581573283,-1.0781831590015705,0.0,2.85,0.8310742618858298,-0.2950596534161915,-0.7769325773160717
23195.34,-1.45506663625422,-1.4660285070941965,-1.044946105835244,-1.45506663625422,0.02619547246552482,0.02619547246552482,2.9000000000000004,0.03596621394705916,0.8771799919548261,0.0,1.7794177139473437,4.5001934706549696,-4.295902297661118,1.3405091280090362,0.2499999999999989,2.9000000000000004,0.8969856336901041,-0.12934094310942723,-0.8876114845370138
23195.952,-1.45465041666572,-1.4662525193626772,-1.0452287495119776,-1.45465041666572,0.027725428093165257,0.027725428093165257,2.95,0.061821662922081466,1.5871089136592715,0.0,1.8100973297050567,4.44963479330929,-2.9633899646953163,3.3192724671186156,0.7500000000000011,2.95,0.9631861935653906,0.07388163729880377,-0.9603484508994816
23196.001,-1.45518751617843,-1.4662704549854793,-1.045251377409933,-1.45518751617843,0.026484787368446637,0.026484787368446637,3.0,0.07841564589130343,2.1172224390651926,0.0,1.8407769454627694,4.155262513876417,-0.9069137181539036,4.05508496422095,1.0,3.0,1.0294143448957267,0.3051760567423443,-0.9831385801952294
23196.784,-1.4546825834076,-1.4665570589172114,-1.0456129203559925,-1.4546825834076,0.02837631466338634,0.02837631466338634,3.0500000000000003,0.0911492481602376,2.586143437082362,0.0,1.8714565612204823,3.6789016957394596,0.8457386208182088,3.5803692368485103,1.0,3.0500000000000003,1.095420017765832,0.5514051037793762,-0.9465185824103776
23197.175,-1.45472641426953,-1.4667001778665183,-1.045793431626855,-1.45472641426953,0.02861358240691342,0.02861358240691342,3.1,0.10452162900410605,3.113803849661324,0.0,1.902136176978195,3.167236490480401,1.7419533459999632,2.6451815678682893,1.0,3.1,1.1609616831027578,0.7964582363441713,-0.844681186834607
23197.591,-1.45433717553234,-1.4668524476437854,-1.0459854630874048,-1.45433717553234,0.029907619856121212,0.029907619856121212,3.1500000000000004,0.10832384697601757,3.3857566206015344,0.0,1.932815792735908,2.905933065842805,2.075044363232839,2.034364243141868,1.0,3.1500000000000004,1.2258044385025277,1.0223119604345943,-0.6763688172919223
23197.836,-1.45486067952693,-1.466942125757801,-1.0460985481907983,-1.45486067952693,0.0288709105137727,0.0288709105137727,3.2,0.09260523099648035,3.034488209292669,0.0,1.9634954084936207,3.221707385593928,2.6450070399399936,1.8393847441626605,1.0,3.2,1.2897188368252896,1.2103502816741503,-0.44545131463862914
23198.252,-1.45455792805906,-1.4670943955350682,-1.046290544509965,-1.45455792805906,0.029958270205583157,0.029958270205583157,3.25,0.07335560315786832,2.5181603146536986,0.0,1.9941750242513334,4.13160906523848,3.9237814121581556,1.293882876292493,1.0,3.25,1.3524802403156813,1.3428496094135665,-0.16111401845337728
23198.62,-1.45422172657555,-1.4672290957226517,-1.0464603689720349,-1.45422172657555,0.031083579191537855,0.031083579191537855,3.3000000000000003,0.04516634227465497,1.6231428423242762,0.0,2.024854640009046,5.405370712472671,5.37174838286937,-0.6019566848184433,1.0,3.3000000000000003,1.4138685548309256,1.4045121296908025,0.16238832436815176
23198.644,-1.45451262459399,-1.4672378805174935,-1.0464714438792768,-1.45451262459399,0.030409416059276204,0.030409416059276204,3.35,0.01669493357167331,0.6276522882271476,0.0,2.055534255766759,6.854869040529421,5.526944426054218,-4.054887775773449,1.0,3.35,1.4736682456966046,1.3839202079481698,0.5064217179458268
23199.28,-1.45403691476645,-1.467470677580816,-1.0467649020987153,-1.45403691476645,0.03210252784850965,0.03210252784850965,3.4000000000000004,-0.01215902673452821,-0.4778983867738969,0.0,2.086213871524472,8.374875507539073,2.9700495343546867,-7.830539287319703,1.0,3.4000000000000004,1.5316685679256832,1.2747832675530233,0.8490796327426247
23199.329,-1.45427706073235,-1.4674886132036198,-1.0467875091563883,-1.45427706073235,0.031571514027136774,0.031571514027136774,3.45,-0.026229013541382993,-1.0770583761832735,0.0,2.116893487282185,9.908412834638629,-2.408824061415721,-9.611150375619777,1.0,3.45,1.5876639647045045,1.0768584228591147,1.1666416767536663
23200.039,-1.45370079050713,-1.4677484967177064,-1.0471150463738041,-1.45370079050713,0.033569662205919774,0.033569662205919774,3.5,-0.04776284019820731,-2.0478317734981384,0.0,2.1475731030398975,11.423029313222013,-8.760353676294557,-7.330880039733417,1.0,3.5,1.641454602728976,0.7964466209828897,1.4352860316832594
23200.113,-1.45407266877516,-1.4677755831684705,-1.0471491803484554,-1.45407266877516,0.03274571666894191,0.03274571666894191,3.5500000000000003,-0.05927460188837052,-2.651879004558573,0.006155829702431202,2.1782527187976104,12.896192589266938,-12.875829376885708,-0.7244316094639419,1.0,3.5500000000000003,1.692847023430715,0.44639593686007145,1.632930406445128
23200.774,-1.45349227673682,-1.4680175310597532,-1.0474540487262871,-1.45349227673682,0.03471085412569569,0.03471085412569569,3.6,-0.06390551330151735,-2.9815756285955937,0.02447174185242326,2.2089323345553233,14.30469211343987,-11.88137180882731,7.966004042222955,1.0,3.6,1.7416548968337064,0.045580887931833326,1.7410583454669675
23201.166,-1.45290873580547,-1.4681610160421785,-1.0476348217513731,-1.45290873580547,0.03644822063767548,0.03644822063767548,3.6500000000000004,-0.05818194775775782,-2.82922084635996,0.05449673790581632,2.2396119503130363,15.61715408181413,-5.084555083479177,14.766272421237181,1.0,3.6500000000000004,1.7876998706960243,-0.3821316086721838,1.7463809038523614
23201.19,-1.45353442303811,-1.4681698008370185,-1.0476458888496296,-1.45353442303811,0.03497401508834797,0.03497401508834797,3.7,-0.054785572121271095,-2.775053584658745,0.09549150281252644,2.270291566070749,16.790356591709948,5.205235595832921,15.963132426583813,1.0,3.7,1.8308125123729337,-0.8093760235165511,1.642189059766819
23201.827,-1.45277460464135,-1.4684029639334613,-1.047939601177525,-1.45277460464135,0.037346932972866655,0.037346932972866655,3.75,-0.056273091237140756,-2.9675262957085944,0.14644660940672624,2.3009711818284617,17.769821517898112,14.53401389751105,10.22394233184589,1.0,3.75,1.8708333449424754,-1.2071474569186043,1.4292698911694732
23201.876,-1.45312865540214,-1.4684208995562633,-1.0479621922856097,-1.45312865540214,0.036543722009068476,0.036543722009068476,3.8000000000000003,-0.04072939723789708,-2.234903485237889,0.2061073738537638,2.3316507975861747,18.494269964310163,18.489194748729748,-0.4332424913710516,1.0,3.8000000000000003,1.9076139828898686,-1.546897184840365,1.1162885860071765
23202.708,-1.45259503037693,-1.4687254391107976,-1.0483457332426482,-1.45259503037693,0.038546675473015636,0.038546675473015636,3.85,-0.04310898290088971,-2.460084161336485,0.2730047501302266,2.3623304133438876,18.902740262965843,15.018988965268822,-11.477959745106414,1.0,3.85,1.9410183762982776,-1.8027094758079134,0.7195768777274323
23202.953,-1.45213672722695,-1.468815117224815,-1.0484586581300803,-1.45213672722695,0.03985618078668105,0.03985618078668105,3.9000000000000004,-0.03771004612652036,-2.236922226179062,0.34549150281252683,2.3930100291016,18.942830569669727,5.550914050004561,-18.11127226896763,1.0,3.9000000000000004,1.9709241762326857,-1.953390287968003,0.26231372692021504
23203.369,-1.45178857875663,-1.468967387002082,-1.0486503824090931,-1.45178857875663,0.04105202523853413,0.04105202523853413,3.95,-0.03749489775935923,-2.3108058620470895,0.42178276747988486,2.423689644859313,18.578619744688602,-5.744878393759799,-17.668092252946977,1.0,3.95,1.9972242379865752,-1.984297311653636,-0.22686744095442446
23203.394,-1.45182185180827,-1.4689765378300423,-1.0486619035963827,-1.45182185180827,0.040994380603286015,0.040994380603286015,4.0,-0.025429512050285687,-1.627488771218284,0.5000000000000001,2.454369260617026,17.79715765684094,-14.117522433188572,-10.836714493372495,1.0,4.0,2.0198282832154413,-1.888753556246445,-0.7157627382334483
23204.079,-1.45125276751979,-1.4692272705161686,-1.0489775530505625,-1.45125276751979,0.04295348897981889,0.04295348897981889,4.05,-0.020402396616283194,-1.3553337575192694,0.578217232520115,2.4850488763747385,16.612839283807443,-16.57848319723707,-1.067859517232488,1.0,4.05,2.038664746807108,-1.668912832259004,-1.1708475170556238
23204.128,-1.45104119212945,-1.4692452061389707,-1.0490001300563918,-1.45104119212945,0.04350194913895267,0.04350194913895267,4.1000000000000005,-0.020060171550698735,-1.382567083445708,0.6545084971874745,2.5157284921324514,15.069416245998088,-13.13390550006759,7.388357889981063,1.0,4.1000000000000005,2.053682839700897,-1.3359834672003945,-1.5597311888428576
23204.814,-1.45062941904099,-1.4694963048582137,-1.049316175919465,-1.45062941904099,0.045086007229066964,0.045086007229066964,4.15,-0.016839844009655224,-1.2036004858435918,0.7269952498697739,2.5464081078901644,13.239870974938789,-6.335237329089624,11.625788206273842,1.0,4.15,2.0648548647759695,-0.9097637986460243,-1.8536330389972402
23204.863,-1.45024120434385,-1.4695142404810193,-1.0493387483226613,-1.45024120434385,0.046056580562608015,0.046056580562608015,4.2,-0.00901931063562,-0.6682226863718147,0.7938926261462367,2.5770877236478773,11.224982448565148,0.41320834158522346,11.217374462727008,1.0,4.2,2.0721788293049266,-0.4174959351106182,-2.0296852575672037
23205.549,-1.44976672617493,-1.4697653392002623,-1.0496547297486885,-1.44976672617493,0.04779048435265966,0.04779048435265966,4.25,0.0016228047459366929,0.12457562057479644,0.8535533905932737,2.60776733940559,9.152363298961994,4.687835518868775,7.860658503218341,1.0,4.25,2.075681404088402,0.10790111145856718,-2.0728749700414655
23205.941,-1.44930637124438,-1.4699088241826859,-1.049835263561377,-1.44930637124438,0.04923347451782353,0.04923347451782353,4.3,0.013864476556940428,1.1023229376126624,0.9045084971874736,2.6384469551633027,7.179243331751578,5.979178259122569,3.973784362812797,1.0,4.3,2.075421285793504,0.6301059028785655,-1.9774579805099144
23205.965,-1.44892270419931,-1.4699176089775294,-1.0498463160139764,-1.44892270419931,0.05017131273144407,0.05017131273144407,4.3500000000000005,0.02714703770944095,2.2345507215975,0.9455032620941842,2.6691265709210157,5.50218213414522,5.3626427965267425,1.2312881361268297,1.0,4.3500000000000005,2.071493024391095,1.1120187316259564,-1.7477121303618528
23206.602,-1.44829305316685,-1.4701507720739704,-1.0501396396217118,-1.44829305316685,0.05223317097502625,0.05223317097502625,4.4,0.040071563721629934,3.4134560840633252,0.9755282581475768,2.6998061866787286,4.3558297655652645,4.354795150609191,-0.09493230648740046,1.0,4.4,2.064031380539426,1.518543512073357,-1.397945328613177
23206.651,-1.44835724218231,-1.4701687076967742,-1.0501622008282467,-1.44835724218231,0.05212263970792324,0.05212263970792324,4.45,0.049903694910504066,4.397569737170393,0.9938441702975689,2.730485802436441,3.8986943877185034,3.8228566105276895,-0.765235430552259,1.0,4.45,2.053216276069876,1.8193154895195192,-0.9517290716966674
23207.435,-1.4467291565979,-1.470455677661623,-1.0505231384022125,-1.4467291565979,0.05669902868776949,0.05669902868776949,4.5,0.05464285204679089,4.97932989276382,1.0,2.761165418194154,3.9772046262189713,3.625400605485422,-1.6354287170535813,1.0,4.5,2.0392783909520436,1.9911590465564066,-0.44038847296510647
23207.459,-1.44697443818466,-1.470464462456465,-1.050534186272479,-1.44697443818466,0.05613387468337361,0.05613387468337361,4.55,0.05379469708191038,5.067265459339035,1.0,2.791845033951867,4.219506047000288,3.0644618646511823,-2.900569730375499,1.0,4.55,2.022505437112065,2.020073141387626,0.09916020669701088
23208.096,-1.44582969377752,-1.4706976255529076,-1.0508273882576233,-1.44582969377752,0.05942664638238984,0.05942664638238984,4.6000000000000005,0.04760375065154728,4.6335586734190075,1.0,2.82252464970958,4.34719655789748,1.6694047391524156,-4.013876646073114,1.0,4.6000000000000005,2.0032490958766838,1.9025717745276172,0.62707860982622
23208.121,-1.44551812766283,-1.4707067763808679,-1.0508388943423554,-1.44551812766283,0.06019306043370149,0.06019306043370149,4.65,0.03777126503704945,3.7976976789257493,1.0,2.8532042654672924,4.237279137249706,-0.3198033806511957,-4.225193520384088,1.0,4.65,1.981932531538755,1.6462515457860791,1.1035906884205589
23208.88,-1.44356108067919,-1.4709845955177565,-1.0511881810517139,-1.44356108067919,0.06553369751828907,0.06553369751828907,4.7,0.0261230654523632,2.712175024460705,1.0,2.8838838812250054,3.865589395676236,-2.0958093042983394,-3.248132499757527,1.0,4.7,1.95905827571159,1.269514780910013,1.4920594990432083
23208.929,-1.44403812034773,-1.4710025311405603,-1.0512107279931797,-1.44403812034773,0.06443658119896245,0.06443658119896245,4.75,0.014269848683841225,1.5293264394135462,1.0,2.9145634969827183,3.2635232622142403,-2.8817526699077787,-1.5316937136689124,1.0,4.75,1.9352161009679605,0.8004407826774158,1.7619182474996964
23209.591,-1.44213037723368,-1.4712448450649616,-1.0515153116976492,-1.44213037723368,0.06957455087332287,0.06957455087332287,4.800000000000001,0.0035459866335382406,0.39215775377626133,1.0,2.945243112740431,2.4945324115295855,-2.4941860131827536,0.04157022750875303,1.0,4.800000000000001,1.911090253927261,0.27486465454601194,1.8912206059413228
23210.032,-1.44087810297489,-1.471406265670189,-1.0517181830532891,-1.44087810297489,0.07295284326753419,0.07295284326753419,4.8500000000000005,-0.005264755550263155,-0.6006250302906657,1.0,2.9759227284981438,1.641470691777787,-1.450278944143054,0.768841346534352,1.0,4.8500000000000005,1.8874650910180153,-0.26621236493562217,1.8685971868134201
23210.424,-1.43954179000282,-1.4715497506526143,-1.051898492281829,-1.43954179000282,0.07648910155203761,0.07648910155203761,4.9,-0.011782909662778644,-1.386247538916245,1.0,3.0066023442558567,0.8115363539443792,-0.5672823836248194,0.5803291746950863,1.0,4.9,1.8652277671107889,-0.7797002278885103,1.6944445042053469
23210.669,-1.43873465286232,-1.4716394287666317,-1.0520111755772774,-1.43873465286232,0.07863221194344092,0.07863221194344092,4.95,-0.0161605489757914,-1.9600705638326776,1.0,3.0372819600135696,0.3787266779673685,-0.37852057742713147,0.012492760640859107,1.0,4.95,1.8453662170081617,-1.2237596977660057,1.381227235830031
23210.693,-1.4389220732598,-1.4716482135614717,-1.0520222135283746,-1.4389220732598,0.0782053282409569,0.0782053282409569,5.0,-0.01864201493390978,-2.3302518667387226,1.0,3.067961575771282,0.8383109594990441,-0.8014476016642295,-0.24585972952653828,0.7500000000000043,5.0,1.8289603483101917,-1.5611506409303135,0.9528402972239414
23211.478,-1.43553978135432,-1.4719355495594408,-1.0523832059323297,-1.43553978135432,0.08697460112391757,0.08697460112391757,5.050000000000001,-0.019540942428178977,-2.5166315655869043,1.0,3.098641191528995,1.2855720172821774,-1.2793956219871896,0.12586601629899688,0.2500000000000022,5.050000000000001,1.817164307976385,-1.76232613786561,0.443049326801178
23211.527,-1.43554547031668,-1.4719534851822447,-1.0524057366048467,-1.43554547031668,0.08700386684517428,0.08700386684517428,5.1000000000000005,-0.019243519764681638,-2.5526721403047845,1.0,3.129320807286708,1.5337626777172915,-1.2581800769384452,0.8771606725986317,3.749399456654644e-33,5.1000000000000005,1.811178127251259,-1.808020699624753,-0.10689882301408402
23212.164,-1.43221844632524,-1.4721866482786856,-1.05269860742483,-1.43221844632524,0.09551161011218913,0.09551161011218913,5.15,-0.018130649629404597,-2.4764812971988004,1.0,3.160000423044421,1.5580038845696407,-0.623165613552766,1.4279498318986894,0.0,5.15,1.8122082120040621,-1.6911121415562562,-0.6513358030509094
23212.58,-1.43024482961367,-1.4723389180559527,-1.052889842010302,-1.43024482961367,0.10059181966730227,0.10059181966730227,5.2,-0.01612691946618215,-2.2675738923009394,1.0,3.1906800388021335,1.3662004240251595,0.22555879218722183,1.3474519768338935,0.0,5.2,1.8214181001912981,-1.4175862348691257,-1.1436840308468303
23212.973,-1.42775144062363,-1.4724827690714966,-1.0530704832138866,-1.42775144062363,0.10689400557696584,0.10689400557696584,5.25,-0.013060510352194755,-1.8898966620574318,1.0,3.2213596545598464,0.9885589048562635,0.6981062605116211,0.6999259656600089,0.0,5.25,1.8398734065014635,-1.0064978065978603,-1.5401611335392786
23213.365,-1.4244113387623,-1.472626254053922,-1.0532506451076316,-1.4244113387623,0.11521869801122286,0.11521869801122286,5.300000000000001,-0.009292293929924691,-1.3834088434053988,1.0,3.2520392703175593,0.48125007956690885,0.4812436122554433,0.002494944185475353,0.0,5.300000000000001,1.8684872527516017,-0.48889689685603593,-1.803392480282583
23213.634,-1.42220405528434,-1.4727247169627793,-1.053374265249417,-1.42220405528434,0.12072871695507764,0.12072871695507764,5.3500000000000005,-0.005294989494739032,-0.8108237269504487,1.0,3.2827188860752723,0.26363894379418656,-0.20624142848823837,-0.16422535084464007,0.0,5.3500000000000005,1.9079737966751864,0.09423163043780386,-1.9056454047445863
23214.051,-1.41863546279722,-1.472877352773165,-1.0535658811678417,-1.41863546279722,0.1296212987805947,0.1296212987805947,5.4,-0.0014276056290864682,-0.22479649277847166,1.0,3.313398501832985,0.855656231038404,-0.7559164121367118,0.40092139326457454,0.0,5.4,1.958816912636668,0.6948880673700889,-1.8314186498608422
23214.468,-1.41483681875467,-1.4730299885835505,-1.0537574748635805,-1.41483681875467,0.13906363249371267,0.13906363249371267,5.45,0.00228533075986566,0.3699462010772583,1.0,3.3440781175906977,1.4761524615065538,-0.6027673095960513,1.3474782595998334,0.0,5.45,2.0212584890656307,1.2616392962636918,-1.5791618554610334
23214.737,-1.41213062681372,-1.4731284514924097,-1.053881057086798,-1.41213062681372,0.14576588797236206,0.14576588797236206,5.5,0.006086630339207938,1.0126631226857206,1.0,3.3747577333484107,2.026878420077047,0.3636079504320634,1.9939973390545485,0.0,5.5,2.0953069251432654,1.7436054912060197,-1.1619599827832026
23215.154,-1.40723853183213,-1.4732810873027953,-1.0540726142243741,-1.40723853183213,0.15782123039395368,0.15782123039395368,5.550000000000001,0.009482829044939913,1.621126371195028,1.0,3.4054373491061236,2.4622441482209587,1.6982281055691675,1.7828818095721632,0.0,5.550000000000001,2.1807625657337844,2.0945558660401375,-0.6070923258802129
23215.571,-1.40163044730654,-1.4734337231131809,-1.0542641491392786,-1.40163044730654,0.1715875658257041,0.1715875658257041,5.6000000000000005,0.01177099240756947,2.0671746026477207,1.0,3.436116964863836,2.7528314912173197,2.674143702411808,0.6534804342052164,0.0,5.6000000000000005,2.2772542542679073,2.276798856493818,0.04554015425671794
23215.84,-1.39773818354241,-1.4735321860220383,-1.0543876934439282,-1.39773818354241,0.1811241652078491,0.1811241652078491,5.65,0.01294107627879932,2.334080017431338,1.0,3.466796580621549,2.884592144886377,2.7359826277258694,-0.9139315636974339,0.0,5.65,2.384280474421405,2.264557423529519,0.7460382404706257
23215.865,-1.39750473825073,-1.4735413368500003,-1.0543991747869512,-1.39750473825073,0.18170389471434484,0.18170389471434484,5.7,0.012875969735704249,2.384539463264277,1.0,3.497476196379262,2.8586469314305774,1.828809642694994,-2.197115738727313,0.0,5.7,2.5012494550460755,2.046549430178938,1.438014000697682
23216.698,-1.38499397791496,-1.473846242437653,-1.0547816874675533,-1.38499397791496,0.21232936264086713,0.21232936264086713,5.75,0.011157483845941505,2.121142280524536,1.0,3.5281558121369745,2.6900941488044414,0.3997598057321201,-2.660225296314752,0.0,5.75,2.6275144063228706,1.6275447117152877,2.062748207319989
23216.968,-1.3802202837504,-1.473945071379629,-1.054905652139766,-1.3802202837504,0.22397318208904138,0.22397318208904138,5.800000000000001,0.007422984428193005,1.4483133377535942,1.0,3.5588354278946874,2.4057987127324596,-0.9003788819937374,-2.230960626063326,0.0,5.800000000000001,2.7624019802101634,1.0287412038336667,2.5636997163872155
23217.385,-1.37267840429948,-1.4740977071900145,-1.0550970903833559,-1.37267840429948,0.24236068779910913,0.24236068779910913,5.8500000000000005,0.0017961595059919361,0.35959405185878296,1.0,3.5895150436524004,2.0414286723938204,-1.5974112843559443,-1.2711051148838517,0.0,5.8500000000000005,2.9052336035393442,0.2868874426811314,2.8910340514020385
23217.409,-1.37299307385717,-1.474106491984858,-1.0551081077354638,-1.37299307385717,0.24162971805865674,0.24162971805865674,5.9,-0.004484751182893715,-0.9210737131915285,1.0,3.6201946594101133,1.638136455651107,-1.6104244517156838,-0.3000402183864859,0.0,5.9,3.0553403324228463,-0.5478281785420606,3.0058258155996063
23218.047,-1.36036762147362,-1.4743400211144158,-1.0554009586906687,-1.36036762147362,0.2723586968140775,0.2723586968140775,5.95,-0.010764563124471915,-2.267500053783996,1.0,3.650874275167826,1.2393497239617637,-1.1977296774606674,0.3184829006619757,0.0,5.95,3.2120723632292028,-1.4150066735540976,2.8836027778489535
23218.096,-1.35977958288786,-1.4743579567372196,-1.0554234482274083,-1.35977958288786,0.27380678728394153,0.27380678728394153,6.0,-0.016625880468628552,-3.591190181223767,1.0,3.6815538909255388,0.8879264799800071,-0.7165074776599544,0.5244334736714048,0.0,6.0,3.374804451423101,-2.2481830394563027,2.516938240491053
23218.734,-1.34745302033879,-1.474591485866779,-1.0557162431679572,-1.34745302033879,0.3038215120088598,0.3038215120088598,6.050000000000001,-0.020425872493108805,-4.523209887470543,1.0,3.7122335066832517,0.6218868947287844,-0.38877670264103953,0.4853823084115973,0.0,6.050000000000001,3.5429383886385244,-2.979607154629979,1.916860357398624
23218.758,-1.34719931422767,-1.4746002706616226,-1.0557272563824682,-1.34719931422767,0.30444878388607854,0.30444878388607854,6.1000000000000005,-0.02149495049738956,-4.8789453588479805,1.0,3.7429131224409646,0.4591325947193153,-0.22684204665554114,0.39918094318593955,0.0,6.1000000000000005,3.7159034902797954,-3.5453249784175473,1.112928365386641
23219.592,-1.3318558207407,-1.4749055422823938,-1.0561099198623651,-1.3318558207407,0.34184448043126536,0.34184448043126536,6.15,-0.020453686436733936,-4.7576987648082225,1.0,3.773592738198677,0.3677864731902582,-0.13058772753054712,0.3438222437250622,0.0,6.15,3.8931558271884885,-3.8901905380389423,0.15192061257106226
23219.641,-1.33072010359946,-1.4749234779051958,-1.0561323997241558,-1.33072010359946,0.3446013528352926,0.3446013528352926,6.2,-0.017633665428377167,-4.202596214214274,1.0,3.80427235395639,0.2796753524000531,-0.04010103172535341,0.27678549455247126,0.0,6.2,4.074176735842281,-3.972432345597833,-0.9048189512419368
23220.352,-1.31819998202289,-1.475183727452401,-1.0564585525780856,-1.31819998202289,0.3751424771341767,0.3751424771341767,6.25,-0.013151534400238795,-3.2108238281832997,1.0,3.834951969714103,0.1522395056144898,-0.003127943528781952,0.1522073685437897,0.0,6.25,4.2584709782815136,-3.767418886724466,-1.9852279478230443
23220.401,-1.31730855340712,-1.4752016630752047,-1.0564810276806824,-1.31730855340712,0.3773155757065317,0.3773155757065317,6.300000000000001,-0.0072721217536378755,-1.8183722281318904,1.0,3.865631585471816,0.1094153864272714,-0.1052861841805168,0.029774925822500735,0.0,6.300000000000001,4.445564797776816,-3.2703157939550516,-3.0113254521955226
23221.063,-1.30556220148901,-1.4754439769996042,-1.0567846408274235,-1.30556220148901,0.4059647698596445,0.4059647698596445,6.3500000000000005,-0.0013230688633880771,-0.33876897094918257,1.0,3.8963112012295285,0.3410991638781102,-0.3350685545417709,0.06385689747892652,0.0,6.3500000000000005,4.635004024865224,-2.4973993617810564,-3.90464578909437
23221.112,-1.30551753783309,-1.4754619126224098,-1.0568071114776458,-1.30551753783309,0.40611436272624135,0.40611436272624135,6.4,0.0038026169116574635,0.9968332076895343,1.0,3.9269908169872414,0.6343237654033335,-0.5164991811856229,0.36823258300976613,0.0,6.4,4.826352324244778,-1.4858824223236349,-4.591930986499319
23221.775,-1.29471446150077,-1.4757045925799295,-1.0571111229690402,-1.29471446150077,0.4325102954073835,0.4325102954073835,6.45,0.007978542954547127,2.1409312995692273,1.0,3.9576704327449543,0.9497280887220161,-0.3929107150056451,0.8646413201676902,0.0,6.45,5.019189629555681,-0.29221299390859046,-5.010676212212307
23221.824,-1.29433258802357,-1.4757225282027315,-1.0571335891606566,-1.29433258802357,0.4334657151914201,0.4334657151914201,6.5,0.011175039554147326,3.0689452375577093,1.0,3.988350048502667,1.2655001393012835,0.17653015287929238,1.2531271713980117,0.0,6.5,5.213110784643341,1.0110838396931041,-5.114120992123295
23222.461,-1.28407453288325,-1.4759556912991725,-1.057425621729017,-1.28407453288325,0.4585364738659927,0.4585364738659927,6.550000000000001,0.013331089197938623,3.7461877057603807,1.0,4.01902966426038,1.564924190779647,1.0476388399168544,1.1625147672115828,0.0,6.550000000000001,5.407724392034265,2.3398426064496296,-4.875307136708964
23222.486,-1.28383795433769,-1.4759648421271345,-1.0574370819182874,-1.28383795433769,0.459123690877763,0.459123690877763,6.6000000000000005,0.014436113187312192,4.150324796899508,1.0,4.049709280018092,1.8373427559963864,1.792070152307533,0.4053553653534782,0.0,6.6000000000000005,5.602651858717713,3.6036969292880072,-4.2898806850346345
23223.148,-1.27346347333158,-1.4762071560515357,-1.057740518669199,-1.27346347333158,0.4844945389140393,0.4844945389140393,6.65,0.014737695390153035,4.334055933700434,1.0,4.080388895775806,2.079038642815699,1.9060520449371907,-0.8302814464455393,0.0,6.65,5.797526623501191,4.712166071676311,-3.377396314196449
23223.173,-1.27337709538196,-1.476216306879496,-1.057751976663532,-1.4256196368072245,0.48472282307276515,0.48472282307276515,6.7,0.01489891802390462,4.481043281623625,1.0,4.111068511533518,2.293026079396156,1.1210033362269936,-2.000330003014217,0.0,6.7,5.991993547502371,5.580976529607684,-2.180983184088826
23223.958,-1.2600254885107,-1.4765036428774634,-1.0581117170554677,-1.2588775402517831,0.5173156676341846,0.5174886905782812,6.75,0.015029706638518997,4.622339308843272,1.0,4.1417481272912315,2.487431063200891,-0.3745631841926693,-2.459068058274143,0.0,6.75,6.185708448591845,6.138178658813583,-0.765344212407732
23223.982,-1.26057164374325,-1.476512427672307,-1.058122714247169,-1.2569374367916715,0.5160315189053575,0.5162098287581285,6.800000000000001,0.014462529210836248,4.5474819848216645,1.0,4.172427743048944,2.6724987336371098,-1.9568426621783086,-1.8201692989309717,0.0,6.800000000000001,6.378337761028993,6.329621186062953,0.7868216028499484
23224.62,-1.2486081633935,-1.4767459568018664,-1.0584150292717567,-1.2200712321057487,0.5451785897513114,0.5454973787669767,6.8500000000000005,0.013285842667958979,4.270323925223042,1.0,4.2031073588066565,2.8568398930612453,-2.848650841686691,-0.21615401163034975,0.0,6.8500000000000005,6.569558302623084,6.123380553127982,2.379770344621082
23224.645,-1.24857471314183,-1.4767551076298266,-1.0584264825631422,-1.2189804197290826,0.5452803931227198,0.5456046842768064,6.9,0.01207259558157438,3.9659563019074184,1.0,4.23378697456437,3.0441128254163723,-2.520623004128297,1.7067754875564884,0.0,6.9,6.759057133172022,5.512805515032507,3.9107324995339137
23225.43,-1.23333965908901,-1.4770424436277958,-1.0587860752818585,-1.1914208276908267,0.5823740924656922,0.5828710536737778,6.95,0.010920611733980077,3.6660752955499802,1.0,4.264466590322082,3.231382428347198,-0.9921074088846217,3.075313851864111,0.0,6.95,6.946531489474545,4.5179262504490385,5.276612751544776
23225.454,-1.23279042147113,-1.4770512284226376,-1.0587970679587144,-1.1907306619492102,0.5837075930114466,0.584209830339212,7.0,0.008817523304855166,3.024410493565322,1.0,4.295146206079795,3.4096534841622512,1.1393434116570222,3.21366355930012,0.0,7.0,7.131688783752639,3.1850855525491593,6.3809258678694745
23226.117,-1.21896449046372,-1.4772939083801573,-1.0591007115519488,-1.1740034397510115,0.6173272110985344,0.6179751316815831,7.050000000000001,0.0057590541993941015,2.0179877089849674,1.0,4.325825821837508,3.566064088162672,2.963758473296477,1.9831663553133425,0.0,7.050000000000001,7.314246653788012,1.5847700894195125,7.140497733080685
23226.141,-1.2189729902835,-1.477302693174999,-1.0591117021216618,-1.1734696273626841,0.6173278921005726,0.6179810837679548,7.1000000000000005,0.001708772083948648,0.6115883253381447,1.0,4.356505437595221,3.686710755996867,3.6840387051048005,-0.1403389385478507,0.0,7.1000000000000005,7.4939330544324765,-0.1922560695085044,7.491466493821674
23226.926,-1.2009498678828,-1.4775900291729682,-1.0594711447594634,-1.1580600375061874,0.6610842103254007,0.6619097134030361,7.15,-0.0034823001266806133,-1.2728708008175422,1.0,4.387185053352934,3.7592234945515575,2.983400638163763,-2.2871558569962986,0.0,7.15,7.670486381381676,-2.040294166148604,7.394157223277155
23226.951,-1.2004780814337,-1.4775991800009303,-1.0594825906832597,-1.1576256742356648,0.6622335012979761,0.6630644889080202,7.2,-0.009315424657454,-3.4769636225453913,1.0,4.417864669110647,3.774636987109297,1.1557223164460328,-3.5933536302070475,0.0,7.2,7.84365561920245,-3.845202268760045,6.836472261698191
23227.614,-1.1850041315152,-1.47784185995845,-1.059786107435528,-1.1471092896123474,0.6997913735971717,0.7007677413545603,7.25,-0.014509612740408406,-5.529296017590947,1.0,4.448544284868359,3.7284567465932352,-1.0507866899947853,-3.5773226082290113,0.0,7.25,8.013200506581407,-5.491623161056965,5.835534030028377
23227.638,-1.18421957175998,-1.4778506447532918,-1.0597970934136995,-1.146761333622628,0.7016872210870938,0.7026688489565723,7.300000000000001,-0.018137010738910598,-7.055605506618786,1.0,4.479223900626073,3.6210030211218047,-2.781409376693975,-2.3184962277761136,0.0,7.300000000000001,8.178891712625504,-6.870478329323754,4.4374313710914794
23228.301,-1.16768398107698,-1.4780933247108115,-1.0601005519563813,-1.1379046903538792,0.7417820856406884,0.7429089545558675,7.3500000000000005,-0.020362010737439793,-8.085049429215559,1.0,4.509903516383785,3.4571866173903625,-3.43668540362052,-0.3759424743290917,0.0,7.3500000000000005,8.340511018805392,-7.88623140902819,2.7150466327618417
23228.325,-1.16758416354201,-1.478102109505655,-1.0601115358274313,-1.137609151252597,0.7420416115356614,0.7431737355275698,7.4,-0.021704795473960547,-8.79530404114019,1.0,4.540583132141498,3.2458993633806412,-2.885770439232656,1.4859985360846821,0.0,7.4,8.49785150180082,-8.463431747394383,0.7640701563700407
23229.111,-1.14752588007024,-1.4783898115367409,-1.0604712169225152,-1.1287481822965904,0.7906622084031543,0.7919663389417966,7.45,-0.02118043944933885,-8.757976687000125,1.0,4.571262747899211,2.999225373947999,-1.460428537069084,2.6196376336905396,0.0,7.45,8.650717713095329,-8.552089527192004,-1.3025673382033314
23229.135,-1.14699885492739,-1.4783985963315827,-1.0604821983091668,-1.1285004639749527,0.7919426280207958,0.7932520076993129,7.5,-0.0197533136622169,-8.333429201247755,1.0,4.601942363656923,2.7317056450388697,0.2320760195041728,2.721829614856214,0.0,7.5,8.79892585168549,-8.131505681265175,-3.3615043505864173
23229.749,-1.13085010916927,-1.4786233406663003,-1.0607631137532678,-1.1225615539107139,0.8310701925718472,0.8325138029285352,7.550000000000001,-0.017392839604036106,-7.485336813444467,1.0,4.632621979414636,2.459897844875702,1.5691698967172267,1.8944136935898062,0.0,7.550000000000001,8.942303926727172,-7.212277940473916,-5.286572275805329
23229.798,-1.13057575804778,-1.4786412762891024,-1.060785530010861,-1.1221185661296036,0.8317686672641613,0.8332229848804118,7.6000000000000005,-0.013489042910206863,-5.921366100550969,1.0,4.663301595172349,2.2023924914001847,2.1329316165891496,0.5487580570071914,0.0,7.6000000000000005,9.080691907346125,-5.836322285390499,-6.956745481703039
23230.559,-1.11251302130168,-1.4789198274922297,-1.0611336288275908,-1.115755450012886,0.8755986585558004,0.8772191723442246,7.65,-0.008908751380016827,-3.9884223801733163,1.0,4.693981210930062,1.9800867152772736,1.8211875539410878,-0.7771867815317113,0.0,7.65,9.213941857199949,-4.074878903391784,-8.263902617441339
23230.583,-1.11245030424208,-1.4789286122870715,-1.0611446057730234,-1.1155694732929415,0.8757695258180234,0.8773952781332013,7.7,-0.00444710761160461,-2.030251379248688,1.0,4.724660826687775,1.815584807539218,0.8392791224166859,-1.6099561323348834,0.0,7.7,9.34191805169942,-2.024604729844585,-9.119890820210427
23231.369,-1.09684929014084,-1.4792163143181591,-1.061504060053629,-1.109915495097438,0.9137386309126622,0.9155358477631107,7.75,0.000289159636615929,0.13459929272539284,1.0,4.755340442445488,1.7294198426805112,-0.39788300323609244,-1.6830276610896542,0.0,7.75,9.464497076084625,0.19801822153029638,-9.46242535966104
23231.614,-1.09215983996254,-1.4793059924321748,-1.0616160875501421,-1.108312822988418,0.9251592657128829,0.9270098903173125,7.800000000000001,0.004580476673287317,2.1736743662618436,1.0,4.7860200582032,1.732148487892609,-1.4111515053706716,-1.0044848495615746,0.0,7.800000000000001,9.581567902810107,2.4636168694191656,-9.259429539495086
23232.032,-1.0859462014371,-1.4794589942756788,-1.061807202468259,-1.1057355779405704,0.9403735621516223,0.9423152646063659,7.8500000000000005,0.008788862604142845,4.251494733716772,1.0,4.816699673960914,1.8176723203662164,-1.810992680749138,0.1556861409970559,0.0,7.8500000000000005,9.693031946927158,4.637770975066715,-8.511518589944995
23232.4,-1.08036631763655,-1.4795936944632624,-1.0619754382675524,-1.1036189844035802,0.9540296460170838,0.956051487675005,7.9,0.013530797225775949,6.671210733399349,1.0,4.847379289718626,1.965371944415314,-1.4249530477910652,1.3535862334870972,0.0,7.9,9.798803098363873,6.5892721568808,-7.252450248230656
23232.424,-1.08078021842525,-1.4796024792581042,-1.0619864095663445,-1.103485628095996,0.9530615444021887,0.9550886110933018,7.95,0.01716367368722042,8.624057335421561,1.0,4.878058905476339,2.148775789820803,-0.3638456140683105,2.1177473324368203,0.0,7.95,9.898807730197346,8.198273285061155,-5.547495797462787
23233.185,-1.07207815805316,-1.4798810304612315,-1.0623342529932458,-1.0995324085186555,0.9745224215349723,0.9767150741010525,8.0,0.020113223513498868,10.29797043891142,1.0,4.908738521234052,2.3425691724989766,1.0028003643915397,2.1170785902083877,0.0,8.0,9.99298468219009,9.363808028590867,-3.48981977502893
23233.235,-1.0725342661601,-1.479899332117152,-1.0623571047665905,-1.0992903619371486,0.9734761998634773,0.9756797257301109,8.05,0.0218892565343443,11.418752299863117,1.0,4.9394181369917645,2.5253136678234025,2.168758044571753,1.2937146768128558,0.0,8.05,10.081285219026118,10.010198923848076,-1.1950854247062266
23233.897,-1.06745181704307,-1.4801416460415533,-1.0626596321272075,-1.096272890402645,0.986200732534358,0.9885481489272945,8.1,0.02198138795582418,11.681810796631156,1.0,4.970097752749477,2.6798250904072405,2.678038859316408,-0.09782833519715337,0.0,8.1,10.163672962832953,10.091942412110038,1.205382282131363
23233.922,-1.06721602798496,-1.4801507968695136,-1.0626710557790204,-1.0961654559566836,0.9867860629159076,0.9891389106185323,8.15,0.021227628950124366,11.491436299108033,1.0,5.00077736850719,2.793006250658502,2.306733614284041,-1.5747583779582028,0.0,8.15,10.240123799715908,9.596756134015168,3.572451138609235
23234.61,-1.0638793828499,-1.4804026276549953,-1.062985403331325,-1.093380239638982,0.9953614077217358,0.9978636501619652,8.200000000000001,0.018997580125249113,10.474657758498356,1.0,5.031456984264903,2.8557432111826975,1.1596669101841057,-2.6096823457348433,0.0,8.200000000000001,10.310625760160697,8.546590891456274,5.767563411022544
23234.683,-1.0636910659442,-1.480429348072641,-1.063018753518925,-1.0931032483221674,0.995875280249974,0.9983933656839221,8.25,0.014406464705070373,8.089455032908031,1.0,5.062136600022616,2.8628724249512727,-0.3671959236929614,-2.8392262458581308,0.0,8.25,10.375178873281977,6.996539301424063,7.661120966035268
23235.395,-1.06181911541073,-1.4806899636529645,-1.0633439963465463,-1.0905729889688711,1.000971452037646,1.0036439755714353,8.3,0.009486231684722849,5.424103956312625,1.0,5.092816215780329,2.8130807167969354,-1.7465814494143357,-2.2051930436532032,0.0,8.3,10.433794995008514,5.031706711809332,9.14035040707946
23235.444,-1.06133533705454,-1.4807078992757665,-1.0633663772483004,-1.0904097659208658,1.0021703928858017,1.0048535391903783,8.35,0.004034469831997949,2.348799245893333,1.0,5.123495831538041,2.7086246827774887,-2.530810520050848,-0.9652179980457306,0.0,8.35,10.486497610401969,2.762238680325927,10.116158836528689
23236.107,-1.06110114001482,-1.4809505792332862,-1.0636691743877122,-1.0883289855720546,1.0033099810485335,1.006136787863954,8.4,-0.0014235577558574831,-0.8437483761277538,1.0,5.154175447295755,2.5548210874176753,-2.5187954853772125,0.4275278839530884,0.0,8.4,10.533321610405812,0.3168148926899087,10.52855604876623
23236.157,-1.06128975045548,-1.4809688808892085,-1.063692007489749,-1.0881813229484516,1.00290299585902,1.0057406313567896,8.450000000000001,-0.006476374848541989,-3.9075280507895154,1.0,5.184855063053467,2.3593244507389883,-1.8090594866236245,1.5145017787087267,0.0,8.450000000000001,10.574313043414795,-2.1649855693151405,10.350310808125013
23236.795,-1.06146587231479,-1.4812024100187662,-1.0639833298237562,-1.086403297518732,1.0030401814351906,1.0060159238939492,8.5,-0.010231189070967976,-6.283228988208208,1.0,5.21553467881118,2.131261319160824,-0.7269999006501529,2.003433541449729,0.0,8.5,10.60952884214341,-4.540974151862879,9.588621173265013
23236.82,-1.06170294526998,-1.4812115608467282,-1.0639947442166005,-1.086337488313988,1.0024955182207411,1.0054766698633135,8.55,-0.012564610954547148,-7.853213238205895,1.0,5.246214294568893,1.8803285653766175,0.32723007316698743,1.8516360314560787,0.0,8.55,10.63903652635531,-6.674786560890546,8.284704133261334
23237.606,-1.06396974635717,-1.4814992628778159,-1.0643535719950918,-1.0844064269191622,0.9977660851168945,1.0009172041620369,8.6,-0.013807293855467232,-8.782212100533064,1.0,5.2768939103266055,1.615981163093768,1.0358658736245656,1.240313271449557,0.0,8.6,10.662913882094143,-8.443943687626106,6.51133991257984
23237.63,-1.06349960172181,-1.4815080476726576,-1.0643645273262763,-1.084351498368902,0.998910577958028,1.002066883879095,8.65,-0.01399985411046993,-9.060910328162505,1.0,5.307573526084319,1.3468280542925266,1.26251286137445,0.4690491260982068,0.0,8.65,10.681248618130898,-9.747050494661416,4.368532785369005
23238.269,-1.06729887958705,-1.4817419428353356,-1.0646561859479888,-1.08297086991475,0.9903904187828789,0.9936847605837744,8.700000000000001,-0.013506294617482012,-8.893935524495761,1.0,5.338253141842031,1.0803202571809536,1.0661944901854183,-0.174129742358328,0.0,8.700000000000001,10.694138000413368,-10.509701418242955,1.9775650864806606
23238.318,-1.06675296365555,-1.4817598784581376,-1.0646785488524486,-1.0828712906696905,0.9917378491696244,0.9950427707337614,8.75,-0.013169585898873515,-8.822593678346905,1.0,5.368932757599744,0.8227621643571641,0.6417611360198179,-0.5148594209997889,0.0,8.75,10.701688465370497,-10.68874490530191,-0.5261828192048844
23239.104,-1.07172620067241,-1.4820475804892252,-1.0650372261579335,-1.0813880534512534,0.9805408733524639,0.9840154027384893,8.8,-0.013129736367426089,-8.947547701782595,1.0,5.399612373357457,0.5796534048277766,0.2209375780764007,-0.5358961245634909,0.0,8.8,10.704015212988262,-10.27466428594678,-3.0012023408917075
23239.129,-1.0721657268626,-1.4820567313171855,-1.0650486331736246,-1.0813442602567536,0.9795124096790905,0.9829923306199949,8.85,-0.013034759675486342,-9.035097437447018,1.0,5.43029198911517,0.35663932202954995,-0.02620824733392836,-0.3556750395928574,0.0,8.85,10.701241780634826,-9.291950319863497,-5.308129133771432
23239.767,-1.07701526492445,-1.482290260446745,-1.0653397131851392,-1.0802925977761084,0.9684815795724757,0.9720990284038107,8.9,-0.012872434571990993,-9.074667327781919,1.0,5.460971604872882,0.16488347030965692,-0.05495591594218503,-0.15545547942839136,0.0,8.9,10.693499598671053,-7.797464757294432,-7.317819144084477
23239.816,-1.07761378504777,-1.4823081960695488,-1.065362066708964,-1.080216904524977,0.9670941626325024,0.9707221688104645,8.950000000000001,-0.010384056746292267,-7.444510704402895,1.0,5.491651220630596,0.09670251729323073,0.04847292854346491,-0.08367647249536594,0.0,8.950000000000001,10.680927528938804,-5.876916221794509,-8.918748152092386
23240.48,-1.08250284353021,-1.482551242060187,-1.065664949514769,-1.079258284547035,0.9559916333215716,0.9597626300272258,9.0,-0.008341912859344125,-6.0812544744618675,1.0,5.522330836388308,0.21657135339448536,0.12462886168538094,-0.17711803393817707,0.0,9.0,10.663671387273586,-3.639682061448227,-10.023302946001849
23240.504,-1.08240958817322,-1.4825600268550287,-1.0656758960309531,-1.0792258985398053,0.9562354776458394,0.9600116401624833,9.05,-0.00482266179462903,-3.574641921593168,1.0,5.553010452146021,0.3414823454081119,0.040698871014878575,-0.3390483654636007,0.0,9.05,10.641883451240725,-1.212305728440747,-10.572606027398399
23241.315,-1.08828066907933,-1.4828568797140766,-1.0660457537858505,-1.078218254500911,0.9429148009607196,0.9468654214357293,9.1,-0.0012550528182557214,-0.9457714073057821,1.0,5.583690067903734,0.45024433732633073,-0.21567824139852745,-0.39522507445968713,0.0,9.1,10.615721954345496,1.2689268562688159,-10.539609919034607
23241.34,-1.08862382086374,-1.4828660305420387,-1.0660571537375105,-1.0781897682851735,0.9421166422352781,0.946072637384462,9.15,0.0024418823176785985,1.8706305049278955,1.0,5.6143696836614465,0.5477560914149241,-0.5063826013456173,-0.2088382070805061,0.0,9.15,10.58535056801748,3.6658806718074977,-9.930305410605266
23241.978,-1.09251605008646,-1.4830995596715963,-1.0663480534747691,-1.0775116075221165,0.9333734834306219,0.937466575674471,9.200000000000001,0.006006434319068023,4.677138327046442,1.0,5.64504929941916,0.6439805588499861,-0.6097875610704786,0.2070509370673258,0.0,9.200000000000001,10.55093787271888,5.846463973374881,-8.783003415802773
23242.028,-1.09293142180276,-1.4831178613275187,-1.0663708490616912,-1.0774623061282276,0.9324246091020195,0.9365284403794955,9.25,0.009515698526594554,7.5312293354311555,1.0,5.675728915176872,0.7494193575636025,-0.3622762197170713,0.6560375859038496,0.0,9.25,10.512656819574643,7.692058349042259,-7.165765259975973
23242.691,-1.09653327725837,-1.4833605412850384,-1.0666730883380424,-1.0768583684554884,0.9243972212088704,0.9286433798891448,9.3,0.012325911307103293,9.914433041247685,1.0,5.706408530934585,0.8708135536852784,0.2053636980764513,0.8462517337024175,0.0,9.3,10.470684183970459,9.104062029821266,-5.1721641348294245
23243.109,-1.0982396374456,-1.4835135431285424,-1.0668636115273813,-1.0765229150622353,0.9206851764022694,0.9250209988969651,9.35,0.014801318880218234,12.098603603184964,1.0,5.737088146692298,1.008286883649608,0.8330671926997553,0.568015397843392,0.0,9.35,10.425200012611919,10.009183410556092,-2.9156547732563016
23243.502,-1.09981237291542,-1.4836573941440863,-1.0670427194230143,-1.0762374879863679,0.9172705855970301,0.9216906605696019,9.4,0.016332883870680243,13.56583201684508,1.0,5.767767762450011,1.1553512668731032,1.146714548634235,-0.14100458792488768,0.0,9.4,10.376387065585323,10.363203180696214,-0.5229037869955523
23243.526,-1.09944191793467,-1.4836661789389298,-1.0670536566702822,-1.0762209644872303,0.9181768510734635,0.922602069707333,9.450000000000001,0.015369459517833818,12.970419448688304,1.0,5.798447378207723,1.301053945030647,0.8779964781390296,-0.9601372569873906,0.0,9.450000000000001,10.3244302550072,10.153019444395063,1.8735144120726153
23244.141,-1.10158389120303,-1.4838912893067642,-1.0673338985198342,-1.0758316150609954,0.913596143084478,0.9181531080311082,9.5,0.013677336272765952,11.726606186862709,1.0,5.829126993965437,1.4327016046162104,0.06090039778345761,-1.4314066610923957,0.0,9.5,10.269516081895546,9.396894510028405,4.142624062560985
23244.165,-1.10174112800766,-1.483900074101606,-1.0673448338071836,-1.07581771265827,0.9132413888101729,0.9178034927345584,9.55,0.010435042759674626,9.088753978612102,1.0,5.859806609723149,1.538278736955187,-0.9323078767050857,-1.2235618070216556,0.0,9.55,10.211832072940927,8.14292814558464,6.162323871867694
23244.927,-1.10305565897204,-1.48417899133785,-1.0676919909091964,-1.0754237934082582,0.9107665931027317,0.9154917681153553,9.600000000000001,0.00592162892450206,5.239078288148257,1.0,5.890486225480862,1.6083930668762414,-1.567750610007966,-0.3592857948697843,0.0,9.600000000000001,10.151566218899466,6.465883653399894,7.826023592949159
23244.952,-1.10322980743477,-1.484188142165812,-1.067703379320676,-1.0754123755395963,0.9103722999148682,0.9151028220244792,9.65,0.0016643168135983776,1.4956085548771392,1.0,5.921165841238575,1.6378167101821912,-1.4561150091447328,0.7497817391050884,0.0,9.65,10.088906416371877,4.462584258419324,9.048280190998602
23245.615,-1.10342324550551,-1.4844308221233318,-1.0680053708461728,-1.0751423612202076,0.9104899727563128,0.9153622302262113,9.700000000000001,-0.0020787380264866355,-1.8972080708476378,1.0,5.9518454569962875,1.6266712048166563,-0.6065571357885724,1.5093533879127299,0.0,9.700000000000001,10.024039914772219,2.2461730274589753,9.769139314374753
23246.033,-1.10386569661904,-1.4845838239668359,-1.0681957378366391,-1.0750030904656747,0.9097982787477059,0.9147598267684083,9.75,-0.0047231153221347095,-4.3776637155267,1.0,5.982525072754001,1.5812080532901918,0.5418372107506682,1.4854734413094346,0.0,9.75,9.957152770326594,-0.06041403468983662,9.956969490564639
23246.427,-1.10361652923409,-1.4847280410154982,-1.0683751542218687,-1.074892374299289,0.910738345571106,0.9157840085602105,9.8,-0.005798847614558303,-5.45782898404136,1.0,6.013204688511713,1.5139533754277048,1.3536125436160906,0.6780766215805688,0.0,9.8,9.88842930897401,-2.3313775028617734,9.609667691326594
23246.82,-1.10307100543269,-1.484871892031042,-1.068554095472173,-1.0748007953596221,0.9123857376357728,0.9175152548755529,9.850000000000001,-0.006159868914652658,-5.886811935453094,1.0,6.043884304269426,1.4426133740986096,1.368976161316835,-0.4550138644859054,0.0,9.850000000000001,9.81805160006827,-4.444990923486839,8.754210010716143
23247.213,-1.10285138263389,-1.485015743046584,-1.0687330169841758,-1.0747270993560172,0.9132543273532154,0.9184676516757126,9.9,-0.005153822671304189,-5.000748984143784,1.0,6.074563920027139,1.3866804662774108,0.5878313977030926,-1.2559207631971716,0.0,9.9,9.74619894279985,-6.290159612035868,7.444614556022744
23247.238,-1.10285095895292,-1.485024893874546,-1.068744398092015,-1.0747229949989436,0.9132772074608866,0.91849586142704,9.950000000000001,-0.004249668083404004,-4.186241256050691,1.0,6.105243535784852,1.3611409857353418,-0.5183854821305167,-1.258563178773672,0.0,9.950000000000001,9.673047367268254,-7.772249906961747,5.758470001063512
23247.877,-1.10143907806983,-1.485258789037224,-1.0690352720960092,-1.0746407065420136,0.9172101019202988,0.9225649167896767,10.0,-0.0038453085211159837,-3.845308521115984,1.0,6.135923151542564,1.3695880044827944,-1.2853543084475867,-0.47290126218735035,0.0,10.0,9.598769152137436,-8.817887992803492,3.7922579794097926
23247.901,-1.10183017639891,-1.4852675738320658,-1.0690461959244857,-1.0746384386007752,0.9162964911137554,0.92165641757795,10.05,-0.004131115127340561,-4.193392204274612,1.0,6.166602767300278,1.4020782804518088,-1.2574938458139604,0.6201070329021569,0.0,10.05,9.523532360797331,-9.378493365286241,1.6557568735886126
23248.664,-1.09953672597697,-1.4855468571014283,-1.0693934442674333,-1.074595466054032,0.9224445269331403,0.9279668678237476,10.100000000000001,-0.005174489544943163,-5.331281752644488,1.0,6.19728238305799,1.4399498836295472,-0.46199282560696336,1.3638248774870037,0.0,10.100000000000001,9.447500397931792,-9.432388555485938,-0.5341440884810696
23248.713,-1.09933055536977,-1.4855647927242321,-1.069415742077318,-1.074594564999312,0.9229800713363825,0.9285128364357145,10.15,-0.006572482700208851,-6.872703029670005,1.0,6.227961998815704,1.463322265321943,0.6171262599318688,1.3268259989499176,0.0,10.15,9.370831588355673,-8.985409160465272,-2.659869710409
23249.401,-1.0970262730141,-1.4858166235097139,-1.0697287891300036,-1.0746040338414848,0.9290883891942812,0.9347674412676283,10.200000000000001,-0.007612854770004126,-8.078822384766541,1.0,6.258641614573416,1.456502554810512,1.345913026021066,0.5567026302761338,0.0,10.200000000000001,9.293678779929522,-8.070021754412181,-4.6094700506486035
23249.45,-1.09702598907837,-1.485834559132516,-1.0697510823247143,-1.0746062276574548,0.9291319282900093,0.9348213935433495,10.25,-0.007531042184400643,-8.110108724860574,1.0,6.2893212303311286,1.4103480276442193,1.3298465736179372,-0.46966972407913643,0.0,10.25,9.216188972287954,-6.743037272950181,-6.282482591183733
23250.163,-1.09406499334833,-1.486095540745958,-1.0700754363392448,-1.0746595167328348,0.9368314551333589,0.9426723598199805,10.3,-0.006544533231433833,-7.151388164385,1.0,6.320000846088842,1.3226804399150527,0.6380893750768118,-1.1585877159490174,0.0,10.3,9.138502973025702,-5.082079802478149,-7.5950445337235015
23250.213,-1.09369800810147,-1.4861138424018785,-1.0700981796248143,-1.0746646976688685,0.9377521713687944,0.9436036901061104,10.350000000000001,-0.005131575268375399,-5.68946922695573,1.0,6.350680461846554,1.197754459985217,-0.27183595371677743,-1.1664994473557924,0.0,10.350000000000001,9.060755082872875,-3.1810318320682125,-8.484003722015649
23250.876,-1.09060382167905,-1.4863565223593982,-1.0703997253851867,-1.0747501094781573,0.9457262473867376,0.951718436253252,10.4,-0.0035709757252426603,-4.01686203819936,1.0,6.381360077604267,1.045266869451959,-0.8654104235605335,-0.5862146596313303,0.0,10.4,8.98307281125658,-1.1447241941117994,-8.909837464945827
23250.926,-1.0900318753892,-1.4863748240153205,-1.0704224641147562,-1.0747577653737255,0.9471367569646211,0.9531395489944962,10.450000000000001,-0.0019259574751702882,-2.197837428854862,1.0,6.41203969336198,0.8790810119815818,-0.8653273191612042,0.1548936936735819,0.0,10.450000000000001,8.905576623490406,0.916829724230612,-8.85825706635487
23251.59,-1.08621807092248,-1.4866178700059587,-1.0707244041491748,-1.0748745285356256,0.9568313716890456,0.9629749013350702,10.5,-0.00012606923011549892,-0.14594089251245443,1.0,6.442719309119693,0.715629718643702,-0.3922895556850599,0.5985271912841407,0.0,10.5,8.828379720655512,2.89434130130827,-8.340448244766144
23251.639,-1.08652042698892,-1.4866358056287625,-1.0707466836361448,-1.074884215612141,0.956151695016271,0.9623056050853305,10.55,0.0018031168852908571,2.117294450669654,1.0,6.473398924877405,0.5715526632550784,0.16344929450547194,0.5476830972374778,0.0,10.55,8.751587853038775,4.684983473401766,-7.3919699541737955
23252.303,-1.08183207275606,-1.4868788516194007,-1.0710485631668547,-1.0750290081298792,0.9679362125185229,0.9742307156199381,10.600000000000001,0.003824566497122431,4.555119891136771,1.0,6.504078540635119,0.459385828183973,0.43200153458912366,0.1562370418592114,0.0,10.600000000000001,8.675299167775167,6.197662989968913,-6.070402714249698
23252.327,-1.08191428308773,-1.4868876364142425,-1.0710594734200996,-1.0750346955001042,0.9677607482518545,0.9740603305078032,10.65,0.005916525172971437,7.146864363993909,1.0,6.534758156392831,0.38087075836909573,0.3067845510977436,-0.22571170503189691,0.0,10.65,8.59960409110596,7.357566490952828,-4.451899129020607
23253.114,-1.07689013982552,-1.4871757044784486,-1.071417198023532,-1.0752374180949458,0.9804552862156388,0.9869213249535083,10.700000000000001,0.007965368067288377,9.757918393255158,1.0,6.565437772150545,0.32382023847432545,-0.020852738896919895,-0.3231481241258657,0.0,10.700000000000001,8.524585245413407,8.109763235349185,-2.626841044467419
23253.139,-1.07671639841698,-1.4871848553064089,-1.0714285602779512,-1.0752443508870333,0.9808923419532348,0.987363665281363,10.75,0.009626701530750932,11.9592212282096,1.0,6.596117387908257,0.2717603967660504,-0.24130369101869312,-0.12500496770607247,0.0,10.75,8.450317400930109,8.421701191897897,-0.6948476169979474
23253.778,-1.07223790792315,-1.4874187504690868,-1.0717189523888422,-1.0754310552250312,0.9921534825481234,0.998759815214446,10.8,0.010152486548986654,12.789209135597078,1.0,6.62679700366597,0.22324013669301995,-0.17589449563062706,0.13746739627113605,0.0,10.8,8.376867461750631,8.284493493191139,1.240595031833577
23253.803,-1.07163414748444,-1.487427901297047,-1.0717303125218152,-1.0754387171301236,0.9936181504359554,1.0002297626229848,10.850000000000001,0.0093010596534361,11.880142346310205,1.0,6.657476619423683,0.21346328258011338,0.09027605268634781,0.19343424547181165,0.0,10.850000000000001,8.304294485498907,7.712955797426873,3.0775996765054976
23254.565,-1.06604648867849,-1.4877068185332911,-1.0720765310549467,-1.0756841209707755,1.0076374481839054,1.0144098885902424,10.9,0.00737148799361586,9.546290724884356,1.0,6.6881562351813955,0.28801891949924274,0.2848736935098153,-0.042448518650090646,0.0,10.9,8.232649735731991,6.744418740528531,4.721158493808014
23254.59,-1.06605958345311,-1.4877159693612532,-1.0720878886735008,-1.0756925428891548,1.0076280233742547,1.0144057372926507,10.950000000000001,0.004937932779034127,6.483171811167629,1.0,6.718835850939108,0.4279651059874726,0.17133584598459328,-0.3921710848897613,0.0,10.950000000000001,8.161976765894243,5.436400376834459,6.087973034578225
23255.23,-1.06079064154047,-1.4879502305570496,-1.0723786165128288,-1.0759154702079838,1.0207789724780796,1.027691623317078,11.0,0.00239343293795078,3.1856592404124884,1.0,6.749515466696821,0.5969083882194552,-0.2506454321058278,-0.5417347056366527,0.0,11.0,8.092311533380915,3.86327854015209,7.1105966609343065
23255.254,-1.06106539384993,-1.4879590153518913,-1.0723895177885154,-1.075924092228067,1.0201433925841352,1.0270611011242645,11.05,-0.00010395829776188978,-0.14026392697980622,1.0,6.780195082454534,0.7711434047683574,-0.718222325539382,-0.2807469355389949,0.0,11.05,8.023682542032008,2.1121500103201916,7.740691433535743
23256.041,-1.05531448902261,-1.4882470834160975,-1.0727469480028802,-1.0762163410899714,1.034574665348553,1.0416581268781424,11.100000000000001,-0.0021500598837361383,-2.94048854885394,1.0,6.810874698212247,0.9336462696031446,-0.8767936614103704,0.32082430091011577,0.0,11.100000000000001,7.956111011160984,0.27810028500617323,7.951249125351095
23256.435,-1.05251349873527,-1.4883913004647598,-1.0729258604609342,-1.0763690186037782,1.0416127976894443,1.0487791699683326,11.15,-0.003516658219564126,-4.874777117744636,1.0,6.84155431396996,1.071149389722249,-0.5314429388118633,0.9300158159350608,0.0,11.15,7.889611069033278,-1.5408668286003562,7.737680029384228
23256.853,-1.04938396928275,-1.488544302308262,-1.073115649451445,-1.0765351069743738,1.0494570297039822,1.0567113113051314,11.200000000000001,-0.004369381140617666,-6.138665907125698,1.0,6.872233929727672,1.1738702694761185,0.19828967978462836,1.1570015611272289,0.0,11.200000000000001,7.824189968550857,-3.24897759832126,7.11773090454946
23257.099,-1.04763809124805,-1.4886343464553962,-1.0732273330131221,-1.0766346678538363,1.053844314471806,1.0611503072390633,11.25,-0.004705092768338525,-6.699243414294501,1.0,6.902913545485386,1.2358537676860535,0.9313157444059019,0.8123949281756349,0.0,11.25,7.759848322774616,-4.757652333781603,6.130252055448494
23257.493,-1.04559082883376,-1.4887785635040585,-1.0734061921982985,-1.0767966851389394,1.0590812708972706,1.0664700471092672,11.3,-0.004517041694908265,-6.517625910458052,1.0,6.933593161243098,1.2552615436060395,1.2545590756575196,0.041988909744920075,0.0,11.3,7.696580357829261,-5.990034971348116,4.8328904649857085
23257.887,-1.04307681886846,-1.4889227805527208,-1.0735850315446385,-1.0769615674039246,1.0654336092497187,1.072905121498148,11.350000000000001,-0.003977377916672167,-5.8154649517101795,1.0,6.964272777000811,1.2343955538742812,0.9789163111956712,-0.7519675784896935,0.0,11.350000000000001,7.634374180686906,-6.884862647946895,3.298838500085222
23257.911,-1.0425432424014,-1.4889315653475625,-1.0735959246708902,-1.0769716965098246,1.066729684500916,1.0742062349760628,11.4,-0.003354262354734748,-4.969487266083138,1.0,6.994952392758524,1.1793834019112626,0.25543080837481746,-1.151390598726935,0.0,11.4,7.573212059317066,-7.399484656094247,1.612813603492741
23258.551,-1.03937137642414,-1.489165826543359,-1.073886380883117,-1.0772450508741418,1.0748692723393793,1.0824801106362634,11.450000000000001,-0.0028025361969339566,-4.206953295135216,1.0,7.0256320085162365,1.0994903073309783,-0.5197067247494744,-0.9689085902008213,0.0,11.450000000000001,7.513070712721684,-7.511884206973803,-0.13351852071484713
23258.6,-1.03963193829412,-1.4891837621661628,-1.0739086167795833,-1.0772662176090322,1.0742894708374187,1.0819105853904367,11.5,-0.002289944891971484,-3.482719937577131,1.0,7.056311624273949,1.00600164555672,-0.9446207725768064,-0.3460215410624403,0.0,11.5,7.453921608442923,-7.221607408603901,-1.84643813349096
23259.363,-1.03641425209533,-1.4894630454355253,-1.0742548218639172,-1.077599466743191,1.0826461435945633,1.090427179531237,11.55,-0.0024589342030162656,-3.788723053706484,1.0,7.086991240031662,0.9105713205779475,-0.8406700724410818,0.34987706292492743,0.0,11.55,7.395731265236723,-6.549559408118624,-3.435129183469641
23259.412,-1.03601760266272,-1.4894809810583292,-1.0742770526755407,-1.0776210762451839,1.0836368733305957,1.0914281733723552,11.600000000000001,-0.003106592256437627,-4.849067426704468,1.0,7.117670855789375,0.822975034528154,-0.33219587788901833,0.7529500688426561,0.0,11.600000000000001,7.338461558743166,-5.536685140407844,-4.816444301052194
23260.077,-1.03476582406876,-1.4897243930820858,-1.0745787262077116,-1.0779163086353405,1.0872099153075425,1.0951404414158248,11.65,-0.0024380702496886943,-3.8549965272483053,1.0,7.148350471547088,0.7486134960589977,0.25805441083745434,0.7027304515452631,0.0,11.65,7.2820700281516455,-4.241608835309112,-5.9192312324432965
23260.47,-1.03403590493977,-1.4898682440976296,-1.07475698189171,-1.0780921704119897,1.0892979550314608,1.0973106971139175,11.700000000000001,-0.0014943898887073875,-2.3934342728223057,1.0,7.179030087304801,0.6869301269482764,0.6158035005986126,0.3043994874497487,0.0,11.700000000000001,7.226510182050081,-2.7373596167279515,-6.6879975882158105
23260.495,-1.03443412551243,-1.48987739492559,-1.0747683206440755,-1.078103384436072,1.0883681989767477,1.0963861694873127,11.75,-0.0011323951956179123,-1.8370104124162268,1.0,7.209709703062513,0.6321710009875966,0.6079879160675151,-0.17317871810802854,0.0,11.75,7.171731801857827,-1.1073575434654281,-7.085724825923536
23261.135,-1.0348276652127,-1.4901116561213845,-1.0750585655089964,-1.078391253141405,1.087987572737008,1.0961393260191858,11.8,-0.0003345023520933277,-0.5495980685646046,1.0,7.240389318820227,0.5764852455385773,0.32223890584865816,-0.47801393900296807,0.0,11.8,7.117681241465965,0.5591271096420711,-7.095686233929723
23261.16,-1.03448295186503,-1.4901208069493466,-1.0750699021367112,-1.0784025212473358,1.088833198397502,1.0969901750306048,11.850000000000001,0.0007866243229424137,1.3089480847623163,1.0,7.271068934577939,0.513616372936705,-0.030402277610448513,-0.5127157887804448,0.0,11.850000000000001,7.064301721940805,2.1718006981413653,-6.722175283802744
23261.947,-1.03702058653886,-1.4904088750135527,-1.075426738342884,-1.078757536355858,1.0834574317020158,1.0917787418416511,11.9,0.001824010327629695,3.073747419698129,1.0,7.301748550335652,0.44172720282449035,-0.2669711560170193,-0.35192232604665025,0.0,11.9,7.011533620380904,3.644202910445998,-5.990107583109729
23262.341,-1.0390842976528,-1.490553092062215,-1.075605353419455,-1.0789351356772112,1.078870436045093,1.0872739462907213,11.950000000000001,0.00271638315601205,4.63548035235511,1.0,7.332428166093365,0.365698376938328,-0.3336124413978053,-0.14979333042536747,0.0,11.950000000000001,6.959314752249487,4.898334620690883,-4.943518965738721
23262.759,-1.04148692920409,-1.4907060939057173,-1.075794826913878,-1.0791231289703556,1.0734945185645597,1.081985184201231,12.0,0.003925044326217588,6.782476595703991,1.0,7.3631077818510775,0.3005474609492612,-0.300044690361692,-0.017376998267941604,0.0,12.0,6.907580646727478,5.8688093231333065,-3.6430409714615606
23263.006,-1.04278909195967,-1.4907965040859716,-1.0759067780284752,-1.0792339096059085,1.0705988056260152,1.0791409470942552,12.05,0.00464031635144921,8.119115697006714,1.0,7.39378739760879,0.27353541177808555,-0.2702230306111267,0.04243978350492517,0.0,12.05,6.856264814843073,6.506304959113189,-2.1624899977281395
23263.424,-1.04602461259726,-1.4909495059294757,-1.0760962159988665,-1.0794206962763937,1.0632325414751493,1.0718617534437884,12.100000000000001,0.003758652813655564,6.658682737212467,1.0,7.424467013366503,0.3046612291429109,-0.2855680018635195,0.10615734008793826,0.0,12.100000000000001,6.80529901032747,6.780129533343397,-0.5847547614587671
23263.449,-1.04629918791346,-1.490958656757436,-1.0761075453133415,-1.0794318360849295,1.0625982592458787,1.0712326770892038,12.15,0.0029509486743420662,5.2928610112384495,1.0,7.455146629124216,0.37897073691088906,-0.2927765499672605,0.24062566617892303,0.0,12.15,6.754613483319999,6.679760985115322,1.0027943412183367
23264.187,-1.05245846223427,-1.4912287891988383,-1.0764419506953615,-1.0797587168550615,1.0485250361437604,1.0573130454248083,12.200000000000001,0.0026322525163829883,4.779770467369017,1.0,7.485826244881929,0.46928062948414073,-0.19510608242642513,0.4267996319225737,0.0,12.200000000000001,6.704137227196441,6.215276986445777,2.513123145179854
23264.236,-1.05315816734786,-1.4912467248216421,-1.0764641512985875,-1.0797802692084972,1.0468958184505002,1.0556940196485758,12.25,0.002196251180240493,4.037293048501777,1.0,7.516505860639642,0.5577891159453405,0.05544104944627611,0.5550270154716617,0.0,12.25,6.65379821891994,5.416650818187059,3.8643142537759054
23265.098,-1.06111965651094,-1.4915622453697308,-1.0768546505073004,-1.0801556783664519,1.0286243241727315,1.0376017000002586,12.3,0.0013263759537144543,2.4682092418607557,1.0,7.547185476397354,0.63496245554409,0.39548047483611454,0.49676202952116005,0.0,12.3,6.603523653413463,4.3319519813963785,4.9840462148807445
23265.147,-1.06095168209504,-1.4915801809925329,-1.0768768454057565,-1.0801767848835921,1.0290685915218891,1.0380561456339,12.350000000000001,0.0007220620970194088,1.3601143449791389,1.0,7.577865092155068,0.6961130810023067,0.6658325806842447,0.20307731542908192,0.0,12.350000000000001,6.553240172525504,3.0245512793253586,5.813522711535015
23265.714,-1.06667801754504,-1.4917877217706836,-1.0771336497697206,-1.0804190853639069,1.0158803834158334,1.024985661486724,12.4,0.0004223920577626787,0.8053428347397096,1.0,7.60854470791278,0.7397297643967757,0.7001024947381259,-0.23886527833898696,0.0,12.4,6.5028740892071735,1.5694862815410349,6.310632633273507
23265.738,-1.06730509390353,-1.4917965065655254,-1.0771445188893622,-1.080429264276649,1.014402858286442,1.0235131172161798,12.450000000000001,-0.00023609300238032436,-0.45560781973813014,1.0,7.639224323670493,0.766640565116616,0.4316607664152347,-0.6335666806423271,0.0,12.450000000000001,6.4523516075394225,0.049191067238744106,6.452164094799548
23266.428,-1.07385516541387,-1.4920490694172424,-1.0774569745986469,-1.0807193132260218,0.9993537652003647,1.0086071485941766,12.5,-0.0008879059010067124,-1.7341912129037351,1.0,7.669903939428206,0.7793960847465603,-0.049239058209903465,-0.7778391685077765,0.0,12.5,6.401599039245539,-1.4511689618040537,6.234948187721046
23266.452,-1.07387953024187,-1.492057854212086,-1.077467841528346,-1.0807293133255538,0.9993165337518719,1.0085748927712843,12.55,-0.0012207782960465634,-2.4130592013420773,1.0,7.7005835551859185,0.7816285670092471,-0.5273732226136247,-0.5769061456034675,0.0,12.55,6.350543017298065,-2.8484929335537177,5.675868622690958
23267.117,-1.08014830896387,-1.4923012662358408,-1.0777689167611086,-1.0810041142354483,0.9849177755706539,0.9943139309191086,12.600000000000001,-0.001831814773481933,-3.664318309318696,1.0,7.731263170943632,0.7773093782400246,-0.7698536488270007,-0.10740218288119938,0.0,12.600000000000001,6.299110707182827,-4.066398293516103,4.810738053545907
23267.142,-1.08047851892166,-1.4923104170638029,-1.0777802342766378,-1.0810143606396216,0.9841505437980862,0.9935518768256264,12.65,-0.003561036927206265,-7.208552300800887,1.0,7.761942786701344,0.7699378242681607,-0.6505018407048953,0.41188785910528136,0.0,12.65,6.247230016318977,-5.039467077865322,3.6921070471897695
23267.782,-1.0866491931509,-1.4925446782595992,-1.0780699354783891,-1.08127465573349,0.969964357294735,0.9794981739189053,12.700000000000001,-0.003496488663872409,-7.1621479387689595,1.0,7.792622402459057,0.7618047970167,-0.22186624073340255,0.7287811193907835,0.0,12.700000000000001,6.194829802054904,-5.7168420518120735,2.3861335316911174
23267.807,-1.08651547505111,-1.4925538290875595,-1.0780812508692676,-1.0812847462898956,0.9703057697340617,0.9798447589601343,12.75,-0.002549181559836784,-5.283616923342332,1.0,7.82330201821677,0.7535491803700571,0.30653875543121956,0.6883824218085931,0.0,12.75,6.141840078568938,-6.064967335421156,0.9686953963915096
23268.595,-1.09304718770376,-1.492842263184884,-1.0784378710530333,-1.081599936430376,0.9553862697802583,0.9650882015933558,12.8,-0.0030355975331662287,-6.366109437874624,1.0,7.853981633974483,0.7441796844410423,0.6741739054982292,0.3151078353199646,0.0,12.8,6.088192222903671,-6.069317755835959,-0.4790266398845669
23268.619,-1.09292538039769,-1.492851047979726,-1.0784487313362021,-1.0816094509119878,0.9556983444099989,0.9654052359657077,12.850000000000001,-0.003059063236105538,-6.490794174269303,1.0,7.884661249732195,0.7315568693650406,0.7039609489397783,-0.19903375463218756,0.0,12.850000000000001,6.033819180256389,-5.735020322359953,-1.8752375321937778
23269.26,-1.09734843065816,-1.4930856752086408,-1.0787387641614288,-1.0818617737100407,0.945689312028688,0.9555286049538667,12.9,-0.0026292229057095365,-5.6441238902347,1.0,7.915340865489909,0.7131431588343978,0.39348217740959723,-0.594764609785506,0.0,12.9,5.978655668538223,-5.086336448143581,-3.1422134140173164
23269.284,-1.09788027711359,-1.4930944600034826,-1.078749622404942,-1.0818711551446747,0.9444393568405879,0.9542836046342821,12.950000000000001,-0.0020615934628476886,-4.4772601912566286,1.0,7.946020481247621,0.686772196975689,-0.08637955663484817,-0.681318297665916,0.0,12.950000000000001,5.922638382104119,-4.165040935998093,-4.210710083422157
23270.048,-1.10210722995674,-1.4933741093059636,-1.0790952380210186,-1.0821674053782229,0.9350065252808901,0.9450084111267569,13.0,-0.0011362968924814396,-2.496444272781723,1.0,7.976700097005334,0.6512676533108899,-0.48496690900030603,-0.4346914462279679,0.0,13.0,5.8657061944467035,-3.0277992092056816,-5.0238372891947725
23270.097,-1.10197684453612,-1.4933920449287674,-1.0791174019220549,-1.0821862509972755,0.9353609665861916,0.9453729566429735,13.05,0.0001434737757198088,0.3188629520982718,1.0,8.007379712763047,0.6068567271546114,-0.6068351583101746,-0.005116437380803917,0.0,13.05,5.807800359542058,-1.7427037684234323,-5.540174057899231
23270.738,-1.10482408191359,-1.4936266721576823,-1.079407313671652,-1.0824311318795476,0.9291176383980836,0.939261740493664,13.100000000000001,0.000674710276365426,1.5168100999046275,1.0,8.03805932852076,0.5553956826206455,-0.41420957893985316,0.3699929580250445,0.0,13.100000000000001,5.74886471143616,-0.3851806842279063,-5.7359464180633415
23270.762,-1.10465246139708,-1.493635456952524,-1.0794181673819168,-1.0824402421904071,0.9295487511556717,0.9396977972867904,13.15,0.000786446503181089,1.788324985119264,1.0,8.068738944278472,0.5004306555788485,-0.040480915381810485,0.49879067406370664,0.0,13.15,5.688845861568974,0.9664860487991337,-5.606145909104319
23271.55,-1.10759609868375,-1.4939238910498487,-1.0797744899827961,-1.0827371158431205,0.9232036388064898,0.9335149164000341,13.200000000000001,0.0013243225527034429,3.045899492896233,1.0,8.099418560036185,0.4470429744353721,0.2918783620198821,0.33860661951092363,0.0,13.200000000000001,5.627693393250331,2.235742626506606,-5.164531715117525
23271.575,-1.10727959091037,-1.493933041877809,-1.0797857933350912,-1.0827464646727538,0.923981861889858,0.934298283317092,13.25,0.001152392834489091,2.6806998128161315,1.0,8.130098175793899,0.4012399104729985,0.40106089520794586,0.011984326905625545,0.0,13.25,5.56536005262896,3.352191092621537,-4.442527140485137
23272.24,-1.10864970423031,-1.4941764539015656,-1.0800864331860751,-1.0829936337574328,0.9212893951374306,0.931742572475367,13.3,0.000904963721921177,2.129051135849472,1.0,8.160777791551611,0.36844225096685546,0.24781507921649565,-0.272648819565472,0.0,13.3,5.501801935433993,4.255589314727234,-3.4870882009385173
23272.659,-1.10935039238834,-1.4943298217781882,-1.0802758298740187,-1.0831479212671278,0.9199814693672101,0.9305207438566703,13.350000000000001,0.001057178465506935,2.515313404068611,1.0,8.191457407309324,0.3510369738728241,-0.04955587374751483,-0.34752147042004494,0.0,13.350000000000001,5.436978668717855,4.89918999650079,-2.3576841226677434
23273.029,-1.10957228256415,-1.494465254032007,-1.0804430588919018,-1.083283273840069,0.9197748617408287,0.9303901201641999,13.4,0.0015849328793405399,3.813513340712791,1.0,8.222137023067036,0.3466064284027352,-0.2942070740310224,-0.18324359143010954,0.0,13.4,5.370853586790643,5.252225864892426,-1.1225826093864621
23273.053,-1.10938674239334,-1.4944740388268505,-1.0804539055753182,-1.0832920252663072,0.9202392381562652,0.9308594238233303,13.450000000000001,0.0024573419402555124,5.979053589668131,1.0,8.252816638824749,0.3489847783620972,-0.33420925770737864,0.10047162580114387,0.0,13.450000000000001,5.303393900509266,5.301402368531908,0.1453264975259862
23273.718,-1.10969515280892,-1.4947174508506071,-1.0807544198174242,-1.083533188636477,0.9200839121532343,0.9308405535673674,13.5,0.0029964729390090836,7.372447107314474,1.0,8.283496254582463,0.3513515745193248,-0.15415123269754427,0.3157298313036578,0.0,13.5,5.234570859069579,5.05132172798972,1.3729096397648974
23273.743,-1.10973219328728,-1.4947266016785674,-1.0807657162430644,-1.0835422061380908,0.9200172645362553,0.9307790332316582,13.55,0.003255681093124668,8.099528596050718,1.0,8.314175870340176,0.3487088352288521,0.12105149171419786,0.32702352838967136,0.0,13.55,5.164359903446167,4.523828977244898,2.4911010812413616
23274.507,-1.10886411792312,-1.4950062509810502,-1.081110896492568,-1.0838161497963632,0.9227599706255661,0.9336783369911531,13.600000000000001,0.0031172056174584343,7.841193573669525,1.0,8.344855486097888,0.33885081341257023,0.3107137184965412,0.13519193351828585,0.0,13.600000000000001,5.09274081063209,3.756337437959368,3.4388861592763518
23274.556,-1.10933240812892,-1.4950241866038523,-1.0811330324708734,-1.083833614431825,0.9216837628093217,0.9326121666597502,13.65,0.0020589854749386806,5.236622133755681,1.0,8.3755351018556,0.3224568296153753,0.29612064442234837,-0.1276360878141144,0.0,13.65,5.019697827849018,2.799253589229927,4.166718808138548
23275.197,-1.10860132465371,-1.4952588138327672,-1.0814225789456415,-1.084060965981232,0.923991511963536,0.9350511549668004,13.700000000000001,0.0008059204666584932,2.072306009703717,1.0,8.406214717613313,0.30285564378089525,0.09566797903389375,-0.28734853185201936,0.0,13.700000000000001,4.945219795926373,1.7126755426417413,4.639174637331396
23275.222,-1.10827394099234,-1.4952679646607292,-1.081433870645938,-1.0840697920363254,0.9247957250470229,0.9358604840395834,13.75,-4.476298976273384e-05,-0.11636628784023191,1.0,8.436894333371026,0.28542665834442965,-0.15036715124874575,-0.24260687772403444,0.0,13.75,4.869300261085612,0.5625818719760581,4.8366917071416
23276.035,-1.10759407956391,-1.4955655495860123,-1.0818010332059131,-1.0843552152989715,0.9271315187649927,0.9383625456973144,13.8,-0.00029617307217011954,-0.7783641581242706,1.0,8.46757394912874,0.27607880160138204,-0.27441464192806336,-0.030267292398694065,0.0,13.8,4.791937574411674,-0.5832442662080954,4.756310738691682
23276.059,-1.10750928643875,-1.4955743343808559,-1.081811870669462,-1.084363595213719,0.9273551409789946,0.9385910731225864,13.850000000000001,-0.00042887429379908764,-1.1394081882285159,1.0,8.498253564886452,0.27850937361525746,-0.19303822264720125,0.2007578536166708,0.0,13.850000000000001,4.713134978347663,-1.6592986310958702,4.411390866491836
23276.725,-1.10604736736244,-1.4958181124377292,-1.0821125809189382,-1.0845951399482558,0.9314312282581731,0.9428032098440546,13.9,-0.0011347723107868637,-3.0475660785231065,1.0,8.528933180644165,0.2919009315806925,0.037992010066387985,0.2894179694296669,0.0,13.9,4.632900679609668,-2.606194410449515,3.8303419432303203
23276.749,-1.1064738154939,-1.4958268972325728,-1.0821234162661497,-1.084603448802541,0.9304331423845197,0.9418100241243407,13.950000000000001,-0.0015721959588573457,-4.2680480339653375,1.0,8.559612796401877,0.31155826345904175,0.260982255026533,0.17016701822291933,0.0,13.950000000000001,4.551247907986115,-3.3740237629734713,3.0544755960456325
23277.415,-1.10548613068364,-1.496070675289448,-1.0824240677872936,-1.084833089982058,0.9333759568091076,0.9448887476499757,14.0,-0.001562365610201034,-4.287131234391637,1.0,8.59029241215959,0.33169140844548867,0.32122863455662776,-0.0826520101233871,0.0,14.0,4.4681949605590985,-3.9250455866073337,2.13513075679688
23277.44,-1.10519400504353,-1.4960798261174082,-1.0824353524012054,-1.0848416760695905,0.9340959141538945,0.9456138040499069,14.05,-0.0015710907798508291,-4.357428329756522,1.0,8.620972027917304,0.34764418152058707,0.17039533914503366,-0.3030212951968357,0.0,14.05,4.383765230963542,-4.235549923060404,1.1302718475958957
23278.13,-1.10428906662608,-1.496332388969127,-1.0827467762204037,-1.0850777257727897,0.9368619832919052,0.9485205317762535,14.100000000000001,-0.0018112183047652105,-5.07724518750224,1.0,8.651651643675017,0.35678445766341416,-0.09983079794465835,-0.34253315315733945,0.0,14.100000000000001,4.2979872233828775,-4.296805352516172,0.10078658120422507
23278.154,-1.10411611721788,-1.4963411737639687,-1.0827576072582659,-1.0850859048778585,0.9372962716885963,0.9489597100289598,14.15,-0.0019437075150211184,-5.50681178765737,1.0,8.682331259432729,0.35863981891344826,-0.31629610519854684,-0.1690541142548763,0.0,14.15,4.2108945510672795,-4.115056560937151,-0.8932762285520716
23278.844,-1.1027874803748,-1.4965937366156874,-1.0830689681164714,-1.0853201995524608,0.941074848691761,0.9528787951645282,14.200000000000001,-0.0019926534551937144,-5.705540726414701,1.0,8.713010875190442,0.35474112444913697,-0.3372166559458473,0.11011899167781233,0.0,14.200000000000001,4.122525919251593,-3.7106008581343617,-1.7962909637677664
23278.918,-1.10316834248867,-1.4966208230664515,-1.0831023568278013,-1.0853452316321723,0.94022943454876,0.9520484413767373,14.25,-0.0018864276739031251,-5.458643753330335,1.0,8.743690490948154,0.3482569020456758,-0.14575902406013,0.3162865421219971,0.0,14.25,4.032925092445232,-3.1160306829707802,-2.560241704226192
23279.609,-1.10172140220273,-1.496873751951287,-1.083414101421809,-1.085578136270662,0.9442915948048043,0.9562511520692798,14.3,-0.0014025047294146573,-4.101214147287448,1.0,8.774370106705868,0.343281080132899,0.13683287511897757,0.31483116787237586,0.0,14.3,3.9421408461652465,-2.37378024306101,-3.1473229590649985
23279.633,-1.10183510560611,-1.4968825367461287,-1.0834249279233532,-1.0855861991283409,0.9440408718615032,0.9560053081416839,14.350000000000001,-0.0006870283234847349,-2.0301603656789697,1.0,8.80504972246358,0.34364187291984544,0.32768863122920266,0.10348863602826565,0.0,14.350000000000001,3.8502269032869396,-1.5331551440818012,-3.5318100898788494
23280.447,-1.10098536040305,-1.497180487704532,-1.0837920831799437,-1.08585867686654,0.9467835098322738,0.9589133219020894,14.4,-0.00022252345838347045,-0.6644514863577087,1.0,8.835729338221293,0.3514918486754877,0.29956969151434965,-0.18386005441995643,0.0,14.4,3.7572418552941738,-0.647051682676629,-3.7011066560043564
23280.471,-1.10053605407165,-1.4971892724993738,-1.0838029071112132,-1.0858666825331165,0.9478782055880753,0.9600128905314943,14.450000000000001,0.00011987864716966311,0.3616973897105498,1.0,8.866408953979006,0.3664988064061322,0.06381827596534169,-0.3608997128703915,0.0,14.450000000000001,3.6632490688248547,0.2314141485505468,-3.655932334179175
23281.137,-1.10007371927068,-1.497433050556249,-1.084103241839884,-1.0860882389887296,0.9495655963806926,0.9618354333960313,14.5,0.0006702079459789491,2.0432126993100734,1.0,8.897088569736718,0.3862656845576373,-0.23424302450718723,-0.30713414746085377,0.0,14.5,3.56831657802697,1.052149498624853,-3.4096722179068144
23284.54,-1.09773452051766,-1.498678661258272,-1.0856369502581202,-1.0872053421666754,0.9581321794708043,0.9710904764383582,14.55,0.0009292569309327575,2.862363524372525,0.9938441702975687,8.92776818549443,0.40758100088995364,-0.4050038766481557,-0.04576168906871632,0.0,14.55,3.472516963368882,1.7709969667310175,-2.986962303865614
23288.067,-1.09656516727862,-1.499969660066978,-1.087224982786303,-1.0883461133578458,0.9640116580071857,0.9776797690815665,14.600000000000001,0.0011737840867998644,3.6529757127569837,0.975528258147576,8.958447801252145,0.42760347263175225,-0.33312256787418665,0.2680934250958826,0.0,14.600000000000001,3.37592721768634,2.3521430623302275,-2.4216332491620634
23291.62,-1.09094303673179,-1.5012701757367646,-1.0888231144248266,-1.089489428486744,0.9805546360264684,0.9949339526042137,14.65,0.0014506907538290573,4.561290337995366,0.9455032620941837,8.989127417009858,0.444521013941886,-0.05081726534461198,0.44160676781364855,0.0,14.65,3.2786286004010017,2.769889176539097,-1.754172012391884
23295.076,-1.08115044963154,-1.5025351861940637,-1.0903760678424064,-1.0906054944249146,1.0069788656659275,1.022046272408189,14.700000000000001,0.0007362285210414897,2.3386468303442762,0.9045084971874728,9.01980703276757,0.457712223272036,0.2795610795123888,0.36241700036628793,0.0,14.700000000000001,3.180706481014969,3.0096987023063693,-1.0288865047739648
23298.507,-1.0718087722266,-1.5037910458234025,-1.0919162776221754,-1.091725308891136,1.032303693301319,1.0480506045687894,14.75,0.0006858242466865063,2.2008421556285622,0.8535533905932737,9.050486648525283,0.46756661402594696,0.46260162877697947,0.0679578663921589,0.0,14.75,3.0822501731781977,3.0684853424198804,-0.2909705026482566
23302.137,-1.07019921556983,-1.5051197460433068,-1.093544182643491,-1.0929303733682185,1.0393252161994782,1.0557871297947146,14.8,0.0009967846817180489,3.2313686069161176,0.7938926261462357,9.081166264282995,0.4750814912066454,0.3867620908804722,-0.2758940165079613,0.0,14.8,2.9833527608472776,2.954159503371509,0.41633559095382516
23305.547,-1.07732645831091,-1.5063679189771575,-1.095071892768786,-1.09408745219374,1.0252760622269161,1.0424059789575975,14.850000000000001,0.0010285613520234617,3.3682906731611695,0.7269952498697714,9.11184588004071,0.48133373833630994,0.09032749993591041,-0.47278230763865875,0.0,14.850000000000001,2.884110918314153,2.684498397295401,1.0543074238841963
23309.13,-1.08836855982972,-1.5076794156404985,-1.0966755073735328,-1.0953349267051515,1.002022933697545,1.0198509174819452,14.9,0.0009452067827752943,3.126695831874752,0.6545084971874732,9.142525495798422,0.4869566772411636,-0.2620473132491632,-0.410436366722845,0.0,14.9,2.7846247261933406,2.285447798863745,1.5908687011806475
23312.566,-1.0976880342909,-1.508937105435428,-1.0982117892949432,-1.096566298703897,0.9827577679853565,1.0012514965263453,14.950000000000001,0.0009882286771730362,3.3020301198020054,0.5782172325201137,9.173205111556134,0.4917827260112324,-0.47599803396209817,-0.12359660702161732,0.0,14.950000000000001,2.6849974858320405,1.7889966164568518,2.002174469228472
23316.225,-1.10412937591268,-1.5102764206157682,-1.099846118665198,-1.0979197537561602,0.9705655067266566,0.9897642234362952,15.0,0.0009025263758743781,3.046026518576026,0.5000000000000001,9.203884727313847,0.4947730630370258,-0.4381473121704359,0.22984193861187147,0.0,15.0,2.5853355350698317,1.2307875555494712,2.273570280857702
23319.614,-1.1072511834442,-1.5115169068541325,-1.101358323532473,-1.0992144882745376,0.9660697321592407,0.9859177682170212,15.05,0.00080619993236572,2.748224817719031,0.4217827674798836,9.23456434307156,0.4942388535766422,-0.17589841181357516,0.4618785480039265,0.0,15.05,2.4857480688513016,0.6476370483156921,2.3998978552111154
23323.028,-1.10853979156155,-1.5127665439204554,-1.1028801995604525,-1.1005562071645594,0.9659766034306655,0.9864752022727187,15.100000000000001,0.0009336631512291114,3.2145564801874214,0.3454915028125242,9.265243958829272,0.48824188071150876,0.1654598865048082,0.45935080280601137,0.0,15.100000000000001,2.386346968923685,0.07513507743290253,2.3851638468311585
23326.691,-1.10871121977836,-1.5141073232332696,-1.1045114171186583,-1.1020335810163766,0.9687709899806511,0.9899636420007274,15.15,0.0006294018688507425,2.1885976402159124,0.27300475013022607,9.295923574586986,0.4750238575569383,0.40997308851303604,0.23993693326238197,0.0,15.15,2.2872466477831432,-0.4545187878635366,2.241631080100891
23330.082,-1.10771111422367,-1.515348541537871,-1.1060199783926663,-1.1034327843637044,0.9741270590585929,0.9959585740500971,15.200000000000001,3.1165138203288198e-06,0.010944598166341316,0.20610737385376204,9.326603190344699,0.4533530217109133,0.4480740020733745,-0.06898297587351127,0.0,15.200000000000001,2.1885639132375916,-0.9143114005081772,1.9884281896077152
23333.673,-1.10628826849107,-1.516662966466158,-1.1076159119860591,-1.1049443206008749,0.9806682872188863,1.00317251660989,15.25,-0.0004689921260326711,-1.6633172149847144,0.1464466094067263,9.357282806102411,0.422740123309989,0.2875722533328658,-0.3098570815217925,0.0,15.25,2.090417861526638,-1.283745002476222,1.6498016863874658
23337.265,-1.10510290998525,-1.5179777574275635,-1.109210641325106,-1.1064839287946957,0.98664286924822,1.0098160605719553,15.3,-0.0005772743514904818,-2.0675525399882257,0.09549150281252565,9.387962421860124,0.3835224962310074,0.03436098364902226,-0.3819801407376236,0.0,15.3,1.992929809013095,-1.549638113846224,1.2531524008547756
23340.808,-1.10410951378288,-1.5192746127661652,-1.1107820009598015,-1.10802687612514,0.9921158603148416,1.0159450278896447,15.350000000000001,-0.0005398846203895039,-1.9526575969045927,0.054496737905815086,9.418642037617836,0.33683711307651987,-0.17818626330900775,-0.2858476802664265,0.0,15.350000000000001,1.8962232752212205,-1.7063777774968827,0.8270051934271584
23344.229,-1.10427992222111,-1.5205268120643192,-1.1122977299264463,-1.1095372946995825,0.9947010050495572,1.0191599230845378,15.4,-0.001077048451635019,-3.9336652861623214,0.024471741852423023,9.44932165337555,0.28451116966695983,-0.2643877107869776,-0.10509873476918305,0.0,15.4,1.8004240337049346,-1.7556424458365376,0.3990567672893765
23347.725,-1.10578669991676,-1.521806463846354,-1.1138451436514458,-1.111099574287114,0.9941582445387674,1.0192570268081775,15.450000000000001,-0.0010648440789536742,-3.9270955810369896,0.0061558297024308685,9.480001269133263,0.2289032804993959,-0.22226574656592837,0.05472339286699633,0.0,15.450000000000001,1.7056602522544744,-1.705651164611103,-0.005567834550793979
23351.371,-1.10934344368298,-1.5231410205961557,-1.1154572870723385,-1.1127469058173007,0.9888479065817152,1.0146100310119026,15.5,-0.0013282009920341762,-4.946054469211268,3.749399456654644e-33,9.510680884890975,0.17274260948761816,-0.11561113280352706,0.12835137359793614,0.0,15.5,1.6120627508188419,-1.5700250997312097,-0.365742394031122
23354.844,-1.11465610115246,-1.5244122536164673,-1.1169913556238384,-1.1143312730156478,0.9791901552338698,1.0055803713930556,15.55,-0.0013797196472552207,-5.187785713084445,0.0,9.541360500648688,0.1190779160317293,-0.02173926855501165,0.11707670258916869,0.0,15.55,1.5197654149899533,-1.3663699196200891,-0.6653721961105502
23358.318,-1.12031369278705,-1.5256838526698973,-1.118524323756759,-1.115929213044711,0.9687089928874961,0.9957237964420891,15.600000000000001,-0.0013134801605442638,-4.986517097172813,0.0,9.5720401164064,0.0718155923711353,0.01743275968281822,0.06966762660991241,0.0,15.600000000000001,1.428905816051544,-1.1147008136685381,-0.8939876549218272
23361.918,-1.12555296685063,-1.5270015718962506,-1.1201112644919178,-1.1175972761250343,0.9593376927453722,0.9869958484679063,15.65,-0.001314071883789975,-5.036886315485661,0.0,9.602719732164113,0.039763781175599394,0.011234676235849677,0.038143680253176764,0.0,15.65,1.3396261070154942,-0.8358354658001247,-1.0468892877034213
23365.444,-1.1282330863341,-1.52829220467184,-1.1216639792339862,-1.119241514432773,0.9560172503383374,0.9843016970473745,15.700000000000001,-0.0008585197475512749,-3.3223795614104468,0.0,9.633399347921827,0.041497431470052255,-0.0009981760656118395,0.04148542470740444,0.0,15.700000000000001,1.252074290022333,-0.5498743343175376,-1.1248681007983887
23368.922,-1.12887488062886,-1.5295652678577438,-1.123194000048052,-1.1208721240838158,0.9575257872566885,0.9864242794548692,15.75,-0.00039160157497102055,-1.5299812346371684,0.0,9.66407896367954,0.061355581287085556,0.012625001241792487,0.06004262401595138,0.0,15.75,1.1664059872311423,-0.2748730468261743,-1.1335553516159462
23372.375,-1.12799380510061,-1.5308291802156875,-1.1247114937336704,-1.1224983605039869,0.9626516432288967,0.9921561126625578,15.8,-8.27615651706468e-05,-0.32643743464136427,0.0,9.694758579437252,0.07864570530209583,0.05158101858996194,0.05936788259392536,0.0,15.8,1.0827868994694285,-0.025790143124138964,-1.0824797172142555
23376.004,-1.12593188620093,-1.532157514402475,-1.1263046920897253,-1.1242141095358194,0.970753296922338,1.0008907059399932,15.850000000000001,0.0004456793540433077,1.7746402021101466,0.0,9.725438195194965,0.08933004906135206,0.08657025730762795,0.02203288939278403,0.0,15.850000000000001,1.0013962107366579,0.1862332025517356,-0.9839266055682512
23379.435,-1.12437967577537,-1.5334133740318139,-1.1278094169535748,-1.1258413780243872,0.9774637136822317,1.0081958300223928,15.9,0.00034208384220586134,1.3750672367542145,0.0,9.756117810952677,0.09333954123837461,0.08566781936421176,-0.03705799082480076,0.0,15.9,0.9224313001273593,0.35423417413377817,-0.8517027963617417
23383.016,-1.12362726708115,-1.5347241386289143,-1.129378322429595,-1.1275440192549573,0.9823940581401586,1.0137430476008689,15.950000000000001,0.00027923761462967143,1.1330680187304087,0.0,9.786797426710391,0.09171619494631586,0.041287668904136314,-0.0818974286036688,0.0,15.950000000000001,0.8461142643299249,0.4754323599585242,-0.6999095794506875
23386.599,-1.12378546773204,-1.5360356352922535,-1.1309464639449658,-1.1292508986195322,0.9851500780184932,1.0171123655917722,16.0,0.00022895024223450278,0.9377801921925234,0.0,9.817477042468104,0.08595051729276777,-0.022477718509015376,-0.08295928877180565,0.0,16.0,0.7727009377877916,0.5509068372409709,-0.5418195234017347
23390.108,-1.1248292944091,-1.5373200455048304,-1.1324806283216517,-1.1309247636720932,0.9857249980729519,1.0182841172569665,16.05,-0.00034553082345326855,-1.4286041433753611,0.0,9.848156658225816,0.07766797995497064,-0.06677578871221537,-0.039664961264916074,0.0,16.05,0.7024933096890293,0.5849998735406915,-0.3889370104724175
23393.543,-1.12636982043977,-1.5385773692666431,-1.1339809151140656,-1.1325646502507989,0.9850482324601909,1.0181879546552364,16.1,-0.00048081090602715226,-2.0065590187159006,0.0,9.878836273983529,0.06841156150893676,-0.06578442010696166,0.01877636331353376,0.0,16.1,0.6358564071046595,0.5845187281153493,-0.2503022711412359
23397.153,-1.12799992678962,-1.5398987488241778,-1.1355560106225653,-1.134288740189973,0.9843104711505092,1.0180564923681756,16.150000000000002,0.000346599435761126,1.459975041040972,0.0,9.909515889741241,0.059507100264747925,-0.0247242960147341,0.054127665463185884,0.0,16.150000000000002,0.573240625076469,0.5578181383007208,-0.13207474709716044
23400.79,-1.13015595360658,-1.5412300112759132,-1.1371412024153997,-1.136025685749414,0.9823395400443885,1.0166923702306105,16.2,0.0007693736745310098,3.2710137197314744,0.0,9.940195505498954,0.0520539772871667,0.024596966282388003,0.045875982835422005,0.0,16.2,0.5152095754539973,0.5138498568088501,-0.03740630023154336
23404.253,-1.13251113302721,-1.5424975839650417,-1.1386489849480554,-1.1376788623982452,0.9797404971798742,1.014667351185976,16.25,0.0006680427204548137,2.8665817516391128,0.0,9.970875121256668,0.047046954195981094,0.046806584167637735,0.004749692377047935,0.0,16.25,0.46247053032075464,0.4612621542131259,0.03340982648602829
23407.842,-1.13488824648412,-1.5438112768270917,-1.1402100103410504,-1.1393908860943218,0.9771992516827704,1.0127171504397916,16.3,0.0007323006549613533,3.1714088645719163,0.0,,,,,,16.3,0.4158971071151361,0.4076221819519205,0.08255035122574826
23411.283,-1.13780495436034,-1.5450707967876136,-1.1417051178206918,-1.1410305234058207,0.9732390863925942,1.009319963132809,16.35,0.0007452975937002962,3.2574892414683414,0.0,,,,,,16.35,0.376519259707889,0.35881866829963344,0.11408731836034361
23415.049,-1.14172102080075,-1.546449277511626,-1.1433397028178192,-1.1428224279710166,0.9671750433352373,1.0038679264789239,16.400000000000002,0.0008746247406579017,3.8579207520565286,0.0,,,,,,16.400000000000002,0.3454360463816879,0.31868313984000873,0.13329335512892257
23418.392,-1.14593481956364,-1.547672926226542,-1.1447891713928655,-1.144410315612743,0.9600295118476887,0.9972620314517351,16.45,0.0012863616235541029,5.726124441861795,0.0,,,,,,16.45,0.3236027072985762,0.2888465131152025,0.14589860873962143
23422.01,-1.15084342746585,-1.5489972340490263,-1.1463562660522584,-1.1461254273590549,0.9514641460066481,0.9892768476727037,16.5,0.001436131204555647,6.451280887264535,0.0,,,,,,16.5,0.31150143079861076,0.26882636090948697,0.1573706741097081
23425.554,-1.15492268586676,-1.5502944554207465,-1.147889686578182,-1.1478015829096981,0.9448159401063889,0.9831930814148051,,,,,,,,,,16.55,0.3088385578066155,0.25632023033628426,0.17228230991144844
23429.05,-1.15788159300919,-1.551574107202783,-1.149400765756127,-1.14945085674104,0.9408030404656319,0.9797332184686031,,,,,,,,,,16.6,0.31448926790566745,0.24766366529739128,0.19382004158317692
23432.647,-1.16024779158347,-1.552890728329781,-1.15095386996434,-1.1511430333018542,0.9382948757990273,0.9777901719636726,,,,,,,,,,16.650000000000002,0.3267622509296275,0.23839931612502652,0.22347110485187233
23436.12,-1.16141267600243,-1.5541619613500925,-1.152451864760124,-1.1527719353625232,0.9385490159817678,0.9785861995405625,,,,,,,,,,16.7,0.3438061894938308,0.22389652904043444,0.2609081068459042
23439.794,-1.16216341405557,-1.55550676702721,-1.1540348781929666,-1.1544894431092885,0.9399686534062305,0.9805750765680209,,,,,,,,,,16.75,0.3639278987393347,0.1999594435872597,0.30407192636134783
23443.144,-1.1619842279237,-1.5567329779739536,-1.1554767864359832,-1.156050090902657,0.9433271166661417,0.9844489867151243,,,,,,,,,,16.8,0.38573754858476694,0.16336574521851743,0.34943538698503884
23446.77,-1.16129047402686,-1.5580602140613857,-1.1570358743770015,-1.1577331846027625,0.9481566560995964,0.9898325772243886,,,,,,,,,,16.85,0.4081637596626399,0.11228722340167727,0.392414620220352
23450.397,-1.16063975623281,-1.5593878161819363,-1.158593711324464,-1.1594100397483638,0.9528842272968348,0.9951103353394615,,,,,,,,,,16.900000000000002,0.4304083714009607,0.04655618464363201,0.427883030562624
23453.85,-1.15992724499746,-1.56065172853988,-1.1600752511766075,-1.1609999318608442,0.9576072668741232,1.0003534343918572,,,,,,,,,,16.95,0.45188701007703214,-0.03224271438446119,0.45073526292656735
23457.455,-1.15953513009951,-1.5619712779318258,-1.1616203821056033,-1.162652740898583,0.9616976138076657,1.0049828484093344,,,,,,,,,,17.0,0.4721756641333998,-0.12085896678922653,0.45644601865550083
23461.01,-1.15879923532665,-1.5632725256678475,-1.1631424561741213,-1.1642752841807857,0.9665657527666789,1.0103786910613715,,,,,,,,,,17.05,0.4909687471962067,-0.21462844746990242,0.44157099118949383
23464.567,-1.15860753990662,-1.564574505470108,-1.1646637700648128,-1.1658911861992938,0.9701351734184215,1.0144722494378526,,,,,,,,,,17.1,0.5080480941284086,-0.30786415711593307,0.40414419049493255
23468.049,-1.15883118386576,-1.5658490327884858,-1.1661514406197,-1.167465463306697,0.9726464588096891,1.017492878427885,,,,,,,,,,17.150000000000002,0.5232606304755576,-0.3943465792577361,0.34393671341309306
23471.683,-1.15983952340277,-1.5671791971408657,-1.1677024001660925,-1.1691002560683035,0.973415520333293,1.0187895692750883,,,,,,,,,,17.2,0.5365024264323789,-0.4678669202335182,0.2625555151182942
23475.168,-1.16162142998877,-1.568454822558599,-1.1691881824936274,-1.170659931275821,0.9722056653188758,1.018081921528713,,,,,,,,,,17.25,0.5477072969484522,-0.522773061015764,0.16337567079216025
23478.829,-1.16393722261633,-1.5697948698051762,-1.1707473283313874,-1.1722896247370516,0.9698739363983264,1.016273767626754,,,,,,,,,,17.3,0.556838596723636,-0.554469143524365,0.05131463417491399
23482.291,-1.16743059297737,-1.5710620764611862,-1.17222014835599,-1.173822292802809,0.9645540953885057,1.0114452763135215,,,,,,,,,,17.35,0.563883255163143,-0.5598250897675507,-0.06752921086563889
23485.929,-1.17139965487641,-1.5723937049460384,-1.1737661926140746,-1.1754239350287834,0.9582514472922469,1.0056550128390485,,,,,,,,,,17.400000000000002,0.5688473877331038,-0.5374613957446346,-0.18634000809006496
23489.569,-1.17561304229698,-1.5737260654971292,-1.1753113940060658,-1.1770175561990752,0.9513666863665255,0.999278872969227,,,,,,,,,,17.45,0.571753025139184,-0.48788634287371807,-0.2981080981676232
23493.084,-1.1796367230166,-1.5750126719084152,-1.1768019251140345,-1.1785483319285583,0.9448259274279524,0.9932254283880398,,,,,,,,,,17.5,0.5726356432736853,-0.4134762090371074,-0.39616789939086394
23496.6,-1.18335530260697,-1.5762996443528197,-1.1782913006230658,-1.180071872324886,0.9390151402941704,0.9878983194152049,,,,,,,,,,17.55,0.5715422740484838,-0.31830291576289244,-0.4747039338802167
23500.268,-1.18643459049637,-1.5776422538312262,-1.1798433794439802,-1.1816534197955348,0.9348650173670932,0.9842487607935679,,,,,,,,,,17.6,0.5685300441154787,-0.20782659864491218,-0.5291828757222163
23503.761,-1.18873558442104,-1.5789208075139056,-1.1813198103725782,-1.1831523456374555,0.9324217022069621,0.982278308573878,,,,,,,,,,17.650000000000002,0.5636650348914937,-0.08848172567586568,-0.5566769761546184
23507.255,-1.19052314150524,-1.5801997272297053,-1.1827951040439473,-1.1846449812085555,0.9312062166047897,0.9815320935462896,,,,,,,,,,17.7,0.5570213899518771,0.03280629413826308,-0.5560544720877937
23510.902,-1.19191993483513,-1.5815346500126237,-1.1843333357339887,-1.1861960923453234,0.9310583651811342,0.9818700850157753,,,,,,,,,,17.75,0.5486806192795406,0.1491322040947519,-0.5280246279055755
23514.574,-1.19326999210989,-1.5828787236235042,-1.1858803946143155,-1.1877510162753446,0.9310440660797594,0.9823408554336863,,,,,,,,,,17.8,0.5387310671481584,0.2541067858401365,-0.47503779228666493
23517.946,-1.19468287323141,-1.5841129872988544,-1.1872995420420338,-1.1891731179611589,0.9306172257656093,0.9823558278482742,,,,,,,,,,17.85,0.5272675237179638,0.3422972656270049,-0.40105314300220757
23521.57,-1.19613710149453,-1.5854394913200496,-1.188823126686529,-1.1906955703061344,0.9303120044296385,0.9825215658567863,,,,,,,,,,17.900000000000002,0.5143909712469528,0.4095779923409357,-0.3111975891461111
23525.196,-1.19762331940714,-1.5867667274074817,-1.190345872351763,-1.192212965004394,0.929932087161431,0.9826088536554477,,,,,,,,,,17.95,0.5002084652878256,0.45336591553296807,-0.2113477120258355
23528.671,-1.19802378659379,-1.5880386924940302,-1.1918036285061078,-1.1936618612789405,0.932014696925204,0.9851354443853172,,,,,,,,,,18.0,0.484833160218423,0.472726066283945,-0.10767199962427686
23532.299,-1.19861121966542,-1.5893666606476993,-1.1933239212232678,-1.1951692368553584,0.9337843461606762,0.9873646875588075,,,,,,,,,,18.05,0.46838449764284723,0.4683438231297705,-0.006172598183308703
23535.928,-1.19853181240939,-1.5906949948344868,-1.1948429501620694,-1.196671824875436,0.9371484117241402,0.9911844523508813,,,,,,,,,,18.1,0.45098858617249066,0.44237218910493054,0.08773568922834994
23539.608,-1.19847386806068,-1.5920419967103152,-1.1963816080108032,-1.1981904446635376,0.9405057975826037,0.9949998344643245,,,,,,,,,,18.150000000000002,0.4327788122516923,0.3981726191324923,0.1695761354293603
23543.038,-1.19835016871693,-1.5932974903065338,-1.1978141791482813,-1.1996014845865581,0.9438016410760184,0.9987188364562882,,,,,,,,,,18.2,0.41389673411035804,0.3399762556292418,0.23606493199020656
23546.645,-1.19830233539746,-1.5946177717647165,-1.1993190540538663,-1.2010809450401518,0.947071011196398,1.0024293256954577,,,,,,,,,,18.25,0.3944933239992235,0.27249809353939725,0.28525387236170907
23550.304,-1.19830394595564,-1.595957086945055,-1.200843925018546,-1.2025773328525646,0.9502677104741314,1.0060694437858277,,,,,,,,,,18.3,0.37473063555110037,0.20053919837973477,0.31655501754631055
23553.837,-1.19863103658268,-1.5972502819524736,-1.2023146624465397,-1.204018173602866,0.952576400392529,1.0088024031642946,,,,,,,,,,18.35,0.3547839784816653,0.12861151972082896,0.330652004957444
23557.347,-1.19906597125069,-1.598535058198169,-1.2037742456596945,-1.2054459013281933,0.9546072582609806,1.0112509936533225,,,,,,,,,,18.400000000000002,0.3348446714097571,0.06061624071613007,0.32931235223257627
23561.009,-1.20009196274014,-1.599875471477863,-1.2052953576597787,-1.206931671931978,0.9553586288499182,1.0124341762814275,,,,,,,,,,18.45,0.3151233947493881,-0.00039959283654842265,0.3151231413970476
23564.621,-1.20213073473365,-1.6011975831016363,-1.2067940219272302,-1.2083935475212557,0.9536460327742461,1.011143484467938,,,,,,,,,,18.5,0.29585404181610003,-0.05239157055515266,0.29117818838932136
23568.184,-1.20432193459293,-1.6025017591026076,-1.2082707219295443,-1.2098322484685269,0.951526320783858,1.0094360495925394,,,,,,,,,,18.55,0.27729770487658717,-0.09436425663683645,0.26074777889600537
23571.698,-1.20721674215607,-1.603787999480775,-1.2097255246023693,-1.2112480684720237,0.9476823439647527,1.0059948826952572,,,,,,,,,,18.6,0.25974594398557005,-0.12631767457599788,0.22696211249163856
23575.365,-1.21060442899925,-1.6051302429260632,-1.2112419869300481,-1.2127224178761804,0.9427943684547823,1.001523234559242,,,,,,,,,,18.650000000000002,0.2435216780468292,-0.1491052434020799,0.19253683821219783
23578.906,-1.21370508344785,-1.606426366198428,-1.212704711906035,-1.214143240160306,0.9384820984572317,0.997609089334023,,,,,,,,,,18.7,0.2289749146260019,-0.16422209163365886,0.1595638309500339
23582.524,-1.21664816582359,-1.607750674020914,-1.2141975891656145,-1.2155921998487922,0.9346137291928348,0.9941435471138239,,,,,,,,,,18.75,0.21646943482713382,-0.17354827015779756,0.12938320655948687
23586.169,-1.21911094207005,-1.6090848647375955,-1.215699915660693,-1.2170493029467726,0.9319167597063407,0.9918483683849084,,,,,,,,,,18.8,0.20635648230548376,-0.17907451304646,0.10254421761692199
23589.713,-1.22090985638238,-1.6103820861093157,-1.2171589858967593,-1.2184636019218997,0.9307178691333957,0.991036244873335,,,,,,,,,,18.85,0.19893420013107155,-0.18263864997150703,0.07885391251152077
23593.284,-1.22246037563615,-1.6116891903752348,-1.2186275485491294,-1.2198863888824165,0.9301361827857796,0.9908403924882442,,,,,,,,,,18.900000000000002,0.19439827619593078,-0.18569859757454438,0.0575040924352068
23596.907,-1.22349072517435,-1.6130153283633115,-1.2201158305844118,-1.2213276829559334,0.9308430254687007,0.9919347076631023,,,,,,,,,,18.95,0.19279799485338728,-0.18916332977538008,0.0372599179786746
23601.113,-1.22475030666995,-1.6145548636594347,-1.2218414974421634,-1.2229982658201606,0.9315120282493646,0.99304850545932,,,,,,,,,,19.0,0.194015875244799,-0.19329683462467495,0.01668812665000072
23607.477,-1.22719051012705,-1.6168842984251297,-1.2244482651836748,-1.2255207919381381,0.9312473254218915,0.9934465399648204,,,,,,,,,,19.05,0.19778175540235896,-0.19770245090154495,-0.005600328344012523
23613.971,-1.23051832968081,-1.6192613174962238,-1.2271029468639085,-1.2280886370491562,0.9289752070738946,0.9918379467321945,,,,,,,,,,19.1,0.20371631602408724,-0.20138687895617016,-0.030719088507288946
23620.367,-1.23381989536689,-1.6216024653217103,-1.2297122990132152,-1.2306118536697477,0.9266801061746187,0.9901837687261158,,,,,,,,,,19.150000000000002,0.2113865703467378,-0.20289534058148317,-0.0593107316872779
23626.944,-1.23604239770914,-1.624009865141633,-1.2323900409704294,-1.233200645673697,0.9271219538168715,0.9912716480226244,,,,,,,,,,19.200000000000003,0.22035528823846248,-0.20050254093067488,-0.09140669633565651
23633.348,-1.23758887470228,-1.6263539412320673,-1.2349920362294426,-1.2357158989931318,0.9290279683555122,0.9937940073422732,,,,,,,,,,19.25,0.2302147029077824,-0.19243887208389765,-0.12635699405254858
23639.754,-1.23900462261889,-1.6286987493887386,-1.2375896004948217,-1.2382267869115633,0.9312481342644724,0.9966181800292667,,,,,,,,,,19.3,0.24060385426919373,-0.17712814168537927,-0.16283683892865156
23646.216,-1.24028294612841,-1.6310640554000413,-1.2402045587623505,-1.2407546199383588,0.9338456854135075,0.9998123208056087,,,,,,,,,,19.35,0.25121374649734457,-0.15341226128937177,-0.19892969741924812
23652.706,-1.24145672231119,-1.6334396103386597,-1.2428254764511095,-1.243288556245193,0.9367175640159635,1.0032705385503808,,,,,,,,,,19.400000000000002,0.26178531208031414,-0.12073982073842482,-0.23227880942746482
23659.047,-1.24256880158117,-1.6357606263426332,-1.2453810231570586,-1.2457598167720816,0.9396065479668051,1.0067199765562562,,,,,,,,,,19.450000000000003,0.272104040618796,-0.07929912467242783,-0.2602926386728256
23665.595,-1.24410951616055,-1.6381574112021235,-1.2480146020040053,-1.2483072758363813,0.9416522905027783,1.009331581758493,,,,,,,,,,19.5,0.2819936490339253,-0.030081698429067712,-0.28038457431729596
23672.121,-1.24695882754917,-1.6405461433330055,-1.2506338806166255,-1.2508418402023145,0.9405516488841715,1.0087818733240868,,,,,,,,,,19.55,0.2913100180171678,0.02513104960240357,-0.2902239772021674
23678.473,-1.25076586836597,-1.6428711857012823,-1.2531780954944907,-1.2533048431884841,0.937010132101228,1.0057641096060261,,,,,,,,,,19.6,0.2999359027272042,0.08385803083888928,-0.2879746107013721
23684.981,-1.25493385045981,-1.6452533292360316,-1.2557794463452083,-1.2558244303278838,0.9327425316628128,1.0020203454897418,,,,,,,,,,19.650000000000002,0.30777654146272243,0.14307834503459627,-0.2724976819294357
23691.595,-1.25903542907687,-1.6476742722813382,-1.258417621350688,-1.2583811764580188,0.9287263337448541,0.9985232635028245,,,,,,,,,,19.700000000000003,0.31475610764191453,0.1994471268672999,-0.24350000181163794
23698.034,-1.26242306589881,-1.6500311595309158,-1.2609806222116475,-1.2608666765047887,0.9262631618615289,0.9965526382859211,,,,,,,,,,19.75,0.32081488406595904,0.24954851261036756,-0.20161282124956229
23704.655,-1.2653746674219,-1.65245466480805,-1.2636105415889958,-1.2634188880064412,0.925001175575426,0.995783916830243,,,,,,,,,,19.8,0.325907026817258,0.2901634707795672,-0.14839322880111538
23710.947,-1.26769270245105,-1.6547577451892197,-1.2661045875691244,-1.2658410925757686,0.924965438603597,0.9962045277126961,,,,,,,,,,19.85,0.3299987979463498,0.3185289001669511,-0.0862470080899522
23717.551,-1.26984851293851,-1.6571750279033415,-1.268716863278172,-1.2683802102672046,0.9255902761531365,0.9972953374227478,,,,,,,,,,19.900000000000002,0.3330671656649887,0.3325652094500768,-0.018278903346086367
23723.952,-1.27196193063623,-1.6595180058944203,-1.2712435211100157,-1.2708382881425844,0.9261388540767086,0.9982828527072598,,,,,,,,,,19.950000000000003,0.33509869093671507,0.33105245128447575,0.05191731085139035
23730.537,-1.27432293601308,-1.661928333979291,-1.2738373448205422,-1.2733640881117003,0.9262567200558591,0.9988392159303585,,,,,,,,,,20.0,0.3360886373152522,0.31373970314731764,0.12051128910378524
23736.92,-1.27711050951072,-1.6642647233742371,-1.2763463117442626,-1.2758096720466927,0.9251785299447429,0.998173432320227,,,,,,,,,,20.05,0.33604025585196085,0.281378325234118,0.18370980279096227
23743.538,-1.27906414441827,-1.666687130552016,-1.2789421522470263,-1.2783424867644055,0.9262987503228738,0.9997081043917883,,,,,,,,,,20.1,0.3349642089919331,0.23567642858567725,0.23802865859952996
23750.057,-1.281285041456,-1.6690733004510703,-1.2814936887274584,-1.2808346347263362,0.9266937012168701,1.0004982300805598,,,,,,,,,,20.150000000000002,0.3328781070469419,0.1791787407836991,0.28054021637248955
23756.682,-1.28323112073788,-1.6714982698606766,-1.2840811493423985,-1.2833644972983347,0.9278381001372733,1.0020309326541874,,,,,,,,,,20.200000000000003,0.32980613858739066,0.11508244531603992,0.30907623627513947
23763.08,-1.28504091697226,-1.6738401497524018,-1.2865746286754316,-1.2858050046114988,0.9291096151002581,1.0036647234412177,,,,,,,,,,20.25,0.3257787824184142,0.04700493010347624,0.322369898749855
23769.789,-1.28700702053629,-1.676295865943957,-1.2891836944441195,-1.2883613387959811,0.9302796374705583,1.0052012040432987,,,,,,,,,,20.3,0.32083259411645565,-0.021276750517519413,0.320126308407962
23776.245,-1.28887268600533,-1.6786589757565489,-1.2916889399532536,-1.2908185775036678,0.9314683752138571,1.0067296024237073,,,,,,,,,,20.35,0.31501006475284754,-0.08609283648647473,0.3030171024897874
23782.808,-1.29188307081864,-1.6810612511128147,-1.2942302469554292,-1.293313847834124,0.9300151821621806,1.0056086524114969,,,,,,,,,,20.400000000000002,0.30835955370793316,-0.14413228105446446,0.27260135715178047
23789.246,-1.29462302909404,-1.6834177723292756,-1.2967178034210036,-1.295758968090651,0.9290988864799627,1.0050054909621335,,,,,,,,,,20.450000000000003,0.3009353016110872,-0.19265849321152867,0.23118122923200188
23795.893,-1.29740064318515,-1.6858507944674885,-1.2992805569892383,-1.298280752801748,0.9282754185568564,1.0044920416850176,,,,,,,,,,20.5,0.29279753358886185,-0.22967282535817454,0.18160613692195027
23802.363,-1.30034442835295,-1.688219028743739,-1.3017696452168366,-1.300732753205471,0.9269000303815907,1.0034054578278977,,,,,,,,,,20.55,0.28401266722884266,-0.254014158350331,0.12704330956022167
23808.838,-1.30298659429712,-1.690589093185582,-1.304255301060934,-1.3031840619290123,0.9262497921589289,1.0030314481756921,,,,,,,,,,20.6,0.27465364387090385,-0.26538876924980026,0.07073489413041884
23815.418,-1.30585623398024,-1.6929975911048603,-1.3067757757896317,-1.3056724845491068,0.925147806325145,1.002197053286866,,,,,,,,,,20.650000000000002,0.2648004056275198,-0.2643308609682023,0.01576232090486339
23822.055,-1.30866173701335,-1.6954269529118884,-1.309312479116592,-1.3081797845052996,0.9242489454213071,1.0015547065502757,,,,,,,,,,20.700000000000003,0.2545405429867392,-0.25210012404798887,-0.03516270010924454
23828.514,-1.31139595348261,-1.6977911608238356,-1.3117757446878358,-1.3106172704020278,0.9233647396943294,1.0009072192128,,,,,,,,,,20.75,0.243970137099615,-0.23052795596557923,-0.07986419294487923
23835.183,-1.31476540545287,-1.7002322356906552,-1.3143135034527589,-1.3131313593683098,0.9211462062700799,0.9989197317842549,,,,,,,,,,20.8,0.23319481341532244,-0.20182802759212207,-0.11681296281697791
23841.65,-1.3166665821448,-1.702599371867552,-1.3167689667753777,-1.315566743211534,0.9222597049635678,1.0002443064960316,,,,,,,,,,20.85,0.22233100307624903,-0.16838942275856913,-0.14517602154600784
23848.456,-1.31942426834863,-1.705090593271593,-1.319347373047087,-1.3181270867073243,0.9216229367122536,0.9998158847736817,,,,,,,,,,20.900000000000002,0.21150736528859163,-0.13257139443092772,-0.16480349192283858
23854.852,-1.32173373492835,-1.7074317410970812,-1.3217650580062852,-1.3205306784279818,0.9216986450665398,1.0000744948832345,,,,,,,,,,20.950000000000003,0.2008662422859105,-0.09651784968139146,-0.17615774743945387
23861.537,-1.32395732887325,-1.7098786724937947,-1.324286397082588,-1.3230402843509577,0.9222323523282752,1.0007860153607835,,,,,,,,,,21.0,0.19056487785506532,-0.06200712552074921,-0.18019458664613103
23868.017,-1.3258856703133,-1.71225056710123,-1.326724966433261,-1.3254704161569124,0.9232923068700554,1.0020053038531838,,,,,,,,,,21.05,0.18077590997114584,-0.030348723925564446,-0.17821022580644943
23874.735,-1.32775534660948,-1.7147095775908516,-1.329247434968451,-1.327987201181981,0.9247006328631869,1.0035652770786156,,,,,,,,,,21.1,0.1716863441444396,-0.002333829267368568,-0.17167048088309686
23881.197,-1.33011394511765,-1.7170748836021543,-1.3316683386296404,-1.3304055929330016,0.9247166617159429,1.0037141692862357,,,,,,,,,,21.150000000000002,0.1634938781172587,0.02175889419193529,-0.16203949736210987
23887.819,-1.33231879750745,-1.719498754912407,-1.3341436478396318,-1.3328813461538083,0.9252400490267316,1.0043604796096215,,,,,,,,,,21.200000000000003,0.1563992479214748,0.042106028077378385,-0.15062472290414333
23894.34,-1.33489458421035,-1.7218856568776983,-1.336575726665636,-1.3353168483882567,0.9247886730695238,1.0040170648015116,,,,,,,,,,21.25,0.15059352975568954,0.05923923689792927,-0.1384526056671696
23901.125,-1.33743803353934,-1.7243691915862547,-1.3391004983198584,-1.3378482817400783,0.9246454957038378,1.0039724336300777,,,,,,,,,,21.3,0.1462404743339589,0.07391463870142971,-0.1261859838455064
23907.576,-1.33959450620522,-1.7267304712332558,-1.341495528926501,-1.340252525176766,0.9251349208861841,1.004542515803668,,,,,,,,,,21.35,0.14345611143759185,0.08696667949950451,-0.11408966896974165
23914.342,-1.34164842041529,-1.729207051312561,-1.3440017937638657,-1.3427714141095248,0.9261449612617088,1.0056234964591897,,,,,,,,,,21.400000000000002,0.14229035196617215,0.09916253203511054,-0.10204575690856935
23920.878,-1.34388391981582,-1.7315994437746278,-1.346417306394045,-1.3452019507467508,0.9265198870324572,1.0060536751928755,,,,,,,,,,21.450000000000003,0.1427164704215639,0.11107252577104776,-0.0896152048953137
23927.626,-1.34637561165072,-1.734069435257802,-1.3489054400285525,-1.3477084618237738,0.9264680299202523,1.006045175342075,,,,,,,,,,21.5,0.1446326151867992,0.12297011728331966,-0.0761376623695484
23934.118,-1.34932817873003,-1.7364457222626593,-1.3512936885406646,-1.3501170923918473,0.9250908992239384,1.004696632080019,,,,,,,,,,21.55,0.14787520291098102,0.13477164581863346,-0.06085785996320138
23940.691,-1.35238515314161,-1.738851657950108,-1.35370624756915,-1.352552942106012,0.9235351185345898,1.0031566824170874,,,,,,,,,,21.6,0.152239750564412,0.14602191953904015,-0.04306437815699272
23947.372,-1.35514112129113,-1.7412971252143477,-1.3561527887442253,-1.355025848806846,0.9227931176927973,1.0024172513568805,,,,,,,,,,21.650000000000002,0.15750298814180763,0.1559269578074119,-0.022225550668633295
23954.004,-1.35764421516939,-1.7437246568557851,-1.3585757446588502,-1.3574776175937717,0.9226125473756486,1.0022257500319813,,,,,,,,,,21.700000000000003,0.1634413847627218,0.16343042986296025,0.0018923128610505325
23960.615,-1.36044432419929,-1.7461445018017345,-1.360985434040579,-1.359918605180919,0.9217038341198389,1.001292771793004,,,,,,,,,,21.75,0.16984390815004194,0.16732593568834161,0.02913733655811472
23967.176,-1.36300980051038,-1.7485460450917616,-1.3633713763250128,-1.3623381124576277,0.9213120850286365,1.0008637448902866,,,,,,,,,,21.8,0.17651914834439492,0.1663936829677634,0.058924969246100904
23973.898,-1.36545412147208,-1.7510065197138571,-1.3658101616720089,-1.3648138329012278,0.9213506872683714,1.000850520453823,,,,,,,,,,21.85,0.1832981228688586,0.1595476561831521,0.09023717223910485
23980.677,-1.36805975545207,-1.7534878582237026,-1.3682637787412943,-1.3673072683068885,0.9210536596338286,1.0004872512942184,,,,,,,,,,21.900000000000002,0.19003430511388242,0.14597827104996958,0.12166914769726042
23987.276,-1.37054995498849,-1.755903310772232,-1.3706466048281385,-1.3697312968649744,0.9208750375088504,1.0002306661733091,,,,,,,,,,21.950000000000003,0.19660214449915897,0.1252758511422327,0.15152017800364856
23993.878,-1.37298148961435,-1.758319861420115,-1.3730249451896555,-1.3721532328886537,0.9208392304474239,1.000103552624946,,,,,,,,,,22.0,0.2028949437776053,0.09752200892779025,0.17792081380548377
24000.537,-1.37528251517526,-1.7607572759557497,-1.3754181769372664,-1.3745928076450162,0.9211651578081965,1.000323901226643,,,,,,,,,,22.05,0.20882260794459467,0.06333898541098569,0.19898506103697544
24007.2,-1.37736183721009,-1.7631961546238584,-1.3778071743127,-1.3770305250469497,0.92202438667746,1.0010639337991127,,,,,,,,,,22.1,0.21430953195522898,0.023890913568928997,0.2129737066769306
24013.84,-1.37954263932449,-1.765626614530242,-1.3801822807876363,-1.379456488135675,0.9226209913913066,1.0015282656039175,,,,,,,,,,22.150000000000002,0.21929274141134267,-0.01916455126093744,0.21845371686164763
24020.51,-1.38178933275554,-1.7680680554301782,-1.3825624453565055,-1.3818900233484523,0.9230863774584677,1.0018472250081984,,,,,,,,,,22.200000000000003,0.22372031497687653,-0.06377116693206919,0.2144388434996678
24027.262,-1.38398364368169,-1.7705395110458264,-1.3849660804473771,-1.3843499850649306,0.9237486673347761,1.0023474498077989,,,,,,,,,,22.25,0.22755007462433055,-0.10760819937739843,0.20049815931397594
24033.861,-1.3863254345687,-1.7729549635943558,-1.3873096195689385,-1.3867507802506929,0.9239246958662434,1.0023516325012407,,,,,,,,,,22.3,0.23074851187954393,-0.14825261518599325,0.17682205129773218
24040.595,-1.3885761697604,-1.775419830613873,-1.3896953648447123,-1.3891971710194493,0.9244364045409271,1.002674269917506,,,,,,,,,,22.35,0.23328991351526,-0.18335567255710514,0.14423897215762851
24047.174,-1.39128924842954,-1.777827962500031,-1.392020599498835,-1.391583791125698,0.9237076762815204,1.0017474481514168,,,,,,,,,,22.400000000000002,0.23515565188020615,-0.2108188270082857,0.10418062579028411
24053.969,-1.39372136992297,-1.7803151575397722,-1.3944163687371471,-1.3940451489297154,0.9238392849810785,1.0016605829994565,,,,,,,,,,22.450000000000003,0.23633360950927046,-0.22895385560706838,0.05859784114059172
24060.714,-1.39603969706525,-1.7827840509235928,-1.3967886733369426,-1.3964847303843873,0.9241990916137321,1.001789577935116,,,,,,,,,,22.5,0.23681771291534368,-0.23661345381018983,0.009833749359593144
24067.358,-1.39848700174736,-1.7852159749624503,-1.3991197706825105,-1.3988841855186178,0.9241623366452868,1.0015118840166561,,,,,,,,,,22.55,0.23660755560408867,-0.23328113859808716,-0.0395353733170936
24074.005,-1.40086786711648,-1.7876489971006633,-1.4014462754232113,-1.4012811278431552,0.9242869751516706,1.0013819846752594,,,,,,,,,,22.6,0.23570809501430443,-0.21911285575604464,-0.08687843517066325
24080.814,-1.40335535292843,-1.7901413166040614,-1.4038236269473643,-1.4037327332847565,0.9242985261754955,1.00111880384289,,,,,,,,,,22.650000000000002,0.23412941218223143,-0.19492690584844174,-0.12969226278059132
24087.337,-1.40573719822277,-1.7925289506355897,-1.4060955650704017,-1.4060777761891616,0.9243123594625172,1.0008561656144348,,,,,,,,,,22.700000000000003,0.23188652650346162,-0.1621432848535583,-0.16577369016444818
24094.154,-1.40814178280594,-1.7950241984039357,-1.4084640914671311,-1.4085247384093988,0.9245290163640248,1.0007700039468177,,,,,,,,,,22.75,0.22899926112158578,-0.12267787423619858,-0.19336701054502464
24100.711,-1.41073629068505,-1.7974242775614906,-1.4107366788812215,-1.4108747116978804,0.9240643920041545,1.00000071994836,,,,,,,,,,22.8,0.2254921573228246,-0.07880072213518637,-0.2112750794700469
24107.509,-1.41344382436614,-1.7999125707005854,-1.4130869931474592,-1.4133072439607217,0.9235404750865954,0.9991470827502824,,,,,,,,,,22.85,0.22139443896791572,-0.03297059649390094,-0.21892564347913773
24114.311,-1.41598740943611,-1.802402327972156,-1.4154327792379675,-1.4157372999426907,0.9234118433382892,0.9986744110905792,,,,,,,,,,22.900000000000002,0.21674003052955895,0.01234018997404635,-0.21638844827152534
24120.985,-1.41833769046502,-1.8048452330045661,-1.4177286753347005,-1.4181178071894593,0.9236331859876193,0.9985444545336938,,,,,,,,,,22.950000000000003,0.21156763476691012,0.05481613098621603,-0.20434298584626456
24127.768,-1.42099860733048,-1.8073280356468873,-1.4200562354576505,-1.420533295599312,0.9232075482204845,0.9977478420777242,,,,,,,,,,23.0,0.20592087842620452,0.09245024634063913,-0.184000978593525
24134.476,-1.42336489125491,-1.809783385805324,-1.4223522769111199,-1.42291819219979,0.9234203889038487,0.9975799911955353,,,,,,,,,,23.05,0.19984853645200526,0.12366531391606303,-0.15699148911979294
24141.188,-1.42590323236159,-1.8122402000962348,-1.42464393179322,-1.4253006264642565,0.9232255650923971,0.9969904945751462,,,,,,,,,,23.1,0.19340484665380844,0.14739571926853703,-0.12521955378651442
24148.009,-1.42825435242989,-1.8147369119970547,-1.426966903737835,-1.4277177507755012,0.9235734844298579,0.9969232364926969,,,,,,,,,,23.150000000000002,0.1866499268561811,0.16312471265523837,-0.09071120832931101
24154.622,-1.43063216277361,-1.817157489009241,-1.4292133621023595,-1.4300573002721242,0.9236756835072423,0.9966093530943009,,,,,,,,,,23.200000000000003,0.1796503039127262,0.1708759234398585,-0.05545854744320756
24161.531,-1.43289931036456,-1.8196864118244838,-1.4315544029926244,-1.4324974842688616,0.9243012451271723,0.9967859427163047,,,,,,,,,,23.25,0.17247955625050287,0.17116204142824915,-0.02127799094098656
24168.178,-1.43501621397421,-1.8221194339626967,-1.4338009102473137,-1.4348411764770201,0.9250566703946015,0.9970956626254173,,,,,,,,,,23.3,0.16521905502081877,0.16489726432627452,0.010306714301031519
24175.015,-1.43727101929065,-1.8246220023934123,-1.436105741534277,-1.4372477970441522,0.9256487474161909,0.9972152169008986,,,,,,,,,,23.35,0.1579587576347639,0.15328310131350312,0.03814786973387151
24181.616,-1.43936527426181,-1.8270381870081769,-1.4383253463938885,-1.4395674194816643,0.9264180594467728,0.9975147718376984,,,,,,,,,,23.400000000000002,0.15079795335975107,0.13767915598438799,0.061518068442663394
24188.514,-1.44187266168476,-1.8295630834591163,-1.4406388683123055,-1.441987271682073,0.9264599005948114,0.9970515014266156,,,,,,,,,,23.450000000000003,0.14384577430696643,0.11947142185298988,0.08011358278341855
24195.176,-1.44419301832689,-1.8320015960941047,-1.4428674657039195,-1.4443203051571707,0.9267422567822486,0.9968322331496474,,,,,,,,,,23.5,0.1372211597230938,0.09995035123653262,0.09401900852191848
24202.028,-1.44671556272432,-1.8345096550215958,-1.4451537056951622,-1.44671573212914,0.9267076410004653,0.9962675471171456,,,,,,,,,,23.55,0.13105180278093354,0.08020955512520718,0.10363880681843579
24208.805,-1.4493345926041,-1.836990261465206,-1.4474090192152431,-1.449080791063683,0.9263768519076453,0.995398386054828,,,,,,,,,,23.6,0.12547145419384645,0.06107361308590329,0.10960428642234706
24215.745,-1.45143811298579,-1.83953053130712,-1.4497124944709796,-1.4514984441414591,0.9274205476988693,0.9958762247952786,,,,,,,,,,23.650000000000002,0.1206148991418438,0.04306036171653448,0.11266658397163892
24222.289,-1.45346027164242,-1.8419258520341346,-1.4518788938284146,-1.453774155233691,0.9283122893443091,0.9962209235644833,,,,,,,,,,23.700000000000003,0.11661012263120044,0.02637949495814363,0.11358716012744081
24229.21,-1.45589572989891,-1.8444591672467974,-1.4541641446744151,-1.4561767435271955,0.9285461371279957,0.9958619832427196,,,,,,,,,,23.75,0.11356780801917281,0.010965691304470655,0.11303716482862948
24235.921,-1.45819536818646,-1.8469156155045896,-1.4563742096814778,-1.4585022698347612,0.9289208643363132,0.9956479395464235,,,,,,,,,,23.8,0.11156940301834951,-0.0034588747853880643,0.1115157741088224
24242.878,-1.4605951665079,-1.8494621079095177,-1.458659211304571,-1.460908702845876,0.9292714177118238,0.9953736201474679,,,,,,,,,,23.85,0.11065620000687845,-0.017300563694965333,0.10929540290331856
24249.543,-1.46281693554359,-1.8519017186438633,-1.4608425051449885,-1.4632099788328046,0.9297919918275271,0.995281685215558,,,,,,,,,,23.900000000000002,0.11082247597229403,-0.030998725323282853,0.10639877917044607
24256.373,-1.4649799733941,-1.8544017248427478,-1.4630739593926378,-1.4655639969980523,0.9305972416996025,0.9954451883893836,,,,,,,,,,23.950000000000003,0.1120150202529892,-0.0449294134094161,0.10260951502157761
24263.073,-1.46734108516616,-1.8568541467362385,-1.4652571483545742,-1.4678690397643188,0.9308154445781697,0.9950200171841858,,,,,,,,,,24.0,0.11413939845618042,-0.059319072752120325,0.09751435734171342
24270.018,-1.46958829383543,-1.859396246743743,-1.46751411498456,-1.46958829383543,0.9315201434424245,0.9950433452902963,,,,,,,,,,24.05,0.11707108138350314,-0.07417774048099587,0.09057207579291114
24276.699,-1.47158540878849,-1.8618417140079826,-1.4696794705670087,-1.47158540878849,0.9325915664498483,0.9954453975921114,,,,,,,,,,24.1,0.12066834737183632,-0.08925920692657337,0.0812012563713722
24283.652,-1.47318665914133,-1.864386742280435,-1.4719269256705587,-1.47318665914133,0.934846903049566,0.996989636454307,,,,,,,,,,24.150000000000002,0.12478409897686947,-0.10405277435062966,0.06887736571186577
24290.421,-1.47492131158372,-1.8668644204590974,-1.4741089702659025,-1.47492131158372,0.9366225041764026,0.9980587747150097,,,,,,,,,,24.200000000000003,0.1292749061522311,-0.11780800959371752,0.05322850961876275
24297.301,-1.47663771667746,-1.869382728313906,-1.4763207962072684,-1.47663771667746,0.9385388031370685,0.9992426869495763,,,,,,,,,,24.25,0.13400685885180608,-0.12959052451895742,0.034119410519957274
,,,,,,,,,,,,,,,,24.3,0.13885865451392948,-0.13836365912445917,0.011714254867864758
,,,,,,,,,,,,,,,,24.35,0.14372267888876858,-0.1430882872905994,-0.013488901630858677
,,,,,,,,,,,,,,,,24.400000000000002,0.14850482572127585,-0.14283106503077309,-0.04065673529295712
,,,,,,,,,,,,,,,,24.450000000000003,0.1531236355932428,-0.1368704732954931,-0.06865363294946544
,,,,,,,,,,,,,,,,24.5,0.1575091448057493,-0.12479006013610221,-0.09610708396713788
,,,,,,,,,,,,,,,,24.55,0.16160167902292163,-0.10654935203779511,-0.12150036314082932
,,,,,,,,,,,,,,,,24.6,0.1653507168708951,-0.08252487816847216,-0.14328469580872108
,,,,,,,,,,,,,,,,24.650000000000002,0.16871387966549084,-0.053516446340531404,-0.16000113487992124
,,,,,,,,,,,,,,,,24.700000000000003,0.17165606364714364,-0.020716971572942236,-0.17040132416057727
,,,,,,,,,,,,,,,,24.75,0.1741487102523256,0.014352508812410963,-0.17355626976095712
,,,,,,,,,,,,,,,,24.8,0.176169200480209,0.049937805793934226,-0.16894319385616985
,,,,,,,,,,,,,,,,24.85,0.17770035633760553,0.0841689478634029,-0.1565024116685738
,,,,,,,,,,,,,,,,24.900000000000002,0.17873003261118978,0.11519029005862039,-0.1366587781059375
,,,,,,,,,,,,,,,,24.950000000000003,0.17925078405798306,0.14129250775823254,-0.11030535271142315
,,,,,,,,,,,,,,,,25.0,0.17925959555724758,0.16103540501724875,-0.07875024400139108
,,,,,,,,,,,,,,,,25.05,0.1787576653370901,0.1733512476361423,-0.043630813191596264
,,,,,,,,,,,,,,,,25.1,0.17775023385407454,0.17762002992168852,-0.006802250053964984
,,,,,,,,,,,,,,,,25.150000000000002,0.17624645318675966,0.17371054027841698,0.029790274538733817
,,,,,,,,,,,,,,,,25.200000000000003,0.17425929390234976,0.16198407539034973,0.0642453175825212
,,,,,,,,,,,,,,,,25.25,0.17180548830067258,0.1432608906042036,0.0948337652607074
,,,,,,,,,,,,,,,,25.3,0.16890551077068325,0.11875266962182458,0.12011192707801827
,,,,,,,,,,,,,,,,25.35,0.165583597740381,0.08996716125646743,0.13901020730903574
,,,,,,,,,,,,,,,,25.400000000000002,0.16186781135977807,0.0585934099115601,0.1508906911288453
,,,,,,,,,,,,,,,,25.450000000000003,0.1577901525701785,0.026377501419182953,0.15556979034183085
,,,,,,,,,,,,,,,,25.5,0.15338673042355716,-0.005000666945758469,0.15330519365020415
,,,,,,,,,,,,,,,,25.55,0.1486979950963083,-0.03403944312890053,0.14474947342610983
,,,,,,,,,,,,,,,,25.6,0.1437690413853373,-0.059507412689160405,0.13087553283903292
,,,,,,,,,,,,,,,,25.650000000000002,0.1386499865259693,-0.08050846259757939,0.11288138116547666
,,,,,,,,,,,,,,,,25.700000000000003,0.1333964191874712,-0.09651564837632456,0.09208330071482675
,,,,,,,,,,,,,,,,25.75,0.1280699027575054,-0.10737251422083437,0.06980718574913054
,,,,,,,,,,,,,,,,25.8,0.12273849155457409,-0.11326348098890224,0.04728764303038199
,,,,,,,,,,,,,,,,25.85,0.11747717825121701,-0.11465765579881922,0.025583380867033847
,,,,,,,,,,,,,,,,25.900000000000002,0.11236812920696797,-0.11223268096838801,0.005515594629945497
,,,,,,,,,,,,,,,,25.950000000000003,0.10750047921352589,-0.1067868288279404,-0.012366334137887073
,,,,,,,,,,,,,,,,26.0,0.10296935588197842,-0.09914832837095819,-0.027790236270931027
,,,,,,,,,,,,,,,,26.05,0.09887371576237221,-0.0900908233028795,-0.04073886627371599
,,,,,,,,,,,,,,,,26.1,0.09531256333482185,-0.08026293426096213,-0.05140375582848881
,,,,,,,,,,,,,,,,26.150000000000002,0.09237928977384033,-0.07013823465984874,-0.06012122102817899
,,,,,,,,,,,,,,,,26.200000000000003,0.09015430683747462,-0.05998972124097948,-0.06729808605580917
,,,,,,,,,,,,,,,,26.25,0.08869685541959223,-0.04989028908154917,-0.07333547038564288
,,,,,,,,,,,,,,,,26.3,0.08803760944175539,-0.03973805778950182,-0.0785589424530223
,,,,,,,,,,,,,,,,26.35,0.08817402767763792,-0.02930289725487913,-0.0831624877535951
,,,,,,,,,,,,,,,,26.400000000000002,0.08906993085578215,-0.01828840497527323,-0.08717216772636903
,,,,,,,,,,,,,,,,26.450000000000003,0.09065954868887045,-0.006402088777549054,-0.09043321860773315
,,,,,,,,,,,,,,,,26.5,0.09285489416630972,0.006574254322200794,-0.09262186864204157
,,,,,,,,,,,,,,,,26.55,0.0955545140665541,0.020721934844829967,-0.09328057983729468
,,,,,,,,,,,,,,,,26.6,0.09865173522784132,0.03593768812217685,-0.09187299622793009
,,,,,,,,,,,,,,,,26.650000000000002,0.10204121033424107,0.05190652750250809,-0.08785283722856194
,,,,,,,,,,,,,,,,26.700000000000003,0.10562337177492873,0.06809866903293746,-0.0807395066931131
,,,,,,,,,,,,,,,,26.75,0.10930698136255791,0.08379163675026403,-0.07019243396055151
,,,,,,,,,,,,,,,,26.8,0.11301023079414603,0.09811611985707512,-0.05607619181380117
,,,,,,,,,,,,,,,,26.85,0.1166608808089491,0.11012174790303828,-0.03850924239581339
,,,,,,,,,,,,,,,,26.900000000000002,0.12019584206800603,0.11885690768035342,-0.017890666480066892
,,,,,,,,,,,,,,,,26.950000000000003,0.1235604839825299,0.1234552402680707,0.005098710851770869
,,,,,,,,,,,,,,,,27.0,0.12670785323793804,0.12322066922016905,0.029521970616822404
,,,,,,,,,,,,,,,,27.05,0.12959790600911594,0.11770279544369945,0.05423715688240204
,,,,,,,,,,,,,,,,27.1,0.13219680619818144,0.10675525196854475,0.07796994129875992
,,,,,,,,,,,,,,,,27.150000000000002,0.13447631054273043,0.09057107103043367,0.09940200797561892
,,,,,,,,,,,,,,,,27.200000000000003,0.1364132437808526,0.06969113967470256,0.11726771989620767
,,,,,,,,,,,,,,,,27.25,0.13798905813103618,0.04498421923858584,0.13045075769571185
,,,,,,,,,,,,,,,,27.3,0.13918946759512738,0.017599555212669035,0.13807231274129952
,,,,,,,,,,,,,,,,27.35,0.14000414673137457,-0.011104429345621168,0.13956307803602055
,,,,,,,,,,,,,,,,27.400000000000002,0.14042648418284362,-0.03964970889541302,0.13471264990513487
,,,,,,,,,,,,,,,,27.450000000000003,0.14045338258316953,-0.06653920543407656,0.12369190280392627
,,,,,,,,,,,,,,,,27.5,0.140085098060216,-0.09036003246855068,0.10704624809316204
,,,,,,,,,,,,,,,,27.55,0.13932511419859706,-0.10988090995876561,0.08566021873125096
,,,,,,,,,,,,,,,,27.6,0.13818004690733057,-0.12413574861839567,0.06069630366227051
,,,,,,,,,,,,,,,,27.650000000000002,0.13665957813919674,-0.13248663414100326,0.03351316265545778
,,,,,,,,,,,,,,,,27.700000000000003,0.13477641782592106,-0.13466126742172765,0.005570086028168829
,,,,,,,,,,,,,,,,27.75,0.13254629474051324,-0.13076216466073934,-0.021674329117107757
,,,,,,,,,,,,,,,,27.8,0.12998797828034914,-0.12124738318656389,-0.046860927944536696
,,,,,,,,,,,,,,,,27.85,0.1271233343625847,-0.1068849892042776,-0.06881817508669469
,,,,,,,,,,,,,,,,27.900000000000002,0.12397741966955877,-0.08868570026078929,-0.08663282955771061
,,,,,,,,,,,,,,,,27.950000000000003,0.1205786192232094,-0.067819919887225,-0.09969785293709241
,,,,,,,,,,,,,,,,28.0,0.1169588324092432,-0.04552657862473683,-0.10773439152498654
,,,,,,,,,,,,,,,,28.05,0.1131537115873555,-0.023021704574402124,-0.11078701893490674
,,,,,,,,,,,,,,,,28.1,0.10920295442476263,-0.001414432561072536,-0.10919379394281967
,,,,,,,,,,,,,,,,28.150000000000002,0.10515064465003035,0.01836274400222568,-0.10353486225917183
,,,,,,,,,,,,,,,,28.200000000000003,0.10104562388008632,0.03560417497680893,-0.09456511423107701
,,,,,,,,,,,,,,,,28.25,0.0969418565001901,0.049858352352062985,-0.08313764636096566
,,,,,,,,,,,,,,,,28.3,0.09289871657710137,0.060931154145443436,-0.07012535915185618
,,,,,,,,,,,,,,,,28.35,0.08898107711941851,0.06886613465417801,-0.056347915517120296
,,,,,,,,,,,,,,,,28.400000000000002,0.0852590174467917,0.0739050532767598,-0.042510506420785285
,,,,,,,,,,,,,,,,28.450000000000003,0.08180689246721755,0.07643357031341033,-0.02915950932865389
,,,,,,,,,,,,,,,,28.5,0.07870145398608099,0.0769182634218503,-0.01665831959382661
,,,,,,,,,,,,,,,,28.55,0.0760187295479507,0.07584172690418677,-0.005184563846190667
,,,,,,,,,,,,,,,,28.6,0.07382952033866949,0.07364246154325602,0.005252231077177695
,,,,,,,,,,,,,,,,28.650000000000002,0.07219373385195081,0.0706655623532896,0.014775435857518693
,,,,,,,,,,,,,,,,28.700000000000003,0.07115428898646169,0.06712894328839683,0.023593173041202075
,,,,,,,,,,,,,,,,28.75,0.07073183039048869,0.06310813238220388,0.03194300326548979
,,,,,,,,,,,,,,,,28.8,0.07092164584071105,0.05854069853005206,0.04003581477088741
,,,,,,,,,,,,,,,,28.85,0.07169375355645458,0.05324932600126029,0.048005245332412884
,,,,,,,,,,,,,,,,28.900000000000002,0.07299620904365592,0.04698063330085394,0.05586829717644712
,,,,,,,,,,,,,,,,28.950000000000003,0.0747607224913038,0.03945522355508652,0.06350158235540185
,,,,,,,,,,,,,,,,29.0,0.07690916477210295,0.03042330707022786,0.07063598242293445
,,,,,,,,,,,,,,,,29.05,0.07935963713648057,0.01971966035082337,0.07687058606568595
,,,,,,,,,,,,,,,,29.1,0.08203127941697798,0.007311731499177589,0.08170476966046872
,,,,,,,,,,,,,,,,29.150000000000002,0.08484755592089156,-0.006664638448863439,0.08458540264191423
,,,,,,,,,,,,,,,,29.200000000000003,0.08773815944221211,-0.021886201655986388,0.08496457379037767
,,,,,,,,,,,,,,,,29.25,0.09063985877420974,-0.037842684454768516,0.08236209827260053
,,,,,,,,,,,,,,,,29.3,0.0934966385981571,-0.05385734415042223,0.07642648696765657
,,,,,,,,,,,,,,,,29.35,0.0962594218861749,-0.06912648950189426,0.06698809409891514
,,,,,,,,,,,,,,,,29.400000000000002,0.09888558308290812,-0.08277486380908466,0.054098802787438956
,,,,,,,,,,,,,,,,29.450000000000003,0.10133838617428091,-0.09392218515482387,0.038053799391791
,,,,,,,,,,,,,,,,29.5,0.10358642582856199,-0.10175497119991357,0.019392613337065632
,,,,,,,,,,,,,,,,29.55,0.1056031120905958,-0.10559715684657807,-0.001121494154300051
,,,,,,,,,,,,,,,,29.6,0.10736621575098865,-0.1049730008719296,-0.02254270109436119
,,,,,,,,,,,,,,,,29.650000000000002,0.10885747814031536,-0.09965637382817281,-0.043801343615107416
,,,,,,,,,,,,,,,,29.700000000000003,0.11006228214361784,-0.08970166857521202,-0.06377551728903623
,,,,,,,,,,,,,,,,29.75,0.11096937815026513,-0.07545316968374384,-0.08136966309216659
,,,,,,,,,,,,,,,,29.8,0.11157065778310649,-0.057531610346892206,-0.09559354313471399
,,,,,,,,,,,,,,,,29.85,0.11186096856043937,-0.03679865999811339,-0.10563491330816177
,,,,,,,,,,,,,,,,29.900000000000002,0.11183796353089231,-0.014302036637911207,-0.11091970895537476
,,,,,,,,,,,,,,,,29.950000000000003,0.11150198104856597,0.008794354131767563,-0.11115462704341114
,,,,,,,,,,,,,,,,30.0,0.11085595104881127,0.03128954173761193,-0.10634851414470577
