mea_k,mea_chik,mea_k3chik,mea_r,mea_chir_mag,mea_chir_re,mea_chir_im,mea_q,mea_chiq_mag,mea_chiq_re,mea_chiq_im,fit_k,fit_chik,fit_k3chik,fit_r,fit_chir_mag,fit_chir_re,fit_chir_im,fit_q,fit_chiq_mag,fit_chiq_re,fit_chiq_im,win_k,win_r
0.0,-2.1413679758615594,-0.0,0.0,0.15158223465606843,-0.15158223465606843,0.0,0.0,0.14107262754749997,0.14096638496667482,0.005473988726959685,0.0,-0.03006275578689144,-0.0,0.0,0.3389006638294895,-0.3389006638294895,0.0,0.0,0.07156102024857669,0.07086074399307618,0.009986720170552575,0.0,0.0
0.05,-2.0691681105428623,-0.00025864601381785784,0.030679615757712823,0.16518249870054855,-0.11521668909816356,0.11836541906407397,0.05,0.14030336725914958,0.13758656279007755,0.027476764799878674,0.05,-0.030263186170845804,-3.7828982713557263e-06,0.030679615757712823,0.3369060799878043,-0.2990735090298613,0.15511525691986022,0.05,0.07072397894734658,0.06773970768950081,0.02032764620623125,0.0,0.0
0.1,-1.9976614101618222,-0.001997661410161823,0.06135923151542565,0.19960727034571832,-0.016279651725078507,0.1989422914178351,0.1,0.13926008218910435,0.13070695684774047,0.0480526994342567,0.1,-0.03046361655480017,-3.0463616554800178e-05,0.06135923151542565,0.3311472302912873,-0.18967074047256813,0.27144704518225754,0.1,0.06975923148447892,0.0631308441930517,0.02967906482316694,0.0,0.0
0.15000000000000002,-1.9262491857044695,-0.006501091001752587,0.09203884727313846,0.24408494306633846,0.11738927707820068,0.2140028435763299,0.15000000000000002,0.13800990725596124,0.1208508236335882,0.06664692737015251,0.15000000000000002,-0.030796305297103758,-0.00010393753037772524,0.09203884727313846,0.3223015845962135,-0.038398115276835156,0.3200060877177449,0.15000000000000002,0.06869841834321011,0.05733691529058545,0.0378411261436408,0.0,0.0
0.2,-1.8543327481568321,-0.01483466198525466,0.1227184630308513,0.2911802972236459,0.24751963561626217,0.15336230135089776,0.2,0.13663100148448407,0.10862110626035269,0.08288236146147296,0.2,-0.031258638278473215,-0.0002500691062277858,0.1227184630308513,0.3115008826506512,0.11637460680700303,0.288945930552154,0.2,0.06757814113651807,0.05068072612094719,0.04470200397432643,0.0,0.0
0.25,-1.7813134085049411,-0.027833022007889705,0.15339807878856412,0.3365430792966017,0.335429827261119,0.027350963529913352,0.25,0.1352120492879904,0.09464312048339607,0.09656592575967633,0.25,-0.03184578984975249,-0.0004975904664023827,0.15339807878856412,0.30030828322833825,0.23527966311945983,0.1866240742721724,0.25,0.06644066272222321,0.043481111820441995,0.05023698416332772,0.0,0.0
0.30000000000000004,-1.7065924777348238,-0.04607799689884027,0.18407769454627693,0.3774338690595233,0.3522647013293239,-0.13552086817388537,0.30000000000000004,0.13385119204098783,0.07950962754325641,0.10767711334692273,0.30000000000000004,-0.032549509043341376,-0.0008788367441702176,0.18407769454627693,0.2906230130369065,0.28791331107459384,0.03959369915421008,0.30000000000000004,0.06533461118433714,0.03603042019332342,0.0545015618060718,0.0,0.0
0.35000000000000003,-1.6295700265525312,-0.0698678148884398,0.21475731030398976,0.411924385455091,0.2868221908901745,-0.29565982166252264,0.35000000000000003,0.13265416853854373,0.06373350296141306,0.11634074535999808,0.35000000000000003,-0.033356507799787584,-0.001430160271915893,0.21475731030398976,0.284445395063467,0.2606022590950451,-0.11399844440767957,0.35000000000000003,0.06431552338252337,0.02857476951580821,0.05761917298162435,0.0,0.0
0.4,-1.5494891497601753,-0.09916730558465124,0.2454369260617026,0.4385468046691051,0.1489250707318583,-0.41248590665984364,0.4,0.13173145538098097,0.04771231291444388,0.12278726128204655,0.4,-0.034246443947693016,-0.0021917724126523535,0.2454369260617026,0.2834676408860495,0.1600142887749308,-0.23398574917578924,0.4,0.06344597702597399,0.02129817650786138,0.05976436796470285,0.0,0.0
0.45,-1.4652842869773313,-0.13352403065080934,0.2761165418194154,0.4561453634871161,-0.03259968605306188,-0.4549789589640768,0.45,0.1311942808239652,0.03170783653703583,0.1273049583600657,0.45,-0.0351895259294276,-0.0032066455503190904,0.2761165418194154,0.2885881200564548,0.011673491973655836,-0.2883519249508485,0.45,0.06279497787608455,0.014311485510454684,0.061142379974466116,0.0,0.0
0.5,-1.3758418435691009,-0.1719802304461376,0.30679615757712825,0.46381745960340826,-0.2169131960541329,-0.40996987841857424,0.5,0.13114956216843998,0.015842060060256857,0.13018923453965275,0.5,-0.036143822515441994,-0.004517977814430249,0.30679615757712825,0.29959968625101324,-0.1462971082293955,-0.2614519614105469,0.5,0.06243623418897255,0.007646882517293783,0.061966188582701545,0.0,0.0
0.55,-1.279951795497838,-0.2129519799759529,0.3374757733348411,0.46089829833404644,-0.36143309345363733,-0.2859953852140869,0.55,0.13169408264435284,0.00010956807323896618,0.13169403706461033,0.55,-0.03705244133978073,-0.006164599927906021,0.3374757733348411,0.31525403576081973,-0.27268771904017586,-0.15819770841624198,0.55,0.06244502966796336,0.0012586251114586587,0.06243234412595469,0.0,0.0
0.6000000000000001,-1.1764077410753024,-0.25410407207226543,0.36815538909255385,0.4469724137313515,-0.4328111401889134,-0.11161924370467298,0.6000000000000001,0.13290852267520642,-0.015595282065859934,0.13199038819926293,0.6000000000000001,-0.037840844299847506,-0.008173622368767066,0.36815538909255385,0.33363332618797237,-0.3336188767635052,-0.003105062045612752,0.6000000000000001,0.06289366093790087,-0.004969573217527922,0.06269701690038584,0.0,0.0
0.65,-1.0641611685352268,-0.29224526090898667,0.3988350048502667,0.4219116805247507,-0.4158103908820875,0.0714925520435863,0.65,0.13485218232523852,-0.031439360761378,0.13113610362060976,0.65,-0.03841469015393908,-0.01054963428352552,0.3988350048502667,0.3525802531741128,-0.3112549499464292,0.16562968049889884,0.65,0.06384583444932886,-0.011210337446471846,0.06285394904751282,0.0,0.0
0.7000000000000001,-0.9416323920334451,-0.3229799104674717,0.4295146206079795,0.3859573407478655,-0.3177326583312524,0.21910962257947403,0.7000000000000001,0.1375592524410746,-0.04760394190742226,0.12905972511601768,0.7000000000000001,-0.0386587229690825,-0.013259941978395301,0.4295146206079795,0.37001029319770784,-0.20859243667943947,0.3056089207343067,0.7000000000000001,0.06535089227557905,-0.01767182020742095,0.06291618147798646,0.0,0.0
0.75,-0.8065924428518311,-0.34028118682811626,0.46019423636569234,0.3399029209382088,-0.1671123113995853,0.295985592624057,0.75,0.1410372477776977,-0.06423472167950453,0.12556036712061766,0.75,-0.03843733985861713,-0.016215752752854102,0.46019423636569234,0.3840819970793523,-0.04904854109596953,0.3809372928669765,0.75,0.06743901057130584,-0.02457101171080094,0.0628035471159423,0.0,0.0
0.8,-0.6569572654912899,-0.33636211993154047,0.4908738521234052,0.2855542976967132,-0.006812500101229694,0.28547302285055565,0.8,0.14526776320411014,-0.08139360585008178,0.12032374642208805,0.8,-0.03759754626766262,-0.019249943689043265,0.4908738521234052,0.39327623628884534,0.1291421066563512,0.3714680528899885,0.8,0.07011836726400802,-0.03210252168887259,0.062337898015459074,0.0,0.0
0.8500000000000001,-0.49150728055373116,-0.3018469086700602,0.521553467881118,0.2270608025711464,0.1169095697062727,0.19465035467562672,0.8500000000000001,0.15020921914750252,-0.0990170390535526,0.11295324472528302,0.8500000000000001,-0.03597501228712418,-0.022093154420830142,0.521553467881118,0.39643781296383246,0.28240886511627605,0.27822324211194793,0.8500000000000001,0.07337470712241083,-0.040404882612808814,0.061247800828639606,0.0,0.0
0.9,-0.3147896623313436,-0.22948166383954952,0.5522330836388308,0.17507625457043366,0.16671708409597003,0.05345192966534095,0.9,0.15580090847496084,-0.11688511942759601,0.10301355220561875,0.9,-0.033403855377027024,-0.024351410569852704,0.5522330836388308,0.3928147256954434,0.372885568701749,0.12353040669065937,0.9,0.07717301547950799,-0.04952711885749166,0.05918394052339091,0.0,0.0
0.9500000000000001,-0.13630511210472343,-0.11686459549078729,0.5829126993965437,0.15517431476536978,0.12477925595349265,-0.09224535352306273,0.9500000000000001,0.161967545134024,-0.13460489012300927,0.09008334602863453,0.9500000000000001,-0.029730595340004842,-0.02549026917963666,0.5829126993965437,0.3821184810933457,0.3782431148340097,-0.05428332776969146,0.9500000000000001,0.0814605036181697,-0.05939891755908039,0.05574569259176362,0.0,0.0
1.0,0.04491670188581068,0.04491670188581068,0.6135923151542565,0.1920989482591462,-0.0011751597679074259,-0.19209535372254588,1.0,0.1686236263041457,-0.15161009781299872,0.0738126384103233,1.0,-0.02483253031599117,-0.02483253031599117,0.6135923151542565,0.3646289088097904,0.2977818386325697,-0.21042865232763486,1.0,0.08616999449755784,-0.06980810648018139,0.05051827611232202,0.0,0.0
1.05,0.220809225299017,0.25561427943677456,0.6442719309119693,0.27128102517990277,-0.17812045202186855,-0.20461304746810322,1.05,0.1756771559561355,-0.16717843889844558,0.05397992860605738,1.05,-0.018640851334270393,-0.021579115525834764,0.6442719309119693,0.3413788087068795,0.15312791382606483,-0.30510872331253575,1.05,0.09122300942247094,-0.08038917589865299,0.04311864847635707,0.0,0.0
1.1,0.3626602409761182,0.48270078073921346,0.6749515466696822,0.37098309371452576,-0.3545892509709434,-0.10906382955804318,1.1,0.1830325301013924,-0.18046596042294957,0.03054413534444072,1.1,-0.011170194676626064,-0.014867529114589296,0.6749515466696822,0.3144730624280512,-0.01680439442813103,-0.314023755981583,1.1,0.09653219504936533,-0.09062617890022683,0.03324696044742731,0.0,0.0
1.1500000000000001,0.4641739497732781,0.7059505558614345,0.705631162427395,0.48072807691277747,-0.4727559114330899,0.08718561886759589,1.1500000000000001,0.19059258216848396,-0.19055692660521378,0.00368647533905659,1.1500000000000001,-0.002564130419940753,-0.003899721852427394,0.705631162427395,0.28758853864798734,-0.16548017784855604,-0.23520943497422708,1.1500000000000001,0.10200302521345794,-0.09987245049033222,0.02073911246301243,0.0,0.0
1.2000000000000002,0.5192002774655694,0.8971780794605044,0.7363107781851077,0.5953003689290673,-0.4830083356608084,0.34797338537488687,1.2000000000000002,0.19825990786831824,-0.19652618078792825,-0.026162020810032532,1.2000000000000002,0.00676972950750675,0.011698092588971669,0.7363107781851077,0.2665019215760002,-0.2507255299544866,-0.09033262330267196,1.2000000000000002,0.10753489157962205,-0.10738820026227083,0.005614922214197166,0.0,0.0
1.25,0.5315753487708528,1.0382331030680718,0.7669903939428205,0.7112565190891658,-0.357509621284994,0.6148761717903021,1.25,0.20593764205210124,-0.1975098988723469,-0.05831082456469542,1.25,0.004153757262111185,0.008112807152560908,0.7669903939428205,0.25874648020692453,-0.2460388170963312,0.08009145710567678,1.25,0.11302176841264941,-0.11239522395030237,-0.011884181430958218,0.0,0.0
1.3,0.5067913033276786,1.11342049341091,0.7976700097005334,0.8257769544050705,-0.09932039430114938,0.8197823111670427,1.3,0.21352986769214582,-0.19277971172474917,-0.09182040701253673,1.3,-0.0017002869446753833,-0.0037355304174518174,0.7976700097005334,0.2707949345417721,-0.1483060096474298,0.22657277876201085,1.3,0.11835263917293577,-0.11414588627029272,-0.031274012322830155,0.0,0.0
1.35,0.45491845592893604,1.1192699960061563,0.8283496254582462,0.936283051483552,0.2554313592071349,0.900766769607398,1.35,0.2209418209673759,-0.18181453430349395,-0.1255339132202275,1.35,-0.005843672378388797,-0.01437762542797834,0.8283496254582462,0.3039636051338718,0.020206897180795564,0.30329120421190103,1.35,0.12341184441555308,-0.11200135768191415,-0.051828363079076796,0.0,0.0
1.4000000000000001,0.3823095252757976,1.0490573373567889,0.859029241215959,1.0403067046707966,0.6432717798329035,0.8175814681446861,1.4000000000000001,0.22808003224109966,-0.16436413763763502,-0.1581294765871867,1.4000000000000001,-0.008491216869536489,-0.023299899090008132,0.859029241215959,0.3541549623120141,0.216345216043726,0.28039344647337544,1.4000000000000001,0.12807947691739446,-0.10551209822066526,-0.07260543737562682,0.0,0.0
1.4500000000000002,0.3009815109709901,0.917579758883935,0.8897088569736719,1.1354537933231168,0.9860563022530713,0.5629816032152871,1.4500000000000002,0.2348525197942237,-0.14049858903342025,-0.1881910001389926,1.4500000000000002,-0.009902845617611377,-0.030190062720990497,0.8897088569736719,0.41530945127186636,0.3861876570710122,0.15277772691639652,1.4500000000000002,0.13223192429662584,-0.09449205438908055,-0.09250153220633497,0.0,0.0
1.5,0.2223975282330433,0.7505916577865211,0.9203884727313847,1.2194070846014968,1.2079268352702204,0.16693231745348683,1.5,0.24116913612640234,-0.11063820784621839,-0.21429358176233876,1.5,-0.010444595977153732,-0.03525051142289384,0.9203884727313847,0.48186758740367214,0.4784786944669825,-0.05704831926891146,1.5,0.1357426476253991,-0.0790772442743773,-0.11033066582924134,0.0,0.0
1.55,0.15003002246100972,0.5586930498919926,0.9510680884890975,1.2899475014455923,1.2527158448032945,-0.3076809527164376,1.55,0.24694215732988117,-0.0755596631867232,-0.2350982057903563,1.55,-0.01059760316021254,-0.039464149468236474,0.9510680884890975,0.5492754433683739,0.4581033136363418,-0.30305918023205825,1.55,0.13848329021751993,-0.059759580540025795,-0.12492563469180384,0.0,0.0
1.6,0.08446441180136322,0.3459662307383838,0.9817477042468103,1.3449846293738195,1.0976765694779442,-0.7772321416867437,1.6,0.2520872051447608,-0.03637527461805004,-0.24944898956331363,1.6,-0.0106288435797648,-0.04353574330271663,0.9817477042468103,0.6137622772434489,0.31616891011190423,-0.5260621191890886,1.6,0.14032523880946812,-0.03738806789253185,-0.1352527449858142,0.0,0.0
1.6500000000000001,0.03320797090113372,0.14917435628425535,1.012427320004523,1.3825920998731827,0.7601175103607127,-1.154894923824141,1.6500000000000001,0.25652459927115606,0.005515568716390347,-0.25646529693695785,1.6500000000000001,-0.010671590748573594,-0.04793811959143617,1.012427320004523,0.6720773350370775,0.07394905466109926,-0.6679966179444846,1.6500000000000001,0.14114181974510892,-0.013131944756881495,-0.14052958872729623,0.0,0.0
1.7000000000000002,-0.006098320497579484,-0.02996104860460801,1.043106935762236,1.4010456614292373,0.2950751527824676,-1.3696202391977466,1.7000000000000002,0.26018125512040224,0.048501759214859816,-0.25562054860494215,1.7000000000000002,-0.010990570692709421,-0.053996673813281396,1.043106935762236,0.7213287631625797,-0.2206415813358393,-0.6867550343108357,1.7000000000000002,0.14081142597049434,0.011596183397652417,-0.14033312586289817,0.0,0.0
1.75,-0.03320924186787688,-0.17798078063565267,1.0737865515199487,1.3988630117645677,-0.215769199390886,-1.3821220562154608,1.75,0.26299327075892265,0.0908590686972582,-0.2467996963125014,1.75,-0.011765631768493564,-0.0630564327592702,1.0737865515199487,0.758910480444072,-0.5035515985782945,-0.5677859675063276,1.75,0.1392220775690408,0.03525489420065084,-0.13468436923986735,0.0,0.0
1.8,-0.0515500991833314,-0.30064017843718877,1.1044661672776617,1.3748455985176293,-0.6816147281912642,-1.1939856708001346,1.8,0.26490938812306747,0.13086601333348127,-0.2303281799301577,1.8,-0.013128040708414139,-0.07656273341147127,1.1044661672776617,0.7824863722521105,-0.7097959909684942,-0.32935478433646853,1.8,0.1362783012278059,0.05631915925725435,-0.12409644509853061,0.0,0.0
1.85,-0.06320074527372381,-0.40016341879374157,1.1351457830353744,1.3281242332439822,-1.0225600029461621,-0.8475169728711401,1.85,0.26589556935548964,0.16692871880054203,-0.20696680082199068,1.85,-0.015155046454939218,-0.09595607101025454,1.1351457830353744,0.7900117933049867,-0.7897644726885761,-0.019766416971631527,1.85,0.1319119390837228,0.0734445620061337,-0.10957488756350599,0.0,0.0
1.9000000000000001,-0.06957083111138479,-0.4771863305929884,1.1658253987930873,1.2582135346401138,-1.1874210653653945,-0.4160919517102925,1.9000000000000001,0.26594099941753957,0.19770464177890343,-0.17786930536288512,1.9000000000000001,-0.01772200571492838,-0.12155523719869378,1.1658253987930873,0.7797844990842887,-0.7225589835724879,0.2932104709433621,1.9000000000000001,0.12609990778034708,0.08563485655809946,-0.09256272513536844,0.0,0.0
1.9500000000000002,-0.07013330262132055,-0.5200296722742643,1.1965050145508,1.1650873789393914,-1.1650154184445338,0.012948951709258912,1.9500000000000002,0.2650659059170738,0.2222137855476816,-0.1445024843807469,1.9500000000000002,-0.02057085873510339,-0.1525303461634498,1.1965050145508,0.7505300140203945,-0.5227969442208122,0.5384966639254459,1.9500000000000002,0.11889472437058589,0.09239436784847088,-0.0748280446960833,0.0,0.0
2.0,-0.06687689756002263,-0.535015180480181,1.227184630308513,1.0493056454133316,-0.9860059249048643,0.35893544482091994,2.0,0.263331658623859,0.2399257184103368,-0.10853207857069906,2.0,-0.023515428047720183,-0.18812342438176147,1.227184630308513,0.7015477696672189,-0.23875131947313277,0.6596719492102777,2.0,0.11047912744240027,0.09384558092464565,-0.05829789482777147,0.0,0.0
2.0500000000000003,-0.06104190710601332,-0.5258836599566932,1.2578642460662257,0.9122739884491502,-0.71459106903477,0.5671009028882469,2.0500000000000003,0.2608536290440821,0.25081144706394937,-0.07168147464411788,2.0500000000000003,-0.026403066564523327,-0.2274657188366891,1.2578642460662257,0.6329960921932506,0.05825001177727236,0.6303102322347891,2.0500000000000003,0.1012661779975495,0.09079317450267692,-0.04484906097074762,0.0,0.0
2.1,-0.050829959748574724,-0.47073625723155055,1.2885438618239387,0.7568859224420648,-0.43178608936171176,0.621640629805272,2.1,0.2578171548879047,0.25535111841653585,-0.035573749843362173,2.1,-0.0290048650903456,-0.26861405560169066,1.2885438618239387,0.5465493794964508,0.29104830348840366,0.46260902419265176,2.1,0.09207896548764084,0.08471891535438832,-0.03607272191629209,0.0,0.0
2.15,-0.038658342780166034,-0.3842011074278326,1.3192234775816514,0.5894379071404808,-0.21417716126998854,0.549149515127237,2.15,0.254496471140092,0.25449162411150467,-0.0015706940657897513,2.15,-0.03101284230308216,-0.3082172566238941,1.3192234775816514,0.4471963364943352,0.3965808927457233,0.20665952405577587,2.15,0.08442867935987608,0.07769720908951129,-0.03303552024947586,0.0,0.0
2.2,-0.02643282204238581,-0.2814566891073242,1.3499030933393643,0.42655138362203976,-0.11331350829143408,0.41122515938177184,2.2,0.2512753139851053,0.2495523396666056,0.029375384001512905,2.2,-0.03206347873457236,-0.3414119215657266,1.3499030933393643,0.3488682299526539,0.3436472902673961,-0.060129707817132956,2.2,0.08073110400677014,0.0722284067012786,-0.0360633944540254,0.0,0.0
2.25,-0.01681591491493124,-0.19154378082788864,1.380582709097077,0.3203441342991363,-0.1409782804412198,0.287655156087458,2.25,0.24866566155072783,0.24208218971796142,0.056840343558233856,2.25,-0.03187525348977964,-0.3630790592820212,1.380582709097077,0.28974622340889183,0.14385146055462616,-0.251514674076914,2.25,0.08382958057452228,0.07099564680690455,-0.04457596565156593,0.0,0.0
2.3000000000000003,-0.012616428982983327,-0.1535040914359582,1.41126232485479,0.36663141219502077,-0.26437244478207017,0.25401929621205255,2.3000000000000003,0.24731754800229672,0.23367661012403368,0.08100130511793438,2.3000000000000003,-0.03033042257395616,-0.3690302514573247,1.41126232485479,0.32963429590262416,-0.14757713623251573,-0.29475372414378126,2.3000000000000003,0.09544755461914646,0.07656029768188143,-0.056997864009422736,0.0,0.0
2.35,-0.01595128652166559,-0.20701380256736085,1.4419419406125027,0.5472972002571532,-0.4129877470428419,0.3591313773562484,2.35,0.24800893337018293,0.22576828781784175,0.10265043227973275,2.35,-0.02736191943491485,-0.3550995701863956,1.4419419406125027,0.46734903258865357,-0.44211287968130203,-0.15149693027073818,2.35,0.1152947452957987,0.09102001178929732,-0.07076888968112524,0.0,0.0
2.4000000000000004,-0.024317707221315737,-0.33616798462746894,1.4726215563702154,0.7848074779635273,-0.49613118903954867,0.6080926086787078,2.4000000000000004,0.2516033883906977,0.21941024123535782,0.12313980303184816,2.4000000000000004,-0.02290140581601466,-0.3165890340005868,1.4726215563702154,0.6595543243459211,-0.6377680712616727,0.16811839293358266,2.4000000000000004,0.14205048560098274,0.11566099781941701,-0.08246741200554203,0.0,0.2499999999999989
2.45,-0.03425129110004546,-0.5037037683286562,1.5033011721279284,1.0468777017182014,-0.427348712430274,0.9556809092678216,2.45,0.25897023461707375,0.21507327859221803,0.14425348263808538,2.45,-0.017039211411937278,-0.25058077292537617,1.5033011721279284,0.881968123521067,-0.6443282491051849,0.602253167955403,2.45,0.17448740649329234,0.15064135201675416,-0.08805133779403805,0.0,0.7500000000000011
2.5,-0.04381361839245386,-0.6845877873820916,1.533980787885641,1.321086239528375,-0.15004253959033279,1.3125380331954217,2.5,0.2708795719880956,0.21248159863244903,0.16800985912455463,2.5,-0.01001482720904062,-0.15648167514125969,1.533980787885641,1.1235777387503105,-0.40825139897642343,1.0467844717271337,2.5,0.2117760489776051,0.19474430596279604,-0.08320907532014686,0.0,1.0
2.5500000000000003,-0.05026213235835517,-0.8334152649335218,1.564660403643354,1.6006072668410631,0.3421025078200067,1.563620637113645,2.5500000000000003,0.2879050186980913,0.2105098432322065,0.19640495333341298,2.5500000000000003,-0.002237236696382358,-0.037096460626477035,1.564660403643354,1.3779100404257936,0.06887163812006439,1.3761877695172526,2.5500000000000003,0.25340156004171377,0.24523841907381327,-0.06380022289734578,0.006155829702431202,1.0
2.6,-0.052772343154115144,-0.9275267032767278,1.5953400194010667,1.8804228454471121,0.9954405034346653,1.5953332823586281,2.6,0.3103711913743023,0.20716200410943517,0.23111508061670524,2.6,0.005824285317350523,0.10236763873775279,1.5953400194010667,1.640004630379836,0.723328477811253,1.4718733304379688,2.6,0.29903927608410336,0.29787578539934423,-0.026353464926427032,0.02447174185242326,1.0
2.6500000000000004,-0.0517011582044135,-0.962139166249809,1.6260196351587797,2.156218449054116,1.7007710779913774,1.325388901533956,2.6500000000000004,0.33836159013152645,0.19964717622321881,0.2731841333284752,2.6500000000000004,0.013798424273950968,0.2567835013291249,1.6260196351587797,1.9054218022949099,1.4364615721129983,1.2518827407163324,2.6500000000000004,0.3484688695255786,0.34704935571728207,0.03142129412761582,0.05449673790581632,1.0
2.7,-0.04702046642106976,-0.9255038405659163,1.6566992509164924,2.424022342257431,2.3120103137397527,0.7283492465323297,2.7,0.3717718318093199,0.18455944187978135,0.322726056183694,2.7,0.021262739540665782,0.4185145023789247,1.6566992509164924,2.1699030061106215,2.0555690688848096,0.6950646437360692,2.7,0.4015232464672539,0.38611705370208077,0.1101568803753428,0.09549150281252644,1.0
2.75,-0.037913194890616224,-0.7884759749907843,1.6873788666742053,2.6800893178953222,2.675906035298588,-0.14968514338171668,2.75,0.4103778882588551,0.15815963265140795,0.3786760380211151,2.75,0.027071882999332376,0.5630105667517405,1.6873788666742053,2.4292642481900035,2.4248501654963324,-0.1463778071517396,2.75,0.4580588903444602,0.40788446930534167,0.20844233428720285,0.14644660940672624,1.0
2.8000000000000003,-0.02569744903126473,-0.5641104011343235,1.718058482431918,2.9208768812632178,2.6667281363190356,-1.1916722714162415,2.8000000000000003,0.453894912367981,0.11674607380619852,0.4386239228819774,2.8000000000000003,0.029359285307518187,0.6444950310706394,1.718058482431918,2.6793835356350035,2.420120965501418,-1.149830702048096,2.8000000000000003,0.5179384020083377,0.40522088865023237,0.32257746306347335,0.2061073738537638,1.0
2.85,-0.01160029482486075,-0.2685366749375546,1.748738098189631,3.1430600247357847,2.2182641355900796,-2.22668600028089,2.85,0.5020167620308673,0.05709059954801118,0.49875995509183085,2.85,0.027240902430554197,0.630603055477703,1.748738098189631,2.9162304244099135,1.979717924998742,-2.1412885900066576,2.85,0.5810199391492977,0.3717668745955132,0.44651266571345716,0.2730047501302266,1.0
2.9000000000000004,-0.0005018600614879531,-0.012239865039629693,1.7794177139473437,3.343562804499548,1.3455397657722243,-3.060871602396695,2.9000000000000004,0.5544372844488827,-0.02309379416997555,0.5539561165452423,2.9000000000000004,0.021669424973605043,0.5284956056812536,1.7794177139473437,3.1359157189589912,1.1243559005428283,-2.9274205719931348,2.9000000000000004,0.6471506498435133,0.3026772734550004,0.5720056221111193,0.34549150281252683,1.0
2.95,0.00714684752025291,0.18347654960775284,1.8100973297050567,3.519596804013968,0.15053168899860161,-3.5163762417341755,2.95,0.6108587287166194,-0.12469520744412325,0.5979962304979451,2.95,0.014193463267701616,0.3643799115571614,1.8100973297050567,3.3347508274248496,-0.039274871391577856,-3.3345195404267605,2.95,0.7161625035704021,0.19533307315990833,0.6890092321951369,0.42178276747988486,1.0
3.0,0.008772449516403772,0.23685613694290183,1.8407769454627694,3.6687014597695087,-1.1905931268624772,-3.4701380962697654,3.0,0.6709926581734489,-0.24680141684346465,0.6239552932436179,3.0,0.005683968326052054,0.15346714480340545,1.8407769454627694,3.509311077186022,-1.3330788018610504,-3.246254017246528,3.0,0.7878696259455295,0.04995043535127459,0.7862846186310443,0.5000000000000001,1.0
3.0500000000000003,0.005729796407154647,0.16256936478654616,1.8714565612204823,3.788783454541131,-2.457170377888306,-2.8839545418457733,3.0500000000000003,0.7345572190785373,-0.3864021413715021,0.6247140891991408,3.0500000000000003,-0.0034208584366931657,-0.09705873360238146,1.8714565612204823,3.656499499043156,-2.538284180657714,-2.63193882997414,3.0500000000000003,0.8620666246705936,-0.12998346586153514,0.8522107509140995,0.5782172325201158,1.0
3.1,0.0008786859004950364,0.026176931661647633,1.902136176978195,3.8781535214031813,-3.4252580606008136,-1.8187033715977572,3.1,0.8012730876823669,-0.5382388251021935,0.5935802626407354,3.1,-0.012749877358411332,-0.37983159638443204,1.902136176978195,3.77360871620351,-3.436662405472982,-1.5586770845225648,3.1,0.9385276052046176,-0.33750991483429416,0.8757403285904231,0.6545084971874737,1.0
3.1500000000000004,-0.0042725779137617265,-0.13354316120029736,1.932815792735908,3.9355596737997867,-3.912139038804422,-0.428716791252101,3.1500000000000004,0.870859323984317,-0.6948375662421146,0.5249730647463321,3.1500000000000004,-0.021670223418204067,-0.6773217943814592,1.932815792735908,3.8583792472009026,-3.853993495476077,-0.18391452378399106,3.1500000000000004,1.0170056941900034,-0.5622804724173994,0.8474321520646694,0.7269952498697739,1.0
3.2,-0.008325530220983604,-0.2728109742811908,1.9634954084936207,3.9602163565273467,-3.814736803826469,1.0635303042408097,3.2,0.9430296998118023,-0.8467482080831586,0.4151174374018729,3.2,-0.029501219730106915,-0.9666959681161436,1.9634954084936207,3.9090530277610016,-3.6966678074725583,1.2709613271234814,3.2,1.097232957957084,-0.7909470698535954,0.7604754412321703,0.7938926261462367,1.0
3.25,-0.01210561357811105,-0.41556301611109336,1.9941750242513334,3.9518294351326606,-3.1334824060717246,2.4079542967464893,3.25,1.0174897107988585,-0.9829963018206347,0.2626853292220566,3.25,-0.03568013208775365,-1.2248320343249182,1.9941750242513334,3.92442141716345,-2.9734145319641048,2.5612281195933853,3.25,1.178920644445006,-1.007860632836071,0.6116133015867973,0.8535533905932737,1.0
3.3000000000000003,-0.014437172752519937,-0.5188286772073092,2.024854640009046,3.9106173900150933,-1.9759839861712583,3.374672674124589,3.3000000000000003,1.0939343053457309,-1.091735817082771,0.06931933432211497,3.3000000000000003,-0.039852278425768745,-1.432171329786852,2.024854640009046,3.9038674717018313,-1.7970409198703594,3.4656637414675906,3.3000000000000003,1.2617597015795063,-1.1960502897543477,0.40187217981411166,0.9045084971874738,1.0
3.35,-0.016538007569124845,-0.6217525963140871,2.055534255766759,3.837329626610906,-0.5390067301574891,3.799285512844583,3.35,1.172046286374996,-1.161070645151948,-0.16002329321651576,3.35,-0.04185242796621052,-1.573457724050172,2.055534255766759,3.8474029265083662,-0.3651707450264956,3.830033890957355,3.35,1.3454215402154894,-1.3384269540725966,0.13701244282097685,0.945503262094184,1.0
3.4000000000000004,-0.018231716110173022,-0.7165793699942407,2.086213871524472,3.733263535426323,0.9281122146597119,3.6160564627703606,3.4000000000000004,1.251495314789801,-1.1799938975609219,-0.4169591402761279,3.4000000000000004,-0.04160464027193132,-1.635228781247989,2.086213871524472,3.755701237015191,1.076582981515156,3.5980912808917696,3.4000000000000004,1.4295590190012353,-1.4191294181113567,-0.17236787246669785,0.9755282581475768,1.0
3.45,-0.018326334936104745,-0.7525457454406044,2.116893487282185,3.6002829470542523,2.171423453958542,2.8717516401054612,3.45,1.3319374402140995,-1.1393776352551097,-0.6898376250427066,3.45,-0.039103287707164563,-1.6057227426741159,2.116893487282185,3.6301293624940003,2.281756372755261,2.823371573815932,3.45,1.5138076341869482,-1.424910696904244,-0.5111194177201125,0.9938441702975689,1.0
3.5,-0.015771141838940145,-0.6761877063445587,2.1475731030398975,3.4408420901240286,2.9819083512946447,1.7168625086617586,3.5,1.4130150910391952,-1.0329337813634867,-0.9641884934091642,3.5,-0.03443749533911588,-1.4765076126645933,2.1475731030398975,3.472783008952368,3.050889733439966,1.6590038160471112,3.5,1.5977869008239427,-1.346449565497274,-0.8602305202774326,1.0,1.0
3.5500000000000003,-0.01061831612220794,-0.47505151770194587,2.1782527187976104,3.258021303176858,3.2362861997996815,0.3757052633918886,3.5500000000000003,1.4943574652912572,-0.8580611238121836,-1.2234522229633176,3.5500000000000003,-0.02783211463885472,-1.2451774978133916,2.1782527187976104,3.2865332656768746,3.2701887238972174,0.3273631263538899,3.5500000000000003,1.681101913805372,-1.1794688460453242,-1.1978968594201236,1.0,1.0
3.6,-0.0035496764951483753,-0.16561370655764263,2.2089323345553233,3.055583852555931,2.9204702649233507,-0.8985800530275972,3.6,1.5755812733417869,-0.6164946170495026,-1.449962322287829,3.6,-0.01964479254274942,-0.916547440874517,2.2089323345553233,3.0750977654623535,2.932894252427749,-0.9243146494716152,3.6,1.7633450783037392,-0.925549068241606,-1.5009146502899875,1.0,1.0
3.6500000000000004,0.005593505081549936,0.271996070788664,2.2396119503130363,2.8380674446046634,2.130657017634479,-1.874813988994586,3.6500000000000004,1.6562917918224027,-0.31468217753820854,-1.6261234967855538,3.6500000000000004,-0.010353245036225278,-0.5034485405321563,2.2396119503130363,2.8431579078905953,2.138843558792666,-1.8732045057099214,3.6500000000000004,1.8440979996999556,-0.5925437797164105,-1.7463073330936818,1.0,1.0
3.7,0.0157718570394557,0.7988918746195496,2.270291566070749,2.6109288764976752,1.0517649606478379,-2.389715477977005,3.7,1.7360841949670773,0.036169315021002936,-1.735707381059779,3.7,-0.0005476378499616908,-0.027739500014109526,2.270291566070749,2.5965568270732,1.072293265163781,-2.3648032708250466,3.7,1.9229335232978961,-0.19453016366222808,-1.9130685691967255,1.0,1.0
3.75,0.025532532094677856,1.3464421221802776,2.3009711818284617,2.3807626349506092,-0.08222200970897509,-2.3793424018195415,3.75,1.814545135064635,0.4204139245479151,-1.7651702975160655,3.75,0.009148018170033148,0.4824150206853418,2.3009711818284617,2.3426308386858574,-0.037317615735376654,-2.3423335889488137,3.75,1.999417914133513,0.24873610362821502,-1.983885668608416,1.0,1.0
3.8000000000000003,0.033734970903807365,1.8511053234337183,2.3316507975861747,2.1556031027534064,-1.037568760229468,-1.8894644226330373,3.8000000000000003,1.8912545479837979,0.8186593293479131,-1.7048872888672215,3.8000000000000003,0.01814651794511331,0.9957357326842579,2.3316507975861747,2.0907413637575845,-0.9633638993122908,-1.8555671498570845,3.8000000000000003,2.0731131671334584,0.7128523476609482,-1.946699703132559,1.0,1.0
3.85,0.04041792030219932,2.306514301165495,2.3623304133438876,1.9452643458608925,-1.6292553942269,-1.0628171223969598,3.85,1.9657876630910112,1.2088079451791398,-1.5501949838754494,3.85,0.025952952363672673,1.481047400180572,2.3623304133438876,1.8530400429145006,-1.5286443200692954,-1.0473795603144334,3.85,2.143579437845477,1.170235016236974,-1.7959629208663472,1.0,1.0
3.9000000000000004,0.044012014418608164,2.6107486832974183,2.3930100291016,1.7615048402990168,-1.758302990330359,-0.1061597691792038,3.9000000000000004,2.037717199566897,1.5673907246311864,-1.3021435027487875,3.9000000000000004,0.03220846567200533,1.910573975197685,2.3930100291016,1.6452631249577423,-1.6408004611911373,-0.12109746859727065,3.9000000000000004,2.2103775840294495,1.5919282718386274,-1.5334710435155752,1.0,1.0
3.95,0.04488151965821982,2.7660424463461304,2.423689644859313,1.6174596721706997,-1.4301172766224326,0.7556059596142581,3.95,2.106615733365347,1.871108928555773,-0.9678745918461155,3.95,0.036649464258807815,2.2587019010872935,2.423689644859313,1.4865785164845398,-1.3091917106173856,0.7042249289283209,3.95,2.273071808637716,1.9496281533226953,-1.1686768205945879,1.0,1.0
4.0,0.04318863395120296,2.7640725728769895,2.454369260617026,1.5254538901390056,-0.7501628788719781,1.3282564609678098,4.0,2.1720582210501957,2.098475572435752,-0.5605686287353091,4.0,0.039097962669674,2.502269610859136,2.454369260617026,1.39621495077153,-0.639899939583587,1.2409449045299583,4.0,2.331232395203028,2.217769812298641,-0.7184299131445586,1.0,1.0
4.05,0.039726531315017126,2.6390384410730015,2.4850488763747385,1.4929315745080032,0.10177938728402937,1.489458170774538,4.05,2.233624668669242,2.2314324901630247,-0.0989353442032863,4.05,0.03946946061031441,2.621961202025762,2.4850488763747385,1.3853696675592855,0.18974486249882272,1.3723141050607284,4.05,2.3844385274786757,2.37551172010847,-0.20613383747452357,1.0,1.0
4.1000000000000005,0.0353813868839107,2.43852056542601,2.5157284921324514,1.5185999223334004,0.9128849308750462,1.2135842892408715,4.1000000000000005,2.2909029358549935,2.2568129673827193,0.3937403862473769,4.1000000000000005,0.03781838699458638,2.6064810500538886,2.5157284921324514,1.4495835115233913,0.9713506001494575,1.0759973831147427,4.1000000000000005,2.4322811864420313,2.4084509847385758,0.33964043344637235,1.0,1.0
4.15,0.03048905992928096,2.179156013722972,2.5464081078901644,1.5923413190069118,1.4848915111686098,0.5750200659768957,4.15,2.3434916676465822,2.1675248350208185,0.8909485315644958,4.15,0.034360731711359005,2.4558774628803546,2.5464081078901644,1.5706288900646208,1.5115104541628852,0.4268621056757456,4.15,2.4743661196101105,2.309918701513559,0.8869967791780919,1.0,1.0
4.2,0.025542382535229235,1.8923840372700638,2.5770877236478773,1.6992353144107142,1.6775825483206734,-0.27040238037116904,4.2,2.3910033492890728,1.963345002257679,1.3646147509174003,4.2,0.029444065064381617,2.1814518924899056,2.5770877236478773,1.7259159488988136,1.6737322521270557,-0.4211961667121228,4.2,2.5103168801926,2.0817329681800394,1.4028822788004103,1.0,1.0
4.25,0.020688905140527368,1.5881967336782963,2.60776733940559,1.8241568297739392,1.4387409933639224,-1.1214153974442753,4.25,2.4330674826897662,1.6512428535560126,1.7869567465113732,4.25,0.023469821728714677,1.8016755336433627,2.60776733940559,1.895710434160775,1.4073195375349958,-1.2701062040074913,4.25,2.539777937147359,1.734327891780429,1.85541874891167,1.0,1.0
4.3,0.015864587268269868,1.2613457399383323,2.6384469551633027,1.9543138345471518,0.8142728953408558,-1.776598495951072,4.3,2.4693338875389235,1.2451849433898847,2.132398720901704,4.3,0.016820582132438595,1.3373540236037953,2.6384469551633027,2.0651847401175023,0.7572436237379924,-1.9213459098044652,4.3,2.562417862006497,1.2862264749113486,2.216214510097583,1.0,1.0
4.3500000000000005,0.010726826627655082,0.8829559393488448,2.6691265709210157,2.0798246379945344,-0.06334962996340517,-2.078859627101502,4.3500000000000005,2.499476135634139,0.7654143147728824,2.37939527597777,4.3500000000000005,0.009868118712228377,0.8122732220448158,2.6691265709210157,2.2238134714702253,-0.14674160651090604,-2.218966709261555,4.3500000000000005,2.577932604818099,0.7628796099494924,2.462468520754639,1.0,1.0
4.4,0.00492146773597037,0.41923030762090013,2.6998061866787286,2.1933852162522443,-1.0053852323489234,-1.9493945833126254,4.4,2.5231951340620915,0.2372411796364228,2.51201717892998,4.4,0.0029706826583860233,0.25305463157195507,2.6998061866787286,2.3642552790785567,-1.1189768158722733,-2.0826891055054695,4.4,2.5860488802657637,0.19494783344182903,2.5786903950183993,1.0,1.0
4.45,-0.001516617713525051,-0.13364605911075522,2.730485802436441,2.28973544460847,-1.8088564606120174,-1.4038969731424427,4.45,2.540222882076312,-0.31057613680852053,2.521165356312271,4.45,-0.0035037632647814437,-0.30875556062621373,2.730485802436441,2.481450748139121,-1.9581792218625516,-1.5241823875461809,4.45,2.586527696774274,-0.3838479005615885,2.557887080270529,1.0,1.0
4.5,-0.008272841080388102,-0.7538626434503658,2.761165418194154,2.3651945084977006,-2.300873573458118,-0.5478374412083838,4.5,2.5503264383991517,-0.8477440066881361,2.4053056025216524,4.5,-0.009211106081907195,-0.8393620417137931,2.761165418194154,2.572016909155295,-2.4902353272324214,-0.6434275374775265,4.5,2.5791680772938252,-0.9391400300922764,2.402108235448562,1.0,1.0
4.55,-0.014716605766635835,-1.3862509155211915,2.791845033951867,2.4173176102428693,-2.375498324362721,0.44769648171523513,4.55,2.5533121510992243,-1.3444956403242398,2.170652992557783,4.55,-0.013890602503948645,-1.3084444024378854,2.791845033951867,2.633860395903959,-2.604289792837133,0.3935673513335177,4.55,2.563811042048424,-1.438399662256134,2.1222943883803835,1.0,1.0
4.6000000000000005,-0.02032217757512334,-1.978079476452206,2.82252464970958,2.444655341567434,-2.015258158895689,1.3838620928613323,4.6000000000000005,2.5490302222355568,-1.7736412394564034,1.830779022047665,4.6000000000000005,-0.017384700876645644,-1.6921572445291808,2.82252464970958,2.6659280101406817,-2.27460563762417,1.390446456553073,4.6000000000000005,2.54034395307821,-1.8532897683483829,1.7374304114053674,1.0,1.0
4.65,-0.02471272825611398,-2.4847319952378846,2.8532042654672924,2.446585338235734,-1.292991010128243,2.0770060339338463,4.65,2.537379705524467,-2.112441479651712,1.4056623936971193,4.65,-0.019644967844262323,-1.9751959250384141,2.8532042654672924,2.6680383631081255,-1.5639496208414068,2.161594386208177,4.65,2.5087053611200503,-2.161690056699092,1.2730666469909409,1.0,1.0
4.7,-0.02767516330027516,-2.8733184793244684,2.8838838812250054,2.4231910307912012,-0.35414599251724815,2.3971723733788726,4.7,2.5183140691826127,-2.3441506126510703,0.9202519525927132,4.7,-0.020700271950076697,-2.149164334672813,2.8838838812250054,2.640759787910674,-0.6083621813030683,2.5697291129234228,4.7,2.468890551900835,-2.3492222032475523,0.7593257515940869,1.0,1.0
4.75,-0.029084127317727384,-3.1170004573795644,2.9145634969827183,2.375169919216721,0.6160280414756744,2.293892237501058,4.75,2.491847500099043,-2.459100311327264,0.4026532286968563,4.75,-0.02063591069873942,-2.2115892419164638,2.9145634969827183,2.585313973168743,0.41282099468312483,2.552141682236781,4.75,2.4209580679843086,-2.410144886849512,0.22855982002851932,1.0,1.0
4.800000000000001,-0.028828122244212752,-3.1881596952319784,2.945243112740431,2.303760056553488,1.432767223815947,1.8040200887268623,4.800000000000001,2.4580621823258677,-2.4552322873507113,-0.11791567890319411,4.800000000000001,-0.01958482435499273,-2.165924895067357,2.945243112740431,2.5034935494876804,1.3147955451162248,2.130444232283247,4.800000000000001,2.365037593633308,-2.347541401696196,-0.28714488785469716,1.0,1.0
4.8500000000000005,-0.02707156760376835,-3.08843610245426,2.9759227284981438,2.210677942225582,1.9504963975718081,1.040509859300782,4.8500000000000005,2.417116855605489,-2.3380337261601984,-0.6132309426224558,4.8500000000000005,-0.017734818509639566,-2.023261251706035,2.9759227284981438,2.397587224034029,1.9446385348681379,1.402428417266672,4.8500000000000005,2.301339747694456,-2.172783950395843,-0.7584026234267774,1.0,1.0
4.9,-0.02428181080992062,-2.856730759976352,3.0066023442558567,2.0980642476143077,2.09154417149641,0.1652772391976217,4.9,2.369257051145729,-2.119880784704164,-1.058056913897269,4.9,-0.015315678306393866,-1.8018742370689325,3.0066023442558567,2.2703094417127647,2.2102989474241057,0.5185397999633344,4.9,2.2301685530612265,-1.9043226293993745,-1.1606925080402037,1.0,1.0
4.95,-0.020776896123114428,-2.519975191420226,3.0372819600135696,1.9684362713669643,1.8589673172624464,-0.6472880871630039,4.95,2.3148275135563297,-1.8188472458175413,-1.4318593205686523,4.95,-0.012572152449517628,-1.5248433687018133,3.0372819600135696,2.1247338668712064,2.0954867451968098,-0.35132507131423085,4.95,2.151937667949126,-1.565907782630113,-1.4760652231648728,1.0,1.0
5.0,-0.016808391424929008,-2.1010489281161258,3.067961575771282,1.824648264831126,1.3313281379083566,-1.2477606659791398,5.0,2.2542874470090752,-1.4570831685817356,-1.720093175842083,5.0,-0.009732999771554467,-1.2166249714443085,3.067961575771282,1.9642318360674862,1.6580218027929396,-1.0531715944157904,5.0,2.0671919088193644,-1.1844061434227742,-1.6942445146172491,1.0,1.0
5.050000000000001,-0.012708424570745995,-1.6366878179580218,3.098641191528995,1.6698633186359564,0.6413699964561753,-1.5417807984832654,5.050000000000001,2.188229357562089,-1.058907496897685,-1.9149576064003275,5.050000000000001,-0.0069661298392599755,-0.8971513174399244,3.098641191528995,1.792418824831383,1.0128923289108591,-1.4787881435971322,5.050000000000001,1.9766362054337527,-0.7874090180822517,-1.8130299851007123,1.0,1.0
5.1000000000000005,-0.008768167089404314,-1.163106132576572,3.129320807286708,1.5075440503599489,-0.055946241465581935,-1.5065055863957342,5.1000000000000005,2.1174023682277294,-0.6487852366779553,-2.0155571204124003,5.1000000000000005,-0.004391925876944957,-0.5825933595026257,3.129320807286708,1.6131144477800028,0.3045138079115224,-1.5841116003703173,5.1000000000000005,1.8811749285404746,-0.4008508714130231,-1.8379710799293552,1.0,1.0
5.15,-0.005268705163993382,-0.7196570484668747,3.160000423044421,1.3414748559980791,-0.6184276452763566,-1.1904209494262978,5.15,2.0427408825005196,-0.24937118974849645,-2.0274625330107634,5.15,-0.002093144531267044,-0.2859044430272305,3.160000423044421,1.4303253529974285,-0.3252241423173193,-1.3928603205925503,5.15,1.7819654743467812,-0.046856809893765235,-1.781349317548506,1.0,1.0
5.2,-0.0026320374993026563,-0.37008552870194794,3.1906800388021335,1.175837145876181,-0.9466918646647858,-0.6974005355602717,5.2,1.9653992105675662,0.12020309847697187,-1.9617199779826242,5.2,-0.00012668010102679275,-0.017812235645175277,3.1906800388021335,1.2482667569554293,-0.765996294217416,-0.9856061960870635,5.2,1.6804908206530662,0.2579827988699828,-1.6605704663718508,1.0,1.0
5.25,-0.0008470897518143748,-0.12257653424301446,3.2213596545598464,1.0153705985171386,-1.0027778363114996,-0.1594178890070981,5.25,1.8867919594352933,0.44564445950607856,-1.833408005300841,5.25,0.001463961923814172,0.2118398652569226,3.2213596545598464,1.0714486489832504,-0.9591011518379394,-0.47762661981004645,5.25,1.5786556843532709,0.5037514884699388,-1.496124395765678,1.0,1.0
5.300000000000001,0.00048376219181808187,0.07202106383130061,3.2520392703175593,0.8656585737169172,-0.8137308033587819,0.2953082218880452,5.300000000000001,1.8086381269788387,0.7182974400942134,-1.6598857376083518,5.300000000000001,0.0026747860699123174,0.39821412573033627,3.2520392703175593,0.9048657645645949,-0.9048222919256018,0.008869719024289974,5.300000000000001,1.4789078543926772,0.6876552977949383,-1.3093122748981265,1.0,1.0
5.3500000000000005,0.001458739879482086,0.2233773847725467,3.2827188860752723,0.733524789000979,-0.46016647984590336,0.5712315002738911,5.3500000000000005,1.7330031939168686,0.9353586572502028,-1.4589051553933057,5.3500000000000005,0.003541620501465313,0.5423296754970716,3.2827188860752723,0.7543288684716176,-0.6564100649938553,0.3716690307039768,5.3500000000000005,1.3843757483373194,0.8137419361800425,-1.1199644074194808,1.0,1.0
5.4,0.002354707291575553,0.3707816289606529,3.313398501832985,0.6272515816832663,-0.0532660985387262,0.6249858154155358,5.4,1.6623272607992423,1.0994930404429464,-1.246774629198813,5.4,0.0041345814775202855,0.6510477377762544,3.313398501832985,0.6268713023041195,-0.303011103808546,0.5487730866407255,5.4,1.298987302784567,0.8919218076973084,-0.9443746617468566,1.0,1.0
5.45,0.003524499237532772,0.5705410903853536,3.3440781175906977,0.5555594016476472,0.2938411906002559,0.47149083073344683,5.45,1.5994182385493243,1.2178971352800216,-1.0367570929011964,5.45,0.004542973430920624,0.7354102924089633,3.3440781175906977,0.5306851641724137,0.053822834103595764,0.5279487153140525,5.45,1.227485642588956,0.9363905061267288,-0.7936585051505153,1.0,1.0
5.5,0.00437684911329231,0.728198271224008,3.3747577333484107,0.523776551329513,0.4933340362039293,0.17596421353609984,5.5,1.5473794290341836,1.3009096302482677,-0.8378646855700932,5.5,0.004848509890925517,0.8066708331027329,3.3747577333484107,0.47298679565800783,0.3242976646348411,0.34430732431828714,5.5,1.1751924079837872,0.9636122809796063,-0.6727024362435536,1.0,0.7499999999999978
5.550000000000001,0.004967281922000468,0.8491760927834281,3.4054373491061236,0.528839745777398,0.5022663439264464,-0.16552944291775898,5.550000000000001,1.5094376206031295,1.3603155547599974,-0.6541739233338772,5.550000000000001,0.005115066349614761,0.8744404133487486,3.4054373491061236,0.45474041520658315,0.4497167835653187,0.06740667475791959,5.550000000000001,1.147355569474775,0.990069531469643,-0.5798164585972587,1.0,0.24999999999999567
5.6000000000000005,0.005854626374573729,1.0281660653971403,3.436116964863836,0.5596110035703945,0.33021912958953076,-0.45179619494878076,5.6000000000000005,1.4886537996337494,1.4075234856241325,-0.4847347445567439,5.6000000000000005,0.005387612169624662,0.9461508987808049,3.436116964863836,0.4671649884822209,0.4129906870183044,-0.2183616699417334,5.6000000000000005,1.1480873258620996,1.0300099325488226,-0.5071331646184822,1.0,3.749399456654644e-33
5.65,0.00635538211609462,1.1462702236458224,3.466796580621549,0.6030084803522016,0.0338123543865714,-0.6020597578874612,5.65,1.487544339806646,1.451811052743879,-0.3240876887842232,5.65,0.0057006456101928345,1.0281805561263013,3.466796580621549,0.49621190461722536,0.23861512666095772,-0.43507364389540937,5.65,1.179280650673919,1.093427364483408,-0.441723274972884,1.0,0.0
5.7,0.006358127328700876,1.1774806743841015,3.497476196379262,0.6487484817153306,-0.299980168316529,-0.5752273386624923,5.7,1.5077052030168898,1.4988310506036164,-0.16334154692135122,5.7,0.006072267137363526,1.1245413679697636,3.497476196379262,0.5294874606515735,-0.017039272303970374,-0.5292132218554283,5.7,1.2401430719648765,1.1844944649096605,-0.36732506250031194,1.0,0.0
5.75,0.006496626459803981,1.2350695958817974,3.5281558121369745,0.6902357306156165,-0.5771893369166669,-0.378520584867154,5.75,1.549570512088218,1.549548310037093,0.008294986107968898,5.75,0.00649627660239719,1.2350030847088533,3.5281558121369745,0.5587847185879891,-0.2821030144106233,-0.48234660876583124,5.75,1.3276512059192704,1.3006245781502839,-0.26652097720496454,1.0,0.0
5.800000000000001,0.007446646789369441,1.4529301483674508,3.5588354278946874,0.7237736158785575,-0.7209528930709049,-0.06383708181467886,5.800000000000001,1.6124011291810707,1.5997377819028888,0.20168398681307656,5.800000000000001,0.006928906637848072,1.3519128319238136,3.5588354278946874,0.5794467163109004,-0.48789408883502294,-0.3125985526571226,5.800000000000001,1.4375666434442766,1.4322824712134756,-0.12314534907280626,1.0,0.0
5.8500000000000005,0.008323325788137433,1.6663433481895205,3.5895150436524004,0.7476774783823029,-0.6904878116779395,0.28678945867017025,5.8500000000000005,1.6944971199537318,1.6401203927406875,0.4258234221454053,5.8500000000000005,0.0072919005472178835,1.45985033889141,3.5895150436524004,0.5891878713306782,-0.5853325277559023,-0.06729175041609267,5.8500000000000005,1.5654047829514852,1.5635915834804002,0.0753226032253345,1.0,0.0
5.9,0.009011704708319907,1.8508149012900346,3.6201946594101133,0.7616686357207799,-0.49051248123380725,0.582697705842925,5.9,1.7935341842761572,1.657149986302024,0.6860166128209592,5.9,0.007496632864344222,1.5396509610461522,3.6201946594101133,0.5872367251050082,-0.5553637292996337,0.1908352679419037,5.9,1.7070282791934688,1.6737073259040685,0.33563273556264983,1.0,0.0
5.95,0.010192162875117493,2.146926874808765,3.650874275167826,0.7665071246936727,-0.16915236179191076,0.7476099589400745,5.95,1.906901913518121,1.634397947187578,0.9823534282569095,5.95,0.007456837168599148,1.5707445332749215,3.650874275167826,0.5738164731250764,-0.4113525041437591,0.4000680719132186,5.95,1.8588775670461448,1.7388483863235693,0.6571393297066566,1.0,0.0
6.0,0.010238663685911347,2.211551356156851,3.6815538909255388,0.7637657476937448,0.1948002618313436,0.7385059074514063,6.0,2.031964306626128,1.5544183099480784,1.3086873809664252,6.0,0.007106672770357795,1.5350413183972837,3.6815538909255388,0.5498411725331825,-0.19346189570543654,0.514682241701347,6.0,2.0179831562665647,1.7348085830750917,1.0308710875102465,1.0,0.0
6.050000000000001,0.009680508278752109,2.1437013658517965,3.7122335066832517,0.7556674389298618,0.5118701469724265,0.5558976802409261,6.050000000000001,2.1662208671836725,1.4009215978438472,1.652250441705683,6.050000000000001,0.006406015985574881,1.4185810106776282,3.7122335066832517,0.516738422962353,0.04305573135658995,0.5149415517929863,6.050000000000001,2.181885823309484,1.6397173985415168,1.4394278720655458,1.0,0.0
6.1000000000000005,0.008921072977104505,2.024914065416158,3.7429131224409646,0.7449250339643215,0.7040898896313172,0.24325035158392894,6.1000000000000005,2.3073840897455034,1.161045922778651,1.993989393855884,6.1000000000000005,0.005335848717110481,1.2111362776584544,3.7429131224409646,0.47635139332618276,0.2423994911653713,0.41006479561962494,6.1000000000000005,2.3485358778571337,1.4367835184559223,1.8577604502937397,1.0,0.0
6.15,0.006829894692861712,1.5886907059276874,3.773592738198677,0.7345308083175431,0.7239824887021046,-0.12403573848020713,6.15,2.4534012007045054,0.8274933696052751,2.3096389706786677,6.15,0.0039011059169380548,0.9074299080418461,3.773592738198677,0.43090139426868224,0.3618744153836102,0.23392930358008737,6.15,2.5162017522421927,1.1167462852719348,2.254805754897307,1.0,0.0
6.2,0.003827626318488125,0.9122305252326379,3.80427235395639,0.7274562126983485,0.5658460291832211,-0.4571770036331727,6.2,2.602445025965622,0.4003010334655317,2.5714741289345366,6.2,0.002132789026215259,0.5083033430398304,3.80427235395639,0.38300932502549,0.3814022840066721,0.035049119974334624,6.2,2.683396703475196,0.6797765130438499,2.5958662832541073,1.0,0.0
6.25,0.0005444729637898983,0.13292796967526815,3.834951969714103,0.7262599070637769,0.26681688143167376,-0.6754718383406979,6.25,2.752891121604375,-0.11196008303552038,2.7506134710669317,6.25,9.22151037720002e-05,0.022513453069335988,3.834951969714103,0.3357779695865476,0.30684882333854796,-0.13634751363854444,6.25,2.848823423277648,0.13660976380044382,2.8455461109336753,1.0,0.0
6.300000000000001,-0.002720303846072327,-0.6802038157988474,3.865631585471816,0.7326714991319495,-0.10230732726888087,-0.7254934434075586,6.300000000000001,2.9032911817629086,-0.6917202646112215,2.8196848692058567,6.300000000000001,-0.0021290171315339586,-0.5323543466886719,3.865631585471816,0.29290127202335803,0.16676148766146998,-0.24079402273693296,6.300000000000001,3.0113334727950023,-0.4912412753458656,2.9709950006306265,1.0,0.0
6.3500000000000005,-0.005771114202087727,-1.4776815278268836,3.8963112012295285,0.7472847697489772,-0.45407259647082887,-0.5935087229628742,6.3500000000000005,3.052347782529159,-1.3127800123868387,2.75561891860763,6.3500000000000005,-0.004414166406427712,-1.1302379282622026,3.8963112012295285,0.2586160818100461,0.0037432794740930716,-0.2585889897686274,6.3500000000000005,3.169898099774391,-1.172268605557847,2.9451723683643296,1.0,0.0
6.4,-0.008166029017532375,-2.1406755107720072,3.9269908169872414,0.7694886473761948,-0.705005516433796,-0.3083504503625096,6.4,3.1988925622762943,-1.9415378737125382,2.542310820872694,6.4,-0.0066292214663023,-1.7378106320623505,3.9269908169872414,0.237003426715694,-0.1370787546362113,-0.19333918201535535,6.4,3.323587483854568,-1.866728638245815,2.7498287135724766,1.0,0.0
6.45,-0.009831945459757777,-2.6382661458827457,3.9576704327449543,0.7976616288694288,-0.794951198216378,0.06570134416414397,6.45,3.3418683637574476,-2.5390223097261355,2.1728897513210006,6.45,-0.008632831300277605,-2.3165004988952043,3.9576704327449543,0.23021793878637922,-0.21947255192438328,-0.0695132957846766,6.45,3.4715561107743933,-2.5292725394558664,2.377915526550408,1.0,0.0
6.5,-0.010894361801501728,-2.991864109737412,3.988350048502667,0.8295317235440369,-0.7006315860169952,0.44411514389992424,6.5,3.4803151181682064,-3.0635944891354683,1.6513576620129773,6.5,-0.010287445915157727,-2.8251898344501907,3.988350048502667,0.23679934216373247,-0.2246012252351483,0.07502145074608077,6.5,3.6130325635364637,-3.112255858315955,1.8351751353897776,1.0,0.0
6.550000000000001,-0.010983862902360128,-3.0865904170037113,4.01902966426038,0.8625586383088012,-0.44043199907632463,0.7416380914642705,6.550000000000001,3.613358958716565,-3.474119811430322,0.9934055065101083,6.550000000000001,-0.011470681448081079,-3.2233919659122563,4.01902966426038,0.25231123462123206,-0.15468373223280985,0.19933364517466387,6.550000000000001,3.7473124811611336,-3.569466920135322,1.1407264078321633,1.0,0.0
6.6000000000000005,-0.00984110001999596,-2.8292768913487594,4.049709280018092,0.8942386504900667,-0.0695620109278033,0.8915289623259447,6.6000000000000005,3.740203984886539,-3.733352778310106,0.22628053660303582,6.6000000000000005,-0.012085877116847488,-3.4746413275851866,4.049709280018092,0.2717048477955053,-0.031199941960736673,0.2699075544278547,6.6000000000000005,3.8737537800539616,-3.859965864331892,0.326545363885179,1.0,0.0
6.65,-0.008422875664578128,-2.476996116860762,4.080388895775806,0.9223025991132119,0.3330021758344915,0.8600881554936566,6.65,3.86012613405615,-3.8112479930970573,-0.6123418211562328,6.65,-0.012070969694200549,-3.5498262410568624,4.080388895775806,0.290921718233002,0.1115957611547472,0.2686667680081309,6.65,3.991773482670986,-3.9517050442568014,-0.564165560939877,1.0,0.0
6.7,-0.0070138417416605175,-2.1095040837470425,4.111068511533518,0.9448228081807525,0.6825384834200464,0.6533233177449173,6.7,3.972468690353271,-3.68790318545376,-1.4764408523733838,6.7,-0.011404993337533437,-3.4302000111765696,4.111068511533518,0.3072028163385029,0.2359750739687257,0.19669604681274702,6.7,4.100845677089872,-3.8246093040143676,-1.479627973158598,1.0,0.0
6.75,-0.005202774569872024,-1.6000970602936102,4.1417481272912315,0.9602583133135603,0.9072889270730655,0.31452000111027784,6.75,4.076639040914288,-3.3558596310088844,-2.3145608669619118,6.75,-0.0101091175571591,-3.109027513711915,4.1417481272912315,0.31885073913671147,0.31038559806384886,0.07298338415402567,6.75,4.2005002589449765,-3.472831327959873,-2.3629737605266126,1.0,0.0
6.800000000000001,-0.0034081917563522504,-1.0716445503333512,4.172427743048944,0.9674637198094944,0.9636000930597856,-0.08637655817868986,6.800000000000001,4.172106363825544,-2.8215301679421074,-3.073343297203583,6.800000000000001,-0.008245139974062217,-2.5925358523243314,4.172427743048944,0.32494033624794333,0.3170377948983629,-0.07122681185417483,6.800000000000001,4.290322198748734,-2.9059601095234293,-3.1563048666018854,1.0,0.0
6.8500000000000005,-0.0022296281137950736,-0.7166451174114131,4.2031073588066565,0.9656783952940945,0.8442361914193731,-0.4688283441042031,6.8500000000000005,4.258399995411152,-2.1055918585331175,-3.7014123583028082,6.8500000000000005,-0.005911833763524185,-1.9001764354174009,4.2031073588066565,0.3251064457654895,0.2556619303336467,-0.2008262394617366,6.8500000000000005,4.369951143577119,-2.1490444743373622,-3.8050073383071172,1.0,0.0
6.9,-0.001273920879121001,-0.418494474079161,4.23378697456437,0.9545054361518901,0.5783149179629954,-0.7593632090804531,6.9,4.335108276630492,-1.242263765490355,-4.1533052508887325,6.9,-0.0032387055464478836,-1.063943920358048,4.23378697456437,0.3194055053398809,0.14271336033666643,-0.28574949452770954,6.9,4.439081209998779,-1.2413914038244291,-4.261970127942597,1.0,0.0
6.95,-0.0001585079406327633,-0.05321149212677765,4.264466590322082,0.9338852036664352,0.22329995103034495,-0.9067958455445992,6.95,4.401877720271023,-0.27748324248990147,-4.393123093467302,6.95,-0.00037762960124763543,-0.1267711540091342,4.264466590322082,0.30822706967801095,0.006470738751781336,-0.3081591407411106,6.95,4.497460860273153,-0.2342021705447197,-4.491358762446068,1.0,0.0
7.0,0.0008536295418505256,0.29279493285473024,4.295146206079795,0.904065701891745,-0.14873338809005193,-0.8917472582544156,7.0,4.458412373994993,0.7339115027172326,-4.397591932270547,7.0,0.002507023276312045,0.8599089837750314,4.295146206079795,0.29223754950177094,-0.12053578801502042,-0.26622154147701516,7.0,4.544892779936047,0.8127910495159296,-4.47162398809891,1.0,0.0
7.050000000000001,0.002790189689035596,0.977689791286007,4.325825821837508,0.8655708870757897,-0.46716649615132544,-0.7286758026906499,7.050000000000001,4.504473280760501,1.731797391405919,-4.158263740096932,7.050000000000001,0.005249046780849988,1.8392797707576363,4.325825821837508,0.2723469400639256,-0.2097463741492344,-0.1737219453420692,7.050000000000001,4.581233694522371,1.8354382220150272,-4.197483614857051,1.0,0.0
7.1000000000000005,0.0042985865235083435,1.538511401215395,4.356505437595221,0.8191675703013019,-0.6775190951530389,-0.4604382520342396,7.1000000000000005,4.539877959133889,2.6549132265881346,-3.682652256610319,7.1000000000000005,0.007691092871825504,2.7527267408479386,4.356505437595221,0.24969535214396488,-0.24337179196622438,-0.0558385150003779,7.1000000000000005,4.606394078162745,2.769717357801247,-3.680697238462746,1.0,0.0
7.15,0.00608363045842307,2.223724346491744,4.387185053352934,0.7658315515597058,-0.751572697722833,-0.14709332208489106,7.15,4.564499842738725,3.4452183608737057,-2.9941825696274,7.15,0.009694614377060274,3.5436324029625372,4.387185053352934,0.22565880291775733,-0.21816498781123625,0.05767090624915115,7.15,4.620337718413989,3.556355880282295,-2.949551404024098,1.0,0.0
7.2,0.0090896609380636,3.392697765810363,4.417864669110647,0.706713836599832,-0.6910115566248476,0.14814680372036104,7.2,4.578267631503655,4.052119727493802,-2.1309294262667744,7.2,0.011148318572573354,4.161087610575859,4.417864669110647,0.20186927685077444,-0.145393775979553,0.14004233232370197,7.2,4.623081110849834,4.14515957003779,-2.0470786737252333,1.0,0.0
7.25,0.011459430633205451,4.366938339269496,4.448544284868359,0.6431081999041386,-0.5242669156110431,0.37246792879337265,7.25,4.581164518225869,4.436227936282351,-1.143219156767279,7.25,0.01197511706009643,4.56345515591706,4.448544284868359,0.1802209659324148,-0.0472274145823282,0.173922879097264,7.25,4.614692664292396,4.498701923839006,-1.0281387972065277,1.0,0.0
7.300000000000001,0.012578624881913934,4.893298915687514,4.479223900626073,0.5764220474200983,-0.29782297877828545,0.4935218840777043,7.300000000000001,4.57322726283691,4.572336361927388,-0.09026511480852378,7.300000000000001,0.012136661907719531,4.721367805355331,4.479223900626073,0.16277391757352475,0.049373025797456026,0.15510529509283805,7.300000000000001,4.595291703568509,4.595077052368454,0.04441535412904451,1.0,0.0
7.3500000000000005,0.013164299561612847,5.227087542044142,4.509903516383785,0.5081537353018692,-0.06441063663813727,0.5040550451975578,7.3500000000000005,4.554545094086075,4.451376792098082,0.9639116499109868,7.3500000000000005,0.011635162737941226,4.619920255726661,4.509903516383785,0.15138947516919288,0.11961088057009941,0.09280091832115174,7.3500000000000005,4.565047261659082,4.429494818073819,1.1041884611959425,1.0,0.0
7.4,0.01197230984966134,4.851467286519167,4.540583132141498,0.4398817125676518,0.12897014323335138,0.4205503812931562,7.4,4.525258424480632,4.081186333080531,1.9549634070768747,7.4,0.010512492188569086,4.25991413462072,4.540583132141498,0.14703359372471025,0.14688661836100977,0.006572596904589666,7.4,4.524176657313305,4.01459126946591,2.0859605379073414,1.0,0.0
7.45,0.010077202086533123,4.1668588206181445,4.571262747899211,0.37327501205587005,0.2504718976706627,0.2767635508923944,7.45,4.485557369498039,3.486016024787242,2.8227499340155378,7.45,0.008846708761244491,3.658057675006244,4.571262747899211,0.14917809526850728,0.1264621178507006,-0.07912924147655748,7.45,4.472943857795658,3.3794323958069636,2.9303009123914747,1.0,0.0
7.5,0.007583179727979633,3.1991539477414075,4.601942363656923,0.3101420503385454,0.28837564133294874,0.11413842855939167,7.5,4.435680066506827,2.704813796909935,3.5155710740150985,7.5,0.006746305541949248,2.8460976505098388,4.601942363656923,0.15598179577689447,0.06597760938506964,-0.14134099077626414,7.5,4.411657629547623,2.5672957246690493,3.5877173387046217,1.0,0.0
7.550000000000001,0.004452950335306792,1.9164112262368573,4.632621979414636,0.25254475179082964,0.25094619531328394,-0.028370031985863055,7.550000000000001,4.375910792646861,1.788414203943559,3.99376638029019,7.550000000000001,0.0043426441466356365,1.8689388759129144,4.632621979414636,0.16513085504626546,-0.017134296354510713,-0.16423950553002323,7.550000000000001,4.340669482269075,1.632413132698557,4.022019258841926,1.0,0.0
7.6000000000000005,0.0016562600235728534,0.7270584001079171,4.663301595172349,0.20299872593456816,0.16176179675984564,-0.12264421649667917,7.6000000000000005,4.306577884236849,0.7958561971418628,4.232401916934263,7.6000000000000005,0.0017811450978486116,0.7818799504731924,4.663301595172349,0.17456235799658906,-0.10052550167923589,-0.14271173862533967,7.6000000000000005,4.260371414322467,0.6359409787498855,4.21264093645811,1.0,0.0
7.65,-0.0010049620025252436,-0.4499185992647944,4.693981210930062,0.164649354949791,0.0521265359582874,-0.1561801342500756,7.65,4.2280514631812105,-0.2098796242687713,4.2228390590484945,7.65,-0.0007882425751358805,-0.3528939346909303,4.693981210930062,0.18273650550491558,-0.16276412108018332,-0.08306907567286073,7.65,4.171193469484579,-0.358516683982436,4.155757541914234,1.0,0.0
7.7,-0.0036761957894235154,-1.678304692332886,4.724660826687775,0.14076835271542784,-0.04729468364807937,-0.13258560263031274,7.7,4.140740978402725,-1.1663772952203288,3.9730718412102832,7.7,-0.00322061355659845,-1.4703163688345602,4.724660826687775,0.1886233469576086,-0.18862126490707137,-0.0008862518529202404,7.7,4.073601116950518,-1.2894743967329403,3.86412756520676,1.0,0.0
7.75,-0.005618867208748476,-2.6154948908722786,4.755340442445488,0.13243503646310437,-0.11352058444164483,-0.06820642045299818,7.75,4.045092572579709,-2.016181227368894,3.5068200950640156,7.75,-0.005384218089148861,-2.5062693920911516,4.755340442445488,0.1916053324278016,-0.17253116884885433,0.08334026152116676,7.75,3.968092468158646,-2.1018623692509544,3.3656993948634417,1.0,0.0
7.800000000000001,-0.007135717506205699,-3.386269014004928,4.7860200582032,0.13613695829674083,-0.1354348210583132,0.013808716782932193,7.800000000000001,3.941586286453204,-2.7107400152559986,2.8614665860788704,7.800000000000001,-0.007167624500120358,-3.401410541781117,4.7860200582032,0.1913835762535929,-0.1194674493013699,0.1495165603437941,7.800000000000001,3.855195345471599,-2.7507243843370697,2.7011194925732793,1.0,0.0
7.8500000000000005,-0.009045302514446608,-4.3755441104424175,4.816699673960914,0.14572343058147003,-0.11444799084719026,0.09020518616728179,7.8500000000000005,3.8307331147187127,-3.2135980254290732,2.0850189272908026,7.8500000000000005,-0.008485465139101188,-4.104730267943966,4.816699673960914,0.1879073594469242,-0.043162011381355406,0.18288306785438427,7.8500000000000005,3.7354642190318446,-3.204042447183438,1.9203658318960881,0.9938441702975689,0.0
7.9,-0.010262032259940797,-5.059582123408951,4.847379289718626,0.1561142787262557,-0.061948625431773055,0.1432970196107823,7.9,3.7130719290505336,-3.5026002334692676,1.2323533400790876,7.9,-0.009282398265751295,-4.576584358547753,4.847379289718626,0.18132450454099364,0.037742832831864,0.17735290952466157,7.9,3.6094770292210163,-3.4444917868011395,1.0787959747485474,0.9755282581475768,0.0
7.95,-0.010613983417073865,-5.333100780995007,4.878058905476339,0.16439365076092136,0.005359508713418574,0.16430626304817042,7.95,3.5891662851426775,-3.570960208813904,0.3610509790495631,7.95,-0.009535130628915223,-4.791020543913414,4.878058905476339,0.1719471144841957,0.10453839576265209,0.13651935390563574,7.95,3.477831913099718,-3.4700222191767542,0.2329390782897516,0.9455032620941842,0.0
8.0,-0.011291222096423265,-5.781105713368712,4.908738521234052,0.16929567708240917,0.07071205027515137,0.1538207795607467,8.0,3.4596011318047024,-3.427136753552797,-0.47283576813939615,8.0,-0.009252470257868996,-4.737264772028926,4.908738521234052,0.16022901194848732,0.14303235813741158,0.07221551630806028,8.0,3.34114385399704,-3.2932607167656744,-0.5636276292999037,0.9045084971874743,0.0
8.05,-0.010635897708045449,-5.548323727866204,4.9394181369917645,0.17062293345636395,0.12162950632872697,0.11965972008777626,8.05,3.32497944113878,-3.093563073394541,-1.2187517363783629,8.05,-0.00847349851916565,-4.420286296695268,4.9394181369917645,0.14675372427532463,0.14674941776097228,0.0011242666470347577,8.05,3.2000412740656454,-2.9398266197578495,-1.2639950955153334,0.8535533905932737,0.0
8.1,-0.008930280722009654,-4.745917317185532,4.970097752749477,0.1689183114103892,0.15227583059537136,0.07311270304281596,8.1,3.185918779662518,-2.604364967960941,-1.8350372160433466,8.1,-0.007264057913059213,-3.8604182013741006,4.970097752749477,0.1322338667793711,0.11803685938372824,-0.05960784638158328,8.1,3.055162590129691,-2.445736981028659,-1.8309530501235647,0.793892626146238,0.0
8.15,-0.006437586729275887,-3.4849449268814205,5.00077736850719,0.16531338419939695,0.16343237930569948,0.024867094521383123,8.15,3.043047840950351,-2.00228348878955,-2.291506271611174,8.15,-0.005711980465324039,-3.092142783032586,5.00077736850719,0.11752297685723925,0.06692406779445606,-0.09660651758152886,8.15,2.9071527535431616,-1.8541478923370962,-2.2391232046887217,0.7269952498697739,0.0
8.200000000000001,-0.003876520392447579,-2.1373892957430374,5.031456984264903,0.16144008030496973,0.1604207972087943,-0.018112629620515533,8.200000000000001,2.8970029609707333,-1.3350762853233669,-2.5710304292715707,8.200000000000001,-0.003921576508528977,-2.1622317963546056,5.031456984264903,0.10363465341866532,0.008152255702011347,-0.10331351371517622,8.200000000000001,2.756659795065503,-1.2117228719862239,-2.4760656104465486,0.6545084971874732,0.0
8.25,-0.0012535558660701678,-0.7038912056088066,5.062136600022616,0.15928049907319752,0.14988478672676556,-0.053896457145891113,8.25,2.7484246378333483,-0.6517058101020075,-2.6700407350691595,8.25,-0.002006794954951823,-1.1268467233766197,5.062136600022616,0.09173887368252365,-0.04277866020792377,-0.08115421846923936,8.25,2.6043313959786767,-0.5649382744712651,-2.542319170780426,0.5782172325201166,0.0
8.3,0.0015456108244375911,0.8837601764726971,5.092816215780329,0.16082211371223656,0.13661045040444364,-0.08486069230902252,8.3,2.5979540781833377,0.0013706535588697219,-2.5979537166120297,8.3,-8.38451331772764e-05,-0.04794155716403535,5.092816215780329,0.08304769703156994,-0.07350465527028453,-0.03865211036727571,8.3,2.450811506859512,0.04337258780526444,-2.4504276893599752,0.5000000000000001,0.0
8.35,0.003920874801505581,2.2826661644555735,5.123495831538041,0.16750843617701694,0.12146893153901886,-0.11534459181617013,8.35,2.446229793068633,0.5835144213995892,-2.3756159455003054,8.35,0.0017360349462963675,1.0106898161352897,5.123495831538041,0.07846729362042555,-0.07766891690567021,0.011164923412821642,8.35,2.2967370356521704,0.5769686995906766,-2.2230852729099175,0.4217827674798863,0.0
8.4,0.0056279784774111155,3.335725355475478,5.154175447295755,0.17976727124276998,0.1011489247189542,-0.14861078977742825,8.4,2.293884266887287,1.0625723301668812,-2.032940007239946,8.4,0.0033532015991869024,1.9874560006444741,5.154175447295755,0.07809945053783271,-0.05611789382606954,0.05431672087706845,8.4,2.142734627068076,1.008431482567025,-1.890602450808799,0.34549150281252683,0.0
8.450000000000001,0.006612199041371185,3.989477730335228,5.184855063053467,0.19698543380364142,0.06974361968060763,-0.1842256460014608,8.450000000000001,2.141540724194677,1.4167118077788088,-1.6059652322153057,8.450000000000001,0.004685202345826085,2.8268221062068086,5.184855063053467,0.08107848515461523,-0.016226928599810883,0.07943807363716596,8.450000000000001,1.989417556056065,1.3205347071294198,-1.48794163178893,0.27300475013022607,0.0
8.5,0.006275440113357982,3.8539046596159707,5.21553467881118,0.21790510050483292,0.021648145202938018,-0.21682709848008816,8.5,1.9898100210446767,1.6353169409648773,-1.1336147592736665,8.5,0.005671016495621461,3.4827130053735296,5.21553467881118,0.08600829552805037,0.03036146322927044,0.08047116533403818,8.5,1.8373827594405217,1.506693481790252,-1.051594102598542,0.20610737385376435,0.0
8.55,0.005735248341944966,3.5846814808906236,5.246214294568893,0.24108154996183295,-0.04521245310956644,-0.2368040282930487,8.55,1.8392876907098115,1.7189228204754792,-0.6544337601661875,8.55,0.006273717139726188,3.9212386816184286,5.246214294568893,0.09153577256096788,0.07092491434692466,0.05786582914997971,8.55,1.6872080323555585,1.5705135908625536,-0.6165695462485336,0.1464466094067263,0.0
8.6,0.004233283399072928,2.6926053056807304,5.2768939103266055,0.26516583610338534,-0.1269427193615782,-0.23280564133520265,8.6,1.6905511790381387,1.6782484341292059,-0.20358163544413682,8.6,0.006481451247143921,4.122565954453373,5.2768939103266055,0.09662860526841534,0.09492199381210337,0.018080443768177603,8.6,1.5394494207758944,1.5245386030318773,-0.2137441624766607,0.09549150281252737,0.0
8.65,0.0016953395320049847,1.0972485394542817,5.307573526084319,0.2890140381516715,-0.21294235027932848,-0.19540898061821926,8.65,1.5441573140907348,1.5324626152335352,0.18968432610921293,8.65,0.006306678213304058,4.081774374819257,5.307573526084319,0.100596764843378,0.09650854779863303,-0.028386780352002806,8.65,1.3946388500711004,1.3883559564002455,0.13223184357635176,0.0544967379058164,0.0
8.700000000000001,-2.3719578003848056e-05,-0.015619413274267963,5.338253141842031,0.3117041030735258,-0.2873154512085481,-0.12086885194167939,8.700000000000001,1.4006400712795843,1.3068767515407615,0.5038509358494293,8.700000000000001,0.0057837990260458305,3.808649010048259,5.338253141842031,0.10302581478295213,0.07572827260351264,-0.06985375609213317,8.700000000000001,1.2532820456229659,1.1862694635305717,0.4043273992394969,0.024471741852423023,0.0
8.75,-0.0010381786850904924,-0.6954986113008572,5.368932757599744,0.3325191956726213,-0.33223371404081753,-0.013775875486199478,8.75,1.2605087252026617,1.0302974043527606,0.7262021102255233,8.75,0.004965808948944872,3.3267040419689278,5.368932757599744,0.10370747002108653,0.038163502276142,-0.09643021534868346,8.75,1.115856832363078,0.9447710061355565,0.5937543400236925,0.0061558297024313195,0.0
8.8,-0.0021947724714250745,-1.4956759856469888,5.399612373357457,0.35092393336136785,-0.3324662491206023,0.11231117576399668,8.8,1.124246535279771,0.7322889252920715,0.8530434936057789,8.8,0.00392003439040111,2.671393676095426,5.399612373357457,0.1025876707646115,-0.006769912036728777,-0.10236404878629646,8.8,0.9828119611419325,0.6900472921098622,0.6998243248240932,3.749399456654644e-33,0.0
,,,5.43029198911517,0.3665419017007342,-0.2798906032653244,0.23667322600193602,8.85,0.9923102206864487,0.44058998996733006,0.8891344301169405,,,,5.43029198911517,0.09973061246248077,-0.048372920372645456,-0.08721385002832537,8.85,0.8545667366474087,0.4457392172585913,0.7291096334447241,,0.0
,,,5.460971604872882,0.37913581813262026,-0.17671692041444764,0.3354327035790116,8.9,0.8651307005678389,0.17890023398728966,0.8464312348586226,,,,5.460971604872882,0.09529380051407985,-0.07736980942879344,-0.0556311154424341,8.9,0.7315120013492178,0.23113434696786464,0.694036542099677,,0.0
,,,5.491651220630596,0.3885896911766873,-0.03642195790379382,0.3868790367430723,8.950000000000001,0.7431160510889752,-0.03479265522070722,0.7423011090714908,,,,5.491651220630596,0.08951046938378385,-0.08808758116402211,-0.01589660888293856,8.950000000000001,0.6140136958271868,0.05992166047222563,0.6110828203031177,,0.0
,,,5.522330836388308,0.39489210775337963,0.11806002073075267,0.3768310075762888,9.0,0.6266587328259695,-0.18923396244829574,0.5974041135472427,,,,5.522330836388308,0.08267740148630094,-0.07960111904509938,0.02234310997365663,9.0,0.5024219599922172,-0.060422525198778776,0.49877544479557534,,0.0
,,,5.553010452146021,0.39812007791473525,0.2586459140964427,0.3026580373293438,9.05,0.5161519305984367,-0.28022565346202244,0.43345864693448655,,,,5.553010452146021,0.07514740434691958,-0.05562882716644404,0.050522925174274355,9.05,0.39709390539250994,-0.12861154397316482,0.37568955329728604,,0.0
,,,5.583690067903734,0.3984232313982088,0.35800614701754785,0.1748504218337506,9.1,0.4120277264622846,-0.31027397134920337,0.27110313549804793,,,,5.583690067903734,0.06732616606892236,-0.023289783452390175,0.06316960205890873,9.1,0.29845619346398705,-0.14894212091421613,0.2586355428679281,,0.0
,,,5.6143696836614465,0.39600846756571334,0.39570126937947175,0.015595249123351035,9.15,0.3148554450930397,-0.2876431662718787,0.1280443680988137,,,,5.6143696836614465,0.05967206056121972,0.008889875130948039,0.05900614316982619,9.15,0.20721226490501782,-0.13020973487230023,0.16119040812515043,,0.0
,,,5.64504929941916,0.39112538467759655,0.36307132488308325,-0.14545885874308412,9.200000000000001,0.22563852910057783,-0.22494761733005,0.017644128547641382,,,,5.64504929941916,0.05269230049124289,0.033172877517122855,0.040939451978420534,9.200000000000001,0.12528043080236967,-0.08428843292924086,0.09268574009177571,,0.0
,,,5.675728915176872,0.3840529569138822,0.2656452097637299,-0.2773613099260244,9.25,0.14694105122126636,-0.13744942450556072,-0.05195505978344155,,,,5.675728915176872,0.04691584059730743,0.04444842735794655,0.015014439861590203,9.25,0.06271374073911948,-0.0245399115108946,0.057713135597807864,,0.0
,,,5.706408530934585,0.3750879906658816,0.12240133729361817,-0.35455452806374144,9.3,0.08834144272060596,-0.041245633917458106,-0.0781217523146091,,,,5.706408530934585,0.042806790431616504,0.04128022513389477,-0.011329797877777752,9.3,0.06658316889316909,0.035778530754605506,0.05615349603451265,,0.0
,,,5.737088146692298,0.36453587430333584,-0.038045602104683475,-0.362545081079015,9.35,0.07985434687919413,0.04847212685567488,-0.06345998450669542,,,,5.737088146692298,0.04060112681647346,0.025962188921823476,-0.031215641033861638,9.35,0.11924607180668291,0.08494947160967672,0.08368520128769066,,0.0
,,,5.767767762450011,0.35270403395234684,-0.18351672961482984,-0.30120050716712893,9.4,0.11986825559758175,0.11892162063167158,-0.015034854383863254,,,,5.767767762450011,0.04015625993015133,0.0036423950508790983,-0.039990726048312865,9.4,0.17489314828343705,0.11394309420701217,0.13268226934682817,,0.0
,,,5.798447378207723,0.33989831744191423,-0.2852310013734734,-0.18486249499379231,9.450000000000001,0.17059638690283238,0.1608671074272933,0.056788211560820985,,,,5.798447378207723,0.04098003594330667,-0.019195178546054185,-0.03620646995358436,9.450000000000001,0.22611570288447955,0.11718370046703123,0.19338120755594462,,0.0
,,,5.829126993965437,0.32642224668215997,-0.32405865427017605,-0.03921060725915107,9.5,0.21952903180253444,0.16930335000141622,0.13974752764344753,,,,5.829126993965437,0.04244063571846501,-0.036462046169151954,-0.02171927138156525,9.5,0.2715567401265765,0.09288612388096076,0.25517686238870446,,0.0
,,,5.859806609723149,0.31257870478726096,-0.29462036023985605,0.10442360853092127,9.55,0.2637303999230045,0.14365039387293319,0.22117479102216658,,,,5.859806609723149,0.04397001805176857,-0.04395959821640082,-0.0009571897019207076,9.55,0.3108867116399257,0.04295981675741374,0.30790420851046474,,0.0
,,,5.890486225480862,0.2986731605814749,-0.2062857304983128,0.21599040313056722,9.600000000000001,0.3023444691309013,0.08747378622641247,0.2894140886986368,,,,5.890486225480862,0.045150937162664766,-0.040280349967236666,0.020398542427924576,9.600000000000001,0.3440731075561024,-0.027477624053468173,0.3429741732546191,,0.0
,,,5.921165841238575,0.28501699032754957,-0.08085014540021143,0.27330923651450045,9.65,0.33512154228794,0.007791338938878426,0.3350309584844169,,,,5.921165841238575,0.04571804022400184,-0.026936777234519486,0.03693980555094088,9.65,0.3712079710876613,-0.11089865250802432,0.3542553410619556,,0.0
,,,5.9518454569962875,0.2719288740433579,0.052554956609307216,0.26680196602401984,9.700000000000001,0.3620484166251103,-0.08593472898887015,0.35170197374248396,,,,5.9518454569962875,0.0455294069486656,-0.007747130687359236,0.04486545289206581,9.700000000000001,0.392452116891402,-0.19837002086321404,0.3386266363936404,,0.0
,,,5.982525072754001,0.2597317388849365,0.16412260786709804,0.20130659644208287,9.75,0.3832283874269634,-0.1829957131294419,0.33671436842837255,,,,5.982525072754001,0.04453694669982635,0.012307248767816388,0.04280270142304402,9.75,0.40801244854847746,-0.2806429673522876,0.29616495918022917,,0.0
,,,6.013204688511713,0.24874256721461577,0.2300529358974769,0.09459657197525194,9.8,0.39883381223273917,-0.27268809189125526,0.2910491613470243,,,,6.013204688511713,0.04276321422123034,0.028422256641758917,0.03195102217333317,9.8,0.41813073613093454,-0.3492079552537471,0.22997199065297969,,0.0
,,,6.043884304269426,0.23925306255343995,0.2377248267754754,-0.026998790264944325,9.850000000000001,0.409084030975371,-0.3454852899623298,0.21906542132135595,,,,6.043884304269426,0.04028465819179244,0.03715490500625978,0.01556813153867096,9.850000000000001,0.4230769547782569,-0.3972038723665505,0.1456818226185419,,0.0
,,,6.074563920027139,0.23150123698230357,0.18819933634171293,-0.13481035763202873,9.9,0.41423343926299205,-0.394011978491054,0.12784327518181052,,,,6.074563920027139,0.037219925375566766,0.03716521143376495,-0.0020174003188028916,9.9,0.423144634566499,-0.42009363192296006,0.05072200883435603,,0.0
,,,6.105243535784852,0.22563760050719273,0.09553868705264053,-0.20441302805570177,9.950000000000001,0.4145640687667381,-0.41373056776892747,0.026275167098111587,,,,6.105243535784852,0.03372228560677924,0.029366160442092813,-0.016577731070157156,9.950000000000001,0.41864717327286904,-0.4160480377598529,-0.04657774109528786,,0.0
,,,6.135923151542564,0.22169375936188748,-0.01682536803682754,-0.2210543596729813,10.0,0.41038033801061385,-0.40328456076188673,-0.07598410937030034,,,,6.135923151542564,0.029975998768414645,0.01649449124722202,-0.025029827419686946,10.0,0.40991464872513217,-0.38601407604406723,-0.13792444429938283,,0.0
,,,6.166602767300278,0.2195634068232813,-0.12176076243306619,-0.18270852839307788,10.05,0.40200492378557584,-0.36448228544987427,-0.16958957026032886,,,,6.166602767300278,0.02619692506491524,0.0022610368061349966,-0.026099168481353713,10.05,0.3972909199269596,-0.3334786834610976,-0.21594453624359863,,0.0
,,,6.19728238305799,0.21900345853872635,-0.19477909900839002,-0.1001180175662874,10.100000000000001,0.38977525340426233,-0.3019430395851355,-0.24648559595328523,,,,6.19728238305799,0.022636776301766862,-0.009667440027466863,-0.02046861609028723,10.100000000000001,0.38113092693503975,-0.26397085253550806,-0.2749184833328594,,0.0
,,,6.227961998815704,0.21965656690223612,-0.21957189818057155,0.0060982712843277035,10.15,0.3740403732356073,-0.22246191589294015,-0.3006940251941745,,,,6.227961998815704,0.019584585650850785,-0.016582056923607078,-0.010420718943420606,10.15,0.36179816628147266,-0.1843705004414056,-0.31129637275693045,,0.0
,,,6.258641614573416,0.2210889827617098,-0.19148668159336818,0.1105132981634683,10.200000000000001,0.355158077959502,-0.13417619909770892,-0.32883735787708135,,,,6.258641614573416,0.017341985775129822,-0.01731913451445292,0.0008899720754555243,10.200000000000001,0.33966236667726757,-0.10210948223644846,-0.3239508866698886,,0.0
,,,6.2893212303311286,0.22283393478633337,-0.11820649145379451,0.18889729450297557,10.25,0.3334922587855615,-0.04563284150976192,-0.33035546074742106,,,,6.2893212303311286,0.01613166162732353,-0.012402117859149206,0.010315909047012515,10.25,0.3150974405038734,-0.024357118756671688,-0.3141546239958365,,0.0
,,,6.320000846088842,0.2244317057927315,-0.017568720718359628,0.22374300127010782,10.3,0.309410482186799,0.035138125191555854,-0.30740878101493785,,,,6.320000846088842,0.015954977283692242,-0.003743771404728163,0.015509528548356173,10.3,0.2884798636726662,0.04272061269814938,-0.28529910794689634,,0.0
,,,6.350680461846554,0.22546144022495576,0.08687512923477822,0.20805185158693468,10.350000000000001,0.28328186703966163,0.10144533135911007,-0.26449472762026255,,,,6.350680461846554,0.01655245894970314,0.005973779587961565,0.01543689912890738,10.350000000000001,0.2601877817453113,0.09455167140931302,-0.24239980033665673,,0.0
,,,6.381360077604267,0.22556361079525475,0.17145401466292648,0.14656897137852254,10.4,0.25547541580225563,0.1485701554607265,-0.20783309886952792,,,,6.381360077604267,0.017546908673599183,0.014052227966387987,0.01050851527002238,10.4,0.23060144992056192,0.1285419549986117,-0.191452329603482,,0.0
,,,6.41203969336198,0.22445446350856327,0.21779345957754742,0.05427536415502135,10.450000000000001,0.22635913066718735,0.17415445090070816,-0.14459835153928147,,,,6.41203969336198,0.01860531031318278,0.018458603206903564,0.0023318532329276408,10.450000000000001,0.20010633949470513,0.14422158747787253,-0.13871799022236644,,0.0
,,,6.442719309119693,0.221934592189727,0.2168111878470312,-0.047411728873557976,10.5,0.19630065108917705,0.17831241888220725,-0.08208913990541675,,,,6.442719309119693,0.019497856834235952,0.01826880274520312,-0.006813021898190302,10.5,0.16910211326288802,0.1431497624267018,-0.09002038784160751,,0.0
,,,6.473398924877405,0.21789368217603403,0.17042677503082507,-0.13576586862986983,10.55,0.16567120316347075,0.16346813581384848,-0.026927980451144033,,,,6.473398924877405,0.020088379508894888,0.013784750291546499,-0.014612448483847488,10.55,0.13802608232516375,0.128600906909383,-0.050129892719983846,,0.0
,,,6.504078540635119,0.21231300355730978,0.09068303402297946,-0.1919723907751148,10.600000000000001,0.13485776392177468,0.13394967990061799,0.015623691769332005,,,,6.504078540635119,0.020309248980698733,0.006330015289898188,-0.019297577583460256,10.600000000000001,0.10741781708381679,0.10507772845348808,-0.022299291695193922,,0.0
,,,6.534758156392831,0.20526675720659082,-0.003412345167219462,-0.20523839191186735,10.65,0.10429913584189072,0.09539561372881561,0.042166178611154466,,,,6.534758156392831,0.02014042942485326,-0.002188709677806704,-0.02002115000103067,10.65,0.07812363345429603,0.07771351451378872,-0.00799448347401838,,0.0
,,,6.565437772150545,0.1969229670563761,-0.09050263278933035,-0.17489404910541184,10.700000000000001,0.0746080852303683,0.05404732455113718,0.05143202397928692,,,,6.565437772150545,0.019594872924332516,-0.009815683315387945,-0.01695910982253356,10.700000000000001,0.05208647123924533,0.05163532036040527,-0.006840626976750622,,0.0
,,,6.596117387908257,0.18754418234037415,-0.15183219956348573,-0.11008997913267743,10.75,0.04711120643407224,0.016009805644973826,0.04430746996708268,,,,6.596117387908257,0.018708426736250682,-0.015027753313693003,-0.011143242853337095,10.75,0.03556751340236577,0.03136073046196013,-0.01677952903152392,,0.0
,,,6.62679700366597,0.17748757180229852,-0.1753805541904838,-0.027267184601913894,10.8,0.027169063062718178,-0.013436731886230716,0.023613814260375388,,,,6.62679700366597,0.01753249601230886,-0.017046234927363495,-0.004100523286454896,10.8,0.03994945078543512,0.020293945050145385,-0.03441096354883981,,0.0
,,,6.657476619423683,0.16720266830681837,-0.15827028718514835,0.05391890654724548,10.850000000000001,0.031050395196952883,-0.03040109847085242,-0.00631666475701293,,,,6.657476619423683,0.016128363608501135,-0.015920118322434472,0.0025833980118653804,10.850000000000001,0.05909441717807742,0.020373113144124624,-0.05547149179924178,,0.0
,,,6.6881562351813955,0.15722256782430355,-0.10697858455823794,0.11521509570878144,10.9,0.05187225371211642,-0.032764516401855355,-0.0402146387541493,,,,6.6881562351813955,0.014562569852523759,-0.01238923766542333,0.00765344568016849,10.9,0.08186300425446415,0.0319018924615626,-0.0753911183292655,,0.0
,,,6.718835850939108,0.14814067300382264,-0.0354091341286535,0.14384662741366072,10.950000000000001,0.07532833736932745,-0.020348541430165727,-0.07252789306530312,,,,6.718835850939108,0.012903056429194081,-0.0075934581682447835,0.01043207832898523,10.950000000000001,0.10462126189590723,0.05357643405485066,-0.08986197279527225,,0.0
,,,6.749515466696821,0.14056175380879543,0.038630770286775626,0.13514906666660628,11.0,0.09821486576153082,0.005142151962772133,-0.0980801617542879,,,,6.749515466696821,0.011215947923195437,-0.002726666193227513,0.010879465946752268,11.0,0.12621908907540233,0.08269685344180829,-0.0953545430372797,,0.0
,,,6.780195082454534,0.1350187741053366,0.09766543839216209,0.09322838357804294,11.05,0.11968174699134404,0.0403867669522376,-0.11266157116801513,,,,6.780195082454534,0.009562939588193903,0.0012639252340032503,0.00947904565714798,11.05,0.14615908317557227,0.11553219163799867,-0.08952536115562232,,0.0
,,,6.810874698212247,0.13186385285524482,0.1284987312102876,0.029599860931698935,11.100000000000001,0.13936389520106965,0.08088742098515708,-0.11348797474615843,,,,6.810874698212247,0.007999315711879111,0.003858976164812833,0.007006950464911426,11.100000000000001,0.16416774368986956,0.14779200240247825,-0.07147427575071025,,0.0
,,,6.84155431396996,0.13117125765143103,0.12499385488721282,-0.03977983250709444,11.15,0.15705175622440246,0.1215250532799464,-0.09948324260133123,,,,6.84155431396996,0.006572653348867108,0.00499842688944761,0.0042679621220462005,11.15,0.18007288592778534,0.17514760498757262,-0.04182775051898463,,0.0
,,,6.872233929727672,0.1327057012376119,0.08911809114351776,-0.09832989866720077,11.200000000000001,0.17260778556305567,0.1571662702787043,-0.07135973040632285,,,,6.872233929727672,0.0053222489539552255,0.004979821548029253,0.0018782202420539048,11.200000000000001,0.19376065905620996,0.19374260694327566,-0.0026448540073560284,,0.0
,,,6.902913545485386,0.13597989797332385,0.030111339594236945,-0.13260407188573095,11.25,0.18593884445475312,0.18325202261524212,-0.03149523907817912,,,,6.902913545485386,0.0042791249827262064,0.004276510267557612,0.0001495678751132089,11.25,0.20515780252606816,0.20063566223929166,0.04283754165595944,,0.0
,,,6.933593161243098,0.1403699586421494,-0.037929575605535955,-0.13514833548210153,11.3,0.1969851036120282,0.19630349691530904,0.016372786685923003,,,,6.933593161243098,0.0034658302408285976,0.0033447865131675768,-0.0009079550867605166,11.3,0.21422321866211827,0.19412797240312993,0.0905865207666536,,0.0
,,,6.964272777000811,0.14523157154250124,-0.0994183824260344,-0.10586876124946129,11.350000000000001,0.20571475518535073,0.19429200027619573,0.06759570348508509,,,,6.964272777000811,0.0028939499210439514,0.0024823502504125426,-0.0014875763441877792,11.350000000000001,0.22094338560858565,0.1739424945138345,0.13623504779053303,,0.0
,,,6.994952392758524,0.14998007399267335,-0.1407904860969662,-0.051691987961653627,11.4,0.21212101854433615,0.17683643405110294,0.1171503397364964,,,,6.994952392758524,0.002557294846893736,0.0017754390900555986,-0.0018405360554609642,11.4,0.2253294784228472,0.14123942789856297,0.17556992297429247,,0.0
,,,7.0256320085162365,0.15412979210529643,-0.15336829709352826,0.015302230590771668,11.450000000000001,0.21622011368223235,0.14521217775213793,0.16020162606303026,,,,7.0256320085162365,0.0024256045715237338,0.0011380308091432007,-0.0021420652218916464,11.450000000000001,0.22741528494793306,0.09847126436877267,0.20499054105388587,,0.0
,,,7.056311624273949,0.15730489144382775,-0.13498717945676716,0.08076688835445484,11.5,0.2180496478217403,0.10217651222294524,0.1926281632190353,,,,7.056311624273949,0.00245105662137546,0.000415068886509422,-0.002415656511311224,11.5,0.22725549661652997,0.04909840581418283,0.22188827659191795,,0.0
,,,7.086991240031662,0.15923526845822766,-0.09010468729704757,0.1312898170006536,11.55,0.21766716598503297,0.0516357411042453,0.21145388478004193,,,,7.086991240031662,0.002585722398114938,-0.0004975962300799098,-0.0025373920296090486,11.55,0.22492417266177397,-0.002798842064047339,0.22490675830371135,,0.0
,,,7.117670855789375,0.1597464118705721,-0.0284719617191361,0.1571886239566544,11.600000000000001,0.21514874872105594,-0.0018042255402568467,0.21514118352011535,,,,7.117670855789375,0.0027919507412710017,-0.001565711229180208,-0.002311609242173663,11.600000000000001,0.22051328101912934,-0.05296573697757295,0.21405779082351586,,0.0
,,,7.148350471547088,0.15874774056576685,0.037241415089359776,0.1543176015134956,11.65,0.2105876024192332,-0.05335058616235496,0.20371758208071825,,,,7.148350471547088,0.0030407561823089986,-0.002595760776083445,-0.0015837374004540861,11.65,0.21413127440148866,-0.0974249597168984,0.19068450356797836,,0.0
,,,7.179030087304801,0.1562212281776246,0.09427657001432085,0.12456725283821711,11.700000000000001,0.20409261920164873,-0.09854116689696439,0.1787272660764826,,,,7.179030087304801,0.0033069148004244305,-0.0032889992948620787,-0.0003437573790668347,11.700000000000001,0.2059016934814791,-0.1328847069155005,0.15728052023859315,,0.0
,,,7.209709703062513,0.15221082670314728,0.13242262991387585,0.07504920287616793,11.75,0.19578690091504447,-0.1337095936424802,0.14301837342761337,,,,7.209709703062513,0.003566672598959714,-0.00335076729157352,0.0012220932803559221,11.75,0.19596181494755835,-0.15705929601299914,0.11718963458191263,,0.0
,,,7.240389318820227,0.14681269747296916,0.14591088605219651,0.016247506601090714,11.8,0.18580625300327283,-0.15634855205180934,0.10039469072823974,,,,7.240389318820227,0.003798423333167177,-0.0026149797171557843,0.0027549774766434483,11.8,0.18446139020779112,-0.16886964346211947,0.0742229613688893,,0.0
,,,7.271068934577939,0.1401661270322463,0.13422335492781753,-0.04038111141537498,11.850000000000001,0.17429766340659,-0.16533437353115885,0.055174454216205794,,,,7.271068934577939,0.003984953121106109,-0.0011371370553015304,0.0038192631088828487,11.850000000000001,0.17156156191027883,-0.16850533231950443,0.032238525167690484,,0.0
,,,7.301748550335652,0.13244502334319364,0.10173940605532333,-0.08479845201351935,11.9,0.16141779280054086,-0.1609926390176745,0.011707861236070958,,,,7.301748550335652,0.004116192545242757,0.0007813797352614962,0.004041347149012903,11.9,0.15743411985426084,-0.1573459240199898,-0.005268993127852607,,0.0
,,,7.332428166093365,0.12384995004127053,0.05640279874211413,-0.11026120994838473,11.950000000000001,0.14733152083116052,-0.14500267757291377,-0.026092154512579034,,,,7.332428166093365,0.004192000437934933,0.002652761923559062,0.0032458776699934165,11.950000000000001,0.14226140791037634,-0.1377548779965631,-0.03552325673125282,,0.0
,,,7.3631077818510775,0.11460071926237236,0.007785485236245831,-0.11433595705240449,12.0,0.13221062988823243,-0.12015670191404175,-0.05515448885252491,,,,7.3631077818510775,0.0042246956506027545,0.003933189914418198,0.0015420993603982842,12.0,0.12623752313711253,-0.11277318808348932,-0.0567284787146541,,0.0
,,,7.39378739760879,0.10492960794115473,-0.03498317780478261,-0.09892623460621255,12.05,0.11623279231225014,-0.0900049115539302,-0.07354711350469086,,,,7.39378739760879,0.004240694624493327,0.004186940476128469,-0.0006730678625248066,12.05,0.10957223519573543,-0.08575016084011462,-0.06821278942899223,,0.0
,,,7.424467013366503,0.09507527502350037,-0.06497298179783965,-0.06941051474446672,12.100000000000001,0.09958124241762027,-0.05842955667495636,-0.08063752692267365,,,,7.424467013366503,0.004279642398071752,0.0032336364073424283,-0.0028033791467589404,12.100000000000001,0.09250111894325827,-0.05995460471750534,-0.07044077213462739,,0.0
,,,7.455146629124216,0.08527741540088915,-0.07856219227451645,-0.03316955716432938,12.15,0.08244613784908922,-0.02919752143806974,-0.07710298559786437,,,,7.455146629124216,0.004388425202717698,0.0012304611109236754,-0.004212391389027419,12.15,0.07531145365378483,-0.03821055222262695,-0.0648981413469452,,0.0
,,,7.485826244881929,0.07577204320346904,-0.07574240461763074,0.0021191210365360006,12.200000000000001,0.06503072636438337,-0.005541877037757557,-0.0647941584587506,,,,7.485826244881929,0.004608722167018715,-0.0013412074115990277,-0.004409249674473143,12.200000000000001,0.05841375367716515,-0.022597549335939535,-0.05386573477328888,,0.0
,,,7.516505860639642,0.0667869601726811,-0.05965161396386441,0.030036361307811357,12.25,0.047574348207800154,0.010181864114384636,-0.04647201577888809,,,,7.516505860639642,0.004962387136945541,-0.003787472364856171,-0.003206296801977847,12.25,0.04256690515176458,-0.014247113042528427,-0.04011185839814379,,0.0
,,,7.547185476397354,0.058536291651534886,-0.03552851794096504,0.04652119789119878,12.3,0.030456808448902348,0.0167287117625341,-0.025451274696155844,,,,7.547185476397354,0.0054438797634191235,-0.005384880880410096,-0.0007993026850687007,12.3,0.029666302078582864,-0.013255239818114552,-0.026540310781563964,,0.0
,,,7.577865092155068,0.05121186485131061,-0.009379829844442132,0.050345544923440996,12.350000000000001,0.014991858631018002,0.01406367464650291,-0.005193157098503783,,,,7.577865092155068,0.006024174468358796,-0.005584917355142642,0.002258179833727267,12.350000000000001,0.02451717106984582,-0.018717241280951213,-0.015835294632520758,,0.0
,,,7.60854470791278,0.04496802729851064,0.013324651103779723,0.042948540744501905,12.4,0.0115911676093433,0.0033205690088626873,0.011105358526642439,,,,7.60854470791278,0.006660933566787173,-0.004181547884735458,0.005184852289970902,12.4,0.030606997749297944,-0.02887725552101227,-0.01014359033082941,,0.0
,,,7.639224323670493,0.03989703394334235,0.028662620563536995,0.027752972812059566,12.450000000000001,0.02479400247629969,-0.013371131766950099,0.020879544872089838,,,,7.639224323670493,0.007307754324931446,-0.001391564633115723,0.007174037994422371,12.450000000000001,0.04276585434880761,-0.04137209471099663,-0.010829038618813354,,0.0
,,,7.669903939428206,0.03599792783096132,0.03480808693384373,0.00917866505157896,12.5,0.040069564509780296,-0.03316820614696008,0.022481995040391858,,,,7.669903939428206,0.007919849870299927,0.0021793472490719543,0.0076140966329599664,12.5,0.05658836102164088,-0.05353902287826677,-0.01832527304997097,,0.0
,,,7.7005835551859185,0.033153868547767334,0.03207231495566051,-0.008399143591316407,12.55,0.05505425507106243,-0.05286962962983227,0.01535491010178714,,,,7.7005835551859185,0.00845694182586038,0.005680184435857268,0.00626541058675579,12.55,0.07048483594385654,-0.06275066563172169,-0.03210087320943521,,0.0
,,,7.731263170943632,0.03114004233481756,0.022504360415061705,-0.021523382608763745,12.600000000000001,0.06930451779042641,-0.06930447917268916,7.316259855524991e-05,,,,7.731263170943632,0.008884727141065139,0.008231932154973622,0.003342703900600659,12.600000000000001,0.08383514719769304,-0.06673815336529933,-0.05073806057634295,,0.0
,,,7.761942786701344,0.029669332345333005,0.009200721926905991,-0.028206665840569932,12.65,0.08261973561448539,-0.07970724036997379,-0.021743425342173835,,,,7.761942786701344,0.00917577772332792,0.009160833944269461,-0.0005234675476486792,12.65,0.09632845677890199,-0.06386591458425994,-0.07211322028394518,,0.0
,,,7.792622402459057,0.028454209608814986,-0.004488945147325156,-0.028097889883880692,12.700000000000001,0.09486545899597493,-0.08203850622277149,-0.04763547845097478,,,,7.792622402459057,0.009310257634503888,0.008183806673960176,-0.0044391672128996015,12.700000000000001,0.10777464015307457,-0.0533278953250293,-0.0936563326226659,,0.0
,,,7.82330201821677,0.027254239636212076,-0.01568137952327469,-0.02229098280460273,12.75,0.10593779565302344,-0.07521621643385656,-0.07460118855083342,,,,7.82330201821677,0.0092766075419343,0.005493915094841035,-0.007474780559839208,12.75,0.11804243146190357,-0.03524457184967644,-0.11265804800621745,,0.0
,,,7.853981633974483,0.025896240529202363,-0.02247046022899207,-0.012872206129626291,12.8,0.11575327461423408,-0.05923345014263537,-0.09944958002987352,,,,7.853981633974483,0.009072278899205885,0.001720293744106492,-0.008907683978395529,12.8,0.1270358581120003,-0.010651794698206807,-0.12658850072561695,,0.0
,,,7.884661249732195,0.024273158454220504,-0.02416012957441115,-0.0023397350899963237,12.850000000000001,0.12424531180374576,-0.035152054162408054,-0.1191689162213584,,,,7.884661249732195,0.00870462925770474,-0.0022290955598772534,-0.00841437481331946,12.850000000000001,0.13468408599728182,0.018615102839766036,-0.1333914576244976,,0.0
,,,7.915340865489909,0.022333113541733122,-0.02121836338110459,0.0069677123860951125,12.9,0.13136277952256314,-0.004975529602780629,-0.131268518499545,,,,7.915340865489909,0.008192185405415072,-0.005401331867308094,-0.006159343778025203,12.9,0.14093656188945314,0.050126783031925255,-0.13172099339167598,,0.0
,,,7.946020481247621,0.02006684531837698,-0.01500684216993523,0.013321898104936919,12.950000000000001,0.13706931909611658,0.028581980730795584,-0.13405621438403167,,,,7.946020481247621,0.007566630021326407,-0.007047108222456718,-0.002755386648116918,12.950000000000001,0.14576044209565236,0.08113007721519033,-0.1210950744290505,,0.0
,,,7.976700097005334,0.017497809443940304,-0.007375321297908615,0.01586751307196758,13.0,0.14134291156209447,0.0624025383179231,-0.12682169317719347,,,,7.976700097005334,0.006875992033078362,-0.006817448678748544,0.0008953546512901132,13.0,0.14913906650848846,0.10885123590982379,-0.10195032908199576,,0.0
,,,8.007379712763047,0.014677667979474068,-0.00021990293627384937,0.014676020578286762,13.05,0.1441755120998878,0.09331119106899224,-0.10990723320396577,,,,8.007379712763047,0.006189186976566163,-0.004855475401065903,0.0038380195492649736,13.05,0.15107092234401273,0.1307976072940546,-0.07559371338954717,,0.0
,,,8.03805932852076,0.011692545258717024,0.004906400134669543,0.01061333370556399,13.100000000000001,0.14557266412192002,0.11842314646108151,-0.0846602558572237,,,,8.03805932852076,0.005599685893936657,-0.001758091339658045,0.005316539941745248,13.100000000000001,0.15156883265967855,0.14502401660942918,-0.04405843438305141,,0.0
,,,8.068738944278472,0.00869988709804747,0.0070673812256605885,0.005073475941595963,13.15,0.14555305540544783,0.1354526343014218,-0.05327547089108328,,,,8.068738944278472,0.0052187733502008695,0.0015826964111144654,0.004972993801626159,13.15,0.15065923849130397,0.150334796546018,-0.009882059008474775,,0.0
,,,8.099418560036185,0.006079628552586649,0.006069239594644929,-0.00035526621035653007,13.200000000000001,0.1441480000963602,0.142949895643754,-0.01854651630954194,,,,8.099418560036185,0.005141435285215127,0.004216796828806228,0.002941595025938291,13.200000000000001,0.14838150993219626,0.1464002440348248,0.02416694097940831,,0.0
,,,8.130098175793899,0.004876726796389903,0.002435680692665799,-0.004224917018120283,13.25,0.14140084119038002,0.1404414960636688,0.016443359533427748,,,,8.130098175793899,0.0053916756023570005,0.0053884063855023845,-0.00018772966129210468,13.25,0.14478725773494264,0.13377630570593077,0.05538275935774651,,0.0
,,,8.160777791551611,0.006153043656107284,-0.0027456058243393363,-0.005506504779923106,13.3,0.13736627398300333,0.1284604891490488,0.04865589332815343,,,,8.160777791551611,0.0059052423857130516,0.0047367128556974145,-0.0035263917758372823,13.3,0.13993963983946647,0.11382735157840107,0.08140292888494043,,0.0
,,,8.191457407309324,0.00890534757810865,-0.008066793339037825,-0.0037725403526245533,13.350000000000001,0.13210959451433674,0.108465530404909,0.07541998194592887,,,,8.191457407309324,0.0065735305185092175,0.002391849709109461,-0.0061229370768288195,13.350000000000001,0.13391267550271532,0.08856272444671284,0.10044525125097326,,0.0
,,,8.222137023067036,0.012109739160413673,-0.012087204484321006,0.0007384241920919433,13.4,0.12570587943839767,0.0826604343624093,0.09470596980338036,,,,8.222137023067036,0.0072922462988060915,-0.001058928051993974,-0.007214951660486118,13.4,0.12679059988179742,0.06040714465012268,0.1114757062933678,,0.0
,,,8.252816638824749,0.015391723830632814,-0.013615286785223132,0.0071783792205900076,13.450000000000001,0.11823910571351204,0.053736501958667006,0.10532271586498923,,,,8.252816638824749,0.007979994539759623,-0.0047253288965489046,-0.006430519393799642,13.450000000000001,0.11866732160586943,0.031931987232127236,0.11429033821158334,,0.0
,,,8.283496254582463,0.018594050801033147,-0.01194015767621504,0.014253819132377275,13.5,0.10980122061530291,0.02456804834629213,0.107017377322866,,,,8.283496254582463,0.008578052098414729,-0.007647107201491388,-0.0038864803166896262,13.5,0.10964609831801764,0.005578208421869671,0.10950411164502716,,0.0
,,,8.314175870340176,0.021624674529624,-0.00697590985321885,0.020468591310393913,13.55,0.10049117562519502,-0.0021039100451932984,0.10046914920041637,,,,8.314175870340176,0.00904576524487011,-0.009044377967243793,-0.0001584173315487606,13.55,0.0998396486043541,-0.01659807062516017,0.09845028941025567,,0.0
,,,8.344855486097888,0.024415721332907907,0.0007055419016100566,0.024405525170159457,13.600000000000001,0.09041394343293697,-0.023964323098079176,0.08718022932721155,,,,8.344855486097888,0.009356713245610458,-0.00851947023720267,0.0038686831917333422,13.600000000000001,0.08937114007470737,-0.03312956206290182,0.0830038119351955,,0.0
,,,8.3755351018556,0.026910912962055743,0.009960889309366545,0.02499955840845768,13.65,0.07967954991526728,-0.03936108933118913,0.06927867869237779,,,,8.3755351018556,0.009496281935971237,-0.006158099855722393,0.0072289125582210125,13.65,0.0783770055090335,-0.0432699173888844,0.06535035762505195,,0.0
,,,8.406214717613313,0.02906146199475996,0.019269907623816782,0.021754062458364996,13.700000000000001,0.06840218507154602,-0.04746126261522967,0.04925735958747926,,,,8.406214717613313,0.009460256870885218,-0.0025046960813480987,0.009122661760868395,13.700000000000001,0.06701383052602358,-0.04704102353747552,0.047728352017614065,,0.0
,,,8.436894333371026,0.03082500082522545,0.027007378499653886,0.014858740944359402,13.75,0.0566995506084446,-0.048310995269341774,0.029679736779243966,,,,8.436894333371026,0.009254047029059263,0.0015800239256129605,0.009118163785024438,13.75,0.05547515413573055,-0.04519239018182288,0.03217360091809652,,0.0
,,,8.46757394912874,0.0321657659058643,0.03174555097030504,0.005182324758506208,13.8,0.04469292547348967,-0.0427948561012506,0.012886344658286777,,,,8.46757394912874,0.00889232239511358,0.00514056503921178,0.007255893374097508,13.8,0.04403524740869424,-0.03907948306722142,0.02029524618090815,,0.0
,,,8.498253564886452,0.03305533207211802,0.032530863499018514,-0.0058649721573268525,13.850000000000001,0.03250984504986423,-0.03250153774126161,0.000734894291397694,,,,8.498253564886452,0.008398999058894168,0.00736870178965831,0.00403056064665842,13.850000000000001,0.03317597343094744,-0.030476827319655876,0.01310756306941942,,0.0
,,,8.528933180644165,0.03347355422551596,0.029079473835749308,-0.016578993754885394,13.9,0.0203002859156825,-0.019513316158862575,-0.005597508440612658,,,,8.528933180644165,0.007807599758013132,0.007803345358261868,0.0002577114685451222,13.9,0.023986397870098798,-0.021348703277554143,0.01093527096827642,,0.0
,,,8.559612796401877,0.03340951490257925,0.021848629924625596,-0.025275147011291944,13.950000000000001,0.008401307569969745,-0.00614481090143331,-0.005729159438421776,,,,8.559612796401877,0.007162000016579559,0.006437798368727769,-0.0031383110746214574,13.950000000000001,0.019096580685708863,-0.01360454050320539,0.013401338425039225,,0.0
,,,8.59029241215959,0.03286234228240534,0.011963877475442352,-0.030607175237819133,14.0,0.005339089580025465,0.005338253708099458,-9.447164388792377e-05,,,,8.59029241215959,0.00651724051516479,0.003709100728279099,-0.005358824098623212,14.0,0.021418478962209126,-0.008867257773554797,0.019496742821095196,,0.0
,,,8.620972027917304,0.03184180222090782,0.0010114972928537515,-0.03182573238594769,14.05,0.01647112146346261,0.012987983100445761,0.010129666196211697,,,,8.620972027917304,0.0059389769198035436,0.0003752468711539074,-0.00592711031107473,14.05,0.028932696823277346,-0.00828073331547456,0.027722380872242425,,0.0
,,,8.651651643675017,0.030368597034303266,-0.009264848784289244,-0.028920827492244186,14.100000000000001,0.027831002676120327,0.015400692890416748,0.023181530761649104,,,,8.651651643675017,0.00549784864017573,-0.0026852124203964,-0.004797496631330868,14.100000000000001,0.03833839269387637,-0.012377616477907305,0.036285354685819324,,0.0
,,,8.682331259432729,0.028474329355899254,-0.017301558438813487,-0.022615116799533624,14.15,0.03879882374858676,0.011875892638884987,0.0369365929439029,,,,8.682331259432729,0.0052536243060458615,-0.00469771950163823,-0.0023520203725741246,14.15,0.048156484011734564,-0.021021426152143762,0.043326049841895496,,0.0
,,,8.713010875190442,0.026201114223099783,-0.022015072832775078,-0.014206862943645593,14.200000000000001,0.049230518031487244,0.0024911196805541803,0.04916745090388301,,,,8.713010875190442,0.005230947629551429,-0.005182425882583861,0.0007108270356666244,14.200000000000001,0.05779713042859497,-0.03342818453846946,0.04714938773984292,,0.0
,,,8.743690490948154,0.02360084896775485,-0.02299918575917471,-0.0052950473476400806,14.25,0.05902636196720829,-0.011914317393620198,0.05781142143320792,,,,8.743690490948154,0.005404674834943722,-0.004063717042194797,0.003563244851599384,14.25,0.06697365876447492,-0.04826371320505312,0.046433661884033105,,0.0
,,,8.774370106705868,0.020734183381013984,-0.020576345928590506,0.0025534973476574042,14.3,0.06810231146619378,-0.029843222339737026,0.061215250611424354,,,,8.774370106705868,0.0057115382375154435,-0.0016736861046592476,0.005460809817387122,14.3,0.07551558181843993,-0.06380420610285778,0.0403933952640966,,0.0
,,,8.80504972246358,0.017669286315489006,-0.01569245199881956,0.008120999271239404,14.350000000000001,0.0763850404079231,-0.04931874133810466,0.058329547837654046,,,,8.80504972246358,0.006076928522444611,0.0013472087433430047,0.005925714207482589,14.350000000000001,0.08330624392122542,-0.07814073752765664,0.028878286218135922,,0.0
,,,8.835729338221293,0.01448062739002131,-0.009680750876677038,0.010769012585764404,14.4,0.08381085546205795,-0.06811551709482594,0.048831709208120536,,,,8.835729338221293,0.0064347965731926925,0.004222889254050694,0.004855287147676808,14.4,0.09025924516642553,-0.08940371569263064,0.012397861039880184,,0.0
,,,8.866408953979006,0.011248372432852602,-0.003950985614526258,0.010531647309987405,14.450000000000001,0.0903255328652765,-0.08401675940484506,0.0331645296439513,,,,8.866408953979006,0.006734756320869179,0.006240855812939369,0.002531533413484456,14.450000000000001,0.09630846350677157,-0.09598143490102763,-0.007929962003373318,,0.0
,,,8.897088569736718,0.008060556628204023,0.00032285347013134727,0.008054088327880939,14.5,0.09588439647244949,-0.09506777484333473,0.012487420599262961,,,,8.897088569736718,0.0069418750862837485,0.006926202181418017,-0.0004662113851969994,14.5,0.10140342320621737,-0.09670796937193182,-0.03049955569998881,,0.0
,,,8.92776818549443,0.005029346102541726,0.0024434967287784103,0.0043958669174124065,14.55,0.10045243415058634,-0.09979740077845486,-0.011452961391812224,,,,8.92776818549443,0.007034296952470027,0.006147634812695029,-0.0034187599835714204,14.55,0.10550696384706194,-0.09099951363110488,-0.05339295776717742,,0.0
,,,8.958447801252145,0.002425087003022607,0.0023060052468296638,0.0007505909497344295,14.600000000000001,0.10400438070444679,-0.09738288139738392,-0.03651692233004529,,,,8.958447801252145,0.007000858375764284,0.004132131596118743,-0.00565132785014868,14.600000000000001,0.10859396391140387,-0.07892442390449601,-0.07458943832296035,,0.0
,,,8.989127417009858,0.0018829224295633718,0.00036586358833853465,-0.0018470356549024393,14.65,0.1065247389608759,-0.08774048938004904,-0.06040800057966042,,,,8.989127417009858,0.006839191955925254,0.00138939629682515,-0.006696575583114199,14.65,0.11065056427670207,-0.061199919736933776,-0.0921852330850524,,0.0
,,,9.01980703276757,0.0037373959696554364,-0.0025255099140192123,-0.002754982451520766,14.700000000000001,0.10800772735016528,-0.07153282969258902,-0.08092418330461357,,,,9.01980703276757,0.006554274479426897,-0.0014297563700099913,-0.006396429525452663,14.700000000000001,0.11167362764233574,-0.03911677107191295,-0.1045986488044019,,0.0
,,,9.050486648525283,0.005677877770157963,-0.0053701982345653945,-0.0018437100895543981,14.75,0.10845714967037438,-0.050093260576908695,-0.0961957304634458,,,,9.050486648525283,0.006157290362315746,-0.0037014117065544087,-0.004920546309552258,14.75,0.11167030218197835,-0.014401370839597489,-0.11073778446110771,,0.0
,,,9.081166264282995,0.00730933355975219,-0.0072906831904489015,0.0005218196088931995,14.8,0.1078861864037008,-0.025277150959383748,-0.1048832439244258,,,,9.081166264282995,0.005664727606545458,-0.004978846472549596,-0.0027018931620511333,14.8,0.11065762255572126,0.010968526184555608,-0.11011267348958152,,0.0
,,,9.11184588004071,0.008551359570338526,-0.007744814344679225,0.003625410496436397,14.850000000000001,0.10631710906098074,0.0007422738485325015,-0.10631451786382827,,,,9.11184588004071,0.005097699452638884,-0.005088197247312909,-0.0003111084728388388,14.850000000000001,0.10866211593060275,0.034973183747919925,-0.10288018204226693,,0.0
,,,9.142525495798422,0.009375684904160325,-0.006635793127837562,0.006623421848760925,14.9,0.1037809203964701,0.025709843684892382,-0.10054592670037342,,,,9.142525495798422,0.004481577495280622,-0.0041489365212194875,0.0016943620006057952,14.9,0.1057194013267932,0.055761703420030076,-0.08981772791933766,,0.0
,,,9.173205111556134,0.009778138278830492,-0.0042941142065418695,0.00878479205110203,14.950000000000001,0.10031692431876861,0.04752930978417701,-0.08834279832684318,,,,9.173205111556134,0.003846145421898209,-0.0025192511731447144,0.0029062360766113843,14.950000000000001,0.10187378567598208,0.07184083929310996,-0.07222992466850206,,0.0
,,,9.203884727313847,0.00977405542873628,-0.0013438239129159853,0.009681234260934105,15.0,0.09597223008788303,0.06448227467116752,-0.07108238319917015,,,,9.203884727313847,0.0032266260202907632,-0.0006857470669778055,0.0031529139593317076,15.0,0.09717787469249858,0.08222123074004872,-0.05179969638272626,,0.0
,,,9.23456434307156,0.009398778881446584,0.0015033808936827547,0.009277763219162039,15.05,0.09080119601036882,0.07540122239874944,-0.05059162833599789,,,,9.23456434307156,0.002665838163115135,0.0008700875599098003,0.0025198493506579486,15.05,0.09169223613861588,0.08650560411500666,-0.030401424716572728,,0.0
,,,9.265243958829272,0.00871137158763003,0.003664243634641692,0.007903247024087985,15.100000000000001,0.08486481836232436,0.07977824936003625,-0.028939044986284218,,,,9.265243958829272,0.0022159868446981036,0.0017925577430871094,0.0013028178819672017,15.100000000000001,0.08548518512147982,0.08491026923022393,-0.009897628731396288,,0.0
,,,9.295923574586986,0.007803437657291355,0.0048474563155895085,0.006115211078914953,15.15,0.07823007170339896,0.07779862573759126,-0.008204751797656331,,,,9.295923574586986,0.0019315317254757923,0.0019295058732344491,-8.844145901813976e-05,15.15,0.07863282112855789,0.07821886817737635,0.008057866943925147,,0.0
,,,9.326603190344699,0.006817467758757724,0.005118683853102483,0.004502992588677998,15.200000000000001,0.07096920710529182,0.07029693528707395,0.009745216590653067,,,,9.326603190344699,0.00183829279910627,0.0013505492900304993,-0.0012471315209087127,15.200000000000001,0.0712195692909535,0.06767494973641185,0.022188470613430215,,0.0
,,,9.357282806102411,0.0059759915492571805,0.004850860778818002,0.0034902184317487134,15.25,0.06315901511511554,0.058642261035546275,0.023455200083355606,,,,9.357282806102411,0.001899495268748167,0.00030611454725559264,-0.001874666946408128,15.25,0.06333974886007973,0.0548266859344051,0.03171684560463222,,0.0
,,,9.387962421860124,0.005583270366285155,0.004577507477722061,0.003196769193175601,15.3,0.054880060523574616,0.04456672624374448,0.032025426694836566,,,,9.387962421860124,0.0020367814239978907,-0.0008568870675159361,-0.001847761652017601,15.3,0.055101336034810044,0.04134217448628572,0.036427761962088225,,0.0
,,,9.418642037617836,0.005879732647445065,0.00479546077222917,0.003402177536143957,15.350000000000001,0.04621589625493737,0.029957798266417982,0.0351914675692239,,,,9.418642037617836,0.002179140772476643,-0.0017967410787640527,-0.001233035280173235,15.350000000000001,0.04663476224811161,0.028816732295988426,0.03666601955106708,,0.0
,,,9.44932165337555,0.00681983090252718,0.005778522949943766,0.003621983718356267,15.4,0.03725226410300083,0.01663846247155274,0.03333005771645851,,,,9.44932165337555,0.002281255327719326,-0.00226752111518977,-0.0002499477193661733,15.4,0.0381143884402451,0.01859408413423938,0.03327110820791392,,0.0
,,,9.480001269133263,0.008147709426295295,0.0074607006096972526,0.003274616818469643,15.450000000000001,0.02807629135684099,0.006160298976011165,0.027392131221947297,,,,9.480001269133263,0.002319112684175921,-0.0021754964267253142,0.0008034294861473752,15.450000000000001,0.029815497248918632,0.01162137224590831,0.027457377575476987,,0.0
,,,9.510680884890975,0.00961490565741706,0.009427589173929772,0.0018886432083992837,15.5,0.018775699441701835,-0.00036741097155227546,0.01877210426945007,,,,9.510680884890975,0.002282790320511927,-0.0015893871250334845,0.0016385909233853158,15.5,0.022279864754179233,0.008353721230505711,0.020654484139467542,,0.0
,,,9.541360500648688,0.011045697599604899,0.011022649523359077,-0.0007131850721301901,15.55,0.009438110873486786,-0.0023938983165474347,0.00912946809569215,,,,9.541360500648688,0.002171715194586079,-0.000705943922361839,0.0020537745895975127,15.55,0.016771195640413794,0.008718197131876064,0.014327108639875063,,0.0
,,,9.5720401164064,0.012319741376713524,0.011540622580459322,-0.004311618958639512,15.600000000000001,0.00018537841631836028,2.371060080332161e-05,0.00018385582570658136,,,,9.5720401164064,0.0019920705042382717,0.00021573924700747546,0.001980353875234618,15.600000000000001,0.015598808533821831,0.012140092896628839,0.009794946254883424,,0.0
,,,9.602719732164113,0.01335155372191855,0.010453059205869548,-0.008306475788676146,15.65,0.009006639044618863,0.006242229572251818,-0.006492620183512807,,,,9.602719732164113,0.001755635367670952,0.0009304913668451315,0.0014887717623745414,15.65,0.019388296863867543,0.01762734956006959,0.008073574348983878,,0.0
,,,9.633399347921827,0.01407927041114085,0.007598963188143431,-0.01185249398967438,15.700000000000001,0.017944970561035625,0.01512172722531026,-0.009662056414643091,,,,9.633399347921827,0.0014800097925233907,0.001272217366305824,0.0007562353858654082,15.700000000000001,0.02581601036826116,0.023902390627150636,0.00975408189637904,,0.0
,,,9.66407896367954,0.014459367217887951,0.003280735154916889,-0.014082261082121194,15.75,0.026588491934410062,0.025171006725768434,-0.008565531142755189,,,,9.66407896367954,0.0011913176815938802,0.0011912863781632192,8.636184399200006e-06,15.75,0.03312338284854974,0.02956543366784004,0.014934645069908744,,0.0
,,,9.694758579437252,0.014464283467752484,-0.0017695109250316556,-0.014355637475280972,15.8,0.03486195332710229,0.03473175883053178,-0.0030101027090178698,,,,9.694758579437252,0.0009324933595506267,0.0007566930385165246,-0.000544939915097659,15.8,0.040566610347955764,0.03327001564182944,0.02321111661069532,,0.0
,,,9.725438195194965,0.01408137697079355,-0.006552146946635109,-0.012464130446336605,15.850000000000001,0.0426947357054382,0.042179789628743594,0.006611036517230403,,,,9.725438195194965,0.0007767583944873617,0.0001259602956168608,-0.0007664774017116857,15.850000000000001,0.04781275441017454,0.033890372996179516,0.03372687507711752,,0.0
,,,9.756117810952677,0.013312546439834958,-0.010052323147496826,-0.008727811412436793,15.9,0.05002130481760887,0.0461201177649274,0.01936661232651101,,,,9.756117810952677,0.0007987794670150599,-0.0005056068284084438,-0.0006183933796473065,15.9,0.054680848945842755,0.03066154329543271,0.04527543488670627,,0.0
,,,9.786797426710391,0.012174427033326132,-0.011515899895699771,-0.0039497750799259625,15.950000000000001,0.05678171010061295,0.04555377206576634,0.03389714519735042,,,,9.786797426710391,0.0009738225530827976,-0.0009601426181419467,-0.00016265459636981083,15.950000000000001,0.0610544887150832,0.02327642818929164,0.0564434095622241,,0.0
,,,9.817477042468104,0.010699711912895118,-0.010672097849263266,0.000768220355562186,16.0,0.06292203829804872,0.03999764214577244,0.04857336231268985,,,,9.817477042468104,0.0012144331397006586,-0.0011211999216578057,0.0004666461041064525,16.0,0.06684997471375193,0.01192916463265261,0.06577700320321946,,0.0
,,,9.848156658225816,0.008941696020805263,-0.007836693452361935,0.004305829009864679,16.05,0.06839480912070045,0.02954430748839385,0.06168455081856627,,,,9.848156658225816,0.001462035653695732,-0.0009556751415644996,0.0011064507564610276,16.05,0.07200338115007165,-0.0026996100475566906,0.07195275535122769,,0.0
,,,9.878836273983529,0.006989642974400356,-0.00385941705853016,0.0058275216754560995,16.1,0.07315930844809408,0.014855736325359945,0.07163512763187312,,,,9.878836273983529,0.0016885551031188806,-0.0005104039997895561,0.0016095670514978979,16.1,0.07646479091530226,-0.019513364406429565,0.07393302955555642,,0.0
,,,9.909515889741241,0.005027023152088626,7.937531758103309e-05,0.005026396455771667,16.150000000000002,0.07718185653322036,-0.0029077007324583726,0.07712706564083112,,,,9.909515889741241,0.0018816304325719234,0.00011212129014926858,0.0018782869591934207,16.150000000000002,0.08019552267039988,-0.03711761237343493,0.07108871013089245,,0.0
,,,9.940195505498954,0.0035651347186774914,0.0027756541879647594,0.002237393436826283,16.2,0.0804360096175894,-0.022214175083080483,0.07730771027898305,,,,9.940195505498954,0.002037692048575401,0.0007888585032958769,0.0018788004541742062,16.2,0.08316670357184888,-0.05397139697626858,0.06327549993036648,,0.0
,,,9.970875121256668,0.0037063931477570155,0.0033340756808408053,-0.001619039690732157,16.25,0.08290269407752297,-0.04132838023867091,0.07186669376115196,,,,9.970875121256668,0.0021592383841206324,0.001410107940324056,0.0016352082424250826,16.25,0.08535847820714638,-0.06855490800710491,0.05085562299271603,,0.0
,,,,,,,16.3,0.08457027286958518,-0.05850119896518244,0.061071603654007926,,,,,,,,16.3,0.08675952443695299,-0.07953421686740583,0.034662997963458106,,
,,,,,,,16.35,0.08543454466401487,-0.07215952358950625,0.04573909244052665,,,,,,,,16.35,0.08736671416256153,-0.08590467260570946,0.01591634279816195,,
,,,,,,,16.400000000000002,0.08549867666050888,-0.0810749651015225,0.027145418480567864,,,,,,,,16.400000000000002,0.0871848362983519,-0.08709713714084326,-0.003909524554157575,,
,,,,,,,16.45,0.0847730726734282,-0.08449284509534043,0.006887160386483243,,,,,,,,16.45,0.08622633964606022,-0.0830356184616329,-0.023239357036111533,,
,,,,,,,16.5,0.08327517865545299,-0.08220757839720734,-0.013291705464861199,,,,,,,,16.5,0.0845110759407176,-0.07414046963301531,-0.04056245455163769,,
,,,,,,,16.55,0.0810292284048443,-0.07457676348096537,-0.031686625011013346,,,,,,,,16.55,0.08206603787106188,-0.061277509123501404,-0.05458847357706355,,
,,,,,,,16.6,0.07806593278408244,-0.06247328236682497,-0.04681216563847303,,,,,,,,16.6,0.07892509869800865,-0.045659478755361985,-0.06437688408333424,,
,,,,,,,16.650000000000002,0.07442211639450964,-0.047181674634166774,-0.05755467824037907,,,,,,,,16.650000000000002,0.07512877315249417,-0.028711508263380005,-0.06942608910662323,,
,,,,,,,16.7,0.07014030636322569,-0.030251208293807817,-0.06328133195099334,,,,,,,,16.7,0.0707240382352331,-0.01191611957885884,-0.06971295201381915,,
,,,,,,,16.75,0.06526827883894847,-0.0133227421300638,-0.06389407456669632,,,,,,,,16.75,0.06576428532082058,0.003344636185031826,-0.06567917959709967,,
,,,,,,,16.8,0.05985857027220342,0.0020508447516331776,-0.0598234274414047,,,,,,,,16.8,0.06030953810865361,0.015932266940430363,-0.05816702895127111,,
,,,,,,,16.85,0.05396796333191193,0.014570463343361949,-0.05196385921151677,,,,,,,,16.85,0.05442720248383687,0.025064449385990825,-0.04831245954403152,,
,,,,,,,16.900000000000002,0.04765696341017261,0.023324533831256232,-0.04155902168041392,,,,,,,,16.900000000000002,0.04819390896760625,0.030385135846644196,-0.03740850680204833,,
,,,,,,,16.95,0.040989297074364946,0.027876180137806572,-0.030050641516864512,,,,,,,,16.95,0.041699721674170895,0.03198511385103173,-0.026754799188927883,,
,,,,,,,17.0,0.03403150873695517,0.02829493324380923,-0.018908737124457446,,,,,,,,17.0,0.03505787042269913,0.03037167491442532,-0.0175104437827038,,
,,,,,,,17.05,0.026852887524164974,0.025130373611712293,-0.009462657688049877,,,,,,,,17.05,0.028428616116670812,0.026391816975271987,-0.010566844895841943,,
,,,,,,,17.1,0.019526642827856162,0.01933173644690117,-0.0027520439811564434,,,,,,,,17.1,0.02208291907551832,0.021118588073627185,-0.006454498638340746,,
,,,,,,,17.150000000000002,0.012137688769531585,0.012123547423140563,0.0005857359002784209,,,,,,,,17.150000000000002,0.016581909128257626,0.015714200146271933,-0.005293734419169581,,
,,,,,,,17.2,0.0048669953417687295,0.0048521771046489085,0.0003795009906699186,,,,,,,,17.2,0.013173252462431954,0.011285963287397654,-0.0067942338136453536,,
,,,,,,,17.25,0.0032856738304855443,-0.001178727059590793,-0.003066961858146591,,,,,,,,17.25,0.013517913204352468,0.00875166109527279,-0.010302543640960494,,
,,,,,,,17.3,0.010249559755225329,-0.004864973894596619,-0.009021391476974498,,,,,,,,17.3,0.017261504500754806,0.008729667814173555,-0.014891354454305382,,
,,,,,,,17.35,0.017294220226339932,-0.0054329277206396544,-0.016418689034738747,,,,,,,,17.35,0.022603708573827663,0.011466072862933024,-0.01947965129031937,,
,,,,,,,17.400000000000002,0.024127125091883517,-0.0025303294023964157,-0.023994074233334436,,,,,,,,17.400000000000002,0.028461585770137358,0.01680669434803109,-0.022969477348053546,,
,,,,,,,17.45,0.030666095734090525,0.0037330363688976398,-0.030438033232140553,,,,,,,,17.45,0.03436558519507514,0.02421664409686587,-0.02438334666295214,,
,,,,,,,17.5,0.036849199221362997,0.012798880499133813,-0.034555059560426045,,,,,,,,17.5,0.0400892639500276,0.032844653964357366,-0.022986469716261487,,
,,,,,,,17.55,0.04262216027085267,0.02372600312633191,-0.035407983870922956,,,,,,,,17.55,0.045501679169866964,0.041624306533549676,-0.018379877934268186,,
,,,,,,,17.6,0.047936296133753754,0.03529990636962682,-0.03243154478772966,,,,,,,,17.6,0.05051501717983885,0.04940020103196844,-0.01055400865455955,,
,,,,,,,17.650000000000002,0.05274818099370018,0.04617349133206722,-0.02550253509656769,,,,,,,,17.650000000000002,0.055064476818299124,0.05506438035175579,0.00010307157791163424,,
,,,,,,,17.7,0.05701971656834898,0.05502252819272885,-0.014958926058217218,,,,,,,,17.7,0.05909976148940323,0.057687335718266126,0.012843407095954152,,
,,,,,,,17.75,0.06071830125003948,0.060698097215113156,-0.0015662378986661268,,,,,,,,17.75,0.06258117391000091,0.056628684795185465,0.026638231666559806,,
,,,,,,,17.8,0.06381700483885658,0.06235873735592443,0.013564585580749532,,,,,,,,17.8,0.06547770027104956,0.051615076604980444,0.04028911887653295,,
,,,,,,,17.85,0.06629471519100569,0.05956752166648387,0.02909810345657486,,,,,,,,17.85,0.06776601300535978,0.0427767141323824,0.05255839844096304,,
,,,,,,,17.900000000000002,0.06813624290459536,0.052343400495840325,0.04362013321490528,,,,,,,,17.900000000000002,0.06942991591814748,0.030638652277848694,0.06230398230448922,,
,,,,,,,17.95,0.0693323779054109,0.04116142923203934,0.05579171416612441,,,,,,,,17.95,0.07046000496319516,0.016068174993266977,0.0686033967949054,,
,,,,,,,18.0,0.06987989531050708,0.02690231750662617,0.06449391507250977,,,,,,,,18.0,0.0708534309235606,0.00018449499263965903,0.07085319072023126,,
,,,,,,,18.05,0.06978150981744413,0.010757438201415408,0.06894734683615301,,,,,,,,18.05,0.07061370515256202,-0.015758803010103975,0.06883280818811406,,
,,,,,,,18.1,0.06904577904391457,-0.00589962434188108,0.06879327028427822,,,,,,,,18.1,0.06975051827709282,-0.030505201526867993,0.06272613075687221,,
,,,,,,,18.150000000000002,0.06768695711723703,-0.02166027465770063,0.06412765913039128,,,,,,,,18.150000000000002,0.06827955838947312,-0.04292578796486118,0.0530987271171094,,
,,,,,,,18.2,0.06572480057153998,-0.035230211683722264,0.05548496728744483,,,,,,,,18.2,0.0662223265515927,-0.052134380160113125,0.04083384551112695,,
,,,,,,,18.25,0.06318432937107316,-0.045564163527527526,0.04377403888275549,,,,,,,,18.25,0.06360595735120567,-0.057574634693906265,0.027034778534817692,,
,,,,,,,18.3,0.06009554676554539,-0.051971221658572944,0.03017394340097647,,,,,,,,18.3,0.06046306405702101,-0.05906983543725833,0.012904908235963795,,
,,,,,,,18.35,0.05649312290059468,-0.05417943817760294,0.016001919066818075,,,,,,,,18.35,0.05683164591293818,-0.05683036943907848,-0.0003809023384521252,,
,,,,,,,18.400000000000002,0.05241604906729767,-0.05235307626894792,0.0025685803477950254,,,,,,,,18.400000000000002,0.05275512708076418,-0.05141871526427981,-0.011799116656703438,,
,,,,,,,18.45,0.04790727312168341,-0.04706131506954953,-0.008963227202306058,,,,,,,,18.45,0.04828265924520833,-0.04367654508456869,-0.020580927900960642,,
,,,,,,,18.5,0.04301333427688729,-0.039202687185621275,-0.017700176356227997,,,,,,,,18.5,0.04346995151263634,-0.03462273756217067,-0.026285028594468192,,
,,,,,,,18.55,0.037784033522134663,-0.029894451304914894,-0.02310746568492244,,,,,,,,18.55,0.03838118893929054,-0.025334247318698464,-0.028832127517554748,,
,,,,,,,18.6,0.03227222364410442,-0.02033992507763387,-0.025055615473808125,,,,,,,,18.6,0.03309332831758605,-0.016823535970739434,-0.02849801776574608,,
,,,,,,,18.650000000000002,0.026533947612980325,-0.011689106947484417,-0.02382047763372212,,,,,,,,18.650000000000002,0.02770599347832965,-0.00992645790764267,-0.025866725885373344,,
,,,,,,,18.7,0.020629680113428885,-0.004908458713012719,-0.020037233707402145,,,,,,,,18.7,0.022365793441368964,-0.005213109449866443,-0.02174976335792406,,
,,,,,,,18.75,0.014629902739923,-0.0006744637151331005,-0.014614347500883348,,,,,,,,18.75,0.017330959119301267,-0.002931368760224922,-0.01708125350161601,,
,,,,,,,18.8,0.008646056369750839,0.0006973172259088082,-0.008617890660443533,,,,,,,,18.8,0.01314562857496356,-0.00298900761729353,-0.012801303999775169,,
,,,,,,,18.85,0.003221336329021903,-0.0007198481492251299,-0.0031398768107576236,,,,,,,,18.85,0.010938403822037465,-0.004975793027144582,-0.00974115814084666,,
,,,,,,,18.900000000000002,0.00455851774074153,-0.004481553080716226,0.0008341258762190301,,,,,,,,18.900000000000002,0.011842909807451993,-0.008222429152950718,-0.008523272348819362,,
,,,,,,,18.95,0.010156386563676048,-0.009832883728638718,0.002542948212192163,,,,,,,,18.95,0.015210643131680475,-0.01188903639209971,-0.009487596015148786,,
,,,,,,,19.0,0.01587934668349229,-0.015804493347404126,0.001540013352668189,,,,,,,,19.0,0.019678952543448706,-0.015072589909684011,-0.012652201651167202,,
,,,,,,,19.05,0.02145145195494398,-0.021332679051148315,-0.0022542394451272743,,,,,,,,19.05,0.02449569959222306,-0.01692070493169713,-0.01771239800611079,,
,,,,,,,19.1,0.02678825887774589,-0.025389424373486316,-0.008543298173665165,,,,,,,,19.1,0.029324580964547764,-0.016738576587643276,-0.024078021151372,,
,,,,,,,19.150000000000002,0.03183315750981727,-0.027107394118861493,-0.01668949073907137,,,,,,,,19.150000000000002,0.03399563000711644,-0.014076806897259705,-0.03094424610744326,,
,,,,,,,19.200000000000003,0.036539146835242474,-0.025885603550204018,-0.02578846215440299,,,,,,,,19.200000000000003,0.03840691382166517,-0.0087901587039784,-0.03738748639937817,,
,,,,,,,19.25,0.040865046414052954,-0.02146382904023287,-0.03477435925152839,,,,,,,,19.25,0.04248841374796379,-0.0010606890514611809,-0.04247517206032565,,
,,,,,,,19.3,0.044774526684510554,-0.01395749851877635,-0.04254346571355352,,,,,,,,19.3,0.046187686678745926,0.008617166163956547,-0.04537672143331607,,
,,,,,,,19.35,0.04823589561951278,-0.0038493673386978356,-0.048082054836584294,,,,,,,,19.35,0.049463646459367155,0.019487632745486504,-0.04546300134212772,,
,,,,,,,19.400000000000002,0.05122211923265385,0.008060777870420421,-0.05058388437840602,,,,,,,,19.400000000000002,0.052283657900241566,0.030614751664065912,-0.04238299026705249,,
,,,,,,,19.450000000000003,0.05371090990449789,0.02074240046590577,-0.04954406791616007,,,,,,,,19.450000000000003,0.05462209446189848,0.040984267314571124,-0.03610904368842157,,
,,,,,,,19.5,0.05568482057997573,0.03304647579271665,-0.044818854076219765,,,,,,,,19.5,0.05645958307063974,0.04961460266891799,-0.02694579229705197,,
,,,,,,,19.55,0.057131318816958473,0.04383088504119342,-0.036644796441932116,,,,,,,,19.55,0.057782583757193876,0.05566434481080511,-0.015501861257311011,,
,,,,,,,19.6,0.058042828838450064,0.05208472923758746,-0.02561544377551973,,,,,,,,19.6,0.05858313369276118,0.0585241675520388,-0.00262780623426046,,
,,,,,,,19.650000000000002,0.05841673603392738,0.05703760832477547,-0.01261848982434322,,,,,,,,19.650000000000002,0.05885866905572165,0.05788298068000975,0.010672556891794175,,
,,,,,,,19.700000000000003,0.058255351502398474,0.05824173989859607,0.0012592506709477758,,,,,,,,19.700000000000003,0.058611879598006074,0.05376109272400091,0.023347319741943325,,
,,,,,,,19.75,0.05756583602685064,0.055617970941613075,0.01484812398278444,,,,,,,,19.75,0.05785057287467171,0.04650695500583498,0.03440627730535437,,
,,,,,,,19.8,0.056360084069649784,0.0494608901569642,0.027019981887830957,,,,,,,,19.8,0.05658753819822828,0.03675818346312885,0.04302308017595795,,
,,,,,,,19.85,0.05465456934066142,0.040402898501134515,0.03680662633983438,,,,,,,,19.85,0.05484040962847672,0.025371561042694443,0.04861845759046612,,
,,,,,,,19.900000000000002,0.052470154436476846,0.029341710784559327,0.043499208209150264,,,,,,,,19.900000000000002,0.052631535848455924,0.013330156072687222,0.05091547411981058,,
,,,,,,,19.950000000000003,0.04983186819737685,0.01733982104945141,0.04671772355341964,,,,,,,,19.950000000000003,0.0499878754180884,0.0016381694299818699,0.04996102570737514,,
,,,,,,,20.0,0.04676865611600282,0.00550751660405323,0.04644323907473515,,,,,,,,20.0,0.04694095257367969,-0.008784623838325819,0.04611164074876933,,
,,,,,,,20.05,0.0433131120366926,-0.005117263357442419,0.043009758079227356,,,,,,,,20.05,0.04352693880552739,-0.017197072497449832,0.039985686180151775,,
,,,,,,,20.1,0.039501205057056434,-0.013678736982707567,0.03705721732021347,,,,,,,,20.1,0.03978698472285333,-0.023109146744536298,0.03238782935110119,,
,,,,,,,20.150000000000002,0.03537202786351731,-0.019590601738442064,0.0294514630995337,,,,,,,,20.150000000000002,0.03576805231025328,-0.02632497178801062,0.024214653134609628,,
,,,,,,,20.200000000000003,0.03096762238003243,-0.022591403068924744,0.021180702142508476,,,,,,,,20.200000000000003,0.03152478328689427,-0.026952056248376044,0.016352327824197464,,
,,,,,,,20.25,0.026333018525888863,-0.022762210284925845,0.013240454963090289,,,,,,,,20.25,0.027123640191826063,-0.02537624661464663,0.00957799378827725,,
,,,,,,,20.3,0.021516869517396193,-0.02050519171127778,0.006520183027522965,,,,,,,,20.3,0.022652424577760618,-0.022205818254634586,0.004475932851738348,,
,,,,,,,20.35,0.016573990967413035,-0.016486121117880424,0.0017044022631016345,,,,,,,,20.35,0.018243661133959123,-0.01819156075784155,0.0013777840050204092,,
,,,,,,,20.400000000000002,0.011575619272494059,-0.011547892780833976,-0.0008007083514603858,,,,,,,,20.400000000000002,0.01413627311703754,-0.014132345467936111,0.0003332104655978548,,
,,,,,,,20.450000000000003,0.006667331336371422,-0.006605320068710232,-0.0009072232023345688,,,,,,,,20.450000000000003,0.01083459761835657,-0.010777187366427606,0.0011138842043098955,,
,,,,,,,20.5,0.002783175965088264,-0.002533489886962982,0.001152170753534945,,,,,,,,20.5,0.009320025124004054,-0.00873507168034284,0.0032498293880355174,,
,,,,,,,20.55,0.004859540504471542,-6.252981058046535e-05,0.004859138188752024,,,,,,,,20.55,0.010379671965334595,-0.008402792399991768,0.006093494070776923,,
,,,,,,,20.6,0.009482551412865636,0.0003092344656057333,0.009477507865621721,,,,,,,,20.6,0.01332899070109632,-0.009918875205519071,0.008903814225782746,,
,,,,,,,20.650000000000002,0.01423891741823544,-0.0016260187019008045,0.014145770831750294,,,,,,,,20.650000000000002,0.01710486750931408,-0.013148589974336893,0.010940341594207917,,
,,,,,,,20.700000000000003,0.018883767454203393,-0.00576148585487078,0.01798337993839187,,,,,,,,20.700000000000003,0.02113985370553331,-0.017701455248962727,0.011556465582535185,,
,,,,,,,20.75,0.023336749798241112,-0.01168863434221149,0.02019850782507908,,,,,,,,20.75,0.02517397248159391,-0.022978912821312498,0.010280975442756761,,
,,,,,,,20.8,0.027546614542088583,-0.018745311330449228,0.02018487740500145,,,,,,,,20.8,0.029071918895317496,-0.02824642838415613,0.006878644619011602,,
,,,,,,,20.85,0.03147221837829504,-0.026093270107161247,0.017596641292184634,,,,,,,,20.85,0.03275075253940544,-0.032721538859143244,0.0013829991276029434,,
,,,,,,,20.900000000000002,0.0350781270058548,-0.032816023155246135,0.012392885802476735,,,,,,,,20.900000000000002,0.03615268728623352,-0.03566762162508884,-0.005902335607679908,,
,,,,,,,20.950000000000003,0.03833335297750677,-0.038025699963367104,0.004846864222784707,,,,,,,,20.950000000000003,0.03923405948730761,-0.036482593321935854,-0.014433703903012348,,
,,,,,,,21.0,0.041210989605829376,-0.04096666114180733,-0.004480885982047553,,,,,,,,21.0,0.04196046705393966,-0.034772408790626645,-0.02348532269913076,,
,,,,,,,21.05,0.04368814243095327,-0.041104090923871676,-0.01480228017534291,,,,,,,,21.05,0.04430447236335961,-0.030401036771176587,-0.0322282986617858,,
,,,,,,,21.1,0.04574596152789495,-0.03818759037894325,-0.02518731699013783,,,,,,,,21.1,0.046244454080198255,-0.023511322416341348,-0.03982169322631083,,
,,,,,,,21.150000000000002,0.04736969958014591,-0.03228270673350328,-0.03466576530630613,,,,,,,,21.150000000000002,0.04776400415209532,-0.014514488863770901,-0.04550527118548849,,
,,,,,,,21.200000000000003,0.04854876367605892,-0.023767019498057887,-0.04233333483973067,,,,,,,,21.200000000000003,0.04885159255062592,-0.004049596703813517,-0.048683455724391964,,
,,,,,,,21.25,0.049276746006828076,-0.013291437129345962,-0.04745034663791288,,,,,,,,21.25,0.04950036416715407,0.007082334720709102,-0.04899108681775399,,
,,,,,,,21.3,0.049551426321234694,-0.0017112791616592609,-0.04952186763541558,,,,,,,,21.3,0.0497079984426202,0.01800201796090355,-0.04633370758429373,,
,,,,,,,21.35,0.04937474279437876,0.01000491417319629,-0.048350459340093487,,,,,,,,21.35,0.04947659536461107,0.02784392819468755,-0.04089803359041284,,
,,,,,,,21.400000000000002,0.048752730086300565,0.0208784650404217,-0.04405585532507076,,,,,,,,21.400000000000002,0.04881256930417285,0.03584634471518363,-0.033131653937509734,,
,,,,,,,21.450000000000003,0.04769542473355837,0.03002391188660144,-0.03705965806021588,,,,,,,,21.450000000000003,0.04772654291806475,0.04142939083838328,-0.023694481924497947,,
,,,,,,,21.5,0.046216739082643614,0.03674109418610424,-0.0280370998757178,,,,,,,,21.5,0.04623324113069908,0.044252503927029035,-0.013387624196908301,,
,,,,,,,21.55,0.04433430601788059,0.040585811713814285,-0.017841596834865935,,,,,,,,21.55,0.04435139263338937,0.044245163851961276,-0.003067817503399507,,
,,,,,,,21.6,0.042069298030025605,0.04141141773024557,-0.007410824401523696,,,,,,,,21.6,0.04210365583907086,0.04160777697025139,0.006442882166293533,,
,,,,,,,21.650000000000002,0.039446226135243054,0.03937705755430551,0.0023349720935470527,,,,,,,,21.650000000000002,0.03951660135506365,0.03678299991695989,0.014442046245734967,,
,,,,,,,21.700000000000003,0.036492727632262675,0.03492206511061697,0.010590964944344621,,,,,,,,21.700000000000003,0.036620810520289766,0.030401107041296616,0.020417062810957683,,
,,,,,,,21.75,0.03323935861483348,0.028709845965443508,0.01675111058306319,,,,,,,,21.75,0.03345120398682312,0.02320588257130007,0.02409294631744077,,
,,,,,,,21.8,0.029719422411443413,0.021547974611844576,0.02046775167420952,,,,,,,,21.8,0.03004783002331725,0.01596963278214962,0.025452758552138462,,
,,,,,,,21.85,0.025968902215615326,0.014293836316733389,0.021681100655516185,,,,,,,,21.85,0.026457605978332063,0.009407033364390131,0.024728781558862205,,
,,,,,,,21.900000000000002,0.022026667126020118,0.007756663631130571,0.020615727830808974,,,,,,,,21.900000000000002,0.022738154714956434,0.004097536474552229,0.02236590876045527,,
,,,,,,,21.950000000000003,0.017935437036789275,0.002607093982625166,0.017744941889631313,,,,,,,,21.950000000000003,0.018966604864425828,0.00042497110110782264,0.0189618432555088,,
,,,,,,,22.0,0.013745187018330579,-0.0006956108037958288,0.0137275741403398,,,,,,,,22.0,0.015261171008886954,-0.0014590856960157066,0.015191260958003914,,
,,,,,,,22.05,0.009526598544705316,-0.0019506651398304466,0.009324751221573245,,,,,,,,22.05,0.01183759220414532,-0.0016443675998968354,0.011722825785110498,,
,,,,,,,22.1,0.005447601604837511,-0.0012321708541937373,0.005306422357022073,,,,,,,,22.1,0.009149367993252206,-0.00044278756786874415,0.009138647265634493,,
,,,,,,,22.150000000000002,0.0026137356525175364,0.0011266266528021437,0.0023584584894454064,,,,,,,,22.150000000000002,0.008037877571005148,0.0016562895267440952,0.007865378620897118,,
,,,,,,,22.200000000000003,0.004687155230997023,0.004579029882236879,0.0010009542931844913,,,,,,,,22.200000000000003,0.009078590311109068,0.004050889715810489,0.008124721198127618,,
,,,,,,,22.25,0.00857203595731019,0.00843493638209589,0.0015269737009568664,,,,,,,,22.25,0.011637834703252047,0.006103674298285766,0.009908801978073001,,
,,,,,,,22.3,0.01258883074752647,0.011946934035223171,0.003968554742962991,,,,,,,,22.3,0.014856755532893466,0.007222537581530727,0.01298299410180629,,
,,,,,,,22.35,0.01652075925265743,0.014402391449749568,0.008093615188063159,,,,,,,,22.35,0.018282079669137797,0.006935217275367438,0.016915590393839247,,
,,,,,,,22.400000000000002,0.02029383494306804,0.015210903268029829,0.013433843771130024,,,,,,,,22.400000000000002,0.021702571139759763,0.0049493489245824905,0.02113067768196438,,
,,,,,,,22.450000000000003,0.02386208881656612,0.01397707673652138,0.01934012948744353,,,,,,,,22.450000000000003,0.02500632669810642,0.0011911347009264832,0.02497794172978788,,
,,,,,,,22.5,0.027189394472613045,0.010550403414713139,0.02505897363369398,,,,,,,,22.5,0.028123875248922795,-0.004181703830053347,0.027811251537726404,,
,,,,,,,22.55,0.030245003763278683,0.005046638508337015,0.029820994155240893,,,,,,,,22.55,0.031006421569002064,-0.010794050344405552,0.029066934060494147,,
,,,,,,,22.6,0.033002193974858075,-0.0021616022364154925,0.03293132677141451,,,,,,,,22.6,0.03361690785885372,-0.0180928595580473,0.028332753607855303,,
,,,,,,,22.650000000000002,0.035437836371739924,-0.010483800040021472,0.033851590559840154,,,,,,,,22.650000000000002,0.035926036313326554,-0.02540735417471779,0.025399733050308005,,
,,,,,,,22.700000000000003,0.03753228167897604,-0.019175468935517682,0.03226412185590981,,,,,,,,22.700000000000003,0.03791037663707531,-0.0320230168149205,0.020290959830333914,,
,,,,,,,22.75,0.03926935967765628,-0.027419693626406436,0.028111261283107584,,,,,,,,22.75,0.039551416181665335,-0.03726092092617866,0.013264173314170782,,
,,,,,,,22.8,0.04063641440776886,-0.03441695264205654,0.02160535921373126,,,,,,,,22.8,0.04083506042443547,-0.04055339612422587,0.004787924671391382,,
,,,,,,,22.85,0.04162434112360193,-0.0394730414075819,0.013208511498624797,,,,,,,,22.85,0.041751355773806315,-0.041507499555203775,-0.004505906082655097,,
,,,,,,,22.900000000000002,0.04222760919588481,-0.04207520143949637,0.003584466798029775,,,,,,,,22.900000000000002,0.042294322544875876,-0.039949202569245355,-0.013887798011614227,,
,,,,,,,22.950000000000003,0.04244426323674145,-0.04194797012417416,-0.006471729612027531,,,,,,,,22.950000000000003,0.042461840394890586,-0.035943429826436446,-0.022607028598053323,,
,,,,,,,23.0,0.042275898719130345,-0.039082620850171064,-0.016118323733935267,,,,,,,,23.0,0.04225555589043187,-0.029787846616255102,-0.029970255213726,,
,,,,,,,23.05,0.04172761056851437,-0.03373709047249024,-0.02455610331890222,,,,,,,,23.05,0.0416807967657789,-0.021981262671296877,-0.035413456628880714,,
,,,,,,,23.1,0.04080791460667153,-0.026406641555641118,-0.03111229943763854,,,,,,,,23.1,0.04074648649676916,-0.013170368845547713,-0.03855927315580025,,
,,,,,,,23.150000000000002,0.03952864280525942,-0.017768798630776017,-0.035309820124785674,,,,,,,,23.150000000000002,0.03946505947805255,-0.0040809256900058485,-0.03925349621522745,,
,,,,,,,23.200000000000003,0.03790481435832107,-0.008608959093988856,-0.03691423539580374,,,,,,,,23.200000000000003,0.03785238355603504,0.004558787408826507,-0.03757685987724782,,
,,,,,,,23.25,0.035954485898069696,0.0002648091531599331,-0.035953510709065606,,,,,,,,23.25,0.035927705060483345,0.012093661654604905,-0.03383110016977011,,
,,,,,,,23.3,0.033698586203276065,0.008108141321625212,-0.03270860370618382,,,,,,,,23.3,0.033713644940500276,0.0180081722694004,-0.028501150620452474,,
,,,,,,,23.35,0.03116074438134076,0.014318248694884943,-0.02767633907710132,,,,,,,,23.35,0.031236299165938425,0.02197623577428645,-0.022198005468441934,,
,,,,,,,23.400000000000002,0.028367127802433893,0.018494681896162695,-0.021509083693160198,,,,,,,,23.400000000000002,0.028525545279199663,0.02388917604241321,-0.015588906359660412,,
,,,,,,,23.450000000000003,0.025346322220099294,0.020476400333580076,-0.014938309123326542,,,,,,,,23.450000000000003,0.025615760653893104,0.023858991877215588,-0.009322859029315993,,
,,,,,,,23.5,0.022129325960476075,0.020351312218775657,-0.008690866380224305,,,,,,,,23.5,0.022547394486492303,0.02219693776161754,-0.0039599181981930945,,
,,,,,,,23.55,0.018749837836400735,0.018437603660100433,-0.0034075196498884242,,,,,,,,23.55,0.019370416703776965,0.019370217499364642,8.784819445802492e-05,,
,,,,,,,23.6,0.015245357327173888,0.015239374092585325,0.0004270799684529578,,,,,,,,23.6,0.016152212069832108,0.01594203240097133,0.002597221144841207,,
,,,,,,,23.650000000000002,0.011660901590850226,0.011381976169803102,0.0025352010534724152,,,,,,,,23.650000000000002,0.01299688689808134,0.012502048326463355,0.0035521622547813334,,
,,,,,,,23.700000000000003,0.008063539917311686,0.0075346980837835194,0.002872107376876415,,,,,,,,23.700000000000003,0.010095391452492103,0.009595348890945278,0.003137866829565245,,
,,,,,,,23.75,0.004624588817329182,0.004329777616831809,0.0016247607572034677,,,,,,,,23.75,0.007846957393178927,0.007658019821306703,0.0017115702576403586,,
,,,,,,,23.8,0.0024283842687056944,0.0022870555376388125,-0.0008163498785771533,,,,,,,,23.8,0.006971011894086808,0.0069666620068098845,-0.00024622613665372,,
,,,,,,,23.85,0.004283734362283475,0.0017528350677099439,-0.003908701742524554,,,,,,,,23.85,0.007917590481347823,0.0076074632190055915,-0.002194252128130845,,
,,,,,,,23.900000000000002,0.007586076430532438,0.0028598081193347813,-0.007026382649021233,,,,,,,,23.900000000000002,0.010129232577051455,0.009468167746786174,-0.003599326620177513,,
,,,,,,,23.950000000000003,0.011016217362466042,0.0055124403557399474,-0.00953782188455561,,,,,,,,23.950000000000003,0.01289108526955592,0.012253635048179674,-0.004003561855770975,,
,,,,,,,24.0,0.014380490843037096,0.00939926287947743,-0.010883582783677046,,,,,,,,24.0,0.015826008321700443,0.015522976755295103,-0.003082163534451015,,
,,,,,,,24.05,0.017611781684643682,0.01403043678128152,-0.010645266451997022,,,,,,,,24.05,0.01875633371121298,0.018743813052504114,-0.0006852200662275806,,
,,,,,,,24.1,0.020669127063033626,0.018796088594751226,-0.0085976663744351,,,,,,,,24.1,0.021587041993395444,0.021357270105027824,0.003141241105917066,,
,,,,,,,24.150000000000002,0.02352079257735407,0.023038583233905355,-0.004738287247659166,,,,,,,,24.150000000000002,0.024258768207065767,0.02284616289456352,0.008157246834515542,,
,,,,,,,24.200000000000003,0.02613998366802158,0.026130365816959367,0.0007090334521843419,,,,,,,,24.200000000000003,0.026729650982376427,0.02279849952295859,0.01395358954324349,,
,,,,,,,24.25,0.028503509321590296,0.027548431901203107,0.007316689376402414,,,,,,,,24.25,0.02896781721399975,0.020959031120652623,0.019996335880035996,,
,,,,,,,24.3,0.030591336541395082,0.026936933421284403,0.014499361684094419,,,,,,,,24.3,0.030948019216772128,0.017262981436784505,0.025685976044428026,,
,,,,,,,24.35,0.03238645688674966,0.02415083535641735,0.021578223774549106,,,,,,,,24.35,0.03265002861860389,0.011848154992467792,0.030424424268506927,,
,,,,,,,24.400000000000002,0.03387486875074622,0.01927573794750777,0.027855926828222598,,,,,,,,24.400000000000002,0.034057828530439885,0.0050441026074647555,0.033682231415008895,,
,,,,,,,24.450000000000003,0.035045598816715186,0.012621715007381837,0.03269382673677985,,,,,,,,24.450000000000003,0.035159188623442805,-0.0026603665030884346,0.035058394069438996,,
,,,,,,,24.5,0.03589072949697787,0.004691975950943097,0.0355827180735397,,,,,,,,24.5,0.03594542986314691,-0.010667592961008797,0.034326030770606863,,
,,,,,,,24.55,0.03640541677797206,-0.0038699992281168963,0.036199136408928655,,,,,,,,24.55,0.03641128350189982,-0.01833366072775677,0.031458837400247824,,
,,,,,,,24.6,0.036587890804324175,-0.012348797469768394,0.03444097783977382,,,,,,,,24.6,0.03655479509871119,-0.02503610378290381,0.026635437899167894,,
,,,,,,,24.650000000000002,0.036439435439713216,-0.020033127538254945,0.030438565278295214,,,,,,,,24.650000000000002,0.036377247638037305,-0.030239127466813447,0.020221259005435324,,
,,,,,,,24.700000000000003,0.03596434518654177,-0.026291027762783938,0.024540089320808405,,,,,,,,24.700000000000003,0.03588309053537956,-0.033549082782637706,0.012730091547744994,,
,,,,,,,24.75,0.03516985919553749,-0.030635827596600322,0.017273247040012905,,,,,,,,24.75,0.0350798690961523,-0.03475408636741582,0.0047697690268379556,,
,,,,,,,24.8,0.03406607312113438,-0.03277557703267578,0.009287566315758423,,,,,,,,24.8,0.03397815474780509,-0.03384351307192509,-0.003021857543999323,,
,,,,,,,24.85,0.032665830570223285,-0.03264058418522385,0.0012840369503439848,,,,,,,,24.85,0.032591481984603834,-0.031005388593308984,-0.010043434478835492,,
,,,,,,,24.900000000000002,0.03098459713041258,-0.03038621558804112,-0.00605996382588694,,,,,,,,24.900000000000002,0.03093630529416117,-0.026602211957107647,-0.015791684654990524,,
,,,,,,,24.950000000000003,0.029040321876082673,-0.0263709262035236,-0.012162012408923046,,,,,,,,24.950000000000003,0.029032001122275986,-0.021128156937424283,-0.019911254947677315,,
,,,,,,,25.0,0.02685329469071019,-0.021112275862059136,-0.016594313594434668,,,,,,,,25.0,0.026900961447280703,-0.015152664795809755,-0.022227426220188213,,
,,,,,,,25.05,0.024446014670577946,-0.015226140413244268,-0.019125174022483607,,,,,,,,25.05,0.024568868222017762,-0.009256917845680807,-0.022758267897825406,,
,,,,,,,25.1,0.02184310022519065,-0.009356164964041683,-0.0197378622098079,,,,,,,,25.1,0.022065328721503817,-0.003970412603661479,-0.021705173469583405,,
,,,,,,,25.150000000000002,0.01907130897687782,-0.00410153073726799,-0.018625044206733752,,,,,,,,25.150000000000002,0.019425258707571315,0.0002852428735912465,-0.019423164324052368,,
,,,,,,,25.200000000000003,0.016159837939256225,4.879204018533607e-05,-0.01615976427921643,,,,,,,,25.200000000000003,0.016691907960631455,0.0032390820513722145,-0.01637461873848274,,
,,,,,,,25.25,0.013141396030242825,0.002767958017575535,-0.012846583126910486,,,,,,,,25.25,0.01392376878645076,0.00479545275262466,-0.013071915319335764,,
,,,,,,,25.3,0.010055758578156524,0.003923629344695479,-0.009258693933142678,,,,,,,,25.3,0.011211421175375762,0.005038082326010627,-0.010015672281379987,,
,,,,,,,25.35,0.006963537168265495,0.0035874076427535786,-0.005968362949631016,,,,,,,,25.35,0.008721023373504288,0.004213376173502929,-0.007635686603165816,,
,,,,,,,25.400000000000002,0.004022943265648974,0.0020205399343857055,-0.003478719720268226,,,,,,,,25.400000000000002,0.006798348944939869,0.0026951534613178564,-0.006241289626119861,,
,,,,,,,25.450000000000003,0.0021947714564969356,-0.0003621705340914087,-0.0021646834065261423,,,,,,,,25.450000000000003,0.006059281190827583,0.0009351131091199182,-0.005986689571262987,,
,,,,,,,25.5,0.0037747536927612226,-0.0030458564126323107,-0.0022296914931535074,,,,,,,,25.5,0.006880885564292117,-0.0005950955284924473,-0.006855103752741599,,
,,,,,,,25.55,0.0066027839742365995,-0.005480149857195163,-0.003683030512108133,,,,,,,,25.55,0.008786033306846573,-0.0014634242386012478,-0.008663300223753745,,
,,,,,,,25.6,0.009554133829222631,-0.0071472840557796746,-0.006340173803035208,,,,,,,,25.6,0.011165522151441065,-0.0013317065480621486,-0.011085821691880557,,
,,,,,,,25.650000000000002,0.012453724483781736,-0.007625863886385281,-0.009845885105173098,,,,,,,,25.650000000000002,0.013695921706297508,1.5609860710886546e-06,-0.01369592161734119,,
,,,,,,,25.700000000000003,0.015241142369451732,-0.006642998945250258,-0.013717251391561675,,,,,,,,25.700000000000003,0.016223974465405522,0.0025747975594557085,-0.016018357124934858,,
,,,,,,,25.75,0.017880075718539622,-0.00410887978469423,-0.0174015578215182,,,,,,,,25.75,0.018667443626194578,0.006256228916127535,-0.01758786659280091,,
,,,,,,,25.8,0.02034267925449304,-0.0001299267623531252,-0.020342264335309525,,,,,,,,25.8,0.020974868197490316,0.010756813368080362,-0.01800655608566997,,
,,,,,,,25.85,0.022605565924938162,0.0050008876798553325,-0.022045469675200765,,,,,,,,25.85,0.023109930344193796,0.01566163333157155,-0.01699359061237195,,
,,,,,,,25.900000000000002,0.02464854314873362,0.01083533219029015,-0.022139246953793285,,,,,,,,25.900000000000002,0.025044959360531582,0.020476086343126306,-0.01442150746071696,,
,,,,,,,25.950000000000003,0.026454182679362438,0.016819162095345123,-0.020419098110435373,,,,,,,,25.950000000000003,0.026758018126377917,0.02468154601954517,-0.010335028792250322,,
,,,,,,,26.0,0.028007684729057854,0.022353637552112664,-0.016874397532092193,,,,,,,,26.0,0.028231509581592838,0.027794117901586077,-0.004950266995657975,,
,,,,,,,26.05,0.029296852775632442,0.026862277769154157,-0.011692887394048088,,,,,,,,26.05,0.029451475413601217,0.029419801071924722,0.0013655434545754796,,
,,,,,,,26.1,0.03031210731844151,0.029855266604826746,-0.005242795632049018,,,,,,,,26.1,0.030407227381553985,0.029299813480098153,0.008131445570437329,,
,,,,,,,26.150000000000002,0.03104650743448215,0.030984240522035755,0.001965315026145431,,,,,,,,26.150000000000002,0.031091143691592375,0.027340990137901762,0.014803022472806118,,
,,,,,,,26.200000000000003,0.031495765494865983,0.030081326458522246,0.009332579632845358,,,,,,,,26.200000000000003,0.031498547575545266,0.023627882541881876,0.02082982635443517,,
,,,,,,,26.25,0.031658247809795655,0.02717811906722779,0.01623559356334165,,,,,,,,26.25,0.03162762526267576,0.01841527540586302,0.025713504457433697,,
,,,,,,,26.3,0.031534957620157435,0.022502581916843137,0.02209269922804567,,,,,,,,26.3,0.03147936076372108,0.012102053556071623,0.029060117925061427,,
,,,,,,,26.35,0.0311294988473676,0.01645436175205354,0.02642536050503036,,,,,,,,26.35,0.031057475933591962,0.005189445585407168,0.0306208501822164,,
,,,,,,,26.400000000000002,0.0304480202557955,0.009561433480313634,0.028907800457642407,,,,,,,,26.400000000000002,0.030368371037265415,-0.0017715943977724162,0.03031665240007218,,
,,,,,,,26.450000000000003,0.029499140613409976,0.0024230719199725484,0.029399456107220324,,,,,,,,26.450000000000003,0.02942106603759774,-0.008237923150092375,0.028244216203709024,,
,,,,,,,26.5,0.02829385632487292,-0.004354357711723807,0.027956785842634033,,,,,,,,26.5,0.028227147691612397,-0.01373021795956557,0.02466278535743524,,
,,,,,,,26.55,0.026845434108928392,-0.010221549322663344,0.02482332092894052,,,,,,,,26.55,0.02680073387609986,-0.017881245852993888,0.01996347622640695,,
,,,,,,,26.6,0.025169292975717406,-0.014743179896394334,0.020399312621753984,,,,,,,,26.6,0.025158476729290665,-0.020471109294453435,0.014624726855322874,,
,,,,,,,26.650000000000002,0.023282882778232445,-0.01764132702631131,0.015194611255825241,,,,,,,,26.650000000000002,0.023319644718874176,-0.021445704101789403,0.009159017708958174,,
,,,,,,,26.700000000000003,0.021205572674506835,-0.018820685666186426,0.00977026629669815,,,,,,,,26.700000000000003,0.021306360439006165,-0.020916555025646745,0.004056934928728692,,
,,,,,,,26.75,0.01895857623910289,-0.018372992053349402,0.004675550878927147,,,,,,,,26.75,0.019144148832417465,-0.0191423129679771,-0.00026512026283709875,,
,,,,,,,26.8,0.01656497259850095,-0.01656043825427213,0.0003875590477946929,,,,,,,,26.8,0.016863127671779464,-0.016494263612087716,-0.0035077546621298094,,
,,,,,,,26.85,0.014049971773278089,-0.01378023796368304,-0.002739844611320092,,,,,,,,26.85,0.0145006057055568,-0.013409976854771211,-0.005517253536183276,,
,,,,,,,26.900000000000002,0.011441850022594147,-0.010514613782787528,-0.004512075901218001,,,,,,,,26.900000000000002,0.012106999918824236,-0.010340520926307648,-0.0062970686836816125,,
,,,,,,,26.950000000000003,0.008775024890865315,-0.007272081633673301,-0.004910996899662765,,,,,,,,26.950000000000003,0.009760217452941864,-0.007697332245349441,-0.006001076656185513,,
,,,,,,,27.0,0.006101847889232238,-0.004526831880422772,-0.004091496155407695,,,,,,,,27.0,0.007602651067967927,-0.0058048020282535084,-0.004909641196060848,,
,,,,,,,27.05,0.003557132657337032,-0.0026631505705313205,-0.0023581394743679425,,,,,,,,27.05,0.005929564495085928,-0.004863923242970053,-0.003391457767373687,,
,,,,,,,27.1,0.0019352075323300828,-0.0019311787157109855,-0.0001248076967656948,,,,,,,,27.1,0.005268661124196561,-0.004931024290500638,-0.0018557449954432986,,
,,,,,,,27.150000000000002,0.0032282742268759388,-0.002418952990678412,0.002137854277727882,,,,,,,,27.150000000000002,0.005955184871170233,-0.005913853664338378,-0.0007004010898095173,,
,,,,,,,27.200000000000003,0.005660535474698131,-0.004043767614394159,0.003961010646425098,,,,,,,,27.200000000000003,0.007589805308526067,-0.007585276722548713,-0.00026214817125269716,,
,,,,,,,27.25,0.008212198924386101,-0.006563665320604206,0.004935433996396458,,,,,,,,27.25,0.00964397338783357,-0.009612831095918097,-0.0007744036586898175,,
,,,,,,,27.3,0.010722908520660338,-0.009607561353421808,0.004761883239085752,,,,,,,,27.3,0.011833784363131834,-0.011600589944255928,-0.0023376837464318596,,
,,,,,,,27.35,0.013138544539807196,-0.01272039043053038,0.003288315666016361,,,,,,,,27.35,0.01402445162036839,-0.013138404431761399,-0.004905871200870035,,
,,,,,,,27.400000000000002,0.015427078665072083,-0.015417980892345327,0.0005297370494845448,,,,,,,,27.400000000000002,0.01614376889669017,-0.013852791274154543,-0.00828984005300758,,
,,,,,,,27.450000000000003,0.017564136567069413,-0.017245290481934235,-0.00333149359002437,,,,,,,,27.450000000000003,0.018146653855819293,-0.013453584643340167,-0.012177935227591042,,
,,,,,,,27.5,0.019529311562812596,-0.017831300607657665,-0.007964843297689738,,,,,,,,27.5,0.020001344985214817,-0.011770995248103227,-0.016170883466487204,,
,,,,,,,27.55,0.02130500244645485,-0.016934292740932767,-0.012927987415210413,,,,,,,,27.55,0.02168366435265801,-0.008778848089773422,-0.01982708062159967,,
,,,,,,,27.6,0.022876015591740344,-0.014472367055186501,-0.017716170048108583,,,,,,,,27.6,0.02317444512728101,-0.00460137117914655,-0.02271304229356072,,
,,,,,,,27.650000000000002,0.024229436695840545,-0.0105357747716522,-0.021818869186068315,,,,,,,,27.650000000000002,0.024458301750359488,0.0004972050734131728,-0.02445324746586044,,
,,,,,,,27.700000000000003,0.02535460436014891,-0.00537972314304024,-0.024777298907748588,,,,,,,,27.700000000000003,0.025523011423674052,0.006139020444716571,-0.024773706628446784,,
,,,,,,,27.75,0.026243120108175977,0.0006014641972590926,-0.026236226745314686,,,,,,,,27.75,0.026359189368750667,0.011871906848126279,-0.023534330072620947,,
,,,,,,,27.8,0.026888866498030767,0.006915841887906528,-0.02598426971323995,,,,,,,,27.8,0.02696010992942684,0.017217187603314588,-0.020746469059554455,,
,,,,,,,27.85,0.027288020023218038,0.01302625070415921,-0.02397817402097041,,,,,,,,27.85,0.02732160041393573,0.021720549829053328,-0.016573700983859477,,
,,,,,,,27.900000000000002,0.027439052223789128,0.018407695092872635,-0.020348423730295665,,,,,,,,27.900000000000002,0.027441969900676166,0.025000272346901328,-0.011315833800934752,,
,,,,,,,27.950000000000003,0.02734271573278981,0.0226032271359058,-0.015385650024838184,,,,,,,,27.950000000000003,0.027321953063776012,0.026787427312860098,-0.0053779975062672,,
,,,,,,,28.0,0.027002013776385544,0.02527208930154431,-0.009509482126534767,,,,,,,,28.0,0.026964658794767674,0.026953615549443942,0.0007716428779010681,,
,,,,,,,28.05,0.026422152752912167,0.026224788736432907,-0.0032234471963545255,,,,,,,,28.05,0.026375519321430937,0.02552323162617434,0.006650764379515387,,
,,,,,,,28.1,0.025610478332537105,0.025441290928820866,0.002938931148640546,,,,,,,,28.1,0.025562239873162317,0.022669018463925383,0.011812862024729634,,
,,,,,,,28.150000000000002,0.024576396282204146,0.023070453791068007,0.008470738816309567,,,,,,,,28.150000000000002,0.024534753140594976,0.018691560241228724,0.015892755815731036,,
,,,,,,,28.200000000000003,0.023331280144376073,0.01941095214966473,0.012944634788930251,,,,,,,,28.200000000000003,0.02330518819345683,0.013985161810007743,0.01864261370839241,,
,,,,,,,28.25,0.0218883692945767,0.01487602460497117,0.01605629478827729,,,,,,,,28.25,0.02188787216312269,0.008994069815869227,0.01995458984736272,,
,,,,,,,28.3,0.02026266338244441,0.009946174441994372,0.017653587208260862,,,,,,,,28.3,0.020299398684399818,0.00416403726191343,0.01986772207953417,,
,,,,,,,28.35,0.018470824108619697,0.005115272450579031,0.01774838953279744,,,,,,,,28.35,0.018558828074516642,-0.00010529504137905754,0.01855852937206308,,
,,,,,,,28.400000000000002,0.016531106168218648,0.0008361973822174217,0.016509943824340814,,,,,,,,28.400000000000002,0.016688149813124994,-0.0035018781207535174,0.016316592591981073,,
,,,,,,,28.450000000000003,0.014463365538043737,-0.0025278629921117244,0.014240746166552621,,,,,,,,28.450000000000003,0.014713286578213327,-0.005832025381548304,0.013508082094864867,,
,,,,,,,28.5,0.012289264524394015,-0.00474103295872848,0.011337928780636237,,,,,,,,28.5,0.012666281800995166,-0.0070371655115879055,0.01053152392698887,,
,,,,,,,28.55,0.010033013904377715,-0.005717187292547733,0.008244703600940866,,,,,,,,28.55,0.010590268021337201,-0.007194893179794672,0.007770925871162423,,
,,,,,,,28.6,0.007723814280700009,-0.005524867358273776,0.005397513104775786,,,,,,,,28.6,0.008551501704427858,-0.006504431922865055,0.0055516255963138,,
,,,,,,,28.650000000000002,0.005405118268691565,-0.004374348770596479,0.00317496083940013,,,,,,,,28.650000000000002,0.006670255111336778,-0.0052583920649517885,0.004103853815813434,,
,,,,,,,28.700000000000003,0.0031842119510680014,-0.0025885660300954834,0.0018543278181486675,,,,,,,,28.700000000000003,0.005195212669405613,-0.0038042442087179206,0.0035380730180125954,,
,,,,,,,28.75,0.0016773057974642765,-0.000561418476597204,0.0015805581395009001,,,,,,,,28.75,0.004577746324312935,-0.0025000634339291685,0.0038347678203629063,,
,,,,,,,28.8,0.002682550436848551,0.0012916162261482785,0.0023511283186136035,,,,,,,,28.8,0.005129072571632561,-0.0016697057138193373,0.004849687440888589,,
,,,,,,,28.85,0.0047779208488982145,0.0025848054299246756,0.0040183713775319655,,,,,,,,28.85,0.006523672070799328,-0.0015625920726969516,0.006333766912483584,,
,,,,,,,28.900000000000002,0.006989871527209403,0.0030094981602180656,0.006308821188664075,,,,,,,,28.900000000000002,0.008297028727164004,-0.002322701264346721,0.007965283707187513,,
,,,,,,,28.950000000000003,0.009169336057843919,0.0023720586247166745,0.008857203939313123,,,,,,,,28.950000000000003,0.010195257261065013,-0.0039702786067439535,0.009390429085197872,,
,,,,,,,29.0,0.01126801681230441,0.000618098701422169,0.011251051367657828,,,,,,,,29.0,0.012097953982262823,-0.006398285627643719,0.010267542626355963,,
,,,,,,,29.05,0.013257818580915147,-0.0021596904749015228,0.013080729741764354,,,,,,,,29.05,0.013940996573039488,-0.00938391405349055,0.010309875968516851,,
,,,,,,,29.1,0.015117483250716681,-0.005730915756871999,0.0139890994857902,,,,,,,,29.1,0.015684575300479797,-0.012613763403113192,0.009321956616864467,,
,,,,,,,29.150000000000002,0.016829238491107675,-0.009752907283974216,0.013715103634343521,,,,,,,,29.150000000000002,0.017300755025732698,-0.015719730007481204,0.007225386699153911,,
,,,,,,,29.200000000000003,0.018377751875068217,-0.013809209699888452,0.012126314009049906,,,,,,,,29.200000000000003,0.01876831879122205,-0.018321451402052394,0.004071143423065681,,
,,,,,,,29.25,0.0197497747210486,-0.017456688637129767,0.00923675394056131,,,,,,,,29.25,0.020070461695536664,-0.020070427583050856,3.7004128362425446e-05,,
,,,,,,,29.3,0.020934027475340358,-0.020275849928861164,0.005208014592971662,,,,,,,,29.3,0.021193690740099833,-0.02069077772198458,-0.004589579985839653,,
,,,,,,,29.35,0.021921175985760172,-0.021918637563222217,0.0003335925220572493,,,,,,,,29.35,0.02212727251954052,-0.02001200162422826,-0.009441185314667781,,
,,,,,,,29.400000000000002,0.022703840352709507,-0.02214829799674796,-0.0049917194040301335,,,,,,,,29.400000000000002,0.02286294377452854,-0.017990048365850265,-0.01410930040192006,,
,,,,,,,29.450000000000003,0.023276611214871953,-0.02086683137163001,-0.0103138730919214,,,,,,,,29.450000000000003,0.023394752367976522,-0.014714340196910342,-0.01818798039718901,,
,,,,,,,29.5,0.023636061707342983,-0.018126983751786566,-0.015168252143730705,,,,,,,,29.5,0.023718963360032094,-0.010400002146337019,-0.021317344539851353,,
,,,,,,,29.55,0.023780749286594658,-0.014127502181489933,-0.019129498653751215,,,,,,,,29.55,0.023833996464583732,-0.0053662231761811416,-0.023222037729217614,,
,,,,,,,29.6,0.023711204525478678,-0.009192273162649511,-0.021856882992602446,,,,,,,,29.6,0.02374037707918649,-3.2328193756262698e-06,-0.0237403768590737,,
,,,,,,,29.650000000000002,0.023429905550323895,-0.0037357788572986743,-0.023130162784261995,,,,,,,,29.650000000000002,0.02344069171854047,0.005268357524076947,-0.02284098152974503,,
,,,,,,,29.700000000000003,0.02294123775005509,0.0017811707880365873,-0.02287198767331772,,,,,,,,29.700000000000003,0.022939543911208088,0.01004126793839043,-0.020625120921916953,,
,,,,,,,29.75,0.022251439080903917,0.0069004079092436065,-0.021154453712096337,,,,,,,,29.75,0.02224351041187944,0.013963430056347136,-0.017314628973930987,,
,,,,,,,29.8,0.021368531921412585,0.011214569227596746,-0.018189216407417573,,,,,,,,29.8,0.021361101185088077,0.016773393339400977,-0.013226863563268137,,
,,,,,,,29.85,0.02030224317471507,0.014409081484655136,-0.014302428069870974,,,,,,,,29.85,0.020302731198932854,0.018325386493612896,-0.008739628367146481,,
,,,,,,,29.900000000000002,0.019063915411108866,0.01629334550889747,-0.009897462449012108,,,,,,,,29.900000000000002,0.019080719311567525,0.018601362786286327,-0.004250076698106515,,
,,,,,,,29.950000000000003,0.017666413759264792,0.01681775614563876,-0.0054097369011228335,,,,,,,,29.950000000000003,0.01770934260734291,0.017708848767091074,-0.000132253274242841,,
,,,,,,,30.0,0.016124037034893166,0.016074825598299557,-0.0012587900090403168,,,,,,,,30.0,0.016205000250935197,0.015865026239262205,0.003301965408712153,,
