mea_k,mea_chik,mea_k3chik,mea_r,mea_chir_mag,mea_chir_re,mea_chir_im,mea_q,mea_chiq_mag,mea_chiq_re,mea_chiq_im,fit_k,fit_chik,fit_k3chik,fit_r,fit_chir_mag,fit_chir_re,fit_chir_im,fit_q,fit_chiq_mag,fit_chiq_re,fit_chiq_im,win_k,win_r
0.0,0.06960101091418733,0.0,0.0,0.4184720602364396,0.4184720602364396,0.0,0.0,0.09555550235781564,-0.06076276682237021,0.07374781487572887,0.0,-0.12213678318820954,-0.0,0.0,0.2590657226537416,0.2590657226537416,0.0,0.0,0.09264360122813553,-0.08362868305657417,0.03986326904232593,0.0,0.0
0.05,0.0543354700051416,6.7919337506427015e-06,0.030679615757712823,0.4057209354628621,0.37254089745824653,-0.16069460847789555,0.05,0.09740328590556646,-0.06183793948210658,0.07525602531232198,0.05,-0.12166636787899807,-1.5208295984874762e-05,0.030679615757712823,0.27166422811422414,0.26818166093149964,-0.04335953847677981,0.05,0.0821524326209123,-0.07431861418073922,0.035010937887865336,0.0,0.0
0.1,0.03947572357929517,3.947572357929518e-05,0.06135923151542565,0.3679232446973828,0.255386416091535,-0.2648495657247177,0.1,0.10451990519256298,-0.06755843262424002,0.07975129317332963,0.1,-0.12119595256978656,-0.0001211959525697866,0.06135923151542565,0.29935722449014984,0.27634351055463785,-0.11510435277948752,0.1,0.07713309808572368,-0.06799347575621391,0.03641980333405193,0.0,0.0
0.15000000000000002,0.02434692865200123,8.217088420050419e-05,0.09203884727313846,0.3071665869503041,0.12049862097238981,-0.2825445000038951,0.15000000000000002,0.11616713490429321,-0.07926336970195945,0.08492421006616874,0.15000000000000002,-0.121233449848893,-0.0004091628932400141,0.09203884727313846,0.3229004512351375,0.24608116150327305,-0.2090664089734538,0.15000000000000002,0.07919960451878968,-0.06703273963806695,0.04218043589803001,0.0,0.0
0.2,0.008274242238612915,6.619393790890334e-05,0.1227184630308513,0.23015327887898696,0.029636445344236234,-0.22823718559013745,0.2,0.13128320366190432,-0.09739326545132397,0.08803312676749016,0.2,-0.12136272658284186,-0.0009709018126627351,0.1227184630308513,0.3277994943931997,0.16237596839783727,-0.28475700765969203,0.2,0.08827012030059117,-0.07300197668803986,0.04962182521350583,0.0,0.0
0.25,-0.009417178645516586,-0.00014714341633619666,0.15339807878856412,0.1594089633642364,0.018280459306640778,-0.15835732508601777,0.25,0.1488789096351524,-0.12137075080272776,0.08622105649859572,0.25,-0.12150876196660824,-0.0018985744057282538,0.15339807878856412,0.3086037480220323,0.053745759060488354,-0.3038875888815763,0.25,0.10277752423020543,-0.08643034116925215,0.05561488660652957,0.0,0.0
0.30000000000000004,-0.029402176985034143,-0.0007938587785959223,0.18407769454627693,0.15739307332708974,0.06824147586955763,-0.1418297588748258,0.30000000000000004,0.16817864462443388,-0.14958737573713762,0.0768613916591941,0.30000000000000004,-0.1215973855594515,-0.003283129410105192,0.18407769454627693,0.27051726490402533,-0.029201292929429933,-0.2689365633423693,0.30000000000000004,0.12093557522734785,-0.10669406066796339,0.05693672605401947,0.0,0.0
0.35000000000000003,-0.0485894045326055,-0.0020832707193354613,0.21475731030398976,0.2400579874686815,0.10993194326538634,-0.213407603419863,0.35000000000000003,0.1886087151010968,-0.17950225948240298,0.05789806778122022,0.35000000000000003,-0.12154569102309445,-0.005211271502615176,0.21475731030398976,0.23302023128537447,-0.060231227101459464,-0.22510137154211618,0.35000000000000003,0.1414075734061192,-0.13202143916462755,0.050660057417136195,0.0,0.0
0.4,-0.06233076301536194,-0.003989168832983165,0.2454369260617026,0.34522164579127607,0.06378426560450914,-0.33927798658936115,0.4,0.20974442032884497,-0.20784748006708118,0.028145104171906722,0.4,-0.12126134480987814,-0.007760726067832203,0.2454369260617026,0.22912616976112776,-0.06529801652791213,-0.21962461316283666,0.4,0.16331502691121852,-0.15962323724112212,0.03452854105919432,0.0,0.0
0.45,-0.07216556592908417,-0.006576087195287796,0.2761165418194154,0.438065735301709,-0.09905944318885067,-0.4267186604316031,0.45,0.23126170699771062,-0.2309243493101125,-0.012486873876038886,0.45,-0.12064745217039062,-0.010993999079026847,0.2761165418194154,0.2732606964428482,-0.10183562770723069,-0.25357624721157296,0.45,0.1860823388588079,-0.1859399208900387,0.007278918502797024,0.0,0.0
0.5,-0.07973265419191862,-0.009966581773989827,0.30679615757712825,0.4997765185759915,-0.3205678690803067,-0.38342249521024413,0.5,0.2529026566332523,-0.24496513815815102,-0.06286362079386373,0.5,-0.11961810890685046,-0.014952263613356307,0.30679615757712825,0.34000615155436104,-0.20337531669510148,-0.27247506978432784,0.5,0.20931247826635851,-0.2069853437650455,-0.031125247380073218,0.0,0.0
0.55,-0.08652258426270565,-0.014395194956707656,0.3374757733348411,0.5175009916076279,-0.4808769563819569,-0.1912187991168853,0.55,0.274452795650978,-0.24652735497939507,-0.12061757868362648,0.55,-0.11808189034703823,-0.01964587450648849,0.3374757733348411,0.3984812106277277,-0.33837344070187647,-0.21045353370973172,0.55,0.23271178147129573,-0.21875611264043557,-0.07937591837572128,0.0,0.0
0.6000000000000001,-0.08963568008773015,-0.019361306898949722,0.36815538909255385,0.4834030382746808,-0.47922985504902316,0.06338172798910384,0.6000000000000001,0.2957265757456651,-0.23288311848420137,-0.1822626147275683,0.6000000000000001,-0.11594058277173158,-0.025043165878694033,0.36815538909255385,0.42827267589919443,-0.4249016929083714,-0.053628689014896674,0.6000000000000001,0.25604740463264675,-0.21766822752412027,-0.13483625679179226,0.0,0.0
0.65,-0.09065107170175775,-0.02489505056609522,0.3988350048502667,0.3954195112513617,-0.31641496270030317,0.2371458649389264,0.65,0.3165581280072663,-0.20236503938713848,-0.24342850950804154,0.65,-0.11309694123596845,-0.031059247486927836,0.3988350048502667,0.4180008573234271,-0.3958571964869674,0.13424528562522633,0.65,0.2791233388369654,-0.20097840800387134,-0.19369439279371203,0.0,0.0
0.7000000000000001,-0.09411173743744267,-0.03228032594104284,0.4295146206079795,0.25819735745496647,-0.11053222432948177,0.23334202960783734,0.7000000000000001,0.3367953566210677,-0.15463255460626416,-0.2991987387965612,0.7000000000000001,-0.10946493420624603,-0.0375464724327424,0.4295146206079795,0.364287500683815,-0.2617612012701771,0.2533504621350716,0.7000000000000001,0.3017666600848595,-0.16714732952870465,-0.25124666638623033,0.0,0.0
0.75,-0.09987730681115776,-0.04213573881095718,0.46019423636569234,0.08761601647575928,-0.01994279996632881,0.08531618294663398,0.75,0.35629615115950486,-0.0908287299209381,-0.3445244391215608,0.75,-0.10496671303845719,-0.044282832063099124,0.46019423636569234,0.2730906113201357,-0.11343467443342328,0.24841710212340187,0.75,0.3238194788323663,-0.11610594487844347,-0.3022887103997587,0.0,0.0
0.8,-0.09364755139771173,-0.04794754631562842,0.4908738521234052,0.13139711206010204,-0.12041149433419372,-0.052595371373738285,0.8,0.37492595827419345,-0.013606708487355337,-0.3746789714835387,0.8,-0.09953535093614119,-0.0509620996793043,0.4908738521234052,0.1699416334728395,-0.05379870022850214,0.16120129850947446,0.8,0.3451341421355847,-0.04939391353174653,-0.3415813481056662,0.0,0.0
0.8500000000000001,-0.08867276046762781,-0.05445615902218195,0.521553467881118,0.330941862649156,-0.33058733260169415,-0.015314436881245347,0.8500000000000001,0.392556239506026,0.07298352591689379,-0.38571207670988283,0.8500000000000001,-0.09312166121745735,-0.05718834019517101,0.521553467881118,0.15176617008227822,-0.11015655365498082,0.10439590062976768,0.8500000000000001,0.36557034688663453,0.029849718069303758,-0.36434965740892,0.0,0.0
0.9,-0.09223097384779623,-0.06723637993504346,0.5522330836388308,0.5134297168867015,-0.4557591224985944,0.23641847736940882,0.9,0.40906351694277715,0.1637445845467953,-0.374860870090746,0.9,-0.08570234539311546,-0.062477009791581176,0.5522330836388308,0.26396806036115533,-0.20188610321494543,0.17006215986960455,0.9,0.3849934097984989,0.11705000420531748,-0.36676862202730764,0.0,0.0
0.9500000000000001,-0.08148437363059617,-0.0698626648415324,0.5829126993965437,0.6533131121845271,-0.33247061490542607,0.562388933725265,0.9500000000000001,0.42432881598526395,0.2527008405017527,-0.34087714690950427,0.9500000000000001,-0.07727705403242824,-0.06625541420105317,0.5829126993965437,0.39789735966676937,-0.19860790073722231,0.3447857459271483,0.9500000000000001,0.4032732578137568,0.206505624733667,-0.34638814561280623,0.0,0.0
1.0,-0.06947902133663367,-0.06947902133663367,0.6135923151542565,0.7301779867658329,0.03029063945741627,0.7295494291126995,1.0,0.43823738130313145,0.33355893022851363,-0.2842365958778634,1.0,-0.06787068721774456,-0.06787068721774456,0.6135923151542565,0.5069913209579326,-0.02897381979134626,0.506162737954275,1.0,0.4202838792919121,0.29182200641176004,-0.3024540556290711,0.0,0.0
1.05,-0.06618750591956328,-0.07662031154013445,0.6442719309119693,0.7292536312010574,0.43071162417511105,0.5884712018615402,1.05,0.45067858423239476,0.40022147587496193,-0.20720510740371,1.05,-0.057535564856730295,-0.06660460826727242,0.6442719309119693,0.569863549889111,0.2480531743797323,0.5130439437049787,1.05,0.43590307719460747,0.366432902251744,-0.23608985758624138,0.0,0.0
1.1,-0.05101263798664636,-0.06789782116022633,0.6749515466696822,0.6434987553844694,0.609222914216333,0.20721507902447592,1.1,0.4615459669839426,0.4473093992820089,-0.11374964155157133,1.1,-0.04634891999306594,-0.06169041251077078,0.6749515466696822,0.5739834967094402,0.4747392608077037,0.3226138384238206,1.1,0.4500124246623029,0.42416546934756333,-0.1503157907992576,0.0,0.0
1.1500000000000001,-0.03974106468420466,-0.060441191751589775,0.705631162427395,0.47577244541883973,0.4502770237353426,-0.15365552940218113,1.1500000000000001,0.47073738686843836,0.4706456095392899,-0.009295031851266821,1.1500000000000001,-0.03442361315693901,-0.05235401266005963,0.705631162427395,0.51444321230685,0.5130752054067874,0.03749202962462351,1.1500000000000001,0.46249735903957845,0.45979797444956805,-0.04989619034214035,0.0,0.0
1.2000000000000002,-0.023831190219667946,-0.04118029669958623,0.7363107781851077,0.2458336185899791,0.09479094838188099,-0.22682337651553222,1.2000000000000002,0.47815523582551717,0.4676545656436803,0.09965759770321911,1.2000000000000002,-0.02191311641767108,-0.03786586516973565,0.7363107781851077,0.39455395606942534,0.35881003338780826,-0.16409809319511903,1.2000000000000002,0.47324737249311627,0.4695579524721841,0.058978003033066745,0.0,0.0
1.25,-0.010459688143187405,-0.0204290784046629,0.7669903939428205,0.1478906345925919,-0.14095626488196725,0.04475456614384986,1.25,0.483706719083092,0.4376382363279811,0.20602175659348076,1.25,-0.009012754050178665,-0.017603035254255203,0.7669903939428205,0.22798279775908606,0.1545867684447844,-0.16756815656877935,1.25,0.48215627145329104,0.4515122302793987,0.1691489757872123,0.0,0.0
1.3,0.0025820722209195213,0.005672812669360188,0.7976700097005334,0.43176007759313445,-0.00036710366660365875,0.4317599215283043,1.3,0.4873041832078944,0.3818988912113408,0.3026856518955955,1.3,0.004041055266333735,0.008878198420135215,0.7976700097005334,0.08431441296749627,0.08187480813053277,-0.020135442077142195,1.3,0.48912248642018924,0.40580853744591844,0.2730572058340025,0.0,0.0
1.35,0.01480687075260073,0.03643045462793003,0.8283496254582462,0.7495207186801822,0.49393729737673675,0.5637439613787646,1.35,0.4888654891543327,0.30369217456014896,0.3830933692940051,1.35,0.01697633109177961,0.04176814060993726,0.8283496254582462,0.23305648374805668,0.21145878881925181,0.09798216801083388,1.35,0.49404942013790704,0.3347408360289068,0.3633640078946602,0.0,0.0
1.4000000000000001,0.0273605403062126,0.0750773226002474,0.859029241215959,1.035464674117632,1.0143497324684974,0.20804257157279682,1.4000000000000001,0.4883144309845344,0.20800893196396555,0.4417955044259278,1.4000000000000001,0.02949131701397942,0.08092417388635956,0.859029241215959,0.4343164068504436,0.4340089698370603,0.01633876863333878,1.4000000000000001,0.4968458269736832,0.24262598295075438,0.43357630029597255,0.0,0.0
1.4500000000000002,0.03719417823045543,0.11339110160782222,0.8897088569736719,1.2552873089263288,1.1413074369131102,-0.5226505165005878,1.4500000000000002,0.48558120649871434,0.1011999531184844,0.4749186010187047,1.4500000000000002,0.041266611970116586,0.12580642491739674,0.8897088569736719,0.6037970008165461,0.5357492570266634,-0.2784664284800489,1.4500000000000002,0.4974262203778689,0.13549653648321894,0.4786162693854691,0.0,0.0
1.5,0.04516869340543761,0.15244434024335193,0.9203884727313847,1.3827412373221935,0.6761065034732953,-1.2061730080516748,1.5,0.48060295301061007,-0.009527276448254672,0.48050851131483324,1.5,0.051985285717557596,0.17545033929675688,0.9203884727313847,0.7157727969090416,0.368670467548097,-0.6135248838905066,1.5,0.49571130921537765,0.020631869119756122,0.49528176633170035,0.0,0.0
1.55,0.048646586063111306,0.18115380567576864,0.9510680884890975,1.4012213282625923,-0.17900455381352592,-1.389740472351584,1.55,0.4733243712387121,-0.11669797199402566,0.45871292083502924,1.55,0.06131830634395806,0.22834170803660686,0.9510680884890975,0.7530954645312685,-0.018169924799506017,-0.7528762398497826,1.55,0.49162846821224254,-0.09403437907676077,0.48255164107933984,0.0,0.0
1.6,0.05376745862333933,0.22023151052119794,0.9817477042468103,1.3066496532206813,-0.9259754667315503,-0.9219017036935199,1.6,0.46369847482738435,-0.21319444547869862,0.4117819859759198,1.6,0.06892795153460639,0.28232888948574786,0.9817477042468103,0.7069582287382732,-0.3983411736348297,-0.5840498665079746,1.6,0.4851122535778969,-0.20057962906007207,0.44170319330694185,0.0,0.0
1.6500000000000001,0.05379813220784073,0.24166793464414663,1.012427320004523,1.1110664528639942,-1.1074777507362694,-0.08922832680215297,1.6500000000000001,0.451687525852882,-0.2928594774442973,0.34388217092799545,1.6500000000000001,0.07448338535110176,0.3345886774203181,1.012427320004523,0.5779880059470417,-0.5348186821166373,-0.21917826597922704,1.6500000000000001,0.47610498326724554,-0.29177109882192387,0.37622543904439965,0.0,0.0
1.7000000000000002,0.05579336488868537,0.2741128016981113,1.043106935762236,0.8505630916792851,-0.6389751585802241,0.5613985390472631,1.7000000000000002,0.43726425398352303,-0.3510228112382194,0.2607355246263622,1.7000000000000002,0.07770137785395485,0.3817468693964803,1.043106935762236,0.37669270342853817,-0.36830339652184524,0.07905694736563677,1.7000000000000002,0.4645574143516578,-0.3616953775585994,0.2915305216985696,0.0,0.0
1.75,0.05108049026862355,0.27375950253340436,1.0737865515199487,0.6136198547949641,0.11332065665915064,0.6030652990953232,1.75,0.42041352011693817,-0.38490029507815443,0.1691132482860666,1.75,0.07839481274216915,0.4201471995400628,1.0737865515199487,0.12382364397407014,-0.07443845274205162,0.09895055108682632,1.75,0.45042957112288384,-0.4062788664293124,0.194484655525463,0.0,0.0
1.8,0.048973247792643095,0.28561198112669456,1.1044661672776617,0.5826053856188879,0.5812924053831741,0.0390918763424927,1.8,0.4011346960354505,-0.39382547358726777,0.07622690284418945,1.8,0.07648897985996767,0.4460837305433315,1.1044661672776617,0.1611857283429565,0.06603059603540205,-0.14704012856584053,1.8,0.4336918134162148,-0.4236474675570776,0.09279769532008741,0.0,0.0
1.85,0.044693886316223286,0.2829849279469573,1.1351457830353744,0.798426329430858,0.400068811210971,-0.6909627702160758,1.85,0.37944523311369693,-0.3792878250717761,-0.01092843470171144,1.85,0.07200575503741187,0.455913438738753,1.1351457830353744,0.4348174772341133,-0.10944851306710059,-0.4208173730915103,1.85,0.41432629786330394,-0.4142874317891514,-0.005674941643796167,0.0,0.0
1.9000000000000001,0.03537304862341763,0.24262374050802157,1.1658253987930873,1.0753273013157432,-0.326530743613687,-1.0245518427244624,1.9000000000000001,0.35538627511438087,-0.34476916439948757,-0.08621848884638089,1.9000000000000001,0.06494588204103167,0.4454638049194364,1.1658253987930873,0.6704966297658399,-0.5049931603522166,-0.44107554741203947,1.9000000000000001,0.3923291008973924,-0.38098689255712825,-0.09365421031976918,0.0,0.0
1.9500000000000002,0.027912160564121165,0.20696518156288798,1.1965050145508,1.2960865666618449,-1.101394391399083,-0.6832062520761446,1.9500000000000002,0.329031927988265,-0.2953884780328182,-0.14494018311403542,1.9500000000000002,0.05529663036926444,0.4100176021092998,1.1965050145508,0.8365308274378042,-0.8290279525732495,-0.11178765184931345,1.9500000000000002,0.36771349538634424,-0.3285578057668517,-0.16511505975808127,0.0,0.0
2.0,0.013358396405671696,0.10686717124537357,1.227184630308513,1.405312094580779,-1.3993521542331375,0.12928894623321097,2.0,0.3005053811680354,-0.23738393276125566,-0.18426164163424213,2.0,0.043116533612770756,0.34493226890216605,1.227184630308513,0.9079500002718427,-0.8209625697729358,0.38780621710521435,2.0,0.3405153236517218,-0.263358973254471,-0.21585350784267485,0.0,0.0
2.0500000000000003,0.00026843832884280896,0.002312629757771905,1.2578642460662257,1.3753591575695705,-1.0500910087877249,0.8882126353377646,2.0500000000000003,0.2700085639355352,-0.17747726843211606,-0.2034857336237718,2.0500000000000003,0.028724997078003116,0.24746944045163166,1.2578642460662257,0.8692145003966438,-0.46537199003095553,0.7341408302188452,2.0500000000000003,0.31080237616031786,-0.19266059887644876,-0.24388524077415558,0.0,0.0
2.1,-0.013148540555988748,-0.12176863408901181,1.2885438618239387,1.1990641811620881,-0.34861689846640215,1.1472668253939773,2.1,0.23788018256560903,-0.12217863159764308,-0.20410625477523928,2.1,0.013072210093773112,0.1210617376784328,1.2885438618239387,0.7169306880395231,-0.016131252172023852,0.7167491849707166,2.1,0.2786919036893923,-0.1239074973246471,-0.24963194765245905,0.0,0.0
2.15,-0.02629367986311628,-0.26131645060959824,1.3192234775816514,0.8904736150452798,0.19106321289313263,0.8697345041854799,2.15,0.20471714352797618,-0.07709778755675792,-0.18964450956488835,2.15,-0.0026380656754474703,-0.02621808595722525,1.3192234775816514,0.4630490114632324,0.20163253449802418,0.4168437453638711,2.15,0.2443859075726499,-0.06394994855552529,-0.2358704642380081,0.0,0.0
2.2,-0.03967284396355145,-0.422436442523896,1.3499030933393643,0.49988309227290795,0.24733333101503377,0.43440687069765865,2.2,0.1716453960165977,-0.04632962497441944,-0.16527464361911146,2.2,-0.017281090490999188,-0.1840090515481594,1.3499030933393643,0.1650189497474933,0.06182484439284018,0.15299981173703064,2.2,0.20824891118899433,-0.01831695088711438,-0.20744179502115934,0.0,0.0
2.25,-0.047068624812013,-0.5361410544993356,1.380582709097077,0.31596684432381456,-0.05636075292659698,0.3108995211342352,2.25,0.1409422484158405,-0.03197751051355984,-0.1372667338063657,2.25,-0.029942933711546882,-0.3410687293080887,1.380582709097077,0.3279268061516506,-0.24092687524938916,0.2224639992794059,2.25,0.17099851667574323,0.00939452047821087,-0.17074025796597858,0.0,0.0
2.3000000000000003,-0.05426318439975659,-0.6602201645918386,1.41126232485479,0.7106357449159851,-0.2610916813036628,0.6609344111985119,2.3000000000000003,0.11729141442305802,-0.033867498861318956,-0.1122954514583743,2.3000000000000003,-0.03993574273328924,-0.4858981818359303,1.41126232485479,0.7201403474763736,-0.33194593270492206,0.6390727797552103,2.3000000000000003,0.1342306553846167,0.0179488745077489,-0.13302521095224323,0.0,0.0
2.35,-0.05807090309847372,-0.7536369215491047,1.4419419406125027,1.1878170811082636,0.03753380893768613,1.1872239179527948,2.35,0.10860840292425544,-0.04949037212331305,-0.0966772375114919,2.35,-0.04671673467348777,-0.6062839430006901,1.4419419406125027,1.0882256153095706,0.03646516557228961,1.087614491221811,2.35,0.1019860722644475,0.00866935040541185,-0.10161693411768186,0.0,0.0
2.4000000000000004,-0.06090752873905102,-0.8419856772886417,1.4726215563702154,1.5940334551056474,0.8295055739572613,1.3611991620515649,2.4000000000000004,0.12101625660437881,-0.07418822338948416,-0.09560879600146031,2.4000000000000004,-0.05008724039716861,-0.6924060112504592,1.4726215563702154,1.3772182093299905,0.754399854241604,1.1522199685955596,2.4000000000000004,0.08433046141021808,-0.014626651348376816,-0.08305231960633795,0.0,0.0
2.45,-0.05938734230693899,-0.8733576793836334,1.5033011721279284,1.8669471135626656,1.6581855163812413,0.85785331969017,2.45,0.1515614055628999,-0.1015795070789024,-0.11248316939795502,2.45,-0.05022074165151555,-0.7385525043198943,1.5033011721279284,1.5448756152057281,1.4001098645348646,0.6529418302494027,2.45,0.09424931964993141,-0.045960399275199584,-0.08228350960514008,0.0,0.0
2.5,-0.05846070090923428,-0.9134484517067857,1.533980787885641,1.9646409354266863,1.9588624150818406,-0.15057238768772868,2.5,0.19347730927499987,-0.12419315497433335,-0.1483560900732261,2.5,-0.04726623670377791,-0.7385349484965298,1.533980787885641,1.560172307672527,1.5497541118558569,-0.17999950670510706,2.5,0.12826984831116936,-0.07777299885261627,-0.10200252269057537,0.0,0.0
2.5500000000000003,-0.04846890725243808,-0.8036811269928957,1.564660403643354,1.8636127452191136,1.5099842821296885,-1.0922453624824457,2.5500000000000003,0.24223633670097733,-0.13426064042361485,-0.2016247089306022,2.5500000000000003,-0.041384018678503894,-0.6862039327152777,1.564660403643354,1.4071652934757788,1.1182208897801096,-0.8542225733508538,2.5500000000000003,0.17480364240319693,-0.10170984293043292,-0.14216687816960535,0.0,0.0
2.6,-0.03605381269736206,-0.6336818119688357,1.5953400194010667,1.5618475456064875,0.632393989494285,-1.4280915929199047,2.6,0.2955147880274989,-0.12459685128364718,-0.2679638307554554,2.6,-0.03285502310622355,-0.5774598861149851,1.5953400194010667,1.0901359891483702,0.4510577083334122,-0.9924431563517913,2.6,0.22784546958989588,-0.1095410955057475,-0.19978565115653546,0.0,0.0
2.6500000000000004,-0.019213586317944144,-0.35755763628207143,1.6260196351587797,1.0852873196801598,-0.0432079733700975,-1.0844268704231717,2.6500000000000004,0.35210432494089733,-0.08948814892334768,-0.34054269459842734,2.6500000000000004,-0.02213048659302099,-0.41184005656364847,1.6260196351587797,0.6507346177055188,0.06802770304445031,-0.6471690461532008,2.6500000000000004,0.2849982933707744,-0.0941340285162135,-0.26900336782197115,0.0,0.0
2.7,-6.809436146771914e-05,-0.001340301316769116,1.6566992509164924,0.5357604222760561,-0.07762641312485456,-0.5301069421001647,2.7,0.41131115986708516,-0.025500469421029095,-0.410519909737048,2.7,-0.009785632774529355,-0.19261060990106132,1.6566992509164924,0.37166185853194106,0.23828127414046807,-0.2852272278051513,2.7,0.34518914398989264,-0.05038320137315159,-0.34149242765816534,0.0,0.0
2.75,0.016156482190240264,0.336004340550153,1.6873788666742053,0.5736785197711506,0.40090213492768967,-0.4103468316646773,2.75,0.4726865166672247,0.06787738015706914,-0.4677875632186123,2.75,0.003536922737946765,0.07355694006573663,1.6873788666742053,0.8383181517530185,0.724236736566155,-0.42220667091674774,2.75,0.4078421696277389,0.023996988686397422,-0.40713557921243665,0.0,0.0
2.8000000000000003,0.03730039204961255,0.818818206273095,1.718058482431918,1.2645268044492664,0.7650187409551459,-1.0068636278851653,2.8000000000000003,0.5359046600214671,0.187829776550066,-0.5019101310731598,2.8000000000000003,0.01713490494421979,0.37614543333551287,1.718058482431918,1.4954712673296842,0.9251775324616762,-1.1749386557760264,2.8000000000000003,0.4725888004809586,0.12790539616640323,-0.4549509687554767,0.0,0.0
2.85,0.05656664832237053,1.3094684128455958,1.748738098189631,1.9921697734828203,0.3783672137719031,-1.9559086527547955,2.85,0.6007045901286494,0.32810645668793137,-0.5031820323514338,2.85,0.030242367069666383,0.7000843355915909,1.748738098189631,2.1235055157095037,0.3444991814961103,-2.0953749042109853,2.85,0.5391550822955511,0.2565847232998057,-0.47418612646753444,0.0,0.0
2.9000000000000004,0.06792447945553627,1.6566101294410749,1.7794177139473437,2.6223756117901567,-0.8622881864594827,-2.47655263073576,2.9000000000000004,0.6668604603613116,0.4792435654307856,-0.4637116330075069,2.9000000000000004,0.04199747757525004,1.0242764805827738,1.7794177139473437,2.63956769681255,-0.970634723202804,-2.454625401190439,2.9000000000000004,0.6073129477348376,0.4016977089243793,-0.4554865169588252,0.0,0.2499999999999989
2.95,0.08421189541186999,2.1619193584743064,1.8100973297050567,3.0799150800177966,-2.3735264616188223,-1.9627147108319805,2.95,0.7341657569534826,0.6291179092369634,-0.37843099101473177,2.95,0.05154773540635035,1.323352793752604,1.8100973297050567,2.9815624090663677,-2.3825213424400915,-1.792569789987298,2.95,0.6768571947424198,0.5517673762530798,-0.3920311525598064,0.0,0.7500000000000011
3.0,0.09358655850202771,2.526837079554748,1.8407769454627694,3.3117455887521463,-3.2763456455866837,-0.4829265526604203,3.0,0.802424476372928,0.7638082751876918,-0.2459308013185233,3.0,0.058155455518304845,1.5701972989942308,1.8407769454627694,3.1047329711111247,-3.0891762452920877,-0.31041415468304645,3.0,0.7475938475328131,0.6929667587884818,-0.2805238529663761,0.0,1.0
3.0500000000000003,0.09637610347726017,2.7344430429214994,1.8714565612204823,3.290398365039205,-3.052609761369125,1.2281266406387439,3.0500000000000003,0.8714460606538424,0.8687077718818276,-0.0690292959634614,3.0500000000000003,0.061283826393392984,1.738783024824842,1.8714565612204823,2.9879700984288973,-2.722354524518384,1.2315645139169429,3.0500000000000003,0.8193339887464222,0.8102098929380019,-0.12193487811333431,0.0,1.0
3.1,0.08375637811717448,2.4951862604887456,1.902136176978195,3.0250443296682836,-1.9458072588172808,2.3161880985775345,3.1,0.9410424530472042,0.9298045277604181,0.1449980641019923,3.1,0.0606330654525996,1.806319652898395,1.902136176978195,2.6464238810324536,-1.6415313526837079,2.0757972387146273,3.1,0.8918904119217627,0.8884646848630022,0.07809616270507604,0.0,1.0
3.1500000000000004,0.06392501002882829,1.9980321228348041,1.932815792735908,2.5882433709808828,-0.7528764691237344,2.476324043752405,3.1500000000000004,1.0110264049520958,0.935027294407071,0.3845755455357919,3.1500000000000004,0.05611692272586138,1.753983522104183,1.932815792735908,2.1656196676404575,-0.6475640092722698,2.066535603072541,3.1500000000000004,0.9650758189112099,0.9141824884924893,0.3092599456457658,0.0,1.0
3.2,0.043565916473593626,1.4275679510067163,1.9634954084936207,2.188808124641212,-0.13276917529257365,2.184777643740321,3.2,1.0812105526069302,0.8755397072782503,0.6343866959888892,3.2,0.04787553614014297,1.5687855682402052,1.9634954084936207,1.8046748159138593,-0.29390675477755,1.7805813687360235,3.2,1.0387019108545517,0.8767214906381546,0.5570108504024937,0.0,1.0
3.25,0.01572882286474156,0.5399409974037064,1.9941750242513334,2.2440775654354264,0.015478674471541885,2.2440241822064206,3.25,1.1514069863484182,0.7468637154386479,0.8763176585993945,3.25,0.03630772718408768,1.24637619724126,1.9941750242513334,2.040180164906662,-0.3401554721044582,2.011623563213547,3.25,1.1125790225970351,0.7696333157960719,0.8034280557335035,0.0,1.0
3.3000000000000003,-0.010531642027438748,-0.3784756195400664,2.024854640009046,2.999283893192644,0.5369887414761524,2.9508214048791026,3.3000000000000003,1.2214271474066956,0.5497198037977779,1.0907302204186837,3.3000000000000003,0.022127968426584932,0.795212801346183,2.024854640009046,2.959066396398705,0.1420302157045139,2.9556558250450857,3.3000000000000003,1.1865161039296868,0.5916858668451414,1.028459187260339,0.0,1.0
3.35,-0.036558634586478865,-1.374435576766643,2.055534255766759,4.230965132312258,2.2616413768294055,3.575757854421252,3.35,1.2910819510448226,0.2904890276385233,1.2579780320559382,3.35,0.0062696492845723175,0.23570981597197802,2.055534255766759,4.2486797351782615,1.9675781825806482,3.7656228684703748,3.35,1.2603209329782337,0.34751059362418457,1.2114640900258218,0.0,1.0
3.4000000000000004,-0.05305900559223047,-2.085431155797027,2.086213871524472,5.70252700227805,5.021171042801097,2.7030826052205703,3.4000000000000004,1.3601820724058282,-0.018771408734311164,1.3600525373338865,3.4000000000000004,-0.010214981020294759,-0.4014896140216653,2.086213871524472,5.7135975576780496,4.883771989882076,2.9654625612116305,3.4000000000000004,1.3338004926653964,0.04778840221901748,1.3329441184265032,0.0,1.0
3.45,-0.06389859375547144,-2.6239078920020216,2.116893487282185,7.293987265283816,7.265636699010501,-0.6424745785743337,3.45,1.428538354208501,-0.36079309486415095,1.3822265270725638,3.45,-0.026259414729171163,-1.0783067591581614,2.116893487282185,7.266914466840133,7.255855349435849,-0.40076054750135076,3.45,1.4067614675039535,-0.2910764372416697,1.3763183985315945,0.0,1.0
3.5,-0.0712643484455888,-3.0554589396046197,2.1475731030398975,8.948570385525091,6.785817287520492,-5.833489151878551,3.5,1.4959623096569925,-0.7140368134195563,1.3145549288622098,3.5,-0.04089038091710272,-1.753175081820779,2.1475731030398975,8.870469695588367,6.84375374857912,-5.643426906513525,3.5,1.479010833715197,-0.6478033656918052,1.3295953691425417,0.0,1.0
3.5500000000000003,-0.07306250009796796,-3.2687340590704768,2.1782527187976104,10.641814757212849,2.263567422960987,-10.398292352523223,3.5500000000000003,1.5622667030727768,-1.0540623829044478,1.1530957221651987,3.5500000000000003,-0.053205433219815634,-2.3803512261421798,2.1782527187976104,10.511844261303311,2.355053614522224,-10.244637243290812,3.5500000000000003,1.5503565253866267,-0.9975677047005798,1.1867872725755493,0.006155829702431202,1.0
3.6,-0.060637293863156666,-2.829093582479438,2.2089323345553233,12.365083381153788,-5.344962715120667,-11.150186572289071,3.6,1.6272661968167634,-1.355242582531885,0.9007290479355043,3.6,-0.062392121751130444,-2.9109668324207423,2.2089323345553233,12.190895437824302,-5.213759227603461,-11.01973893940075,3.6,1.6206081655872866,-1.3137377005786226,0.9489278583994591,0.02447174185242326,1.0
3.6500000000000004,-0.059567401180204795,-2.8965914631149667,2.2396119503130363,14.112062561867754,-12.68002393512572,-6.194134544446736,3.6500000000000004,1.6907780572232778,-1.5927014919772127,0.567478983083323,3.6500000000000004,-0.0677768859136757,-3.2957951034350486,2.2396119503130363,13.906979559620563,-12.493735409471668,-6.108244918945044,3.6500000000000004,1.6895778554625736,-1.5698963109538289,0.624578980212325,0.05449673790581632,1.0
3.7,-0.05097442196227423,-2.582007395655077,2.270291566070749,15.866555959865533,-15.492234825543724,3.4261141454648993,3.7,1.7526229152300343,-1.7443314905309197,0.17027840183535878,3.7,-0.06895036123858145,-3.4925426478178663,2.270291566070749,15.64686403273987,-15.267793797079994,3.4232771767553745,3.7,1.7570810171540088,-1.7419957923149496,0.22974847202968976,0.09549150281252644,1.0
3.75,-0.03857828008513715,-2.0344014888646544,2.3009711818284617,17.59351845798123,-11.098471684456825,13.651220385029182,3.75,1.8126255796023252,-1.7927279157953337,-0.2678397128074628,3.75,-0.06589636543229543,-3.4750036458437044,2.3009711818284617,17.376000581647514,-10.895446614523161,13.535680229803393,3.75,1.8229372884233648,-1.8104725980914382,-0.21281289689388444,0.14644660940672624,1.0
3.8000000000000003,-0.03276120097831633,-1.797672620082174,2.3316507975861747,19.235462988430886,-0.3197505336606168,19.232805202973335,3.8000000000000003,1.8706159023969464,-1.7268778109837726,-0.7190944863035982,3.8000000000000003,-0.05899106589743368,-3.2369577679239816,2.3316507975861747,19.0354646832112,-0.2075036820729899,19.034333661247693,3.8000000000000003,1.8869714684039751,-1.7621431449799518,-0.6749169276072561,0.2061073738537638,1.0
3.85,-0.02328915802288145,-1.3290336474575173,2.3623304133438876,20.71488525978355,12.418699329449648,16.57957714450898,3.85,1.9264296977751827,-1.5434501357564134,-1.1527762397376566,3.85,-0.04891353429133718,-2.7913303188283796,2.3623304133438876,20.54505517922277,12.410245472371047,16.373304481160865,3.85,1.9490145151411347,-1.5917089288459365,-1.124775651435856,0.2730047501302266,1.0
3.9000000000000004,-0.01479192846049351,-0.8774424043480148,2.3930100291016,21.941668843582416,21.111422686144152,5.978684120138255,3.9000000000000004,1.9799097165760646,-1.2475590229095408,-1.5374130772662578,3.9000000000000004,-0.03644471242864886,-2.161863896555022,2.3930100291016,21.811291620920304,21.015371123702334,5.838374663027922,3.9000000000000004,2.0089045966353862,-1.3027223354575779,-1.5292521685721876,0.34549150281252683,1.0
3.95,-0.008917340484003064,-0.5495745793615484,2.423689644859313,22.823478813442534,21.295759729076764,-8.20986009071364,3.95,2.030906680283424,-0.852907752592691,-1.8431305731247372,3.95,-0.02241613478794696,-1.3815035849643227,2.423689644859313,22.738194444427734,21.184784581190932,-8.260168814324512,3.95,2.066488198040626,-0.907901089321523,-1.856364480550623,0.42178276747988486,1.0
4.0,-0.0035559499487897925,-0.22758079672254672,2.454369260617026,23.277037515011386,12.501915108135663,-19.63472928522868,4.0,2.0792803792185417,-0.38126665224022493,-2.044026084787749,4.0,-0.007692255143801754,-0.49230432920331224,2.454369260617026,23.238750667575168,12.435272899535258,-19.63169683200638,4.0,2.121621288537006,-0.4287271877067044,-2.0778522301873457,0.5000000000000001,1.0
4.05,0.0028627755416493657,0.19017453707871004,2.4850488763747385,23.23854775215885,-1.414244151602072,-23.195474022080827,4.05,2.124900841000905,0.1387102158795516,-2.120368614202965,4.05,0.006851655055981239,0.4551563018257156,2.4850488763747385,23.245411318908637,-1.4311684495005317,-23.201312554560356,4.05,2.174170552219035,0.10567811850460856,-2.1716007288186634,0.578217232520115,1.0
4.1000000000000005,0.011230772098032945,0.7740360437685289,2.5157284921324514,22.672031483011445,-14.271999886940794,-17.61621499624207,4.1000000000000005,2.167649576563322,0.6732709303665193,-2.060439501926361,4.1000000000000005,0.020348713996996528,1.4024537173869982,2.5157284921324514,22.718475675094396,-14.283823018411134,-17.66639569857315,4.1000000000000005,2.2240146881164176,0.6603525199210564,-2.1237174676475865,0.6545084971874745,1.0
4.15,0.02197097935878108,1.57034004682742,2.5464081078901644,21.574814564232593,-20.747634703723694,-5.916779333544814,4.15,2.2074209122902992,1.1858439119247046,-1.861848893054334,4.15,0.03201065472691515,2.28790952929233,2.5464081078901644,21.651652484494377,-20.805653457525782,-5.993232809983024,4.15,2.2710457851866765,1.1968553191461524,-1.930074170451936,0.7269952498697739,1.0
4.2,0.03362950256247152,2.49154258584839,2.5770877236478773,19.979781203506384,-18.927594311183924,6.398267775830025,4.2,2.2441234181592353,1.6396531571756363,-1.5321969325431564,4.2,0.04117826821213253,3.050815535300475,2.5770877236478773,20.074449090075383,-19.044424686209172,6.34770782576947,4.2,2.315170778753838,1.6760341371197982,-1.5971616405375961,0.7938926261462367,1.0
4.25,0.044264533621578166,3.3979945887939613,2.60776733940559,17.95437121390601,-10.869182180380765,14.290567672994314,4.25,2.277681443071468,2.0004806683729357,-1.08899488133705,4.25,0.0473501230851683,3.6348617924598727,2.60776733940559,18.051365360096117,-11.009789718326536,14.305115229242627,4.25,2.3563129953644713,2.0609942443047773,-1.142153079523961,0.8535533905932737,1.0
4.3,0.05226789206877325,4.155663294711954,2.6384469551633027,15.596632469655,-1.0391178868947124,15.561978614900873,4.3,2.3080367698060376,2.2393654889752272,-0.5588165509032721,4.3,0.05021226175262355,3.99222629516584,2.6384469551633027,15.678200395910048,-1.154772768918867,15.6356153542634,4.3,2.3944137933127183,2.320042779328434,-0.5921308265005255,0.9045084971874736,1.0
4.3500000000000005,0.05625828579398176,4.6307812462742985,2.6691265709210157,13.02901518558972,6.274989846868987,11.418394770195093,4.3500000000000005,2.335150403118269,2.3350240740519532,0.024289478817637555,4.3500000000000005,0.04972935419276206,4.093366115499551,2.6691265709210157,13.076172343459389,6.2016497860984,11.511986061772221,4.3500000000000005,2.429434306037828,2.4293712556607594,0.017502843276698953,0.9455032620941842,1.0
4.4,0.05532308787549766,4.712641917586394,2.6998061866787286,10.391121711779068,9.017841168955549,5.16274646680396,4.4,2.3590045052926314,2.2757891752326027,0.6210361389525105,4.4,0.04615404143510236,3.9315858656077602,2.6998061866787286,10.3851697886836,8.960198481043513,5.250389958859444,4.4,2.46135729506691,2.375249843947805,0.6453432519249144,0.9755282581475768,1.0
4.45,0.04940288397939134,4.353437714508442,2.730485802436441,7.833707350396113,7.833596159209269,0.04173806502319678,4.45,2.379604493732159,2.060893705801196,1.1896363646002506,4.45,0.03997344483253685,3.522504928768584,2.730485802436441,7.758912397565556,7.757509399634036,0.14754493446425138,4.45,2.4901891179550235,2.1555359289213096,1.2468787841289806,0.9938441702975689,1.0
4.5,0.03894233752064652,3.548620506568914,2.761165418194154,5.51927643784982,4.975096815727183,-2.3897330544530355,4.5,2.396981314621037,1.700970493729527,1.688851326228548,4.5,0.03178177494925659,2.8961142422510067,2.761165418194154,5.3695944546297865,4.895793445734963,-2.2053913811134596,4.5,2.515961814491754,1.780345785956713,1.7777605953577704,1.0,1.0
4.55,0.025756563425451316,2.4261749071350964,2.791845033951867,3.6433982906644284,2.5975331914251396,-2.5548331499065076,4.55,2.4111939049101214,1.2176954539206521,2.081123213213647,4.55,0.022216849351697224,2.0927466728509785,2.791845033951867,3.446786321288253,2.602744031342322,-2.259659145077355,4.55,2.538735310947215,1.2717988225888532,2.1972038444149553,1.0,1.0
4.6000000000000005,0.011845760872796176,1.1530189803144888,2.82252464970958,2.487064154252809,1.5777907735722498,-1.9225151188480993,4.6000000000000005,2.422331851271358,0.642566439793466,2.3355513199531446,4.6000000000000005,0.01194207681779951,1.1623939891373334,2.82252464970958,2.381114955522933,1.7821654919219112,-1.5791119627238945,4.6000000000000005,2.5585997368804976,0.6628143122786179,2.471256725029509,1.0,1.0
4.65,-0.0013412446802696944,-0.13485494341096135,2.8532042654672924,2.2474629669065713,1.4551701544322175,-1.7127666534779935,4.65,2.4305182484811945,0.014877983704908532,2.4304727115935636,4.65,0.001642905568232458,0.16518532426834442,2.8532042654672924,2.4155998628140414,1.9050865962061745,-1.4851827356196912,4.65,2.575677841492103,-0.004984438679682796,2.575673018557376,1.0,1.0
4.7,-0.012615271265679379,-1.3097553086166303,2.8838838812250054,2.491770327710261,1.2568520449740033,-2.1515674061255825,4.7,2.4359127499354725,-0.6209820205046993,2.355430375856628,4.7,-0.007959596319753445,-0.826389168705762,2.8838838812250054,2.8959767258612605,1.853218434732738,-2.2253679762899545,4.7,2.5901274860370807,-0.6841299275498642,2.4981446387580095,1.0,1.0
4.75,-0.02129770579153219,-2.282515062876864,2.9145634969827183,2.674710030807448,0.4399199760730398,-2.638284321970222,4.75,2.4387147884324456,-1.2187292526881683,2.112351492522314,4.75,-0.01621790421083433,-1.7381032028455106,2.9145634969827183,3.235837459019619,0.9482898603813903,-3.093766378040266,4.75,2.602144174722556,-1.3247395281840755,2.239691828915122,1.0,1.0
4.800000000000001,-0.026977288959523612,-2.9834723406116366,2.945243112740431,2.600329162259175,-0.7402650928588388,-2.4927333079152687,4.800000000000001,2.4391669245082617,-1.733643094074428,1.7158137742724693,4.800000000000001,-0.02263732217056305,-2.50350673348691,2.945243112740431,3.26863571720414,-0.5768694993034346,-3.2173282444531557,4.800000000000001,2.611963568065762,-1.8782658947259119,1.8150677424306498,1.0,1.0
4.8500000000000005,-0.02967034433799465,-3.384915272248825,2.9759227284981438,2.2550844850304843,-1.5846637742609553,-1.6044459346360753,4.8500000000000005,2.437558250816337,-2.1260300646089725,1.192344912557423,4.8500000000000005,-0.0269193700673456,-3.071072779684315,2.9759227284981438,2.9909367574854993,-1.890371850234256,-2.3178000248338484,4.8500000000000005,2.619863899238119,-2.301285499323209,1.2521069847005442,1.0,1.0
4.9,-0.029681909033527864,-3.4920469158855205,3.0066023442558567,1.6960995030680555,-1.6205379602979335,-0.5006098715977524,4.9,2.4342277426427654,-2.364420703433182,0.5787740839293265,4.9,-0.028961051858913074,-3.407238790149265,3.0066023442558567,2.459756910793103,-2.2909576662840694,-0.8954982029511166,4.9,2.62616818506115,-2.559028170682418,0.5900289466468325,1.0,1.0
4.95,-0.0276936638651405,-3.358891794335246,3.0372819600135696,1.014705228837648,-1.005813491315991,0.1340370177122728,4.95,2.4295673952928833,-2.4282410077146834,-0.08027039755118578,4.95,-0.02880408982888353,-3.493572444609483,3.0372819600135696,1.760027945065339,-1.7468944900348582,0.21461129536157533,4.95,2.631246089141241,-2.6283598158982864,-0.12320982019385729,1.0,1.0
5.0,-0.024645467229001003,-3.0806834036251254,3.067961575771282,0.373073251388603,-0.37168617205329996,0.03214094594171872,5.0,2.4240249282879236,-2.3097313611030907,-0.7355527802259582,5.0,-0.026615479623143944,-3.326934952892993,3.067961575771282,0.9957686770901328,-0.8628704233967616,0.49700089607658315,5.0,2.63551525607193,-2.4999631585717346,-0.8343409799188392,1.0,0.7500000000000043
5.050000000000001,-0.020900205808225943,-2.6916878680526257,3.098641191528995,0.5427533577124886,-0.2829013330201497,-0.46319331070688285,5.050000000000001,2.4181057653147304,-2.014936737832616,-1.3368864704157915,5.050000000000001,-0.022680256753397306,-2.9209364016602506,3.098641191528995,0.3806164429731352,-0.367032067316497,0.10077865956094216,5.050000000000001,2.6394418949352905,-2.17951551385844,-1.4887463321835515,1.0,0.2500000000000022
5.1000000000000005,-0.0164486646231316,-2.1819318109230306,3.129320807286708,1.060996974131068,-0.7823152155812502,-0.716726923301577,5.1000000000000005,2.412373921804652,-1.563658491979005,-1.8369866790657738,5.1000000000000005,-0.017410387292884803,-2.3095052847884627,3.129320807286708,0.6588342157780501,-0.5573810492845945,-0.3512675472887906,5.1000000000000005,2.643540351543565,-1.687734752387644,-2.034663853274563,1.0,3.749399456654644e-33
5.15,-0.011491577112839423,-1.5696445729727109,3.160000423044421,1.4262617024933337,-1.3844456079180827,-0.34283057435927855,5.15,2.40745135729766,-0.98833550850692,-2.1952254919207532,5.15,-0.011307325742805047,-1.5444775171197667,3.160000423044421,1.1660434195354832,-1.1291975147814464,-0.2908096092865714,5.15,2.648371378279561,-1.0592495248957914,-2.4273156781305607,1.0,0.0
5.2,-0.00637372628340471,-0.8961969052569695,3.1906800388021335,1.5768152218420823,-1.502443211648089,0.47855056117976813,5.2,2.4040152914120245,-0.331905157315472,-2.3809931725837084,5.2,-0.0049041728483613205,-0.6895659358623886,3.1906800388021335,1.519895401990162,-1.4760942319213621,0.3622538495024175,5.2,2.6545387967754897,-0.3403411785351382,-2.632630643629975,1.0,0.0
5.25,-0.001327250165250618,-0.19205724656853082,3.2213596545598464,1.4976087433968674,-0.9477687271131245,1.159554392085646,5.25,2.4027929606012535,0.35522398843953423,-2.3763901046654876,5.25,0.0012947696300553996,0.18735721162411026,3.2213596545598464,1.6769214442223292,-1.1924038422123562,1.179083799892914,5.25,2.6626842628862537,0.4143044748733744,-2.6302546047715625,1.0,0.0
5.300000000000001,0.003473183543170823,0.5170771463566428,3.2520392703175593,1.2012649486098474,-0.09691535509391698,1.1973491097861306,5.300000000000001,2.404553333533533,1.0188817854535537,-2.1780166760330846,5.300000000000001,0.006869810737127714,1.0227568131113631,3.2520392703175593,1.6367998397530477,-0.3783933792726461,1.5924610406343478,5.300000000000001,2.6734798972236016,1.1456145210182214,-2.4155873261157232,1.0,0.0
5.3500000000000005,0.007850794045128754,1.2021950361783333,3.2827188860752723,0.7254568131426836,0.40571765282046796,0.6013990139042371,5.3500000000000005,2.410095432934856,1.6052623499559449,-1.79769095888792,5.3500000000000005,0.011477723030704679,1.7575880318379444,3.2827188860752723,1.4224195969576516,0.4660765536513386,1.3438936549986606,5.3500000000000005,2.687618648168543,1.79462627204784,-2.000652528966232,1.0,0.0
5.4,0.011616889616007446,1.829241906494997,3.313398501832985,0.19226217317445896,0.17123039665176737,-0.08743508732908124,5.4,2.4202331520789695,2.065158478710493,-1.2620019683947674,5.4,0.014850049944563213,2.338348264470702,3.313398501832985,1.073194506742922,0.8448851030136909,0.6617519263354879,5.4,2.705802412912566,2.3071278409774303,-1.4136929734246706,1.0,0.0
5.45,0.014541823949055309,2.354010465865144,3.3440781175906977,0.631272889332182,-0.5968511926498937,-0.2056066989137287,5.45,2.435776808713718,2.357978272065463,-0.6106939743723993,5.45,0.016795931444914623,2.718902287897043,3.3440781175906977,0.6390661779775041,0.6365515091205471,0.056637055636120266,5.45,2.728728151457222,2.638082688119294,-0.6974790715142862,1.0,0.0
5.5,0.016290552757766634,2.7103407150734236,3.3747577333484107,1.3207832437352374,-1.2189124783203147,0.5086459939160083,5.5,2.457512123070655,2.4552236357778274,0.10603175636168934,5.5,0.017213941265781588,2.8639694780944116,3.3747577333484107,0.17434744580543826,0.15417351876490026,-0.0814098149520632,5.5,2.7570724712928483,2.7554838828503176,0.09357982321521864,1.0,0.0
5.550000000000001,0.016314487837765575,2.7890249145063972,3.4054373491061236,1.9660197454748582,-1.028739355275926,1.6753892020970824,5.550000000000001,2.486177778205121,2.3431415562710236,0.8311242940239187,5.550000000000001,0.016128410273903028,2.757214233913535,3.4054373491061236,0.2682740166039623,-0.12729646441301873,0.2361494402550387,5.550000000000001,2.7914754049408086,2.643316863057141,0.8973354433361074,1.0,0.0
5.6000000000000005,0.014406513085584254,2.530014202037965,3.436116964863836,2.506210937241876,0.1247569245370435,2.5031038675474218,5.6000000000000005,2.522443125775433,2.024313757524987,1.5049495452894115,5.6000000000000005,0.013693131502454858,2.404732981935113,3.436116964863836,0.643013105734104,0.05506676435494291,0.6406508453200505,5.6000000000000005,2.8325243055454,2.303368785193804,1.6485406215499419,1.0,0.0
5.65,0.010926500009022927,1.9707267604398946,3.466796580621549,2.89927737286951,1.7314861797359669,2.325460146770199,5.65,2.5668878303734988,1.518025017773166,2.0699065628994817,5.65,0.010174067693441924,1.8350164690830342,3.466796580621549,0.9152152015387164,0.5677085661047538,0.7178619986451698,5.65,2.8807389009531406,1.7557042642671163,2.283891230312637,1.0,0.0
5.7,0.006235331155893518,1.1547396827533882,3.497476196379262,3.120236506344595,2.9344000147583564,1.0607414430065807,5.7,2.6199852121431713,0.8593398538216281,2.47504697480325,5.7,0.005911602250440308,1.094787355565792,3.497476196379262,1.064056497359562,1.0112407659676805,0.331071507107148,5.7,2.9365585370636333,1.0377256545183253,2.747089643159797,1.0,0.0
5.75,0.0006920064497626375,0.13155691366034392,3.5281558121369745,3.161981417915269,3.0775735267052,-0.7257187299255635,5.75,2.6820907177897886,0.09691497660479913,2.6803391773736087,5.75,0.0012811530635131357,0.24355920818381752,3.5281558121369745,1.083655951843415,1.044099793817746,-0.2901134993677437,5.75,3.0003324913512244,0.2018437976733429,2.993535391472539,1.0,0.0
5.800000000000001,-0.005092808078203689,-0.9936679697544786,3.5588354278946874,3.034792419522229,2.105972260610787,-2.1851420702387925,5.800000000000001,2.75343636879386,-0.7103264353314008,2.6602346122599982,5.800000000000001,-0.0033357375144822256,-0.6508424179256562,3.5588354278946874,0.9825566477424225,0.6398307540994185,-0.7456769891389946,5.800000000000001,3.072313961879535,-0.6881057921801412,2.9942651016782174,1.0,0.0
5.8500000000000005,-0.010472936918702307,-2.0966989896466957,3.5895150436524004,2.764389201169931,0.5574862759789169,-2.7075924190394844,5.8500000000000005,2.834131318600111,-1.4974406041914354,2.4062360582429965,5.8500000000000005,-0.0075749794080833,-1.5165231868398152,3.5895150436524004,0.7817623789546759,0.08764340215364601,-0.7768339920522329,5.8500000000000005,3.152657979477908,-1.561464508012389,2.7388101295605276,1.0,0.0
5.9,-0.01501396449382137,-3.08355301377654,3.6201946594101133,2.3888203181779666,-0.8149530166478763,-2.2455097624362286,5.9,2.924167949969265,-2.1983330712434643,1.92823492020675,5.9,-0.01110476977369912,-2.280686511352552,3.6201946594101133,0.5117012281047335,-0.24577170851663765,-0.44881445401937026,5.9,3.2414231132755043,-2.3460467163919474,2.236713795679551,1.0,0.0
5.95,-0.0179216377273775,-3.7751011388787177,3.650874275167826,1.9547328042774765,-1.5049151497977773,-1.2474817545870645,5.95,3.02343239884231,-2.7508988785552013,1.2544715342856934,5.95,-0.013648569165070209,-2.8750011457050686,3.650874275167826,0.20940238149119408,-0.19531294897829152,-0.07551297461752435,5.95,3.3385765067412017,-2.973743062417274,1.5175458115290692,1.0,0.0
6.0,-0.018043011680973792,-3.897290523090339,3.6815538909255388,1.513792386694113,-1.4844997671195692,-0.2963576073513278,6.0,3.1317180870305923,-3.10204690990963,0.4300734185632367,6.0,-0.015007957916660996,-3.241718909998775,3.6815538909255388,0.1044506364960647,0.09731373716807731,0.037946963288455794,6.0,3.4440015423724475,-3.3860078851147626,0.6293625551337232,1.0,0.0
6.050000000000001,-0.016077985710763836,-3.5603915554683128,3.7122335066832517,1.1200521648570225,-1.088684275821434,0.26321739984291126,6.050000000000001,3.2487407968980913,-3.212218548461919,-0.48576616015038193,6.050000000000001,-0.015079718092775323,-3.339330058019394,3.7122335066832517,0.3638635069502464,0.31936188486271544,-0.17436925814794793,6.050000000000001,3.5575073125781924,-3.5388033721036742,-0.3643198768046788,1.0,0.0
6.1000000000000005,-0.013147812226316884,-2.9843035669416333,3.7429131224409646,0.8267549437727075,-0.6910902126808676,0.4537819465220338,6.1000000000000005,3.3741539805289564,-3.0590367441710056,-1.4238009980791049,6.1000000000000005,-0.013863406903696234,-3.1467299624078757,3.7429131224409646,0.5641807907695815,0.24249908604990691,-0.5094056909167292,6.1000000000000005,3.678839069487475,-3.406601652617964,-1.3888563927087734,1.0,0.0
6.15,-0.008719932590662408,-2.0283293500235233,3.773592738198677,0.669394617682534,-0.43849092491233077,0.5057814379273666,6.15,3.50756328421398,-2.639776043876337,-2.309671541787394,6.15,-0.011456783044724373,-2.6649436867608896,3.773592738198677,0.6823141606765404,-0.10618802885990564,-0.6740005314438406,6.15,3.8076889138885113,-2.9851060779983905,-2.363818218063,1.0,0.0
6.2,-0.002873244128731432,-0.6847745267123048,3.80427235395639,0.6265812588939315,-0.2298148370655924,0.5829144145255108,6.2,3.648539603622362,-1.9724237630856494,-3.0694275912645126,6.2,-0.008047476851817713,-1.9179390631400122,3.80427235395639,0.7096954730038902,-0.482847972937856,-0.5201206585322476,6.2,3.943706129103914,-2.292440670596503,-3.2089770651294525,1.0,0.0
6.25,0.003177301894148467,0.7757084702510906,3.834951969714103,0.6353083628210965,0.08558462588856415,0.6295172655947862,6.25,3.7966303004885984,-1.095201909579766,-3.6352351252485686,6.25,-0.0038989541514873596,-0.9518931033904686,3.834951969714103,0.6486451697038594,-0.6307715457654937,-0.15122107403651897,6.25,4.0865067346161785,-1.368666113808589,-3.850492223206726,1.0,0.0
6.300000000000001,0.007938166930357067,1.9849148264349943,3.865631585471816,0.6655106202923167,0.4863585680152866,0.45426834474788574,6.300000000000001,3.9513684688529316,-0.06453170295631423,-3.9508414845395556,6.300000000000001,0.0006692321568194846,0.16733949311624172,3.865631585471816,0.5112428818086954,-0.4807542796609652,0.17390976622296428,6.300000000000001,4.235681998502494,-0.2736038795806204,-4.2268360400560265,1.0,0.0
6.3500000000000005,0.011161807802188454,2.857957168908775,3.8963112012295285,0.7353254435335653,0.7343506413277341,-0.03785027726952781,6.3500000000000005,4.112280323156015,1.048460574804288,-3.976377733477694,6.3500000000000005,0.005305600711917272,1.3584877878849053,3.8963112012295285,0.3174010039514131,-0.19264284412274055,0.2522541018847194,6.3500000000000005,4.390805788785239,0.9169219234141983,-4.2939992618993745,1.0,0.0
6.4,0.013874853454772103,3.637209584047779,3.9269908169872414,0.8715431790717493,0.551979252274773,-0.6744675070340111,6.4,4.278890894693696,2.162684811310385,-3.6921134456595426,6.4,0.009653536289471402,2.5306166170671918,3.9269908169872414,0.09262856428913752,-0.015338431746642208,0.09134978617282298,6.4,4.55144075285176,2.11619228445144,-4.029558678310566,1.0,0.0
6.45,0.015730119367569247,4.220959276880983,3.9576704327449543,1.0719474360051797,-0.11869225987723193,-1.065356021714485,6.45,4.45072827961126,3.192763579734545,-3.100845520636599,6.45,0.013378615134543517,3.5899657430697616,3.9576704327449543,0.13875390121644862,-0.08480971553817437,-0.10981783668019474,6.45,4.717143389905109,3.2327091487775195,-3.435263209760729,1.0,0.0
6.5,0.01603395639449435,4.403325274838011,3.988350048502667,1.3082200010382414,-0.9886031178998079,-0.8567983697435908,6.5,4.6273266964824,4.055252417525866,-2.2286947269936594,6.5,0.016194221020135298,4.447337947654656,3.988350048502667,0.3464719554332872,-0.3212862421245881,-0.12968410281613652,6.5,4.887468127573697,4.176892114211631,-2.5378961689331243,1.0,0.0
6.550000000000001,0.01547037016667044,4.347349992295041,4.01902966426038,1.546535133499218,-1.546499074929472,-0.010560794938400106,6.550000000000001,4.808228599413076,4.674959605485639,-1.1241952460722253,6.550000000000001,0.017883642389686566,5.025506937934109,4.01902966426038,0.5104605351195961,-0.5012175456645585,0.09670020595934958,6.550000000000001,5.061970536275783,4.867872819382974,-1.3882938897930066,1.0,0.0
6.6000000000000005,0.01420878107997355,4.084967725368077,4.049709280018092,1.7588987331737895,-1.3703915306819678,1.1026113577301364,6.6000000000000005,4.992986065516505,4.990900042946064,0.14431428121625542,6.6000000000000005,0.01831624887729789,5.265848287227636,4.049709280018092,0.614227865277517,-0.4398361019348098,0.4287424330739461,6.6000000000000005,5.240209820159926,5.239882876127029,-0.058535491552192884,1.0,0.0
6.65,0.012102740047145982,3.559169254537173,4.080388895775806,1.926736972625921,-0.4197391766090891,1.8804612161124787,6.65,5.1811616421584565,4.961430630343166,1.4928637119532138,6.65,0.017453337971254385,5.132671085584751,4.080388895775806,0.6489939787463739,-0.13716897673187184,0.6343326069747479,6.65,5.421750717280817,5.247747420646117,1.3625446229159173,1.0,0.0
6.7,0.009786800855504285,2.943507585704036,4.111068511533518,2.041914880457991,0.8923936825340629,1.8365864788811517,6.7,5.372328805184656,4.568161220987796,2.8273344071899387,6.7,0.015348488071108739,4.616257317730878,4.111068511533518,0.6140548825357834,0.2245997017691198,0.5715053566951558,6.7,5.606164928859999,4.871049402591177,2.7752410574751853,1.0,0.0
6.75,0.007401670339491712,2.276360582690865,4.1417481272912315,2.1067695603831744,1.9046939211182177,0.9003438495443963,6.75,5.566072147660658,3.818313047433496,4.049894396742076,6.75,0.012142068646583704,3.7342552682922974,4.1417481272912315,0.5164099005682697,0.4243618298581513,0.29427236153667524,6.75,5.793032181530597,4.1166164204570705,4.0758669142984,1.0,0.0
6.800000000000001,0.004752175945517887,1.4942361869010805,4.172427743048944,2.1332270303584275,2.069431978547315,-0.5177922838528782,6.800000000000001,5.761987391051093,2.745300552777638,5.0659474503344954,6.800000000000001,0.008050020098423904,2.5311839195876256,4.172427743048944,0.36958665325374124,0.36956346084768166,0.004140370706256344,6.800000000000001,5.981941009767435,3.0190964845105523,5.164172214552247,1.0,0.0
6.8500000000000005,0.001990297767514351,0.6397197669239162,4.2031073588066565,2.140630284409435,1.2556684347467377,-1.73366513390317,6.8500000000000005,5.959681287731516,1.4074357111620375,5.79110747355659,6.8500000000000005,0.0033478527105141646,1.0760638888423413,4.2031073588066565,0.1918583772019623,0.15812324243640377,-0.10865853442766808,6.8500000000000005,6.172489329750494,1.63952359341014,5.950763557102165,1.0,0.0
6.9,-0.0012009904415137592,-0.3945361689512436,4.23378697456437,2.151784021090271,-0.17687451857795367,-2.144502244833806,6.9,6.158771465119758,-0.11521240157385176,6.157693729156797,6.9,-0.0016489254006779438,-0.5416868344513107,4.23378697456437,0.010734328011587843,-0.007816456351928111,-0.0073572282796418725,6.9,6.364284861523636,0.061918869722770824,6.363983646442783,1.0,0.0
6.95,-0.004959176738739615,-1.6648074092396432,4.264466590322082,2.1872224652097154,-1.561855232161142,-1.5311924588662682,6.95,6.358886247067841,-1.7256353769518942,6.120262808814719,6.95,-0.006606568797968334,-2.217840836078865,4.264466590322082,0.17471312546811066,0.016944920113235028,0.17388946458365975,6.95,6.556945443852843,-1.611882298056039,6.355735127495178,1.0,0.0
7.0,-0.008515050212422359,-2.920662222860869,4.295146206079795,2.259263769748424,-2.2539507251784245,-0.1548512504486594,7.0,6.559664476875674,-3.3160873561163045,5.659749349201799,7.0,-0.011195580852887457,-3.8400842325403977,4.295146206079795,0.3234792020298249,0.21183172191356994,0.24447109386793406,7.0,6.7500992757231515,-3.2688527846715734,5.9057972962389345,1.0,0.0
7.050000000000001,-0.012375622944500494,-4.336450765763204,4.325825821837508,2.368846187485867,-1.924970565217348,1.380550825943446,7.050000000000001,6.760755357767266,-4.775270157838814,4.78587587879511,7.050000000000001,-0.015112492195360582,-5.295456935546363,4.325825821837508,0.4290242067754728,0.4148670459008757,0.10930280977543232,7.050000000000001,6.943385109830651,-4.792408597154583,5.0242826971953765,1.0,0.0
7.1000000000000005,-0.01620830665291215,-5.801131242450442,4.356505437595221,2.506905451402422,-0.693857055017896,2.4089701802789243,7.1000000000000005,6.961818320352335,-5.996019505825314,3.5376071589926106,7.1000000000000005,-0.01810010960322679,-6.478228328200505,4.356505437595221,0.48232773264703604,0.45493500701361533,-0.16023164816587404,7.1000000000000005,7.136452416525523,-6.070535259445165,3.7520067640085615,1.0,0.0
7.15,-0.01824520966354978,-6.66909622682749,4.387185053352934,2.658712497403952,0.9452547159098831,2.485004158125714,7.15,7.162522921999203,-6.8829617049667435,1.9815581687463284,7.15,-0.019964640472857485,-7.297592677901647,4.387185053352934,0.4805787344865424,0.28507609037140774,-0.38689474374723626,7.15,7.328961531208855,-7.0038375153899946,2.1586887649577826,1.0,0.0
7.2,-0.019398879443254715,-7.240592954435937,4.417864669110647,2.8081239801060573,2.3400232120489846,1.552369690092743,7.2,7.36254877976989,-7.359598532250549,0.20840820182197814,7.2,-0.020587467765366445,-7.684231168487496,4.417864669110647,0.42711294344912915,0.014455217787155448,-0.42686826204404665,7.2,7.520583793944005,-7.512936945428349,0.3390561247801883,1.0,0.0
7.25,-0.01931195011370731,-7.359361739425118,4.448544284868359,2.940122191346195,2.939681425006272,-0.05090795143636065,7.25,7.561585536293369,-7.37430498645453,-1.6724837187347812,7.25,-0.019931548269134798,-7.595477042748884,4.448544284868359,0.33074754150046587,-0.1805814292843279,-0.27709977193464397,7.25,7.711001686793323,-7.544676210202133,-1.592924322414425,1.0,0.0
7.300000000000001,-0.017325825747748855,-6.740040754912019,4.479223900626073,3.041805772486632,2.4997525550784947,-1.7331530575547944,7.300000000000001,7.759332856424687,-6.904788673426184,-3.539934992640003,7.300000000000001,-0.018042331831434482,-7.01877380206915,4.479223900626073,0.20470161292607308,-0.1923125565837942,-0.07013295170417969,7.300000000000001,7.899908971940141,-7.076662236859175,-3.5113264374523236,1.0,0.0
7.3500000000000005,-0.015112604414109223,-6.000691938914935,4.509903516383785,3.1026357886736426,1.1667623507433353,-2.8748938161341546,7.3500000000000005,7.955500451559635,-5.960657083532543,-5.268828576381933,7.3500000000000005,-0.015043348232976565,-5.973192707382428,4.509903516383785,0.06729854367777235,-0.058119592540464296,0.0339294406685321,7.3500000000000005,8.087010831839565,-6.119789015249857,-5.286579858766691,1.0,0.0
7.4,-0.01181673860513635,-4.788426084527773,4.540583132141498,3.114579356488903,-0.5802610202499772,-3.060049299642946,7.4,8.149808127896568,-4.58386348676333,-6.738513786900409,7.4,-0.011126938195148798,-4.508902403190977,4.540583132141498,0.08313638673846754,0.07770544909744008,-0.029555405266942145,7.4,8.272024011323467,-4.718516461136148,-6.79426108196463,1.0,0.0
7.45,-0.007170287241857858,-2.9648680639270575,4.571262747899211,3.072436748751013,-2.1112769026949203,-2.2321239695013895,7.45,8.341985854646117,-2.846945248906623,-7.84114983588784,7.45,-0.006540885366188019,-2.7046144007745365,4.571262747899211,0.2035992566345361,0.08155598822591541,-0.1865510066620656,7.45,8.454676960653607,-2.9488356586555176,-7.923757364233752,1.0,0.0
7.5,-0.0024255025774334183,-1.0232588998547234,4.601942363656923,2.974358532471789,-2.8871241903437985,-0.7150682409528485,7.5,8.531773848100439,-0.8491202361625488,-8.489414574614072,7.5,-0.0015719236089872075,-0.6631552725414781,4.601942363656923,0.2972415148011975,-0.06664088907892991,-0.28967483498585145,7.5,8.634709977883121,-0.9140119446139874,-8.586198143955059,1.0,0.0
7.550000000000001,0.0021787184501190814,0.9376526083194929,4.632621979414636,2.822410214731818,-2.669426126322042,0.9166043728522176,7.550000000000001,8.718922667524732,1.2895429520573187,-8.623032613708235,7.550000000000001,0.0034726729582179802,1.4945303542711945,4.632621979414636,0.353689336792662,-0.2631924818364766,-0.23627497638469683,7.550000000000001,8.811875348479635,1.2616456522749542,-8.72108923272998,1.0,0.0
7.6000000000000005,0.006435173594210243,2.8248867636920365,4.663301595172349,2.623007453089316,-1.6088044928058418,2.0716940418145335,7.6000000000000005,8.903193318978392,3.4355274853745486,-8.213647312390368,7.6000000000000005,0.008284175858486788,3.636554381655097,4.663301595172349,0.36877042097249835,-0.3658792347268798,-0.04608697191079567,7.6000000000000005,8.985937479927646,3.440598352755864,-8.301165904147565,1.0,0.0
7.65,0.010376111804805008,4.645355423689764,4.693981210930062,2.3870927736652092,-0.1684495202421673,2.3811418834699554,7.65,9.084357363378789,5.4503746169521206,-7.267665735327845,7.65,0.012571808309424799,5.628362436180594,4.693981210930062,0.3432592275320538,-0.3043453051972219,0.15874770074023786,7.65,9.156673028920302,5.4809684271245,-7.335096867759885,1.0,0.0
7.7,0.014144785556115043,6.457561384289869,4.724660826687775,2.130015733773357,1.0836614041061836,1.8337516155064912,7.7,9.26219702536297,7.199739994095345,-5.8268377147528865,7.7,0.016080523036298755,7.34128942333058,4.724660826687775,0.28239952936813806,-0.12992055130963545,0.25073919624730845,7.7,9.32387101873786,7.24591802030108,-5.8678141430294,1.0,0.0
7.75,0.017328342419439084,8.06607264089859,4.755340442445488,1.8711528205697063,1.7147436948326482,0.748910501300152,7.75,9.436505299765354,8.562398169198785,-3.9664807909028035,7.75,0.01860610130728508,8.660849438208277,4.755340442445488,0.19512020045789802,0.029816299181787822,0.1928286309909201,7.75,9.487332944466603,8.612884896972428,-3.9784042216277613,1.0,0.0
7.800000000000001,0.019372641210885465,9.193325631908122,4.7860200582032,1.6332252540291834,1.585846083282695,-0.39053416052328405,7.800000000000001,9.6070860528003,9.438586247452362,-1.791421802734688,7.800000000000001,0.02000680534951446,9.49426949222279,4.7860200582032,0.09339982493009795,0.07167113479127178,0.059889696398498275,7.800000000000001,9.64687286381792,9.482045066196294,-1.775662527984724,1.0,0.0
7.8500000000000005,0.020531670656257377,9.931921068869482,4.816699673960914,1.440758542832598,0.8642921002049804,-1.152729085374519,7.8500000000000005,9.773754115310155,9.75711204050573,0.5701176506303958,7.8500000000000005,0.020210968830383317,9.776785849989826,4.816699673960914,0.02713757136188969,-0.007319672946460699,-0.026131784619089965,7.8500000000000005,9.802317471448502,9.783416896736348,0.608425538351469,1.0,0.0
7.9,0.020922316937988388,10.315518220788858,4.847379289718626,1.3161201815152672,-0.09308466307514597,-1.3128242752523913,7.9,9.936335365705792,9.48072632076467,2.9743215916466803,7.9,0.019220174289248652,9.476295511396867,4.847379289718626,0.11549529576706825,-0.11527038521972255,0.0072042789798385815,7.9,9.95350615484733,9.482106759756679,3.0268690376625824,1.0,0.0
7.95,0.01962562116176789,9.861087155739249,4.878058905476339,1.2721237183632028,-0.9062465663825856,-0.8927574786816379,7.95,10.094666800485326,8.609368101130132,5.270775911767035,7.95,0.017107940647341023,8.59605371917039,4.878058905476339,0.19350539766691519,-0.14307777751049935,0.13028080637180225,7.95,10.100291030035903,8.581316750295235,5.326995562465408,1.0,0.0
8.0,0.016811491918772552,8.607483862411547,4.908738521234052,1.3058668536255802,-1.3020489471286545,-0.09978365937935467,8.0,10.248596590464732,7.181029144835186,7.312082637327959,8.0,0.014014111946525997,7.175225316621311,4.908738521234052,0.2457713584962081,-0.050530964749032986,0.24052064829989883,8.0,10.242536955517945,7.1228824900375605,7.3603062652492355,1.0,0.0
8.05,0.012827171510250132,6.691423893433524,4.9394181369917645,1.4017620361545862,-1.1682915178334277,0.7746171540591631,8.05,10.397984121091154,5.2701400051209015,8.963464626409147,8.05,0.010135454379721399,5.287262398657264,4.9394181369917645,0.2677232450414792,0.10565168362765137,0.24599483263309127,8.05,10.380121523110073,5.185273354861029,8.992211244732925,1.0,0.0
8.1,0.007873636615398142,4.1843733165238035,4.970097752749477,1.540835812910036,-0.5484324114901906,1.4399294747914517,8.1,10.542700015434708,2.9835443179282275,10.111725219684581,8.1,0.0057133097238342735,3.0362870329442098,4.970097752749477,0.25874314085738326,0.22000493544306424,0.1361831168737036,8.1,10.512935024481342,2.8791574697683164,10.110996740838354,1.0,0.0
8.15,0.002134298170732729,1.1553881750007817,5.00077736850719,1.706270644879791,0.38330856238062777,1.6626587321468573,8.15,10.682626138668056,0.4542897056050275,10.672962198093614,8.15,0.001018388177644007,0.5512976931459064,5.00077736850719,0.2217596173889427,0.2213355981080647,-0.013706965916479356,8.15,10.640880392425608,0.3407978433464426,10.635421588064958,1.0,0.0
8.200000000000001,-0.0038513749182867646,-2.1235248859459377,5.031456984264903,1.8832789130446306,1.3485375783147138,1.3146048319520405,8.200000000000001,10.817655583044731,-2.1663884846354593,10.598510897622257,8.200000000000001,-0.0036661410122776645,-2.021392837657512,5.031456984264903,0.16273054761313488,0.12485722586910272,-0.10436428639502415,8.200000000000001,10.763873116084213,-2.276307137385521,10.520427285783034,1.0,0.0
8.25,-0.00897411043030452,-5.039103227091461,5.062136600022616,2.057245450509769,2.012074064359749,0.4287386187107287,8.25,10.947692632577896,-4.718390374232964,9.878702660458307,8.25,-0.008062017215968326,-4.526948635785215,5.062136600022616,0.09015657405632341,0.01523004575532636,-0.08886086625654734,8.25,10.88184112952621,-4.811005978836739,9.760568008053907,1.0,0.0
8.3,-0.013504252916147345,-7.721556262165144,5.092816215780329,2.212825008800995,2.077818109464492,-0.7610955416743225,8.3,11.07265270680111,-7.042789791767095,8.544164670370717,8.3,-0.011912665629398649,-6.811507342236967,5.092816215780329,0.02289690110597357,-0.022454542498135856,-0.004479017912014245,8.3,10.99472467327879,-7.104681922458579,8.39091564859853,1.0,0.0
8.35,-0.0166509955810624,-9.693924478995203,5.123495831538041,2.334442205349666,1.423164036533056,-1.8504660319056792,8.35,11.192462283162397,-8.991942700307076,6.664546378742301,8.35,-0.014998365539124805,-8.731791569868603,5.123495831538041,0.0697971959832275,0.0322569429209044,0.06189618890140641,8.35,11.102476128580864,-9.011385857680551,6.48536052272369,1.0,0.0
8.4,-0.01784573457182515,-10.577238263659057,5.154175447295755,2.4076812110497876,0.20585272564748916,-2.398865037759663,8.4,11.30705879776294,-10.43901039896226,4.344725600820617,8.4,-0.017148910370457744,-10.164227772211788,5.154175447295755,0.1314526379522316,0.12375500819510828,0.04432261241431018,8.4,11.205059824307359,-10.407254409269203,4.152399466218729,1.0,0.0
8.450000000000001,-0.018010045522375114,-10.866381227226242,5.184855063053467,2.4209435921095843,-1.1441055110567238,-2.1335394197778697,8.450000000000001,11.416390524302425,-11.28627480702547,1.7187127693958624,8.450000000000001,-0.018253032269658822,-11.012987554559958,5.184855063053467,0.17604441400363902,0.1681842386058704,-0.05201632038551274,8.450000000000001,11.30245181668082,-11.198597694818261,1.5286682890681962,1.0,0.0
8.5,-0.017404739694667107,-10.688685764987438,5.21553467881118,2.3669253940313304,-2.086842404051807,-1.1168816416978316,8.5,11.520416431234958,-11.471697104781054,-1.0583762493680546,8.5,-0.018264076943837693,-11.216426253134323,5.21553467881118,0.1988547575557354,0.1202814544032128,-0.158352727571072,8.5,11.39463964204976,-11.32812635840528,-1.2293761752106032,1.0,0.0
8.55,-0.016117007166134692,-10.073554564898192,5.246214294568893,2.2436577643678257,-2.230888868345061,0.23902933021309958,8.55,11.619106017272896,-10.973281408290596,-3.819780068942606,8.55,-0.01720168116870453,-10.751504424781158,5.246214294568893,0.19855576834766,0.006770423036644924,-0.19844030466625093,8.55,11.481622043169777,-10.778907514824331,-3.955097663657079,1.0,0.0
8.6,-0.014316753606114877,-9.106257031691003,5.2768939103266055,2.055005074403665,-1.5473634100552736,1.3522989066944215,8.6,11.71243912550109,-9.810944756935204,-6.397389564887727,8.6,-0.015149609539362065,-9.636000045168476,5.2768939103266055,0.1765998350608107,-0.09738778473893306,-0.14731979204149312,8.6,11.56340866957387,-9.575786079116437,-6.4820321679683115,1.0,0.0
8.65,-0.012287022981664439,-7.9523409714443325,5.307573526084319,1.8106339458946117,-0.401984507467992,1.7654471789837292,8.65,11.800405736481457,-8.045754313949354,-8.632231059532051,8.65,-0.012249638919445083,-7.928145459634055,5.307573526084319,0.13684438559020567,-0.12833204590593986,-0.0475107552155997,8.65,11.640019752762036,-7.784171768422534,-8.654289671855453,1.0,0.0
8.700000000000001,-0.00946385905027881,-6.23197957618575,5.338253141842031,1.5255955429986312,0.6343792475937864,1.387445397498449,8.700000000000001,11.883005740837339,-5.7765618281033895,-10.384467193018233,8.700000000000001,-0.00869174700303099,-5.723541476736918,5.338253141842031,0.08513278927837294,-0.08065354686554699,0.027250636475555312,8.700000000000001,11.711485757077385,-5.506261956841992,-10.336342578536232,1.0,0.0
8.75,-0.005705144625477444,-3.822001184646022,5.368932757599744,1.2198834893826926,1.0972594595614753,0.5330454071384095,8.75,11.960248691909293,-3.1342329783697416,-11.54227587651662,8.75,-0.004701483015485167,-3.1496263170144774,5.368932757599744,0.030662185513154024,-0.007243317760577212,0.029794361350134347,8.75,11.777847007266212,-2.8749353422788326,-11.42157725116307,1.0,0.0
8.8,-0.0019256741464721847,-1.312293011944693,5.399612373357457,0.9188695501251403,0.8776110903952205,-0.2722499295913405,8.8,12.032153539168636,-0.27382425851167036,-12.029037329128997,8.8,-0.0005253978295444279,-0.3580439096953005,5.399612373357457,0.03680749672207388,0.02531010691335871,-0.02672433914954365,8.8,11.839153293842706,-0.045700298150496074,-11.839065089687427,1.0,0.0
8.85,0.002054844598398617,1.4243240096139695,5.43029198911517,0.6568743846247603,0.25548595742716435,-0.6051536025949799,8.85,12.098748343162608,2.6348075446568195,-11.808365707150141,8.85,0.0035844980866409195,2.4846096348097606,5.43029198911517,0.08415873005793963,-0.011157039908950901,-0.0834158995961515,8.85,11.895463457494904,2.8127947580058996,-11.55812426468634,1.0,0.0
8.9,0.006175104001305415,4.353256892696277,5.460971604872882,0.4853985562640208,-0.30013799488551407,-0.3814825585125733,8.9,12.160069972845237,5.417377038351921,-10.886658246166716,8.9,0.00738624035810885,5.207070479015639,5.460971604872882,0.12127771177087235,-0.08713313884379524,-0.08435697652006437,8.9,11.946844953876992,5.529091453465076,-10.590384886829922,1.0,0.0
8.950000000000001,0.009851652354404885,7.062820745332521,5.491651220630596,0.4527534988262656,-0.43415009781538105,0.12845008083423048,8.950000000000001,12.2161637862212,7.9058733449360385,-9.312992231587662,8.950000000000001,0.010662399134081508,7.64405919840799,5.491651220630596,0.14310602600321162,-0.14171353174109422,-0.019915059625764654,8.950000000000001,11.993373400233791,7.9394430946982455,-8.98922960344677,1.0,0.0
9.0,0.013775772373432993,10.042538060232651,5.522330836388308,0.5194677866792127,-0.1154347410128349,0.5064796165342685,9.0,12.26708329529598,9.948923124588633,-7.176368248268425,9.0,0.013232661168798931,9.64660999205442,5.522330836388308,0.14801145325744525,-0.13137924357276823,0.06816806182977582,9.0,12.035132105395933,9.89786929827299,-6.846647949809956,1.0,0.0
9.05,0.01678884060951739,12.444184563090037,5.553010452146021,0.6028632931008305,0.3753404025704014,0.47176660793942055,9.05,12.312889816384704,11.421163110777037,-4.6004661532779405,9.05,0.0149637689534052,11.091409284691743,5.553010452146021,0.13652481998258537,-0.06246447251417706,0.12139693630731775,9.05,12.07221158476867,11.285117376205807,-4.287705488099743,1.0,0.0
9.1,0.017935130076907807,13.51539390718549,5.583690067903734,0.6619013198775824,0.6596013628862838,0.055130747629997895,9.1,12.353652106883986,12.231034319927767,-1.7362372656605034,9.1,0.01577615458342485,11.888452585586046,5.583690067903734,0.11102712224942418,0.016501339819937514,0.10979402378606737,9.1,12.104709062012914,12.015975964942816,-1.462977472791062,1.0,0.0
9.15,0.017978980668414957,13.772993662454049,5.6143696836614465,0.6872969426959229,0.5237378614911891,-0.4450570074493814,9.15,12.389445989656153,12.326509847532765,1.24720764481489,9.15,0.015646957236815782,11.986521751922682,5.6143696836614465,0.07538929532152061,0.05410711579000583,0.05249729392990034,9.15,12.132727959183915,12.044492523134698,1.4605778280240538,1.0,0.0
9.200000000000001,0.01714850825523826,13.353337596254974,5.64504929941916,0.6844406153244204,0.05368971661171779,-0.6823315691332364,9.200000000000001,12.420353966213321,11.698398541798738,4.172848451989615,9.200000000000001,0.014609700777899156,11.376398679340742,5.64504929941916,0.03487556113098347,0.03487299802908483,-0.0004228151657769634,9.200000000000001,12.156377377150369,11.36677971660914,4.309736628818091,1.0,0.0
9.25,0.01484027925720411,11.745385393986872,5.675728915176872,0.6654449839961847,-0.44016276600666276,-0.49907290664495735,9.25,12.446464819919942,10.381019364562036,6.866507370278778,9.25,0.012750632091509857,10.091527614550762,5.675728915176872,0.014704563464920953,-0.012070396268406188,-0.008398197462404302,9.25,12.175771568164564,10.021247586562515,6.915490589172943,1.0,0.0
9.3,0.010873096029989917,8.745850903394603,5.706408530934585,0.6436275701953627,-0.6432840204694478,-0.021026605152748536,9.3,12.4678732104569,8.450206073445985,9.167435830608548,9.3,0.010202014341050147,8.206061649324075,5.706408530934585,0.048841952813319316,-0.03899698588220027,0.029406996560716357,9.3,12.191029402491996,8.08625895672263,9.12324580274188,1.0,0.0
9.35,0.006212419153921316,5.0780337460724665,5.737088146692298,0.6279490218744059,-0.4442480774200301,0.4438058356777546,9.35,12.4846792608078,6.018768458316898,10.938082212637369,9.35,0.007132875824814255,5.830415374031606,5.737088146692298,0.07858639053730175,-0.017969304387059282,0.0765044108370656,9.35,12.202273831036303,5.675364593009526,10.802116615923344,1.0,0.0
9.4,0.002396644182971733,1.9906143120693942,5.767767762450011,0.6189681384608923,0.009071717867390605,0.6189016564565624,9.4,12.496988138039272,3.2296941959775722,12.072439186956506,9.4,0.0037378516106498006,3.1045997421799543,5.767767762450011,0.09797605016836405,0.0386828161609702,0.0900163659589209,9.4,12.209631345912499,2.9304222746769955,11.852751701405287,1.0,0.0
9.450000000000001,-0.0025662608651001216,-2.1656896780579546,5.798447378207723,0.609347683332816,0.42916149635677603,0.4325794831333113,9.450000000000001,12.504909629151648,0.2475145692333463,12.502459812823508,9.450000000000001,0.00022484851840163752,0.18975160399761318,5.798447378207723,0.10540768739035633,0.09025771455590093,0.05444561988010232,9.450000000000001,12.21323144092743,0.013031153060598339,12.213224488999955,1.0,0.0
9.5,-0.007297355477380584,-6.256570152419179,5.829126993965437,0.588532136315671,0.5872747757875365,0.03845013914131213,9.5,12.508557713274707,-2.7516307665579194,12.202153260423179,9.5,-0.003197689673089814,-2.7416191834653794,5.829126993965437,0.10091039330188335,0.10060770810757319,-0.007810028532735055,9.5,12.213206073921663,-2.9051880117700755,11.862642421498863,1.0,0.0
9.55,-0.010620293217110806,-9.250104139875388,5.859806609723149,0.54783108796134,0.4485295851304017,-0.3145474720922982,9.55,12.50805013147554,-5.590616878134162,11.189116185536136,9.55,-0.006333208896399586,-5.516122825770587,5.859806609723149,0.08589575263988784,0.06542461560158841,-0.05565698514074576,9.55,12.209689132910842,-5.652870627635221,10.82227159100806,1.0,0.0
9.600000000000001,-0.011872766097617891,-10.504263586142068,5.890486225480862,0.4835826523463221,0.15942097388571883,-0.4565491591664941,9.600000000000001,12.503507955432003,-8.101992105524745,9.52341509719943,9.600000000000001,-0.009008508008324725,-7.970151341253188,5.890486225480862,0.06291280773239304,0.01340167166867989,-0.06146882602797906,9.600000000000001,12.202815907937378,-8.069119629291356,9.154126091069234,1.0,0.0
9.65,-0.012708131941414326,-11.419935611293532,5.921165841238575,0.39897195408192276,-0.08473282019502183,-0.38987045197827697,9.65,12.495055156206142,-10.13802103878972,7.303898464086884,9.65,-0.011082944301802887,-9.95948978918577,5.921165841238575,0.03549501487866631,-0.017766829353501223,-0.03072842098058913,9.65,12.192722570504806,-10.013036008510067,6.957125381476036,1.0,0.0
9.700000000000001,-0.012366925558238583,-11.286959050014286,5.9518454569962875,0.3069509501740177,-0.18299818700740134,-0.24643569011962627,9.700000000000001,12.482818174327944,-11.579502472670317,4.662174606206211,9.700000000000001,-0.012455413412170088,-11.367719525125516,5.9518454569962875,0.01151890386608184,-0.010412472401233384,0.004926009010303196,9.700000000000001,12.179545662417539,-11.372001240991022,4.3610687128056735,1.0,0.0
9.75,-0.010721814692368275,-9.937614464634278,5.982525072754001,0.23848085440487823,-0.17776117767766517,-0.15897824262561933,9.75,12.466925492370459,-12.342831706414637,1.7546329244152323,9.75,-0.013068831113296996,-12.112968637651008,5.982525072754001,0.02568712073412917,0.021557423895218836,0.01396802228705183,9.75,12.163421595788286,-12.06822513178238,1.5188044921927915,1.0,0.0
9.8,-0.0092838261292491,-8.73786288224022,6.013204688511713,0.24066283791006232,-0.18519927625511662,-0.153687441339577,9.8,12.447507211164147,-12.384887347647883,-1.2469968556715814,9.8,-0.012911909004345865,-12.152585459618296,6.013204688511713,0.04734137034522895,0.0460617715097737,-0.010932454049550032,9.8,12.144486165904231,-12.063181627429755,-1.402923111749356,1.0,0.0
9.850000000000001,-0.008047545627183886,-7.6908110067924715,6.043884304269426,0.3109101112472511,-0.2748882224393179,-0.14526376850381562,9.850000000000001,12.424694630760818,-11.705458378689388,-4.165966972075887,9.850000000000001,-0.012018233048330561,-11.485484306926777,6.043884304269426,0.06281893571151125,0.03904893913823405,-0.04920771317695505,9.850000000000001,12.122874078561882,-11.359685381257222,-4.233393906018975,1.0,0.0
9.9,-0.0070376861824698825,-6.8286598651643455,6.074563920027139,0.401007691840259,-0.39991524242411736,-0.02957985449442849,9.9,12.398619837216614,-10.347079043574753,-6.831085501868462,9.9,-0.010462805493691999,-10.152049707723855,6.074563920027139,0.07035218098449493,0.0025077577452942007,-0.07030747129833391,9.9,12.098718493389649,-10.00150516021872,-6.8080014477383175,1.0,0.0
9.950000000000001,-0.006387210606174498,-6.29188068947602,6.105243535784852,0.4800591055197756,-0.4329168831148337,0.2074601578775657,9.950000000000001,12.369415296219747,-8.392297623217216,-9.086901307579923,9.950000000000001,-0.008356345649517283,-8.231626146155035,6.105243535784852,0.06967277886113564,-0.038814242004853054,-0.057859750533694916,9.950000000000001,12.072150584577505,-8.070557786711774,-8.977912716665324,1.0,0.0
10.0,-0.00572255114551336,-5.722551145513361,6.135923151542564,0.5336442650102913,-0.2769446224569314,0.45615554109378276,10.0,12.337213454542415,-5.958560609583566,-10.802888099247419,10.0,-0.005837756958433915,-5.837756958433915,6.135923151542564,0.06154217694207982,-0.05779273320055574,-0.021152766532528157,10.0,12.04329912032531,-5.681869378533171,-10.618729399834779,1.0,0.0
10.05,-0.0042062152114156785,-4.269624431504672,6.166602767300278,0.5556469544218747,0.03928507622414729,0.5542564575576615,10.05,12.302146350248217,-3.1910367135541606,-11.881081159375816,10.05,-0.0030653066012151114,-3.111516481391755,6.166602767300278,0.04754439343727997,-0.045500297693047365,0.013791020889076328,10.05,12.012290062206493,-2.976620793396526,-11.637647579769045,1.0,0.0
10.100000000000001,-0.00222304545845208,-2.290405958888637,6.19728238305799,0.5455784053425198,0.3600651536986048,0.40988886477688913,10.100000000000001,12.264345232536913,-0.2538269861425838,-12.261718307152416,10.100000000000001,-0.00020717219645665703,-0.21344972118149028,6.19728238305799,0.029907051679146108,-0.01629653630013281,0.025076974394004744,10.100000000000001,11.979246185522953,-0.1137039378675856,-11.978706549034401,1.0,0.0
10.15,-0.0007258240189999473,-0.7589784807238341,6.227961998815704,0.5078626543187627,0.5012492261265321,0.08169264935874977,10.15,12.223940192058356,2.67989905774584,-11.926560898235193,10.15,0.0025686393072535778,2.6859705767700475,6.227961998815704,0.012016120013164497,0.005130206271529721,0.010865915690006502,10.15,11.944286721601278,2.7397011583052153,-11.62583428623519,1.0,0.0
10.200000000000001,0.0016778854688522088,1.7805854826297154,6.258641614573416,0.4518056889370578,0.3782219559190979,-0.24713666789171812,10.200000000000001,12.181059802476982,5.43824139187725,-10.899713229034678,10.200000000000001,0.005104136781872959,5.416550786017841,6.258641614573416,0.011799599304216563,0.00335720234254699,-0.011311928932382177,10.200000000000001,11.907527022851122,5.417966331744651,-10.603529630647104,1.0,0.0
10.25,0.004434017675939091,4.774952066303095,6.2893212303311286,0.39193552323319875,0.06980049831198651,-0.3856699946942718,10.25,12.135830774018515,7.860758365347697,-9.245910798684521,10.25,0.00726028511462268,7.8185329747642145,6.2893212303311286,0.026162010016174426,-0.01702724065706017,-0.019862624290183012,10.25,11.869078251275278,7.766691447635128,-8.975161418722628,1.0,0.0
10.3,0.006735352091052239,7.359901084399242,6.320000846088842,0.3474009875702289,-0.2291282175393065,-0.261127758179843,10.3,12.088377619681449,9.807897934711676,-7.066400185263622,10.3,0.008924566252747793,9.752114507666342,6.320000846088842,0.03740325285201263,-0.03690409199913973,-0.0060902641675564285,10.3,11.829047090988634,9.651651264111518,-6.83900452966667,1.0,0.0
10.350000000000001,0.008849308879029722,9.81138693557647,6.350680461846554,0.3352878487999271,-0.3335578917116873,0.03401579676763521,10.350000000000001,12.03882233474846,11.169113654566695,-4.4926766385986605,10.350000000000001,0.010016751178777253,11.105751081337665,6.350680461846554,0.04365648106869394,-0.03867503219466331,0.02025167212955485,10.350000000000001,11.787535485172045,10.96649570747409,-4.322263841107168,1.0,0.0
10.4,0.01029398535004532,11.579333536793378,6.381360077604267,0.35677344391357413,-0.18577118236417653,0.3045921175686726,10.4,11.98728409018718,11.869191788926944,-1.6784713689913988,10.4,0.01049259161425455,11.802738573576832,6.381360077604267,0.04457817967925348,-0.01968303295636314,0.039997403880183656,10.4,11.744640397757767,11.638763966749417,-1.5734520643918775,1.0,0.0
10.450000000000001,0.011531471789309893,13.159324977353592,6.41203969336198,0.39601442451213514,0.113939663482525,0.37926926781268017,10.450000000000001,11.933878940486377,11.872427373610588,1.2095184266997476,10.450000000000001,0.010345273420559022,11.805675581404838,6.41203969336198,0.040559275603975285,0.006975922750538399,0.039954866278061114,10.450000000000001,11.700453600017697,11.633875165863182,1.246420102244426,1.0,0.0
10.5,0.011990033538285061,13.879962574757243,6.442719309119693,0.43508763483554386,0.3785499103443792,0.21447893921093983,10.5,11.87871954643289,11.184419043267924,4.001593273608978,10.5,0.009604612692327222,11.1185397679553,6.442719309119693,0.03255058503217753,0.023680284936063133,0.02233348811278439,10.5,11.655061482105209,10.956879172301939,3.973318129124378,1.0,0.0
10.55,0.011740036549861051,13.785636660859101,6.473398924877405,0.46248934133962916,0.45374158337232007,-0.08952634456708221,10.55,11.82191491329651,9.851396800776762,6.535109279183313,10.55,0.008334111694272698,9.786258775286356,6.473398924877405,0.021921143814319966,0.0218610879826764,0.001621535797255179,10.55,11.608544889487286,9.651883196830957,6.449764740358644,1.0,0.0
10.600000000000001,0.010242356049955714,12.19880993319406,6.504078540635119,0.4732083643182912,0.30493743290459047,-0.36185538281798574,10.600000000000001,11.763570144855183,7.957144886074752,8.664030691020352,10.600000000000001,0.006626116779393102,7.891811102125658,6.504078540635119,0.010520438800516646,0.0073975775245924335,-0.0074803395192371445,10.600000000000001,11.560978984097286,7.799205532288458,8.533969072820701,1.0,0.0
10.65,0.008053710855813164,9.728477008137942,6.534758156392831,0.46702409282224644,0.021742022564033486,-0.4665177249915241,10.65,11.703786213660825,5.617724629590703,10.267413584791798,10.65,0.004595426897216595,5.5510441972077,6.534758156392831,0.005519916442528891,-0.00542506741035,-0.0010188822923474306,10.65,11.51243312994081,5.510439268077352,10.107975843075105,1.0,0.0
10.700000000000001,0.004654364418424507,5.701796550240015,6.565437772150545,0.4470623905943264,-0.2500654870048114,-0.3705833688833871,10.700000000000001,11.642659747917135,2.974331211255956,11.256326214690056,10.700000000000001,0.0023717832925816877,2.905536520094149,6.565437772150545,0.013738999358954585,-0.005621954821217121,0.012536096975276956,10.700000000000001,11.462970802798921,2.9217286266674023,11.084367436075581,1.0,0.0
10.75,0.0005836828813673583,0.725107419513665,6.596117387908257,0.4186340663487909,-0.39415513429692245,-0.1410539315832738,10.75,11.580282835314643,0.18472606690077917,11.578809387242297,10.75,9.172426503519524e-05,0.11394876781489481,6.596117387908257,0.021209758597084873,0.0065884871116025385,0.020160498439444965,10.75,11.412649523594911,0.18566196268960097,11.411139241286183,1.0,0.0
10.8,-0.0029571319593692997,-3.72513461480102,6.62679700366597,0.38821886343262396,-0.3720351178732526,0.11092230160771713,10.8,11.516742844144728,-2.5862328835921793,11.222600643789534,10.8,-0.0021096889089548413,-2.6576004348773217,6.62679700366597,0.025810490747882716,0.02123372487229789,0.014673457693880378,10.8,11.361520814923386,-2.5377371914766926,11.07447719646094,1.0,0.0
10.850000000000001,-0.006369712201047617,-8.135964123777939,6.657476619423683,0.36256843993142585,-0.21685937932182558,0.2905647659893755,10.850000000000001,11.452122261993019,-5.176392445850559,10.21548166021443,10.850000000000001,-0.004106777904345265,-5.245542756010499,6.657476619423683,0.027219970192660824,0.02721565571962751,-0.0004846246383029592,10.850000000000001,11.309630180184095,-5.0903905919620716,10.099289996519309,1.0,0.0
10.9,-0.00897217767965323,-11.619230288303646,6.6881562351813955,0.3479469716315814,0.0035942143729132733,0.3479284074211677,10.9,11.386498552293201,-7.435851899435052,8.623250884152872,10.9,-0.005790326963383465,-7.4986413370635265,6.6881562351813955,0.025621983270435782,0.020748262457220626,-0.015033151090732116,10.9,11.257017104717171,-7.325368659476794,8.547479634292797,1.0,0.0
10.950000000000001,-0.009704474037245637,-12.741318145846755,6.718835850939108,0.3494613358177481,0.21810813530578804,0.27304224315104975,10.950000000000001,11.319944029003922,-9.235693115035113,6.545464498771234,10.950000000000001,-0.0070734431556278825,-9.286952521746013,6.718835850939108,0.021543904678684594,0.007261311764172962,-0.02028332271270492,10.950000000000001,11.203715078301682,-9.11538175604262,6.514065320318013,1.0,0.0
11.0,-0.00954030311564533,-12.698143446923934,6.749515466696821,0.3703756699995535,0.3609172612353386,0.083167706893965,11.0,11.252525749653982,-10.475382899629587,4.109219981063793,11.0,-0.007895890753494374,-10.509430592901012,6.749515466696821,0.015739102746679955,-0.0038269568257151072,-0.015266753313152769,11.0,11.149751638354548,-10.360068760993432,4.121399867093455,1.0,0.0
11.05,-0.008774519070315978,-11.83886739835499,6.780195082454534,0.41150699779747046,0.3719624148141806,-0.1760169628242995,11.05,11.184305426983343,-11.088421222586115,1.4613701360541487,11.05,-0.008226698626565913,-11.099730183005425,6.780195082454534,0.009069179603350743,-0.006572290444555386,-0.006249401330546719,11.05,11.095148433151488,-10.991664893064796,1.5118272494669431,1.0,0.0
11.100000000000001,-0.007490363870571052,-10.244053830672962,6.810874698212247,0.471042230057154,0.21245182129686518,-0.4204105209492998,11.100000000000001,11.115339359389198,-11.045917276872304,-1.240355024531528,11.100000000000001,-0.008064995027914775,-11.029937215022116,6.810874698212247,0.00244078880791017,-0.002259224309598323,-0.0009237724415349969,11.100000000000001,11.0399213043849,-10.978727155313315,-1.160780968226811,1.0,0.0
11.15,-0.005861992566791418,-8.125869915366927,6.84155431396996,0.5448814443326567,-0.09994820064217738,-0.535636206362521,11.15,11.045678380366258,-10.357901485812834,-3.836780902356411,11.15,-0.007439031040725046,-10.311954142650016,6.84155431396996,0.0037556016896459644,0.0028488000207477953,-0.002447219338976175,11.15,10.984080388374132,-10.327710485671512,-3.740109370381554,1.0,0.0
11.200000000000001,-0.004346406257064958,-6.106387849925758,6.872233929727672,0.627264869881644,-0.4631378795866516,-0.4230419854808929,11.200000000000001,10.975367827108554,-9.072317933070016,-6.176709986847833,11.200000000000001,-0.006403424018874915,-8.9963496999899,6.872233929727672,0.00847706318290383,0.003146752729094702,-0.00787137519553468,11.200000000000001,10.927630235250321,-9.082314037214388,-6.076567640352197,1.0,0.0
11.25,-0.0034036708728972446,-4.846242317074397,6.902913545485386,0.7114800735034755,-0.7081352666369242,-0.06890819354447815,11.25,10.904447528414588,-7.271780093343776,-8.125773204686197,11.25,-0.0050349042929951375,-7.168838339049717,6.902913545485386,0.011663022664460693,-0.0021113198706390656,-0.011470328071836847,11.25,10.870569945449601,-7.320647681948295,-8.036006996991553,1.0,0.0
11.3,-0.00245210055657237,-3.538128536776603,6.933593161243098,0.790598796947529,-0.6754760957886221,0.4108266078932088,11.3,10.83295181200902,-5.068304945520668,-9.574190824321407,11.3,-0.0034268886979544485,-4.94464742161238,6.933593161243098,0.013201075996280386,-0.009028463204839177,-0.0096309532040414,11.3,10.812893322863271,-5.150396266320613,-9.507474970332122,1.0,0.0
11.350000000000001,-0.0011173822633343388,-1.6337641346187028,6.964272777000811,0.8582226164483382,-0.31659661851130716,0.7976920712471932,11.350000000000001,10.760909531360749,-2.5963587644774098,-10.442992631820246,11.350000000000001,-0.0016832573038852556,-2.461150049237758,6.964272777000811,0.013212329968917646,-0.012795751811958902,-0.003291564791145668,11.350000000000001,10.754589044010487,-2.7022759513162606,-10.40955763654192,1.0,0.0
11.4,-8.678304915379621e-06,-0.012857290577551186,6.994952392758524,0.9091875475749853,0.24637996933093398,0.8751679309583414,11.4,10.688344112039161,-0.004645207412032774,-10.688343102624012,11.4,8.825515445644007e-05,0.13075389455401207,6.994952392758524,0.011987844862395916,-0.01145800086431607,0.0035245766608494084,11.4,10.695640842616122,-0.12217634146542701,-10.694943009470608,1.0,0.0
11.450000000000001,0.0010759653365117483,1.6151569863188608,7.0256320085162365,0.940159145160992,0.7563668738548721,0.5583980393633695,11.450000000000001,10.615273617606883,2.552862880000788,-10.303733551124797,11.450000000000001,0.0017826339040549304,2.67595386810284,7.0256320085162365,0.00993420409895607,-0.006800586691186472,0.0072415766056414125,11.450000000000001,10.63602770899279,2.43754177404791,-10.352945258535554,1.0,0.0
11.5,0.0028242327988281103,4.295305057917703,7.056311624273949,0.9500480854174987,0.9494609984388052,-0.033394266709156496,11.5,10.541710834998353,4.926106215977947,-9.319932664865402,11.5,0.0033037246300639997,5.024552196748585,7.056311624273949,0.007530231274537812,-0.0022212696862108443,0.007195161153799694,11.5,10.575724103639953,4.827074871348616,-9.409850610010013,1.0,0.0
11.55,0.004477870051087855,6.899497137112361,7.086991240031662,0.9401799109791298,0.7071957347788782,-0.6195259943854551,11.55,10.467663379278438,6.977787051700609,-7.802721607426872,11.55,0.004569583232331081,7.040808703594594,7.086991240031662,0.005324446271489711,0.00013626177561203628,0.0053227023988278496,11.55,10.514700184483498,6.907995401737369,-7.927075091050461,1.0,0.0
11.600000000000001,0.005428906088481737,8.473957797886793,7.117670855789375,0.9141517863277365,0.13819577311087614,-0.9036456256412018,11.600000000000001,10.393133817614785,8.591358276472608,-5.848571921087547,11.600000000000001,0.005516742502096102,8.611061304551802,7.117670855789375,0.003967377048388628,0.0005600330102000751,0.003927651164699725,11.600000000000001,10.452922047185092,8.561338846800343,-5.9972540778922765,1.0,0.0
11.65,0.00614461989357004,9.715670971333946,7.148350471547088,0.87730294647819,-0.469448391864481,-0.7411333667263716,11.65,10.318119812231005,9.677685965476924,-3.5785459076508976,11.65,0.006103183315456662,9.65015281624858,7.148350471547088,0.0038301167471305,0.0006976749112281614,0.0037660382386391538,11.65,10.390351977951104,9.694482216950098,-3.7385062218686715,1.0,0.0
11.700000000000001,0.006496405223545912,10.404727059299042,7.179030087304801,0.8357375107745658,-0.8047021658909944,-0.22563601469182626,11.700000000000001,10.242614282035946,10.180001586652091,-1.1308028238060084,11.700000000000001,0.006309887697696069,10.105998165170096,7.179030087304801,0.004304028455034142,0.00166686701656951,0.0039681501094107115,11.700000000000001,10.32694871826551,10.246410504474873,-1.2872224374491918,1.0,0.0
11.75,0.0060721841941018834,9.850505931003747,7.209709703062513,0.7949359312427453,-0.7077624989880149,0.36193283880716176,11.75,10.166605582547561,10.076866287509672,1.3478259883005215,11.75,0.006140944458037076,9.962051194793489,7.209709703062513,0.004668302268864863,0.0031838499752362237,0.0034141097534609406,11.75,10.262667740959024,10.191065110255012,1.2101822506812696,1.0,0.0
11.8,0.005300687833881104,8.709199733077341,7.240389318820227,0.7582495783730298,-0.2563901568496894,0.7135870728744104,11.8,10.09007770364877,9.382991645400748,3.710678623649558,11.8,0.005622268845911155,9.2375676264351,7.240389318820227,0.004690528648041788,0.004260550538070208,0.0019618277474463403,11.8,10.19746153700829,9.538584090383537,3.606055372487446,1.0,0.0
11.850000000000001,0.004579286060133642,7.619962341832532,7.271068934577939,0.7258971411016677,0.2873327494919343,0.6666082436701333,11.850000000000001,10.013010484628055,8.14789153833882,5.819986464308829,11.850000000000001,0.004799080122265087,7.9857011173549175,7.271068934577939,0.004465124707661925,0.0044498388899887435,0.00036915106408722583,11.850000000000001,10.131279912433484,8.334371297052472,5.7603027478550235,1.0,0.0
11.9,0.003899816692612818,6.571811197906724,7.301748550335652,0.695078592547044,0.6342768826373756,0.2843010481320681,11.9,9.935379845870253,6.452470468925617,7.55495847304058,11.9,0.0037323501884742255,6.289603511259038,7.301748550335652,0.004315641967935232,0.0042456195732723054,-0.0007742609601749101,11.9,10.064070294631087,6.656062462015125,7.548665007604257,1.0,0.0
11.950000000000001,0.0029207001366647733,4.984145211129553,7.332428166093365,0.6612336380209004,0.6306143678656125,-0.19888550246764855,11.950000000000001,9.85715803647405,4.403776858095785,8.818747866909733,11.950000000000001,0.0024944887065446184,4.256819721020238,7.332428166093365,0.004649588426541838,0.004286886004417466,-0.001800355776329074,11.950000000000001,9.995778047440968,4.608583054838884,8.869979763243807,1.0,0.0
12.0,0.001405759047232314,2.4291516336174386,7.3631077818510775,0.6197776121025067,0.3278100980092297,-0.5259893802223239,12.0,9.778313896983136,2.1282581178094713,9.543895433831597,12.0,0.00116456302934627,2.0123649147103544,7.3631077818510775,0.005580967937414861,0.0043347711237369186,-0.0035152471354471314,12.0,9.9263467942039,2.3176076075191863,9.651997495667477,1.0,0.0
12.05,-0.0002599525985738758,-0.45483649469279963,7.39378739760879,0.5675411557399626,-0.07370833883161076,-0.5627344349205378,12.05,9.698813136329143,-0.23605874829407394,9.695940001917533,12.05,-0.00017666490186158898,-0.3091088342213164,7.39378739760879,0.0068274534357867555,0.0032557134923336885,-0.006001204051994296,12.05,9.855718748018216,-0.0781739231905456,9.855408711858212,1.0,0.0
12.100000000000001,-0.001749739333073583,-3.099769962639171,7.424467013366503,0.5035575668386697,-0.3599181688422492,-0.35217770352156524,12.100000000000001,9.618618621997147,-2.5479768105874583,9.275000720654358,12.100000000000001,-0.0014515568488237438,-2.5715215026590412,7.424467013366503,0.008003607145525922,0.0001990986054332715,-0.008001130362969231,12.100000000000001,9.783835048353264,-2.4355062154946556,9.475850237718651,1.0,0.0
12.15,-0.0029649218388014707,-5.317923465903912,7.455146629124216,0.4292570774798803,-0.42547717857769424,-0.05684020651029388,12.15,9.537690682340406,-4.671614457170921,8.315260784578836,12.15,-0.002589745133278149,-4.645001508888846,7.455146629124216,0.008779294965576095,-0.0041535076367738896,-0.007734623093845669,12.15,9.710636103123798,-4.615216892244285,8.543782918873488,1.0,0.0
12.200000000000001,-0.004163392048437033,-7.560087124370291,7.485826244881929,0.3483148985682884,-0.3093943057816658,0.15999510028284653,12.200000000000001,9.455987419890754,-6.484452659970892,6.882410318030203,12.200000000000001,-0.003531756835550257,-6.4131335863202645,7.485826244881929,0.008903564408864258,-0.007641820365068282,-0.004569030607341343,12.200000000000001,9.636061935274558,-6.490535241662363,7.122263818280403,1.0,0.0
12.25,-0.00507403346026595,-9.327421290106699,7.516505860639642,0.26649173160676803,-0.1354282488072927,0.22951477608154927,12.25,9.373465034436167,-7.884463150697115,5.06922948554282,12.25,-0.004231897788202735,-7.779352232566618,7.516505860639642,0.008216327077639377,-0.008216289968992358,2.469397063158262e-05,12.25,9.560052532869095,-7.954576454106825,5.302765115200381,1.0,0.0
12.3,-0.0049207864317288635,-9.156929084851997,7.547185476397354,0.19205346502728987,-0.012213417372666041,0.19166472253669822,12.3,9.290078154568295,-8.795897919999279,2.989603970250815,12.3,-0.004660235802624839,-8.672079017323078,7.547185476397354,0.006670644590850884,-0.005777923047857204,0.003333632329830131,12.3,9.482548201622937,-8.926540637948763,3.19931127512652,1.0,0.0
12.350000000000001,-0.004515266882695173,-8.505195444981053,7.577865092155068,0.1376458635666675,0.032611953099906964,0.1337267522675366,12.350000000000001,9.205780176341193,-9.173407053470562,0.7713570421361529,12.350000000000001,-0.004803614758472156,-9.04834275018851,7.577865092155068,0.004381447461791224,-0.0025381073457855013,0.003571427300352961,12.350000000000001,9.403489918769097,-9.356257880215807,0.9413082020739152,1.0,0.0
12.4,-0.004496252688792475,-8.572663286516265,7.60854470791278,0.11888891979988006,0.044363085335150834,0.11030182188308786,12.4,9.120523607628982,-9.004258056867538,-1.4516500000529153,12.4,-0.004665686504111298,-8.895709865214702,7.60854470791278,0.0020238949396631186,-0.0013334440509899653,0.0015225234611241463,12.4,9.32281968709552,-9.226815319723432,-1.3344834108421026,1.0,0.0
12.450000000000001,-0.004195742764139835,-8.096865191592382,7.639224323670493,0.13285374558271812,0.07832766213409528,0.10730747904952669,12.450000000000001,9.034260416725381,-8.308548784612691,-3.5476581530528026,12.450000000000001,-0.00426600095962607,-8.232448131118279,7.639224323670493,0.003166375811827946,-0.003165352901914957,8.047849444194833e-05,12.450000000000001,9.240480887949756,-8.555122996807588,-3.4923283851978537,1.0,0.0
12.5,-0.0034526488590591667,-6.743454802849935,7.669903939428206,0.15708744551754536,0.13974931386141054,0.07173977149735529,12.5,8.946942383692415,-7.1374303977631,-5.394892522951592,12.5,-0.0036382437814723397,-7.105944885688164,7.669903939428206,0.0063687597690793955,-0.006097418096185449,0.001839182850223014,12.5,9.15641863196739,-7.390404483279697,-5.405730638624063,1.0,0.0
12.55,-0.0025511088575179215,-5.042665586531767,7.7005835551859185,0.17830328942318027,0.17659212243191028,-0.024643159580694986,12.55,8.858521452939907,-5.569478680506365,-6.888708845609723,12.55,-0.0028277531801498765,-5.589496350469777,7.7005835551859185,0.009422832599038502,-0.00665363231147421,0.006672252337345244,12.55,9.070580106248347,-5.810727769047599,-6.96497424674976,1.0,0.0
12.600000000000001,-0.0019345929539730032,-3.8699133148967015,7.731263170943632,0.19394314080633454,0.12890938448060552,-0.14490104367690773,12.600000000000001,8.768950085501212,-3.705463979269298,-7.947579650456449,12.600000000000001,-0.0018884811438712736,-3.7776723566526442,7.731263170943632,0.011771273746030413,-0.0027478207408970145,0.011446063374797514,12.600000000000001,8.98291491667963,-3.917813349018502,-8.083532579420819,1.0,0.0
12.65,-0.0011556020764357142,-2.3392675159468914,7.761942786701344,0.2062624279781021,-0.00834319568875149,-0.20609362018539282,12.65,8.678181609465105,-1.6618651134617455,-8.517572447095306,12.65,-0.0008795880610657602,-1.7805365883489799,7.761942786701344,0.013054611413220911,0.004269240924009291,0.012336792982090684,12.65,8.893375424085397,-1.8304621839974997,-8.70296125618638,1.0,0.0
12.700000000000001,0.0002288846445206256,0.4688434147970928,7.792622402459057,0.21874481157810835,-0.1638613064942655,-0.14490950564519398,12.700000000000001,8.586170567027672,0.4364549320214973,-8.575070384457868,12.700000000000001,0.0001381272760125377,0.2829375640203901,7.792622402459057,0.013041100559927153,0.010305316258884761,0.007991918456697222,12.700000000000001,8.80191707287571,0.3229705135418907,-8.795989666044601,1.0,0.0
12.75,0.0013504819124064366,2.799105877541035,7.82330201821677,0.23353868951811055,-0.2324390647759954,0.022636268859886077,12.75,8.492873056642441,2.463948189366343,-8.127598173898697,12.75,0.0011057583555726474,2.2918742441416757,7.82330201821677,0.01164587831210981,0.011610986511772302,0.0009008184522484521,12.75,8.708498710864243,2.412574149288314,-8.367642187098463,1.0,0.0
12.8,0.0019574951651920333,4.105164900672804,7.853981633974483,0.25011385987354445,-0.1526816513596201,0.19810415502695153,12.8,8.398247068770445,4.30197638542584,-7.212735473268778,12.8,0.001969587236586358,4.130523812381554,7.853981633974483,0.008945783379793426,0.007827976611578873,-0.004330106516791756,12.8,8.613082898933095,4.3148483376287,-7.454346439974237,1.0,0.0
12.850000000000001,0.0023440946226256903,4.973756521569962,7.884661249732195,0.26568935343127065,0.039120806936063415,0.26279344548789246,12.850000000000001,8.302252813765206,5.845835871013137,-5.895218804493041,12.850000000000001,0.0026839702597093906,5.694912847833902,7.884661249732195,0.005177407119652908,0.0024383516849407353,-0.004567273316014633,12.850000000000001,8.51563620923958,5.920137418387521,-6.1211137054885825,1.0,0.0
12.9,0.002804584778504658,6.020571293583386,7.915340865489909,0.2767530346853445,0.22367821111976374,0.16297331093712836,12.9,8.204853040469025,7.010790623184628,-4.262443929667615,12.9,0.0032136647236046725,6.898738711850192,7.915340865489909,0.0007303760500402542,7.839187170716309e-05,-0.0007261569313327882,12.9,8.416129510685256,7.139076066155036,-4.45699774088787,1.0,0.0
12.950000000000001,0.0034211149071861004,7.429797319254783,7.946020481247621,0.2805527077753037,0.27693053027928655,-0.04493665807876824,12.950000000000001,8.106013344147165,7.736760057299732,-2.4186765288610497,12.950000000000001,0.003535483019786473,7.678175967578348,7.946020481247621,0.0039846655639845805,0.002774168254304205,0.0028603409156279457,12.950000000000001,8.314538240401921,7.907657115262442,-2.5691448185233083,1.0,0.0
13.0,0.0038519238693215593,8.462676740899466,7.976700097005334,0.2761059528935665,0.15822750760753204,-0.22627097264026763,13.0,8.005702462443766,7.991398454287703,-0.4783541177687213,13.0,0.003639200945119011,7.995324476426466,7.976700097005334,0.008381857723895861,0.00815943517918215,0.0019181127340063887,13.0,8.210842660051846,8.190625951625588,-0.575833056262584,1.0,0.0
13.05,0.0031877243008265796,7.084550301526818,8.007379712763047,0.26480266254894164,-0.055907453182075864,-0.25883355032086286,13.05,7.903892558107824,7.771408026853422,1.4410880785956302,13.05,0.0035277152403469887,7.84016235758547,8.007379712763047,0.011990621752418093,0.011236507698457602,-0.004185200682412373,13.05,8.105028095790402,7.983017017752944,1.4010423718855496,1.0,0.0
13.100000000000001,0.002156181413233419,4.847292029457332,8.03805932852076,0.2506652676558335,-0.22021773683904322,-0.11973815093970908,13.100000000000001,7.800559487308004,7.10204110604883,3.2264129374622246,13.100000000000001,0.003216520135884692,7.231029968801156,8.03805932852076,0.014387169010741092,0.008382492325727261,-0.011692923268060575,13.100000000000001,7.997085160797783,7.309769681706589,3.2435533400046412,1.0,0.0
13.15,0.0017841619410244626,4.057060923695454,8.068738944278472,0.2398971459160665,-0.22047381444470526,0.09456181979465167,13.15,7.695683052431052,6.034861266011734,4.7753520439299315,13.15,0.0027322984922510157,6.213057901245533,8.068738944278472,0.015277543309843176,0.00040663445302844355,-0.015272130761807412,13.15,7.887009959352067,6.22348483064996,4.844911006570556,1.0,0.0
13.200000000000001,0.0015868985704818052,3.649815931353898,8.099418560036185,0.23877137895298695,-0.05515500830628811,0.2323137887983496,13.200000000000001,7.589247238339201,4.6439410919342,6.0025398606993186,13.200000000000001,0.002110847471422012,4.854881637151544,8.099418560036185,0.014534701804367455,-0.007869829398191166,-0.01221979303365031,13.200000000000001,7.774804271488245,4.800501864535251,6.115779861027164,1.0,0.0
13.25,0.0011616427073687782,2.702216896014712,8.130098175793899,0.24990160566138242,0.1599776667371538,0.19198426669254237,13.25,7.4812404311466185,3.0207689177708583,6.8442613578130045,13.25,0.0013945441901150153,3.2439930529961427,8.130098175793899,0.012216982651656173,-0.011280621938823482,-0.004690653875975312,13.25,7.660475717366041,3.1355805451272816,6.9893506752325765,1.0,0.0
13.3,0.0005254895331613973,1.2362861188282304,8.160777791551611,0.2702593683198944,0.2702224267072264,-0.004468363137210566,13.3,7.37165561866276,1.2682123513379948,7.261745244228552,13.3,0.0006295169376746576,1.4810248397000936,8.160777791551611,0.008565651026821119,-0.0083503916587347,0.0019082286705255362,13.3,7.54403790055304,1.3355566425636451,7.424876854162958,1.0,0.0
13.350000000000001,8.859832128002946e-05,0.21079936109630626,8.191457407309324,0.2933819550953465,0.1900581352099962,-0.22349692797903667,13.350000000000001,7.2604905717410295,-0.506061772354442,7.242832652001693,13.350000000000001,-0.00013728804060280213,-0.3266453678480444,8.191457407309324,0.003991117324198763,-0.002454647946153241,0.0031470177876785463,13.350000000000001,7.425510529517892,-0.4876008050574743,7.409483927972877,1.0,0.0
13.4,-0.000285335014080882,-0.6865457187200665,8.222137023067036,0.3128011753416946,-0.0346445866042847,-0.310876708542412,13.4,7.14774800586336,-2.1962861408897796,6.801957713971699,13.4,-0.0008609559418620437,-2.071549535538031,8.222137023067036,0.0012799645675085377,0.0008804613344691478,-0.0009290302108016325,13.4,7.304919516720856,-2.2238730769746065,6.958177755941333,1.0,0.0
13.450000000000001,-0.0007794759189160551,-1.896572965572022,8.252816638824749,0.3239252057677681,-0.2552921361508904,-0.1993827077537221,13.450000000000001,7.033435722385054,-3.7049880600447382,5.97848488631092,13.450000000000001,-0.0015011949081920133,-3.6526153147753173,8.252816638824749,0.006063449282000136,-0.0015763302305485316,-0.00585496372317086,13.450000000000001,7.182297054784506,-3.771959597168745,6.112095531034572,1.0,0.0
13.5,-0.001328391893438307,-3.2683422048182744,8.283496254582463,0.3246360915698726,-0.32189003646354825,0.04213545271215562,13.5,6.917566728958502,-4.948688095941794,4.833551031972004,13.5,-0.0020245206096139827,-4.981079894879002,8.283496254582463,0.01031085716098962,-0.00812136039538775,-0.006352738049263348,13.5,7.057681669325964,-5.045304427716081,4.93515691515561,1.0,0.0
13.55,-0.0017550512868303786,-4.366240942713221,8.314175870340176,0.3154537334644629,-0.1873447189069561,0.25379719118686483,13.55,6.80015933874887,-5.862563611700114,3.4456515974693636,13.55,-0.00240591856279927,-5.9854775826520825,8.314175870340176,0.013435423286252619,-0.013420666901448717,-0.0006295226772229967,13.55,6.9311182481323925,-5.977014352418493,3.5093731064931224,1.0,0.0
13.600000000000001,-0.0021202154450001764,-5.333308662418365,8.344855486097888,0.2996043801047449,0.05811916829202163,0.29391316209893037,13.600000000000001,6.681237248149064,-6.403813249261049,1.9052839774278063,13.600000000000001,-0.0026299083847991455,-6.615418825993321,8.344855486097888,0.015091274043932984,-0.012749330172550378,0.008074721816903784,13.600000000000001,6.8026580464633435,-6.523383005945557,1.9291528334616672,1.0,0.0
13.65,-0.002570475125296822,-6.537494848427049,8.3755351018556,0.28287169123373934,0.24738997863840465,0.13716629385795054,13.65,6.560829592794649,-6.553548348576253,0.3090129262077184,13.65,-0.0026909765542335188,-6.843966388707287,8.3755351018556,0.01510716509756175,-0.0057937008220513685,0.013952041716879618,13.65,6.672358668366197,-6.665834122687054,0.29500109854446344,1.0,0.0
13.700000000000001,-0.0028339945772228887,-7.287200458125808,8.406214717613313,0.27256092275181887,0.2508577470158143,-0.10658258475695112,13.700000000000001,6.438970981771657,-6.3171362528398785,-1.2466502585543386,13.700000000000001,-0.0025933863823494013,-6.668511854413281,8.406214717613313,0.01350208026845004,0.0030237703321252963,0.013159140722487422,13.700000000000001,6.540284023993815,-6.411205678327173,-1.292964371007236,1.0,0.0
13.75,-0.002745960865339934,-7.138425608920804,8.436894333371026,0.27465171074112416,0.06603884117212414,-0.26659413660031817,13.75,6.315701510000997,-5.72302172154377,-2.67116228225974,13.75,-0.0023504129053187376,-6.110155423787577,8.436894333371026,0.01048431499703839,0.007967939857455033,0.006814161385313937,13.75,6.406504263016039,-5.790407904838743,-2.741253940740203,1.0,0.0
13.8,-0.002280200022202396,-5.992529832749497,8.46757394912874,0.2901877457824027,-0.17955043964804504,-0.22797054069433206,13.8,6.191066748872036,-4.820149548504923,-3.885288382995108,13.8,-0.001983083817362639,-5.211687054063867,8.46757394912874,0.00644372680168817,0.006443280029132718,7.587859364760085e-05,13.8,6.271095684318442,-4.855594278966076,-3.968607473654871,1.0,0.0
13.850000000000001,-0.0015295297129375306,-4.06356525503544,8.498253564886452,0.31470280200479195,-0.3145200676625454,-0.010722901995968466,13.850000000000001,6.065117715284872,-3.6741976822400098,-4.8255491181920975,13.850000000000001,-0.0015185334513746489,-4.034351029221945,8.498253564886452,0.0021669582042116013,0.0009402522056957326,-0.001952340556481957,13.850000000000001,6.134140622282143,-3.6760785230324418,-4.910613797320206,1.0,0.0
13.9,-0.0009763876967935067,-2.6222053498748807,8.528933180644165,0.3413096389807962,-0.23978194156816562,0.242892754439078,13.9,5.93791081934534,-2.3629002465523317,-5.447521209076783,13.9,-0.0009880939268903273,-2.653643823841274,8.528933180644165,0.0035289750052642055,-0.003052011440913671,0.001771691494677208,13.9,5.99572731003739,-2.333306315271296,-5.523081351514143,1.0,0.0
13.950000000000001,-0.0005772103855546897,-1.5669558475659462,8.559612796401877,0.36376532442452003,0.00444454805608832,0.3637381712801853,13.950000000000001,5.809507791038883,-0.9707896388378635,-5.727822295712964,13.950000000000001,-0.0004252553888424484,-1.1544428772106157,8.559612796401877,0.007632618580624734,-0.00147945051837878,0.007487863016973981,13.950000000000001,5.855949720180157,-0.9152430869434132,-5.7839845450243335,1.0,0.0
14.0,0.0001334341040636987,0.36614318155078923,8.59029241215959,0.3777417060451302,0.265698430703881,0.2685016581091828,14.0,5.6799755862889265,0.4162864132786787,-5.664700193563452,14.0,0.000136374073917462,0.37421045882951576,8.59029241215959,0.010941345886213243,0.005034659673677237,0.009714177874220941,14.0,5.714907383535527,0.4894340080033906,-5.693910848810211,1.0,0.0
14.05,0.0008095198442011551,2.2452074366811057,8.620972027917304,0.3809794090692397,0.38073657578045816,0.013600367558214107,14.05,5.549386272882196,1.7165144637324348,-5.277240386930531,14.05,0.0006649942871252136,1.8443650634375017,8.620972027917304,0.0129987700171917,0.011698430276716538,0.005666987826053955,14.05,5.572705186643282,1.7969522410745293,-5.275036089027085,1.0,0.0
14.100000000000001,0.0015081340398649572,4.227633011364286,8.651651643675017,0.37306422660249045,0.2817828704531992,-0.24448994067173782,14.100000000000001,5.417816896817357,2.8569944435623005,-4.603294763198832,14.100000000000001,0.0011322784402158352,3.1740267014602748,8.651651643675017,0.013599537241480476,0.013368276632859059,-0.002497317170438881,14.100000000000001,5.429453148730024,2.9335065212917075,-4.5687526726441865,1.0,0.0
14.15,0.002235739853415627,6.334182732627222,8.682331259432729,0.35509036832568786,0.0366511117027798,-0.3531938075456916,14.15,5.285349329704631,3.777853807353238,-3.6963141299510567,14.15,0.0015146600611194783,4.291256690838051,8.682331259432729,0.012728067942590727,0.008614819281556035,-0.00936955720924613,14.15,5.285266179018171,3.8394589306647964,-3.6321610237999744,1.0,0.0
14.200000000000001,0.002520043041278512,7.215608999576269,8.713010875190442,0.3292580848341027,-0.20124935895976487,-0.26059466983594437,14.200000000000001,5.152070097912422,4.435363089265811,-2.621331829467943,14.200000000000001,0.001794369764534886,5.137797414355566,8.713010875190442,0.010553454442854304,0.0008218749965878807,-0.010521403051275286,14.200000000000001,5.140263815305043,4.472433603715228,-2.5337027748520904,1.0,0.0
14.25,0.0023361712874467333,6.76004014431442,8.743690490948154,0.29840357725482536,-0.29552099418084715,-0.041376767839455784,14.25,5.018070194222761,4.803893406653947,-1.4503918820972475,14.25,0.001960133034362886,5.671920578636968,8.743690490948154,0.007431451505319267,-0.004504566099898689,-0.0059106138198630025,14.25,4.994569944825273,4.809149722324107,-1.3482610585572434,1.0,0.0
14.3,0.0022103054297140864,6.4633906097079405,8.774370106705868,0.265463806845165,-0.2111083367925987,0.16094813724113058,14.3,4.883444872820465,4.876638585577144,-0.25774004643563303,14.3,0.002007492959748298,5.870324965346692,8.774370106705868,0.004040548194878046,-0.00403525089483287,0.00020683309909866196,14.3,4.848312508486859,4.845926852353384,-0.15207603884426055,1.0,0.0
14.350000000000001,0.0023064976983298282,6.815672732280052,8.80504972246358,0.23291054611073617,-0.025911956561693678,0.23146466900316828,14.350000000000001,4.748293428501718,4.665108862355383,0.8849010032347504,14.350000000000001,0.0019387583854362537,5.7290075215187075,8.80504972246358,0.002859343797219417,0.0008845120413133433,0.0027190964307042985,14.350000000000001,4.701623189645678,4.597889368751683,0.9821781763683475,1.0,0.0
14.4,0.0016572483068636229,4.948516928321869,8.835729338221293,0.2022547605390037,0.13213338364878952,0.15312660476289394,14.4,4.6127189610463075,4.19748375613143,1.9126699481637977,14.4,0.001762595875081915,5.263083081460597,8.835729338221293,0.0054678755925995,0.005458377580102307,-0.00032214544724677404,14.4,4.554637088655584,4.096983793702645,1.9898348683986065,1.0,0.0
14.450000000000001,0.0010129447893979942,3.0562530934105703,8.866408953979006,0.17380395835305754,0.1737527973285887,0.004216794953723203,14.450000000000001,4.476828125754651,3.515983358814439,2.771254425001039,14.450000000000001,0.0014933003014750287,4.50557988307179,8.866408953979006,0.008234168376816,0.0053324177219224575,-0.0062743007655581785,14.450000000000001,4.4074923845018565,3.3889985969513585,2.817920798976363,1.0,0.0
14.5,0.0010421196753911857,3.1770320953894533,8.897088569736718,0.14684822084445281,0.10046237775103707,-0.10710607182503296,14.5,4.340730871206165,2.6734753932606568,3.4197183828309616,14.5,0.0011497931960272939,3.5052882822387086,8.897088569736718,0.010122175766114658,3.2501167379204504e-05,-0.010122123587184551,14.5,4.260329984895622,2.5298354736304605,3.4278774856405936,1.0,0.0
14.55,0.0013199821869100113,4.065903345848808,8.92776818549443,0.12025965571363496,-0.011514899976880905,-0.11970710868985368,14.55,4.204540165350371,1.72957647868823,3.8323260829961936,14.55,0.0007544097092074895,2.323786632293904,8.92776818549443,0.010850457008280587,-0.006741652568079639,-0.00850191378101722,14.55,4.113293166276975,1.581320747756571,3.797183872879408,0.9938441702975687,0.0
14.600000000000001,0.000818604009251559,2.5476070069361105,8.958447801252145,0.09325770957537717,-0.07665385677664711,-0.05311484384341787,14.600000000000001,4.068371711097005,0.7465279430156246,3.9992929887607933,14.600000000000001,0.0003315437318137929,1.0318091833520504,8.958447801252145,0.010373462214544417,-0.010110200320016503,-0.0023221903035106663,14.600000000000001,3.9665272052464404,0.6068633220991348,3.9198284373491323,0.975528258147576,0.0
14.65,0.00023153043538090635,0.7279825387094402,8.989127417009858,0.06616209496012698,-0.06275531344019934,0.02095694263329449,14.65,3.9323436526274027,-0.2148715256181848,3.926468748104018,14.65,-9.377392639676491e-05,-0.2948458196900138,8.989127417009858,0.008828897822261136,-0.007852530359502535,0.004035740788135237,14.65,3.8201790030201166,-0.33273887408477576,3.8056605808701027,0.9455032620941837,0.0
14.700000000000001,-0.0003484384495530564,-1.1068227490896236,9.01980703276757,0.041787587707594616,-0.005581254779778331,0.04141318728983697,14.700000000000001,3.7965762737080078,-1.099011433264144,3.6340287934518725,14.700000000000001,-0.000497287632862394,-1.5796456034029507,9.01980703276757,0.006542153746817506,-0.0020582403274696064,0.006209945442705285,14.700000000000001,3.674396704585997,-1.1830674615268586,3.4787271413764014,0.9045084971874728,0.0
14.75,-0.0012305271309660695,-3.948819244229381,9.050486648525283,0.030581723582868658,0.030280931851306942,0.004278666090674718,14.75,3.6611916893496748,-1.858662929092054,3.154313982814975,14.75,-0.0008568445389261748,-2.7496542900018572,9.050486648525283,0.004165003052469447,0.002634436275349249,0.0032259875911422515,14.75,3.5293293143312807,-1.8991945012443439,2.9747648067437793,0.8535533905932737,0.0
14.8,-0.0010177111586373905,-3.299207892381424,9.081166264282995,0.04232208240107015,0.00909738738417609,-0.041332749745754946,14.8,3.5263135322259265,-2.4574386629410863,2.5290081742536965,14.8,-0.001153568469782161,-3.739629036792052,9.081166264282995,0.0033135085733218945,0.0027234518521995097,-0.0018873656440204576,14.8,3.3851263100177267,-2.4479611169076927,2.338068969231291,0.7938926261462357,0.0
14.850000000000001,-0.0013887067394030438,-4.547680066809116,9.11184588004071,0.06208986276560786,-0.04687745251553941,-0.04071431571210997,14.850000000000001,3.392066635342677,-2.8713965705170605,1.80587867627586,14.850000000000001,-0.001372819842642493,-4.495654306674569,9.11184588004071,0.0048545024894102035,-0.0014931453979523156,-0.004619167808194858,14.850000000000001,3.241937257111047,-2.8093169355265886,1.6179912035632946,0.7269952498697714,0.0
14.9,-0.00201247671555999,-6.657170338759954,9.142525495798422,0.08063303649913685,-0.07895920370353761,0.016344134286476825,14.9,3.2585767125451177,-3.0897297251343017,1.035322373545004,14.9,-0.0015048934025262098,-4.978110625993174,9.142525495798422,0.006810458125798633,-0.006314569699197748,-0.002551185880572069,14.9,3.09991142562989,-2.976685318350004,0.8653296263680531,0.6545084971874732,0.0
14.950000000000001,-0.001530478051962793,-5.1138817785917725,9.173205111556134,0.09572957823997696,-0.04512068150602543,0.08442911968293693,14.950000000000001,3.1259700385603244,-3.114549850580841,0.2669605031155282,14.950000000000001,-0.0015454201519055934,-5.163808749144136,9.173205111556134,0.0081767804485534,-0.007667064626823715,0.0028418055021330484,14.950000000000001,2.9591974118827817,-2.9563900488176524,0.12886893243024633,0.5782172325201137,0.0
15.0,-0.00192196295617932,-6.486624977105205,9.203884727313847,0.10741030149450281,0.03984782352639246,0.0997452947629585,15.0,2.994373130413955,-2.9598337385898055,-0.45349165819292003,15.0,-0.001495456293250305,-5.0471649897197794,9.203884727313847,0.008642116176350686,-0.00429773292188672,0.007497710566411139,15.0,2.819942767724696,-2.7662435591820773,-0.5476986256386744,0.5000000000000001,0.0
15.05,-0.0016151920830639308,-5.505967924152531,9.23456434307156,0.11686523364628505,0.11128439296707193,0.035682863073905724,15.05,2.863912432236703,-2.6496554799554692,-1.0868855768027736,15.05,-0.001361272589647021,-4.640391253284693,9.23456434307156,0.008145671786572932,0.0013632161055541832,0.00803079141206693,15.05,2.6822936403132873,-2.4334505087465406,-1.1282809022341507,0.4217827674798836,0.0
15.100000000000001,-0.0010215174163094583,-3.5170344100000666,9.265243958829272,0.1258116922922794,0.10515023733314849,-0.06907973296293014,15.100000000000001,2.7347140057048844,-2.215869674081051,-1.6026797186232784,15.100000000000001,-0.0011538710321171877,-3.972721423898905,9.265243958829272,0.006796591303893366,0.005242038467724442,0.004326047393990976,15.100000000000001,2.5463944258126867,-1.992020159576338,-1.5861841808728845,0.3454915028125242,0.0
15.15,-0.0011653080194191207,-4.052085809789946,9.295923574586986,0.13571277104244026,0.012781842217485266,-0.1351095138528191,15.15,2.606903228659407,-1.6954391705487055,-1.9802602007221062,15.15,-0.000888137176815781,-3.0882890972603563,9.295923574586986,0.0048729171411037,0.004844510246184201,-0.0005253969344015498,15.15,2.4123874411300683,-1.4799043195925219,-1.905123715398418,0.27300475013022607,0.0
15.200000000000001,-0.0005416070934225754,-1.9020201235381482,9.326603190344699,0.14706457934246406,-0.10488648655210014,-0.1030864464220783,15.200000000000001,2.480604504845775,-1.127614070518996,-2.209498861151264,15.200000000000001,-0.0005817981556219936,-2.0431634172985627,9.326603190344699,0.002985828081214867,0.0010996654840313824,-0.0027759512160341147,15.200000000000001,2.280412618649075,-0.936083748692245,-2.079429952349491,0.20610737385376204,0.0
15.25,-0.00048629176882217153,-1.7246717496722705,9.357282806102411,0.15920719183813756,-0.15844378349278818,0.015572328197029375,15.25,2.355940988253734,-0.5511664905855574,-2.290561817500148,15.25,-0.0002542616828906521,-0.9017589225656735,9.357282806102411,0.002716172232596077,-0.002543076361559473,-0.0009541248431957898,15.25,2.1506072301511523,-0.397815293767331,-2.113493423321498,0.1464466094067263,0.0
15.3,-0.00035193117346008575,-1.2604685964476539,9.387962421860124,0.17076052769345595,-0.09806229131100302,0.1397960830673861,15.3,2.23303432626415,-0.0018689105694104768,-2.2330335441831743,15.3,7.459942690958156e-05,0.26718359163253846,9.387962421860124,0.004275219204900194,-0.002925115354072883,0.003117883804011067,15.3,2.02310564784972,0.10177368284108801,-2.0205441296448825,0.09549150281252565,0.0
15.350000000000001,0.00013382541339177658,0.4840204744669746,9.418642037617836,0.18034502511890765,0.04316517958408002,0.1751030992204694,15.350000000000001,2.112004426813675,0.4896252555881557,-2.0544658205895745,15.350000000000001,0.00038564063945299893,1.394787137592044,9.418642037617836,0.005925600971869486,0.00038295666607988076,0.005913213260971194,15.350000000000001,1.8980391529436904,0.5355950475431589,-1.820903778664442,0.054496737905815086,0.0
15.4,-0.0001805556780964306,-0.659437003107182,9.44932165337555,0.18724318915202484,0.16656480794920306,0.0855346516720917,15.4,1.9929692561827252,0.8993791317117413,-1.7784947662365946,15.4,0.0006615451347119018,2.4161374798834294,9.44932165337555,0.0070095929293666984,0.004887860660516368,0.005024262254182609,15.4,1.7755358056966961,0.8839120947891131,-1.539878828348691,0.024471741852423023,0.0
15.450000000000001,-0.00027753159422595633,-1.023523648977645,9.480001269133263,0.1918640678909724,0.17738096370394457,-0.07312875127562049,15.450000000000001,1.8760446759755776,1.2111734272793253,-1.4326906697918997,15.450000000000001,0.000887766577906665,3.2740419691447307,9.480001269133263,0.007314871693950577,0.0072510291975542256,0.0009643253990098538,15.450000000000001,1.6557203963468698,1.1350040494839464,-1.2054774317813166,0.0061558297024308685,0.0
15.5,-1.1673847711031142e-05,-0.043471949644916096,9.510680884890975,0.19593381064330645,0.05730130168879887,-0.1873676038646391,15.5,1.7613443306580494,1.4168845575926123,-1.0463135293002952,15.5,0.0010532651978804918,3.9222279387572163,9.510680884890975,0.006802399050260649,0.005897778325300178,-0.003389519680516165,15.5,1.5387145040749985,1.2851848400117913,-0.8461337081422977,3.749399456654644e-33,0.0
15.55,0.000538052256117214,2.0230920192596202,9.541360500648688,0.20222719901261071,-0.11478638126820684,-0.1664930229644351,15.55,1.648979601055007,1.5162603061218736,-0.6481422751022591,15.55,0.0011510023734890636,4.327802159512414,9.541360500648688,0.005555447734709368,0.0021077541169057957,-0.005140075107987637,15.55,1.42463670331214,1.3382267604760374,-0.48860912186521144,0.0,0.0
15.600000000000001,0.0011603126713363497,4.405029590464061,9.5720401164064,0.21362576634563038,-0.213248540896059,-0.012689675033652852,15.600000000000001,1.539059645119337,1.516156056593684,-0.26452864360811507,15.600000000000001,0.0011781755651529913,4.47284456635586,9.5720401164064,0.0037606262431512925,-0.001161678836137244,-0.003576704072515508,15.600000000000001,1.31360297535481,1.3042812791835316,-0.15621498530032218,0.0,0.0
15.65,0.0012982754795399403,4.976338111553769,9.602719732164113,0.23174500712230456,-0.15490870397149906,0.1723631102062952,15.65,1.4316915560684544,1.4293298424966556,0.08220044444039104,15.65,0.0011361923059445911,4.3550672898249765,9.602719732164113,0.0017505779605033582,-0.0016624992357471904,-0.0005482877774856053,15.65,1.2057274128340023,1.1984210634611687,0.1325350848340847,0.0,0.0
15.700000000000001,0.0009350022072065336,3.618358496653115,9.633399347921827,0.25607082298263756,0.03610339082206987,0.2535129415910639,15.700000000000001,1.3269806812614482,1.2729201249021267,0.37490276614110396,15.700000000000001,0.001030397972103343,3.9875298994569235,9.633399347921827,0.0012551182419203697,0.00047298262403305867,0.0011625873036310358,15.700000000000001,1.1011233524787778,1.0389473828930638,0.3647752362123234,0.0,0.0
15.75,0.0008350992067407665,3.2627195523110695,9.66407896367954,0.2842492536333692,0.23674181975260886,0.15732434322555025,15.75,1.2250311656238215,1.066744934370318,0.6022927873924153,15.75,0.0008695862027582934,3.3974597068922345,9.66407896367954,0.003020409945902989,0.0030196253908722653,6.883850745923992e-05,15.75,0.9999051511291994,0.8456145499100499,0.5336162893270134,0.0,0.0
15.8,0.0006123032522358935,2.4151150654330618,9.694758579437252,0.3130497544033582,0.3050034701781217,-0.070519727107431,15.8,1.1259468154996435,0.8315643212054632,0.759115940441172,15.8,0.00066533233801508,2.6242783248209367,9.694758579437252,0.004614535478324735,0.0035441567779575986,-0.0029551464285166827,15.8,0.9021909556258632,0.637918124823699,0.6379725593115458,0.0,0.0
15.850000000000001,-8.240295769064128e-05,-0.3281184110592286,9.725438195194965,0.33922912109706055,0.17825701663911056,-0.2886188362169178,15.850000000000001,1.0298324302399635,0.5874403691661765,0.8458537976789225,15.850000000000001,0.0004311985304390578,1.7169793490896357,9.725438195194965,0.005664815667121611,0.0013139666939180872,-0.005510320142218638,15.850000000000001,0.8081070557285992,0.4335773942107827,0.681944027576848,0.0,0.0
15.9,-6.20863441882548e-05,-0.2495671739202999,9.756117810952677,0.3600365118413437,-0.07858369481002087,-0.35135579228025765,15.9,0.9367958332356787,0.35231158089550235,0.8680224554322552,15.9,0.00018186394895515197,0.7310346964720963,9.756117810952677,0.006056031729670032,-0.002246172617174358,-0.005624075824935711,15.9,0.7177948424113065,0.24731710548543648,0.6738424779772925,0.0,0.0
15.950000000000001,0.00038152356193683326,1.5481157400518821,9.786797426710391,0.3734470709864268,-0.3106234564585133,-0.20730601324155418,15.950000000000001,0.8469509761147944,0.1408731642573264,0.8351531042473179,15.950000000000001,-6.776531499288896e-05,-0.27497266548228105,9.786797426710391,0.005773815049430275,-0.004789466713336134,-0.003224585062744151,15.950000000000001,0.6314222084331759,0.0900212207362079,0.624972147475223,0.0,0.0
16.0,0.0002681486705890921,1.0983369547329211,9.817477042468104,0.37824287582575944,-0.37292801399314446,0.06318519994484416,16.0,0.7604227352499059,-0.0361759345761524,0.7595617407706173,16.0,-0.0003034142223714775,-1.242784654833572,9.817477042468104,0.0048869292829218465,-0.004886752492457427,-4.15679412547603e-05,16.0,0.5492028158690014,-0.031704452982025955,0.5482869327455752,0.0,0.0
16.05,0.00011243224368934226,0.46485337423248996,9.848156658225816,0.37400587032471394,-0.22576720283301618,0.29817706344100725,16.05,0.6773544559643057,-0.17249177648796968,0.6550233935202046,16.05,-0.0005122172296564389,-2.117772444386294,9.848156658225816,0.003532160418117489,-0.0030046951573217623,0.0018568694706098926,16.05,0.47142985919446084,-0.11556035370368681,0.457046952502681,0.0,0.0
16.1,0.00019297584985050604,0.8053424476399699,9.878836273983529,0.36105259150623786,0.03945614004172569,0.3588902155901969,16.1,0.5979200977362931,-0.2660557588917548,0.535465009536114,16.1,-0.0006833668369129077,-2.851881836518737,9.878836273983529,0.0018989089566308563,-0.0009476986998678477,0.001645515846122935,16.1,0.3985375897810775,-0.16320556662895422,0.3635878896358244,0.0,0.0
16.150000000000002,-0.00027230463073464064,-1.1470242689790413,9.909515889741241,0.3403299608323425,0.26096687380591166,0.2184508480553764,16.150000000000002,0.5223443330188158,-0.31879290620777595,0.41378096281543897,16.150000000000002,-0.0008086098786039885,-3.4060939485043504,9.909515889741241,0.0003989395076720344,-0.00033599263223193804,0.00021508528975143523,16.150000000000002,0.3312176072509254,-0.17959702758983284,0.2782984208254246,0.0,0.0
16.2,0.00017082042692461292,0.7262478280419457,9.940195505498954,0.31329274955997805,0.3123225197059577,-0.02463717945246168,16.2,0.4509368279540162,-0.3359000998944541,0.3008573510754321,16.2,-0.0008825992621439286,-3.752395475784252,9.940195505498954,0.00156034380745392,-0.0013846733245766651,-0.0007192722583734208,16.2,0.27064293187066074,-0.1720997459157017,0.20887621699776648,0.0,0.0
16.25,0.00025980735607113213,1.1148374243911665,9.970875121256668,0.2817887440859897,0.18144239207799037,-0.2156004514155205,16.25,0.38415246115393903,-0.3249651178242724,0.20486772710235593,16.25,-0.0009030767205135582,-3.875116318297436,9.970875121256668,0.0028950128029636476,-0.0028945801497835227,-5.004883417856457e-05,16.25,0.21888168752928253,-0.14946545985313378,0.159903938183391,0.0,0.0
16.3,-0.000270530516438535,-1.1715992224746363,,,,,16.3,0.3226993536026752,-0.2949684246030282,0.13087590038961375,16.3,-0.0008708811179913546,-3.7715657890977052,,,,,16.3,0.17947776460685336,-0.1207812186601438,0.13275603642487824,0.0,
16.35,-0.00041546493315488235,-1.8158820871003907,,,,,16.35,0.2677312800771911,-0.2552624864826365,0.08075333631790804,16.35,-0.000789788369339227,-3.451946092279909,,,,,16.35,0.1573449159416998,-0.0944845632701918,0.12581768506987284,0.0,
16.400000000000002,1.1545838943688466e-05,0.05092804901362899,,,,,16.400000000000002,0.22115984592670604,-0.21461824410595012,0.053391822849600847,16.400000000000002,-0.0006661973567702074,-2.938559233661407,,,,,16.400000000000002,0.15565346095373617,-0.0775291965135588,0.13497119542642516,0.0,
16.45,0.00011528411865945862,0.5131770083365341,,,,,16.45,0.18598438860992844,-0.1804161620939401,0.04516858711429895,16.45,-0.0005086835927688385,-2.264359803956177,,,,,16.45,0.1714460538952492,-0.07476585582545726,0.1542848540814672,0.0,
16.5,0.0001933746402583529,0.8686630558705536,,,,,16.5,0.1659449200148304,-0.15804141181210635,0.050602654388526694,16.5,-0.0003274484801692631,-1.470939503980351,,,,,16.5,0.1977716843528002,-0.08857954216585472,0.1768256311778109,0.0,
,,,,,,,16.55,0.1632233923473926,-0.15052104219496099,0.06312916652335622,,,,,,,,16.55,0.22877460906244654,-0.11879859601080121,0.19551141996706403,,
,,,,,,,16.6,0.17566706912525154,-0.1584174801540315,0.07591324757051919,,,,,,,,16.6,0.26097656602082386,-0.16286567782303013,0.2039204232029406,,
,,,,,,,16.650000000000002,0.19803079644011193,-0.17996944393548342,0.0826268454453995,,,,,,,,16.650000000000002,0.29250912793221107,-0.21623769414079105,0.19698438911836724,,
,,,,,,,16.7,0.2254195957510449,-0.21145028500637714,0.07812023501812046,,,,,,,,16.7,0.32237180801285675,-0.2729629746594176,0.17150742568926952,,
,,,,,,,16.75,0.25461094698011577,-0.24769654659338353,0.05893348053376035,,,,,,,,16.75,0.3500186005865936,-0.32637094611678064,0.1264714445534438,,
,,,,,,,16.8,0.28373146780523417,-0.28274738190088994,0.023610672398407896,,,,,,,,16.8,0.37514963945878005,-0.36980299689205554,0.06311097745802252,,
,,,,,,,16.85,0.3117181897816958,-0.3105291630675124,-0.02720052803472064,,,,,,,,16.85,0.39760550124132327,-0.39731340536417326,-0.015237865181450578,,
,,,,,,,16.900000000000002,0.3379624839695369,-0.32551935386576936,-0.09086138249923068,,,,,,,,16.900000000000002,0.4173114817511522,-0.4042757409163535,-0.10348912072230423,,
,,,,,,,16.95,0.3621125651046071,-0.3233292129720622,-0.16304517731446452,,,,,,,,16.95,0.4342468258672544,-0.3878421283206199,-0.1953171504899591,,
,,,,,,,17.0,0.38396711808705297,-0.30115536598080667,-0.23819360468543915,,,,,,,,17.0,0.4484269301856946,-0.34721885189506385,-0.2837706478909325,,
,,,,,,,17.05,0.40341697607062366,-0.25806457433160457,-0.31007730013177986,,,,,,,,17.05,0.45989258454813325,-0.2837403290650082,-0.36192901926267634,,
,,,,,,,17.1,0.42041205525592307,-0.19509271071913423,-0.37240452525280826,,,,,,,,17.1,0.4687031920839646,-0.20074273030683434,-0.42353870956342987,,
,,,,,,,17.150000000000002,0.43494188782014237,-0.11515646133691615,-0.41942035619758444,,,,,,,,17.150000000000002,0.4749323244716953,-0.10325671493057215,-0.4635717459572296,,
,,,,,,,17.2,0.44702371929195706,-0.022793057709763104,-0.4464422494901819,,,,,,,,17.2,0.4786646962291127,0.002445682315158432,-0.47865844822182135,,
,,,,,,,17.25,0.45669496059249143,0.07624202603099997,-0.45028595414166056,,,,,,,,17.25,0.47999402967396204,0.10940330521600948,-0.4673598028612014,,
,,,,,,,17.3,0.4640082313892064,0.17547815972568767,-0.4295474994179635,,,,,,,,17.3,0.47902149680971895,0.21056364058568228,-0.4302610227165914,,
,,,,,,,17.35,0.46902799423121005,0.26828500857473925,-0.38472121535808773,,,,,,,,17.35,0.47585454736896204,0.2993706916627074,-0.3698847647918361,,
,,,,,,,17.400000000000002,0.47182819421714617,0.3484293402303272,-0.3181490841176066,,,,,,,,17.400000000000002,0.47060600516991746,0.370290857773225,-0.29043879346870594,,
,,,,,,,17.45,0.47249055230147835,0.4105841824410439,-0.23381178572385025,,,,,,,,17.45,0.4633933597735385,0.4192325588434685,-0.19742711943338942,,
,,,,,,,17.5,0.4711032955573043,0.45074754076439155,-0.13698528964748735,,,,,,,,17.5,0.4543382091956725,0.443826816201502,-0.09716463119658733,,
,,,,,,,17.55,0.4677601884342903,0.4665375793704022,-0.03379764665310895,,,,,,,,17.55,0.44356582898435293,0.44354991040324443,0.0037578749114460246,,
,,,,,,,17.6,0.4625597787127286,0.4573433382855551,0.06927207091312283,,,,,,,,17.6,0.43120485742733333,0.41968422166007524,0.0990090054414431,,
,,,,,,,17.650000000000002,0.4556048034247022,0.42432353380029025,0.16590743071633504,,,,,,,,17.650000000000002,0.41738709867930834,0.375128020949616,0.18300534976430366,,
,,,,,,,17.7,0.4470017208923301,0.3702595288688075,0.25043645853300456,,,,,,,,17.7,0.4022474571593685,0.31407801189231055,0.2513125926748431,,
,,,,,,,17.75,0.43686034959899184,0.29928097843478646,0.31824182785873745,,,,,,,,17.75,0.385924029403897,0.24161872006765409,0.3009281485408245,,
,,,,,,,17.8,0.42529360557525003,0.2164929111022251,0.3660675762556422,,,,,,,,17.8,0.368558395531876,0.1632595767519528,0.33042639349150665,,
,,,,,,,17.85,0.4124173391494763,0.12754029740626954,0.3922008849666896,,,,,,,,17.85,0.3502961739153348,0.08446329204344623,0.339960823856082,,
,,,,,,,17.900000000000002,0.39835028061866945,0.03814996444694153,0.3965192634433664,,,,,,,,17.900000000000002,0.33128793270858853,0.010207783339782823,0.33113063210403587,,
,,,,,,,17.95,0.3832141137863517,-0.0463101378061065,0.38040561002887213,,,,,,,,17.95,0.3116905949845849,-0.055381182904361864,0.3067310737143502,,
,,,,,,,18.0,0.36713370755826535,-0.12121768639408337,0.34654499236137226,,,,,,,,18.0,0.2916695363590709,-0.10929773669354946,0.27041657344471864,,
,,,,,,,18.05,0.35023755023645675,-0.18299856213832544,0.29862663620470964,,,,,,,,18.05,0.2714016625916999,-0.1498056576731343,0.2263120133502829,,
,,,,,,,18.1,0.3326584504993678,-0.22932387543665142,0.24098175209620237,,,,,,,,18.1,0.25107987655439234,-0.17646347894526207,0.178610596015757,,
,,,,,,,18.150000000000002,0.31453459543657236,-0.2591903619039525,0.1781919415196612,,,,,,,,18.150000000000002,0.23091949751103735,-0.19003008450127473,0.13119596531596683,,
,,,,,,,18.2,0.2960110919667662,-0.2728838779063697,0.11470377389667201,,,,,,,,18.2,0.21116734700232856,-0.19226673369956773,0.08732211376565131,,
,,,,,,,18.25,0.277242165975518,-0.27183606384298553,0.05448277699556952,,,,,,,,18.25,0.19211423483372622,-0.185660275997976,0.04937753681689158,,
,,,,,,,18.3,0.25839425426793433,-0.2583932092504389,0.000734882263216878,,,,,,,,18.3,0.17411108711967296,-0.17309845469725194,0.018750883696982718,,
,,,,,,,18.35,0.23965029215568187,-0.23552320673455152,-0.044284101207740234,,,,,,,,18.35,0.15758702993599735,-0.15753118259383792,-0.004195058359048583,,
,,,,,,,18.400000000000002,0.22121555006292523,-0.20649069786092641,-0.07935938058320628,,,,,,,,18.400000000000002,0.1430625773605339,-0.14165135593835193,-0.020044809848563643,,
,,,,,,,18.45,0.20332533610257747,-0.17453182637909476,-0.10430644218840758,,,,,,,,18.45,0.13114070800396382,-0.12762531697327226,-0.03016063267328267,,
,,,,,,,18.5,0.1862545856571148,-0.1425584259292363,-0.11986603303222297,,,,,,,,18.5,0.12244602184434392,-0.11689692476582368,-0.036443617353370726,,
,,,,,,,18.55,0.1703284308854429,-0.11291724414074848,-0.12752047029224642,,,,,,,,18.55,0.11748687753978226,-0.11008102724591978,-0.04105281761987673,,
,,,,,,,18.6,0.15593061735801114,-0.0872234330474295,-0.12925335646346314,,,,,,,,18.6,0.11647009012040654,-0.10695278476750968,-0.046112728428606066,,
,,,,,,,18.650000000000002,0.1435023516987396,-0.06627968185211935,-0.12727894058582745,,,,,,,,18.650000000000002,0.11918194616816358,-0.10652969670405535,-0.053439311490446964,,
,,,,,,,18.7,0.1335183027528274,-0.05008380570084746,-0.12376893623407868,,,,,,,,18.7,0.12504075287925104,-0.10723423862775146,-0.06431180254460594,,
,,,,,,,18.75,0.1264241904330097,-0.03791914191077607,-0.12060354307976333,,,,,,,,18.75,0.13328380578246482,-0.10711754716407877,-0.07931206701006578,,
,,,,,,,18.8,0.12253386104378061,-0.028514512892982624,-0.11916991926141624,,,,,,,,18.8,0.14315402680975411,-0.10411924627731346,-0.09824590549479374,,
,,,,,,,18.85,0.12192002663959049,-0.020254455901053278,-0.12022582880542244,,,,,,,,18.85,0.15400365103569746,-0.09633572603558413,-0.12015220522954106,,
,,,,,,,18.900000000000002,0.12436433297965223,-0.01141639390402228,-0.12383922346212455,,,,,,,,18.900000000000002,0.16532065593681095,-0.08226914319287075,-0.1433970270183045,,
,,,,,,,18.95,0.12940745268773024,-0.00040972699354647476,-0.12940680405186544,,,,,,,,18.95,0.1767152949265186,-0.06103203079054629,-0.16584145042343382,,
,,,,,,,19.0,0.1364676682283775,0.01400746517525154,-0.13574687985752978,,,,,,,,19.0,0.18789490676532217,-0.03248735398872583,-0.18506503672806576,,
,,,,,,,19.05,0.14495786025517438,0.0325554493653655,-0.14125481926779626,,,,,,,,19.05,0.19863993559986518,0.002689403972371943,-0.19862172872420575,,
,,,,,,,19.1,0.1543573150902777,0.05532005214605813,-0.1441036868107013,,,,,,,,19.1,0.20878496019086631,0.043031685856938555,-0.20430230937072488,,
,,,,,,,19.150000000000002,0.16423737528303903,0.08171024073821684,-0.14246877552068893,,,,,,,,19.150000000000002,0.21820477416439565,0.08638420062951861,-0.20037737734019273,,
,,,,,,,19.200000000000003,0.17425907874770094,0.11048919776085012,-0.13475297289544744,,,,,,,,19.200000000000003,0.2268044852035633,0.13007577409864576,-0.18579711381259786,,
,,,,,,,19.25,0.18415945271557974,0.1398748635389248,-0.11979034424555682,,,,,,,,19.25,0.2345125388802562,0.1711457323037287,-0.16032862877940454,,
,,,,,,,19.3,0.193735885994079,0.16769933192724715,-0.09700787387148407,,,,,,,,19.3,0.2412757917905713,0.20660199682214633,-0.12461790647121686,,
,,,,,,,19.35,0.20283243004686788,0.19161105595746092,-0.06652967693882428,,,,,,,,19.35,0.24705600010053444,0.23368638703179656,-0.08017069103918623,,
,,,,,,,19.400000000000002,0.21132898414286827,0.20930001792986078,-0.029213730220850415,,,,,,,,19.400000000000002,0.25182728335104604,0.25012229700115696,-0.02925435322876014,,
,,,,,,,19.450000000000003,0.21913315762394364,0.21872415253652377,0.01338229679164277,,,,,,,,19.450000000000003,0.25557426311098086,0.25432191713826346,0.025269871939507655,,
,,,,,,,19.5,0.22617427419176375,0.21831550336756136,0.05910281969195237,,,,,,,,19.5,0.25829067249408993,0.2455342599419297,0.0801685642394705,,
,,,,,,,19.55,0.23239898272730558,0.207146773478158,0.10535417129983597,,,,,,,,19.55,0.259978297946864,0.22392099438513194,0.1320912702525118,,
,,,,,,,19.6,0.2377680373183752,0.1850428505947626,0.1493076790188523,,,,,,,,19.6,0.26064615891114046,0.19055392113848119,0.17783594488708118,,
,,,,,,,19.650000000000002,0.24225391741042682,0.1526271458819221,0.18812738992670994,,,,,,,,19.650000000000002,0.2603098609978199,0.1473351718117688,0.21460095731357043,,
,,,,,,,19.700000000000003,0.24583904971651965,0.11129866930968402,0.2192018352464573,,,,,,,,19.700000000000003,0.25899107896968615,0.09684820812686,0.2402015894379107,,
,,,,,,,19.75,0.24851446232026544,0.06314209995149463,0.24035913378951526,,,,,,,,19.75,0.25671714033248066,0.04215379133938032,0.253232596669944,,
,,,,,,,19.8,0.2502787513027989,0.010779113315692696,0.2500465238107015,,,,,,,,19.8,0.25352069082450046,-0.01345025213992301,0.25316364548154313,,
,,,,,,,19.85,0.2511372757116559,-0.04282563757913912,0.2474588774277708,,,,,,,,19.85,0.24943943103752622,-0.06668381943458401,0.24036076631168532,,
,,,,,,,19.900000000000002,0.25110152178133904,-0.09458667023360963,0.23260553745563042,,,,,,,,19.900000000000002,0.24451591982158197,-0.11453144689066362,0.21603375365744446,,
,,,,,,,19.950000000000003,0.2501885951174511,-0.14152854078785979,0.20631045845837043,,,,,,,,19.950000000000003,0.23879744578291945,-0.15446021217428893,0.1821160700419378,,
,,,,,,,20.0,0.24842081232912067,-0.18100561866748058,0.17014660152075559,,,,,,,,20.0,0.23233597369004041,-0.1845906608366399,0.141089661571611,,
,,,,,,,20.05,0.24582537294281834,-0.21089232968573446,0.12631127923585925,,,,,,,,20.05,0.22518817849853484,-0.20380752290557447,0.09577165208234498,,
,,,,,,,20.1,0.24243409948762967,-0.2297284168206638,0.07745416127910289,,,,,,,,20.1,0.2174155865179314,-0.21180278413931733,0.049082765730649826,,
,,,,,,,20.150000000000002,0.23828323921577657,-0.23680805718645315,0.026473498876056083,,,,,,,,20.150000000000002,0.20908485150453546,-0.20904998349485168,0.003818315004801083,,
,,,,,,,20.200000000000003,0.23341332560310038,-0.23220684552243723,-0.023701507581120915,,,,,,,,20.200000000000003,0.2002682036826441,-0.19671482746977725,-0.03755835539275911,,
,,,,,,,20.25,0.22786910201029323,-0.21674622050446085,-0.07032356324880766,,,,,,,,20.25,0.19104412222500278,-0.17651277180058547,-0.0730828162292357,,
,,,,,,,20.3,0.22169951403157548,-0.19190035929116545,-0.11101768609441624,,,,,,,,20.3,0.18149829639488071,-0.1505286266732361,-0.1014039651399958,,
,,,,,,,20.35,0.21495778140081062,-0.1596554111317141,-0.143934003908465,,,,,,,,20.35,0.17172495583588254,-0.12101611882773941,-0.12183825113939489,,
,,,,,,,20.400000000000002,0.207701565086806,-0.1223347635279692,-0.16785155874183766,,,,,,,,20.400000000000002,0.16182866167090176,-0.09019647064869316,-0.13436187115664408,,
,,,,,,,20.450000000000003,0.19999325050608996,-0.08240651932973886,-0.18222641361764497,,,,,,,,20.450000000000003,0.15192664551734197,-0.06007437939084927,-0.13954488367172904,,
,,,,,,,20.5,0.19190037352064146,-0.04229032509688559,-0.18718248251522213,,,,,,,,20.5,0.14215173773352657,-0.03228741545617143,-0.1384364090253063,,
,,,,,,,20.55,0.1834962215447089,-0.004180088208002683,-0.18344860365715027,,,,,,,,20.55,0.1326557881930117,-0.008001077760462253,-0.13241427753750806,,
,,,,,,,20.6,0.17486064625769687,0.030102946067824966,-0.1722499876565947,,,,,,,,20.6,0.12361316171342994,0.012143057583409906,-0.12301528320219636,,
,,,,,,,20.650000000000002,0.16608112400547234,0.059215584347965665,-0.15516589290578664,,,,,,,,20.650000000000002,0.11522325248745874,0.02802400114649304,-0.11176338073595493,,
,,,,,,,20.700000000000003,0.15725408871334526,0.08234956104558075,-0.1339678999337708,,,,,,,,20.700000000000003,0.10770989117393051,0.03998609643811477,-0.10001266293995845,,
,,,,,,,20.75,0.14848652828179462,0.09923759718483179,-0.11045428188242075,,,,,,,,20.75,0.101314147381553,0.04873999724395873,-0.08881986899511808,,
,,,,,,,20.8,0.13989775854597017,0.11011105917195625,-0.08629564006493327,,,,,,,,20.8,0.09627624022007356,0.055231970602787436,-0.07885774441515642,,
,,,,,,,20.85,0.13162113699173222,0.1156159638982621,-0.06290526682935295,,,,,,,,20.85,0.09280411954189849,0.060496284119930514,-0.07037616223997745,,
,,,,,,,20.900000000000002,0.12380521045045814,0.11669762916767747,-0.04134481202430922,,,,,,,,20.900000000000002,0.09103292807181408,0.06550659980970036,-0.06321296840601491,,
,,,,,,,20.950000000000003,0.11661337686633537,0.11446674067532302,-0.022272066436195604,,,,,,,,20.950000000000003,0.09098925673105812,0.07104188772081511,-0.05685151738989475,,
,,,,,,,21.0,0.1102206226799787,0.11006080277272708,-0.005933410232328987,,,,,,,,21.0,0.0925782180340459,0.07758046989555364,-0.050517295505048916,,
,,,,,,,21.05,0.1048055080838248,0.10451478725950789,0.007800882565996876,,,,,,,,21.05,0.09560173218475486,0.08523262697698002,-0.04330231512666004,,
,,,,,,,21.1,0.1005358648984716,0.09865334629430987,0.019364333084790502,,,,,,,,21.1,0.09979882005515181,0.09371808008820366,-0.03430343931709495,,
,,,,,,,21.150000000000002,0.0975484060897567,0.09301438456944722,0.029394145570488382,,,,,,,,21.150000000000002,0.10488907563781086,0.10239001533380376,-0.022759678119381156,,
,,,,,,,21.200000000000003,0.0959258501431298,0.08781036416232205,0.03861487629609326,,,,,,,,21.200000000000003,0.11060504734604087,0.11030260410015548,-0.008173862437324547,,
,,,,,,,21.25,0.09567873669673908,0.08292978710360752,0.047718665811548606,,,,,,,,21.25,0.11670965342402914,0.11631464283235772,0.009594116172845219,,
,,,,,,,21.3,0.0967396440062354,0.07797724841557244,0.057254759208202624,,,,,,,,21.3,0.123001786041329,0.11921839891003863,0.0302723096357674,,
,,,,,,,21.35,0.0989730194898313,0.07234666117533949,0.06753976016921552,,,,,,,,21.35,0.1293150442387074,0.11788032909878389,0.05316586007976605,,
,,,,,,,21.400000000000002,0.10219678326087357,0.06531907662631144,0.07859771458227029,,,,,,,,21.400000000000002,0.13551348239889155,0.11137924607723904,0.07719175768915047,,
,,,,,,,21.450000000000003,0.10620750511422984,0.05617424284051543,0.09013594501575917,,,,,,,,21.450000000000003,0.1414866531247919,0.09912782900373537,0.10095616142396355,,
,,,,,,,21.5,0.11080179378232995,0.044303860942218956,0.101558876574106,,,,,,,,21.5,0.14714501386717602,0.08096505305085817,0.12286706348913505,,
,,,,,,,21.55,0.11579046486328927,0.029314497917123893,0.11201826621191548,,,,,,,,21.55,0.15241607043376376,0.05720996972172393,0.1412716457429072,,
,,,,,,,21.6,0.12100567529439193,0.011109276460466182,0.12049463651954284,,,,,,,,21.6,0.1572412958294144,0.028671015743635026,0.15460529735536763,,
,,,,,,,21.650000000000002,0.12630296203862962,-0.010060346012543709,0.12590165867787212,,,,,,,,21.650000000000002,0.16157373048324247,-0.003390704478666756,0.16153814876186315,,
,,,,,,,21.700000000000003,0.13156030507160066,-0.033578400043358034,0.12720300672964005,,,,,,,,21.700000000000003,0.165376135266618,-0.037341340406901354,0.16110521534804098,,
,,,,,,,21.75,0.1366758123187217,-0.058486012824749835,0.12353001245383906,,,,,,,,21.75,0.16861957503736816,-0.07129052531744376,0.15280779458439134,,
,,,,,,,21.8,0.14156500534413968,-0.08353930925900382,0.11428838325313215,,,,,,,,21.8,0.17128233041344323,-0.10323362948076498,0.13667645904137285,,
,,,,,,,21.85,0.14615821298589124,-0.10729861031639475,0.0992432942188016,,,,,,,,21.85,0.17334905726719496,-0.13120735437079803,0.11328956622055299,,
,,,,,,,21.900000000000002,0.1503982867781813,-0.12824093442933313,0.07857421588856957,,,,,,,,21.900000000000002,0.17481013266678225,-0.15344479221258778,0.08374531763515959,,
,,,,,,,21.950000000000003,0.15423869327719977,-0.14488558414768724,0.05289368591846813,,,,,,,,21.950000000000003,0.17566114158088553,-0.16851618017592473,0.049589652957196396,,
,,,,,,,22.0,0.1576419633939345,-0.15592134944833744,0.023227600153783036,,,,,,,,22.0,0.17590247080697255,-0.1754429540767297,0.012706262268202704,,
,,,,,,,22.05,0.16057844994868078,-0.16032368459039145,-0.009041833181477367,,,,,,,,22.05,0.17553898589291844,-0.17377520649983827,-0.02482162714756598,,
,,,,,,,22.1,0.1630253387367925,-0.1574511196452219,-0.0422658963315811,,,,,,,,22.1,0.17457977395703062,-0.16362603034726766,-0.06086558689179745,,
,,,,,,,22.150000000000002,0.1649658626014989,-0.14711205353603318,-0.07464435362616466,,,,,,,,22.150000000000002,0.17303794085612553,-0.14566015508578734,-0.09340903701522876,,
,,,,,,,22.200000000000003,0.16638867579722777,-0.12959575636210943,-0.10435579220382421,,,,,,,,22.200000000000003,0.1709304555843392,-0.1210383879339816,-0.12069353459325288,,
,,,,,,,22.25,0.16728735422639904,-0.10566462847512972,-0.12969211685095403,,,,,,,,22.25,0.16827803849189557,-0.09132327424457667,-0.14134198887779148,,
,,,,,,,22.3,0.1676599946783705,-0.07650822031974693,-0.14918567638703217,,,,,,,,22.3,0.16510509320448707,-0.05835473434971121,-0.1544487513094133,,
,,,,,,,22.35,0.16750889260230875,-0.04366289168888877,-0.1617182147756281,,,,,,,,22.35,0.1614396852588105,-0.024106920403450232,-0.1596296600420032,,
,,,,,,,22.400000000000002,0.16684028321180838,-0.008903975741861352,-0.16660251894309633,,,,,,,,22.400000000000002,0.15731357366762158,0.009461046481087573,-0.15702881601655444,,
,,,,,,,22.450000000000003,0.16566413500806385,0.025880353545768245,-0.16363011009076553,,,,,,,,22.450000000000003,0.15276230507280658,0.040547560767792055,-0.14728277960080546,,
,,,,,,,22.5,0.16399398832306153,0.05882283309313317,-0.15308135912971846,,,,,,,,22.5,0.14782538397153808,0.06763227998259083,-0.13144663879570717,,
,,,,,,,22.55,0.16184683442091127,0.08820729970171465,-0.1356977158665604,,,,,,,,22.55,0.14254653674417922,0.08957118156512651,-0.11088966845827784,,
,,,,,,,22.6,0.15924303322585892,0.11258463288284383,-0.11261902179297816,,,,,,,,22.6,0.1369740916995137,0.10565583849024586,-0.08717078403817342,,
,,,,,,,22.650000000000002,0.15620627001002077,0.13086520615072073,-0.08529183202143613,,,,,,,,22.650000000000002,0.1311615014737402,0.11563326036972096,-0.061905480897205475,,
,,,,,,,22.700000000000003,0.15276355347700923,0.14238083131328894,-0.055357042419730336,,,,,,,,22.700000000000003,0.12516803639503202,0.11968632723006999,-0.0366363263601124,,
,,,,,,,22.75,0.14894525967970673,0.14691198493742183,-0.02452670101750363,,,,,,,,22.75,0.11905967471497421,0.11837841990115315,-0.012718327128271839,,
,,,,,,,22.8,0.14478522810755431,0.14467922031543584,0.005539448264413727,,,,,,,,22.8,0.11291020176454648,0.11256899395684007,0.008771274824989812,,
,,,,,,,22.85,0.14032091796368892,0.13630080379501266,0.03334742723218354,,,,,,,,22.85,0.10680249390663074,0.10330927090352471,0.027091829950338164,,
,,,,,,,22.900000000000002,0.1355936338434232,0.12272148710166593,0.057663421182062816,,,,,,,,22.900000000000002,0.10082988586168158,0.09172872127446932,0.04186296186643336,,
,,,,,,,22.950000000000003,0.1306488301431072,0.10511968308342136,0.0775820149661217,,,,,,,,22.950000000000003,0.09509737406392575,0.07892347110311583,0.05305276866375455,,
,,,,,,,23.0,0.12553650149508613,0.08480194963379051,0.09256372154323647,,,,,,,,23.0,0.08972216356933423,0.06585715807086819,0.06093358159825374,,
,,,,,,,23.05,0.12031166045997024,0.06309447403748732,0.10244014344273443,,,,,,,,23.05,0.08483271311202277,0.05328317884544737,0.06601130256305225,,
,,,,,,,23.1,0.11503489051192212,0.041241137076087335,0.10738805635526366,,,,,,,,23.1,0.08056504866508181,0.041694877700316546,0.06893666832653465,,
,,,,,,,23.150000000000002,0.10977293725046515,0.020316756190531256,0.1078764440018722,,,,,,,,23.150000000000002,0.0770549638108513,0.03130727395629983,0.07040825267904889,,
,,,,,,,23.200000000000003,0.10459925710938178,0.0011623721363689969,0.1045927984081655,,,,,,,,23.200000000000003,0.07442530967690472,0.022070705711754186,0.07107749763383844,,
,,,,,,,23.25,0.09959437291218631,-0.01565286672398006,0.09835663108856946,,,,,,,,23.25,0.07276940065089182,0.013713592830771794,0.0714655374482122,,
,,,,,,,23.3,0.0948457842266563,-0.029841325537246197,0.09002898464244469,,,,,,,,23.3,0.07213437228147646,0.005808695947739688,0.07190011624350374,,
,,,,,,,23.35,0.09044705371686369,-0.04137886107649072,0.08042673300634377,,,,,,,,23.35,0.07251039327217848,-0.0021449657667659866,0.07247866068261326,,
,,,,,,,23.400000000000002,0.08649557250816192,-0.0504625900234321,0.07024963396090905,,,,,,,,23.400000000000002,0.07383058520215904,-0.010633776288877052,0.07306078368818242,,
,,,,,,,23.450000000000003,0.08308848035731413,-0.05745005806018472,0.06002654743502396,,,,,,,,23.450000000000003,0.07598203482165306,-0.020044470077772346,0.07329044163422804,,
,,,,,,,23.5,0.08031641594234379,-0.06278699951085882,0.05008512116634029,,,,,,,,23.5,0.07882342666836856,-0.030591577335624485,0.07264494468207806,,
,,,,,,,23.55,0.07825533416327791,-0.0669317237422639,0.04054678386623972,,,,,,,,23.55,0.08220307791087232,-0.04226518680501955,0.07050531896500963,,
,,,,,,,23.6,0.0769575368463881,-0.07028421552298457,0.03134631598420838,,,,,,,,23.6,0.08597293431576859,-0.054804702252264845,0.06624039587671603,,
,,,,,,,23.650000000000002,0.07644397919143164,-0.07312730509735547,0.02227283555855254,,,,,,,,23.650000000000002,0.08999711206585598,-0.06770159179108169,0.0592956545553549,,
,,,,,,,23.700000000000003,0.07670019929419844,-0.07558583617063148,0.01302696979946661,,,,,,,,23.700000000000003,0.09415574272803745,-0.08023118368820815,0.0492773888579476,,
,,,,,,,23.75,0.07767738407231488,-0.07760778651192196,0.003287471526547659,,,,,,,,23.75,0.09834566781828795,-0.09151063519198172,0.036023242849375386,,
,,,,,,,23.8,0.07929837042493434,-0.07896897534559463,-0.007220282883444949,,,,,,,,23.8,0.10247941208087973,-0.10057757360731578,0.019651503446498304,,
,,,,,,,23.85,0.08146674675100714,-0.07930055224566175,-0.018661544408912253,,,,,,,,23.85,0.10648342993055375,-0.10648183056493296,0.0005836174398157997,,
,,,,,,,23.900000000000002,0.08407657630199424,-0.0781361393873752,-0.031042139170838923,,,,,,,,23.900000000000002,0.11029620235999668,-0.10838135521296398,-0.020462993359688663,,
,,,,,,,23.950000000000003,0.08702073940139309,-0.07497351347105621,-0.04417670612178458,,,,,,,,23.950000000000003,0.11386646839658791,-0.10563292106768853,-0.04251186436535855,,
,,,,,,,24.0,0.0901969179244838,-0.06934425090235291,-0.05767892916713688,,,,,,,,24.0,0.11715170115799384,-0.09786867234405125,-0.0643913352697755,,
,,,,,,,24.05,0.09351117353629607,-0.06088395330156368,-0.07097523375451674,,,,,,,,24.05,0.12011684777340136,-0.08505084077386955,-0.08481987740309675,,
,,,,,,,24.1,0.09687959406342074,-0.04939558973288254,-0.08334105507391862,,,,,,,,24.1,0.12273331133222316,-0.0674989750367638,-0.10250538561245821,,
,,,,,,,24.150000000000002,0.10022862641870353,-0.03489913740483104,-0.0939565205942555,,,,,,,,24.150000000000002,0.12497813853468692,-0.04588656668339322,-0.11624955100819058,,
,,,,,,,24.200000000000003,0.10349463974700616,-0.01766200576352701,-0.10197643849817332,,,,,,,,24.200000000000003,0.12683337514159562,-0.02120678562439455,-0.1250478999955205,,
,,,,,,,24.25,0.10662311263022052,0.0017934394772778142,-0.10660802841155084,,,,,,,,24.25,0.1282855552287066,0.005290112758782048,-0.12817643460221892,,
,,,,,,,24.3,0.10956769410369971,0.022706753327572462,-0.10718900570731445,,,,,,,,24.3,0.12932529592465952,0.032182544722235897,-0.1252569997293646,,
,,,,,,,24.35,0.11228927928297255,0.04411986569678706,-0.10325850905754393,,,,,,,,24.35,0.1299469750470911,0.057979240794236844,-0.11629541676615301,,
,,,,,,,24.400000000000002,0.1147551685022973,0.06493804154161029,-0.09461394959904562,,,,,,,,24.400000000000002,0.13014847417845735,0.08122806075709496,-0.10168887587451378,,
,,,,,,,24.450000000000003,0.1169383359209522,0.08400631604962637,-0.08134809937381295,,,,,,,,24.450000000000003,0.12993097406619225,0.10062264021838217,-0.08220183877062325,,
,,,,,,,24.5,0.11881681018179119,0.10019488312907787,-0.0638625068136714,,,,,,,,24.5,0.12929879283595577,0.11509775754927228,-0.058912511709859595,,
,,,,,,,24.55,0.12037315840077785,0.11248602942906558,-0.04285545993992069,,,,,,,,24.55,0.12825926050069145,0.1239053664673904,-0.0331345448854502,,
,,,,,,,24.6,0.12159406037563762,0.120055003099539,-0.019285013596155122,,,,,,,,24.6,0.12682262578268683,0.12666501636035765,-0.006320762679119586,,
,,,,,,,24.650000000000002,0.12246995920088576,0.12233770069783415,0.005690157698497798,,,,,,,,24.650000000000002,0.12500199348675037,0.1233847074097514,0.020042763109701663,,
,,,,,,,24.700000000000003,0.12299477557207746,0.1190791965992607,0.03078733108439771,,,,,,,,24.700000000000003,0.12281329270256076,0.11445087992149082,0.044543248081402344,,
,,,,,,,24.75,0.123165674904736,0.11035881733521495,0.0546874291872618,,,,,,,,24.75,0.12027527808864434,0.10058896889521309,0.06593938016010299,,
,,,,,,,24.8,0.12298287843710276,0.0965895205158672,0.07612655854030226,,,,,,,,24.8,0.11740956849449206,0.08279851383425198,0.08324309509444015,,
,,,,,,,24.85,0.12244951147175412,0.0784915833357415,0.0939837975670253,,,,,,,,24.85,0.11424072927653572,0.0622689678673148,0.09577849375707495,,
,,,,,,,24.900000000000002,0.12157148373658459,0.057042832993722196,0.10735800325064251,,,,,,,,24.900000000000002,0.11079640687108008,0.04028390823086631,0.10321361592924193,,
,,,,,,,24.950000000000003,0.12035739848851087,0.033409658717414734,0.1156274105707988,,,,,,,,24.950000000000003,0.1071075264164418,0.018122179117082842,0.10556329304780684,,
,,,,,,,25.0,0.11881848845835986,0.008864653206791613,0.11848734583512585,,,,,,,,25.0,0.10320856519029495,-0.0030354653271853463,0.10316391752394254,,
,,,,,,,25.05,0.11696857806918737,-0.015302200142725847,0.11596331715814075,,,,,,,,25.05,0.09913791571179871,-0.022186394010396942,0.09662344566664516,,
,,,,,,,25.1,0.11482407257475179,-0.037871437961897264,0.10839890142132452,,,,,,,,25.1,0.09493835126826718,-0.03856642491716851,0.08675206862458837,,
,,,,,,,25.150000000000002,0.11240397586303334,-0.05777398829587882,0.0964200190116401,,,,,,,,25.150000000000002,0.09065760095319317,-0.05168605163065218,0.07448055234369552,,
,,,,,,,25.200000000000003,0.10972993961951348,-0.07415671287365101,0.08087917893176808,,,,,,,,25.200000000000003,0.08634902679548694,-0.061340522073477406,0.060774129202160944,,
,,,,,,,25.25,0.10682634725462306,-0.086428719041522,0.06278491054868969,,,,,,,,25.25,0.08207236523294353,-0.06759419367750155,0.046549952911019016,,
,,,,,,,25.3,0.10372043627981878,-0.09428533427791823,0.04322273293276544,,,,,,,,25.3,0.0778944386758562,-0.07074195650010813,0.03260550823347998,,
,,,,,,,25.35,0.10044246232133112,-0.09770866553450017,0.0232745551330031,,,,,,,,25.35,0.07388964747493303,-0.07125255849891603,0.019564071951626676,,
,,,,,,,25.400000000000002,0.09702590609995546,-0.09694574118376231,0.003943313435214935,,,,,,,,25.400000000000002,0.0701399089810688,-0.06970020021645086,0.007841487209661114,,
,,,,,,,25.450000000000003,0.0935077205261409,-0.09246716522584102,-0.013911044284736149,,,,,,,,25.450000000000003,0.06673352907111325,-0.06669165568860076,-0.0023636759080389105,,
,,,,,,,25.5,0.08992860710334742,-0.08491082840457624,-0.029619344948814068,,,,,,,,25.5,0.06376233434607533,-0.06279635164264885,-0.01105683054195417,,
,,,,,,,25.55,0.08633329702017078,-0.0750163781821752,-0.04273150101274117,,,,,,,,25.55,0.06131641063313815,-0.058486295828459864,-0.018413457393914243,,
,,,,,,,25.6,0.08277078999481156,-0.06355675318065909,-0.05302398326698947,,,,,,,,25.6,0.0594762174434532,-0.054091553273987264,-0.024729017485301052,,
,,,,,,,25.650000000000002,0.07929447041672243,-0.051273094791283676,-0.0604870464578368,,,,,,,,25.650000000000002,0.05830284475270495,-0.04977525259590722,-0.030358622091123427,,
,,,,,,,25.700000000000003,0.07596197440923129,-0.03881877236450754,-0.06529413808498628,,,,,,,,25.700000000000003,0.057828529511839255,-0.045530037199039086,-0.03565325424355791,,
,,,,,,,25.75,0.0728346267444798,-0.026717165850001025,-0.06775747856842985,,,,,,,,25.75,0.058050438454634146,-0.04119566283705466,-0.04089952039072072,,
,,,,,,,25.8,0.06997621713341369,-0.015336354880816997,-0.06827493817845828,,,,,,,,25.8,0.05893016938588878,-0.03649529896349716,-0.046269406927412694,,
,,,,,,,25.85,0.06745087226853005,-0.004882115413171834,-0.06727395572491651,,,,,,,,25.85,0.060399330710562034,-0.031086222224705563,-0.051785383440504366,,
,,,,,,,25.900000000000002,0.06531985255072284,0.004591205645346061,-0.06515829930231694,,,,,,,,25.900000000000002,0.06236918489855723,-0.0246191729027399,-0.0573045508707242,,
,,,,,,,25.950000000000003,0.06363731315381638,0.013154106008410904,-0.06226296748916147,,,,,,,,25.950000000000003,0.06474123226859854,-0.016799810244652654,-0.06252354381671187,,
,,,,,,,26.0,0.062445429716896664,0.020963285481270955,-0.05882152968393983,,,,,,,,26.0,0.0674161660830773,-0.007445524273324389,-0.06700375823516468,,
,,,,,,,26.05,0.06176970988991045,0.028215689248931107,-0.05494881199890908,,,,,,,,26.05,0.07030002196061197,0.003468649849316817,-0.07021439706986993,,
,,,,,,,26.1,0.06161558241942581,0.035100584921747134,-0.0506401909063964,,,,,,,,26.1,0.07330756860886374,0.015780167043300902,-0.07158900714096253,,
,,,,,,,26.150000000000002,0.0619672399360079,0.04175508793930002,-0.04578702279541764,,,,,,,,26.150000000000002,0.07636360753781081,0.029128705618959645,-0.07058979434134077,,
,,,,,,,26.200000000000003,0.062789146312658,0.04822808177452397,-0.04020608191582713,,,,,,,,26.200000000000003,0.07940295590731149,0.04296709994083957,-0.0667731812144094,,
,,,,,,,26.25,0.06402983412158797,0.0544565296628564,-0.033679460131013264,,,,,,,,26.25,0.08236973641684761,0.05659297238697835,-0.059849886831870105,,
,,,,,,,26.3,0.06562700874917894,0.06025684158493003,-0.02600033306658698,,,,,,,,26.3,0.08521638875453434,0.06919851163051795,-0.04973327759644441,,
,,,,,,,26.35,0.0675128138484716,0.06533237740032398,-0.017019415294304813,,,,,,,,26.35,0.08790264120369962,0.07993403599424896,-0.03657081104181942,,
,,,,,,,26.400000000000002,0.06961837156362737,0.06929648995149386,-0.006686863208843949,,,,,,,,26.400000000000002,0.09039456105861375,0.08797958843879113,-0.020754967769678216,,
,,,,,,,26.450000000000003,0.07187715654656535,0.07170890342376753,0.004915160524361631,,,,,,,,26.450000000000003,0.09266373075020298,0.09261796437052891,-0.002911987706970868,,
,,,,,,,26.5,0.07422716077607347,0.07212183682598207,0.017553120797267806,,,,,,,,26.5,0.09468655807016316,0.09330235295978284,0.01613118753664722,,
,,,,,,,26.55,0.07661204483253935,0.07013125200995274,0.0308384971251765,,,,,,,,26.55,0.09644371062215988,0.08971219557825859,0.03539931190149314,,
,,,,,,,26.6,0.07898155482568979,0.0654280271529454,0.04424092297360987,,,,,,,,26.6,0.09791965765292929,0.08179188911104347,0.053836291017432106,,
,,,,,,,26.650000000000002,0.08129146885633816,0.057843783402861365,0.0571174196761711,,,,,,,,26.650000000000002,0.09910230122253519,0.0697684888891543,0.07038198679865504,,
,,,,,,,26.700000000000003,0.08350327913934585,0.047386529501128705,0.06875546850151026,,,,,,,,26.700000000000003,0.09998268014375082,0.054146450998288735,0.08405175889306243,,
,,,,,,,26.75,0.0855837520210213,0.03426219345822432,0.07842627563149276,,,,,,,,26.75,0.10055473260273907,0.03567951949155423,0.09401184041204681,,
,,,,,,,26.8,0.08750445473686833,0.018879394801678964,0.08544353720860914,,,,,,,,26.8,0.10081510605349366,0.015321917787539996,0.09964398849849919,,
,,,,,,,26.85,0.08924129913731008,0.001836353370959601,0.08922240345345908,,,,,,,,26.85,0.10076300549909978,-0.005837144851122883,0.10059379214046274,,
,,,,,,,26.900000000000002,0.09077412724244124,-0.01610951453842558,0.08933322852087665,,,,,,,,26.900000000000002,0.10040007351191338,-0.0266501611066057,0.09679846937937382,,
,,,,,,,26.950000000000003,0.09208634808365136,-0.03408714994682645,0.08554508584299843,,,,,,,,26.950000000000003,0.0997302972953071,-0.04599274277679277,0.08849180645957068,,
,,,,,,,27.0,0.09316462665508518,-0.051168973418024566,0.07785488950044758,,,,,,,,27.0,0.0987599397964132,-0.06284291924353458,0.07618591214615568,,
,,,,,,,27.05,0.09399862144691656,-0.06643490013510696,0.06649920960401776,,,,,,,,27.05,0.09749749340669603,-0.07635170686874002,0.0606314941166613,,
,,,,,,,27.1,0.09458076524046818,-0.07903790300209859,0.05194738725386879,,,,,,,,27.1,0.09595365620362985,-0.08589916963855529,0.04276022444107484,,
,,,,,,,27.150000000000002,0.09490608349713424,-0.08826559493140641,0.034876201573134355,,,,,,,,27.150000000000002,0.09414133205652277,-0.09113153251357164,0.023614279220512194,,
,,,,,,,27.200000000000003,0.09497204508592054,-0.09359261758874893,0.016127965795112737,,,,,,,,27.200000000000003,0.09207565729670018,-0.09197663171287074,0.004269178536243246,,
,,,,,,,27.25,0.09477844086932456,-0.09471940872661681,-0.0033446171829014195,,,,,,,,27.25,0.08977405807188757,-0.08863692798028289,-0.014243472221083804,,
,,,,,,,27.3,0.09432728658306289,-0.09159409948773813,-0.02254235864220082,,,,,,,,27.3,0.08725634396652579,-0.08156128893761169,-0.03100686551781852,,
,,,,,,,27.35,0.09362274738694944,-0.08441575666465109,-0.04048702082167768,,,,,,,,27.35,0.08454484490729366,-0.07139858292399533,-0.04527773356566893,,
,,,,,,,27.400000000000002,0.09267108237779413,-0.07361879767508006,-0.05628678475403913,,,,,,,,27.400000000000002,0.0816645995955217,-0.05893765303018238,-0.056528398901708854,,
,,,,,,,27.450000000000003,0.09148060821796188,-0.05984002037637426,-0.0691944625044761,,,,,,,,27.450000000000003,0.07864360429819638,-0.045039321192412364,-0.06446918677583895,,
,,,,,,,27.5,0.09006168183506626,-0.04387115958942368,-0.0786538485469085,,,,,,,,27.5,0.07551312996902453,-0.030566616288411685,-0.06905008882250475,,
,,,,,,,27.55,0.08842670287742624,-0.02660107598827078,-0.0843306856253337,,,,,,,,27.55,0.07230811186324265,-0.016319386496497876,-0.07044246351175643,,
,,,,,,,27.6,0.08659013723972608,-0.00895249631178591,-0.08612609753716964,,,,,,,,27.6,0.06906760647003095,-0.0029788584071327884,-0.06900333807932277,,
,,,,,,,27.650000000000002,0.08456856344639649,0.008181411698381307,-0.08417188619728548,,,,,,,,27.650000000000002,0.0658352915444198,0.008933390481069815,-0.06522637616218982,,
,,,,,,,27.700000000000003,0.0823807438870262,0.02399545696704134,-0.0788086607443793,,,,,,,,27.700000000000003,0.0626599501702618,0.01907906174043632,-0.05968466099798432,,
,,,,,,,27.75,0.08004772264461342,0.03782123101005936,-0.07054921959506484,,,,,,,,27.75,0.05959582160814206,0.027308107612288846,-0.0529710223781375,,
,,,,,,,27.8,0.07759295062064082,0.049162664293711314,-0.06003081230135943,,,,,,,,27.8,0.056702614316327296,0.033645581352567296,-0.045641662171243734,,
,,,,,,,27.85,0.07504243632689886,0.05771596488180587,-0.0479607615414812,,,,,,,,27.85,0.05404486428816277,0.03826260565480965,-0.03816831623782297,,
,,,,,,,27.900000000000002,0.07242491630612881,0.06337302252976794,-0.035060355351754315,,,,,,,,27.900000000000002,0.051690215942506716,0.04143514609330859,-0.030903189032997047,,
,,,,,,,27.950000000000003,0.06977203156089871,0.0662088579963596,-0.022011894760627402,,,,,,,,27.950000000000003,0.04970618291275175,0.04349533720109917,-0.02405951498926388,,
,,,,,,,28.0,0.06711848419565115,0.0664551009640381,-0.00941331379384409,,,,,,,,28.0,0.04815514425483941,0.044780688730021244,-0.01770897611578211,,
,,,,,,,28.05,0.06450213018764556,0.06446266319011305,0.002256070296338457,,,,,,,,28.05,0.047087869686255925,0.04558655191827324,-0.011795497267703393,,
,,,,,,,28.1,0.06196393882194926,0.060657631542170756,0.012656281050313413,,,,,,,,28.1,0.04653669383908829,0.046126753998651016,-0.006163313964173031,,
,,,,,,,28.150000000000002,0.05954771787083399,0.05549486561315906,0.02159283664092927,,,,,,,,28.150000000000002,0.04651018370334924,0.04650636719850798,-0.0005958171840703958,,
,,,,,,,28.200000000000003,0.05729947163038726,0.04941381222261875,0.029008698880669023,,,,,,,,28.200000000000003,0.04699114991041713,0.04670926361475981,0.005139344556475196,,
,,,,,,,28.25,0.055266239938245615,0.04280065086422315,0.034963717801609846,,,,,,,,28.25,0.04793883492445871,0.04660155136847438,0.011243989681867619,,
,,,,,,,28.3,0.05349428399528982,0.035960106444728974,0.03960440839922347,,,,,,,,28.3,0.0492945517340191,0.04595034352267339,0.01784709390366379,,
,,,,,,,28.35,0.05202656957983254,0.029099189773167118,0.04312773002130256,,,,,,,,28.35,0.05098892261350906,0.04445573920007292,0.024971132963113957,,
,,,,,,,28.400000000000002,0.050899671235644865,0.022323860294478852,0.04574299720666896,,,,,,,,28.400000000000002,0.0529487726705053,0.04179254741198228,0.03251085215939537,,
,,,,,,,28.450000000000003,0.05014046472106042,0.01564827388531396,0.04763609688937693,,,,,,,,28.450000000000003,0.055102444430400715,0.037657286741309075,0.04022695784530849,,
,,,,,,,28.5,0.04976320677960355,0.009015009861170728,0.04893982372457604,,,,,,,,28.5,0.05738318414987485,0.03181544189145939,0.04775570626040012,,
,,,,,,,28.55,0.04976768676526874,0.0023235865718169457,0.04971341460218939,,,,,,,,28.55,0.05973085426247962,0.02414390160059713,0.054633752995984664,,
,,,,,,,28.6,0.0501389659239744,-0.004536224164019143,0.049933341308781194,,,,,,,,28.6,0.062092459845244044,0.014663944237458797,0.060336078005070425,,
,,,,,,,28.650000000000002,0.05084881760782664,-0.011650213779256407,0.049496209663080715,,,,,,,,28.650000000000002,0.06442196146905131,0.0035610327449289367,0.06432346512206472,,
,,,,,,,28.700000000000003,0.05185851785568847,-0.019048658067818743,0.048233333909279835,,,,,,,,28.700000000000003,0.06667972922177802,-0.00881105817666324,0.0660950190475583,,
,,,,,,,28.75,0.05312232864336685,-0.02668196234615288,0.04593533156354,,,,,,,,28.75,0.06883186561147142,-0.021942754531439644,0.06524064106926485,,
,,,,,,,28.8,0.05459097868021703,-0.034405938049410445,0.042384034496541746,,,,,,,,28.8,0.07084952581594928,-0.03519720211099676,0.06148831004266183,,
,,,,,,,28.85,0.05621463112405073,-0.041978619162996486,0.03738823726228875,,,,,,,,28.85,0.07270829796329177,-0.04785260752902614,0.05474143353431485,,
,,,,,,,28.900000000000002,0.05794509573954558,-0.04906933998907075,0.03081937691294367,,,,,,,,28.900000000000002,0.074387667166511,-0.0591548652555233,0.045102405069757656,,
,,,,,,,28.950000000000003,0.05973727207055308,-0.05527953688683935,0.022643199332423154,,,,,,,,28.950000000000003,0.07587056616515382,-0.06837591121545347,0.03287974415468296,,
,,,,,,,29.0,0.061549946137012056,-0.06017352782298742,0.012943817783221628,,,,,,,,29.0,0.07714300554402263,-0.07487264375952386,0.01857768879125009,,
,,,,,,,29.05,0.06334611148303544,-0.06331648131016382,0.0019372750245719888,,,,,,,,29.05,0.078193772777013,-0.07814113241248356,0.0028687151127029173,,
,,,,,,,29.1,0.06509297742907774,-0.06431601058307677,-0.010027287432799646,,,,,,,,29.1,0.07901418881626347,-0.07786120415757014,-0.013448974735098507,,
,,,,,,,29.150000000000002,0.06676179423358244,-0.06286339382786522,-0.022479565959553537,,,,,,,,29.150000000000002,0.07959791191571339,-0.07392732064822687,-0.029505573085705616,,
,,,,,,,29.200000000000003,0.06832758706593306,-0.05877036846629983,-0.034852588778855643,,,,,,,,29.200000000000003,0.0799407799303813,-0.06646285995359688,-0.04442090209199067,,
,,,,,,,29.25,0.06976885816666188,-0.05199778209340454,-0.04651799896004342,,,,,,,,29.25,0.08004068401078378,-0.05581638090579129,-0.057367610369386625,,
,,,,,,,29.3,0.07106729230562098,-0.04267307327826861,-0.056829295725357123,,,,,,,,29.3,0.0798974682106632,-0.04254004060296925,-0.06763098677360595,,
,,,,,,,29.35,0.07220748416682617,-0.031094537258483382,-0.06516939866519592,,,,,,,,29.35,0.07951285097386684,-0.027351908923151053,-0.0746603412010152,,
,,,,,,,29.400000000000002,0.0731766958931881,-0.017721512664901455,-0.07099842822705212,,,,,,,,29.400000000000002,0.07889036575871643,-0.01108533363187735,-0.07810765127574908,,
,,,,,,,29.450000000000003,0.07396464691911545,-0.003150895542477859,-0.07389750233363647,,,,,,,,29.450000000000003,0.07803531922263567,0.005370372320674133,-0.07785030601941131,,
,,,,,,,29.5,0.07456333493363383,0.011918372085831857,-0.07360464199525002,,,,,,,,29.5,0.076954766466602,0.021132923534189742,-0.07399618655597963,,
,,,,,,,29.55,0.07496688528622121,0.02673009502055531,-0.07003953105004011,,,,,,,,29.55,0.07565750387148373,0.0353884658169702,-0.06687087840895099,,
,,,,,,,29.6,0.0751714256563793,0.04052130335063769,-0.06331482614663139,,,,,,,,29.6,0.07415408108711184,0.047446325611890446,-0.056988366600600394,,
,,,,,,,29.650000000000002,0.07517498290063228,0.05257429238234028,-0.053732874803108684,,,,,,,,29.650000000000002,0.07245683479176633,0.05678269559805203,-0.04500798138841911,,
,,,,,,,29.700000000000003,0.07497739938989459,0.062265942017280834,-0.04176796480524742,,,,,,,,29.700000000000003,0.07057994793834337,0.06306988894578236,-0.031681511317264203,,
,,,,,,,29.75,0.07458026669453975,0.06911025948520946,-0.02803548134267879,,,,,,,,29.75,0.06853953932233937,0.06618912319519038,-0.01779517971728344,,
,,,,,,,29.8,0.07398687507442722,0.07279067657308498,-0.013250474984370816,,,,,,,,29.8,0.06635378935791224,0.06622628426953686,-0.004111524535337465,,
,,,,,,,29.85,0.07320217783925961,0.07317952550374497,0.001820957840624046,,,,,,,,29.85,0.06404310871987712,0.06345163298782623,0.008683895766544089,,
,,,,,,,29.900000000000002,0.07223277023619032,0.07034323316118671,0.01641348970893105,,,,,,,,29.900000000000002,0.06163035656775829,0.05828581156257383,0.020026607829614136,,
,,,,,,,29.950000000000003,0.07108688308058335,0.06453300843427134,0.02981334883126667,,,,,,,,29.950000000000003,0.05914111359393061,0.0512556595506903,0.029504723031303543,,
,,,,,,,30.0,0.06977439185354535,0.05616203901034222,0.041403998994455765,,,,,,,,30.0,0.056604010675875074,0.042944155419125093,0.03687564968827815,,
