mea_k,mea_chik,mea_k3chik,mea_r,mea_chir_mag,mea_chir_re,mea_chir_im,mea_q,mea_chiq_mag,mea_chiq_re,mea_chiq_im,fit_k,fit_chik,fit_k3chik,fit_r,fit_chir_mag,fit_chir_re,fit_chir_im,fit_q,fit_chiq_mag,fit_chiq_re,fit_chiq_im,win_k,win_r
0.0,-0.6524373922399387,-0.0,0.0,0.011675108368347847,-0.011675108368347847,0.0,0.0,0.2726133056434656,0.26741036923361095,-0.053006686749894505,0.0,0.07554098808455584,0.0,0.0,0.1456469553803495,0.1456469553803495,0.0,0.0,0.13643999127679546,0.1256693644984894,-0.05313268340821714,0.0,0.0
0.05,-0.6440098726396899,-8.050123407996126e-05,0.030679615757712823,0.08940820235062828,0.03837422025097326,0.08075423126809322,0.05,0.2917129676269233,0.29158922187547415,0.008495950080002153,0.05,0.07512519851670098,9.390649814587625e-06,0.030679615757712823,0.1475102063621585,0.14404298712582625,-0.03179432089030428,0.05,0.14794538725524964,0.14590071682576622,-0.02451159806771813,0.0,0.0
0.1,-0.6340753229428492,-0.0006340753229428493,0.06135923151542565,0.16508073925488229,0.14552869815169875,0.07792976637466703,0.1,0.31042955861529475,0.3001964117014054,0.07904824643018378,0.1,0.07470940894884613,7.470940894884615e-05,0.06135923151542565,0.1517754023192294,0.13642077119108603,-0.0665217703973165,0.1,0.1592188566842652,0.15882517119477296,0.011189696993021683,0.0,0.0
0.15000000000000002,-0.6226997734440388,-0.002101611735373632,0.09203884727313846,0.21739913360648835,0.21625302461375423,-0.022293780259408296,0.15000000000000002,0.32864883024208413,0.2901782713112246,0.15429395476919874,0.15000000000000002,0.07399782575425158,0.00024974266192059923,0.09203884727313846,0.15549235848677365,0.11755204255715963,-0.10178109273543423,0.15000000000000002,0.17020157646580153,0.16210558317531726,0.05186864693467897,0.0,0.0
0.2,-0.6099492544378805,-0.004879594035503045,0.1227184630308513,0.23825734673837895,0.18394708692326997,-0.15142665712236766,0.2,0.3462649728862121,0.2598021449315025,0.2289154362136371,0.2,0.072963104952642,0.0005837048396211361,0.1227184630308513,0.15607732278355207,0.08618958870219796,-0.1301210416751536,0.2,0.18083791277435504,0.15406845620267146,0.09468506481969981,0.0,0.0
0.25,-0.595889796218996,-0.009310778065921812,0.15339807878856412,0.2238341354153562,0.06514260725643314,-0.21414518649032047,0.25,0.36317883204546764,0.20894268077360997,0.29705524771841235,0.25,0.07156811928972603,0.0011182518639019693,0.15339807878856412,0.152814151231342,0.04810336661949115,-0.14504561674323804,0.25,0.19107464410317498,0.13392803656251145,0.136282062802357,0.0,0.0
0.30000000000000004,-0.5805874290820076,-0.01567586058521421,0.18407769454627693,0.1750660100175339,-0.05215777901923055,-0.167115750159105,0.30000000000000004,0.37929672645526685,0.13923019492754513,0.3528185929342717,0.30000000000000004,0.06976720368380025,0.0018837144994626079,0.18407769454627693,0.14751871969071495,0.012208317758046863,-0.14701268529180156,0.30000000000000004,0.20086049830201214,0.10193525433110748,0.1730726544044005,0.0,0.0
0.35000000000000003,-0.564108183321537,-0.024186138359910906,0.21475731030398976,0.09784956862806708,-0.0797600003463063,-0.05668227611393203,0.35000000000000003,0.39452967742639555,0.05403958527670687,0.3908111943039724,0.35000000000000003,0.06750787757094695,0.0028944002508543513,0.21475731030398976,0.1442053168421915,-0.017039970987560618,-0.1431950166531641,0.35000000000000003,0.210145887063339,0.05943298289389039,0.2015664019472793,0.0,0.0
0.4,-0.5465157104565344,-0.034977005469218204,0.2454369260617026,0.016952571974756976,-0.0029459874258897898,0.016694635505030198,0.4,0.4087929234143777,-0.041686805915523546,0.4066618551649942,0.4,0.06473311832615326,0.00414291957287381,0.2454369260617026,0.1470441573081317,-0.04367789759485703,-0.14040735543464866,0.4,0.21888276780312596,0.008807761975450693,0.2187054854596495,0.0,0.0
0.45,-0.5276809528273642,-0.048084926826393565,0.2761165418194154,0.10595684730047311,0.10408604452011609,-0.01982293686647331,0.45,0.4220056355124796,-0.1417729230674843,0.39747854619990874,0.45,0.061384256820954435,0.005593640402809474,0.2761165418194154,0.1570371073064502,-0.07605768186893141,-0.13738952689307135,0.45,0.2270245895886894,-0.046661928640801736,0.22217747116535824,0.0,0.0
0.5,-0.5071438014000461,-0.06339297517500576,0.30679615757712825,0.20169601301594625,0.13573617860811032,-0.14918770553700442,0.5,0.43409077680465413,-0.23927422684324598,0.3621914505830237,0.5,0.05740455003854017,0.007175568754817521,0.30679615757712825,0.17081095249628342,-0.11733332113276827,-0.12413409380441083,0.5,0.23452629556689303,-0.10305050128730288,0.21067315324161562,0.0,0.0
0.55,-0.48464535074147597,-0.08063287022961309,0.3374757733348411,0.2766402725514141,0.04103238017209092,-0.27358030662811544,0.55,0.4449750666006336,-0.32703566960605535,0.3017457219275152,0.55,0.052743453544409784,0.008775192083451181,0.3374757733348411,0.1829127537499565,-0.15913427294664473,-0.09018513546108915,0.55,0.24134436395563358,-0.15610329786224533,0.18406211562861172,0.0,0.0
0.6000000000000001,-0.46049166088141485,-0.09946619875038566,0.36815538909255385,0.31865576004397284,-0.1311785124265913,-0.29040263650102877,0.6000000000000001,0.45458902281388736,-0.3982933885810185,0.21911995864260014,0.6000000000000001,0.04736156591149664,0.01023009823688328,0.36815538909255385,0.18855592375830105,-0.1851873127129913,-0.035482327918091965,0.6000000000000001,0.24743687566135136,-0.2016000444976197,0.14346577813405126,0.0,0.0
0.65,-0.4342829213688829,-0.11926494728092947,0.3988350048502667,0.31948970497536333,-0.2666895012192713,-0.17592720518629573,0.65,0.46286706423203555,-0.44726529770844764,0.1191623791998005,0.65,0.04123614626633383,0.011324476668391929,0.3988350048502667,0.1851148897891819,-0.1832693126254033,0.026074536841009226,0.65,0.2527636004300877,-0.23573054853696362,0.09121702795445194,0.0,0.0
0.7000000000000001,-0.4054733755421033,-0.13907736781094146,0.4295146206079795,0.27578091338769245,-0.27564718586781856,-0.008587264529652083,0.7000000000000001,0.4697476605206022,-0.4696751406507333,0.008253897218454546,0.7000000000000001,0.034367015008588846,0.011787886147945978,0.4295146206079795,0.17293737037360588,-0.15588770394799678,0.07487561572073681,0.7000000000000001,0.2572860959726388,-0.2554471814394422,0.03070623186727125,0.0,0.0
0.75,-0.3776579914238492,-0.15932446513193638,0.46019423636569234,0.18981898849246595,-0.1670386965429075,0.09016275422561902,0.75,0.47517352239023786,-0.4631593158274027,-0.10617591319615809,0.75,0.026782539199108873,0.011298883724624056,0.46019423636569234,0.15614240005245486,-0.11987021965874804,0.10005788091452042,0.75,0.26096781622851783,-0.25875982805641745,-0.03387554414758124,0.0,0.0
0.8,-0.3473114386116293,-0.17782345656915424,0.4908738521234052,0.0708453229944657,-0.04631478745798414,0.05360970297354693,0.8,0.47909182806530703,-0.4275155705287367,-0.21623925794001075,0.8,0.018545284760497823,0.009495185797374888,0.4908738521234052,0.14314517618405495,-0.0937023993478237,0.10821461001743296,0.8,0.26377422615857976,-0.24494352039587117,-0.09787499272865881,0.0,0.0
0.8500000000000001,-0.3106309427105249,-0.19076622769210114,0.521553467881118,0.07885190359947462,-0.033566710559154375,-0.07135053358944693,0.8500000000000001,0.48145448548138337,-0.36476665237365236,-0.31423512042141727,0.8500000000000001,0.009756799760034993,0.005991894652631492,0.521553467881118,0.14381116587611922,-0.08220883473078182,0.11799728354015478,0.8500000000000001,0.26567292138147725,-0.21463655787807046,-0.15656707565009415,0.0,0.0
0.9,-0.2763284691854104,-0.20144345403616418,0.5522330836388308,0.22542163956666925,-0.16390893957140656,-0.15475391792617832,0.9,0.4822184328991321,-0.2790289367142816,-0.3932905662532375,0.9,0.000560897940636531,0.00040889459872403116,0.5522330836388308,0.16057713539923835,-0.07167647415974247,0.143692377894769,0.9,0.2666337517314824,-0.16981688086017774,-0.20556211843947805,0.0,0.0
0.9500000000000001,-0.24262567583866046,-0.20802118882217158,0.5829126993965437,0.3601398887402049,-0.34999384788478194,-0.08488254181285623,0.9500000000000001,0.4813459842311104,-0.17619433361417555,-0.4479391848651701,0.9500000000000001,-0.008855219555081823,-0.00759224386603828,0.5829126993965437,0.1854437512567365,-0.04087652330778162,0.1808825439959278,0.9500000000000001,0.26662894851933683,-0.11365589167139416,-0.24119148922983885,0.0,0.0
1.0,-0.20740645792279205,-0.20740645792279205,0.6135923151542565,0.46251810972100194,-0.4418655705607121,0.13666681884402354,1.0,0.47880522976846657,-0.06345166346489937,-0.4745822736440661,1.0,-0.018262523921917264,-0.018262523921917264,0.6135923151542565,0.2079034724443024,0.01981673894022062,0.2069568812873202,1.0,0.2656332560176923,-0.050260720799767886,-0.26083497972328906,0.0,0.0
1.05,-0.17210655602688443,-0.19923485192062212,0.6442719309119693,0.5151317495101031,-0.343612656908851,0.38378517606257256,1.05,0.4745705087264427,0.05131057917541529,-0.4717885036937187,1.05,-0.02739412218107113,-0.03171212068986247,0.6442719309119693,0.22021095253692166,0.09689686023112402,0.197746964817588,1.05,0.2636240685704397,0.01567303700831244,-0.2631577577054645,0.0,0.0
1.1,-0.128722625941215,-0.17132981512775722,0.6749515466696822,0.5045519951392297,-0.09756917881921277,0.4950282528740372,1.1,0.4686229778918569,0.16016616200401007,-0.44040242501277965,1.1,-0.03594582049939889,-0.047843887084699936,0.6749515466696822,0.21824675363166768,0.1606002104935115,0.14778097935864967,1.1,0.2605815758721267,0.07926694663246332,-0.24823277151811995,0.0,0.0
1.1500000000000001,-0.08884492275486508,-0.13512202189480546,0.705631162427395,0.423073967001767,0.13482236834816616,0.4010168457154932,1.1500000000000001,0.4609513118305054,0.2558168390299481,-0.3834499403403128,1.1500000000000001,-0.03889951839367336,-0.05916130503697799,0.705631162427395,0.20170136437970917,0.18632421962873233,0.0772445828028098,1.1500000000000001,0.2564889205704644,0.13588623113181314,-0.21753505134619905,0.0,0.0
1.2000000000000002,-0.05042266351387407,-0.08713036255197443,0.7363107781851077,0.27076602524705135,0.1908700704990282,0.19204909949224666,1.2000000000000002,0.45155258641416574,0.33219972938390546,-0.305848129133697,1.2000000000000002,-0.030611779858706008,-0.05289715559584401,0.7363107781851077,0.17489589830355248,0.17392548928026907,0.018398353785749003,1.2000000000000002,0.2513323747101075,0.18154686803666029,-0.17380649378979296,0.0,0.0
1.25,-0.012538093823055716,-0.024488464498155695,0.7669903939428205,0.07713032803420776,0.040618202323299275,0.06556865975973598,1.25,0.4404334217255588,0.3849790181079783,-0.21394568139951062,1.25,-0.021429141065049524,-0.04185379114267485,0.7669903939428205,0.14871615458151116,0.14844189471617264,-0.00902765343733592,1.25,0.24510154515026758,0.21326410188187422,-0.1208022776422954,0.0,0.0
1.3,0.027571592558081087,0.06057478885010415,0.7976700097005334,0.2454507414082275,-0.1663546767932098,0.18047766611654548,1.3,0.42761149731865056,0.41187511943584654,-0.114936846262656,1.3,-0.011520951537190965,-0.02531153052720855,0.7976700097005334,0.14068631506824034,0.1400156500354451,-0.013720677557320246,1.3,0.23778962378959956,0.22930816290271647,-0.0629418112877325,0.0,0.0
1.35,0.062442706625371575,0.1536324743133986,0.8283496254582462,0.552503738843275,-0.18836117465258567,0.5194039365650744,1.35,0.4131176099249071,0.4127996763398483,-0.016204531581755905,1.35,-0.0011312591178940386,-0.002783321652188546,0.8283496254582462,0.1602992649656288,0.15820513114955392,-0.02582616553949332,1.35,0.22939370769558995,0.22934143486743777,-0.004896874847754122,0.0,0.0
1.4000000000000001,0.09179623913998457,0.25188888020011774,0.859029241215959,0.8750211303204792,0.13603372819575674,0.8643823247270227,1.4000000000000001,0.39699853359101495,0.38978336100613675,0.07534432398114584,1.4000000000000001,0.009458458136664075,0.02595400912700623,0.859029241215959,0.19536654691775554,0.18196734555373734,-0.07110536412039761,1.4000000000000001,0.21991522975301797,0.21442250088187767,0.04884362182397871,0.0,0.0
1.4500000000000002,0.12024368542962556,0.3665779054928924,0.8897088569736719,1.1840855350079622,0.7477116667030839,0.9181425911541128,1.4500000000000002,0.3793210860675186,0.3467036246029848,0.1538865914321141,1.4500000000000002,0.019941701097186248,0.06079476850740945,0.8897088569736719,0.22840059610697994,0.17521590018426447,-0.1465135509932158,1.4500000000000002,0.2093605672964171,0.18687537584137126,0.09438983548467406,0.0,0.0
1.5,0.14275493359051258,0.48179790086797997,0.9203884727313847,1.4527622641549252,1.3636729609722913,0.5009134173343819,1.5,0.36017803880781746,0.2888393593585565,0.2151744504461074,1.5,0.030002446527261195,0.10125825702950653,0.9203884727313847,0.2475782820299122,0.11710162993552127,-0.21813347748414724,1.5,0.19774194434253417,0.15003557397129916,0.12880684413286703,0.0,0.0
1.55,0.15696934172019084,0.5845342073982758,0.9510680884890975,1.6565229550425802,1.6278542189480707,-0.30685329138852174,1.55,0.3396968913488243,0.22229691129390136,0.2568619497341837,1.55,0.039317253769271907,0.14641253838004745,0.9510680884890975,0.24647015234967085,0.022715177959354592,-0.24542118223483647,1.55,0.18507883291406332,0.10789714686393136,0.1503741337180534,0.0,0.0
1.6,0.1663322065971252,0.6812967182218249,0.9817477042468103,1.7752185707972363,1.328062488511884,-1.1779859934273433,1.6,0.31805316261528166,0.15336523333846977,0.2786340242192606,1.6,0.047571703193960986,0.19485369628246424,0.9817477042468103,0.2233449114651103,-0.06427796557191266,-0.21389551799720807,1.6,0.17140023447545893,0.06469519765841279,0.15872168023991304,0.0,0.0
1.6500000000000001,0.1696319942479181,0.7620081221609294,1.012427320004523,1.7948822070469315,0.5406987922585109,-1.7115042954149577,1.6500000000000001,0.29549088056483663,0.0878657775210256,0.28212491140912777,1.6500000000000001,0.05446092703921315,0.24464529187602546,1.012427320004523,0.18205351939997144,-0.10370353206016225,-0.1496297475910545,1.6500000000000001,0.15674858350579474,0.024465541568917476,0.15482750306974752,0.0,0.0
1.7000000000000002,0.1670002067228128,0.8204720156291795,1.043106935762236,1.7090379326519836,-0.3942854171164935,-1.6629340531400032,1.7000000000000002,0.2723545517403358,0.030564088145878632,0.2706341411749268,1.7000000000000002,0.0597035937069337,0.2933237558821653,1.043106935762236,0.13662834132279555,-0.09129611679388527,-0.10164803348307129,1.7000000000000002,0.14118680303277123,-0.009373659665286775,0.14087529185451195,0.0,0.0
1.75,0.1586722651137448,0.850384170843976,1.0737865515199487,1.5193702577127557,-1.059282833358811,-1.0892225938592421,1.75,0.2491390602063069,-0.015295310782657603,0.24866910702486494,1.75,0.06307254151764204,0.33802940219611277,1.0737865515199487,0.12224576542217361,-0.06459625298332407,-0.10378512062992215,1.75,0.12481188188859518,-0.034374738346809125,0.11998492915429439,0.0,0.0
1.8,0.1460358644077715,0.8516811612261235,1.1044661672776617,1.2357021523330483,-1.1944005580116115,-0.3168076960903558,1.8,0.22656563132239696,-0.04828086599656217,0.22136156684288785,1.8,0.06440202059623218,0.3755925841172261,1.1044661672776617,0.1638170345408123,-0.07504145796006415,-0.14561868146969886,1.8,0.10778298284515492,-0.04930999459455283,0.09584203578850008,0.0,0.0
1.85,0.13019338237518585,0.8243356746812862,1.1351457830353744,0.8753425937807551,-0.8393258214119153,0.24850919902094934,1.85,0.20568821765311487,-0.06885998083589608,0.19381936415279868,1.85,0.06359423461844377,0.4026548457660041,1.1351457830353744,0.22970503278661122,-0.14623501075434567,-0.17714322938564303,1.85,0.09038478426273132,-0.054289662013848224,0.07226369645017204,0.0,0.0
1.9000000000000001,0.1103613872859149,0.7569687553940905,1.1658253987930873,0.4623120218256919,-0.29756675082628603,0.35381695031081545,1.9000000000000001,0.1880096151587271,-0.0792670648099461,0.17048269070069394,1.9000000000000001,0.06060956065508742,0.41572097653324475,1.1658253987930873,0.290784201735008,-0.2513859866099819,-0.14615244683135425,1.9000000000000001,0.07318394553523892,-0.050733064209765186,0.052745104796489514,0.0,0.0
1.9500000000000002,0.08985863910725737,0.6662905766504252,1.1965050145508,0.06143594518747082,0.05100267618860235,0.03425058222393444,1.9500000000000002,0.17550970237728444,-0.08316427807651854,0.1545553573337866,1.9500000000000002,0.05547618265115579,0.4113489598354889,1.1965050145508,0.3322658956617585,-0.3297995087128965,-0.04040927458693977,1.9500000000000002,0.05744240395225018,-0.041192451122605535,0.040035131351417355,0.0,0.0
2.0,0.06862059932748141,0.5489647946198513,1.227184630308513,0.42576533153635676,-0.027232542926045426,-0.42489352330206787,2.0,0.17036801127437082,-0.0851277513548261,0.14757548988519417,2.0,0.048327482054959674,0.3866198564396774,1.227184630308513,0.3463932250542322,-0.3318463632172209,0.09932903695786167,2.0,0.0460901646163808,-0.029044322304740754,0.03578729685549636,0.0,0.0
2.0500000000000003,0.04662141384990356,0.4016493079936505,1.2578642460662257,0.8310069376042787,-0.4941214073038975,-0.6681441200747466,2.0500000000000003,0.1742294846295255,-0.09001151119623116,0.14917721396527292,2.0500000000000003,0.03949837943838599,0.3402834761591252,1.2578642460662257,0.33123346782889374,-0.25780073294701916,0.20797690328960688,2.0500000000000003,0.044192798740276866,-0.018077369950541267,0.04032632088561867,0.0,0.0
2.1,0.02776807854032758,0.2571601753619737,1.2885438618239387,1.1799929821160484,-1.0786872535695828,-0.47834845753868127,2.1,0.18742803637989372,-0.10225604442545218,0.15707631966557759,2.1,0.029448017118603974,0.2727180865353914,1.2885438618239387,0.2924864354206244,-0.15854545682091783,0.24578782115171938,2.1,0.05391626398175783,-0.012018034850323694,0.05255977891969297,0.0,0.0
2.15,0.007704003039293178,0.07656527120563533,1.3192234775816514,1.4505579014672563,-1.4464190166413324,0.10950001738543809,2.15,0.20896238142524992,-0.1252167562066583,0.16729028906662197,2.15,0.018672965671138686,0.1855789352019029,1.3192234775816514,0.24865297791406946,-0.09521538527376877,0.22970053076277924,2.15,0.07144404721448792,-0.014042784738568095,0.07005035388327613,0.0,0.0
2.2,-0.008248865468027014,-0.08783391950355167,1.3499030933393643,1.6285581102262212,-1.3904952467475742,0.8477762011026282,2.2,0.23720524505300247,-0.160588457239812,0.17457856592947493,2.2,0.007540747988270655,0.08029388457910595,1.3499030933393643,0.23654116201962017,-0.08841041614068884,0.21939762908341198,2.2,0.09305081739485811,-0.02632964434974378,0.08924799407419325,0.0,0.0
2.25,-0.024747082398205666,-0.28188473544206144,1.380582709097077,1.7094005285617526,-0.931910912942527,1.4330360139877243,2.25,0.2705798200363009,-0.2079951038779831,0.17306494669245986,2.25,-0.0036329767242025933,-0.04138187549912017,1.380582709097077,0.2841350010464166,-0.09837992267754797,0.26655972995485805,2.25,0.11695024320987334,-0.04969970839736799,0.10586452839391065,0.0,0.0
2.3000000000000003,-0.037027625696595734,-0.4505151218504804,1.41126232485479,1.7006600188582794,-0.2782050431935724,1.6777504145982816,2.3000000000000003,0.30783522026019766,-0.2647997173406245,0.15698290521254138,2.3000000000000003,-0.014316685709611579,-0.17419111502884413,1.41126232485479,0.37096513391859104,-0.05501011783652301,0.36686375879725436,2.3000000000000003,0.1423434420945389,-0.0833923280829243,0.11535759673394408,0.0,0.0
2.35,-0.048223917287196674,-0.6258439705635775,1.4419419406125027,1.6259704076215238,0.32158661899676483,1.5938512518246908,2.35,0.34805286147939196,-0.32616887621095236,0.12146875555169415,2.35,-0.023640069526285005,-0.30679786730343606,1.4419419406125027,0.4626105973360878,0.0833688167055308,0.45503648773342514,2.35,0.16883028484644788,-0.12500587079678174,0.11347773943673285,0.0,0.0
2.4000000000000004,-0.0564263225006459,-0.7800374822489293,1.4726215563702154,1.530260859804156,0.7287320726620862,1.3456031604162406,2.4000000000000004,0.3905679766117482,-0.3854012180701831,0.06331860283213973,2.4000000000000004,-0.030499043997418533,-0.421618784220314,1.4726215563702154,0.535423013431077,0.28889515156331763,0.4507964005122745,2.4000000000000004,0.19617879648743866,-0.17062039061251208,0.09682356375642076,0.0,0.0
2.45,-0.06265887301908547,-0.9214692189777985,1.5033011721279284,1.4809508157077629,0.978616321310016,1.1115419084367173,2.45,0.4348907085215011,-0.43450231141382667,-0.018375792074770476,2.45,-0.0343248406664476,-0.5047853974458618,1.5033011721279284,0.5750643931872014,0.4764625338024257,0.3219976866288584,2.45,0.22423425506549738,-0.21510060232442432,0.06334612872503258,0.0,0.0
2.5,-0.06626520002510378,-1.0353937503922466,1.533980787885641,1.5466526952091593,1.2209923744306457,0.9493746263619912,2.5,0.4806474900421965,-0.464961671922689,-0.12178938100968037,2.5,-0.0351959876238767,-0.5499373066230734,1.533980787885641,0.5752606047433072,0.5637988641957988,0.11426112243962375,2.5,0.25288030871409345,-0.25255890136980097,0.012745660995584229,0.0,0.0
2.5500000000000003,-0.06777028569029929,-1.1237245208879867,1.564660403643354,1.7500879156366842,1.579783070888674,0.7530558819842689,2.5500000000000003,0.5275415570911198,-0.46866425290563013,-0.2421856983938788,2.5500000000000003,-0.033434856908868396,-0.5543959004772878,1.564660403643354,0.5397072235501564,0.5337262869374975,-0.08012576229984132,2.5500000000000003,0.28202088133068154,-0.27694062990415574,-0.05328850734280157,0.0,0.0
2.6,-0.06647016054884412,-1.1682795418064844,1.5953400194010667,2.05366474485751,2.026641860857046,0.33205670011694083,2.6,0.575327207444631,-0.4388508891550294,-0.37203668194665623,2.6,-0.029314980049105488,-0.5152400893430781,1.5953400194010667,0.4872668145974694,0.44730319076280595,-0.1932583869884498,2.6,0.3115711252078135,-0.28267913539124895,-0.13103080736116587,0.0,0.0
2.6500000000000004,-0.06293003055352946,-1.171104269839726,1.6260196351587797,2.3956315980603913,2.355761905976986,-0.4352431458082493,2.6500000000000004,0.6237931224178426,-0.37103191907846844,-0.5014510689995091,2.6500000000000004,-0.023218829185636357,-0.4320937040837482,1.6260196351587797,0.45869925018972124,0.39281468070974207,-0.23685782390184174,2.6500000000000004,0.3414526329689847,-0.2653579746783103,-0.21488379612264255,0.0,0.0
2.7,-0.057281704258471754,-1.1274757849194996,1.6566992509164924,2.719319087274809,2.2861161419752856,-1.4725383811015373,2.7,0.6727515040805652,-0.26375689708400224,-0.6188916589220457,2.7,-0.015607142958141362,-0.3071953948450965,1.6566992509164924,0.502505524075262,0.4075347865080135,-0.29398503280272875,2.7,0.37159079729726985,-0.22231308889467982,-0.2977526005631636,0.0,0.0
2.75,-0.04989725323124708,-1.0377069382935915,1.6873788666742053,2.9803035070704467,1.6365629331131095,-2.4907570656763416,2.75,0.7220309343301712,-0.11915147209624274,-0.7121317271593777,2.75,-0.006942409193511158,-0.14438041619630235,1.6873788666742053,0.6245445349987349,0.4353903123067584,-0.4477623835766124,2.75,0.40191332000631846,-0.15310962064986405,-0.371606997865966,0.0,0.0
2.8000000000000003,-0.04005326921284652,-0.879249365760407,1.718058482431918,3.146280231974782,0.46730905662289873,-3.1113825775229738,2.8000000000000003,0.7714716364982238,0.05685020638465926,-0.7693741222287562,2.8000000000000003,0.002241985680103126,0.04921606964962383,1.718058482431918,0.7872463212792504,0.3601774350362223,-0.7000207037355686,2.8000000000000003,0.4323493688670119,-0.05983638843348569,-0.42818872402124336,0.0,0.0
2.85,-0.029423731742518996,-0.6811336440740401,1.748738098189631,3.1969854393412973,-0.9076748758457874,-3.0654269228149285,2.85,0.8209223095198332,0.25462403002375145,-0.7804358023577855,2.85,0.011299935834574283,0.26158362712653943,1.748738098189631,0.9513746043872024,0.09554405892426855,-0.9465648264525689,2.85,0.46282911664874116,0.05282462181228942,-0.4598046873926392,0.0,0.0
2.9000000000000004,-0.017115190106073108,-0.41742237149701716,1.7794177139473437,3.125419015269951,-2.059814764250948,-2.3506184628698894,2.9000000000000004,0.8702380082050643,0.4613409021934316,-0.7378880422449384,2.9000000000000004,0.01955184822304957,0.4768500263119561,1.7794177139473437,1.0889926549719993,-0.3356650978605193,-1.0359700500792732,2.9000000000000004,0.49328351524256847,0.1777771331284275,-0.46013467305420774,0.0,0.0
2.95,-0.00573369274165672,-0.14719751019858945,1.8100973297050567,2.9405417874153934,-2.6644086138748637,-1.2440710356911078,2.95,0.9192787312845143,0.661799477311097,-0.6380398401532816,2.95,0.026412498497165864,0.6780715661061787,1.8100973297050567,1.182846695828497,-0.7979948669997258,-0.8731153979139775,2.95,0.5236442200267002,0.3059386502832596,-0.42497624807773493,0.0,0.0
3.0,0.004898864335578919,0.13226933706063082,1.8407769454627694,2.672127618649162,-2.6678919518535444,-0.15039462617635285,3.0,0.9679084964626719,0.8395538130646419,-0.48165989296727857,3.0,0.031387370615496166,0.8474590066183965,1.8407769454627694,1.22671776783049,-1.1252123288415137,-0.48860382410914177,3.0,0.5538436138073026,0.4268946898225052,-0.3528507791637701,0.0,0.0
3.0500000000000003,0.013226530869101654,0.3752714003999454,1.8714565612204823,2.3788123340073892,-2.2939146007458473,0.6298443656259087,3.0500000000000003,1.0159947560874174,0.9782520516002283,-0.27435062955472705,3.0500000000000003,0.03410386687755751,0.9676162259668604,1.8714565612204823,1.2278245343402787,-1.227715113778501,-0.016391660311406583,3.0500000000000003,0.5838148991220671,0.529733153140328,-0.24540298062761004,0.0,0.0
3.1,0.01850962199128534,0.5514201487423817,1.902136176978195,2.155696404315348,-1.8738685355519349,1.065665847743357,3.1,1.0634080547771245,1.0630774417557245,-0.026514973033594975,3.1,0.03434142405519953,1.0230653640284493,1.902136176978195,1.2101189831515657,-1.139666713331673,0.4068755779197887,3.1,0.613492239142186,0.6039929591816467,-0.10754177210131294,0.0,0.0
3.1500000000000004,0.01955413528624408,0.6111816082399344,1.932815792735908,2.115487936722932,-1.6039887263278723,1.3793148212911144,3.1500000000000004,1.1100218614497979,1.0821670322486976,0.24710938308878647,3.1500000000000004,0.03204257719255078,1.0015187874082183,1.932815792735908,1.2145879941965012,-0.9631818735108508,0.7399355878631647,3.1500000000000004,0.6428109343497234,0.6406463088954156,0.05270867308369715,0.0,0.0
3.2,0.016714816650076767,0.5477111119897157,1.9634954084936207,2.3109129230031407,-1.392551727714023,1.844212087408498,3.2,1.1557125287792973,1.0278780864106567,0.5283352048219051,3.2,0.027317627990831084,0.8951440340035531,1.9634954084936207,1.287113159280356,-0.7515972032919244,1.0448741210291395,3.2,0.6717076264924189,0.6330259597882469,0.22465366616694185,0.0,0.24999999999999994
3.25,0.010372310811473053,0.35606198207509837,1.9941750242513334,2.684370493684504,-0.9176231211103462,2.5226598571681627,3.25,1.2003593469311888,0.8977786568452982,0.7967785420542663,3.25,0.020448661613947892,0.701964211966305,1.9941750242513334,1.4518598946095629,-0.43429566351252,1.385382412992857,3.25,0.7001205240817252,0.5776087125532142,0.3956474736720658,0.0,0.7499999999999999
3.3000000000000003,0.0012418583672314193,0.04462866414319553,2.024854640009046,3.1308329376740476,0.11672691071595033,3.1286562150449537,3.3000000000000003,1.2438446678622996,0.695256739295026,1.031391111186403,3.3000000000000003,0.011888394061123688,0.4272332173746021,2.024854640009046,1.6972464400686371,0.13303923566386375,1.6920242433545793,3.3000000000000003,0.7279896455080567,0.47457433895657086,0.5520399630197796,0.0,1.0
3.35,-0.009843788849202078,-0.3700809332065706,2.055534255766759,3.5621837744806117,1.6810881965320228,3.1405565937670423,3.35,1.2860540829982905,0.42967085749427986,1.2121543047882577,3.35,0.0022379176468277965,0.08413535315160858,2.055534255766759,1.9911587596399491,1.0040459275309388,1.71947811312021,3.35,0.7552570770567087,0.32807505438537216,0.6802793625667901,0.0,1.0
3.4000000000000004,-0.01970413163465663,-0.7744511897685443,2.086213871524472,3.92041093680045,3.2902220764077543,2.1316802296084716,3.4000000000000004,1.326876641693967,0.11600167390402184,1.3217962149758657,3.4000000000000004,-0.007798269672007686,-0.30650319118859015,2.086213871524472,2.301275077927045,1.9806049402354333,1.1717811463763717,3.4000000000000004,0.7818672439336267,0.14617326457844199,0.7680818731481991,0.0,1.0
3.45,-0.027904789581500434,-1.145871815078641,2.116893487282185,4.1738794042224345,4.171906311716985,0.1283238374122791,3.45,1.3662051011586362,-0.22599370342481087,1.3473838445091355,3.45,-0.017470744623043877,-0.7174121056714403,2.116893487282185,2.604687595912584,2.6041496820706835,-0.05293303006662736,3.45,0.8077671929840332,-0.059567067102889885,0.8055678758354655,0.0,1.0
3.5,-0.032756812286704476,-1.4044483267924543,2.1475731030398975,4.31405462942681,3.6822157169086274,-2.2477443715489476,3.5,1.4039362009085121,-0.5730792121862226,1.2816462354259246,3.5,-0.026057617445141328,-1.1172203479604343,2.1475731030398975,2.890400379784382,2.3653330258173386,-1.6612086059358984,3.5,0.8329068861909056,-0.2748197689531495,0.7862620273526933,0.0,1.0
3.5500000000000003,-0.033663997467844806,-1.5060893747142254,2.1782527187976104,4.35390412347366,1.7394159656755022,-3.9913548094292612,3.5500000000000003,1.4399709565680583,-0.9002018849715875,1.1239007616569756,3.5500000000000003,-0.032928437648840264,-1.4731812559167587,2.1782527187976104,3.1588793720867443,1.042912994569914,-2.9817530704524073,3.5500000000000003,0.8572395043255516,-0.48352047878380056,0.7078612253634194,0.006155829702431202,1.0
3.6,-0.03037174236549706,-1.4170240118046311,2.2089323345553233,4.325933534693632,-0.9995432829185851,-4.2088732663456705,3.6,1.4742149691714603,-1.1823953908259337,0.8804833417406583,3.6,-0.03759371551584231,-1.7539723911071392,2.2089323345553233,3.4194377942601766,-1.039154786149542,-3.2577157885913564,3.6,0.8807217603207474,-0.6691015730633935,0.572690059304829,0.02447174185242326,1.0
3.6500000000000004,-0.023718019258838454,-1.1533390872519451,2.2396119503130363,4.277173184118476,-3.3704515110786084,-2.6332996522253422,3.6500000000000004,1.50657874714445,-1.3967754999324926,0.5646217531548673,3.6500000000000004,-0.03975660033601156,-1.9332491741142768,2.2396119503130363,3.6852645593343065,-3.0391355291410123,-2.084425606203843,3.6500000000000004,0.9033142220667618,-0.8158418283411571,0.3877869194764529,0.05449673790581632,1.0
3.7,-0.014235410494990794,-0.7210662478027687,2.270291566070749,4.258314120253649,-4.255747666235963,0.14782066188043,3.7,1.5369780389667342,-1.5244634139782716,0.19573653646608993,3.7,-0.03933230160290936,-1.9922990730921681,2.270291566070749,3.966774501667513,-3.9579051807509695,0.2651160637611005,3.7,0.9249816444019497,-0.9102197399986574,0.1645936432469724,0.09549150281252644,1.0
3.75,-0.0039014949995543648,-0.2057429003671247,2.3009711818284617,4.306893666367459,-3.170488827220283,2.915018636281334,3.75,1.5653341751909267,-1.5522721460897866,-0.20179758297478934,3.75,-0.03641233610377913,-1.9201817867227275,2.3009711818284617,4.2654104629193395,-3.167379924836593,2.8568218055951466,3.75,0.9456933100857565,-0.9421537016727397,-0.0817449641587115,0.14644660940672624,1.0
3.8000000000000003,0.005459409160819203,0.2995686994724714,2.3316507975861747,4.431491200657031,-0.5482460107067711,4.397447051784115,3.8000000000000003,1.5915744190720094,-1.4740046555327275,-0.6003494040242311,3.8000000000000003,-0.031242856805563744,-1.7143580386348942,2.3316507975861747,4.570454051510048,-0.8084690710950555,4.498380597286907,3.8000000000000003,0.9654233795011259,-0.906016590689188,-0.3334310109802554,0.2061073738537638,1.0
3.85,0.013763897718935408,0.7854591896648424,2.3623304133438876,4.607994659493816,2.4475884706657958,3.9042189308730366,3.85,1.6156323255761051,-1.291239547663198,-0.9710655189002406,3.85,-0.024214502542405137,-1.3818399361489806,2.3623304133438876,4.859986593940746,2.194969521967986,4.336078699806474,3.85,0.9841512487293232,-0.8013267343068583,-0.5713397809190183,0.2730047501302266,1.0
3.9000000000000004,0.02017397821815109,1.196700213922505,2.3930100291016,4.790624506366171,4.4935224562662,1.6608248240038737,3.9000000000000004,1.6374481090144828,-1.0135189228789514,-1.286085418112419,3.9000000000000004,-0.0158711448793614,-0.9414604430988391,2.3930100291016,5.1050712284174855,4.549121673138779,2.3167313720401537,3.9000000000000004,1.001861915462934,-0.6330408744529714,-0.7765220852795345,0.34549150281252683,1.0
3.95,0.025871956062767636,1.5944854181538617,2.423689644859313,4.928715858432959,4.745983670254166,-1.3296161155947734,3.95,1.6569690200076599,-0.6579003995820948,-1.5207607956200295,3.95,-0.006869777733618508,-0.423383543000692,2.423689644859313,5.275248154514365,5.220903267839277,-0.755256353546515,3.95,1.0185463519584184,-0.4114058804864883,-0.9317627769925882,0.42178276747988486,1.0
4.0,0.029317245494046327,1.876303711618965,2.454369260617026,4.980017033495703,3.206928650151697,-3.8100102738370087,4.0,1.6741497329401915,-0.24788759767087443,-1.6556959464903807,4.0,0.002092444256426823,0.13391643241131668,2.454369260617026,5.34379090504756,3.9413245098070835,-3.6086094753052698,4.0,1.0342018838605052,-0.15136213052400793,-1.023065512087985,0.5000000000000001,1.0
4.05,0.031890923278156104,2.1185180197333193,2.4850488763747385,4.9180597911807356,0.6380597126907457,-4.876493813455494,4.05,1.6889527455307514,0.1881939273982907,-1.6784351111455782,4.05,0.010394155855857522,0.6904850727740971,2.4850488763747385,5.291965506298506,1.3060538132197042,-5.128266993520079,4.05,1.0488325732357417,0.12847028957979337,-1.04093474885585,0.578217232520115,1.0
4.1000000000000005,0.03336181814464961,2.299329868347397,2.5157284921324514,4.735178891418191,-1.8906167940576362,-4.341369285347612,4.1000000000000005,1.7013487926228414,0.6192597011234554,-1.5846466914500812,4.1000000000000005,0.01754119077718909,1.2089564095546497,2.5157284921324514,5.112106192938256,-1.568043383576436,-4.865682858047762,4.1000000000000005,1.0624496035072255,0.4071544008228143,-0.9813380935657577,0.6545084971874745,1.0
4.15,0.03454272408416639,2.4688850719891566,2.5464081078901644,4.443064435308665,-3.536679209953835,-2.6893719977320036,4.15,1.711317276804529,1.0138124846847738,-1.3786917957930098,4.15,0.023163641846372453,1.6555836600514713,2.5464081078901644,4.809594770875619,-3.6179383353979353,-3.169025727458223,4.15,1.0750716631597501,0.6630474513302258,-0.8462547832736682,0.7269952498697739,1.0
4.2,0.036393965276098755,2.696356099375605,2.5770877236478773,4.071870719523984,-4.009426268090743,-0.7103746597822207,4.2,1.7188467189932433,1.3423876191351372,-1.0735127029460505,4.2,0.02701329970581872,2.0013613486046977,2.5770877236478773,4.403953055164782,-4.311339658798813,-0.8984168623549722,4.2,1.0867253240555923,0.8755345645403688,-0.6437477427058201,0.7938926261462367,1.0
4.25,0.038739401819122055,2.9738543927710417,2.60776733940559,3.667916072686957,-3.5460768365503275,0.9375219387067872,4.25,1.7239352326721054,1.579900277533334,-0.6898317182460664,4.25,0.02893659643759971,2.221335910905115,2.60776733940559,3.9293048601987524,-3.780719982191556,1.0703238298005961,4.25,1.0974454089374714,1.026743970876253,-0.38753482923112625,0.8535533905932737,1.0
4.3,0.040392350866048074,3.211474640306884,2.6384469551633027,3.288504229332822,-2.624674905477937,1.9812475127793203,4.3,1.7265910260300992,1.7077003259800414,-0.25470800500834445,4.3,0.02890002684130562,2.2977544340716856,2.6384469551633027,3.434259548388875,-2.592829399195956,2.25197121481721,4.3,1.1072753411716356,1.1030992640081576,-0.09607650551213319,0.9045084971874736,1.0
4.3500000000000005,0.040651809273480236,3.3461672952518207,2.6691265709210157,2.990211263036604,-1.6373472754410279,2.502090585329957,4.3500000000000005,1.7268329368245705,1.7151599307311505,0.2004455130864402,4.3500000000000005,0.027004888315124206,2.2228499962717803,2.6691265709210157,2.9800347753678715,-1.3457586552872276,2.6588608282723927,4.3500000000000005,1.1162674679829334,1.0965727566934451,0.20876122569760802,0.9455032620941842,1.0
4.4,0.03862799429016478,3.2904870656133975,2.6998061866787286,2.8080032146987177,-0.7278057587257797,2.7120436632406797,4.4,1.724691005325173,1.600653662792679,0.642235872275861,4.4,0.023481320435230157,2.0002327999546465,2.6998061866787286,2.6319154514440997,-0.358308605674524,2.6074113382145474,4.4,1.1244833463510515,1.0055245481536281,0.5033718101774284,0.9755282581475768,1.0
4.45,0.032521566958430025,2.8658370671396822,2.730485802436441,2.7349333625033196,0.14830397992077995,2.730909450507902,4.45,1.7202070911722416,1.3718380355955015,1.0378693755057715,4.45,0.01867650699051448,1.6457948070745003,2.730485802436441,2.435730569824626,0.3833515274893337,2.405374194413375,4.45,1.1319939783904958,0.8350429686005126,0.7642732546041273,0.9938441702975689,1.0
4.5,0.023634967594236875,2.1537364220248354,2.761165418194154,2.724173022442854,1.0409623919944422,2.517442343859864,4.5,1.7134355403272739,1.0451934248598387,1.3577304796926293,4.5,0.013017450202238854,1.1862151496790156,2.761165418194154,2.3861287445372845,1.0468022114720956,2.1442517379179633,4.5,1.1388799804757623,0.5967413006156472,0.9700244481805697,1.0,1.0
4.55,0.012930410771663547,1.2179978219516587,2.791845033951867,2.714911281393229,1.8674568625201318,1.970621255457956,4.55,1.7044439084167644,0.6448515913999457,1.5777501266068632,4.55,0.006968666040055346,0.6564230795588183,2.791845033951867,2.423965998834067,1.7144611266401024,1.7135443410497393,4.55,1.1452316676907934,0.30800998217084835,1.1030346429577584,1.0,1.0
4.6000000000000005,0.001339450114230914,0.13037671631878028,2.82252464970958,2.657620291943623,2.4239265496464215,1.089736526904418,4.6000000000000005,1.6933137465411428,0.20079153520310777,1.6813667665372658,4.6000000000000005,0.000987878513159862,0.09615614295692836,2.82252464970958,2.473082673986312,2.2692006173965096,0.9832936847039074,4.6000000000000005,1.1511490325285065,-0.009230762067491044,1.1511120224039753,1.0,1.0
4.65,-0.011014199246710871,-1.1074185329358273,2.8532042654672924,2.5248224220642093,2.5242880402594845,0.05194374612125849,4.65,1.6801414548521534,-0.25345989551157433,1.6609134202841436,4.65,-0.004515187897024309,-0.45397787391084793,2.8532042654672924,2.474015489309568,2.473996081294367,-0.009799545080078912,4.65,1.1567415943620478,-0.33018959463681874,1.1086144269856972,1.0,1.0
4.7,-0.021048709041711824,-2.185340118837647,2.8838838812250054,2.311788879086271,2.147187159413891,-0.8567118091371577,4.7,1.6650392076382066,-0.6834429734692912,1.5183086856722914,4.7,-0.009201145127197254,-0.9552904905410006,2.8838838812250054,2.3937522917108662,2.1654430331230166,-1.020248256244535,4.7,1.1621280943537928,-0.6291486362535448,0.9770945200883498,1.0,1.0
4.75,-0.02923738707638398,-3.133425593076839,2.9145634969827183,2.0341636390833324,1.4727589966284962,-1.4031402810904445,4.75,1.6481359509511213,-1.056487008860357,1.2649851038359514,4.75,-0.012818571831751661,-1.3737903780310101,2.9145634969827183,2.2227750074418173,1.404153487924844,-1.7231023521707773,4.75,1.167436009542418,-0.8815408902511527,0.7653708220147474,1.0,1.0
4.800000000000001,-0.034750436682266225,-3.8431202935651885,2.945243112740431,1.7261335068953891,0.7801987145471928,-1.5397489566308797,4.800000000000001,1.6295784695004458,-1.344318569591633,0.9210502547149754,4.800000000000001,-0.015212104952022376,-1.6823371108540595,2.945243112740431,1.969821904494503,0.46787480010726107,-1.9134501579217946,4.800000000000001,1.1728008603062678,-1.0659919504760462,0.48900206487845904,1.0,1.0
4.8500000000000005,-0.037347806472312964,-4.260791822063163,2.9759227284981438,1.4399970271815832,0.28192759909378756,-1.4121289838966589,4.8500000000000005,1.6095325130434748,-1.525341572502621,0.5137392312635615,4.8500000000000005,-0.016319944892662513,-1.8618466331276224,2.9759227284981438,1.657651103384726,-0.30537718668122044,-1.6292795814123686,4.8500000000000005,1.1783652877412851,-1.1661556427113675,0.16919151375302133,1.0,1.0
4.9,-0.036361277476609326,-4.277867933845612,3.0066023442558567,1.2414495790724087,0.012821322818944384,-1.2413833698983698,4.9,1.5881839630781986,-1.5863989907439096,0.07527644216803811,4.9,-0.01617162273823413,-1.9025752435305077,3.0066023442558567,1.320709762470234,-0.7096048136486678,-1.113882976407675,4.9,1.1842778822062394,-1.1721857250896082,-0.16880381565309777,1.0,1.0
4.95,-0.03396333738903303,-4.11932403815517,3.0372819600135696,1.1799325898941473,-0.15288567918747228,-1.1699858485442014,4.95,1.565740007438799,-1.5238662841063881,-0.35968502757028825,4.95,-0.01488124985954413,-1.8049077321832263,3.0372819600135696,1.005927008288593,-0.7659186162612966,-0.6521179488933113,4.95,1.1906917517857667,-1.0817118145060243,-0.497640832457248,1.0,1.0
5.0,-0.030268094404400193,-3.783511800550024,3.067961575771282,1.2391148195125283,-0.3791444093562971,-1.1796843021713184,5.0,1.5424302724527958,-1.343980026786852,-0.7568413525811192,5.0,-0.012636924427716823,-1.5796155534646028,3.067961575771282,0.7758242171025247,-0.6647683477631224,-0.399982824200032,5.0,1.1977628299265237,-0.9002254584055313,-0.7900822240704733,1.0,1.0
5.050000000000001,-0.02460478641353128,-3.168792005830962,3.098641191528995,1.348470972833297,-0.7341301441593917,-1.1311175429682316,5.050000000000001,1.5185078387376285,-1.0623672636083654,-1.0850077665716946,5.050000000000001,-0.00968558666615528,-1.2473837034658068,3.098641191528995,0.6891697276531619,-0.6095861261621687,-0.32149598489582076,5.050000000000001,1.2056479349364213,-0.6408288452462977,-1.0212371586055582,1.0,1.0
5.1000000000000005,-0.019083031772414463,-2.5313832476425517,3.129320807286708,1.4425836727042716,-1.1385442145108828,-0.8858694736566678,5.1000000000000005,1.4942500368540923,-0.7028067688765319,-1.3186530317941052,5.1000000000000005,-0.0063098651840569385,-0.8370099265303372,3.129320807286708,0.7274814320268943,-0.6786282731134785,-0.26209330566597616,5.1000000000000005,1.2145026099130563,-0.3233503426410557,-1.1706669660494984,1.0,1.0
5.15,-0.014179461575144301,-1.936785063577839,3.160000423044421,1.4842227985688572,-1.4240488514723677,-0.4183326241303696,5.15,1.469958882917698,-0.29531715038723655,-1.43998850625823,5.15,-0.002803001930004329,-0.3828644862459802,3.160000423044421,0.8018919305435135,-0.7967841902655911,-0.09036383354865661,5.15,1.2244787890104667,0.02711634387812283,-1.2241785035815742,1.0,0.7499999999999978
5.2,-0.009405901383419887,-1.3225449817199035,3.1906800388021335,1.4596139202229783,-1.450950533014742,0.15879340934977954,5.2,1.4459609731773597,0.12627672562006448,-1.440436504854932,5.2,0.0005532580746186371,0.07779251135597733,3.1906800388021335,0.8460527973223935,-0.8220698946614322,0.20001605972618486,5.2,1.235722353296921,0.3821434673256617,-1.175149396807913,1.0,0.2500000000000022
5.25,-0.004710702598996966,-0.681653387020483,3.2213596545598464,1.3708865072894247,-1.1992783232389597,0.6641244757403145,5.25,1.422606613853237,0.5271030176137957,-1.321352332499324,5.25,0.0035103709827438343,0.5079616511123539,3.2213596545598464,0.8334255069853753,-0.6699679141972922,0.49572277498614037,5.25,1.2483706549379323,0.7122235899233185,-1.0252642830348198,1.0,3.749399456654644e-33
5.300000000000001,-0.00034996785834856347,-0.052102164847359106,3.2520392703175593,1.2308551827796024,-0.775681555041632,0.9556791334666694,5.300000000000001,1.4002679245490184,0.87410330581461,-1.0939349483789178,5.300000000000001,0.005872538122716059,0.8742858580955991,3.2520392703175593,0.7614318588440913,-0.38040021714290856,0.6596015088372648,5.300000000000001,1.262550100009238,0.9891693899033456,-0.7845869442653123,1.0,0.0
5.3500000000000005,0.0025127862588684964,0.38478390211538005,3.2827188860752723,1.0595741434675066,-0.3424542860391515,1.0027075483301775,5.3500000000000005,1.379335630546546,1.1387592893914302,-0.7783277346465065,5.3500000000000005,0.007508514105997504,1.1497815807441878,3.2827188860752723,0.6417139997550548,-0.08412335972859991,0.6361761688633134,5.3500000000000005,1.2783738859807863,1.1884651631016059,-0.4709462267090477,1.0,0.0
5.4,0.004522380534769911,0.7121121285270093,3.313398501832985,0.8821653986222995,-0.025148488498258827,0.8818068632374628,5.4,1.3602142655872729,1.2994601600943796,-0.40197778624522695,5.4,0.008355287203810497,1.3156569442608164,3.313398501832985,0.4968803002019748,0.09651847540036734,0.48741585595381826,5.4,1.2959399883797735,1.2913757631773395,-0.10866964507125114,1.0,0.0
5.45,0.006872881203595547,1.1125725590263924,3.3440781175906977,0.7275661483037216,0.14101374548059203,0.7137700075956174,5.45,1.3433155596673645,1.3433130123022605,0.002616070310928082,5.45,0.00841187445327806,1.3617026701692794,3.3440781175906977,0.36354668320260175,0.13252897436564529,0.338529558268112,5.45,1.3153294817276837,1.2866342567090792,0.2732470218770782,1.0,0.0
5.5,0.008431024350139801,1.4027116762545095,3.3747577333484107,0.6256143455132452,0.20295669067009856,0.591778582769103,5.5,1.3290499028472258,1.2672432307776293,0.40058487029154816,5.5,0.00773255396223626,1.2865036654670579,3.3747577333484107,0.29831335092390976,0.09695254353218714,0.282118875019186,5.5,1.336605262983382,1.171560159806026,0.6433975606032051,1.0,0.0
5.550000000000001,0.008003949671008728,1.3683062115639177,3.4054373491061236,0.5953886461685601,0.24110640395524616,0.5443852881537125,5.550000000000001,1.3178159664116862,1.0782893760689212,0.7575823009986855,5.550000000000001,0.006420255785511467,1.0975676050243546,3.4054373491061236,0.33040463690235516,0.09759018961081116,0.3156633950560361,5.550000000000001,1.359811222908547,0.9525035329576443,0.9704759562458228,1.0,0.0
5.6000000000000005,0.007650313869953662,1.3435175205857826,3.436116964863836,0.6298190924532949,0.3201542955855379,0.5423774665644031,5.6000000000000005,1.3099888221030096,0.793062954715063,1.0426513625816851,5.6000000000000005,0.004626206519363021,0.8124358841044566,3.436116964863836,0.40378971784266426,0.19059151031423052,0.35597894942201147,5.6000000000000005,1.3849718843715124,0.6445630996584747,1.2258407445742034,1.0,0.0
5.65,0.007023228437248881,1.2667244053026374,3.466796580621549,0.7039787828910714,0.4649525805706458,0.5285879534963802,5.65,1.30590720040798,0.436412190809609,1.230828182887508,5.65,0.002538850870974283,0.4579125381470226,3.466796580621549,0.4631148998912569,0.34124155515760657,0.3130968085671061,5.65,1.4120924994784787,0.27058473938520516,1.3859253680827184,1.0,0.0
5.7,0.005564531268846806,1.0305122392715467,3.497476196379262,0.796332543006213,0.6601599037619834,0.44534752779791087,5.7,1.3058608152037618,0.039394815959427745,1.3052664544682653,5.7,0.0003622906324888983,0.06709368910251655,3.497476196379262,0.48557374949115356,0.4574124470481933,0.16295925711748122,5.7,1.4411595724308657,-0.14049450216337162,1.4342950212808319,1.0,0.0
5.75,0.0029593251112807082,0.5625954473273809,3.5281558121369745,0.8940213985107476,0.8579967170657143,0.25122876925139287,5.75,1.3100788801059022,-0.36327751304829864,1.2587041434002584,5.75,-0.001703836931668522,-0.32391537418142047,3.5281558121369745,0.4658818382258981,0.46449783277486284,-0.03588384784547879,5.75,1.472141754557528,-0.5558371565731078,1.3631751174681994,1.0,0.0
5.800000000000001,0.0002961262194053917,0.057777778920624814,3.5588354278946874,0.9881284475534549,0.9859868901421835,-0.06502062236049817,5.800000000000001,1.3187209776770998,-0.7361160831523921,1.0941472154559582,5.800000000000001,-0.0034871019163701666,-0.6803754291068163,3.5588354278946874,0.4086407158214737,0.361839896148242,-0.18989240159236462,5.800000000000001,1.5049910436590743,-0.9412652623044682,1.1743158635873614,1.0,0.0
5.8500000000000005,-0.0012761506637848578,-0.25548743663455725,3.5895150436524004,1.0696954344938607,0.9622213177636151,-0.46730980967476127,5.8500000000000005,1.3318712712008718,-1.0458185663811197,0.8247088027072136,5.8500000000000005,-0.004850094593372626,-0.9709968189969144,3.5895150436524004,0.3261972315493898,0.2192075450397494,-0.2415630064147498,5.8500000000000005,1.5396442122667104,-1.2639907110701964,0.879108515881082,1.0,0.0
5.9,-0.0022334462837644044,-0.4587029643132497,3.6201946594101133,1.1287200126383792,0.7284330395845873,-0.8622030931120241,5.9,1.349536678836146,-1.2640758818988147,0.47261126978292495,5.9,-0.0056952325786533324,-1.169681171771243,3.6201946594101133,0.24052211062402934,0.12033034523494682,-0.20825823804756516,5.9,1.5760243883799547,-1.4952995858677363,0.497927726956621,1.0,0.0
5.95,-0.00270850167043909,-0.5705319958069334,3.650874275167826,1.1551542241394073,0.29399445229053567,-1.1171161728170906,5.95,1.371649131289438,-1.3699908361510353,0.06742735519992961,5.95,-0.005970017059724562,-1.257553497293548,3.650874275167826,0.19015025302174135,0.1001474188822697,-0.1616403823784498,5.95,1.6140427167073361,-1.6129736317288177,0.05873631503207035,1.0,0.0
6.0,-0.0013594332593728177,-0.2936375840245286,3.6815538909255388,1.1406278906250333,-0.23806334468347987,-1.1155078793042332,6.0,1.398071518361381,-1.3519074600133443,-0.35630070167425293,6.0,-0.005668163902909179,-1.2243234030283827,3.6815538909255388,0.2084040074041957,0.12395105951807647,-0.16753616071306612,6.0,1.653600036957073,-1.6032490799594559,-0.4049511943846947,1.0,0.0
6.050000000000001,0.00034064262615344376,0.07543364892887765,3.7122335066832517,1.0800447926762244,-0.6944361512725098,-0.8271971868864476,6.050000000000001,1.4286065124977825,-1.2084971048106792,-0.7618735559233453,6.050000000000001,-0.004828950626171245,-1.0693475750313202,3.7122335066832517,0.2643792708481833,0.12145494369489396,-0.2348299288981011,6.050000000000001,1.694588526733381,-1.4621465072540825,-0.8565966765410067,1.0,0.0
6.1000000000000005,0.0027194961668636415,0.6172739594508764,3.7429131224409646,0.9726440037224426,-0.9083019032920798,-0.34788505350648274,6.1000000000000005,1.463007219022203,-0.9490072425913176,-1.1134520090333053,6.1000000000000005,-0.003533584435117188,-0.8020565286673347,3.7429131224409646,0.3152980776714022,0.04609184450229356,-0.31191091621432226,6.1000000000000005,1.7368932686118663,-1.196052773572537,-1.2594665495274793,1.0,0.0
6.15,0.004796744109166239,1.1157628525239818,3.773592738198677,0.8224059907827586,-0.8120257429168327,0.13025285607516052,6.15,1.5009885657063275,-0.5926466493721618,-1.3790346708364833,6.15,-0.0018982111428720249,-0.44153980935035464,3.773592738198677,0.3418574426997064,-0.08753329469159128,-0.33046094088351513,6.15,1.7803937127813032,-0.8214937108463638,-1.5795410268654198,1.0,0.0
6.2,0.006932396498278133,1.652184192641631,3.80427235395639,0.6378498757221606,-0.4857774379933691,0.4133675660902462,6.2,1.5422384767420663,-0.16715069965386747,-1.5331536657324702,6.2,-6.371119539897233e-05,-0.015184161777046278,3.80427235395639,0.33789860424746565,-0.21555167772756278,-0.2602171035524343,6.2,1.8249650173759877,-0.364099620722154,-1.7882753649357592,1.0,0.0
6.25,0.008208277950250878,2.0039741089479683,3.834951969714103,0.4314484308365519,-0.12136797567951636,0.41402604139205934,6.25,1.5864281131814897,0.2933628508941492,-1.5590677971171871,6.25,0.0018157826701914212,0.44330631596470244,3.834951969714103,0.3044433839257512,-0.2742898883275186,-0.13210159415177286,6.25,1.8704792577543876,0.1431702362683915,-1.864991940233592,1.0,0.0
6.300000000000001,0.009054316121131093,2.264004583140467,3.865631585471816,0.21990834884808147,0.08567803935265572,0.20253136909075165,6.300000000000001,1.633220732974924,0.7510793983940739,-1.4502722847545366,6.300000000000001,0.0035848533714180042,0.896381830962958,3.865631585471816,0.24786701880325954,-0.24748815944335562,-0.013699268073718554,6.300000000000001,1.9168065032775277,0.6624182440372188,-1.7987076585631336,1.0,0.0
6.3500000000000005,0.008879239915811266,2.2735105120586545,3.8963112012295285,0.06330437902338415,0.05107239719792637,-0.03740393893687565,6.3500000000000005,1.6822789730697623,1.1675018463765834,-1.2111985724644505,6.3500000000000005,0.005098885305477734,1.3055587473363002,3.8963112012295285,0.1803414802860256,-0.17545083239611065,0.04171396556630457,6.3500000000000005,1.9638157656064188,1.1536376897339207,-1.5892427259766542,1.0,0.0
6.4,0.009039856068489118,2.369744029218012,3.9269908169872414,0.1962869650203088,-0.15147569668696856,-0.12483463441722187,6.4,1.7332705513178843,1.506554091899865,-0.8570423398208376,6.4,0.0062352457731791894,1.6345322679642857,3.9269908169872414,0.12557037574927926,-0.12129857823168273,0.03247420799322947,6.4,2.0113758263289014,1.577767056446054,-1.247511054193038,1.0,0.0
6.45,0.007677187586081377,2.060066767747181,3.9576704327449543,0.34454594739096917,-0.34451169841115037,0.004857933861744931,6.45,1.7858725170006797,1.7375260177868102,-0.4127274942286409,6.45,0.0069026332515564875,1.8522258590188183,3.9576704327449543,0.12244517583360619,-0.12235337277372822,0.004740596567504646,6.45,2.059355954087257,1.8997349680851618,-0.7949553425627787,1.0,0.0
6.5,0.005917052461421435,1.6249705322178616,3.988350048502667,0.45222368297141635,-0.3669668720008332,0.2642755650720592,6.5,1.8397742508620711,1.837624295132337,0.08891706289839336,6.5,0.007047793818470806,1.935500377397545,3.988350048502667,0.1648333876544072,-0.16432147879839923,0.012980650643758435,6.5,2.1076265225874153,2.091258866549765,-0.26215627360586563,1.0,0.0
6.550000000000001,0.0033731033449182234,0.9478804089725695,4.01902966426038,0.5117670283241618,-0.17944464905911173,0.4792756088137552,6.550000000000001,1.8946794416627633,1.7939240696408207,0.6096282629790352,6.550000000000001,0.006659033463242727,1.8712641496768514,4.01902966426038,0.21090270894509547,-0.19639393725980925,0.07687245311533746,6.550000000000001,2.1560595412035997,2.133176541483138,0.3132899425150989,1.0,0.0
6.6000000000000005,0.0010706356246691722,0.3078034595498884,4.049709280018092,0.5220177613883659,0.11574440718120547,0.5090243367572833,6.6000000000000005,1.9503072612558665,1.6045636770571603,1.1086360176253358,6.6000000000000005,0.005766252629140189,1.6577745658672884,4.049709280018092,0.24099760522648656,-0.17324178481186364,0.16753247362855178,6.6000000000000005,2.2045291095967627,2.017123132159411,0.8894733637197364,1.0,0.0
6.65,-0.0009204262018981319,-0.27067859229437696,4.080388895775806,0.4866203870124924,0.35041584411668764,0.3376509103322204,6.65,2.0063929371185485,1.2790840687648373,1.5458190589946756,6.65,0.00443743743199828,1.3049599359630173,4.080388895775806,0.2486826235393439,-0.09032758866586639,0.23169802324625274,6.65,2.2529118070507708,1.74641466831422,1.4232524079184625,1.0,0.0
6.7,-0.0028832446999398223,-0.8671733256880009,4.111068511533518,0.41328392375246376,0.4061908025038988,0.07624062954534817,6.7,2.0626878900462566,0.8378818142932515,1.8848436001483324,6.7,0.0027715489866826544,0.8335793878816353,4.111068511533518,0.23354048086203538,0.0138946262123979,0.23312678002256296,6.7,2.3010870262643404,1.3360589062583719,1.8734855487699251,1.0,0.0
6.75,-0.004040114895729765,-1.24252471082264,4.1417481272912315,0.3128334605117515,0.28832616704947944,-0.12137872717372375,6.75,2.118959571916044,0.3108139926913627,2.0960401545203946,6.75,0.0008898377131966639,0.27366680795078024,4.1417481272912315,0.19939002029289524,0.08850378667713384,0.1786713741375757,6.75,2.348937260246871,0.8118805404370429,2.2041679247815336,1.0,0.0
6.800000000000001,-0.005237242393706568,-1.646756600337944,4.172427743048944,0.1980194742884345,0.10906071390978282,-0.1652799832979072,6.800000000000001,2.1749911079036637,-0.2649405345243193,2.1587943006747943,6.800000000000001,-0.0010735667861122063,-0.33756375169083336,4.172427743048944,0.15434718195238656,0.10809235358036673,0.11017756429555023,6.800000000000001,2.396348349844629,0.20881568383216292,2.3872330058016504,1.0,0.0
6.8500000000000005,-0.005986902929151773,-1.9243051009479004,4.2031073588066565,0.08218513876868652,-0.0016129367509405926,-0.08216930977844299,6.8500000000000005,2.2305808211595246,-0.8476012699199172,2.0632651034113,6.8500000000000005,-0.0029815055956291855,-0.9583129197297369,4.2031073588066565,0.11345535441296296,0.08883357816948668,0.07057416548976497,6.8500000000000005,2.4432096983335225,-0.4315054607388943,2.4048028333698164,1.0,0.0
6.9,-0.00688280882967672,-2.26106464582827,4.23378697456437,0.02220984133346252,0.010997121321622665,0.019296123307418315,6.9,2.2855416962870723,-1.3938806957824745,1.811297173682925,6.9,-0.0047033874498795475,-1.5451051077724807,4.23378697456437,0.10148482461218677,0.07182628030524206,0.07169487488014124,6.9,2.4894144584959417,-1.0637135578726091,2.250710512919562,1.0,0.0
6.95,-0.007662423048302477,-2.5722936155698815,4.264466590322082,0.10440589594090208,0.09684915507133628,0.03899784954572148,6.95,2.3397008208539654,-1.8622180115738087,1.4164547322363712,6.95,-0.006123911231400705,-2.0558115446703913,4.264466590322082,0.12511325432704448,0.08860155960636726,0.08833510085816998,6.95,2.534859696674769,-1.6419763601056165,1.9311725232822705,1.0,0.0
7.0,-0.007799143249785247,-2.67510613467634,4.295146206079795,0.1572139575561027,0.1523373894911064,-0.03885290482688536,7.0,2.392898831062645,-2.215906665971707,0.9031735510980857,7.0,-0.0071503931539092045,-2.4525848517908573,4.295146206079795,0.1588922995221177,0.13643418163433055,0.08144002043956558,7.0,2.579446537477816,-2.1233539992238133,1.4645518883557973,1.0,0.0
7.050000000000001,-0.008539608438037832,-2.9923012131606073,4.325825821837508,0.1773633239881331,0.10853769412453307,-0.14027586267868314,7.050000000000001,2.4449893779411274,-2.425879373298462,0.3050939600352675,7.050000000000001,-0.007718302012998817,-2.7045132858975705,4.325825821837508,0.1845024791793698,0.18191799153254018,0.03077351426308713,7.050000000000001,2.6230802920923777,-2.4709836942791914,0.8802214501872764,1.0,0.0
7.1000000000000005,-0.007322102423877586,-2.620661000632451,4.356505437595221,0.16717961224325,-0.012397146699602849,-0.1667193255250031,7.1000000000000005,2.4958386233183028,-2.4729413938215647,-0.3373000094444942,7.1000000000000005,-0.007794743922113762,-2.789824591907659,4.356505437595221,0.19465041123089263,0.18845019108876973,-0.04873713236293029,7.1000000000000005,2.6656705725580534,-2.6568557056238804,0.2166041571526541,1.0,0.0
7.15,-0.006895799223067177,-2.5205930448359504,4.387185053352934,0.13864873506448705,-0.11454991272432577,-0.07811395028950761,7.15,2.5453247698215327,-2.3492856906540216,-0.9795585370743778,7.15,-0.007379924052167884,-2.697553196602212,4.387185053352934,0.18751121015445713,0.1451026238840509,-0.11876734599860622,7.15,2.707131393829255,-2.6639719037566962,-0.4814707462046344,1.0,0.0
7.2,-0.006342973327988896,-2.3675021087251995,4.417864669110647,0.12553982014320098,-0.10396784309173564,0.07036287404902876,7.2,2.5933376256741627,-2.0591786297091006,-1.5764464506245226,7.2,-0.006506730965166792,-2.428624319286575,4.417864669110647,0.16477991734298372,0.07451985363275976,-0.14696670566530576,7.2,2.747381265027469,-2.487723637138256,-1.165905193678948,1.0,0.0
7.25,-0.004767416838205241,-1.8167582697966818,4.448544284868359,0.16880376878246658,0.035818239280408365,0.16495989236785968,7.25,2.639778202770722,-1.618767748667172,-2.085190623348004,7.25,-0.005237633540160909,-1.9959475689216315,4.448544284868359,0.13128446786895767,0.014826689601553358,-0.13044455059179194,7.25,2.786343270927562,-2.1363831886830966,-1.7887357810910893,1.0,0.0
7.300000000000001,-0.002726969751524934,-1.0608375918289756,4.479223900626073,0.25265636206425063,0.22497450054565626,0.11498570083177398,7.300000000000001,2.684558345051054,-1.055028847000373,-2.4685557802043516,7.300000000000001,-0.0036595915988123845,-1.4236433449951977,4.479223900626073,0.09610369365225804,-0.009218370191197282,-0.09566055396361192,7.300000000000001,2.823945144432357,-1.6306685944214419,-2.305555489232624,1.0,0.0
7.3500000000000005,0.0002607437491933371,0.10353231455235837,4.509903516383785,0.3474990583689457,0.3379092480827773,-0.08107364323524627,7.3500000000000005,2.727600383339389,-0.40393317865374745,-2.6975251321119997,7.3500000000000005,-0.0018775564310616888,-0.7455126483831712,4.509903516383785,0.07615672798176258,-0.0031423369523346455,-0.07609187167737545,7.3500000000000005,2.8601193305560035,-1.0024099709408985,-2.6787043202224448,1.0,0.0
7.4,0.0018715727101040953,0.758406179879222,4.540583132141498,0.4370897069657064,0.2850481202338024,-0.3313532572445046,7.4,2.7688368123796128,0.29202792446603154,-2.7533937213774125,7.4,-7.051370202609776e-06,-0.002857384438982344,4.540583132141498,0.086165259086082,0.00454351726555083,-0.08604538525818382,7.4,2.8948030422508046,-0.292411585863574,-2.879996548240512,1.0,0.0
7.45,0.004420294083093637,1.8277634239844391,4.571262747899211,0.5123049061337053,0.06788948344212371,-0.5077867021561575,7.45,2.8082099856506044,0.9867782481509544,-2.629127614339765,7.45,0.0018336297281171562,0.7581942031869273,4.571262747899211,0.11172248367311635,-0.013118005003902294,-0.11094967914693285,7.45,2.9279383082665094,0.45233725164049715,-2.8927865022833728,1.0,0.0
7.5,0.006057018672387929,2.5553047524136576,4.601942363656923,0.568556558445694,-0.22703372365717264,-0.5212602502339598,7.5,2.845671823589269,1.6338378534443765,-2.329897421824006,7.5,0.0035310775533775865,1.4896733428311693,4.601942363656923,0.13461424899864366,-0.05961375977122203,-0.12069463815517187,7.5,2.9594720131188668,1.1819021697871421,-2.713223517789547,1.0,0.0
7.550000000000001,0.007328168222524822,3.153815513738758,4.632621979414636,0.6052284501216052,-0.48367229315264587,-0.3638166979030256,7.550000000000001,2.8811835310152083,2.1895215621442694,-1.8727556883636964,7.550000000000001,0.004983790894203628,2.1448684803736597,4.632621979414636,0.14689065998286008,-0.11245123313246269,-0.09450706935033343,7.550000000000001,2.989355929159698,1.846862088475596,-2.350606155304159,1.0,0.0
7.6000000000000005,0.00767383613070367,3.368629889311775,4.663301595172349,0.6252189148677587,-0.6176539718222854,-0.0969652649177689,7.6000000000000005,2.914715319791967,2.6159284089702135,-1.2854897722551337,7.6000000000000005,0.006108152731873946,2.6813324536270984,4.663301595172349,0.14595274202121797,-0.14103235673702244,-0.037577616432038996,7.6000000000000005,3.0175467406788083,2.401738586140014,-1.826811456069692,1.0,0.0
7.65,0.007802928795898096,3.4933487885032903,4.693981210930062,0.6339071638235257,-0.6035225278950942,0.19390423066529902,7.65,2.9462461330426724,2.88351442635913,-0.604740299176165,7.65,0.0068428563497743055,3.0635271145819516,4.693981210930062,0.13217623571627393,-0.1301628894857295,0.022982155879068076,7.65,3.044006059924601,2.8081522942156445,-1.1748419405814154,1.0,0.0
7.7,0.008010102041573262,3.6568759153455663,4.724660826687775,0.6372819279278973,-0.4613301232042963,0.43966211240884334,7.7,2.975763367540936,2.973074488974168,0.12647411833874664,7.7,0.007152002268294566,3.265125051551323,4.724660826687775,0.10822390223052826,-0.09088118491288523,0.05876243053884772,7.7,3.0687004349014946,3.037483505708975,-0.4365962800008004,1.0,0.0
7.75,0.007498937845278238,3.4906383960731873,4.755340442445488,0.6394985851895333,-0.2280016966766352,0.5974727330782472,7.75,3.0032625912072786,2.877004074235816,0.861645953147564,7.75,0.007027090239152546,3.271000708040523,4.755340442445488,0.0792351497850789,-0.05096296364307609,0.06067112408863373,7.75,3.091601348785487,3.0728513676660043,0.3399755462462104,1.0,0.0
7.800000000000001,0.007449039103915244,3.534956404841188,4.7860200582032,0.6408850518699452,0.05605334793696166,0.6384290656724522,7.800000000000001,3.0287472529490547,2.599765038098187,1.5538763364337516,7.800000000000001,0.006486874288666853,3.0783591674354334,4.7860200582032,0.055128605205074996,-0.033417724397068714,0.0438453966566455,7.800000000000001,3.112685210791558,2.910276269731659,1.104129184161557,1.0,0.0
7.8500000000000005,0.007104910231266599,3.436905296200875,4.816699673960914,0.6376243895445188,0.33806303720018144,0.540627639897378,7.8500000000000005,3.0522283823837024,2.157536727189837,2.158965810071016,7.8500000000000005,0.005575412641317227,2.6970312940931316,4.816699673960914,0.05252334124242982,-0.04001230030058668,0.034025243568921,7.8500000000000005,3.131933338326374,2.558949463226761,1.805764126449426,1.0,0.0
7.9,0.006193433276298481,3.0536041491129273,4.847379289718626,0.6233548895347186,0.5432194390080245,0.3057514667023665,7.9,3.0737242772799624,1.577090667913666,2.6382884523720778,7.9,0.004358533152848203,2.1489268271471254,4.847379289718626,0.07004767809325302,-0.05205104677032829,0.046876067842440625,7.9,3.149331930264926,2.0405980523206404,2.3988020334849254,1.0,0.0
7.95,0.003596202341218815,1.8069473788435133,4.878058905476339,0.5917271011263925,0.5915878919241642,-0.012834653722147614,7.95,3.0932601768401717,0.8939795931689162,2.9612596996249465,7.95,0.002918997381958278,1.4666790596640835,4.878058905476339,0.08962295337369823,-0.046745509591662494,0.07646653584699568,7.95,3.1648720311990544,1.3879975317612463,2.8442710534846563,1.0,0.0
8.0,0.0015055304193486623,0.7708315747065151,4.908738521234052,0.53889279660286,0.4448264927205216,-0.3041953937922322,8.0,3.1108679192308095,0.15017607778916714,3.107240955664573,8.0,0.0013507249151076036,0.691571156535093,4.908738521234052,0.10235675803386539,-0.015681413828122093,0.1011484017449334,8.0,3.1785494865180843,0.6427433445123256,3.112885772290639,1.0,0.0
8.05,-0.0005255821827842034,-0.27417526716898044,4.9394181369917645,0.46580105743691225,0.15180044393775094,-0.44037171835807914,8.05,3.1265855820510846,-0.6086703181022632,3.0667666761185157,8.05,-0.00024750948183109285,-0.12911582723069315,4.9394181369917645,0.10531444700910005,0.028914171039426513,0.10126748472207321,8.05,3.19036488819603,-0.1475567151550718,3.1869507582714096,1.0,0.0
8.1,-0.0019791951118995612,-1.0518254294630145,4.970097752749477,0.3814538488513559,-0.15046746197097985,-0.3505232969312094,8.1,3.1404571047137955,-1.3361677062169015,2.8420286218492627,8.1,-0.0017784734001252546,-0.9451536822359653,4.970097752749477,0.09826320371473628,0.06419925103638179,0.07439162164283955,8.1,3.2003235111753376,-0.9324694827875412,3.0614655379166984,1.0,0.0
8.15,-0.0032848913302380243,-1.7782541592192918,5.00077736850719,0.30976013693912063,-0.29914897018686165,-0.08038181431569537,8.15,3.152531892002565,-1.9881116117568671,2.446603676382994,8.15,-0.003152603720755896,-1.7066411382315543,5.00077736850719,0.08284879368762013,0.0743797931000531,0.03649066995667712,8.15,3.2084352402532677,-1.662079950285915,2.7443663985985203,1.0,0.0
8.200000000000001,-0.004389737803903948,-2.4203609534629127,5.031456984264903,0.2938997734750781,-0.20230756427518434,0.21318706875827248,8.200000000000001,3.1628643983683293,-2.525219720871889,1.904462276808221,8.200000000000001,-0.004293467502077894,-2.3672805896856848,5.031456984264903,0.06263638321925566,0.06199011586874791,0.008974521567674743,8.200000000000001,3.2147144873932993,-2.290261625829831,2.2559013543831345,1.0,0.0
8.25,-0.006205187957744223,-3.4843099943352214,5.062136600022616,0.3557676664851302,0.09286931349437928,0.3434325597950164,8.25,3.1715136928390546,-2.9155007716040537,1.24834064046709,8.25,-0.00514199667191096,-2.887311474976003,5.062136600022616,0.0445572833983637,0.044493973986699555,0.0023744015483907702,8.25,3.219180099400093,-2.77765343967112,1.6271944817558814,1.0,0.0
8.3,-0.0075204032497190815,-4.300068812947125,5.092816215780329,0.4621882197901539,0.4133744509033329,0.20673537155784347,8.3,3.178543004742729,-3.1361165975178,0.517598608742638,8.3,-0.005659376748087932,-3.235958052658955,5.092816215780329,0.040783182491323976,0.03968224045181939,0.009412107460320633,8.3,3.2218552559121902,-3.0941475438479267,0.898110386839418,1.0,0.0
8.35,-0.006596704139243409,-3.840488181309128,5.123495831538041,0.5755391465972465,0.5566971865911226,-0.14606009621869903,8.35,3.1840192507872134,-3.1746342844552347,-0.24428620375487756,8.35,-0.0058284997450473745,-3.393252738508447,5.123495831538041,0.053196271257980196,0.051767964197270075,0.012244229605114966,8.35,3.2227673576817937,-3.22073004092073,0.11457506382299205,1.0,0.0
8.4,-0.00682493220051854,-4.045164614976141,5.154175447295755,0.673380193040448,0.4130081648708462,-0.5318506746533345,8.4,3.1880125444026,-3.0296084334496887,-0.9924196306194593,8.4,-0.0056539663390675595,-3.351128465030699,5.154175447295755,0.06891312190563924,0.06886700412051257,-0.002520736846003554,8.4,3.221947905125435,-3.1505643760282434,-0.6744571267648851,1.0,0.0
8.450000000000001,-0.006755957826982006,-4.076214755362151,5.184855063053467,0.7425833203793047,0.03374719817141547,-0.7418160919804399,8.450000000000001,3.1905956886329077,-2.7104784608904393,-1.6832134033959847,8.450000000000001,-0.0051607217939682115,-3.11372730020274,5.184855063053467,0.08030493615243331,0.07318227162503874,-0.03306414811008203,8.450000000000001,3.2194323671432743,-2.889261171586368,-1.4201812028657166,1.0,0.0
8.5,-0.004899057261758153,-3.008633540877226,5.21553467881118,0.7758189240687501,-0.3998808352116321,-0.6648235258876153,8.5,3.1918436542631343,-2.23680959939089,-2.2769604145291162,8.5,-0.0043914960153157365,-2.6969274904057765,5.21553467881118,0.08457356355901507,0.055351897095960056,-0.06394415642534518,8.5,3.2152600402181966,-2.454334672366956,-2.077050418800975,1.0,0.0
8.55,-0.0032498272996254202,-2.031227776460916,5.246214294568893,0.770610477990668,-0.687924190042762,-0.34727628416437495,8.55,3.191833045282493,-1.636945963038616,-2.7401106005139444,8.55,-0.0034032862880201725,-2.1271436916884547,5.246214294568893,0.08112238169231521,0.02168528640530088,-0.07817025754693245,8.55,3.209473897819114,-1.8739006672944172,-2.6056129777646864,1.0,0.0
8.6,-0.003554194200806877,-2.2606665465884186,5.2768939103266055,0.7293049372300029,-0.7277381466016413,0.04777950867125538,8.6,3.1906415542111817,-0.9461773491924157,-3.0471202718853023,8.6,-0.002263164941611723,-1.4394996401017859,5.2768939103266055,0.07079557071904576,-0.010904599943927082,-0.06995071503207322,8.6,3.202120430146118,-1.1847199951332872,-2.974897272560944,1.0,0.0
8.65,-0.0018487533778613913,-1.1965402241700438,5.307573526084319,0.6594678327878728,-0.558839148982862,0.35013801285499463,8.65,3.1883474102503087,-0.20454660568550667,-3.1817793598162,8.65,-0.0010436826459871281,-0.675486672341567,5.307573526084319,0.05572299075128578,-0.02773802422756305,-0.048328601368330594,8.65,3.1932494742689035,-0.42973228608975184,-3.1642016950900436,1.0,0.0
8.700000000000001,-0.0011076316907050216,-0.7293787912243291,5.338253141842031,0.5747872984105192,-0.31221286118921127,0.4826008368435653,8.700000000000001,3.185028823645159,0.5455596864107175,-3.1379568569395446,8.700000000000001,0.00018160110696035538,0.11958487373671495,5.338253141842031,0.03979076361660314,-0.02675041583926413,-0.02945708949673805,8.700000000000001,3.1829140347245906,0.3447460541114874,-3.164188981496101,1.0,0.0
8.75,-0.00027508317386983457,-0.18428423561983057,5.368932757599744,0.4963772518931461,-0.1075548342409275,0.48458470242920215,8.75,3.180763430071271,1.2618881658222678,-2.919742155574096,8.75,0.0013423384700806493,0.8992619047610599,5.368932757599744,0.030476187398169034,-0.018675484874229716,-0.024083692886281666,8.75,3.171170094657351,1.0919690475931796,-2.9772341809719225,1.0,0.0
8.8,0.0008581727885021517,0.5848207265261385,5.399612373357457,0.4511350529945667,0.023713500457044543,0.45051138269358326,8.8,3.1756277392497174,1.9047172806467416,-2.5409965799067797,8.8,0.0023753075373916244,1.6187055781213455,5.399612373357457,0.03482079211137335,-0.017550319626569735,-0.03007447163739908,8.8,3.1580764176008542,1.7676598228266986,-2.617026062187943,1.0,0.0
8.85,0.0012840382199047766,0.8900363887846529,5.43029198911517,0.45763029107270414,0.13545166627576488,0.43712507296013886,8.85,3.169696592359754,2.439043054852134,-2.024362977381924,8.85,0.0032277122132568937,2.2373020349318953,5.43029198911517,0.04599105808984671,-0.02942833730818267,-0.03534332168174743,8.85,3.1436943400261854,2.3326769934306677,-2.107470556812582,1.0,0.0
8.9,0.002381048190273055,1.6785651616486053,5.460971604872882,0.5073699370947304,0.2927297114614137,0.41440749160123574,8.9,3.163042633129884,2.836436276447389,-1.3998099687637966,8.9,0.0038597042999290363,2.720971880616673,5.460971604872882,0.05574599797873572,-0.04805734937055928,-0.028250795778547787,8.9,3.128087554803569,2.75528673653458,-1.4809884368196786,1.0,0.0
8.950000000000001,0.0032439618046893786,2.3256525816181726,5.491651220630596,0.5740019932134294,0.4903791957085022,0.29833962631415956,8.950000000000001,3.155735797737679,3.0764795645577085,-0.7028100127216996,8.950000000000001,0.00424602275642292,3.0440474887249853,5.491651220630596,0.06079146899433385,-0.06038684287661109,-0.007002278906508792,8.950000000000001,3.1113218857568588,3.012910169575161,-0.7763350995930768,1.0,0.0
9.0,0.004322195267235718,3.1508803498148383,5.522330836388308,0.6342704516356626,0.633104514558435,0.038440596559312395,9.0,3.1478428288199316,3.1477206513980063,0.027734017299675038,9.0,0.004376702035337954,3.190615783761368,5.522330836388308,0.06016773322323716,-0.05704934680347647,0.019118790508798035,9.0,3.0934650535264985,3.0932544532976514,-0.036096046098564843,1.0,0.0
9.05,0.0037372879027839307,2.7701436632427368,5.553010452146021,0.674187750126414,0.5979120265799202,-0.3114969195539642,9.05,3.139426818973725,3.04810787499686,0.7516908500664405,9.05,0.0042568580140515035,3.155258187137473,5.553010452146021,0.05417538440254978,-0.03945165355800754,0.03712868576590054,9.05,3.0745864330004844,2.9947791419214598,0.6959738681177691,1.0,0.0
9.1,0.004272891652706059,3.2199272356213573,5.583690067903734,0.6875135710853867,0.3344416271245131,-0.6006860315280265,9.1,3.130546789103354,2.784903518143212,1.4299075471508225,9.1,0.0039056155876132747,2.9431586439733226,5.583690067903734,0.04409291110595702,-0.018241530890152905,0.04014263768839094,9.1,3.0547568026251324,2.7264935563203627,1.37759646142405,1.0,0.0
9.15,0.0045317314376869455,3.47158215041947,5.6143696836614465,0.6738324549536282,-0.07392593410229781,-0.6697649838681745,9.15,3.121257306827283,2.3740986349664412,2.026302753014264,9.15,0.00335431693089534,2.569610963108999,5.6143696836614465,0.032309292265702345,-0.004863126671494861,0.03194120169448183,9.15,3.0340480859690913,2.3071233605621906,1.9704389326038325,1.0,0.0
9.200000000000001,0.0030839348301284746,2.4014230450030825,5.64504929941916,0.6372534590363421,-0.4401272930075144,-0.4608469778610471,9.200000000000001,3.1116081498963846,1.839378028991702,2.5097397763441935,9.200000000000001,0.0026440552937540933,2.058894128582788,5.64504929941916,0.02335877319471187,-0.0031038460655866103,0.023151639785620636,9.200000000000001,3.012533085986314,1.7637223624595844,2.442261047128707,1.0,0.0
9.25,0.001572924167035393,1.2448957473881836,5.675728915176872,0.5853570704443267,-0.5812111150420709,-0.06954523470890717,9.25,3.1016440191861516,1.2107050446495855,2.855589066482303,9.25,0.0018227394167540801,1.442612807450694,5.675728915176872,0.023615239884544278,-0.007095007001720488,0.02252421875337984,9.25,2.990285212507405,1.1298365926329328,2.768623290750849,1.0,0.0
9.3,0.0014377625234906922,1.156474350107403,5.706408530934585,0.527955003027401,-0.4327265632559627,0.302463562556461,9.3,3.091404305312451,0.522612092557637,3.0469094472295835,9.3,0.0009419653506418451,0.7576764235462228,5.706408530934585,0.031082434388432945,-0.006857627719230837,0.030316508202226648,9.3,2.967378203584823,0.44335030100961853,2.9340712182401045,1.0,0.0
9.35,-0.0007622785593754883,-0.6230867802879839,5.737088146692298,0.4751518517644131,-0.09109278839438024,0.46633827436495867,9.35,3.0809229122888437,-0.18770605199645682,3.075199575557703,9.35,5.386456536105055e-05,0.04402891592533473,5.737088146692298,0.03886734587786932,0.0033746743500296305,0.038720564931586134,9.35,2.943885841426236,-0.25584332326937853,2.9327475243000953,1.0,0.0
9.4,-0.0013492068594480732,-1.1206296301478185,5.767767762450011,0.43430426412532486,0.245960783059942,0.35794341317306017,9.4,3.0702281409042946,-0.8823932704228178,2.9406942978679655,9.4,-0.0007918878486465833,-0.6577293768802738,5.767767762450011,0.04371816070300511,0.02064134987549094,0.038538451585025446,9.4,2.9198816637720784,-0.9282004243024836,2.7684206513384284,1.0,0.0
9.450000000000001,-0.0009753938723335703,-0.823143301634449,5.798447378207723,0.40675040734881757,0.40086029567138526,0.06897040838416571,9.450000000000001,3.059342633669253,-1.524923786609114,2.6522037620100085,9.450000000000001,-0.0015507423764853068,-1.3086848666689481,5.798447378207723,0.04456509659646291,0.035779873307379854,0.026567809483657407,9.450000000000001,2.8954386717077547,-1.5367732758660209,2.453954563598272,1.0,0.0
9.5,-0.002374403314054453,-2.035754041387437,5.829126993965437,0.3871326724913454,0.3183638791308032,-0.22026381131515604,9.5,3.0482833822759035,-2.0819849030138635,2.226515313731701,9.5,-0.002185489228754426,-1.873783827503326,5.829126993965437,0.04138488594986312,0.04060883989405528,0.007976898366041898,9.5,2.8706290350471044,-2.049219259067977,2.010276469822089,1.0,0.0
9.55,-0.0018340303278096722,-1.597410841783189,5.859806609723149,0.3667153465250425,0.08338955277174938,-0.35710828590990384,9.55,3.037061797568718,-2.525159526544661,1.687398508874556,9.55,-0.002667920387598734,-2.3237156373822483,5.859806609723149,0.03486675458217285,0.03397488879579573,-0.007835656092937307,9.55,2.845523796580081,-2.439466652738776,1.4649259800682737,1.0,0.0
9.600000000000001,-0.002684967039270642,-2.375486998456152,5.890486225480862,0.33786172603299053,-0.15023383528337517,-0.302622439111906,9.600000000000001,3.0256838410510394,-2.832329306554546,1.064271302455167,9.600000000000001,-0.0029798865215235094,-2.636412881506625,5.890486225480862,0.026352301227184915,0.02212473889006276,-0.014315715455918927,9.600000000000001,2.820192576641985,-2.6889578916371084,0.850289142791482,1.0,0.0
9.65,-0.0018817359023913243,-1.6909883326547084,5.921165841238575,0.2966660757979319,-0.2645298922837912,-0.13429332305691938,9.65,3.0141502159902913,-2.988734365836047,0.39060007043640294,9.65,-0.0031137614734740083,-2.7981260896510793,5.921165841238575,0.018191909738126774,0.013508325243449084,-0.012184856545620387,9.65,2.7947032796307445,-2.787420033701839,0.20163327328712097,1.0,0.0
9.700000000000001,-0.0016879946064175372,-1.5405871014229136,5.9518454569962875,0.24373322043133008,-0.24230148127297899,0.02637944113789291,9.700000000000001,3.0024566152567154,-2.9876431403310875,-0.2978828503479314,9.700000000000001,-0.003072137670760424,-2.8038571043859295,5.9518454569962875,0.014755206786121649,0.01236050572136664,-0.008058165151774497,9.700000000000001,2.7691218042688566,-2.733142303882273,-0.44493675236634295,1.0,0.0
9.75,-0.0009833490292096526,-0.9114262666201154,5.982525072754001,0.18465752673576252,-0.15368680795727718,0.10236584996995753,9.75,2.9905940221650944,-2.830605024883637,-0.9650532620084253,9.75,-0.002866971900743906,-2.6572797840660587,5.982525072754001,0.018255056011867596,0.01602646768942722,-0.008740675225414144,9.75,2.7435117595726934,-2.532769830649936,-1.0544826977542834,1.0,0.0
9.8,-0.0011377582084291565,-1.070848923707855,6.013204688511713,0.13257517015320533,-0.0849920664715309,0.10174735563173237,9.8,2.9785490598102045,-2.527278599661108,-1.5762669131182205,9.8,-0.0025183513693582053,-2.3702521620289887,6.013204688511713,0.023834737063192276,0.017773790796622193,-0.01588039834479664,9.8,2.717934188648396,-2.200649368481187,-1.5950889037377087,1.0,0.0
9.850000000000001,-0.0013351186360255917,-1.2759349964583613,6.043884304269426,0.11234835390723538,-0.06965133222752258,0.08815239386764653,9.850000000000001,2.9663043837150247,-2.0948484169958954,-2.100136140029204,9.850000000000001,-0.002052919082550051,-1.961916515614117,6.043884304269426,0.027987112402700094,0.012515264308894573,-0.025032910736066612,9.850000000000001,2.6924473025739157,-1.7577855278482142,-2.0394760393848537,1.0,0.0
9.9,-0.0013329158741109323,-1.2933269397339637,6.074563920027139,0.13459267748606468,-0.07311661995109897,0.11300065805027146,9.9,2.9538391120623615,-1.5570628815003569,-2.510123638987364,9.9,-0.0015020635666305568,-1.4574507766380629,6.074563920027139,0.029527400604503234,0.0008371849255973631,-0.029515529943729125,9.9,2.667106226744011,-1.2304838119995463,-2.3662977862356507,1.0,0.0
9.950000000000001,-0.0009974054985481956,-0.9825190968066768,6.105243535784852,0.17171261571485966,-0.03727266888122612,0.16761852687012121,9.950000000000001,2.941129287365928,-0.942943874083495,-2.7858747881643966,9.950000000000001,-0.0008999807932999944,-0.8865484674623931,6.105243535784852,0.028243417618670885,-0.011627923806301456,-0.025738726206584055,9.950000000000001,2.641962762141676,-0.6487689881207122,-2.56106736276032,1.0,0.0
10.0,-0.0006819169148746362,-0.6819169148746362,6.135923151542564,0.20141825307420314,0.05731538808194436,0.19309132285133854,10.0,2.9281483631616116,-0.285234681449921,-2.914222711665014,10.0,-0.0002817130697329645,-0.2817130697329645,6.135923151542564,0.024467360195102355,-0.018661196205138043,-0.01582439481023589,10.0,2.6170651640480678,-0.04467379802173116,-2.616683841170777,1.0,0.0
10.05,-0.0006021825162315704,-0.611260492936576,6.166602767300278,0.2146487685052065,0.1651945828868158,0.13705781118073015,10.05,2.914867709163322,0.38133423914479,-2.8898162502101923,10.05,0.0003187374908667992,0.3235424983838026,6.166602767300278,0.018943868414290785,-0.01806168957501733,-0.005713625835988418,10.05,2.592457940706337,0.5495060961448609,-2.533551109535976,1.0,0.0
10.100000000000001,0.0002636340435683677,0.27162241872253295,6.19728238305799,0.20891351758492357,0.20874879306834293,0.00829452965612369,10.100000000000001,2.901257128325439,1.0218727726006935,-2.7153395664771915,10.100000000000001,0.0008701243376000574,0.8964899751536771,6.19728238305799,0.012894073469316038,-0.012882427457759443,-0.0005478991035631621,10.100000000000001,2.5681816744062593,1.1028992586842845,-2.3193038476986567,1.0,0.0
10.15,0.0014754607316532576,1.5428573802514898,6.227961998815704,0.18636813996052523,0.14391923598911052,-0.11840750442711238,10.15,2.88728537937559,1.6031578622979212,-2.4013125016349712,10.15,0.0013453863029807063,1.406841363048123,6.227961998815704,0.008693686654619453,-0.00863071677079968,-0.001044469085682067,10.15,2.544272867350807,1.5876046692359813,-1.988173995845838,1.0,0.0
10.200000000000001,0.002087954402203731,2.215753915253818,6.258641614573416,0.15475746538756255,0.0049053415818057985,-0.15467970363673583,10.200000000000001,2.872920698614216,2.0953647493767456,-1.9654821056410876,10.200000000000001,0.0017229698571495518,1.8284293961659621,6.258641614573416,0.009566438319917677,-0.008892272334521917,-0.0035276387084685265,10.200000000000001,2.5207638144989217,1.9800260462341608,-1.5600471354165786,1.0,0.0
10.25,0.0023646259223980524,2.54644348746244,6.2893212303311286,0.13110538737414681,-0.11136482738347493,-0.0691845200920981,10.25,2.8581313151049477,2.473612241015592,-1.4318369653984206,10.25,0.001987789199095781,2.140631552982505,6.2893212303311286,0.01324443704345934,-0.012833543295128381,-0.003273420090703813,10.25,2.4976825053488954,2.261938097257896,-1.0592704761765346,1.0,0.0
10.3,0.003201578347261662,3.4984511026681955,6.320000846088842,0.1387965242638554,-0.11364051678702575,0.0796888203708947,10.3,2.8428859537845286,2.719240474563007,-0.8292959590663155,10.3,0.0021317102706191757,2.3293773688828807,6.320000846088842,0.0163979287564811,-0.01631285268703409,0.0016682040384061422,10.3,2.475052556334223,2.4212447666444294,-0.5132825115017406,1.0,0.0
10.350000000000001,0.003125955099764164,3.4658022955559384,6.350680461846554,0.17882926367918983,0.012291046130995985,0.17840637806156745,10.350000000000001,2.827154321484288,2.8207530992624466,-0.19014076493110393,10.350000000000001,0.0021536118906835653,2.387747999013416,6.350680461846554,0.01792966011339403,-0.015432304223202178,0.00912779809945252,10.350000000000001,2.4528931751518197,2.4524064747877423,0.048861141263108795,1.0,0.0
10.4,0.003003409828659303,3.3784275935050183,6.381360077604267,0.2309480558341509,0.18464878069264032,0.13871493172076071,10.4,2.81090757135853,2.7743731937695246,0.45172420392734997,10.4,0.0020590457850545515,2.3161464779596033,6.381360077604267,0.017606161097067415,-0.009604111304084752,0.014755946416094142,10.4,2.431219157936495,2.356530074227977,0.5979904708074582,1.0,0.0
10.450000000000001,0.003124204587608467,3.5652364429483785,6.41203969336198,0.27957850328259903,0.27749537013184195,-0.0340655111972546,10.450000000000001,2.7941187417409714,2.58418275829979,1.0625907089064155,10.450000000000001,0.0018595402938372519,2.1220443913996188,6.41203969336198,0.015588140454059686,-0.0018333251764270809,0.01547995612438778,10.450000000000001,2.4100409197442687,2.141131069582409,1.10627979178447,1.0,0.0
10.5,0.0013809251293920553,1.5985934529124781,6.442719309119693,0.3160530343800317,0.20921042777715942,-0.23689769405826525,10.5,2.7767631659823517,2.2618382117689477,1.6107456607851476,10.5,0.0015716116397093598,1.8193369244185476,6.442719309119693,0.012298173809201798,0.0037546491423525513,0.011711007166728587,10.5,2.389364558321145,1.81959198574874,1.5485954920379164,1.0,0.0
10.55,0.0014156496384620004,1.6623143779858727,6.473398924877405,0.3358285519683712,0.004428695445431468,-0.33579934927546334,10.55,2.7588188503462803,1.8258777480757538,2.0681518073168097,10.55,0.0012155601341178827,1.4273610032817674,6.473398924877405,0.008399780714622189,0.005017634124738027,0.006736442966729793,10.55,2.369191950626496,1.4103531871398232,1.9036739180957238,1.0,0.0
10.600000000000001,0.0013297503083726599,1.5837538932767725,6.504078540635119,0.3373823547631318,-0.21691701413063225,-0.2584063897936094,10.600000000000001,2.740266817544046,1.300659307764586,2.4119178253950366,10.600000000000001,0.0008141360574485583,0.9696490705981525,6.504078540635119,0.005088123054563954,0.0031228436231969764,0.004017069071281101,10.600000000000001,2.3495208810658097,0.9358826476538015,2.155080518306629,1.0,0.0
10.65,4.910836421841938e-05,0.05932043014200312,6.534758156392831,0.3218769386797064,-0.31845301068734355,-0.04682353722206526,10.65,2.7210914139629114,0.7149889175193198,2.625476972088544,10.65,0.00039116116284233944,0.47250297996996793,6.534758156392831,0.004802206294454362,0.0012646151327714093,0.004632702651850499,10.65,2.3303451998818008,0.4214789598213049,2.2919127900162564,1.0,0.0
10.700000000000001,-0.0001024714270825799,-0.12553190444752496,6.565437772150545,0.2930464068952739,-0.24009347062098094,0.16802179013271645,10.700000000000001,2.7012805790787566,0.10051692010444178,2.6994097717243264,10.700000000000001,-2.9812709276757544e-05,-0.036521850810526904,6.565437772150545,0.007078094528168358,0.0020024592770640282,0.006788930622225201,10.700000000000001,2.31165500967158,-0.10603283955839188,2.3092219297146164,1.0,0.0
10.75,-0.0005577277319071178,-0.6928634184490502,6.596117387908257,0.2571561772017918,-0.03955128814935401,0.2540964287013222,10.75,2.680826075937922,-0.5100069988740654,2.631866506973366,10.75,-0.000426735693360401,-0.5301324183125844,6.596117387908257,0.009261023907093447,0.005371339887254697,0.007544221074659934,10.75,2.293436877555834,-0.6196502779471778,2.2081409022915723,1.0,0.0
10.8,-0.0008983752345692735,-1.1316940634897288,6.62679700366597,0.22282414369534917,0.14708958434124636,0.16737757672963538,10.8,2.659723681941581,-1.0845209948326318,2.4285683593525054,10.8,-0.0007801233625770131,-0.9827307613186145,6.62679700366597,0.010498186017833831,0.00910975242950205,0.005217693009196999,10.8,2.275674070137738,-1.0935246451178058,1.9957195003349628,1.0,0.0
10.850000000000001,-0.000905405963082968,-1.156465190356027,6.657476619423683,0.19960752440506083,0.19862504431161923,-0.01978018127632425,10.850000000000001,2.6379733394681497,-1.5933792645736522,2.1023905105787244,10.850000000000001,-0.0010739076140983926,-1.3716905167425741,6.657476619423683,0.0106209259665401,0.010604811685240493,0.0005848397278848572,10.850000000000001,2.2583468080663303,-1.5042138329737087,1.6844794597126813,1.0,0.0
10.9,-0.002210183533862784,-2.8622517716747877,6.6881562351813955,0.19331165002026526,0.09082025684211706,-0.17064898177454624,10.9,2.61557926612567,-2.0109239615765135,1.6725548475741892,10.9,-0.001296047313318068,-1.6784188561189846,6.6881562351813955,0.009717443503164905,0.008896831453316456,-0.003908337028517475,10.9,2.2414325367705397,-1.8318006361243653,1.291714460083182,1.0,0.0
10.950000000000001,-0.0013181284146621776,-1.730613470017398,6.718835850939108,0.20088659962652233,-0.08966104806103346,-0.17976741186906967,10.950000000000001,2.592550024639152,-2.316813316910509,1.1634825674854754,10.950000000000001,-0.0014388871308156832,-1.889161498018771,6.718835850939108,0.008029800541123202,0.005225842865929147,-0.006096577980378821,10.950000000000001,2.2249062097621395,-2.060826809184406,0.8385705127089486,1.0,0.0
11.0,-0.00227605967665691,-3.0294354296303476,6.749515466696821,0.21327863133735422,-0.20843532296335154,-0.04519392355503557,11.0,2.5688985525509347,-2.497033554037904,0.6033765021171451,11.0,-0.001499267822971172,-1.9955254723746298,6.749515466696821,0.005914935352379792,0.0018802032894045101,-0.005608145487890333,11.0,2.2087405808215568,-2.1810015627750934,0.34895148164257506,1.0,0.0
11.05,-0.0012274834320408713,-1.6561606931565143,6.780195082454534,0.22252127864217447,-0.1786467852216586,0.13266893222798937,11.05,2.544642152049889,-2.544541629200675,0.02261811782325437,11.05,-0.0014784039412394894,-1.9947108304489025,6.780195082454534,0.00388056294976852,0.00041997274113287627,-0.0038577703021073577,11.05,2.192906501379291,-2.187653224861866,-0.15169802748566327,1.0,0.0
11.100000000000001,-0.0020130972917078004,-2.753174262155632,6.810874698212247,0.2248491617398429,-0.02134280414467231,0.22383393452815012,11.100000000000001,2.519802440353285,-2.45950835782661,-0.5479260681802071,11.100000000000001,-0.0013815521565113034,-1.889453557361711,6.810874698212247,0.002806793454052134,0.0006883366301651165,-0.0027210810677528226,11.100000000000001,2.1773732194843465,-2.081904189527062,-0.6376747466830534,1.0,0.0
11.15,-0.001496600173285919,-2.0745809867332263,6.84155431396996,0.2207305631849644,0.1507613171634831,0.16122346842529847,11.15,2.4944052611495535,-2.2491556282211174,-1.078590082882206,11.15,-0.0012174942741385746,-1.6876855406470115,6.84155431396996,0.0033082623706861144,0.001247667883567824,-0.0030639720569240014,11.15,2.162108676903259,-1.8705616498250934,-1.084303022657405,1.0,0.0
11.200000000000001,-0.0015369117924122462,-2.1592504106901527,6.872233929727672,0.2141471916193463,0.2138065987825341,-0.012073027602781184,11.200000000000001,2.468480557678213,-1.9272055767618541,-1.5424898471410924,11.200000000000001,-0.0009979225724535182,-1.4020093638719768,6.872233929727672,0.0043150994342628975,0.0007133863076692454,-0.004255721220146594,11.200000000000001,2.1470798011105887,-1.5657295272510607,-1.4691639526721503,1.0,0.0
11.25,-0.0007105948810091344,-1.011764977061834,6.902913545485386,0.21113993363002653,0.12055614159457549,-0.17333865205752777,11.25,2.4420622080822105,-1.5129822322016788,-1.9169122549520587,11.25,-0.0007367302666748774,-1.0489772742304406,6.902913545485386,0.005028462074167917,-0.0011513277386432197,-0.004894882559324156,11.25,2.132252789203857,-1.1841599680170352,-1.773208145484766,1.0,0.0
11.3,9.583769539951275e-05,0.13828392317887075,6.933593161243098,0.21676509303664973,-0.0659810733171954,-0.2064790631591937,11.3,2.4151878237261784,-1.0302257818224276,-2.1844374704585987,11.3,-0.00044923029761482006,-0.6481930487375311,6.933593161243098,0.0052523451327500205,-0.003376813413836089,-0.004022966636906089,11.3,2.1175933810914644,-0.7463752262651803,-1.9816976937111221,1.0,0.0
11.350000000000001,-0.0011049928563493022,-1.6156491443906087,6.964272777000811,0.2315723937013125,-0.21603067244505333,-0.08340576771119461,11.350000000000001,2.387898511239992,-0.5056950483146718,-2.333737735499041,11.350000000000001,-0.000151346217844922,-0.2212886589835168,6.964272777000811,0.005006319178483998,-0.004658551913136499,-0.0018333373365174647,11.350000000000001,2.1030671196492676,-0.2756021170091511,-2.084930402399548,1.0,0.0
11.4,-0.0005658517054141985,-0.8383341990461735,6.994952392758524,0.25116629640112403,-0.2228217153759002,0.11590941120029302,11.4,2.360238599129518,0.03235591288992374,-2.360016809203258,11.4,0.00014118857644030233,0.2091770882936713,6.994952392758524,0.004400146371576548,-0.00436088714809779,0.000586473676181446,11.4,2.0886395959082638,0.20342908518938457,-2.0787092073916558,1.0,0.0
11.450000000000001,0.0007251846530843253,1.08859181523231,7.0256320085162365,0.2690723754976304,-0.07620148584113184,0.25805673176947275,11.450000000000001,2.3322553299046143,0.5557365112480682,-2.2650765669032706,11.450000000000001,0.00041358884342925276,0.6208479839080775,7.0256320085162365,0.0035822701986384493,-0.0028767692306360003,0.002134679968922534,11.450000000000001,2.0742766777109853,0.6657619534675612,-1.964531688981061,1.0,0.0
11.5,0.0014124543320055301,2.148166482188911,7.056311624273949,0.2794973580187371,0.13040085772443,0.2472132469027238,11.5,2.3039985188174184,1.0378241245676676,-2.057019752257671,11.5,0.0006527011509855611,0.9926768630051652,7.056311624273949,0.002707592744630798,-0.0011821089285307938,0.002435913986959539,11.5,2.059944720647245,1.0875033057591899,-1.7494881571720604,1.0,0.0
11.55,0.0008723119587727836,1.3440572847261514,7.086991240031662,0.2786028243535508,0.26371570018219415,0.08985300893787908,11.55,2.275520180490669,1.4549315044845694,-1.7496189325331828,11.55,0.0008475854675082487,1.3059587348030588,7.086991240031662,0.0019185885981867037,-6.263917397091379e-05,0.0019175657858275066,11.55,2.045610760441758,1.447058890977737,-1.4458713460323462,1.0,0.0
11.600000000000001,1.1901286888432832e-05,0.01857667109900726,7.117670855789375,0.264957771208805,0.24075331820656737,-0.11063661372468324,11.600000000000001,2.2468741249545965,1.7874656033799263,-1.3614000330997935,11.600000000000001,0.0009899717495948394,1.545242944055587,7.117670855789375,0.0013438586806561123,0.00034740942792382996,0.0012981767379538212,11.600000000000001,2.03124268630907,1.7262512001545665,-1.0705155975739005,1.0,0.0
11.65,0.0005474564366327265,0.8656201199733129,7.148350471547088,0.2398794351247782,0.08375828370990979,-0.22478143452196608,11.65,2.218115524909081,2.020821641614807,-0.9145033486127458,11.65,0.0010745742065271444,1.6990814087336812,7.148350471547088,0.0010907491121800918,0.0004393084391865491,0.0009983695312764391,11.65,2.016809395109153,1.9112602657709392,-0.6438977657095465,1.0,0.0
11.700000000000001,0.0009229756976650302,1.4782498760643825,7.179030087304801,0.20813944445019564,-0.09660510620063607,-0.1843623654437095,11.700000000000001,2.189300456391104,2.1459742221375566,-0.43339488492067285,11.700000000000001,0.0010992522383040774,1.760576675146909,7.179030087304801,0.0011412985356189815,0.0006513769935523341,0.0009371607971296889,11.700000000000001,2.002280926425211,1.9933366115632998,-0.18904513039891893,1.0,0.0
11.75,0.0009652620742704532,1.5658813177653323,7.209709703062513,0.17934655529385438,-0.17728121842444994,-0.02713957423604951,11.75,2.1604854154594144,2.159746662037006,0.0564941256490476,11.75,0.0010650138712386408,1.727702111775147,7.209709703062513,0.0013401963847973451,0.0010955055457682378,0.0007720064436356143,11.75,1.9876285789407775,1.9692467703620964,0.26969339116965235,1.0,0.0
11.8,0.000702048873471695,1.1534887646779461,7.240389318820227,0.16794803657185206,-0.10595739648998635,0.1303056910399695,11.8,2.131726814009311,2.0647591109361,0.5301217061889216,11.8,0.0009758646144527739,1.6033767892135704,7.240389318820227,0.0015781141444262175,0.0015541144389757662,0.000274176153968816,11.8,1.9728250087141947,1.8414254926196787,0.7079482114805692,1.0,0.0
11.850000000000001,0.001129750350792273,1.879912068314417,7.271068934577939,0.18378436833963185,0.0644250934645691,0.17212234421503506,11.850000000000001,2.1030804583969234,1.869074207196671,0.9641104825086945,11.850000000000001,0.0008385117471102952,1.3952891023318563,7.271068934577939,0.001815527115326835,0.0017446679198699477,-0.0005022674146942531,11.850000000000001,1.9578443101346776,1.617824245054053,1.1026327833154679,1.0,0.0
11.9,0.0001608956748309023,0.2711347945023685,7.301748550335652,0.22049706073127803,0.21183597660418899,0.06119209758851552,11.9,2.074601015176377,1.5855748971379624,1.3378795228781974,11.9,0.000661940800432039,1.1154754973152545,7.301748550335652,0.002046666456060351,0.0015501737048075014,-0.0013363401764842741,11.9,1.9426620804957895,1.3114620300899416,1.4331794383916476,1.0,0.0
11.950000000000001,-0.0006781987389159797,-1.1573392811978882,7.332428166093365,0.2643495242892347,0.22667830441201434,-0.13600594582899253,11.950000000000001,2.0463414689209096,1.2311217628207234,1.6345802557643296,11.950000000000001,0.00045688708375493913,0.7796731824460809,7.332428166093365,0.00228909240387942,0.0010254194024340807,-0.0020465725207307445,11.950000000000001,1.927255469240757,0.939701030681292,1.68263947910862,1.0,0.0
12.0,0.00029782115786078015,0.5146349607834281,7.3631077818510775,0.30474127657913125,0.0841474904764984,-0.2928932322495455,12.0,2.0183525777908606,0.8255462109719206,1.8417981924806304,12.0,0.00023523018807512645,0.4064777649938185,7.3631077818510775,0.0025725596292865607,0.00025151469107634404,-0.002560235029525176,12.0,1.9116032130215423,0.5232851486897353,1.8385862767885128,1.0,0.0
12.05,-0.0004708599779393699,-0.8238590536582335,7.39378739760879,0.3351277814390784,-0.1395169153009555,-0.3047058585540894,12.05,1.9906823332012855,0.3905409176100681,1.9519974240228906,12.05,9.343180439252714e-06,0.01634767055065364,7.39378739760879,0.0029126979281526894,-0.0007486504822912327,-0.002814841323419506,12.05,1.8956856577724748,0.08519322334169516,1.8937703735619353,1.0,0.0
12.100000000000001,-0.00016332615736833444,-0.28934225067360403,7.424467013366503,0.35179358704126823,-0.3158637192270879,-0.15488330691005325,12.100000000000001,1.963375430597654,-0.05148995109929521,1.9627001468411611,12.100000000000001,-0.000208569118755085,-0.3694929165908773,7.424467013366503,0.003286090553298893,-0.0019266900937886815,-0.0026620023303853034,12.100000000000001,1.8794847690322742,-0.35063026675244313,1.8464889420360502,1.0,0.0
12.15,-0.00018226474535414281,-0.3269124850581597,7.455146629124216,0.3530980637562802,-0.3448129758990815,0.07604113544689858,12.15,1.936472758931828,-0.4785606933537013,1.876407847154203,12.15,-0.0004071111825105591,-0.7302000620630049,7.455146629124216,0.0036296941931976503,-0.0030687915345836685,-0.0019383494146825945,12.15,1.8629841317583626,-0.7605966182705103,1.7006477176237658,1.0,0.0
12.200000000000001,-0.0005028701359173518,-0.9131357305652517,7.485826244881929,0.3390809047299573,-0.2146787523565339,0.26246693742094135,12.200000000000001,1.9100109169005168,-0.8701596887580257,1.7002834524689372,12.200000000000001,-0.0005762877545183697,-1.0464509664666728,7.485826244881929,0.003863201484813812,-0.0038049386822213947,-0.0006684065654995893,12.200000000000001,1.846168940867427,-1.1227723905933205,1.465510804172019,1.0,0.0
12.25,-0.00045937770652043674,-0.8444582467878572,7.516505860639642,0.3111848437570205,-0.004829298317628832,0.31114736839934964,12.25,1.884021764320616,-1.2081840790184717,1.445624169568306,12.25,-0.000707998706035114,-1.3014896838488301,7.516505860639642,0.003918964743959397,-0.003832883464732386,0.0008168775980389004,12.25,1.8290259837091836,-1.4180835329625279,1.1551515669486243,1.0,0.0
12.3,-0.0007267335466531113,-1.3523544747597356,7.547185476397354,0.2719942863695964,0.16757641009091587,0.21424060912615794,12.3,1.858532017127062,-1.477716443420106,1.1271625311073017,12.3,-0.0007964178551895375,-1.4820277049329893,7.547185476397354,0.0037719906276153722,-0.0031828389919887094,0.002024215711305123,12.3,1.8115436156389257,-1.631355632916636,0.7876351124177445,1.0,0.0
12.350000000000001,-0.0013054743676122773,-2.4590605457916737,7.577865092155068,0.22497796638221962,0.22012681413491678,0.04646795730706207,12.350000000000001,1.8335628943495696,-1.6676167793696226,0.7622382597983772,12.350000000000001,-0.0008382401096814209,-1.5789533925417245,7.577865092155068,0.0034723664568820437,-0.0022555035677148064,0.002640081905340313,12.350000000000001,1.7937117298013732,-1.752130769223638,0.3839785634209508,1.0,0.0
12.4,-0.0004505449184387791,-0.859019754573419,7.60854470791278,0.17429820623896866,0.1504785121581933,-0.08795500029434669,12.4,1.8091298250232957,-1.7709136199506483,0.36988602901719736,12.4,-0.0008327867475776347,-1.5878111998134605,7.60854470791278,0.0031806360635805823,-0.0015371913512132278,0.002784508667378256,12.4,1.7755217221759445,-1.7752140671305776,-0.03305150193780827,1.0,0.0
12.450000000000001,1.9358236139855056e-05,0.037357158715985155,7.639224323670493,0.12491072259229488,0.028239332692447324,-0.12167673856417471,12.450000000000001,1.7852422222944668,-1.7849881898534488,-0.030115682734991295,12.450000000000001,-0.0007819664553672106,-1.5090241059507983,7.639224323670493,0.0031536802644172336,-0.00119572731670474,0.002918207565314852,12.450000000000001,1.7569664528640132,-1.7009185735331225,-0.4402353037860555,1.0,0.0
12.5,-0.001388436853132651,-2.7117907287747087,7.669903939428206,0.0837134850327387,-0.05720903551680427,-0.0611152504008909,12.5,1.7619033309896532,-1.7115546692308132,-0.41819129831530055,12.5,-0.0006900975385981821,-1.3478467550745743,7.669903939428206,0.003549044930018368,-0.0009114724939472355,0.0034300055113755563,12.5,1.738040204523978,-1.5349945936021094,-0.8152149104095472,1.0,0.0
12.55,-0.00020597753968926963,-0.4071468169336104,7.7005835551859185,0.06246201181188661,-0.056280775022825705,0.02709201510442405,12.55,1.7391101536379052,-1.5564476131921945,-0.7758704491568031,12.55,-0.000563604091022934,-1.1140516194965628,7.7005835551859185,0.004236651664144535,-0.00013430999565105899,0.004234522186547954,12.55,1.7187386387817032,-1.288248117901212,-1.137751860101827,1.0,0.0
12.600000000000001,-0.001161466690917022,-2.32337009330983,7.731263170943632,0.06858222489090385,0.012660442281832579,0.06740352195705279,12.600000000000001,1.7168534583983712,-1.3292342291362391,-1.0866104001467294,12.600000000000001,-0.00041060546413102753,-0.8213653159165686,7.731263170943632,0.0049516558812751224,0.0014061742573397325,0.004747796322986229,12.600000000000001,1.6990587513636681,-0.97587130383077,-1.3908543557630684,1.0,0.0
12.65,-0.001250627685280715,-2.5316263949130904,7.761942786701344,0.08729719500521371,0.0825738123840695,0.028326061571259803,12.65,1.6951178706003758,-1.0426745443813155,-1.3365082827008474,12.65,-0.00024042377924471013,-0.4866861598094609,7.761942786701344,0.005470126286773786,0.0033617062795786067,0.004315230293170381,12.65,1.6789988266192308,-0.6165250353394466,-1.561708660598528,1.0,0.0
12.700000000000001,-0.0005374545081135494,-1.100912677693157,7.792622402459057,0.10601329725891126,0.08874913420967451,-0.05798629469744954,12.700000000000001,1.6738820477130396,-0.712056600064095,-1.5148783805841182,12.700000000000001,-6.303819375979417e-05,-0.1291263644482685,7.792622402459057,0.005648025824299046,0.004920991392230457,0.002772009998095725,12.700000000000001,1.6585583920178952,-0.2312283139430184,-1.6423609245729316,1.0,0.0
12.75,0.0007501669778388246,1.55484999652028,7.82330201821677,0.12193831048198496,0.015984248980337384,-0.12088612553860573,12.75,1.653118935604745,-0.3544368368962766,-1.6146754298947907,12.75,0.00011148302366983114,0.23106772770041828,7.82330201821677,0.005425557700451569,0.005384811460006335,0.000663688105297787,12.75,1.6377381731283274,0.15787929025173547,-1.6301105647873457,1.0,0.0
12.8,0.00048018007469742096,1.007010604011846,7.853981633974483,0.13631809517284663,-0.08961740338103666,-0.1027197356051593,12.8,1.6327961020145794,0.012182041918886506,-1.6327506572066328,12.8,0.00027354094268812945,0.5736569350402961,7.853981633974483,0.004839908338038721,0.004713518849679596,-0.001098841560158637,12.8,1.6165400495088644,0.5288284047036494,-1.5275936141673003,1.0,0.0
12.850000000000001,5.09170038807759e-05,0.10803692720694896,7.884661249732195,0.15155223293397935,-0.1515448807162999,-0.001492794680313579,12.850000000000001,1.6128761413255326,0.369702100307024,-1.5699330572625427,12.850000000000001,0.0004145244099987766,0.8795478935367956,7.884661249732195,0.004060288666222367,0.0035822464401326754,-0.0019114011863579515,12.850000000000001,1.5949670118650858,0.8610870875446781,-1.3425530889323016,1.0,0.0
12.9,0.001277647976065612,2.742712856092313,7.915340865489909,0.169485874599541,-0.11559093638268246,0.12395239858488416,12.9,1.5933171430853355,0.7007758148133354,-1.4309342318297935,12.9,0.0005272607305905823,1.1318648104907667,7.915340865489909,0.0034547800824813817,0.002858961542313454,-0.001939547451825487,12.9,1.5730231207591845,1.1367294254368567,-1.087312260479462,1.0,0.0
12.950000000000001,0.0008326738402773111,1.80835722685342,7.946020481247621,0.1903992740823133,0.010607184356862807,0.19010358021639515,12.950000000000001,1.5740732153375545,0.9896121115146981,-1.2240810250904668,12.950000000000001,0.0006063751173932622,1.3168935694641344,7.946020481247621,0.0035082764062606014,0.0029007627969976457,-0.001973215279253431,12.950000000000001,1.5507134670888725,1.3414366337972197,-0.7779845850128239,1.0,0.0
13.0,0.0010284898955534583,2.2595923005309477,7.976700097005334,0.21296753002958857,0.15761692365014265,0.14322036945200503,13.0,1.5550950527590415,1.2227093979642953,-0.9608862322072453,13.0,0.0006485409380303214,1.424844440852616,7.976700097005334,0.004256114909709152,0.003242344306253273,-0.0027571212386029607,13.0,1.5280441344906797,1.4652722553176987,-0.43346983141569956,1.0,0.0
13.05,0.0012951700831784789,2.878447675331063,8.007379712763047,0.2349093520065322,0.23489006038010188,-0.003010514036000148,13.05,1.5363305388869286,1.389483937840171,-0.6554738066473531,13.05,0.00065260920057702,1.4503897678755469,8.007379712763047,0.00523861152131233,0.0029579704867744795,-0.004323593559829303,13.05,1.5050221637640944,1.5031870880199467,-0.07429866641649276,1.0,0.0
13.100000000000001,0.0013201835793994713,2.9678928231957378,8.03805932852076,0.2537259658858632,0.187096090714712,-0.17138237541820475,13.100000000000001,1.5177253713743506,1.4827647508188915,-0.3238811458581695,13.100000000000001,0.0006196125824936152,1.3929454701906543,8.03805932852076,0.0060542222332011985,0.0014342463570970025,-0.005881882711865452,13.100000000000001,1.481655519359215,1.4552262157233764,0.2786031929448152,1.0,0.0
13.15,0.0007793456853584762,1.7721782162346744,8.068738944278472,0.2672207562869845,0.030770749603418638,-0.2654432021345276,13.15,1.4992236992331294,1.499130316814181,0.016733007825314464,13.15,0.0005526470369216445,1.2566811602333925,8.068738944278472,0.006474025064911935,-0.0010626313504356636,-0.00638622072545095,13.15,1.4579530579216071,1.3264289160313978,0.6051557236106557,1.0,0.0
13.200000000000001,0.0013332955286346217,3.0665370504027147,8.099418560036185,0.2737932212686679,-0.1523279784618641,-0.22750585704635296,13.200000000000001,1.4807687613783849,1.4390678457208133,0.34894105531813474,13.200000000000001,0.00045664081029323357,1.0502592511685083,8.099418560036185,0.006395548686671308,-0.0035017020408856657,-0.005351740447783344,13.200000000000001,1.4339244988439852,1.12643112887491,0.8872949792975108,1.0,0.0
13.25,0.0008756807116384671,2.037011207915626,8.130098175793899,0.27258405131138896,-0.26215798112823874,-0.07466765002392908,13.25,1.4623035164430553,1.3069427746270421,0.6559208473984449,13.25,0.0003380240398242027,0.7863125777641848,8.130098175793899,0.005824206437505545,-0.004822553245449377,-0.0032656332956237915,13.25,1.4095803967352272,0.8687983917881563,1.1100028149903736,1.0,0.0
13.3,0.0005802827816609378,1.3651947425984439,8.160777791551611,0.26352989771419194,-0.23953040573526316,0.1098780766010795,13.3,1.4437712547263792,1.1107743813250581,0.9223099857239526,13.3,0.00020432053343317415,0.4806920468146226,8.160777791551611,0.004883088947055311,-0.004721463879979609,-0.0012459279653742595,13.3,1.384932115683065,0.5701335367146989,1.2621349830202628,1.0,0.0
13.350000000000001,0.0005871412344844873,1.3969677451498697,8.191457407309324,0.24736165934820378,-0.10132373996214128,0.22565746217570823,13.350000000000001,1.4251161842193487,0.8618227130150361,1.134996806099171,13.350000000000001,6.368700857980748e-05,0.15152861278630683,8.191457407309324,0.003864075614079707,-0.0038589266387418987,-0.00019941300893777197,13.350000000000001,1.3599918051575894,0.2490169626854299,1.3369997241550657,1.0,0.0
13.4,0.00040144243055039434,0.9659122379170261,8.222137023067036,0.2255700355485931,0.0700949631478275,0.21440274503536155,13.4,1.4062839838496228,0.5740020220560473,1.2838054065579936,13.4,-7.557257552930435e-05,-0.18183547627136135,8.222137023067036,0.0033129781993032023,-0.003309928765037016,-0.0001421130516132201,13.4,1.3347723773783653,-0.07515290280529059,1.332654996843606,1.0,0.0
13.450000000000001,-8.865340203204411e-05,-0.21570601672182005,8.252816638824749,0.20036137537850832,0.17705843425607826,0.09378161654798631,13.450000000000001,1.3872223183479002,0.2631460302370029,1.3620352151442447,13.450000000000001,-0.00020548902665278767,-0.49998328776255224,8.252816638824749,0.003692694906249956,-0.00368555892343357,-0.00022945825882621188,13.450000000000001,1.3092874859484203,-0.3833458768442014,1.251910403969743,1.0,0.0
13.5,0.0005333544008745873,1.3122518340518128,8.283496254582463,0.1746185348362122,0.16557815689969216,-0.05545725079776659,13.5,1.3678813104024465,-0.053840051924355786,1.366821322688923,13.5,-0.00031887845270401683,-0.7845605730716454,8.283496254582463,0.0046566802016659,-0.004627701732957471,0.0005186975721647248,13.5,1.2835515055434845,-0.6580391559780049,1.1020385367956516,1.0,0.0
13.55,-0.0007867612465209785,-1.957315545407186,8.314175870340176,0.15181525694909354,0.05656016771276983,-0.1408858391422738,13.55,1.348213966991317,-0.35989747170213343,1.2992900794868234,13.55,-0.00040973586743636925,-1.0193465760933602,8.314175870340176,0.005615662118012586,-0.005089405633458338,0.0023735229768856543,13.55,1.257579512434523,-0.8842393446538229,0.8942186597590271,1.0,0.0
13.600000000000001,-0.0001274174954570182,-0.3205131034523292,8.344855486097888,0.1356099437991778,-0.07012111588885772,-0.1160736230317532,13.600000000000001,1.3281765579252587,-0.6387521993576261,1.1644949964847353,13.600000000000001,-0.00047355023561336957,-1.1911947814750645,8.344855486097888,0.006229834994109211,-0.004186540488317215,0.0046134285291427645,13.600000000000001,1.2313872656156102,-1.0503257396190455,0.642752237346549,1.0,0.0
13.65,-8.318417858778282e-05,-0.21156249816868755,8.3755351018556,0.12862640948981005,-0.12836951821663545,-0.008125269907467451,13.65,1.307728945670657,-0.8758201481789217,0.9711303019619661,13.65,-0.0005075243525429992,-1.290787764311859,8.3755351018556,0.006344388078170265,-0.0019434843277671245,0.006039381487714827,13.65,1.204991188307395,-1.1486654277672743,0.36410369258041403,1.0,0.0
13.700000000000001,-0.0011412016162375364,-2.9344321995172384,8.406214717613313,0.13083410138062848,-0.0815801981731894,0.10228505927113557,13.700000000000001,1.2868348664333231,-1.0590254501055218,0.7310328785336987,13.700000000000001,-0.0005106888746375309,-1.3131613698658393,8.406214717613313,0.005926340761126081,0.0006677315922100906,0.00588860334355686,13.700000000000001,1.178408349608575,-1.1759660004789845,0.07583010051863874,1.0,0.0
13.75,0.00013061201209276608,0.3395402111239681,8.436894333371026,0.13960250903676347,0.03459658217366681,0.13524768771132595,13.75,1.2654621632611582,-1.179480862069336,0.4584968731166945,13.75,-0.0004839062684695764,-1.2579672721347777,8.436894333371026,0.005048849669566004,0.002435538133113571,0.0044225600038921365,13.75,1.1516564460737466,-1.1333489708568194,-0.20453038904035983,1.0,0.0
13.8,-9.910206143584708e-05,-0.26044735280182957,8.46757394912874,0.15165392857794388,0.13711456660085214,0.06479590788764818,13.8,1.2435829725652696,-1.2319859385484173,0.16943806205586517,13.8,-0.00042976703342057605,-1.1294587070556803,8.46757394912874,0.0039094455540311665,0.002808258291056199,0.0027198253456147082,13.8,1.1247537830054712,-1.0261451568537199,-0.46054010623481356,1.0,0.0
13.850000000000001,-0.000497618808868509,-1.3220446029038875,8.498253564886452,0.16450129421291948,0.15153865522050042,-0.06400556047475717,13.850000000000001,1.221173865969322,-1.2153085447967504,-0.11954393280490903,13.850000000000001,-0.0003523868818954778,-0.9362008972356751,8.498253564886452,0.0029226409979366537,0.002274042159954703,0.0018359092182264102,13.850000000000001,1.0977192552612502,-0.8634311628700294,-0.6778452554648612,1.0,0.0
13.9,-0.0008866016809343936,-2.381074319749345,8.528933180644165,0.17656884833805805,0.0620582898476079,-0.16530374122995048,13.9,1.1982159497848637,-1.1322281052194214,-0.3921491808866643,13.9,-0.00025711925629712164,-0.6905243599774196,8.528933180644165,0.002771435101203933,0.0019229395068251155,0.0019957846009217616,13.9,1.070572327392,-0.6573424792961532,-0.8450005757928868,1.0,0.0
13.950000000000001,-0.0015851447561093727,-4.303200196990802,8.559612796401877,0.1867648574621176,-0.07779532062603921,-0.16979104826679428,13.950000000000001,1.1746949246880893,-0.9893339147728013,-0.6333455385240186,13.950000000000001,-0.00015020229181139186,-0.40775489381655816,8.559612796401877,0.003536615764641389,0.002543187526753925,0.0024576102763606057,13.950000000000001,1.0433330129474634,-0.42221255177385275,-0.9540861266314712,1.0,0.0
14.0,-0.00022741184477605928,-0.6240181020655067,8.59029241215959,0.1940793688371511,-0.1807605971602498,-0.07065697362962008,14.0,1.1506011083550114,-0.7965878970400841,-0.8302593768437889,14.0,-3.836282975282403e-05,-0.10526760484174913,8.59029241215959,0.0045170644600270055,0.003972412061955492,0.002150305500636964,14.0,1.0160218528055085,-0.1735975539314531,-1.0010815624350269,1.0,0.0
14.05,9.118367243134166e-05,0.2528983828046473,8.620972027917304,0.19738322752837106,-0.18352781595195075,0.07264763782411364,14.05,1.12592942391189,-0.5666772266337164,-0.972930618515668,14.05,7.159784210815105e-05,0.19857698202589777,8.620972027917304,0.005249241620607026,0.0052179617700453896,0.0005721997534584072,14.05,0.9886598924062947,0.0727471296731792,-0.9859798364962338,1.0,0.0
14.100000000000001,0.0006531619365272924,1.8309572568739738,8.651651643675017,0.19543473665394645,-0.08728415752554705,0.17486055054257632,14.100000000000001,1.1006793570907194,-0.3141970372286936,-1.054881637399358,14.100000000000001,0.00017321032148165337,0.48554681059412197,8.651651643675017,0.005535626233803231,0.005246300845007722,-0.001766206455667572,14.100000000000001,0.9612686577986614,0.30187091655313875,-0.9126397877615287,1.0,0.0
14.15,-0.00025196619603496946,-0.7138576188514052,8.682331259432729,0.18703688077529781,0.04608078578836607,0.1812714979010205,14.15,1.0748548849594064,-0.05471583637622384,-1.0734613178735175,14.15,0.00026071041253213794,0.7386312816110063,8.682331259432729,0.005315364498022469,0.0038109292293208273,-0.003705390418828469,14.15,0.9338701304347006,0.5005475096210321,-0.7883943246436439,1.0,0.0
14.200000000000001,-0.0005231660436462298,-1.4979750547797261,8.713010875190442,0.17127178794538395,0.13833005797980175,0.10098920935086703,14.200000000000001,1.0484643790359225,0.1962147923066894,-1.029940439728058,14.200000000000001,0.0003293654385450593,0.9430681078008059,8.713010875190442,0.004623584679388265,0.0016628013313031292,-0.004314235392290321,14.200000000000001,0.9064867206791882,0.6580519065997439,-0.6234467603477868,1.0,0.0
14.25,7.971884027222438e-05,0.23067767478959453,8.743690490948154,0.14775861605307652,0.1476688702285616,-0.005149114811374411,14.25,1.0215204855065858,0.42403990507713324,-0.9293515272553152,14.25,0.00037573013247452013,1.0872279753649032,8.743690490948154,0.003586109523475202,-1.800784191602538e-05,-0.003586064309516642,14.25,0.879141240033373,0.7667478492654657,-0.43010121549956054,1.0,0.0
14.3,-0.00018667483827617266,-0.5458758688110521,8.774370106705868,0.11694704680309619,0.09241410860310241,-0.07166759579516786,14.3,0.9940399851609323,0.6161040646058143,-0.7800841452528958,14.3,0.0003978170151403567,1.1632993003925372,8.774370106705868,0.0024632143003415433,-0.0005140531752989861,-0.0024089777961558943,14.3,0.8518568721075156,0.8224524681621325,-0.2218830055926247,1.0,0.0
14.350000000000001,-0.00039179820381517725,-1.1577589417206278,8.80504972246358,0.08073170543811668,0.02973689498491701,-0.07505548174252735,14.350000000000001,0.9660436355381227,0.7624159885527712,-0.5932639936510675,14.350000000000001,0.00039517299264061375,1.167731401780478,8.80504972246358,0.001847548966342515,-8.211899951543797e-05,-0.0018457230704934798,14.350000000000001,0.824657142413662,0.8245607114698621,-0.012610933120971335,1.0,0.0
14.4,8.754702065358352e-05,0.26141400291926997,8.835729338221293,0.045863551919386784,0.007104604901791468,-0.04530993250769336,14.4,0.9375559976601182,0.856223125096208,-0.38195969525454243,14.4,0.00036885961405426845,1.101408905812221,8.835729338221293,0.002321431944699852,0.000307815739131459,-0.0023009336680173743,14.4,0.7975658870895271,0.7759288486483285,0.18451494813207894,1.0,0.0
14.450000000000001,0.0005813991385557257,1.7541952279286743,8.866408953979006,0.04246680386091061,0.024549755373948403,-0.03465168020804105,14.450000000000001,0.9086052496116007,0.8943577909429801,-0.1602736453736298,14.450000000000001,0.0003213405574883008,0.9695474848590412,8.866408953979006,0.0032381280053791176,-0.00021636774024152563,-0.0032308912052564256,14.450000000000001,0.7706072207063683,0.6825327383257573,0.3577492833233028,1.0,0.0
14.5,-0.0001482520114485073,-0.45196478840220555,8.897088569736718,0.07844802637971819,0.03764900068065386,-0.06882329250058505,14.5,0.8792229891217842,0.8773330000156487,0.05761832767259662,14.5,0.00025628570614533456,0.7813190108973206,8.897088569736718,0.0039984444426686685,-0.0017181091978868642,-0.003610492867358211,14.5,0.7438055033586182,0.5529315073689872,0.49750716073763895,1.0,0.0
14.55,-0.00015825450362034132,-0.4874668174665713,8.92776818549443,0.12076024052956423,-0.0005917150411833714,-0.12075879084384807,14.55,0.8494440272145731,0.8091843658494287,0.2584101728558115,14.55,0.000178306259803758,0.5492316680568289,8.92776818549443,0.004385427018438181,-0.003398294915100285,-0.0027719238452834772,14.55,0.7171853072813643,0.39757978053687903,0.5968962079696201,0.9938441702975687,0.0
14.600000000000001,6.864587637617424e-05,0.21363530312184148,8.958447801252145,0.15947393356276107,-0.09237077891043341,-0.1299983641799379,14.600000000000001,0.8193061749268661,0.6970730709397723,0.4305249609998097,14.600000000000001,9.263937686590925e-05,0.28830633976196346,8.958447801252145,0.004330110036276276,-0.004225412004608793,-0.0009464387553182895,14.600000000000001,0.6907713832940555,0.22804079132019245,0.6520448615486847,0.975528258147576,0.0
14.65,0.00035696768171960256,1.1223847903535282,8.989127417009858,0.19057513049278363,-0.1824247672250666,-0.05513696278561033,14.65,0.7888500250568056,0.5506824029003458,0.5648302870491491,14.65,4.803608272517805e-06,0.015103599401262833,8.989127417009858,0.0038477296533489113,-0.003738662520607797,0.0009096296181760388,14.65,0.6645886274258804,0.056158004542702374,0.6622116898919843,0.9455032620941837,0.0
14.700000000000001,0.0006224984499630145,1.977380643771865,9.01980703276757,0.21159877508007913,-0.1950752038111748,0.08197381577929945,14.700000000000001,0.7581187309027101,0.38145537100455823,0.6551609039597148,14.700000000000001,-7.975229184219022e-05,-0.25333498933942966,9.01980703276757,0.003023123843545689,-0.002390316246843705,0.0018508554815245524,14.700000000000001,0.6386620481409817,-0.10675601275964318,0.6296763974259291,0.9045084971874728,0.0
14.75,-7.530551902855998e-05,-0.24165894050885345,9.050486648525283,0.2213314772512775,-0.09633830800377412,0.1992650326404578,14.75,0.7271577840001525,0.20173223593822723,0.6986147348971219,14.75,-0.00015598477139371482,-0.5005624431885899,9.050486648525283,0.002024286303389045,-0.0011720471382811294,0.0016504667654138026,14.75,0.6130167346511428,-0.2506578197210794,0.5594284354365843,0.8535533905932737,0.0
14.8,-0.0004329874109973064,-1.4036551250717801,9.081166264282995,0.22012961548304402,0.0674086627792105,0.20955457474135825,14.8,0.696014792974265,0.02385350047556862,0.6956059247548652,14.8,-0.00021955432841127355,-0.7117494654090394,9.081166264282995,0.0012510218587625866,-0.0008380538858380692,0.0009288279579844212,14.8,0.5876778268810461,-0.3673897430614788,0.4586829023419659,0.7938926261462357,0.0
14.850000000000001,-0.00012904086626031096,-0.4225777542838581,9.11184588004071,0.21055202590920521,0.19012028947166235,0.09047889889737791,14.850000000000001,0.664739265818479,-0.14070451879649937,0.6496772505722638,14.850000000000001,-0.00026706997765139814,-0.8745898463274624,9.11184588004071,0.0014803796391657106,-0.0013434703124040126,0.0006217808261320579,14.850000000000001,0.5626704877380054,-0.4511365076634904,0.33626467138924115,0.7269952498697714,0.0
14.9,-0.0005156104885625278,-1.7056132000299253,9.142525495798422,0.1983255328304183,0.17901943382351543,-0.08535255875471631,14.9,0.6333823982210977,-0.28209810594956863,0.5670925153764376,14.9,-0.000296265546435992,-0.9800313180673933,9.142525495798422,0.0022850626936280873,-0.001927941645999596,0.0012266020232460156,14.9,0.5380198784356436,-0.4986961728324846,0.20190967484035377,0.6545084971874732,0.0
14.950000000000001,-0.000581527524010305,-1.9430941887549424,9.173205111556134,0.19296079855147183,0.02972611701785632,-0.19065735691198074,14.950000000000001,0.6019968710342793,-0.3927337442477026,0.456246028875039,14.950000000000001,-0.00030609883461686253,-1.0227871290201322,9.173205111556134,0.0029910970255244535,-0.0017552759286200144,0.002421914084047653,14.950000000000001,0.5137511377306416,-0.5095539223897697,0.0655364913367294,0.5782172325201137,0.0
15.0,-0.00026095651289661717,-0.880728231026083,9.203884727313847,0.20501867298047058,-0.15553267056155987,-0.13357486537018268,15.0,0.5706366606870036,-0.46769294458887206,0.3269396092580475,15.0,-0.0002967699439093333,-1.0015985606939999,9.203884727313847,0.00339570406751494,-0.0005889369446468581,0.0033442427228548366,15.0,0.4898893660543675,-0.48576189975872064,-0.06345839358153262,0.5000000000000001,0.0
15.05,-0.000596328693663874,-2.0328025960458547,9.23456434307156,0.23878711993212792,-0.22974226587715374,0.065098232810973,15.05,0.5393568673927224,-0.5049383399277062,0.18958666428507806,15.05,-0.0002696604349151949,-0.9192353780236532,9.23456434307156,0.0034370931155430547,0.0010253939232606516,0.0032805756182495765,15.05,0.4664596156571071,-0.4316422428581407,-0.17683197453902383,0.4217827674798836,0.0
15.100000000000001,-0.0004792377570619158,-1.6499921149140806,9.265243958829272,0.2898056355032231,-0.10738399841809705,0.26917649089987244,15.100000000000001,0.5082135675621929,-0.5052928807706563,0.054407121746909724,15.100000000000001,-0.00022720033320550978,-0.7822396144102434,9.265243958829272,0.0031217307224461668,0.0021938213724206424,0.0022208895716299528,15.100000000000001,0.4434868880303447,-0.35334273869779786,-0.26801031484698346,0.3454915028125242,0.0
15.15,-2.7701213371778294e-07,-0.0009632448395377835,9.295923574586986,0.3504179732800518,0.1594160718199597,0.31205652059072975,15.15,0.477263699168829,-0.4722020964795455,-0.0693240118908056,15.15,-0.00017267209296458844,-0.600426776430591,9.295923574586986,0.0025095866813406816,0.002362675039564779,0.0008460448974966448,15.15,0.4209961400279561,-0.2582842126224295,-0.3324560353316662,0.27300475013022607,0.0
15.200000000000001,-0.0007951446274515241,-2.7923952638412826,9.326603190344699,0.4139610763092478,0.39680723353325326,0.11793130252310913,15.200000000000001,0.44656499235674146,-0.4113063510630851,-0.17391773335041696,15.200000000000001,-0.00010996670152147081,-0.3861819421367135,9.326603190344699,0.001716176805360976,0.0017161020803564847,-1.6014901034677865e-05,15.200000000000001,0.3990123002614375,-0.15454523270231396,-0.3678676213108612,0.20610737385376204,0.0
15.25,-0.0001172252425672603,-0.4157484809868642,9.357282806102411,0.47553779810352775,0.41830842752457176,-0.22617306843890939,15.25,0.41617596303502596,-0.32986443409978505,-0.25375556609493294,15.25,-4.33146276703633e-05,-0.15361871098823018,9.357282806102411,0.0009877990972293228,0.0009875870497808902,-2.0466450404079525e-05,15.25,0.3775602974806738,-0.05023254557800577,-0.37420378084467354,0.1464466094067263,0.0
15.3,0.00030174013969399183,1.0807055443047884,9.387962421860124,0.5317656979673161,0.15925380892005084,-0.5073588295074037,15.3,0.3861559957483355,-0.23608052972506205,-0.305585399744691,15.3,2.2992459547544698e-05,0.08234926428891651,9.387962421860124,0.0009794502264064166,0.0008593118966048596,0.00047000618119439664,15.3,0.35666510274094876,0.047115248227324096,-0.35353945875628817,0.09549150281252565,0.0
15.350000000000001,0.00033513843121691164,1.2121304793943941,9.418642037617836,0.5804922108559469,-0.25803671385721594,-0.5199887125372957,15.350000000000001,0.3565655557852032,-0.13839276842785023,-0.32861289874149235,15.350000000000001,8.487169889009736e-05,0.3069644167310857,9.418642037617836,0.0016058237162638682,0.0014352998249799191,0.0007201279192810912,15.350000000000001,0.33635178714930264,0.13104774830521543,-0.3097725171519622,0.054496737905815086,0.0
15.4,-7.571653044571714e-06,-0.027653675835179668,9.44932165337555,0.6205718703833449,-0.5836047548673587,-0.21098563080762903,15.4,0.327466592862833,-0.04478275317548358,-0.3243900036363885,15.4,0.00013869422874322168,0.5065479386466338,9.44932165337555,0.0022047904285005713,0.002193001777216539,0.00022769286052231377,15.4,0.3166455967977891,0.1966111048157515,-0.24821061104343947,0.024471741852423023,0.0
15.450000000000001,-0.00016331332552666045,-0.6022919708868525,9.480001269133263,0.6516517344994573,-0.5956030892916888,0.2643992116144596,15.450000000000001,0.2989232362955167,0.03783834094648184,-0.29651873659484507,15.450000000000001,0.00018149132215745508,0.6693315794566294,9.480001269133263,0.0025818973725516216,0.0024257952218687717,-0.0008841445492381905,15.450000000000001,0.29757204599785525,0.24061927402735092,-0.1750756622889095,0.0061558297024308685,0.0
15.5,7.201406358100903e-05,0.26817137101773003,9.510680884890975,0.6739351303658189,-0.2531954183448285,0.6245643602306976,15.5,0.2710029464071471,0.10411984320051401,-0.2502032278234144,15.5,0.00021111030927909295,0.7861484029666823,9.510680884890975,0.002681413936495399,0.0018071064994138984,-0.001980996415596908,15.5,0.27915702892579447,0.2617744196895447,-0.09696803594421709,3.749399456654644e-33,0.0
15.55,0.0005826742298830751,2.1908719290787504,9.541360500648688,0.6879321852313727,0.2595223858709236,0.6371018935061135,15.55,0.24377840234232626,0.15060268672266888,-0.1916943927205247,15.55,0.00022631276851950156,0.850942544414517,9.541360500648688,0.0025033058209108466,0.0006324863014469514,-0.002422086107364493,15.55,0.26142694796343746,0.26063496780449086,-0.020333781719833893,0.0,0.0
15.600000000000001,0.0004455663607692935,1.6915552610863187,9.5720401164064,0.6942331070196213,0.6373957630224468,0.2751113377582788,15.600000000000001,0.2173306185175373,0.17587110572280185,-0.12767909741635228,15.600000000000001,0.00022681140505550318,0.8610704471351934,9.5720401164064,0.002088382816334443,-0.0004295999945332007,-0.0020437188241678584,15.600000000000001,0.2444088539085986,0.23944174228313184,0.04902387093379059,0.0,0.0
15.65,0.0008973133189569441,3.4394352643189334,9.602719732164113,0.693351414000103,0.6454756379319005,-0.2531746119427227,15.65,0.19175418514884834,0.1805205363964959,-0.06466841161819435,15.65,0.00021324601452908567,0.8173798904482749,9.602719732164113,0.0015155156780055678,-0.0008572764250182859,-0.0012497459347357539,15.65,0.22813058817203452,0.20182325340426768,0.10635290144154586,0.0,0.0
15.700000000000001,0.0010218651789350953,3.954508902904674,9.633399347921827,0.6856762520432848,0.27376723177569057,-0.6286520702439479,15.700000000000001,0.16716632059703626,0.1669532471717481,-0.008437535230166333,15.700000000000001,0.00018710270330434786,0.7240674417985729,9.633399347921827,0.0009279228065620811,-0.0006483376392378839,-0.0006638516705450827,15.700000000000001,0.21262090916448964,0.15240977754019358,0.148252860761885,0.0,0.0
15.75,0.0001293610395959093,0.5054115604349739,9.66407896367954,0.6715476839234953,-0.24988281359000858,-0.6233256542573486,15.75,0.14372302343101376,0.1390276530282217,0.03643650858158784,15.75,0.00015058388128380332,0.5883288713026745,9.66407896367954,0.0006944947113233435,-0.00026961864245782143,-0.0006400224149944246,15.75,0.19790957316555505,0.0963917408519976,0.17284915807169418,0.0,0.0
15.8,0.0005091273472107882,2.0081571051316787,9.694758579437252,0.6514356410492712,-0.6023676941325897,-0.24803539161712726,15.8,0.12164887205759221,0.10159898682909181,0.06690361685429622,15.8,0.00010643927298992726,0.419829701725446,9.694758579437252,0.0010481835390167497,-0.0002509073283882471,-0.0010177102947434256,15.8,0.1840273228153211,0.0390607206395786,0.17983413370573229,0.0,0.0
15.850000000000001,0.0008674418191497641,3.4540463032199242,9.725438195194965,0.6261739696730039,-0.5724807958955107,0.253691897046182,15.850000000000001,0.10129334700493929,0.05999705125318139,0.08161308711466667,15.850000000000001,5.7770167598191846e-05,0.23003367998157256,9.725438195194965,0.0015005829880338226,-0.0007616305491239954,-0.0012929300872891762,15.850000000000001,0.17100571307121043,-0.014629016073671829,0.17037883023342248,0.0,0.0
15.9,-9.720303177047107e-05,-0.3907249855440954,9.756117810952677,0.5971818566091027,-0.19611737837534876,0.5640604079017381,15.9,0.0832359312739631,0.019490545766126577,0.08092180720165877,15.9,7.82026150844388e-06,0.031434940960000185,9.756117810952677,0.0018256087773608595,-0.0014981830713181694,-0.0010432137330349278,15.9,0.15887667541678951,-0.06044396507498983,0.14692966030555335,0.0,0.0
15.950000000000001,0.0010335742399309217,4.19395473565572,9.786797426710391,0.5665918979224733,0.2708122491858396,0.4976817301070003,15.950000000000001,0.0684568708821008,-0.015213265142144767,0.06674503528116098,15.950000000000001,-4.0233294362805025e-05,-0.16325543817267943,9.786797426710391,0.00196350484068071,-0.0019462247786350897,-0.0002599237780646024,15.950000000000001,0.14767168980189302,-0.09517147213831827,0.11291288172733802,0.0,0.0
16.0,0.00040018385310478086,1.6391530623171824,9.817477042468104,0.5371891270078958,0.5238045181478868,0.11916788553702456,16.0,0.05846477070710295,-0.04038981727483778,0.04227046337975654,16.0,-8.347562385537129e-05,-0.3419161553116008,9.817477042468104,0.0019064380328565576,-0.0017880331646077578,0.0006613950221953201,16.0,0.13742040965026317,-0.11681628654200227,0.07237626812003341,0.0,0.0
16.05,-6.273562016034892e-05,-0.25938168410731843,9.848156658225816,0.5120575209489815,0.410497622297154,-0.30609574784501625,16.05,0.054838458334667155,-0.05360450683798856,0.011567772438073963,16.05,-0.00011942498095081042,-0.4937649871688674,9.848156658225816,0.0016774996965999859,-0.0011307202573267445,0.001239143628383726,16.05,0.12814858677137023,-0.1246829261443952,0.029601152335182818,0.0,0.0
16.1,-0.0007213963727851394,-3.01058977601314,9.878836273983529,0.4938863652646045,0.026417052635127992,-0.4931793599942674,16.1,0.05778169338680019,-0.05388264799194243,-0.020865865331267983,16.1,-0.00014616820352402818,-0.61000098657096,9.878836273983529,0.0013241179110597859,-0.00039487687920585233,0.0012638672765199587,16.1,0.11987519875530814,-0.11934320290412025,-0.011281099113588742,0.0,0.0
16.150000000000002,-0.0002397175754200213,-1.0097583576370648,9.909515889741241,0.4840905805795645,-0.3565947564951139,-0.327389477298905,16.150000000000002,0.06557337606464124,-0.04173220029732022,-0.050579552260367144,16.150000000000002,-0.00016245504976466406,-0.6843067053084924,9.909515889741241,0.0009198810347467322,2.2262519898497057e-05,0.0009196116018703155,16.150000000000002,0.11260882390559411,-0.10249790076049034,-0.04663611863238384,0.0,0.0
16.2,4.633492703829155e-06,0.019699423968125355,9.940195505498954,0.48217946948629353,-0.47779079291875826,0.06490761893759264,16.2,0.07603494480122654,-0.01902318055978964,-0.07361678770712023,16.2,-0.00016775083915092478,-0.7131973896736529,9.940195505498954,0.0005985070831738319,3.1722676262371974e-05,0.0005976657932490372,16.2,0.10634355441651755,-0.07675008551157896,-0.07360961852845148,0.0,0.0
16.25,-0.00032293621740488957,-1.385724354762778,9.970875121256668,0.4858189140538437,-0.2619047936949148,0.409177096490114,16.25,0.0876234042746469,0.011259281126242254,-0.086897005501907,16.25,-0.00016224008603346008,-0.6961747441709215,9.970875121256668,0.0005884322553424294,-0.00012640907341413205,0.0005746940623374829,16.25,0.10105505382173978,-0.04531418570231269,-0.09032579076349702,0.0,0.0
16.3,-4.412397022074724e-06,-0.01910897516615905,,,,,16.3,0.09944494878032438,0.04536019884564559,-0.08849717621825474,16.3,-0.00014678363973687325,-0.6356828074395446,,,,,16.3,0.09669763732376077,-0.011689316932713113,-0.09598850417442788,0.0,
16.35,-3.911665473843483e-05,-0.1709680576587543,,,,,16.35,0.11100053386585902,0.07916209863780103,-0.07781054335862701,16.35,-0.00012283415855372367,-0.5368740666221371,,,,,16.35,0.09320330971466691,0.020672955113179514,-0.09088171360981585,0.0,
16.400000000000002,-0.0011312544902248557,-4.989900206130387,,,,,16.400000000000002,0.1220047658676824,0.10861372209826256,-0.05557177580741315,16.400000000000002,-9.231702429462561e-05,-0.4072052244102332,,,,,16.400000000000002,0.09048339591988622,0.048677158016280614,-0.07627436807114778,0.0,
16.45,-0.0007632422951364147,-3.3975052436407696,,,,,16.45,0.13228815906870467,0.13013863190152758,-0.023750652971773534,16.45,-5.748581923244568e-05,-0.25589301526104763,,,,,16.45,0.08843277204981448,0.0698429338228727,-0.05424315410656238,0.0,
16.5,0.0005638449243905182,2.5328618809777566,,,,,16.5,0.14174680727281477,0.1409854918891115,0.014671347887013292,16.5,-2.076282272343604e-05,-0.09326919502651512,,,,,16.5,0.0869359928573264,0.08249423594950438,-0.02743297084160963,0.0,
,,,,,,,16.55,0.1503159864566186,0.13948846510981758,0.056016639364866845,,,,,,,,16.55,0.08587414285534731,0.08586547039837777,0.0012204115723425636,,
,,,,,,,16.6,0.15795576828800373,0.12521559535834567,0.0962864446041527,,,,,,,,16.6,0.08513120614359683,0.08011929256031851,0.028778832830705113,,
,,,,,,,16.650000000000002,0.1646428352511491,0.09899426045926792,0.13155759041446313,,,,,,,,16.650000000000002,0.08459909729263866,0.06627885799101539,0.052574901294592614,,
,,,,,,,16.7,0.1703656215770089,0.06281471343096034,0.15836273801594533,,,,,,,,16.7,0.08418099643142805,0.046084839765291125,0.07044592042123904,,
,,,,,,,16.75,0.17512130819593566,0.01962422614791227,0.1740182816038346,,,,,,,,16.75,0.08379306306173018,0.021793821937965103,0.08090925004351085,,
,,,,,,,16.8,0.17891388951032894,-0.02696564779537385,0.1768701040274756,,,,,,,,16.8,0.08336485542944011,-0.004060758343802201,0.0832658955542105,,
,,,,,,,16.85,0.18175288048417484,-0.07302856964433621,0.16643598643321425,,,,,,,,16.85,0.08283885975736234,-0.02892146495958925,0.07762619113734229,,
,,,,,,,16.900000000000002,0.1836524175447267,-0.11469499700491194,0.1434338458386509,,,,,,,,16.900000000000002,0.08216949717292751,-0.05044960618857744,0.06485879663599373,,
,,,,,,,16.95,0.18463060790112049,-0.14851002561920218,0.10969609685180784,,,,,,,,16.95,0.0813218903700409,-0.06673588511035057,0.04647118991262263,,
,,,,,,,17.0,0.18470903901222316,-0.17174394122395567,0.06798123083382235,,,,,,,,17.0,0.08027058081989785,-0.07646082805991146,0.024435791731728482,,
,,,,,,,17.05,0.18391239321939262,-0.18262732837652815,0.02170316358820186,,,,,,,,17.05,0.07899831188578264,-0.07899222929546072,0.000980301860012223,,
,,,,,,,17.1,0.18226813250529625,-0.18049051195448654,-0.025393842194035527,,,,,,,,17.1,0.07749493923862814,-0.07441319175670533,-0.021636600938651843,,
,,,,,,,17.150000000000002,0.17980623060492462,-0.165796750612805,-0.069582455048573,,,,,,,,17.150000000000002,0.07575649552713433,-0.06348104823644113,-0.04134250995471075,,
,,,,,,,17.2,0.17655893741739248,-0.1400689990156595,-0.10748829655692702,,,,,,,,17.2,0.07378441678858516,-0.04752388748778709,-0.05644129940814441,,
,,,,,,,17.25,0.17256056563596936,-0.10572019701189682,-0.13638324221241924,,,,,,,,17.25,0.07158492911720872,-0.028287001158937567,-0.0657590118702377,,
,,,,,,,17.3,0.1678472927752544,-0.06580596688312759,-0.15440948291655757,,,,,,,,17.3,0.06916859219400828,-0.007745820098105419,-0.06873351742133389,,
,,,,,,,17.35,0.16245697395485845,-0.023725480827763653,-0.1607151826868295,,,,,,,,17.35,0.06654999916686491,0.01209553022508795,-0.06544158110623324,,
,,,,,,,17.400000000000002,0.15642896228182518,0.017099509188181948,-0.15549156577156192,,,,,,,,17.400000000000002,0.06374763880182403,0.029400242309367042,-0.056563125841473126,,
,,,,,,,17.45,0.14980393469888958,0.05353624920899884,-0.13991100339823578,,,,,,,,17.45,0.06078393528817509,0.04267079679795234,-0.04328844984224912,,
,,,,,,,17.5,0.14262372188546701,0.08301373882564496,-0.11597519222079629,,,,,,,,17.5,0.05768549344223531,0.05088119994507479,-0.027179397451442776,,
,,,,,,,17.55,0.1349311413128084,0.10373182536655316,-0.08629091088927031,,,,,,,,17.55,0.05448359202275552,0.05355811245051764,-0.009999519510445275,,
,,,,,,,17.6,0.12676983293149854,0.11478866831370096,-0.05379732491720379,,,,,,,,17.6,0.05121498383427315,0.050804757176153494,0.006469251689101322,,
,,,,,,,17.650000000000002,0.118184097256785,0.11621703670636574,-0.021472801950198687,,,,,,,,17.650000000000002,0.047923072749220065,0.0432671831782584,0.020605139202297847,,
,,,,,,,17.7,0.10921873585489711,0.10892903965409248,0.00794962777612479,,,,,,,,17.7,0.04465952970694046,0.03204803050367902,0.031103011662544137,,
,,,,,,,17.75,0.09991889446383481,0.09457782960738173,0.03223072474568369,,,,,,,,17.75,0.04148634647402102,0.01857786011488518,0.037094205171620466,,
,,,,,,,17.8,0.0903299092689927,0.07535269455398853,0.049814294454481246,,,,,,,,17.8,0.038478133127118064,0.004457935695786541,0.038219020634763165,,
,,,,,,,17.85,0.08049715732723403,0.053730025518699175,0.05994060973601621,,,,,,,,17.85,0.035724015088556264,-0.008709267070824147,0.03464612418635675,,
,,,,,,,17.900000000000002,0.07046591311259229,0.0322063579148596,0.06267531747547328,,,,,,,,17.900000000000002,0.03332763910528846,-0.019484785371965685,0.027038392469612246,,
,,,,,,,17.95,0.060281215549815415,0.013040729108244574,0.05885375376718711,,,,,,,,17.95,0.031402650071291734,-0.026736987091833968,0.016469971243177763,,
,,,,,,,18.0,0.04998775666348786,-0.001968073396369397,0.049948999022548776,,,,,,,,18.0,0.03006048154314658,-0.029750773134234885,0.004303957309400733,,
,,,,,,,18.05,0.0396298255016977,-0.011647955826099475,0.037879390100267515,,,,,,,,18.05,0.02938959334295534,-0.02829215625708964,-0.007956261131254319,,
,,,,,,,18.1,0.029251434786028412,-0.015548421070126564,0.02477686500078889,,,,,,,,18.1,0.029431869630573867,-0.02262279389205114,-0.01882668708161024,,
,,,,,,,18.150000000000002,0.018897309192817312,-0.013956257585403422,0.012740924964020751,,,,,,,,18.150000000000002,0.030168492323764465,-0.013464063693049698,-0.02699735020253907,,
,,,,,,,18.2,0.008621830300359698,-0.007832502510057253,0.003603867666569824,,,,,,,,18.2,0.031524876785626404,-0.0019152172296803165,-0.031466645822395216,,
,,,,,,,18.25,0.001831530937538468,0.0013208888440139866,-0.0012687624824686192,,,,,,,,18.25,0.03339152376889969,0.010665445103365947,-0.03164241047006502,,
,,,,,,,18.3,0.01170325881743003,0.011649290761843822,-0.0011226271392470145,,,,,,,,18.3,0.03564822382115447,0.022803979808949045,-0.027400262160719724,,
,,,,,,,18.35,0.021563223175240655,0.021167921276948505,0.004109951644258898,,,,,,,,18.35,0.038181478734230744,0.03306420040680541,-0.019094082062019197,,
,,,,,,,18.400000000000002,0.03121591138048888,0.027994860587309843,0.013810173931258834,,,,,,,,18.400000000000002,0.04089282339777986,0.04019575174625993,-0.007518280853696113,,
,,,,,,,18.45,0.040619667383777064,0.030570135511867526,0.026747414700391846,,,,,,,,18.45,0.04370060074357776,0.04326230271184423,0.006173788902962603,,
,,,,,,,18.5,0.049739554500647355,0.027838217756170177,0.041219618072987046,,,,,,,,18.5,0.04653845744205441,0.0417374640054207,0.020586697634203534,,
,,,,,,,18.55,0.05854329149737719,0.01937531524846398,0.055244132162334814,,,,,,,,18.55,0.04935276218030021,0.03555936554818456,0.03422318887298282,,
,,,,,,,18.6,0.06700065859005488,0.005448677769861831,0.06677874034497289,,,,,,,,18.6,0.052100030130490124,0.025138980718286127,0.045633811894730175,,
,,,,,,,18.650000000000002,0.07508339216745001,-0.012997816748517512,0.07394979742462485,,,,,,,,18.650000000000002,0.05474474952965278,0.011321848152536248,0.05356121129581864,,
,,,,,,,18.7,0.08276518939056283,-0.03442999771127878,0.07526388132734767,,,,,,,,18.7,0.05725767941225324,-0.004692630292716543,0.05706505999832338,,
,,,,,,,18.75,0.0900217419471981,-0.05687259917869416,0.06978124021445536,,,,,,,,18.75,0.05961456349769356,-0.021466080270143517,0.05561567745569852,,
,,,,,,,18.8,0.09683077602566374,-0.07810598304783566,0.05723333467362761,,,,,,,,18.8,0.06179517426476654,-0.03745879720425284,0.049147554104182284,,
,,,,,,,18.85,0.10317209061537536,-0.09589037273798474,0.03807251893580953,,,,,,,,18.85,0.06378260613601192,-0.051176650388301055,0.038067982617092155,,
,,,,,,,18.900000000000002,0.10902759101679371,-0.10819494364749938,0.013448783292167074,,,,,,,,18.900000000000002,0.06556275197248661,-0.06131303581978585,0.023220380805823462,,
,,,,,,,18.95,0.11438131620007465,-0.11340875630614054,-0.014884202657713494,,,,,,,,18.95,0.06712391285605082,-0.06687231949755737,0.005806251985860896,,
,,,,,,,19.0,0.11921945938150749,-0.11051244502488804,-0.0447244786424617,,,,,,,,19.0,0.06845650430502523,-0.06726316173358557,-0.01272635278724619,,
,,,,,,,19.05,0.1235303815250103,-0.09919357247177889,-0.07362330025202997,,,,,,,,19.05,0.06955283216744755,-0.06235314859468963,-0.030816899955084413,,
,,,,,,,19.1,0.12730461765086362,-0.07989421116045957,-0.09911296937475171,,,,,,,,19.1,0.07040691887692108,-0.052479970378605495,-0.046935987629984265,,
,,,,,,,19.150000000000002,0.13053487593554813,-0.053786040936505644,-0.11893870537333708,,,,,,,,19.150000000000002,0.07101436613479356,-0.03841860055173947,-0.059724796602185236,,
,,,,,,,19.200000000000003,0.13321602965341084,-0.022675382880020304,-0.13127199841498155,,,,,,,,19.200000000000003,0.07137224393960702,-0.02130813084022387,-0.06811725746879914,,
,,,,,,,19.25,0.13534510206050435,0.011152581014234242,-0.13488482712480776,,,,,,,,19.25,0.071478998646632,-0.0025457057205527287,-0.07143365194297129,,
,,,,,,,19.3,0.13692124436190603,0.04513529364381167,-0.12926806421270368,,,,,,,,19.3,0.07133437472288352,0.016341984800593994,-0.06943725620934282,,
,,,,,,,19.35,0.13794570694074013,0.07666057921683483,-0.11468292661734766,,,,,,,,19.35,0.07093934629366147,0.03383722877932085,-0.062349280678352034,,
,,,,,,,19.400000000000002,0.13842180406274163,0.10329884861675466,-0.0921408905667665,,,,,,,,19.400000000000002,0.07029605561658842,0.04856666161112498,-0.05082140115346065,,
,,,,,,,19.450000000000003,0.13835487230656596,0.12301769533895193,-0.06331443219724057,,,,,,,,19.450000000000003,0.06940775638215906,0.059420837644799315,-0.03586921660136364,,
,,,,,,,19.5,0.13775222300904633,0.1343587341819114,-0.030387587810955,,,,,,,,19.5,0.06827876030641852,0.06564708901443404,-0.018773620133376707,,
,,,,,,,19.55,0.13662308905846024,0.1365603794179897,0.004138989863560099,,,,,,,,19.55,0.06691438590898001,0.06690749931619644,-0.0009599879317342728,,
,,,,,,,19.6,0.13497856642049236,0.1296156376485413,0.037669614676729975,,,,,,,,19.6,0.06532090869997897,0.0632972958740059,0.016132992544148288,,
,,,,,,,19.650000000000002,0.13283155084522355,0.1142603578951844,0.0677406193772361,,,,,,,,19.650000000000002,0.06350551226427369,0.05532282652945195,0.031182285880608288,,
,,,,,,,19.700000000000003,0.13019667028541373,0.09189410304031709,0.09223148475344153,,,,,,,,19.700000000000003,0.06147623995590697,0.043842156302291095,0.04309516689701676,,
,,,,,,,19.75,0.1270902136662681,0.06444222177857155,0.10954050603306104,,,,,,,,19.75,0.059241947124031594,0.029974822615178975,0.05109910281242822,,
,,,,,,,19.8,0.1235300567999743,0.03417318720343545,0.11870917491653217,,,,,,,,19.8,0.0568122540087849,0.014990093379336041,0.05479899000928286,,
,,,,,,,19.85,0.11953558645886996,0.003489305120401356,0.11948464830195851,,,,,,,,19.85,0.054197499705648765,0.00018492148385660295,0.05419718422933618,,
,,,,,,,19.900000000000002,0.11512762394898068,-0.0252888901931838,0.1123158129068877,,,,,,,,19.900000000000002,0.051408697951195126,-0.013236479509327726,0.04967544499283687,,
,,,,,,,19.950000000000003,0.11032835002752117,-0.050124031023598976,0.0982849242444665,,,,,,,,19.950000000000003,0.04845749601972079,-0.024269950881776328,0.04194160708291256,,
,,,,,,,20.0,0.10516123379841616,-0.0694303750608227,0.07898296090245437,,,,,,,,20.0,0.045356138900435154,-0.03219564979412129,0.03194713555688311,,
,,,,,,,20.05,0.09965096950165293,-0.08219418675411454,0.056342092492639155,,,,,,,,20.05,0.04211744246184899,-0.03663178659464278,0.020784397282858833,,
,,,,,,,20.1,0.09382342725520075,-0.08803589578284149,0.03244251154927158,,,,,,,,20.1,0.03875478214544093,-0.03755352192842268,0.00957424304642745,,
,,,,,,,20.150000000000002,0.08770562751145526,-0.08720977961838504,0.009312971388920484,,,,,,,,20.150000000000002,0.03528210925307544,-0.035276216444667566,-0.0006448152409158553,,
,,,,,,,20.200000000000003,0.08132575562890329,-0.08054311185306795,-0.011255472519458222,,,,,,,,20.200000000000003,0.031714018300089984,-0.03040574234362946,-0.009014975833093545,,
,,,,,,,20.25,0.07471324536330741,-0.06932260008528406,-0.027864783331896743,,,,,,,,20.25,0.02806591411691651,-0.023761745331555558,-0.014935695297388434,,
,,,,,,,20.3,0.06789898438085995,-0.05514093197876262,-0.03962006689123251,,,,,,,,20.3,0.02435438777147473,-0.01628228203851606,-0.01811141892126553,,
,,,,,,,20.35,0.06091574518232835,-0.03971987734804877,-0.04618505553287039,,,,,,,,20.35,0.020598070069149536,-0.008919913737221688,-0.018566519046232598,,
,,,,,,,20.400000000000002,0.053799055842382475,-0.02472832174527647,-0.04777916400685423,,,,,,,,20.400000000000002,0.016819709853625454,-0.002539964534314977,-0.01662682229785858,,
,,,,,,,20.450000000000003,0.046588989672999036,-0.011613670547871954,-0.04511825146386219,,,,,,,,20.450000000000003,0.013051912688868432,0.00216879340326691,-0.012870460753671202,,
,,,,,,,20.5,0.039334045716267724,-0.0014632866821886806,-0.03930681804083318,,,,,,,,20.5,0.00935641576299533,0.00476222195185136,-0.008053803946665978,,
,,,,,,,20.55,0.03210032444175544,0.005090783259465009,-0.031694080757629056,,,,,,,,20.55,0.00591121410393238,0.0050811688957307834,-0.003020624908125321,,
,,,,,,,20.6,0.02499606186565487,0.00791521459182105,-0.023709755096944143,,,,,,,,20.6,0.003546715267394304,0.003260509557657485,0.001395803214064232,,
,,,,,,,20.650000000000002,0.018248805611176665,0.007363816423912855,-0.016697098966869193,,,,,,,,20.650000000000002,0.004477062139322469,-0.00029347294760698916,0.0044674331588035595,,
,,,,,,,20.700000000000003,0.012492710542281567,0.0042135011767810175,-0.011760706803865914,,,,,,,,20.700000000000003,0.0075170543866200585,-0.004954504598450405,0.00565322835513812,,
,,,,,,,20.75,0.009654935561315426,-0.000444310128707035,-0.009644706797133936,,,,,,,,20.75,0.01098776323081238,-0.009950787333262203,0.004659696585034376,,
,,,,,,,20.8,0.011919042920289648,-0.0053445211620403565,-0.010653622749290945,,,,,,,,20.8,0.014529474713615431,-0.014454500211558132,0.0014741299425953377,,
,,,,,,,20.85,0.017280014698940215,-0.00920597304305456,-0.014623575770862018,,,,,,,,20.85,0.018046282139855322,-0.017676882631204673,-0.0036326463513361266,,
,,,,,,,20.900000000000002,0.023607421122345814,-0.010888856019285818,-0.020946196471890603,,,,,,,,20.900000000000002,0.02149749618893263,-0.018958975433802573,-0.010134080762143328,,
,,,,,,,20.950000000000003,0.030187603681446625,-0.00953516323729055,-0.028642138154584627,,,,,,,,20.950000000000003,0.024859096535481268,-0.017848624094009183,-0.01730321642097595,,
,,,,,,,21.0,0.03677464798282061,-0.004677355741953002,-0.03647597945941399,,,,,,,,21.0,0.028113649196068867,-0.014155813201271473,-0.024289714360822192,,
,,,,,,,21.05,0.0432582885545406,0.003696176714171416,-0.04310009056098972,,,,,,,,21.05,0.031246941073042354,-0.007980647581029333,-0.03021060394314539,,
,,,,,,,21.1,0.04957592633924927,0.01512572895145082,-0.0472121255196365,,,,,,,,21.1,0.03424665696098471,0.0002889083542678683,-0.034245438308863806,,
,,,,,,,21.150000000000002,0.05568517669519221,0.02871663072305168,-0.047709475196135435,,,,,,,,21.150000000000002,0.03710179826916929,0.010009357994074809,-0.03572612751688299,,
,,,,,,,21.200000000000003,0.061553730976106856,0.04322365890406376,-0.043824389419866265,,,,,,,,21.200000000000003,0.03980240811526529,0.02034086734461367,-0.03421229029812189,,
,,,,,,,21.25,0.06715508686401857,0.05717490469100278,-0.03522550163288845,,,,,,,,21.25,0.042339435639198376,0.030327442199124855,-0.029544442115304236,,
,,,,,,,21.3,0.0724665631938628,0.06902245635996368,-0.02207494731968842,,,,,,,,21.3,0.044704668173086916,0.03899011835059597,-0.02186956852506078,,
,,,,,,,21.35,0.07746830582770056,0.07730452240503781,-0.005034801241672971,,,,,,,,21.35,0.04689069810728294,0.04542391390603604,-0.011636391813847341,,
,,,,,,,21.400000000000002,0.08214276151705319,0.08080244604196715,0.014778294329267529,,,,,,,,21.400000000000002,0.04889090794054716,0.048888933817216595,0.0004393511885415357,,
,,,,,,,21.450000000000003,0.08647438785986263,0.07867655702507188,0.035886196934456153,,,,,,,,21.450000000000003,0.05069946480482523,0.04888660854643437,0.013436340138720889,,
,,,,,,,21.5,0.09044948850163703,0.07056691018543905,0.05658110247324586,,,,,,,,21.5,0.05231131964261231,0.04521352557728973,0.026309908164479107,,
,,,,,,,21.55,0.09405611716715347,0.05664845209143051,0.07508332739168,,,,,,,,21.55,0.05372220825624779,0.03798752209307874,0.03798715342264424,,
,,,,,,,21.6,0.09728402026007286,0.03763468145501335,0.08970959452445397,,,,,,,,21.6,0.054928652570881684,0.027643426830520755,0.04746575424786034,,
,,,,,,,21.650000000000002,0.10012460105636677,0.01472896933282824,0.09903531288933864,,,,,,,,21.650000000000002,0.05592796109603688,0.014898798131616845,0.05390698142720612,,
,,,,,,,21.700000000000003,0.10257089560625879,-0.010472127800832225,0.10203491149990318,,,,,,,,21.700000000000003,0.05671822795361493,0.0006929118862550378,0.05671399523324126,,
,,,,,,,21.75,0.10461755440635201,-0.03611450756363382,0.0981864299860335,,,,,,,,21.75,0.05729833007663993,-0.013895176394755942,0.05558797264274168,,
,,,,,,,21.8,0.10626082618756878,-0.06024824725897328,0.08753006274581507,,,,,,,,21.8,0.05766792233448712,-0.02774168484120607,0.05055678182546468,,
,,,,,,,21.85,0.10749854153439928,-0.08100001686354368,0.0706748448893141,,,,,,,,21.85,0.05782743044106727,-0.03977724976287332,0.041973588275467565,,
,,,,,,,21.900000000000002,0.10833009490167045,-0.09673976904166584,0.04875270810088479,,,,,,,,21.900000000000002,0.0577780415723066,-0.049080807720617944,0.030485675347987948,,
,,,,,,,21.950000000000003,0.10875642414286481,-0.10622589330521566,0.023324223113571105,,,,,,,,21.950000000000003,0.05752169267005863,-0.05495943905447459,0.016976607035746855,,
,,,,,,,22.0,0.10877998703156837,-0.10871515728313905,-0.003755017375528206,,,,,,,,22.0,0.057061056448629306,-0.05700681645245953,0.002487376326423055,,
,,,,,,,22.05,0.10840473451710277,-0.1040272105164076,-0.03049468704378758,,,,,,,,22.05,0.05639952515220952,-0.05513501687400206,-0.011875872671017591,,
,,,,,,,22.1,0.10763608065129557,-0.0925578458948838,-0.05494152365261766,,,,,,,,22.1,0.05554119214005473,-0.049577051766073146,-0.025038769189450603,,
,,,,,,,22.150000000000002,0.10648086928493236,-0.07524015956445224,-0.0753464923695232,,,,,,,,22.150000000000002,0.05449083140403755,-0.040860291197588175,-0.03605117626862601,,
,,,,,,,22.200000000000003,0.10494733778115611,-0.05345773318545843,-0.09031176263380321,,,,,,,,22.200000000000003,0.0532538751529131,-0.029753725555056645,-0.04416662806233258,,
,,,,,,,22.25,0.10304507814733063,-0.028918495393979577,-0.09890403811037171,,,,,,,,22.25,0.051836389632491583,-0.017194455470263107,-0.048901554077683665,,
,,,,,,,22.3,0.10078499616577564,-0.003501564084889353,-0.10072415053548392,,,,,,,,22.3,0.05024504939528242,-0.0042006929669538015,-0.05006914386457747,,
,,,,,,,22.35,0.09817926933115083,0.020908218436546194,-0.09592713551549595,,,,,,,,22.35,0.04848711029373116,0.008220282215467152,-0.04778521554764114,,
,,,,,,,22.400000000000002,0.09524130471169608,0.042582390309611036,-0.08519181978750123,,,,,,,,22.400000000000002,0.04657038155855952,0.01916044045236461,-0.042446177215165214,,
,,,,,,,22.450000000000003,0.09198569829428555,0.0600925235842405,-0.06964378866751023,,,,,,,,22.450000000000003,0.04450319745586935,0.02788735109498751,-0.034681842983050874,,
,,,,,,,22.5,0.08842819803151078,0.07242236552589947,-0.05073999584876901,,,,,,,,22.5,0.04229438922466774,0.03390163716856459,-0.02528822566291851,,
,,,,,,,22.55,0.08458567381934928,0.07903867442090316,-0.03012680137783995,,,,,,,,22.55,0.03995325833613281,0.03697057858984416,-0.01514724959871998,,
,,,,,,,22.6,0.08047609923024397,0.07991512369627754,-0.009485544366283615,,,,,,,,22.6,0.03748955269107168,0.037135322148493514,-0.005141440450325845,,
,,,,,,,22.650000000000002,0.07611855242159642,0.07550829360583945,0.009619335709583423,,,,,,,,22.650000000000002,0.03491344838334208,0.03469177631018464,0.003928044610286791,,
,,,,,,,22.700000000000003,0.07153324798602814,0.06668943030814811,0.025875189904718668,,,,,,,,22.700000000000003,0.03223554150968883,0.030147832812540794,0.011412200187955017,,
,,,,,,,22.75,0.0667416190259076,0.05463986928141021,0.03832660166398524,,,,,,,,22.75,0.029466858060407365,0.02416181398242608,0.016867200983886867,,
,,,,,,,22.8,0.06176648219904828,0.04072138495122826,0.046442083619269596,,,,,,,,22.8,0.02661889711292103,0.017468777354934458,0.020085006876573497,,
,,,,,,,22.85,0.05663234357234159,0.02633492211872317,0.05013675513529496,,,,,,,,22.85,0.023703738017152632,0.010802354876168216,0.02109920200185618,,
,,,,,,,22.900000000000002,0.05136595199842126,0.012781988447158454,0.04975019392968057,,,,,,,,22.900000000000002,0.020734278104705454,0.004820070138939918,0.020166239420848095,,
,,,,,,,22.950000000000003,0.045997306876529385,0.0011423805219854298,0.04598311871368237,,,,,,,,22.950000000000003,0.017724758384011267,3.9549470606056176e-05,0.017724714260347118,,
,,,,,,,23.0,0.040561544440413495,-0.007820038780803376,0.03980057638851943,,,,,,,,23.0,0.014691993007899019,-0.0032082142418430413,0.014337434216853066,,
,,,,,,,23.05,0.03510262957744247,-0.0137148814875911,0.03231248410494727,,,,,,,,23.05,0.011658567431962507,-0.004804236446613622,0.010622688300550203,,
,,,,,,,23.1,0.02968102915392486,-0.016541359523747936,0.024644409441945465,,,,,,,,23.1,0.00866266130239922,-0.004843496774977057,0.007182077682041026,,
,,,,,,,23.150000000000002,0.024390869315986264,-0.016662560642260512,0.01781217501689536,,,,,,,,23.150000000000002,0.005796827346635784,-0.0036138390369628137,0.004532479972556762,,
,,,,,,,23.200000000000003,0.01940131054288782,-0.01474171419938614,0.012613195996462876,,,,,,,,23.200000000000003,0.0034225612634655547,-0.0015545254546394985,0.0030491599192323114,,
,,,,,,,23.25,0.015059699686250613,-0.011648099314916777,0.00954548778166376,,,,,,,,23.25,0.003033395235639662,0.0008008058112918077,0.002925781384212202,,
,,,,,,,23.3,0.012099014171225216,-0.008343226467143321,0.008762232365868174,,,,,,,,23.3,0.005061730427033016,0.002890500125614161,0.004155252572320528,,
,,,,,,,23.35,0.011597375969253487,-0.005759778167947283,0.010065986530303727,,,,,,,,23.35,0.0077631546573421265,0.0041934081281660785,0.006533138488080856,,
,,,,,,,23.400000000000002,0.013764767005293034,-0.0046863522183077854,0.01294244619830291,,,,,,,,23.400000000000002,0.010591724905449325,0.004292276037993286,0.009683026535458022,,
,,,,,,,23.450000000000003,0.01756970992450596,-0.005670271314823367,0.01662957395869102,,,,,,,,23.450000000000003,0.01342359451401773,0.0029253136773237484,0.013100970558169708,,
,,,,,,,23.5,0.02210646368759365,-0.008948699274035393,0.020214265212314172,,,,,,,,23.5,0.01621420476827377,2.0526008218415775e-05,0.016214191776049106,,
,,,,,,,23.55,0.026929112673047498,-0.014415254552842326,0.022745934703468355,,,,,,,,23.55,0.018940202604654607,-0.0042907904649124974,0.018447774713812534,,
,,,,,,,23.6,0.03182935329298975,-0.02162555461892768,0.023354723686520744,,,,,,,,23.6,0.021585872754380574,-0.009682817915181205,0.019292302604659597,,
,,,,,,,23.650000000000002,0.036698866641345904,-0.029841046623013727,0.021361618599778726,,,,,,,,23.650000000000002,0.024138947065803388,-0.015665387490866003,0.01836530425031606,,
,,,,,,,23.700000000000003,0.04147334384036274,-0.03810649599780707,0.01636866555556891,,,,,,,,23.700000000000003,0.026589041439641928,-0.021632486078980252,0.015460034628736161,,
,,,,,,,23.75,0.04610977402358727,-0.04535301720321713,0.008319560749881832,,,,,,,,23.75,0.028926992722646993,-0.026924159613974413,0.010576414187109981,,
,,,,,,,23.8,0.05057653331116958,-0.050515888791380824,-0.002476025321496434,,,,,,,,23.8,0.031144551696113607,-0.030895503455712993,0.003930771752457727,,
,,,,,,,23.85,0.054848706223316473,-0.05265485958068454,-0.015357289373781717,,,,,,,,23.85,0.03323423284353827,-0.032985701563105214,-0.00405681218301712,,
,,,,,,,23.900000000000002,0.05890571867074362,-0.05106437229699402,-0.029365176213174398,,,,,,,,23.900000000000002,0.03518923885853305,-0.03278005728907711,-0.012796498566706234,,
,,,,,,,23.950000000000003,0.06273006927409035,-0.045362126962031235,-0.04332827054721585,,,,,,,,23.950000000000003,0.03700342288255901,-0.030058647572536967,-0.021580801911317136,,
,,,,,,,24.0,0.06630661657928802,-0.03554657197894673,-0.05597328490215909,,,,,,,,24.0,0.03867127048651751,-0.02482655666256092,-0.02964977648013644,,
,,,,,,,24.05,0.06962216299654264,-0.022017023330833062,-0.06604919578591933,,,,,,,,24.05,0.040187892100402585,-0.017322470205709428,-0.036262910769075195,,
,,,,,,,24.1,0.07266520420467616,-0.005553855414160658,-0.07245265069095735,,,,,,,,24.1,0.04154902083184359,-0.008004551753110904,-0.040770679210883176,,
,,,,,,,24.150000000000002,0.07542577408705885,0.012739796348054968,-0.07434208085359277,,,,,,,,24.150000000000002,0.042751012797687164,0.002485232432753716,-0.04267871501091851,,
,,,,,,,24.200000000000003,0.07789534625752471,0.03152953088896213,-0.07122902252945532,,,,,,,,24.200000000000003,0.04379084827368143,0.013375050602000532,-0.041698278308852435,,
,,,,,,,24.25,0.08006676964270619,0.049365764111526024,-0.06303736141926744,,,,,,,,24.25,0.04466613263429949,0.023830320573029497,-0.037778025701344975,,
,,,,,,,24.3,0.08193422463945935,0.06481332492565745,-0.050124346173796006,,,,,,,,24.3,0.04537509644681934,0.033027628387524856,-0.03111390590481561,,
,,,,,,,24.35,0.08349319154771175,0.07658212609016156,-0.03326095305810525,,,,,,,,24.35,0.04591659432334946,0.04022841499388398,-0.022136130224926377,,
,,,,,,,24.400000000000002,0.08474042604609935,0.08364633491150195,-0.013573152262731182,,,,,,,,24.400000000000002,0.046290102286810006,0.044845424054484884,-0.011474384998628968,,
,,,,,,,24.450000000000003,0.0856739383504833,0.08534056867873745,0.007550566208709778,,,,,,,,24.450000000000003,0.04649571350803505,0.04649561553025398,9.545199881805494e-05,,
,,,,,,,24.5,0.08629297387363273,0.08142386097209162,0.028576777361223882,,,,,,,,24.5,0.04653413234189741,0.04503456988453459,0.011718062473301347,,
,,,,,,,24.55,0.08659799396849806,0.07210526286233335,0.047958770073072525,,,,,,,,24.55,0.0464066666430599,0.04056920305229781,0.022532609094854474,,
,,,,,,,24.6,0.08659065585005105,0.05802864575858908,0.0642698837089827,,,,,,,,24.6,0.046115218384481835,0.03344770364521225,0.0317468815399325,,
,,,,,,,24.650000000000002,0.08627379114873467,0.04021819310440954,0.07632603738300524,,,,,,,,24.650000000000002,0.04566227263956275,0.02422778458082713,0.03870474902275941,,
,,,,,,,24.700000000000003,0.08565138281253377,0.019989820480220136,0.08328605198271664,,,,,,,,24.700000000000003,0.045050885026020046,0.013626397874408048,0.042940697742305085,,
,,,,,,,24.75,0.08472854028411424,-0.0011630181732492772,0.08472055787945132,,,,,,,,24.75,0.04428466775029626,0.002455794310735715,0.04421652261380906,,
,,,,,,,24.8,0.0835114730625431,-0.021698306985042985,0.08064334818854371,,,,,,,,24.8,0.04336777443999241,-0.00844794663338729,0.04253699633915751,,
,,,,,,,24.85,0.08200746293877301,-0.04015709174709616,0.07150267099954749,,,,,,,,24.85,0.042304884014535804,-0.01829715303392764,0.03814337953480734,,
,,,,,,,24.900000000000002,0.0802248353925365,-0.05528549752385058,0.05813379376317951,,,,,,,,24.900000000000002,0.04110118392970544,-0.026418822126548492,0.0314857611924703,,
,,,,,,,24.950000000000003,0.07817293088150377,-0.06613595563005886,0.04167784178077427,,,,,,,,24.950000000000003,0.039762353253171345,-0.032308840359925386,0.02317722094701697,,
,,,,,,,25.0,0.07586207707647043,-0.07213859289063394,0.023475053868217598,,,,,,,,25.0,0.03829454620735883,-0.03566934633811699,0.013934489622479916,,
,,,,,,,25.05,0.07330356355084176,-0.07313672171150871,0.004942910736158095,,,,,,,,25.05,0.036704377088291114,-0.03642612043964963,0.004510991815067866,,
,,,,,,,25.1,0.0705096211004764,-0.06938390110449437,-0.012549140817382344,,,,,,,,25.1,0.034998907895039864,-0.03472486027064697,-0.004371227862915326,,
,,,,,,,25.150000000000002,0.0674934088849799,-0.06150376399950413,-0.027796533179667984,,,,,,,,25.150000000000002,0.03318564068986577,-0.03090725547721809,-0.012084217263143163,,
,,,,,,,25.200000000000003,0.06426901417053542,-0.05041735750688213,-0.03985719815134675,,,,,,,,25.200000000000003,0.031272517845016154,-0.025469706424729538,-0.01814564484952091,,
,,,,,,,25.25,0.0608514720126896,-0.03724577429039298,-0.048121242124660984,,,,,,,,25.25,0.02926793527484068,-0.01900915113596348,-0.022254532310124198,,
,,,,,,,25.3,0.05725681645576939,-0.023198074353675557,-0.05234684686713236,,,,,,,,25.3,0.027180777191870557,-0.01216161898945007,-0.024308222318992358,,
,,,,,,,25.35,0.053502182062570784,-0.009455700384048445,-0.05265997736140396,,,,,,,,25.35,0.025020487257773245,-0.005539711272399483,-0.024399516012307363,,
,,,,,,,25.400000000000002,0.0496059873583493,0.00293532747877699,-0.04951906536263631,,,,,,,,25.400000000000002,0.0227972031798657,0.00032483104815594053,-0.022794888848472868,,
,,,,,,,25.450000000000003,0.04558825513820486,0.013154181546805026,-0.04364924414442656,,,,,,,,25.450000000000003,0.020522006437803157,0.005027959747442627,-0.019896541634448206,,
,,,,,,,25.5,0.041471169084876934,0.02066872935926475,-0.03595360193276773,,,,,,,,25.5,0.01820739161873558,0.008325221861608067,-0.016192584429701323,,
,,,,,,,25.55,0.03728005473300628,0.025267340117618903,-0.02741101975987961,,,,,,,,25.55,0.015868180842127818,0.010145994008787924,-0.012200736404500829,,
,,,,,,,25.6,0.03304515796339749,0.027056856443568554,-0.01897126733294367,,,,,,,,25.6,0.013523408540846396,0.010589146892327973,-0.00841145330221467,,
,,,,,,,25.650000000000002,0.02880500162289663,0.02642803723431571,-0.011458052471371388,,,,,,,,25.650000000000002,0.011200513400750562,0.009901133218038217,-0.005236321365143002,,
,,,,,,,25.700000000000003,0.024613043243559212,0.023993028689731362,-0.0054896695713898365,,,,,,,,25.700000000000003,0.008945586228528982,0.008439255148289616,-0.0029668982985796124,,
,,,,,,,25.75,0.02055161163108381,0.02050215662333446,-0.0014248910229074686,,,,,,,,25.75,0.006851073709326843,0.006624323710474098,-0.0017480121136537203,,
,,,,,,,25.8,0.01676232459403522,0.016749286958892193,0.0006609933165182641,,,,,,,,25.8,0.005133263916878671,0.004887930355570852,-0.001567971708742718,,
,,,,,,,25.85,0.013510728715266634,0.013475987358476315,0.000968274306029534,,,,,,,,25.85,0.004270936106952741,0.0036200146969862577,-0.002266360258934163,,
,,,,,,,25.900000000000002,0.011284843998943445,0.011284654840175158,-6.533925773409967e-05,,,,,,,,25.900000000000002,0.004733909187994941,0.0031222924279178522,-0.0035582560608744514,,
,,,,,,,25.950000000000003,0.010726656506204937,0.01056967231529837,-0.0018284383909018909,,,,,,,,25.950000000000003,0.006203852979384466,0.003572422496062172,-0.005072039954441057,,
,,,,,,,26.0,0.012030532665594203,0.011473645019254526,-0.003617898034779997,,,,,,,,26.0,0.00812048799564279,0.005002618186499998,-0.006396572251407634,,
,,,,,,,26.05,0.01465725084179082,0.013873059709361778,-0.00473003346073372,,,,,,,,26.05,0.010202398292372067,0.007294866512920809,-0.007132590937020228,,
,,,,,,,26.1,0.01798007455681658,0.017394586893103737,-0.004550980980727852,,,,,,,,26.1,0.012333007271473078,0.010193173409586195,-0.00694278648672943,,
,,,,,,,26.150000000000002,0.02162138213109064,0.021460029757507548,-0.002636529549528334,,,,,,,,26.150000000000002,0.014458020057846325,0.013331477056946449,-0.005595182166220961,,
,,,,,,,26.200000000000003,0.025384620933377743,0.025354939832575536,0.001227194368367913,,,,,,,,26.200000000000003,0.016547573453249857,0.016274247901840573,-0.002995169848295262,,
,,,,,,,26.25,0.029163247221798447,0.028313469273966923,0.00698873709563222,,,,,,,,26.25,0.01858259486007038,0.018565484458307958,0.0007972568982704778,,
,,,,,,,26.3,0.03289382351436727,0.029610357245201273,0.014325863646073746,,,,,,,,26.3,0.02054938777819891,0.01978094884261995,0.00556699209128622,,
,,,,,,,26.35,0.03653466331156439,0.028650217200193822,0.02267039209345721,,,,,,,,26.35,0.02243725432481172,0.019578149670678578,0.010960220668799993,,
,,,,,,,26.400000000000002,0.040055904447448304,0.02504457086824078,0.03126091731105749,,,,,,,,26.400000000000002,0.024237358076293642,0.017738803247472134,0.016516185572520936,,
,,,,,,,26.450000000000003,0.043434641586636416,0.018668329326202045,0.03921812807781665,,,,,,,,26.450000000000003,0.02594214140999208,0.01419926143237364,0.02171118780055878,,
,,,,,,,26.5,0.04665240101572677,0.009689519771284336,0.045635071240593836,,,,,,,,26.5,0.027545010323522086,0.009065607382765576,0.026010427841626993,,
,,,,,,,26.55,0.04969376199750854,-0.0014312173327035765,0.04967314765959162,,,,,,,,26.55,0.02904015661543749,0.002611664726168162,0.028922480937969806,,
,,,,,,,26.6,0.052545570346174554,-0.013971759649298655,0.05065399189903012,,,,,,,,26.6,0.030422454277387552,-0.0047401146115034955,0.030050907436041715,,
,,,,,,,26.650000000000002,0.05519647292352567,-0.027007545992392797,0.04813775111766533,,,,,,,,26.650000000000002,0.03168739761116339,-0.012453196446502616,0.029137760134107387,,
,,,,,,,26.700000000000003,0.057636633360580135,-0.03949297192672975,0.041979598301275754,,,,,,,,26.700000000000003,0.032831063501988306,-0.019923703949829574,0.02609453489892346,,
,,,,,,,26.75,0.05985755369190006,-0.05035729440411315,0.032358455375313774,,,,,,,,26.75,0.033850087928432186,-0.026534881258744935,0.021017338778896277,,
,,,,,,,26.8,0.06185195960141003,-0.058605701752341754,0.01977464610682136,,,,,,,,26.8,0.03474165089551393,-0.03171402682758968,0.014184597608839198,,
,,,,,,,26.85,0.06361372464082367,-0.06341563675933524,0.005016271233355012,,,,,,,,26.85,0.0355034662730599,-0.034986378336081154,0.006037337850981419,,
,,,,,,,26.900000000000002,0.06513781860195658,-0.0642188771954915,-0.010902808077361659,,,,,,,,26.900000000000002,0.036133774352201546,-0.03602071187539451,-0.0028562151399415497,,
,,,,,,,26.950000000000003,0.0664202708772841,-0.06076123519135605,-0.026827684980864602,,,,,,,,26.950000000000003,0.03663133573051515,-0.03466221378953906,-0.011848446843785223,,
,,,,,,,27.0,0.06745814300229444,-0.05313389653971682,-0.04156188272714164,,,,,,,,27.0,0.03699542562959187,-0.030949413135277503,-0.02026808683858877,,
,,,,,,,27.05,0.06824950662891473,-0.041773166477116215,-0.05397219392951716,,,,,,,,27.05,0.037225828063454605,-0.025113503033526562,-0.027478614237165175,,
,,,,,,,27.1,0.068793424473168,-0.027428446298104626,-0.06308894978058725,,,,,,,,27.1,0.03732282948358426,-0.017560077148978368,-0.032933832014854184,,
,,,,,,,27.150000000000002,0.06908993261771204,-0.011101332507815758,-0.06819222247200118,,,,,,,,27.150000000000002,0.03728721166812153,-0.008834995587796728,-0.03622539174318079,,
,,,,,,,27.200000000000003,0.06914002310854432,0.006038494644445817,-0.0688758257872749,,,,,,,,27.200000000000003,0.03712024372447571,0.0004223927343855606,-0.037117840434788454,,
,,,,,,,27.25,0.06894562617110542,0.022752714378321253,-0.06508312651174919,,,,,,,,27.25,0.036823673152093145,0.009534253602015597,-0.035567975942758366,,
,,,,,,,27.3,0.06850959165004421,0.03783982598114354,-0.057111397441951824,,,,,,,,27.3,0.03639971597638232,0.017842324807191525,-0.03172681466261591,,
,,,,,,,27.35,0.06783566949154395,0.05023678879212316,-0.04558446124746452,,,,,,,,27.35,0.03585104602385169,0.024763607092396833,-0.025924144436754813,,
,,,,,,,27.400000000000002,0.06692848926676828,0.05910743621939638,-0.031396395638702015,,,,,,,,27.400000000000002,0.03518078346944196,0.02983854661582675,-0.01863729222228633,,
,,,,,,,27.450000000000003,0.06579353890236592,0.06390959730461868,-0.01563179879791876,,,,,,,,27.450000000000003,0.03439248285722043,0.03276733891776572,-0.010447218640981791,,
,,,,,,,27.5,0.06443714295955115,0.06443496562908017,0.0005297142332312869,,,,,,,,27.5,0.033490120884231936,0.03343117016819907,-0.0019862170136680938,,
,,,,,,,27.55,0.06286644100919524,0.060818416002947934,0.015915705452633582,,,,,,,,27.55,0.03247808435725877,0.03189669080397691,0.006117767507245725,,
,,,,,,,27.6,0.061089366914923754,0.05351641884347953,0.02946020475549092,,,,,,,,27.6,0.03136115890313693,0.02840364172643889,0.01329493980520049,,
,,,,,,,27.650000000000002,0.05911463019979414,0.04325714909906797,0.040290923983937334,,,,,,,,27.650000000000002,0.030144519266397184,0.023337163488331297,0.01908058809683516,,
,,,,,,,27.700000000000003,0.05695170119686521,0.030967542939950538,0.0477965223994313,,,,,,,,27.700000000000003,0.02883372241506795,0.017187757043244996,0.023150908321955193,,
,,,,,,,27.75,0.05461080246987669,0.017684664830925657,0.051668098244678135,,,,,,,,27.75,0.02743470528476609,0.010502992083427873,0.02534462884631424,,
,,,,,,,27.8,0.05210291020400391,0.004460110356031635,0.051911662151567776,,,,,,,,27.8,0.02595378997769625,0.0038357693962169774,0.02566877650659282,,
,,,,,,,27.85,0.04943977119443038,-0.00773333752408847,0.048831203819854306,,,,,,,,27.85,0.024397700877681124,-0.0023058269450250356,0.02428849460580871,,
,,,,,,,27.900000000000002,0.046633944208171754,-0.01808399572913679,0.04298480953638667,,,,,,,,27.900000000000002,0.02277360097076502,-0.007502319095896783,0.021502374505132493,,
,,,,,,,27.950000000000003,0.043698879783933664,-0.026004976859829238,0.035118844982294506,,,,,,,,27.950000000000003,0.021089159695022154,-0.011456228756947006,0.017706142417552376,,
,,,,,,,28.0,0.040649061700686,-0.031173742931232467,0.026087237661423856,,,,,,,,28.0,0.019352673950175262,-0.014012151204205297,0.01334861819261755,,
,,,,,,,28.05,0.03750024976973724,-0.03354446072015658,0.016764184674076758,,,,,,,,28.05,0.017573281852054035,-0.01516197004288192,0.008884531471635572,,
,,,,,,,28.1,0.034269894133169575,-0.03333285236750038,0.007959057541259189,,,,,,,,28.1,0.015761345147840503,-0.015035182952865848,0.004728982389817869,,
,,,,,,,28.150000000000002,0.030977850310325558,-0.030975964100952103,0.00034184479733330274,,,,,,,,28.150000000000002,0.013929153757977566,-0.013875794181527104,0.0012180559286334527,,
,,,,,,,28.200000000000003,0.02764764350965815,-0.027071713611735403,-0.005613778919882965,,,,,,,,28.200000000000003,0.012092281461172595,-0.012008542711940327,-0.0014206241134527072,,
,,,,,,,28.25,0.024308782562656204,-0.022304984363332288,-0.009664604608053056,,,,,,,,28.25,0.010272344280244181,-0.009798247375587987,-0.0030847050715827693,,
,,,,,,,28.3,0.02100117787912571,-0.017368230378767915,-0.011806525560922754,,,,,,,,28.3,0.008502986237231495,-0.007606664775418305,-0.0037999244656912083,,
,,,,,,,28.35,0.017783966153562102,-0.012884928672722033,-0.012257571751774821,,,,,,,,28.35,0.006843666081189882,-0.005751416735137656,-0.0037090390897923124,,
,,,,,,,28.400000000000002,0.014753752215228249,-0.00934374273997652,-0.011417866527398565,,,,,,,,28.400000000000002,0.0054115304479549495,-0.004471241135745965,-0.003048387195740829,,
,,,,,,,28.450000000000003,0.012081594971654825,-0.007049998752552165,-0.009811343162285583,,,,,,,,28.450000000000003,0.004437466069424869,-0.0039010900211886744,-0.0021148526577232612,,
,,,,,,,28.5,0.010072415689807216,-0.0060991639637439,-0.008015844108491781,,,,,,,,28.5,0.004240884985176881,-0.004059520720985666,-0.0012269461982445421,,
,,,,,,,28.55,0.009168164525709515,-0.006374655522493406,-0.006589310111083156,,,,,,,,28.55,0.004897550539366296,-0.004849512470337986,-0.000684273399807024,,
,,,,,,,28.6,0.009659273932675658,-0.007569741562839777,-0.006000048797991854,,,,,,,,28.6,0.006116121929327718,-0.006072428029324058,-0.0007297707058267876,,
,,,,,,,28.650000000000002,0.011329301169411457,-0.009230787112509827,-0.006568533646922295,,,,,,,,28.650000000000002,0.007606631391407625,-0.0074534711594783825,-0.0015187523825732378,,
,,,,,,,28.700000000000003,0.013711955983251407,-0.010816898658286618,-0.008426887937013355,,,,,,,,28.700000000000003,0.009212359970166801,-0.008675804675928224,-0.0030980622080703313,,
,,,,,,,28.75,0.01645522472431313,-0.011769352911243602,-0.011500293595306509,,,,,,,,28.75,0.010856449688223113,-0.00941960866282342,-0.0053975431885425135,,
,,,,,,,28.8,0.019359761455113273,-0.01158322171453983,-0.015512231893273854,,,,,,,,28.8,0.012498237036463378,-0.009401861473286132,-0.008234739210003119,,
,,,,,,,28.85,0.022315973148874988,-0.009873418931609763,-0.020012952210562023,,,,,,,,28.85,0.014113595349672348,-0.008412564681409006,-0.011332357617698213,,
,,,,,,,28.900000000000002,0.02525971057651546,-0.006428009190854541,-0.024428132885090024,,,,,,,,28.900000000000002,0.015686545223641987,-0.0063435103548975975,-0.01434669221216766,,
,,,,,,,28.950000000000003,0.028150045754178264,-0.0012429644592188722,-0.028122590835757796,,,,,,,,28.950000000000003,0.017205489507572374,-0.0032064638613754676,-0.016904066336265844,,
,,,,,,,29.0,0.030958592188914683,0.005465508745647201,-0.03047232587891484,,,,,,,,29.0,0.018661405425190604,0.0008612727914004612,-0.01864151983133689,,
,,,,,,,29.05,0.033664216411231164,0.01327262090342483,-0.03093730759028936,,,,,,,,29.05,0.020046919422945633,0.005604655349385212,-0.019247514560708417,,
,,,,,,,29.1,0.03625029255335961,0.021579698223028975,-0.029127312522908108,,,,,,,,29.1,0.021355807089505605,0.01067141787933765,-0.018498414442560493,,
,,,,,,,29.150000000000002,0.038703207388766085,0.02966861446064487,-0.024853804098436356,,,,,,,,29.150000000000002,0.022582710232584745,0.015643383381611597,-0.01628690755867442,,
,,,,,,,29.200000000000003,0.04101151033514144,0.03677059785298015,-0.018162244175867287,,,,,,,,29.200000000000003,0.02372297070030627,0.020075520005428366,-0.01263933682434467,,
,,,,,,,29.25,0.0431654116779727,0.04214255475491271,-0.009341190719498576,,,,,,,,29.25,0.024772529709351607,0.02353889694047721,-0.007720010299624001,,
,,,,,,,29.3,0.04515647665223801,0.04514324369657655,0.001093129542011221,,,,,,,,29.3,0.02572786523148164,0.025663278682522946,-0.001821860760992737,,
,,,,,,,29.35,0.04697743363442612,0.0453015972157765,0.012435616614244015,,,,,,,,29.35,0.026585952091270414,0.026175107372271064,0.004655813854677477,,
,,,,,,,29.400000000000002,0.048622050786857,0.042370225327612254,0.0238509502621398,,,,,,,,29.400000000000002,0.027344235865414068,0.024927057804566468,0.01124050818562929,,
,,,,,,,29.450000000000003,0.05008505471461396,0.03635856799679472,0.03444658530229563,,,,,,,,29.450000000000003,0.02800061523813566,0.021916163802134524,0.017427455864586872,,
,,,,,,,29.5,0.05136207532239059,0.027542149471441554,0.04335311734945592,,,,,,,,29.5,0.028553429512607954,0.017288625768002875,0.022724474823093668,,
,,,,,,,29.55,0.05244960714043881,0.01644672557880987,0.049804282013916144,,,,,,,,29.55,0.029001449191055507,0.011330706146228468,0.026696425854582005,,
,,,,,,,29.6,0.0533449809807907,0.0038085727952481985,0.053208850477192385,,,,,,,,29.6,0.029343868277244643,0.004446473206895664,0.02900502510760236,,
,,,,,,,29.650000000000002,0.05404634196899777,-0.009485498797399426,0.05320744677950995,,,,,,,,29.650000000000002,0.029580297421083892,-0.002875569857919339,0.02944019520166278,,
,,,,,,,29.700000000000003,0.054552631361611606,-0.022472847844068496,0.04970875876798008,,,,,,,,29.700000000000003,0.029710757326648785,-0.010103859515955082,0.027939955687238633,,
,,,,,,,29.75,0.05486357043585138,-0.03419742809367458,0.04290159988564042,,,,,,,,29.75,0.02973567204617588,-0.016709272266013965,0.024596959413267776,,
,,,,,,,29.8,0.05497964531617294,-0.04379220372785648,0.033241604831146326,,,,,,,,29.8,0.029655861921750872,-0.02221048674606077,0.01965106676048433,,
,,,,,,,29.85,0.05490209199608085,-0.0505538308040832,0.02141377819485047,,,,,,,,29.85,0.029472536037189457,-0.02621497355853014,0.013468687456058842,,
,,,,,,,29.900000000000002,0.05463288109191297,-0.054002644758581186,0.008274421761161695,,,,,,,,29.900000000000002,0.02918728412024045,-0.02845181921710364,0.006510878401021809,,
,,,,,,,29.950000000000003,0.05417470207249563,-0.05392242765733302,-0.005222081977846485,,,,,,,,29.950000000000003,0.028802067900306722,-0.02879339524826106,-0.0007067569676319705,,
,,,,,,,30.0,0.053530946874026625,-0.050376388493308784,-0.018104744008162265,,,,,,,,30.0,0.028319211987478058,-0.02726397065554082,-0.007658568514123903,,
