mea_k,mea_chik,mea_k3chik,mea_r,mea_chir_mag,mea_chir_re,mea_chir_im,mea_q,mea_chiq_mag,mea_chiq_re,mea_chiq_im,fit_k,fit_chik,fit_k3chik,fit_r,fit_chir_mag,fit_chir_re,fit_chir_im,fit_q,fit_chiq_mag,fit_chiq_re,fit_chiq_im,win_k,win_r
0.0,-1.954983774875342,-0.0,0.0,0.08477977979000614,-0.08477977979000614,0.0,0.0,0.10148753974897806,0.09321243625559955,-0.04013928813016237,0.0,-0.028936533274854716,-0.0,0.0,0.24621744988708155,-0.24621744988708155,0.0,0.0,0.07956412382947767,0.07720718369857654,-0.01922239803163777,0.0,0.0
0.05,-1.8961021402838931,-0.0002370127675354867,0.030679615757712823,0.094665730290007,-0.06150323434680982,0.07196494046563048,0.05,0.10319014743501011,0.10031302212513844,-0.024197192394585936,0.05,-0.029127898318587166,-3.640987289823397e-06,0.030679615757712823,0.24414626961535418,-0.21815176777452772,0.10962302305602482,0.05,0.08002029543828927,0.07977325115619519,-0.006282999443076706,0.0,0.0
0.1,-1.836534522633215,-0.0018365345226332155,0.06135923151542565,0.11895389579127275,0.001405518910344184,0.11894559193393273,0.1,0.10449526208102221,0.10426524948375274,-0.0069294694942915016,0.1,-0.02931926336231962,-2.931926336231963e-05,0.06135923151542565,0.23812794169573792,-0.14114580887936415,0.19178836578906125,0.1,0.08015296476058421,0.07985618803596665,0.006891080631932157,0.0,0.0
0.15000000000000002,-1.775825447313042,-0.005993410884681519,0.09203884727313846,0.14952862867141745,0.08506924409657463,0.12297168170433406,0.15000000000000002,0.10537449940585858,0.10480751119300862,0.010916534365936125,0.15000000000000002,-0.029636680750259645,-0.00010002379753212635,0.09203884727313846,0.22876067945139544,-0.03493922721460184,0.22607675436610133,0.15000000000000002,0.07995254087864488,0.07747949580301593,0.019731612277303096,0.0,0.0
0.2,-1.7135194397131088,-0.013708155517704873,0.1227184630308513,0.18152979762852844,0.16381242091930898,0.07822121310494765,0.2,0.10580870547138219,0.10188691634254309,0.02854011968680808,0.2,-0.030077297794507477,-0.00024061838235605988,0.1227184630308513,0.21708083626134053,0.07321821474544742,0.20436042303100785,0.2,0.07941848375011536,0.07281957038154778,0.03169551593860158,0.0,0.0
0.25,-1.64916102522315,-0.025768141019111717,0.15339807878856412,0.212345286563083,0.21222610018092358,-0.007113587530523914,0.25,0.10578946205265642,0.09566987439699083,0.04515180410852297,0.25,-0.03063596681225301,-0.00047868698144145326,0.15339807878856412,0.20460556866075616,0.1555381704410206,0.13293350316173655,0.25,0.07856120603945946,0.06619413759226203,0.042310746185704205,0.0,0.0
0.30000000000000004,-1.5822947292328995,-0.042721957689288305,0.18407769454627693,0.24035171617770543,0.21225937060113947,-0.11276039668951322,0.30000000000000004,0.1053208970024119,0.08653168146899408,0.06003964896250811,0.30000000000000004,-0.03130404729683561,-0.000845209277014562,0.18407769454627693,0.1933308124875646,0.19083461492544843,0.03096696309549395,0.30000000000000004,0.07740435798944263,0.058036073856313306,0.051217660695333775,0.0,0.0
0.35000000000000003,-1.512465077132092,-0.06484694018203846,0.21475731030398976,0.2643630641877526,0.158431518440214,-0.2116300632506307,0.35000000000000003,0.10442186015482205,0.07502501785004494,0.0726303763916562,0.35000000000000003,-0.03206782018663438,-0.0013749077905019494,0.21475731030398976,0.18556111244472867,0.17001988188444186,-0.07433818813857164,0.35000000000000003,0.0759875381350528,0.048854276453785886,0.05820107923400704,0.0,0.0
0.4,-1.439216594310463,-0.09210986203586964,0.2454369260617026,0.28341422871797073,0.05973267289976825,-0.2770480695259426,0.4,0.10312851615275793,0.06182959024766873,0.08253843113165553,0.4,-0.032906510678597435,-0.0021060166834302365,0.2454369260617026,0.18341217245850602,0.09854697635578459,-0.1546884561209439,0.4,0.07436940984821132,0.03918484478380137,0.06320883688568099,0.0,0.0
0.45,-1.362052128438458,-0.1241170002039545,0.2761165418194154,0.2966765738123394,-0.06236319162319309,-0.29004796461895294,0.45,0.10149736935079176,0.04768738906244926,0.08959703627652892,0.45,-0.03378995043592477,-0.003079109233473645,0.2761165418194154,0.188039639540671,-0.0048480308566045995,-0.1879771332779572,0.45,0.07263105543080019,0.02953721723084798,0.066353771642987,0.0,0.0
0.5,-1.279954246702254,-0.15999428083778175,0.30679615757712825,0.30342851312946556,-0.17932718368497022,-0.24476646782509898,0.5,0.09960864485599429,0.03332992230142789,0.09386691861049011,0.5,-0.034675965799270576,-0.004334495724908822,0.30679615757712825,0.19910236825342545,-0.11281808254401544,-0.1640543607930443,0.5,0.07087910378623608,0.020340896328186885,0.06789768250909584,0.0,0.0
0.55,-1.191554013314935,-0.19824479896527236,0.3374757733348411,0.30305231390854975,-0.26307536299518103,-0.15043955048550198,0.55,0.09756975983937811,0.01940509508039759,0.09562060614760111,0.55,-0.0355076578117945,-0.005907586568437311,0.3374757733348411,0.21495311791043786,-0.19633758957404077,-0.08750082182284989,0.55,0.06924766134421834,0.011898834090373966,0.06821771286794438,0.0,0.0
0.6000000000000001,-1.0954957470914075,-0.23662708137174415,0.36815538909255385,0.2950466754451379,-0.293581923915248,-0.029363151081756366,0.6000000000000001,0.09551827357274004,0.006411937056531458,0.09530282078459108,0.6000000000000001,-0.0362108415468317,-0.007821541774115651,0.36815538909255385,0.23332426519642363,-0.23215405204108797,0.023338998486542768,0.6000000000000001,0.06789736970203133,0.004353333861508872,0.06775766596293413,0.0,0.0
0.65,-0.9912622248149842,-0.27222538848981503,0.3988350048502667,0.27905380433004917,-0.2645600578796006,0.08876373970161337,0.65,0.09362316170677527,-0.005348977277897402,0.0934702351021625,0.65,-0.03669203068383844,-0.010076548926549132,0.3988350048502667,0.2519273456568032,-0.20886288648252416,0.140867605005092,0.65,0.06700926226839482,-0.0023305857078594165,0.06696872105701918,0.0,0.0
0.7000000000000001,-0.8800596292027186,-0.30186045281653257,0.4295146206079795,0.2549093213702265,-0.1856111130696597,0.17472056784039877,0.7000000000000001,0.0920825774616422,-0.015802843698348185,0.09071643292714343,0.7000000000000001,-0.036837476483803894,-0.012635254433944738,0.4295146206079795,0.2687416288980533,-0.13003190295612113,0.2351887907966468,0.7000000000000001,0.06677119773203934,-0.008360988737733346,0.06624565430198869,0.0,0.0
0.75,-0.7603436029646299,-0.32076995750070325,0.46019423636569234,0.22274588558559938,-0.08012274123639622,0.20783665673330684,0.75,0.09111575084635368,-0.02510121941094217,0.08759000420355362,0.75,-0.03651387901600734,-0.015404292709878097,0.46019423636569234,0.2820895331537752,-0.013527618978824645,0.28176498760434837,0.75,0.06735653280895353,-0.014092718989676989,0.06586575577279616,0.0,0.0
0.8,-0.6311771012442493,-0.3231626758370557,0.4908738521234052,0.1832598794679787,0.02070371015173177,0.18208662720960908,0.8,0.09094703507183495,-0.03359420547517216,0.08451504331685271,0.8,-0.035571456937813925,-0.018212585952160736,0.4908738521234052,0.29063166914672306,0.11285123804840919,0.2678271180854388,0.8,0.06889867346632438,-0.01998019665737296,0.0659379931977907,0.0,0.0
0.8500000000000001,-0.4904700248764822,-0.3012099040272697,0.521553467881118,0.13859938210470224,0.0862740717111732,0.10847383680031142,0.8500000000000001,0.09178220158661599,-0.04177570712698517,0.08172369804485462,0.8500000000000001,-0.033850061839068316,-0.020788169226917834,0.521553467881118,0.2933514148717931,0.21838308882344237,0.19586699345018643,0.8500000000000001,0.07146924288155912,-0.026513081623725215,0.06636948983438831,0.0,0.0
0.9,-0.33861401916079775,-0.2468496199682216,0.5522330836388308,0.0961984604086271,0.09533411882540004,0.01286660688661557,0.9,0.0937809778354066,-0.05020649684728557,0.07920971833107683,0.9,-0.031188932022039303,-0.022736731444066655,0.5522330836388308,0.2895546766708103,0.27732814745496825,0.08325268410767839,0.9,0.07506796642068737,-0.034140948741001424,0.06685503123626345,0.0,0.0
0.9500000000000001,-0.18737532541958446,-0.16065091963161626,0.5829126993965437,0.08232334168345906,0.04268879138487327,-0.07039033794513504,0.9500000000000001,0.09703357259213606,-0.05942274719072521,0.07671017746231916,0.9500000000000001,-0.027440502646513442,-0.023526800956554468,0.5829126993965437,0.2788956523101989,0.2757116149078593,-0.04202249733692278,0.9500000000000001,0.07962728827138023,-0.043195018914763836,0.06689316391386105,0.0,0.0
1.0,-0.03826638564201359,-0.03826638564201359,0.6135923151542565,0.12227654110603886,-0.05801187987085138,-0.10763909279953414,1.0,0.10154916707819113,-0.06983998942411386,0.0737198020311642,1.0,-0.022488501673182844,-0.022488501673182844,0.6135923151542565,0.2614435649814562,0.21520602471142875,-0.14845573278966645,1.0,0.08502777233644976,-0.053816139336126494,0.065829668201,0.0,0.0
1.05,0.10190038786079787,0.11796243649735615,0.6442719309119693,0.19192949619281602,-0.176417910301829,-0.07558870572753577,1.05,0.10725963710016027,-0.08166377912973898,0.0695388878909297,1.05,-0.01627065557678678,-0.0188353176620778,0.6442719309119693,0.23782773063746437,0.11302994115646185,-0.20925167111001308,1.05,0.09111687688649041,-0.06589839932014074,0.06292603769975608,0.0,0.0
1.1,0.2281998572547161,0.3037340100060272,0.6749515466696822,0.2740876230280131,-0.27232745670212294,0.031012601040537834,1.1,0.11403513769153631,-0.09481848511327128,0.06335193374437753,1.1,-0.00880778862193988,-0.011723166655801984,0.6749515466696822,0.20955528737921464,-0.0022278235500943705,-0.20954344482902557,1.1,0.0977251037730807,-0.07905688704230128,0.05744740654407481,0.0,0.0
1.1500000000000001,0.32813497102306527,0.49905227405470454,0.705631162427395,0.3631332635137238,-0.30577787784337573,0.19587153057994208,1.1500000000000001,0.12170440180447316,-0.10890445394047661,0.05433029845777819,1.1500000000000001,-0.0002492866991296949,-0.0003791339085388748,0.705631162427395,0.1797201188824195,-0.09790461936236539,-0.1507116672279268,1.1500000000000001,0.10467704616179518,-0.09262613151921509,0.04876149867409399,0.0,0.0
1.2000000000000002,0.40218367974969443,0.6949733986074723,0.7363107781851077,0.45630473727909754,-0.24799387563879183,0.3830313967666328,1.2000000000000002,0.1300733523519485,-0.12319136793037311,0.04174881866014405,1.2000000000000002,0.008985821699814487,0.015527499897279442,0.7363107781851077,0.15441146473411105,-0.14589270653654196,-0.050578835700083764,1.2000000000000002,0.11179761343949612,-0.10569285185532507,0.036437994421418325,0.0,0.0
1.25,0.441733059584338,0.8627598820006601,0.7669903939428205,0.5515286510514532,-0.09043564601962269,0.5440636422879672,1.25,0.13893881451532888,-0.1366520836502401,0.025103828651676756,1.25,0.006207981994156501,0.012124964832336915,0.7669903939428205,0.14385147849402138,-0.13040601689712217,0.06072494233791738,1.25,0.11891485081474759,-0.11716299283042468,0.020336539905095243,0.0,0.0
1.3,0.44637930691813305,0.9806953372991384,0.7976700097005334,0.6468911895650139,0.1505056608727466,0.6291392987106246,1.3,0.14809702330107571,-0.1480369223706721,0.004218758781794827,1.3,0.00025543615153211905,0.0005611932249160656,0.7976700097005334,0.15745011238473905,-0.052830342137848166,0.1483222600945821,1.3,0.12586080212415263,-0.12585900972640512,0.00067170084394893,0.0,0.0
1.35,0.4196710913943421,1.0325482614893546,0.8283496254582462,0.7404894740974453,0.4346802586074423,0.5994812207451358,1.35,0.1573481071046728,-0.15598370818313514,-0.020676305058257613,1.35,-0.004003974176186849,-0.009851277963735722,0.8283496254582462,0.19396340830226833,0.0677281564302138,0.18175450637273602,1.35,0.1324714779804382,-0.13063940052825354,-0.021955398150347385,0.0,0.0
1.4000000000000001,0.36855488353962973,1.0113146004327442,0.859029241215959,0.8303936818594385,0.7053658614876254,0.4381925014418829,1.4000000000000001,0.16649802690799617,-0.15915431276378886,-0.048902941557148555,1.4000000000000001,-0.006776296548438935,-0.01859415772891644,0.859029241215959,0.24493118716850618,0.1985319618187534,0.14344457669835708,1.4000000000000001,0.13858658640670374,-0.13052903120025483,-0.04656623181862217,0.0,0.0
1.4500000000000002,0.30575987993368237,0.9321472139628227,0.8897088569736719,0.9146490487436769,0.9011313396258306,0.15666904962968645,1.4500000000000002,0.17535918179657087,-0.1563845920066413,-0.07933915819618416,1.4500000000000002,-0.008308129788752835,-0.025328372177236623,0.8897088569736719,0.30303582494378845,0.30109666142363284,0.03422735278844411,1.4500000000000002,0.14404939351250676,-0.12484630786547973,-0.07185838283512144,0.0,0.0
1.5,0.23410727190231403,0.7901120426703099,0.9203884727313847,0.9912950246354039,0.9698068956061578,-0.20528129749602805,1.5,0.18375049858506842,-0.14683188113171167,-0.11047463244376116,1.5,-0.00895680361774978,-0.030229212209905505,0.9203884727313847,0.3634199264547827,0.3410153746500484,-0.12562864799354811,1.5,0.14870691405690864,-0.1133121018282508,-0.09630220074117173,0.0,0.0
1.55,0.1673319658288729,0.6231233242509941,0.9510680884890975,1.0583928969056218,0.8813194596829814,-0.5860644454361413,1.55,0.19149750044796898,-0.1301030545434679,-0.14051508060090667,1.55,-0.009201173211252484,-0.03426401889205285,0.9510680884890975,0.42263237840244655,0.29728232482084127,-0.3004019750654522,1.55,0.15241055664055037,-0.09612579840606045,-0.11827429414830529,0.0,0.0
1.6,0.10690202602484081,0.4378706985977481,0.9817477042468103,1.1140579374574446,0.6362389166083946,-0.9145081350129763,1.6,0.19843263964147345,-0.1063468168707403,-0.16752870505243,1.6,-0.009306640490471018,-0.0381199994489693,0.9817477042468103,0.47789663578174013,0.16868426611847523,-0.4471362352299091,1.6,0.15501733962492706,-0.07399603149201114,-0.13621660290810103,0.0,0.0
1.6500000000000001,0.05742142220943548,0.2579442062425604,1.012427320004523,1.1564939248513222,0.2677411845264103,-1.125074600338311,1.6500000000000001,0.20439606724997006,-0.07629645314281078,-0.18962226542545355,1.6500000000000001,-0.009396251234650831,-0.04220913507745588,1.012427320004523,0.5267786547836322,-0.02454265196481226,-0.5262066223169253,1.6500000000000001,0.15639184037776652,-0.048117511978300255,-0.14880562078686052,0.0,0.0
1.7000000000000002,0.018760249840223675,0.09216910746501894,1.043106935762236,1.184028650851705,-0.16384393897374408,-1.172637629320873,1.7000000000000002,0.20923697270753452,-0.041253604976303086,-0.2051298389417607,1.7000000000000002,-0.00972689042931549,-0.04778821267922701,1.043106935762236,0.5670549931414908,-0.24447482333151807,-0.5116477557888035,1.7000000000000002,0.1564091493644816,-0.020090595503105532,-0.15511347451866106,0.0,0.0
1.75,-0.011281173802974992,-0.0604600408503191,1.0737865515199487,1.1951493910913895,-0.5829954375704418,-1.043311260745406,1.75,0.2128156394808284,-0.003009424303064493,-0.2127943602941536,1.75,-0.010486742037809192,-0.05620238310888364,1.0737865515199487,0.596671519680146,-0.4440174864706993,-0.39857919427092176,1.75,0.1549593039568501,0.00821358323320976,-0.15474147127794344,0.0,0.0
1.8,-0.0320749141691741,-0.1870608994346234,1.1044661672776617,1.188537559398667,-0.9149662064619946,-0.7585897251702571,1.8,0.21500642460590533,0.03629383305168181,-0.21192102374288282,1.8,-0.01182062082030822,-0.06893786062403755,1.1044661672776617,0.613743968253378,-0.5782605660106538,-0.2056608284638612,1.8,0.15195404732833634,0.03483305306578433,-0.14790771079824924,0.0,0.0
1.85,-0.04527427702147215,-0.28665974424607865,1.1351457830353744,1.1631020085886137,-1.1021674249493416,-0.37152826240194053,1.85,0.21570198559916615,0.07435074042321795,-0.20248287332498555,1.85,-0.013806776488106567,-0.08741933118150776,1.1351457830353744,0.616578797840302,-0.6159272755987554,0.028337344965376796,1.85,0.14733744531768622,0.05792448797514175,-0.13547352688093656,0.0,0.0
1.9000000000000001,-0.0524217596791762,-0.35956084963946966,1.1658253987930873,1.1180108143116596,-1.1171264064395148,0.04446091489562686,1.9000000000000001,0.21481927037774035,0.10891364549945652,-0.18516246042230974,1.9000000000000001,-0.01632169785230149,-0.11195052556893595,1.1658253987930873,0.6037048661403482,-0.5479865622783875,0.25331856024352156,1.9000000000000001,0.14110320236891258,0.07598158256509209,-0.11889875032844706,0.0,0.0
1.9500000000000002,-0.055308032809220996,-0.41010214977627263,1.1965050145508,1.052722115632092,-0.9688230411500327,0.4118322081597187,1.9500000000000002,0.21230809534580916,0.13802488286828718,-0.16131912180073632,1.9500000000000002,-0.019118338994169197,-0.14176009384939037,1.1965050145508,0.5739128815909021,-0.3910490376831656,0.4200674300431337,1.9500000000000002,0.13332405086825702,0.08803832319701688,-0.10012270565950157,0.0,0.0
2.0,-0.053744838712811376,-0.429958709702491,1.227184630308513,0.9670162839203336,-0.7006588994867265,0.6664815075732712,2.0,0.20816363057068987,0.16023521763416498,-0.1328787873292891,2.0,-0.022023417162393075,-0.1761873372991446,1.227184630308513,0.5263058873041031,-0.18434821900500942,0.49296411751834474,2.0,0.12420345788148575,0.0938321124186127,-0.08137587866670833,0.0,0.0
2.0500000000000003,-0.04863469318405332,-0.4189939611172675,1.2578642460662257,0.8610361702665424,-0.3802470825065567,0.7725253670608663,2.0500000000000003,0.20244488342493025,0.17478266608092333,-0.10215160528634902,2.0500000000000003,-0.024895948861140653,-0.21448171143233444,1.2578642460662257,0.46037786009732323,0.019335286975228017,0.4599716521106231,2.0500000000000003,0.11416856231993702,0.09390332598901129,-0.06493555259180307,0.0,0.0
2.1,-0.040607204899307636,-0.37606332457248803,1.2885438618239387,0.735355910832406,-0.08318616558612014,0.7306355982644399,2.1,0.19530241584486474,0.18170780667989775,-0.07159124685617212,2.1,-0.027516321201747525,-0.25482865064938387,1.2885438618239387,0.3761874387351188,0.1668865334125306,0.33714369937407557,2.1,0.10403419811822964,0.08961227075251037,-0.052846525984986306,0.0,0.0
2.15,-0.030497690922553167,-0.3030974890224293,1.3192234775816514,0.5911496701885234,0.12547545391690573,0.5776797062632081,2.15,0.18701998321661892,0.18188648272037425,-0.04351760018607901,2.15,-0.029586516032697966,-0.29404189127646463,1.3192234775816514,0.27494950452106953,0.21910562828926686,0.16610223866145588,2.15,0.09525741536850359,0.08306147882658477,-0.046634385573613324,0.0,0.0
2.2,-0.020085801957640627,-0.21387361924495746,1.3499030933393643,0.430778199558583,0.20765861010868833,0.3774225203437947,2.2,0.1780757756569881,0.17696813989286758,-0.019830767476232337,2.2,-0.030753170191546792,-0.32745975619959033,1.3499030933393643,0.16247742048785602,0.1624121801312992,0.004603901973977451,2.2,0.09016523297160665,0.07692033267527633,-0.04704287042633475,0.0,0.0
2.25,-0.011646754288202497,-0.13266381056405657,1.380582709097077,0.26093269403639374,0.16244355188228793,0.20420079154831083,2.25,0.1692264015599275,0.16921737332395922,-0.0017480132326857262,2.25,-0.030739414847158454,-0.3501411472434143,1.380582709097077,0.08917163068602404,0.014803293880575472,-0.0879343062148669,2.25,0.09163550642919817,0.07415940741457196,-0.05382795120060905,0.0,0.0
2.3000000000000003,-0.007159491210730794,-0.0871095295609616,1.41126232485479,0.12625305626503713,0.027239135113260707,0.12327961605449685,2.3000000000000003,0.16160200924082363,0.16126675143624178,0.010404050743467832,2.3000000000000003,-0.029426121638799284,-0.35802762197927096,1.41126232485479,0.1881436239511267,-0.17593439504448508,-0.06667167219887347,2.3000000000000003,0.10172378258852452,0.07771266492614261,-0.06563893398124689,0.0,0.0
2.35,-0.008190956982761195,-0.10630121585265194,1.4419419406125027,0.2165569052532832,-0.1308043242961568,0.17258946073936646,2.35,0.15675855709357417,0.155799615380082,0.017312569695971537,2.35,-0.026743694363570495,-0.34707632248862247,1.4419419406125027,0.3522935035958211,-0.341977160846081,0.08463057447206952,2.35,0.12049479164778913,0.09009562970034825,-0.0800110762528654,0.0,0.0
2.4000000000000004,-0.013845733445850524,-0.19140341915543774,1.4726215563702154,0.42002998703995753,-0.23153824427105127,0.35045004130783874,2.4000000000000004,0.1565647922667628,0.1551911962291998,0.02069364130559403,2.4000000000000004,-0.02261684105708725,-0.3126552107731743,1.4726215563702154,0.537285245430094,-0.4114379269565206,0.3455347554423393,2.4000000000000004,0.14666981981123367,0.11301578160712271,-0.09348512796798697,0.0,0.2499999999999989
2.45,-0.022866085048118805,-0.33627150497826624,1.5033011721279284,0.6454512974202828,-0.20304523055556967,0.6126826353750872,2.45,0.16280339897348398,0.16114392866356353,0.023185792464173953,2.45,-0.01711845642974917,-0.2517461600629451,1.5033011721279284,0.7360715217779097,-0.3271415523693513,0.6593782600949313,2.45,0.17885419413866466,0.14701656827723647,-0.10185750543271622,0.0,0.7500000000000011
2.5,-0.03290481999951888,-0.5141378124924825,1.533980787885641,0.8804323559807213,-0.002388158045731575,0.8804291170553779,2.5,0.17661024442774934,0.17435727635418777,0.028119719400782766,2.5,-0.01046798181413811,-0.16356221584590797,1.533980787885641,0.9451069458526665,-0.0638150197697794,0.9429500423409173,2.5,0.2160259225910706,0.1911978291056763,-0.10055142652692613,0.0,1.0
2.5500000000000003,-0.04036704927065848,-0.6693411816002649,1.564660403643354,1.1201050662576613,0.36926571630761557,1.057486732879379,2.5500000000000003,0.19818350448587418,0.1942729677740889,0.03917544438229549,2.5500000000000003,-0.003048377470671283,-0.05054628998275206,1.564660403643354,1.1613360121630985,0.36067223763388584,1.1039098106942677,2.5500000000000003,0.2575151729374143,0.24305250725277716,-0.08508550411865179,0.006155829702431202,1.0
2.6,-0.04508743447260319,-0.7924567482904736,1.5953400194010667,1.360823924198528,0.8612520677940657,1.0536064864984114,2.6,0.22699286051922152,0.2189328569178747,0.05995133767044867,2.6,0.004693310879540687,0.08248963201880712,1.5953400194010667,1.381706433362009,0.8833130316501125,1.0624832968621443,2.6,0.3028805221694988,0.2984521745623116,-0.051603393383533716,0.02447174185242326,1.0
2.6500000000000004,-0.04530609625106089,-0.8431294614461494,1.6260196351587797,1.5992405211228475,1.379785770197682,0.8085551760772214,2.6500000000000004,0.2622085748540261,0.24497866507673177,0.09348149755006006,2.6500000000000004,0.012404716270495398,0.23084711802531804,1.6260196351587797,1.6030740954820974,1.4045769951365688,0.7726642351881392,2.6500000000000004,0.35181189869042373,0.35180242029947373,0.0025824661843709255,0.05449673790581632,1.0
2.7,-0.04160150326364775,-0.8188423887383788,1.6566992509164924,1.8321085987652983,1.8054800045142272,0.31122961133068805,2.7,0.3030100557253002,0.2678110627160194,0.14174741111415712,2.7,0.01970053971618958,0.3877657232337596,1.6566992509164924,1.8222047304051576,1.8066104860922176,0.23788365024224356,2.7,0.40407028174638376,0.3963743216513586,0.07848687613879964,0.09549150281252644,1.0
2.75,-0.034112208435006605,-0.709427334796778,1.6873788666742053,2.056252733198301,2.0187187565291556,-0.39108807808838014,2.75,0.34870513134754005,0.28191078180219203,0.20523542513850287,2.75,0.025518162068720786,0.5306980267729277,1.6873788666742053,2.035808023737788,1.9776811860423373,-0.4830025216179847,2.75,0.45945224394354917,0.42480119643979014,0.17504373158752476,0.14644660940672624,1.0
2.8000000000000003,-0.023348822041386476,-0.5125533414525161,1.718058482431918,2.268585997682099,1.9275514054293554,-1.1962558289540748,2.8000000000000003,0.3987388124570612,0.2813079526689284,0.28259242085534314,2.8000000000000003,0.028070756135053793,0.616209238676701,1.718058482431918,2.240585239742702,1.8378287233548085,-1.2816426179574774,2.8000000000000003,0.5177691262528609,0.4297121369046804,0.2888465812459345,0.2061073738537638,1.0
2.85,-0.011128844407169457,-0.25762301028711665,1.748738098189631,2.4661449449712527,1.4918613870981545,-1.9637261752323902,2.85,0.45266396965864975,0.26016915905168564,0.37042769619112675,2.85,0.026458828447711333,0.6124987270896257,1.748738098189631,2.4332832103018123,1.3600327317124346,-2.017716072743513,2.85,0.5788346082162908,0.40445713948756323,0.4140820280891756,0.2730047501302266,1.0
2.9000000000000004,-0.00026622943398814776,-0.006493069665536939,1.7794177139473437,2.6461309003800864,0.7380336783839576,-2.541124757172967,2.9000000000000004,0.510107822415195,0.21345646975469967,0.46329939133246567,2.9000000000000004,0.02152038736847693,0.5248607275297841,1.7794177139473437,2.61075121745987,0.5818175857965312,-2.545095325587254,2.9000000000000004,0.6424571535400105,0.34386472753798186,0.5426861369981384,0.34549150281252683,1.0
2.95,0.007175962236584479,0.1842239935234355,1.8100973297050567,2.805952881723669,-0.23983724105572476,-2.7956841152490997,2.95,0.5707446863996887,0.13760059358330948,0.5539093551286165,2.95,0.014699341110323285,0.37736699723713585,1.8100973297050567,2.769998628952986,-0.3959911226875919,-2.741547635032819,2.95,0.7084353683639542,0.2449634351191936,0.6647357268896986,0.42178276747988486,1.0
3.0,0.009730808638459217,0.2627318332383988,1.8407769454627694,2.9432697361871636,-1.2933523123230306,-2.643875287558762,3.0,0.6342761961559474,0.031122794562758623,0.6335121661567852,3.0,0.006821382241405436,0.18417732051794677,1.8407769454627694,2.9082516974833004,-1.424005155639436,-2.5357715300528954,3.0,0.7765551643485163,0.1075947072131869,0.7690652132661182,0.5000000000000001,1.0
3.0500000000000003,0.007815965534222527,0.22175945911542047,1.8714565612204823,3.056030032294147,-2.2457820568227462,-2.0726269590876116,3.0500000000000003,0.7004176233320765,-0.10486156466543683,0.6925235731222952,3.0500000000000003,-0.0016988744512270281,-0.04820152772674527,1.8714565612204823,3.0230082110169834,-2.330227546220204,-1.925777304548132,3.0500000000000003,0.846588087622675,-0.06515245037803061,0.844077335505673,0.5782172325201158,1.0
3.1,0.002297137239866341,0.06843401551285817,1.902136176978195,3.1425087148778728,-2.9256848286255095,-1.1470524428437887,3.1,0.7688886300769033,-0.26632035292552875,0.721292724959263,3.1,-0.010517599196200189,-0.3133297976539999,1.902136176978195,3.112088865991322,-2.9523713543603542,-0.9841750331011044,3.1,0.9182904357173481,-0.2667450670324222,0.8786947100920921,0.6545084971874737,1.0
3.1500000000000004,-0.00430985852279172,-0.1347083992560627,1.932815792735908,3.2013398221951097,-3.2013389737916533,-0.002330676901349606,3.1500000000000004,0.8394071237210445,-0.44621426591961705,0.7109832264149796,3.1500000000000004,-0.019041618137745315,-0.5951624363111006,1.932815792735908,3.173684403750083,-3.170068200399247,0.15146055401984831,3.1500000000000004,0.9914029330338137,-0.4872918241030884,0.8633808277870972,0.7269952498697739,1.0
3.2,-0.010496839132841208,-0.34396042470494076,1.9634954084936207,3.231544797687503,-3.008692259165223,1.17925937312384,3.2,0.9116852617426996,-0.6346730385203424,0.6544922846407059,3.2,-0.026624472608011325,-0.8724307184193153,1.9634954084936207,3.206397740954799,-2.930214061566439,1.3018571452345877,3.2,1.0656508216781309,-0.7139327005895509,0.791145860617488,0.7938926261462367,1.0
3.25,-0.015760900768288278,-0.541042171686396,1.9941750242513334,3.2325561628938484,-2.3666564115671638,2.2018984481240356,3.25,0.9854269588424796,-0.8194508224232525,0.5473268135615073,3.25,-0.03272337263524936,-1.1233320262444195,1.9941750242513334,3.2092805644018108,-2.259883007559934,2.2786861418784894,3.25,1.1407442757363264,-0.9315289564724374,0.6584461298227575,0.8535533905932737,1.0
3.3000000000000003,-0.020053724888333464,-0.72067071131204,2.024854640009046,3.204236592425559,-1.3760892977696704,2.8937018479454193,3.3000000000000003,1.0603264608982155,-0.9866484268724517,0.3883517547675705,3.3000000000000003,-0.036987658576938746,-1.3292254862794481,2.024854640009046,3.181864179720394,-1.2636745021467743,2.9201689010760727,3.3000000000000003,1.216379078095739,-1.123622241340163,0.46588745464408915,0.9045084971874738,1.0
3.35,-0.023455158089913216,-0.8818054640745712,2.055534255766759,3.1468937888850443,-0.20219449080430046,3.140391361982079,3.35,1.136067693598181,-1.121664354138045,0.18032992290125466,3.35,-0.03924695854776228,-1.4755041242125784,2.055534255766759,3.124184846841989,-0.10555237234703568,3.1224012640801013,3.35,1.2922375180207313,-1.2736047111797084,0.21865233280537286,0.945503262094184,1.0
3.4000000000000004,-0.02561335840095523,-1.0067074385911445,2.086213871524472,3.0612920566463533,0.9563979183698099,2.908059847703268,3.4000000000000004,1.212324187955925,-1.2103122507203532,-0.06981541705974541,3.4000000000000004,-0.03941597762090365,-1.5492055844119976,2.086213871524472,3.0368044799642107,1.0214932103853918,2.8598484349117603,3.4000000000000004,1.3679894796036953,-1.3660183014115403,-0.07341128329568594,0.9755282581475768,1.0
3.45,-0.02604185240780254,-1.0693728615793507,2.116893487282185,2.948662222323095,1.9056993337101196,2.25009309826331,3.45,1.2887594469663488,-1.2400219350612223,-0.35106482693660856,3.45,-0.03747535613453442,-1.5388739710499713,2.116893487282185,2.9208285757254098,1.9319878901572536,2.190584935824185,3.45,1.443293698706331,-1.3878831711230577,-0.3960770178119488,0.9938441702975689,1.0
3.5,-0.024369475475911874,-1.0448412610297215,2.1475731030398975,2.810712732482828,2.49378274299743,1.2965931109138662,3.5,1.3650276585605892,-1.2010267435650746,-0.6487181744616666,3.5,-0.03349188500390468,-1.4359645695424132,2.1475731030398975,2.777924822400228,2.483326755669683,1.2449717038882546,3.5,1.5177991707399712,-1.3299448716292246,-0.7314102550047196,1.0,1.0
3.5500000000000003,-0.020034658150310556,-0.8963280666544753,2.1782527187976104,2.6496467195492794,2.6397897467817772,0.22833709992915802,3.5500000000000003,1.440774687132291,-1.0874333222890944,-0.9451563196934428,3.5500000000000003,-0.027657162746086643,-1.2373503469518272,2.1782527187976104,2.6103485391653436,2.6026818306026818,0.1999169441876215,3.5500000000000003,1.5911466946218107,-1.1877284895655522,-1.0587959382620646,1.0,1.0
3.6,-0.013399954908452458,-0.6251882962087579,2.2089323345553233,2.4681932137925062,2.3484671873296437,-0.7593942392771841,3.6,1.5156392940238965,-0.898072323023916,-1.220913007633092,3.6,-0.020287441268975276,-0.9465308598453106,2.2089323345553233,2.420985890069934,2.299893192139112,-0.7560846412075017,3.6,1.662970540121475,-0.9622965991664957,-1.3562655612174581,1.0,1.0
3.6500000000000004,-0.004861680437694585,-0.23640954235382935,2.2396119503130363,2.269666730849615,1.7072070951153182,-1.4956038925843618,3.6500000000000004,1.589254549571713,-0.6370401130316182,-1.4559910431465748,3.6500000000000004,-0.011813047745633992,-0.5744345493579125,2.2396119503130363,2.213434696871357,1.663669704326132,-1.4599644763559823,3.6500000000000004,1.732900226986566,-0.6606261849469715,-1.602035030969205,1.0,1.0
3.7,0.004768125837381089,0.2415198780408643,2.270291566070749,2.058080520818909,0.8662685099162655,-1.8668889358774625,3.7,1.66124940762084,-0.31386210272155374,-1.6313307987026409,3.7,-0.00277365775595337,-0.14049408631230606,2.270291566070749,1.9921596007900215,0.8419172849059409,-1.8055124370650197,3.7,1.800562404975069,-0.2955467082112774,-1.7761410747671713,1.0,1.0
3.75,0.014581444462030258,0.7689433603023769,2.3009711818284617,1.838358994030225,0.00643403058739058,-1.8383477348375148,3.75,1.7312504191505793,0.05676369106894808,-1.7303195939436407,3.75,0.006253863650206008,0.3297935909288325,2.3009711818284617,1.7627908146016995,0.010349979475715688,-1.7627604301120943,3.75,1.8655828244095438,0.11478473162441975,-1.862048264712223,1.0,1.0
3.8000000000000003,0.02366468099946138,1.298528375802445,2.3316507975861747,1.61673010885113,-0.6989835341050806,-1.4578196952695346,3.8000000000000003,1.7988835656695132,0.4556507962879851,-1.7402196512733636,3.8000000000000003,0.014721467412308687,0.8077963598482025,2.3316507975861747,1.5326951747858388,-0.6640008847454829,-1.3813968741346596,3.8000000000000003,1.9275883872329753,0.5478572988528109,-1.8480934420881225,1.0,1.0
3.85,0.031496542906279235,1.7974014028290473,2.3623304133438876,1.4014285007550067,-1.1197022472619385,-0.8427744183380215,3.85,1.8637761959345152,0.8602079675512904,-1.6533916538719464,3.85,0.02216235647048466,1.2647308858174717,2.3623304133438876,1.312034204018311,-1.056716784213676,-0.7776782049633838,3.85,1.9862092688871014,0.9781767145538619,-1.7286403833410944,1.0,1.0
3.9000000000000004,0.036969809124303185,2.1930121074445412,2.3930100291016,1.2038496571447987,-1.194102252095342,-0.1528849520014371,3.9000000000000004,1.925559051723903,1.2458584915293163,-1.468201035539804,3.9000000000000004,0.0282343471161662,1.6748332365838634,2.3930100291016,1.1155128267835506,-1.1102921623779594,-0.10779694281705181,3.9000000000000004,2.0410811017309465,1.378942928965374,-1.504835028333541,1.0,1.0
3.95,0.03960188436696447,2.4406591833004745,2.423689644859313,1.039955485866539,-0.9396347776522893,0.44563875191711255,3.95,1.9838683701384734,1.5876991322343312,-1.1895146806736914,3.95,0.032682388403753676,2.0142115120247888,2.423689644859313,0.9641983315161591,-0.8438398681330824,0.46648976349721455,3.95,2.0918472112415425,1.7239156867806404,-1.1848795128833356,1.0,1.0
4.0,0.03988289102909759,2.5525050258622457,2.454369260617026,0.9301136082714747,-0.4460542607094778,0.8161782408240884,4.0,2.0383480514272145,1.8622773674567226,-0.8287253980756124,4.0,0.03532933462128097,2.261077415761982,2.454369260617026,0.8833360377126777,-0.34639190912803075,0.8125855036933474,4.0,2.1381608969611077,1.9893268972009217,-0.7837796357181541,1.0,1.0
4.05,0.03850665136396252,2.5580016634394505,2.4850488763747385,0.8926670422092362,0.14674826341079727,0.8805222288122553,4.05,2.0886518828033402,2.0493495126020083,-0.4032781456214175,4.05,0.03608153668367045,2.3969009920883133,2.4850488763747385,0.889045987089057,0.24449795483801676,0.8547651825145798,4.05,2.1796877511516795,2.155688332750435,-0.3225624041395956,1.0,1.0
4.1000000000000005,0.03578549637678183,2.466372195784181,2.5157284921324514,0.9308023053628308,0.6812256501478958,0.6342905842351259,4.1000000000000005,2.134445810271793,2.1334774535074734,0.06428741993638523,4.1000000000000005,0.034969164348799237,2.410109776083593,2.5157284921324514,0.9727095225608878,0.7740298587071188,0.5891023621667699,4.1000000000000005,2.2161080094788206,2.209345435466129,0.1729955388475699,1.0,1.0
4.15,0.03203983788770436,2.2899953482871025,2.5464081078901644,1.0281289869727683,1.0177257577237093,0.14588864218763684,4.15,2.1754102522629473,2.105328950795547,0.547722351737503,4.15,0.032171480510146434,2.299404290806888,2.5464081078901644,1.1075424471507567,1.1044530047180854,0.08266699831177768,4.15,2.2471189298808505,2.1436432489702657,0.6740453294646152,1.0,1.0
4.2,0.027967723960310165,2.07207273277146,2.5770877236478773,1.1605725032769203,1.0653223490890533,-0.46045285089120536,4.2,2.2112424509936126,1.9625657083019126,1.0187880140999162,4.2,0.027991465986996866,2.0738317320446242,2.5770877236478773,1.267020798911125,1.144988094833087,-0.5425347616179844,4.2,2.2724371982306257,1.9595978992884795,1.150628911946173,1.0,1.0
4.25,0.023877810999140492,1.8329950849808943,2.60776733940559,1.3077775630746227,0.8012997395290898,-1.033538040863524,4.25,2.2416588601064698,1.7102333958133835,1.4491846593648652,4.25,0.022786969995990374,1.7492559935984486,2.60776733940559,1.4324201377494699,0.871053114616938,-1.1371428769272318,4.25,2.2918013626496743,1.6660046593112596,1.5737795147339022,1.0,1.0
4.3,0.01949008285681892,1.5495980176971018,2.6384469551633027,1.4556899466687208,0.27526316655157135,-1.4294276511850417,4.3,2.2663975704532358,1.3606063345818786,1.8125419580390392,4.3,0.016903215648104146,1.343923966533816,2.6384469551633027,1.5917556915918316,0.32888348560493463,-1.5574086922228665,4.3,2.3049743026396206,1.2789584941095453,1.9175952925927957,1.0,1.0
4.3500000000000005,0.015305690717510229,1.2598554068190804,2.6691265709210157,1.5951092401520723,-0.402715630118023,-1.5434356511617726,4.3500000000000005,2.2852207801113282,0.9324834874077026,2.086314587871301,4.3500000000000005,0.010677054043314376,0.8788590148355813,2.6691265709210157,1.7373565663688575,-0.37514772008952063,-1.6963702505103717,4.3500000000000005,2.311745744893806,0.8208113732003613,2.161119404072703,1.0,1.0
4.4,0.010301992865163737,0.8775649602261081,2.6998061866787286,1.7199816987293641,-1.0870032713157631,-1.3329519616673282,4.4,2.2979173201512455,0.44997803425310046,2.2534293374634133,4.4,0.0044341098747431385,0.3777152155701196,2.6998061866787286,1.8641986205571541,-1.097902918691388,-1.5066007029123967,4.4,2.311934845211349,0.31863837624273056,2.289871680616147,1.0,1.0
4.45,0.004439846174040794,0.3912442396834206,2.730485802436441,1.826269708314082,-1.6286490960738134,-0.8262948440862696,4.45,2.3043052546883502,-0.05911383333916476,2.3035468871920735,4.45,-0.00148933421089442,-0.13124180616500356,2.730485802436441,1.9689646904685156,-1.6902728158388356,-1.0098513555707254,4.45,2.305392866007492,-0.19767254717860758,2.2969026602645046,1.0,1.0
4.5,-0.0017939470261682184,-0.1634734227595789,2.761165418194154,1.911296092788904,-1.90777514159561,-0.11596018032058077,4.5,2.304234582874716,-0.5652421180559318,2.2338304234859594,4.5,-0.006775126099914242,-0.6173833658546853,2.761165418194154,2.049532753625455,-2.028648987163352,-0.29183521902718706,4.5,2.29200599240958,-0.6975583257983359,2.183278234983083,1.0,1.0
4.55,-0.008062090117773535,-0.75941966401759,2.791845033951867,1.9733717877326646,-1.8590508337871283,0.661911028775466,4.55,2.297590082410417,-1.0391799778798252,2.0491523028717005,4.55,-0.011177419710702569,-1.0528724186017306,2.791845033951867,2.1046900295098254,-2.040362738073513,0.516371975807388,4.55,2.2716983481337354,-1.1519753342388077,1.9579494922543148,1.0,1.0
4.6000000000000005,-0.01372467789686528,-1.3359052477692792,2.82252464970958,2.0115789624514755,-1.484876612033197,1.3570524563236928,4.6000000000000005,2.2842943498232824,-1.4540831225150104,1.7617159105405076,4.6000000000000005,-0.014541660771837491,-1.4154270928875745,2.82252464970958,2.1339634392212674,-1.717852952059897,1.2660099506055063,4.6000000000000005,2.2444352970797223,-1.5354726317910325,1.6370136223617873,1.0,1.0
4.65,-0.018406853570820062,-1.8507101897080145,2.8532042654672924,2.025637492919728,-0.8537292729374704,1.836941365763148,4.65,2.2643111134644123,-1.7873652976663459,1.3901187399846608,4.65,-0.016812546247644642,-1.6904111577645882,2.8532042654672924,2.1375096450925293,-1.1188914008031658,1.8212714009922626,4.65,2.21022715046766,-1.8279736771859754,1.2424235558695649,1.0,1.0
4.7,-0.021661595867161577,-2.2489718677163166,2.8838838812250054,2.0158157486982997,-0.08443850972069235,2.014046491711707,4.7,2.237648922635097,-2.022236956247454,0.9579302656023779,4.7,-0.01800573223165592,-1.8694091374872128,2.8838838812250054,2.116035229616029,-0.35325893695948485,2.086339669477244,4.7,2.1691334461048117,-2.0161193351467386,0.8002516688255078,1.0,1.0
4.75,-0.02320820962083034,-2.4872673404574264,2.9145634969827183,1.982864596031793,0.6797804273250109,1.8626998085634066,4.75,2.2043653528518536,-2.1487812572386638,0.49190010916191695,4.75,-0.01818845678099703,-1.949291016575916,2.9145634969827183,2.07073160029023,0.4408535187931239,2.0232591369886994,4.75,2.121268031369025,-2.0940613241299952,0.33865208059474416,1.0,1.0
4.800000000000001,-0.023447588578891704,-2.5931157161167926,2.945243112740431,1.9279631524092578,1.3015914666950714,1.4222874431261832,4.800000000000001,2.164571916113688,-2.164480029790006,0.01994443953428669,4.800000000000001,-0.017471576727454165,-1.932216613442612,2.945243112740431,2.0032165740413475,1.125371866567539,1.657231065498184,4.800000000000001,2.066805272385218,-2.063641916698201,-0.1143069271982688,1.0,1.0
4.8500000000000005,-0.02243201729150124,-2.55913706468579,2.9759227284981438,1.8526701131696464,1.6774117334687977,0.7865598671768308,4.8500000000000005,2.1184399302740333,-2.0741490562610148,-0.4309216060851356,4.8500000000000005,-0.016015233878252034,-1.8270839436707405,2.9759227284981438,1.915478625495926,1.5896049530187206,1.068744337093822,4.8500000000000005,2.0059878395004773,-1.933948685468854,-0.5327566932447544,1.0,1.0
4.9,-0.02031309891593713,-2.389815774361088,3.0066023442558567,1.7588775043901776,1.7569692633901488,0.08190899188793313,4.9,2.066207688423313,-1.8892929027016128,-0.8365324497596761,4.9,-0.014018818390312056,-1.6492999648018234,3.0066023442558567,1.8098221279388285,1.7705911055479011,0.37478430027375836,4.9,1.9391366985853438,-1.7202877104585843,-0.894908559041441,1.0,1.0
4.95,-0.017569797912581692,-2.130994668097513,3.0372819600135696,1.6487656074729413,1.550668086550434,-0.5602289833091757,4.95,2.0081893836235087,-1.6269400299429508,-1.1772386077033825,4.95,-0.011697696289137338,-1.4187828764567088,3.0372819600135696,1.6888134278559976,1.6625984984235416,-0.2964068608290128,4.95,1.866664188937,-1.442669998077729,-1.1845414601888078,1.0,1.0
5.0,-0.014234794910260948,-1.7793493637826185,3.067961575771282,1.5247591844125796,1.1237196158407101,-1.0306040924745652,5.0,1.9447863924102462,-1.308064465015398,-1.4391530382374351,5.0,-0.009255797058199643,-1.1569746322749552,3.067961575771282,1.5552287703826824,1.3143592198487846,-0.8313822041783941,5.0,1.7890914160266347,-1.1239491783784972,-1.391972104362185,1.0,1.0
5.050000000000001,-0.010515352525057158,-1.3542472777398649,3.098641191528995,1.389486469235425,0.5789579825067834,-1.263123233370364,5.050000000000001,1.876501705407648,-0.9557366790497945,-1.6148764815665257,5.050000000000001,-0.006845449698184594,-0.881609208686161,3.098641191528995,1.4120063181266491,0.8153146394537099,-1.1528329805839364,5.050000000000001,1.7070716546477842,-0.7877797603191585,-1.5144294910405744,1.0,1.0
5.1000000000000005,-0.007082298097514961,-0.9394739249334574,3.129320807286708,1.2457442051772778,0.03266995068230956,-1.2453157427155506,5.1000000000000005,1.8039585089305878,-0.5931700492381178,-1.7036477319651264,5.1000000000000005,-0.00457765385480158,-0.6072303614932846,3.129320807286708,1.2622062457609038,0.27443725054309637,-1.232010065848563,5.1000000000000005,1.6214220506428723,-0.45658128902090067,-1.5558094333262509,1.0,1.0
5.15,-0.004367972177264324,-0.5966251416681894,3.160000423044421,1.0964752297568123,-0.4108859413509294,-1.0165779225767275,5.15,1.7279241368617804,-0.24183802958861253,-1.710916768926597,5.15,-0.0025303076584331035,-0.34561693708457886,3.160000423044421,1.1089859670246127,-0.2034129736559361,-1.0901711045546771,5.15,1.5331665665552383,-0.14969296441683458,-1.5258413211100552,1.0,1.0
5.2,-0.002299491021826758,-0.3233268335970168,3.1906800388021335,0.9447718458867133,-0.6805838723290968,-0.6552857647665781,5.2,1.6493407407268423,0.08017008299182214,-1.6473911608402094,5.2,-0.000758562116264655,-0.10665990204374061,3.1906800388021335,0.9556036846766868,-0.5384052404577473,-0.7894923680538628,5.2,1.4435935923443195,0.11811451940707011,-1.4387534257692713,1.0,1.0
5.25,-0.0007689436716178731,-0.11126855223208004,3.2213596545598464,0.7939338085802846,-0.7507409463350779,-0.25830006562660335,5.25,1.569363863388944,0.35940965617061443,-1.5276542916387832,5.25,0.0006934686102917311,0.10034707499862065,3.2213596545598464,0.8054765255641778,-0.6896521229981142,-0.4161398592770626,5.25,1.3543312371704068,0.33763655683452787,-1.3115695389358695,1.0,1.0
5.300000000000001,-9.744771264220893e-05,-0.014507723115034146,3.2520392703175593,0.6476486723934534,-0.6424256884148069,0.08208555121191605,5.300000000000001,1.4894092162096548,0.5878487219074005,-1.368493220108194,5.300000000000001,0.0018160970657619593,0.27037508285944334,3.2520392703175593,0.6623481355472023,-0.6596498669222141,-0.059725252049365976,5.300000000000001,1.2674403446286535,0.5056543880673512,-1.1622042277588878,1.0,1.0
5.3500000000000005,0.0006336482993378366,0.09703080169571521,3.2827188860752723,0.5104640518262259,-0.4141660003912818,0.2983958316175623,5.3500000000000005,1.411205528440899,0.7630814057829868,-1.1871005903673109,5.3500000000000005,0.0026348986907092174,0.4034830245953116,3.2827188860752723,0.5306803599971374,-0.4890144260068321,0.2061226228338361,5.3500000000000005,1.1855162274919009,0.6247444703337235,-1.0075430871352666,1.0,1.0
5.4,0.0011676056776005856,0.18385586041769864,3.313398501832985,0.38897357976686064,-0.14485061846315186,0.360996875453914,5.4,1.3368460062745586,0.8879775606684933,-0.9993263211991714,5.4,0.003206694338357101,0.5049389172950627,3.313398501832985,0.41647087739972305,-0.2434353208895793,0.33791601954551176,5.4,1.1117692219737774,0.70250315823228,-0.8616960691577107,1.0,1.0
5.45,0.0018203163560051088,0.2946703087751176,3.3440781175906977,0.2944332713900401,0.08674522987076556,0.28136491678265263,5.45,1.2688210303628549,0.9698134411635103,-0.8181495562729637,5.45,0.00360741502926958,0.5839633847424944,3.3440781175906977,0.3285270901595063,0.0036444196684946406,0.3285068753830767,5.45,1.0500163496275188,0.750268786802174,-0.7345958630672336,1.0,1.0
5.5,0.002411439046547055,0.40120317136926625,3.3747577333484107,0.24473482393229645,0.22084357298843157,0.10546682091954529,5.5,1.2099996805049102,1.0189784518115577,-0.6525198399786063,5.5,0.003908067904577925,0.6502047976241523,3.3747577333484107,0.2781471831328128,0.1884178697239941,0.20460831325581683,5.5,1.0044709856755034,0.7814724450737104,-0.6310806435428314,1.0,0.7499999999999978
5.550000000000001,0.002566556682554889,0.4387628102899034,3.4054373491061236,0.2506911129918089,0.2296318775874872,-0.1005745242529995,5.550000000000001,1.16351211383507,1.0473945254518782,-0.5066805177766236,5.550000000000001,0.004165536862125718,0.7121146680357325,3.4054373491061236,0.270795857616317,0.27026653133984846,0.016923313495984152,5.550000000000001,0.9792155824713155,0.8097859575075828,-0.5505541390073867,1.0,0.24999999999999567
5.6000000000000005,0.0026423459334317906,0.46403822344555745,3.436116964863836,0.2949077285970135,0.1216089575552451,-0.26866676353538105,5.6000000000000005,1.1324846613188562,1.0668134706364016,-0.38004016497102006,5.6000000000000005,0.004420780615737659,0.7763598086133848,3.436116964863836,0.29556565944240343,0.23873079060680213,-0.1742603473480814,5.6000000000000005,0.9773776355232122,0.8472571407084102,-0.48726007423095347,1.0,3.749399456654644e-33
5.65,0.0029040418821174546,0.5237791649477037,3.466796580621549,0.3519435246373435,-0.06322292659503305,-0.3462182925365375,5.65,1.1196213601728324,1.0871707398625816,-0.26760376032841915,5.65,0.004705653146308813,0.8487216009811935,3.466796580621549,0.33398192160051493,0.1128614131127801,-0.3143345755499367,5.65,1.0003109723690422,0.9026259725248753,-0.43114776488510514,1.0,0.0
5.7,0.00293288721576393,0.5431501821489695,3.497476196379262,0.40728771224986104,-0.26565258028727506,-0.30872639527004897,5.7,1.126720564524788,1.1151700209259703,-0.16091940514129327,5.7,0.005038889895609595,0.9331671364376277,3.497476196379262,0.37283843561908864,-0.06625847064203025,-0.3669036851042362,5.7,1.0472552633899346,0.9800002569712487,-0.3692466425496756,1.0,0.0
5.75,0.003193620979717838,0.6071372884410459,3.5281558121369745,0.45455158492588793,-0.4236692382792731,-0.16468612538552607,5.75,1.1543113852442641,1.1532519533792314,-0.0494439696173265,5.75,0.0054192412892487135,1.0302485744732672,3.5281558121369745,0.40526471623361127,-0.24751434369496397,-0.32089895588667894,5.75,1.1156930353464365,1.0780367964785016,-0.2874154041781944,1.0,0.0
5.800000000000001,0.004025107698643345,0.7853468132977007,3.5588354278946874,0.4911376105069601,-0.48878584879023546,0.04800569213015804,5.800000000000001,1.2015860176549844,1.1990638549125845,0.07781278600677939,5.800000000000001,0.00581374256771251,1.1343309398715238,3.5588354278946874,0.42809770386761337,-0.383101286444369,-0.19105247546523005,5.800000000000001,1.2021373138634441,1.189726773796054,-0.17229139588397746,1.0,0.0
5.8500000000000005,0.004984288410464082,0.9978626392435765,3.5895150436524004,0.5162960760069438,-0.4382817292407057,0.27289331965796565,5.8500000000000005,1.266654895658938,1.2454988304353332,0.2305369559983223,5.8500000000000005,0.0061594508055628425,1.2331320603812406,3.5895150436524004,0.4401164084165243,-0.43994855983157405,-0.012153915401412732,5.8500000000000005,1.3028935167774234,1.302826224308363,-0.013241801805530144,1.0,0.0
5.9,0.005720637227962888,1.1748987532417903,3.6201946594101133,0.530357568256371,-0.2805215035167608,0.45009647440466277,5.9,1.3469820888256618,1.2813164616686692,0.41543816949580453,5.9,0.006383401009491159,1.3110165159282852,3.6201946594101133,0.441176392429621,-0.40666583653842703,0.17105410439307284,5.9,1.4145384593408343,1.4009094421314139,0.19588718156477689,1.0,0.0
5.95,0.006586662203669727,1.3874466365592342,3.650874275167826,0.5344224608214577,-0.05229323494878415,0.531857860907455,5.95,1.4398113010644182,1.2922986813706834,0.6348391141071933,5.95,0.006413207906190551,1.3509093777485204,3.650874275167826,0.4317925126610627,-0.29469851700761934,0.31559080795179045,5.95,1.5341157093769466,1.4649607984534068,0.45541285527737224,1.0,0.0
6.0,0.00714383665922674,1.5430687183929759,3.6815538909255388,0.5302317853760445,0.1909199396948154,0.49466688068840403,6.0,1.542467759434326,1.2628389987097124,0.8856886881022024,6.0,0.006192444768715714,1.3375680700425943,3.6815538909255388,0.4129249234733446,-0.13385328977749797,0.3906280702166815,6.0,1.6591542423104395,1.4753646944889198,0.7590071264700647,1.0,0.0
6.050000000000001,0.0068729095327979125,1.5219723106041259,3.7122335066832517,0.5201075767479416,0.38914005308955996,0.3450824690882897,6.050000000000001,1.6525186103507374,1.1778163446274539,1.1591231236947845,6.050000000000001,0.0056854812146987545,1.259022098274118,3.7122335066832517,0.38586232927605224,0.03631028094544595,0.38415010172067293,6.050000000000001,1.787608912461259,1.414109650846931,1.0935444752238002,1.0,0.0
6.1000000000000005,0.006520169245084782,1.4799545354185892,3.7429131224409646,0.5068969694962063,0.49297248100458235,0.1179943670546381,6.1000000000000005,1.7678278177488158,1.0245711284944368,1.4406488801446993,6.1000000000000005,0.004873592120050938,1.1062128130012823,3.7429131224409646,0.35216071769695023,0.17683913442116514,0.3045407881154906,6.1000000000000005,1.917780677210537,1.2669952483512148,1.439654738656998,1.0,0.0
6.15,0.005221079142337381,1.214466735045492,3.773592738198677,0.49385204886098466,0.4758638289640426,-0.13207370081841738,6.15,1.8865504987978703,0.7947841613937275,1.7109619871032091,6.15,0.0037573399333748025,0.8739887362249212,3.773592738198677,0.3136273623350288,0.25885732055512156,0.17707345933326785,6.15,2.048242359749128,1.0256227216309977,1.7729621533312268,1.0,0.0
6.2,0.003485453826181943,0.8306812394862902,3.80427235395639,0.4843627555156308,0.3406258314551434,-0.3443563878835224,6.2,2.0071002963936184,0.48606091606604623,1.9473562554541441,6.2,0.002358150405666994,0.5620132698818034,3.80427235395639,0.2723618710878945,0.26990330926725503,0.03651290825288159,6.2,2.1777781352942527,0.6889626458664866,2.065925477641041,1.0,0.0
6.25,0.0010299794663283907,0.2514598306465798,3.834951969714103,0.48148425125849936,0.1187676563602877,-0.466606180855593,6.25,2.1281094059820562,0.10304443869568351,2.125613202697798,6.25,0.0007220117539185763,0.1762724008590274,3.834951969714103,0.23088960629652763,0.21580062861430904,-0.08209810585777597,6.25,2.3053372103832404,0.2643256291155008,2.2901335365804054,1.0,0.0
6.300000000000001,-0.0015532557141033935,-0.38838693154441134,3.865631585471816,0.4873241404810183,-0.1370623909945055,-0.4676523482999231,6.300000000000001,2.248390718654749,-0.3420814039202729,2.222215366886107,6.300000000000001,-0.0010800678961726388,-0.2700677372342799,3.865631585471816,0.19243910682460305,0.11790373723538464,-0.15209049471081473,6.300000000000001,2.429999510541927,-0.23238835594620125,2.418861978959243,1.0,0.0
6.3500000000000005,-0.003868966284899707,-0.9906405956952149,3.8963112012295285,0.5025435928860595,-0.36559155879073957,-0.3448084611661767,6.3500000000000005,2.3669056581861834,-0.8297839515137563,2.216686939683632,6.3500000000000005,-0.002955985839987598,-0.7568738928589148,3.8963112012295285,0.16131193520272596,0.006699996340831566,-0.16117273493950923,6.3500000000000005,2.550950713913282,-0.7772236330268758,2.429665196910716,1.0,0.0
6.4,-0.00579315198823358,-1.5186400348035038,3.9269908169872414,0.52626738035187,-0.5113348069406523,-0.12447518159611455,6.4,2.482738366807553,-1.3340922099747419,2.093845212355237,6.4,-0.004798726822716225,-1.2579574442141224,3.9269908169872414,0.14264313062794512,-0.08642263274586216,-0.11348211869988525,6.4,2.6674642699564424,-1.3394768833350106,2.3067655516990415,1.0,0.0
6.45,-0.007658266228989364,-2.054989484105369,3.9576704327449543,0.5564513544643911,-0.5374783406287688,0.14406645425011594,6.45,2.5950756562730004,-1.8241823027520214,1.8457455372036187,6.45,-0.006494253633662275,-1.7426428548241046,3.9576704327449543,0.13981366585127258,-0.1370966155968017,-0.027429530631676805,6.45,2.778888532061677,-1.8836996125399967,2.043011806950848,1.0,0.0
6.5,-0.008450242425581955,-2.3206478261254446,3.988350048502667,0.59046066739675,-0.43425973257828954,0.40007784792918477,6.5,2.703191747000223,-2.266529822913962,1.4731219171853096,6.5,-0.007930426087089272,-2.1778932641668916,3.988350048502667,0.15080873656847005,-0.1336482771860763,0.06986710979117362,6.5,2.884637594208988,-2.372248983554766,1.6412095569875278,1.0,0.0
6.550000000000001,-0.008213106717222753,-2.307976411628503,4.01902966426038,0.625574558428137,-0.22100492203289418,0.5852352967736935,6.550000000000001,2.806436801105174,-2.6274643278955487,0.9861636396835128,6.550000000000001,-0.009006154959071347,-2.530831988511709,4.01902966426038,0.1696298296005871,-0.07925833762272697,0.14997464788292064,6.550000000000001,2.984184794300164,-2.768186436018334,1.1146760704242402,1.0,0.0
6.6000000000000005,-0.007619763033276939,-2.1906513930149876,4.049709280018092,0.6592979983088116,0.05848984207428883,0.6566984002935674,6.6000000000000005,2.904228380443782,-2.875917948209093,0.4045224850906502,6.6000000000000005,-0.009639959439788959,-2.7714497791015673,4.049709280018092,0.19066862202563964,0.009714126438012166,0.19042100507218876,6.6000000000000005,3.077058128453945,-3.0382856771380147,0.4869362073028557,1.0,0.0
6.65,-0.006780838709527483,-1.9941065048833262,4.080388895775806,0.6895039534134431,0.3459951527015548,0.5964084641248775,6.65,2.9960451207452383,-2.986134485508339,-0.2434896301676858,6.65,-0.009777232040286694,-2.8752847319454964,4.080388895775806,0.21027478304030464,0.1086021255028975,0.180058498046885,6.65,3.162837026980087,-3.1558942463262887,-0.20945062721525892,1.0,0.0
6.7,-0.005443757597624935,-1.6372808663344687,4.111068511533518,0.7144736477775758,0.5818635934810644,0.4146171148781706,6.7,3.081422063492907,-2.9401001866068452,-0.9224818838845984,6.7,-0.009395716251352246,-2.825883806905456,4.111068511533518,0.22634510443146633,0.19110174095289115,0.12129398544390187,6.7,3.2411500918961584,-3.10339787172309,-0.9348666043789736,1.0,0.0
6.75,-0.004330967727993421,-1.3319755904702268,4.1417481272912315,0.7328886875841272,0.717987262263604,0.14703781695876475,6.75,3.159947213895434,-2.729473509758167,-1.5922439367552796,6.75,-0.008506542480534115,-2.6161605569430155,4.1417481272912315,0.23773691373923664,0.23598473498443884,0.028810501706520282,6.75,3.311673503097605,-2.8740641880958564,-1.6452770082340755,1.0,0.0
6.800000000000001,-0.0032469035789618014,-1.0209303861401173,4.172427743048944,0.7438051083538291,0.7277916826701737,-0.15350995358402184,6.800000000000001,3.231258994316671,-2.3568276293442443,-2.2105198967464585,6.800000000000001,-0.007153197460152427,-2.249194183790648,4.172427743048944,0.24390586713139842,0.23218344398444077,-0.07470555776274905,6.800000000000001,3.374129877480091,-2.4730899889259548,-2.295338392651079,1.0,0.0
6.8500000000000005,-0.0017436492357252766,-0.5604422116537373,4.2031073588066565,0.7466227061241909,0.6111529214250446,-0.42887943752742813,6.8500000000000005,3.29504434088683,-1.8360732752539153,-2.7360833569737393,6.8500000000000005,-0.0054088223800236685,-1.7384989566676254,4.2031073588066565,0.2447103043385565,0.18107527543933336,-0.16460521763916994,6.8500000000000005,3.4282874211263086,-1.9177401054498946,-2.8417296721894405,1.0,0.0
6.9,-0.0007108530108214319,-0.2335216117319378,4.23378697456437,0.7410543208875857,0.3933671695212666,-0.6280316683488086,6.9,3.351037250933722,-1.1919962731449856,-3.131867740175805,6.9,-0.0033714533091503177,-1.1075527551356619,4.23378697456437,0.24030393457976315,0.09555280013669226,-0.22048955385811914,6.9,3.4739592553200813,-1.2365407969523816,-3.2464380118980283,1.0,0.0
6.95,0.00029963997113157553,0.10058984995380135,4.264466590322082,0.7270960190052138,0.11868523143855356,-0.7173440155822081,6.95,3.3990176344152525,-0.45891811266158516,-3.3678947496822085,6.95,-0.001157571052490322,-0.3885993515522508,4.264466590322082,0.2310733626492633,-0.003715568972472883,-0.23104348827276813,6.95,3.511002827030818,-0.46756972720365503,-3.479729788592944,1.0,0.0
7.0,0.0013561701850373605,0.46516637346781464,4.295146206079795,0.7049978629050263,-0.15987874565338564,-0.6866300120071612,7.0,3.4388103571237445,0.32143742578337237,-3.4237544674767926,7.0,0.0011055524479709079,0.37920448965402137,4.295146206079795,0.2176003789638948,-0.09375556019924884,-0.19636654464789988,7.0,3.53931933671198,0.3440387291281438,-3.5225585474315713,1.0,0.0
7.050000000000001,0.0024064495944921623,0.8432262548402395,4.325825821837508,0.6752347560497325,-0.392011662956415,-0.549789807002356,7.050000000000001,3.4702843897775817,1.1027196977864395,-3.290422923280189,7.050000000000001,0.0032881487774391875,1.1521759630052324,4.325825821837508,0.2006416463788034,-0.1550389891813102,-0.12735769350625964,7.050000000000001,3.5588531329520716,1.1491867049962348,-3.3682050915855277,1.0,0.0
7.1000000000000005,0.003645701797716675,1.3048367761225732,4.356505437595221,0.6384770479073539,-0.5402441189134841,-0.3402781695670216,7.1000000000000005,3.493351997291203,1.83715991015209,-2.9712542202760774,7.1000000000000005,0.005266295292427744,1.8848650144081067,4.356505437595221,0.18112615798411505,-0.17607778904973553,-0.04246524825599687,7.1000000000000005,3.569591036237787,1.8982662677503561,-3.0230060110278134,1.0,0.0
7.15,0.005122614719345921,1.8724482275767973,4.387185053352934,0.595560908287139,-0.5866344188312664,-0.1027270856313191,7.15,3.5079679180814947,2.4789645827757507,-2.4820502637199886,7.15,0.0069296920854849155,2.5329817630274487,4.387185053352934,0.16017698803519653,-0.15578512802341785,0.03725132726165338,7.15,3.5715615639199405,2.5447024340860955,-2.506100861263679,1.0,0.0
7.2,0.00717680848550584,2.6787294135980844,4.417864669110647,0.5474588557191987,-0.5347739885208865,0.11716646238082466,7.2,3.5141284953889773,2.987626178970435,-1.8501861789655971,7.2,0.008188292007639692,3.0562636152675005,4.417864669110647,0.13916808287192972,-0.10313999361081751,0.09343391786823894,7.2,3.5648340361838162,3.0483056129437944,-1.8482084827286003,1.0,0.0
7.25,0.008945171223878246,3.4088090777994773,4.448544284868359,0.4952512824605717,-0.40702966753142067,0.28213592916908353,7.25,3.5118707321266314,3.330886852655511,-1.1128471655956647,7.25,0.0089777785634192,3.4212350216129828,4.448544284868359,0.11981702230055392,-0.034384786328971725,0.11477719852863807,7.25,3.549517548966166,3.378167429307065,-1.0895226707084507,1.0,0.0
7.300000000000001,0.009835109947099059,3.826024966290636,4.479223900626073,0.4401005011593588,-0.23801503076017166,0.3701854889821497,7.300000000000001,3.501271248353611,3.487117186611441,-0.31450609117592654,7.300000000000001,0.009263202448953251,3.603543227084448,4.479223900626073,0.10424080901601632,0.03141572743822661,0.09939415643708963,7.300000000000001,3.5257598047258902,3.5148704539876987,-0.276889675331267,1.0,0.0
7.3500000000000005,0.010233103521057744,4.063211087002614,4.509903516383785,0.3832300982742063,-0.06605462568591092,0.3774944961833907,7.3500000000000005,3.482445126575227,3.446917979301745,0.49616580250347964,7.3500000000000005,0.009040534530147923,3.5896832334136346,4.509903516383785,0.09467813056225267,0.07726464439379066,0.054718581244985104,7.3500000000000005,3.493745796048911,3.451838226703036,0.5395113938380546,1.0,0.0
7.4,0.009846159584524313,3.9899001714792806,4.540583132141498,0.3259151043020462,0.07528669476873104,0.3171002503988503,7.4,3.4555446350419268,3.2138156484953555,1.2697155989643591,7.4,0.008336141367319784,3.3780045494307926,4.540583132141498,0.09246592566203446,0.0923362054125593,-0.004896179995316451,7.4,3.4536963404559153,3.1957222572375064,1.3097242712400952,1.0,0.0
7.45,0.008366804348469772,3.4596202597145296,4.571262747899211,0.2694950683414007,0.1637308541629233,0.21405559851453493,7.45,3.420757823315771,2.803995290832724,1.959386254612387,7.45,0.007204283745288813,2.978925401368048,4.571262747899211,0.09688730188631087,0.0743184059938983,-0.06216046812352076,7.45,3.4058664676344392,2.765801321668438,1.9875284763780907,1.0,0.0
7.5,0.006521575655379979,2.7512897296134287,4.601942363656923,0.2154394161870123,0.19160423012740738,0.09849853320879559,7.5,3.37830698778416,2.245093544174607,2.524383703325782,7.5,0.00572287556542446,2.4143381291634443,4.601942363656923,0.10554843050791535,0.02951092094561932,-0.10133892010291821,7.5,3.3505436627437333,2.192448541957727,2.5336361670175984,1.0,0.0
7.550000000000001,0.004641793555943495,1.9976834706536521,4.632621979414636,0.16554263265629793,0.16553503656186055,-0.0015858427543374838,7.550000000000001,3.328447007669276,1.5741494309409292,2.9326801823470126,7.550000000000001,0.003987854564202789,1.7162484824595703,4.632621979414636,0.11585278880582624,-0.02922248920274368,-0.11210671165850378,7.550000000000001,3.2880459715220383,1.5147965672934323,2.9183278894871183,1.0,0.0
7.6000000000000005,0.0024362764079546026,1.0694668724582799,4.663301595172349,0.1224538629993685,0.10299502988879079,-0.06623422364363608,7.6000000000000005,3.2714635545137813,0.8348788124852797,3.1631394463373117,7.6000000000000005,0.0021065999155534735,0.9247468045300018,4.663301595172349,0.12584110889370612,-0.08602112029675375,-0.09184961377430512,7.6000000000000005,3.2187199747205093,0.7777943126012242,3.123330639389622,1.0,0.0
7.65,0.00014931197056544703,0.06684653995023528,4.693981210930062,0.0908701299001557,0.02683623191084389,-0.08681703268885993,7.65,3.207671180197923,0.07449124135885091,3.2068061143812785,7.65,0.00019079225381705145,0.08541714350616422,4.693981210930062,0.1342444132935331,-0.12614540278432462,-0.045922759683031125,7.65,3.1429386409394384,0.02889489071671722,3.1428058142368127,1.0,0.0
7.7,-0.0017770487223847963,-0.8112813843764982,4.724660826687775,0.07780994843633694,-0.04067822253952346,-0.0663300104529648,7.7,3.137411290319455,-0.6596975645043187,3.0672705664826925,7.7,-0.0016507832478930224,-0.7536370285103452,4.724660826687775,0.14030258697331927,-0.13959392488147992,0.014083751190274324,7.7,3.0610990682831116,-0.6853601177791656,2.9833888474018035,1.0,0.0
7.75,-0.003526713323688436,-1.6416299472812843,4.755340442445488,0.08461250788435233,-0.08289390642897247,-0.016966931585420578,7.75,3.0610500112903165,-1.3235914347706705,2.760096535525916,7.75,-0.003318341573991723,-1.5446361536060533,4.755340442445488,0.14360428665555366,-0.12334985949748721,0.07353232831755425,7.75,2.9736201264037394,-1.3225919396159342,2.6633000614681688,1.0,0.0
7.800000000000001,-0.004739627399387733,-2.249199661634248,4.7860200582032,0.10182121794740145,-0.09177103921357996,0.04410937299431719,7.800000000000001,2.978975960806148,-1.8793208073865217,2.3113742834047857,7.800000000000001,-0.0047264839133903235,-2.2429623940672054,4.7860200582032,0.14398377399541967,-0.08177560962526766,0.11850770795344887,7.800000000000001,2.8809400114910018,-1.8474227352530381,2.210620860093371,1.0,0.0
7.8500000000000005,-0.006295983067959926,-3.045597600352081,4.816699673960914,0.120797651696894,-0.0684221755489592,0.09955138647267314,7.8500000000000005,2.8915979324519285,-2.2977048577901322,1.7555315404309593,7.8500000000000005,-0.005808531651976843,-2.809799497532953,4.816699673960914,0.14145801361514887,-0.02516084936820129,0.13920237524918289,7.8500000000000005,2.7835137275961834,-2.2336916127864037,1.6608944730728907,0.9938441702975689,0.0
7.9,-0.007230290647300439,-3.5648152704543614,4.847379289718626,0.13760487618504466,-0.021385708923394815,0.13593290037274017,7.9,2.799342506138477,-2.55999124222387,1.132591411944633,7.9,-0.00651953940950267,-3.214387190921787,4.847379289718626,0.13618730269659868,0.03311288536481071,0.1321004096836641,7.9,2.681810508370634,-2.465895772725643,1.054260708203128,0.9755282581475768,0.0
7.95,-0.008164428199805972,-4.102297572720984,4.878058905476339,0.15077751729445163,0.03662327780089636,0.14626207726063864,7.95,2.702651596835195,-2.6587585970335414,0.48510656208307745,7.95,-0.006837876669519523,-3.435758656632196,4.878058905476339,0.12844965938261163,0.08001068377084153,0.10048684231296823,7.95,2.5763111938577845,-2.539771519331015,0.43236558280227416,0.9455032620941842,0.0
8.0,-0.00831396945210795,-4.25675235947927,4.908738521234052,0.1599324722269776,0.09245143175435448,0.13050336562404394,8.0,2.6019799546856963,-2.597937685167015,-0.14498092486679234,8.0,-0.006765360506956385,-3.463864579561669,4.908738521234052,0.11862461060471673,0.10600008579144865,0.053252042715056444,8.0,2.4675055774163237,-2.4620025837318007,-0.16470292128133046,0.9045084971874743,0.0
8.05,-0.007954244880989983,-4.149412378897845,4.9394181369917645,0.16523833233354343,0.13570689568780178,0.09427271575143377,8.05,2.4977926300742928,-2.3919797572886305,-0.7193058206179607,8.05,-0.006326010024478831,-3.300027180120881,4.9394181369917645,0.10718588835234703,0.10715933763959756,0.0023855855726699652,8.05,2.355889738180408,-2.249114747241895,-0.7012127438964428,0.8535533905932737,0.0
8.1,-0.006796947267088846,-3.612176452568963,4.970097752749477,0.1672123767018822,0.16066608260723175,0.046329135778021314,8.1,2.3905624175601865,-2.0642690293315984,-1.2056459043987928,8.1,-0.005563571314820454,-2.9567099031194966,4.970097752749477,0.09470607573570115,0.08577733725837082,-0.040143358032432595,8.1,2.24196337469396,-1.925680008022689,-1.1481098728653394,0.793892626146238,0.0
8.15,-0.0052536496035744985,-2.8440284074664315,5.00077736850719,0.16663286324451143,0.16657811823390312,-0.004271023146255136,8.15,2.2807672928193217,-1.6449344189807686,-1.5799019593781063,8.15,-0.004538112310849126,-2.4566770344841156,5.00077736850719,0.08188034061189275,0.04938585273692835,-0.06531024213832008,8.15,2.1262271555074954,-1.5220051813165847,-1.484702712620599,0.7269952498697739,0.0
8.200000000000001,-0.00392439863033543,-2.163787824010786,5.031456984264903,0.16448636772176176,0.1565397110288136,-0.050508257120139885,8.200000000000001,2.1688878568371206,-1.168259097707126,-1.8273601769109584,8.200000000000001,-0.003322090686735534,-1.8316944977639986,5.031456984264903,0.06957929601851906,0.008557508622415973,-0.06905104981540816,8.200000000000001,2.009180102621072,-1.0715148032177064,-1.699606045898208,0.6545084971874732,0.0
8.25,-0.0018309187327039957,-1.028089476518492,5.062136600022616,0.1619080059537082,0.1354983941197745,-0.08862498283705485,8.25,2.0554048015845336,-0.6699116892318339,-1.9431693768190426,8.25,-0.0019955275670807573,-1.120519909034081,5.062136600022616,0.058926706705907175,-0.02590993751999992,-0.052924775870226475,8.25,1.8913170237308383,-0.6080540516419998,-1.7909076901213599,0.5782172325201166,0.0
8.3,-0.00025324547347056617,-0.14480246953931467,5.092816215780329,0.1600814999212306,0.10813214777405805,-0.1180403542641254,8.3,1.9407964112908915,-0.1842284491879738,-1.9320327607443404,8.3,-0.0006407561576916703,-0.36637604113804717,5.092816215780329,0.051303595615455985,-0.04568682629622537,-0.023340369021349356,8.3,1.7731260093417733,-0.1633334063927179,-1.765587166740978,0.5000000000000001,0.0
8.35,0.0016933616966855172,0.9858461809912523,5.123495831538041,0.16007943347441767,0.0773100238448561,-0.14017341129685862,8.35,1.8255361132063623,0.25823834859624384,-1.807178755943882,8.35,0.0006627376002365634,0.38583448147632315,5.123495831538041,0.047955755866653675,-0.04682069227596156,0.010371947528878168,8.35,1.65508601102839,0.23528597484321784,-1.6382765987292698,0.4217827674798863,0.0
8.4,0.002703314603856993,1.6022653789644554,5.154175447295755,0.16266469573654302,0.04358995984213988,-0.15671540651774715,8.4,1.7100900914319068,0.6327224318244173,-1.5887323390300152,8.4,0.0018430469507113927,1.0923812998744455,5.154175447295755,0.04907214859700421,-0.030434625737914268,0.038494276511184734,8.4,1.537664517592019,0.5665059733364591,-1.4295045123523071,0.34549150281252683,0.0
8.450000000000001,0.003652745226591704,2.2038879418024853,5.184855063053467,0.16813162360830156,0.005840336369746947,-0.16803015600853258,8.450000000000001,1.5949149769948456,0.9216587391426686,-1.3016523930775126,8.450000000000001,0.002839853586516828,1.7134288562602138,5.184855063053467,0.05343347860982754,-0.0021156787090125845,0.05339157742516256,8.450000000000001,1.4213153468011477,0.8161949068198073,-1.1635992390569327,0.27300475013022607,0.0
8.5,0.003993852428393716,2.452724622587291,5.21553467881118,0.1762769114608226,-0.037305342163860035,-0.1722842446662028,8.5,1.4804556268756928,1.1154305487264953,-0.973428761705555,8.5,0.0036074825293419617,2.2154452083321323,5.21553467881118,0.05932049643477381,0.02977345676063407,0.051307529367439486,8.5,1.3064765721944152,0.977828996815185,-0.8664476248915903,0.20610737385376435,0.0
8.55,0.0037395609105774835,2.3373242000299443,5.246214294568893,0.18651567991874848,-0.08572504322586919,-0.16564816877791286,8.55,1.367143004164585,1.212427701339417,-0.6317428771747122,8.55,0.0041168483859224106,2.5731388230776857,5.246214294568893,0.06536119550794806,0.05637213135306185,0.033079732238054015,8.55,1.1935686077583498,1.052279706342678,-0.5633058148515535,0.1464466094067263,0.0
8.6,0.002964685543595226,1.8857060281170048,5.2768939103266055,0.19806757807462216,-0.1364731681222665,-0.14354734364319716,8.6,1.2553921709701383,1.2184545469964785,-0.3022879750117817,8.6,0.0043562234134222316,2.7708020394476907,5.2768939103266055,0.07067937778653433,0.0705844113488943,0.0036626928374793692,8.6,1.0829924794255759,1.0470104256207504,-0.27684269745436946,0.09549150281252737,0.0
8.65,0.001716651721556396,1.1110421002227273,5.307573526084319,0.2101233791683821,-0.18337853627065198,-0.10258726484497406,8.65,1.1456004051642719,1.1455795023696616,-0.006920409165820376,8.65,0.004330795797612264,2.8029543781031974,5.307573526084319,0.07476469126811323,0.06876345530056278,-0.029348701428577567,8.65,0.9751283236939919,0.9747931357605498,-0.02556540913752388,0.0544967379058164,0.0
8.700000000000001,0.0003523466348479432,0.23202131608727525,5.338253141842031,0.22195111035129286,-0.2178373300847078,-0.04253460952845155,8.700000000000001,1.0381454516008846,1.010560716379085,0.23772466677018436,8.700000000000001,0.0040610979116542005,2.674245158118027,5.338253141842031,0.07734484439017868,0.05143355595257929,-0.057765164899044895,8.700000000000001,0.8703341750918101,0.8520904909643834,0.17726638581755302,0.024471741852423023,0.0
8.75,-0.0005519446838536628,-0.369759817503528,5.368932757599744,0.2329461426758606,-0.23069273320784645,0.03232287475853276,8.75,0.9333839182392851,0.833010984649596,0.42106797346845454,8.75,0.0035807357573376278,2.3988132124351687,5.368932757599744,0.07830568156012248,0.022929864685356665,-0.074873233335462,8.75,0.7689451459127042,0.6972686985233967,0.3241805044758222,0.0061558297024313195,0.0
8.8,-0.0017001603022637885,-1.1586116415043088,5.399612373357457,0.24264537195663025,-0.21474236707277874,0.11297120126807271,8.8,0.8316498279226465,0.6334778066408576,0.5388388486154797,8.8,0.002933501576583548,1.9990991863975442,5.399612373357457,0.07764480842444879,-0.009886682694712823,-0.07701278972069132,8.8,0.6712731863555088,0.5288105839099732,0.41348162844879927,3.749399456654644e-33,0.0
,,,5.43029198911517,0.25072278016436456,-0.16718511020334204,0.1868449930280302,8.85,0.7332533380154496,0.4316109414524289,0.592766777855631,,,,5.43029198911517,0.0754437092119444,-0.03946110808880876,-0.06430065480272946,8.85,0.5776077950470492,0.36368675651141635,0.44873456300726355,,0.0
,,,5.460971604872882,0.25697662818021205,-0.0912786307143798,0.24021906461765022,8.9,0.6384796440626761,0.24457109111135486,0.5897806687871373,,,,5.460971604872882,0.07184972413219737,-0.05943262830425937,-0.04037506099958999,8.9,0.48821846829537,0.21601769745305768,0.4378283078693707,,0.0
,,,5.491651220630596,0.26131323983479743,0.003355718386593962,0.26129169230396176,8.950000000000001,0.5475880934266657,0.08580186825030046,0.5408241483767241,,,,5.491651220630596,0.06706372169389832,-0.06610691350609674,-0.011287991589919432,8.950000000000001,0.403360726198722,0.0961239061099737,0.3917397989912709,,0.0
,,,5.522330836388308,0.26372946237404604,0.10201302382117004,0.2432006831712542,9.0,0.46081155929964235,-0.03575350299998153,0.45942244199363846,,,,5.522330836388308,0.06133188455170747,-0.059174565481404,0.016123611963545996,9.0,0.3232904939240776,0.01001883796581172,0.3231352137225048,,0.0
,,,5.553010452146021,0.26429462729337083,0.18759120227308548,0.18617516173184898,9.05,0.3783561905068151,-0.11595504511002219,0.36014973887032337,,,,5.553010452146021,0.05494167078876201,-0.04154830217988327,0.03594893287748348,9.05,0.24830111541774164,-0.040645445540240896,0.24495181500558424,,0.0
,,,5.583690067903734,0.2631324259339525,0.24412191363085073,0.09819961742847283,9.1,0.30040184517454427,-0.15529903350635077,0.2571448595174794,,,,5.583690067903734,0.04822331404021573,-0.018419529145835452,0.044566904346914044,9.1,0.1788344885231975,-0.05821289085806508,0.1690947474740143,,0.0
,,,5.6143696836614465,0.26040309860952265,0.26033192929939625,-0.006087721469886737,9.15,0.2271041850388378,-0.15833427415474988,0.16280837966776524,,,,5.6143696836614465,0.04155911022167213,0.00417737870368326,0.0413486293555555,9.15,0.11590930912833007,-0.04830836029018249,0.1053625657844412,,0.0
,,,5.64504929941916,0.2562864773088538,0.23236892378378335,-0.10810847196657586,9.200000000000001,0.15860233721830647,-0.13274978385199446,0.08678822649621405,,,,5.64504929941916,0.035400922632327615,0.02090207196576548,0.028571466723953925,9.200000000000001,0.0635516038169667,-0.01887090550893038,0.06068521461593192,,0.0
,,,5.675728915176872,0.2509665967358558,0.1649925771541244,-0.1891075941394686,9.25,0.09505475706998683,-0.08824661526970419,0.035326218805230514,,,,5.675728915176872,0.03028229769724312,0.028357796320796876,0.010623226517996076,9.25,0.04402599508094444,0.020949644431095496,0.038722094998566554,,0.0
,,,5.706408530934585,0.24461872061313666,0.0708799917118022,-0.23412463614353501,9.3,0.03699199095093375,-0.03531903163945585,0.010998790777402815,,,,5.706408530934585,0.026765963030555107,0.02576437439411748,-0.007253536312226342,9.3,0.07361808974099165,0.061913086099952046,0.039829548160789194,,0.0
,,,5.737088146692298,0.2373996628662894,-0.03186068454758664,-0.235251985558437,9.35,0.020463691988577358,0.015929958586890825,0.01284519790518264,,,,5.737088146692298,0.025223871076556735,0.01493042954516177,-0.020330419220560014,9.35,0.11369886634147165,0.09571367694462,0.06137038579866313,,0.0
,,,5.767767762450011,0.22944217588799978,-0.12344261807833741,-0.19340535700488123,9.4,0.0677225077469578,0.0568258249591493,0.03683970240445604,,,,5.767767762450011,0.025529131868635403,-0.0004149985889836211,-0.025525758561447634,9.4,0.15191165842565854,0.11581447322468127,0.09830645837036109,,0.0
,,,5.798447378207723,0.22085391757697656,-0.1865811786041738,-0.1181690175121015,9.450000000000001,0.11145000553393486,0.08092184382621948,0.07663392802981625,,,,5.798447378207723,0.027066343820015142,-0.015715460736325505,-0.022036589155953405,9.450000000000001,0.18617932790762842,0.11802202836960932,0.143991468357189,,0.0
,,,5.829126993965437,0.21172112295047527,-0.2101523771151463,-0.025725712745492554,9.5,0.15044607513557853,0.08449949889104923,0.12447431948342483,,,,5.829126993965437,0.029103494674126512,-0.02679864662005013,-0.011351032621774369,9.5,0.21600902069129313,0.10076324564791003,0.19106717495820794,,0.0
,,,5.859806609723149,0.20211666465989833,-0.19149145425295752,0.06466969213881626,9.55,0.184671676913598,0.0667426361420672,0.172188991445121,,,,5.859806609723149,0.03107118556063574,-0.030894018881678097,0.0033133320814515725,9.55,0.24129866790500157,0.06505890895701001,0.2323626163952621,,0.0
,,,5.890486225480862,0.192111782695027,-0.1368080030492627,0.1348721889491462,9.600000000000001,0.21419270002964047,0.0295923485888973,0.21213864723567163,,,,5.890486225480862,0.03260799612219827,-0.027216889097633878,0.017958907509990577,9.600000000000001,0.2620887521281135,0.01421958586791144,0.2617027270966369,,0.0
,,,5.921165841238575,0.1817904746285377,-0.05963217686451581,0.17173170979195462,9.65,0.23911495280574346,-0.02267896226554114,0.2380370251155292,,,,5.921165841238575,0.033512212252183184,-0.017007005670225523,0.028876116916377342,9.65,0.27848921626096607,-0.04668381187250731,0.2745484752875154,,0.0
,,,5.9518454569962875,0.1712653779675602,0.022336612292677787,0.16980254839565231,9.700000000000001,0.25957100843178715,-0.08411019731928451,0.2455658427493652,,,,5.9518454569962875,0.03369105906004142,-0.0030558782045261093,0.03355218426550351,9.700000000000001,0.29065201411055036,-0.11150291529495267,0.2684132880228663,,0.0
,,,5.982525072754001,0.16069384776294882,0.09124094978853266,0.13227850086294535,9.75,0.27571543756262257,-0.14782898149677823,0.23273503118347616,,,,5.982525072754001,0.03312609793545144,0.01111679255767524,0.031205052277776053,9.75,0.298758568509922,-0.17376528326435195,0.24302738238757646,,0.0
,,,6.013204688511713,0.1502925817133572,0.1330099869451962,0.0699728768231297,9.8,0.28772209275849847,-0.20687363574196263,0.1999682512206169,,,,6.013204688511713,0.03185150506110011,0.022201561229201344,0.022838762086490366,9.8,0.3030129283545198,-0.22741346700175868,0.20024971854217766,,0.0
,,,6.043884304269426,0.14034813734512125,0.14034132238301253,-0.0013830719548763289,9.850000000000001,0.2957820096408183,-0.2549706757722735,0.14992315272629275,,,,6.043884304269426,0.029940239394680452,0.027906700823202464,0.010845920162671597,9.850000000000001,0.30363737278247444,-0.26745191802693113,0.14375369801837817,,0.0
,,,6.074563920027139,0.13121851035054868,0.1140639091893203,-0.06486695675817962,9.9,0.30010150879875874,-0.28718902886835296,0.08708258885072152,,,,6.074563920027139,0.02749503167817417,0.027442134403887337,-0.0017047071134901972,9.9,0.30086916866735436,-0.29043852277356763,0.07853484031748434,,0.0
,,,6.105243535784852,0.12331759250264049,0.06261404546485083,-0.10623892851103538,9.950000000000001,0.3009003597423855,-0.3004098265891135,0.017174474716733713,,,,6.105243535784852,0.0246429000685531,0.02158516430794392,-0.011889205422893413,9.950000000000001,0.29495792142978183,-0.2947778718960704,0.010304448291939269,,0.0
,,,6.135923151542564,0.11707189035564572,-0.00020118605619283726,-0.11707171748810695,10.0,0.29840995880702287,-0.2935735482963318,-0.053507712116202644,,,,6.135923151542564,0.021533305480499712,0.01234722677836333,-0.017641690276166466,10.0,0.2861632656041363,-0.2807969865148618,-0.05515856185032371,,0.0
,,,6.166602767300278,0.11284348324207767,-0.05858780108061707,-0.09644232097343526,10.05,0.29287150684080965,-0.26769183499117827,-0.1188057279690764,,,,6.166602767300278,0.018341493167848107,0.0023604250443213025,-0.018188973726858796,10.05,0.2747527836831606,-0.2506084969023743,-0.11262536757755019,,0.0
,,,6.19728238305799,0.11083207620151483,-0.09848211744162287,-0.05084310827784619,10.100000000000001,0.2845341866666666,-0.2256367061837545,-0.17334295545134648,,,,6.19728238305799,0.015280061977443459,-0.00583653255466327,-0.01412144403992981,10.100000000000001,0.2610001175983252,-0.20778863678870924,-0.15793968408170717,,0.0
,,,6.227961998815704,0.11099621364553475,-0.11073518691812598,0.007607747488770641,10.15,0.27365334683828263,-0.17174258568931808,-0.21305078853771145,,,,6.227961998815704,0.012620196340586127,-0.010423519055238754,-0.007114745686250357,10.15,0.2451832891293435,-0.15691564089242552,-0.18839407345137643,,0.0
,,,6.258641614573416,0.11303995843402866,-0.0930494805287562,0.06418587364907911,10.200000000000001,0.2604887016358712,-0.11127427615199205,-0.23552579295438564,,,,6.258641614573416,0.010701829949651624,-0.010685239648249627,0.0005956659556619708,10.200000000000001,0.22758329796646407,-0.10302651969137394,-0.2029278042890508,,0.0
,,,6.2893212303311286,0.11647547496964203,-0.05026550152289357,0.10507100278409687,10.25,0.24530255954447414,-0.04982523318115062,-0.2401890752251531,,,,6.2893212303311286,0.009840394871172522,-0.007082815153069994,0.00683133228060534,10.25,0.20848314329420561,-0.05105573246602189,-0.20213493814823372,,0.0
,,,6.320000846088842,0.12072452080279862,0.007008281886604485,0.12052092726187949,10.3,0.2283580947918939,0.007285655139082513,-0.22824184254027122,,,,6.320000846088842,0.010066218097291671,-0.0010220573049266077,0.010014197204353852,10.3,0.18816755777339353,-0.005317751448047873,-0.18809240101062077,,0.0
,,,6.350680461846554,0.12521059715141175,0.0650454155022537,0.1069896610012028,10.350000000000001,0.2099176800927681,0.0555541102679406,-0.20243313278183298,,,,6.350680461846554,0.011029714609205597,0.005593929347373365,0.009505922302287053,10.350000000000001,0.1669240438248231,0.030912574231204054,-0.16403673113431563,,0.0
,,,6.381360077604267,0.12941768196504927,0.11027270564461332,0.06774117503426628,10.4,0.19024130561294436,0.09171283589378855,-0.1666748634126835,,,,6.381360077604267,0.012283931008051963,0.010893460734919598,0.005676924715666529,10.4,0.14504649715524093,0.055681400415089115,-0.1339330727819676,,0.0
,,,6.41203969336198,0.13291725713639566,0.1323857499224926,0.01187478261367211,10.450000000000001,0.1695851239555567,0.11399716572490691,-0.12555381505039834,,,,6.41203969336198,0.013507203267473188,0.01350418396804855,-0.0002855791763047149,10.450000000000001,0.12284446188131459,0.06847568793829203,-0.10198942090377512,,0.0
,,,6.442719309119693,0.13537538164697122,0.12659824472262043,-0.04795183405475347,10.5,0.14820019551317917,0.12223373829424729,-0.0837986346712045,,,,6.442719309119693,0.014515455999702463,0.01284768771648242,-0.0067553965996856894,10.5,0.10066601132963868,0.07017688386888324,-0.07217236872565719,,0.0
,,,6.473398924877405,0.13655030517599198,0.09454295785076332,-0.09852722955856079,10.55,0.12633159671969157,0.11775198228060478,-0.0457618072057357,,,,6.473398924877405,0.015215485059095084,0.00920409837785116,-0.012115921699746306,10.55,0.07895802876027333,0.0628623087473048,-0.04777761447233082,,0.0
,,,6.504078540635119,0.13628686469023166,0.04367270863349712,-0.1290999767920474,10.600000000000001,0.10421830580441827,0.10313727236605168,-0.014971917500244075,,,,6.504078540635119,0.01556937843366322,0.0035548429062876668,-0.01515812114749825,10.600000000000001,0.058445469283006674,0.04948405447913703,-0.031099859035318388,,0.0
,,,6.534758156392831,0.1345105904372771,-0.01463896114217847,-0.1337116290995764,10.65,0.08209511887616784,0.08186075636828835,0.006198799085618827,,,,6.534758156392831,0.015574076747983223,-0.0027321028091375718,-0.015332562760098988,10.65,0.04074132358598628,0.03346718447878172,-0.023233661153620074,,0.0
,,,6.565437772150545,0.13122266798865684,-0.06780797742221148,-0.1123453016016697,10.700000000000001,0.06020130011734373,0.05783247663075954,0.016721279334164056,,,,6.565437772150545,0.015249664380258392,-0.008276650615203466,-0.01280817388640448,10.700000000000001,0.030183000693047326,0.018275908959977858,-0.024020921766724452,,0.0
,,,6.596117387908257,0.12649619726812739,-0.10490749210361261,-0.07068030860025622,10.75,0.03882041789593243,0.034930477648753955,0.01693772643670724,,,,6.596117387908257,0.014632026529031148,-0.012018551560469106,-0.008345694622655261,10.75,0.03289666483116553,0.006997667386203088,-0.032143789573821455,,0.0
,,,6.62679700366597,0.12047406679700372,-0.11903398597386528,-0.01857177842271861,10.8,0.018583657204238133,0.01655870714727555,0.008435729529530775,,,,6.62679700366597,0.013767678543120047,-0.013427655576601135,-0.003040894306427078,10.8,0.045389466993410614,0.00199079713799023,-0.045345787463680474,,0.0
,,,6.657476619423683,0.11336890425198909,-0.10865820906068639,0.0323404090113412,10.850000000000001,0.008152060003681497,0.005280929282292291,-0.00621030339186834,,,,6.657476619423683,0.012709744174448484,-0.012554547846915192,0.001980132657031916,10.850000000000001,0.06092691277459291,0.004632401771871249,-0.060750551882816806,,0.0
,,,6.6881562351813955,0.10546573699779217,-0.07770366327839569,0.07131032459332358,10.9,0.023933719619595496,0.002567423771996687,-0.02379561451201453,,,,6.6881562351813955,0.01151462156966397,-0.009930191167622487,0.005829049087719464,10.9,0.07675622838963307,0.015190343628331352,-0.07523810242858818,,0.0
,,,6.718835850939108,0.09712782761263736,-0.03439741235689402,0.09083299466548482,10.950000000000001,0.04180598863216468,0.008677274454001693,-0.040895544910938796,,,,6.718835850939108,0.01023914087483615,-0.006361911291079458,0.008022848034156956,10.950000000000001,0.0918975876411662,0.03282850684112056,-0.08583388464265336,,0.0
,,,6.749515466696821,0.08880473285717984,0.010785851392182076,0.08814729710876472,11.0,0.05883086123090714,0.02268320843165317,-0.05428206230806298,,,,6.749515466696821,0.008938141663019521,-0.0026942675172027543,0.008522399834198785,11.0,0.10591884999449179,0.05573930542141641,-0.09006626791032096,,0.0
,,,6.780195082454534,0.08103692078787743,0.0475772352527848,0.06560022268622182,11.05,0.07466586737557045,0.042630019632429614,-0.061299862781942195,,,,6.780195082454534,0.007662453306077191,0.0003967825930699205,0.007652173171174969,11.05,0.1185872665012522,0.08138351961436097,-0.0862534782569256,,0.0
,,,6.810874698212247,0.07444028655219166,0.06819300324610025,0.029850805185953806,11.100000000000001,0.08916017227846333,0.06580332282227572,-0.06016194001420357,,,,6.810874698212247,0.006457276184242608,0.002527002900756416,0.005942278355913279,11.100000000000001,0.12976082591041435,0.10680640022036303,-0.07369033052524936,,0.0
,,,6.84155431396996,0.06963848519043471,0.06893897903966564,-0.009845597421534964,11.15,0.1022141695489051,0.08907421594484223,-0.05013502279229494,,,,6.84155431396996,0.0053609407952853365,0.00362519585483729,0.003949384917252953,11.15,0.1393484239273441,0.12899169755570702,-0.05271740901003964,,0.0
,,,6.872233929727672,0.06711504870719343,0.050818873600717115,-0.04383915885282566,11.200000000000001,0.11375523907195491,0.10927846631811754,-0.03159859515038077,,,,6.872233929727672,0.004403949186245987,0.003865377503453419,0.0021103613886803633,11.200000000000001,0.14729301743646628,0.14521249893847063,-0.024669072491356886,,0.0
,,,6.902913545485386,0.06702553200997499,0.019066848496987438,-0.06425633999546745,11.25,0.12373105927468764,0.12358667038201705,-0.005975778871656448,,,,6.902913545485386,0.003608053970719064,0.0035463240936529036,0.0006645591609469521,11.25,0.15356354270413458,0.15333962957800984,0.008289731522992765,,0.0
,,,6.933593161243098,0.06910784830281808,-0.01823075924285581,-0.06665983884224701,11.3,0.13210707399182223,0.12982451736532186,0.024451455775516526,,,,6.933593161243098,0.002984960498386089,0.002964899428417568,-0.0003454859711978294,11.3,0.15815053810832605,0.15207450815461243,0.04341585739664489,,0.0
,,,6.964272777000811,0.07278595366430637,-0.052067229705494676,-0.05086058042942302,11.350000000000001,0.13886519476641573,0.12670933827584333,0.0568180069274916,,,,6.964272777000811,0.0025344517169267793,0.0023241513216938478,-0.001010824484914092,11.350000000000001,0.16106345737068753,0.14108291944623408,0.07769843718329669,,0.0
,,,6.994952392758524,0.07737809232207445,-0.07454310810878853,-0.0207531733690282,11.4,0.1440029050070697,0.1139796111147444,0.08800843653086203,,,,6.994952392758524,0.0022431162700828314,0.0016997559618316573,-0.0014636940497686154,11.4,0.16232879690605964,0.12101799542919041,0.10819095658727307,,0.0
,,,7.0256320085162365,0.08225933432109153,-0.08054000802131314,0.01673036732638956,11.450000000000001,0.14753248268638375,0.09240675046115245,0.11500793849477707,,,,7.0256320085162365,0.0020866739937733707,0.0010656171451849368,-0.0017940647859478248,11.450000000000001,0.16198862945376952,0.09343340113306309,0.1323273049110378,,0.0
,,,7.056311624273949,0.08692937711424496,-0.06869779184147387,0.0532665936734849,11.5,0.14948023414905093,0.06369187437733757,0.13523196936951165,,,,7.056311624273949,0.0020369337035779393,0.0003589657635012192,-0.0020050542370234595,11.5,0.1600993461517345,0.06059987231396432,0.14818723330214423,,0.0
,,,7.086991240031662,0.09101790039896675,-0.04152732449078246,0.08099221884646382,11.55,0.1498856964351601,0.03026282891730357,0.14679878467403937,,,,7.086991240031662,0.0020685632674452186,-0.00044652694557637587,-0.002019793969269606,11.55,0.15673051129968024,0.025248529031625715,0.15468343464637171,,0.0
,,,7.117670855789375,0.09426642807181036,-0.004690203633390492,0.09414967578964427,11.600000000000001,0.14880079231666546,-0.005002787759082349,0.14871666990860502,,,,7.117670855789375,0.002160472796739656,-0.0012911747451287122,-0.001732198165047486,11.600000000000001,0.15196378881734843,-0.009728276492275702,0.15165208125249552,,0.0
,,,7.148350471547088,0.09650691103914522,0.03434549670134141,0.09018852884184127,11.65,0.14628893448178262,-0.03909559329549083,0.140968035159354,,,,7.148350471547088,0.0022930728596722103,-0.0020238934361202616,-0.0010779788954309861,11.65,0.14589193380824073,-0.04158413740765843,0.13983996519725353,,0.0
,,,7.179030087304801,0.09764358135818535,0.06794569265708517,0.07012597115050519,11.700000000000001,0.14242408149306507,-0.0691969863064152,0.12448452142838093,,,,7.179030087304801,0.0024459097358276727,-0.0024440526252027515,-9.52953359621272e-05,11.700000000000001,0.1386178709250719,-0.06799960958911465,0.12079307610756457,,0.0
,,,7.209709703062513,0.09763887443535507,0.08988052186593211,0.0381423857422518,11.75,0.1372897517243536,-0.09297064561811745,0.10101947823011694,,,,7.209709703062513,0.002597785585372611,-0.002375482530084071,0.0010514621709006458,11.75,0.13025391408301382,-0.08730691646269749,0.09666221842954312,,0.0
,,,7.240389318820227,0.0965025823233353,0.09650100415528767,0.0005518986258900529,11.8,0.13097800404238258,-0.10879193023524736,0.0729352689623851,,,,7.240389318820227,0.0027287176919941615,-0.0017450312778893452,0.002097800295974291,11.8,0.12092123277524913,-0.09863543142260091,0.06994995499614977,,0.0
,,,7.271068934577939,0.09428326212792329,0.08730730133911412,-0.0355916935585231,11.850000000000001,0.12358839651303932,-0.115892036249001,0.04293166298577853,,,,7.271068934577939,0.002822536220919533,-0.0006352468700962626,0.0027501222031821823,11.850000000000001,0.11074976296415986,-0.10196457497970508,0.04322887282622226,,0.0
,,,7.301748550335652,0.0910611733892442,0.06483848978735618,-0.06393831043373686,11.9,0.11522693785714415,-0.11440394202505173,0.013747190878967249,,,,7.301748550335652,0.0028695355533904393,0.0007114880340308303,0.002779931486494356,11.9,0.0998789479515668,-0.09808148522616753,0.01886336395611527,,0.0
,,,7.332428166093365,0.08694229645156215,0.033960479803926955,-0.0800352967368672,11.950000000000001,0.10600505235988783,-0.10530844091185401,-0.012132740767737165,,,,7.332428166093365,0.002869157962852483,0.0019442677613021563,0.0021099503046661814,11.950000000000001,0.08846010382938801,-0.08845149173706326,-0.0012343334210565319,,0.0
,,,7.3631077818510775,0.08205320531171492,0.0007460747903863607,-0.08204981337171702,12.0,0.09603859088575452,-0.09028964717533225,-0.032729047530830314,,,,7.3631077818510775,0.002832820854352293,0.002698648560026775,0.0008614928568007211,12.0,0.07666216729585407,-0.07501886381476419,-0.015787905701497598,,0.0
,,,7.39378739760879,0.07653673285038061,-0.028792714304600824,-0.0709143926039289,12.05,0.0854469469755969,-0.07151905204528397,-0.04675688122613004,,,,7.39378739760879,0.00278649679003505,0.002708007472119541,-0.0006567038082883097,12.05,0.06468504333148158,-0.05996250539035006,-0.024262167630034425,,0.0
,,,7.424467013366503,0.07054849275339072,-0.049853779363108905,-0.0499168359673335,12.100000000000001,0.07435240055784388,-0.05139448006242786,-0.053729757935679995,,,,7.424467013366503,0.0027710055028990054,0.0018966769949403796,-0.002020170258656557,12.100000000000001,0.05279162466056992,-0.04543550053374609,-0.026880679410134944,,0.0
,,,7.455146629124216,0.06425442845233936,-0.0596579295526725,-0.023865519420812182,12.15,0.06287998220412915,-0.03226442607638982,-0.05397127913949025,,,,7.455146629124216,0.0028354496182509317,0.000423729833159929,-0.0028036097385566367,12.15,0.041390178396673354,-0.033318295528234135,-0.024556833077611997,,0.0
,,,7.485826244881929,0.057829648890727454,-0.057796201520266266,0.001966565700297548,12.200000000000001,0.0511586724646495,-0.016168882739335394,-0.04853634719781567,,,,7.485826244881929,0.0030206000105232407,-0.0013402479316663757,-0.0027069835435844457,12.200000000000001,0.03125974075189321,-0.025012838142299102,-0.01874911517759492,,0.0
,,,7.516505860639642,0.051458846482186134,-0.04608670265566301,0.022891673586824198,12.25,0.039326659089890435,-0.004624935524272755,-0.03905375893007973,,,,7.516505860639642,0.0033404414376766666,-0.0029014787943192296,-0.0016552854148645132,12.25,0.024092438037003307,-0.021299555207894717,-0.011259419101920347,,0.0
,,,7.547185476397354,0.04533841733777471,-0.02801497798746738,0.035647343450192034,12.3,0.02755240382812053,0.0015204745776237838,-0.02751041827683888,,,,7.547185476397354,0.0037779960897041448,-0.003774618760027603,0.0001597112089600774,12.3,0.022627523612177496,-0.022271327949238716,-0.003999096922694993,,0.0
,,,7.577865092155068,0.039679549785356344,-0.007905579164293634,0.03888403900375653,12.350000000000001,0.01614789792175814,0.002156400421892821,-0.016003266682523956,,,,7.577865092155068,0.0042966973518874145,-0.0036217366748608317,0.0023118459273239493,12.350000000000001,0.027378081623906696,-0.027349546108069615,0.0012496723922179463,,0.0
,,,7.60854470791278,0.03470893315251256,0.009990427063382419,0.033240057275474445,12.4,0.006823035001633804,-0.002112360205708089,-0.0064878148089214825,,,,7.60854470791278,0.0048537969950596255,-0.0023586794249335157,0.004242166503055385,12.4,0.03550915795795392,-0.03537793658784464,0.0030499019114335326,,0.0
,,,7.639224323670493,0.03065795941462844,0.022309682935424457,0.02102827912097981,12.450000000000001,0.01008167763829001,-0.010066573494618505,-0.0005516539493568535,,,,7.639224323670493,0.005407947520911003,-0.00019645928010428144,0.005404377868005565,12.450000000000001,0.0447837888467596,-0.04478122461912463,0.00047923384965560767,,0.0
,,,7.669903939428206,0.02772458454089256,0.027146851088396047,0.005630369787993424,12.5,0.02005549227564449,-0.02004099901407577,0.0007623181332291357,,,,7.669903939428206,0.005922000983645,0.0023973822326443074,0.0054150396195128386,12.5,0.054192673164691604,-0.05376873764125743,-0.006765255146756264,,0.0
,,,7.7005835551859185,0.026000341815748444,0.024295306841157792,-0.009260444915323907,12.55,0.030281526928795786,-0.030138907963512214,-0.002935489721720118,,,,7.7005835551859185,0.006363800031025076,0.004810236020793632,0.004166482960379678,12.55,0.06327390479191566,-0.060558532909003475,-0.018337151347075486,,0.0
,,,7.731263170943632,0.025399175306380993,0.01514186371591512,-0.020392206095783925,12.600000000000001,0.04010695973759066,-0.03846711007641451,-0.01135119649031445,,,,7.731263170943632,0.0067064690930604106,0.006440647330184297,0.0018694356539780688,12.600000000000001,0.0717808282162119,-0.06359595931403222,-0.03328725369166524,,0.0
,,,7.761942786701344,0.025662026383829997,0.002264330194764398,-0.025561932769128885,12.65,0.0493497239730403,-0.04336433697644111,-0.023556942390915894,,,,7.761942786701344,0.006928699289255367,0.006857749521306427,-0.0009890123072789849,12.65,0.07956152285805794,-0.06174186230677586,-0.05017946151947435,,0.0
,,,7.792622402459057,0.026450246460916437,-0.011169377088262655,-0.023976249775630377,12.700000000000001,0.05790745994990524,-0.043597326050542756,-0.038112295641860056,,,,7.792622402459057,0.007015112397520555,0.005920248702873876,-0.003763304033155809,12.700000000000001,0.08651294021744473,-0.05440968500143948,-0.06726124443623756,,0.0
,,,7.82330201821677,0.027449507397608916,-0.02207403115347744,-0.016316022953118632,12.75,0.06570547573298659,-0.038503263159555136,-0.05324197843209935,,,,7.82330201821677,0.0069566876072273175,0.0038213627801507895,-0.005813147939544319,12.75,0.09256166087641957,-0.0416369855250575,-0.08266814683169964,,0.0
,,,7.853981633974483,0.02842249306375842,-0.028061916249291656,-0.004512977772727932,12.8,0.07268472022154358,-0.028063819254311347,-0.06704841983630494,,,,7.853981633974483,0.006751249997080288,0.0010457342919432079,-0.006669768835104454,12.8,0.09765501972002899,-0.024084623322926085,-0.09463843720134021,,0.0
,,,7.884661249732195,0.029215341425587838,-0.027889027584591677,0.008702776281138875,12.850000000000001,0.07879807129497407,-0.012904063968198293,-0.07773429856191193,,,,7.884661249732195,0.006404090004042619,-0.0017518364426617923,-0.00615982449896429,12.850000000000001,0.10175664204680056,-0.002965164362358598,-0.10171343077954306,,0.0
,,,7.915340865489909,0.029745178907667483,-0.02165872658388642,0.020388114945075184,12.9,0.08400895453075795,0.0057818748120018375,-0.08380975101388438,,,,7.915340865489909,0.005928916556558757,-0.003914520126278995,-0.004452929790103728,12.9,0.10484399724439397,0.020090024296293377,-0.1029011889239227,,0.0
,,,7.946020481247621,0.029985745005950637,-0.0107559379609184,0.02799026084449318,12.950000000000001,0.0882907304190325,0.02636838105627074,-0.08426126962251146,,,,7.946020481247621,0.005349603456006102,-0.004953977744579661,-0.002019000159168356,12.950000000000001,0.10690692602321153,0.043208852057847226,-0.09778591890234245,,0.0
,,,7.976700097005334,0.02995657436556787,0.002465812841390207,0.02985491776493503,13.0,0.09162634754709906,0.046982296965138365,-0.07866416806082256,,,,7.976700097005334,0.004703681241893886,-0.004677654684744823,0.000494129411823689,13.0,0.10794665350983738,0.06448091492978002,-0.08657188697141445,,0.0
,,,8.007379712763047,0.02971584690414206,0.015178694976617217,0.02554679580763945,13.05,0.09400807501947904,0.06571161493885666,-0.06722724024527134,,,,8.007379712763047,0.004049249202473032,-0.0032384929813516886,0.0024307575595818543,13.05,0.10797504820931547,0.08216114227725692,-0.07005824530703253,,0.0
,,,8.03805932852076,0.0293551496294839,0.024659284250489393,0.01592622083304619,13.100000000000001,0.09543723763111522,0.08081503848537186,-0.05076608987568199,,,,8.03805932852076,0.003476364615912429,-0.00109335032198979,0.0032999539415229408,13.100000000000001,0.10701400533963842,0.09485196583426177,-0.04954898501693247,,0.0
,,,8.068738944278472,0.02899355087853674,0.028840953161483822,0.0029707597148532316,13.15,0.09592392085954038,0.09090900706880907,-0.030609655777721317,,,,8.068738944278472,0.003112927958547886,0.001119146740458466,0.002904794493321395,13.15,0.10509489419977515,0.10164421063320905,-0.02670938471050511,,0.0
,,,8.099418560036185,0.028767826093429365,0.026734898717844235,-0.010622288298121368,13.200000000000001,0.09548663183382117,0.09511184917071902,-0.008451804913396014,,,,8.099418560036185,0.0030820988236645217,0.002748984268393274,0.0013937068023657361,13.200000000000001,0.10225804421197489,0.10220196829125097,-0.0033860424469194647,,0.0
,,,8.130098175793899,0.028816076978711924,0.018639239103019553,-0.021976010968861433,13.25,0.09415191168068365,0.09312998911981157,0.013834290718032233,,,,8.130098175793899,0.0033987853669383045,0.0033081236824417555,-0.0007797818106252176,13.25,0.09855226803763181,0.09678330444662726,0.01858874701943851,,0.0
,,,8.160777791551611,0.02925484474281763,0.0060949994842981765,-0.028612880355056346,13.3,0.09195389965981303,0.08527794732546737,0.03439754878769382,,,,8.160777791551611,0.003953953088571276,0.0026008228285069918,-0.002978164810976589,13.3,0.09403444141200289,0.08619600146242133,0.03758624088090832,,0.0
,,,8.191457407309324,0.030155294430604693,-0.008404495612369115,-0.028960425336968493,13.350000000000001,0.08893385268831555,0.0724314441506547,0.05160345000324689,,,,8.191457407309324,0.004615492607222317,0.0007764414461158768,-0.004549715451330704,13.350000000000001,0.08876918546915304,0.07169480551632047,0.0523433200211247,,0.0
,,,8.222137023067036,0.0315282028460014,-0.02189678526316228,-0.02268387907386146,13.4,0.08513962643701542,0.0559203835735047,0.06420020787214509,,,,8.222137023067036,0.005285761575180653,-0.001709036997783951,-0.005001846456046195,13.4,0.08282873833570055,0.05483302302071491,0.06208010535343588,,0.0
,,,8.252816638824749,0.03332467245657148,-0.03153359274831526,-0.010778048186994387,13.450000000000001,0.08062512702620853,0.0373750250149113,0.07143891525721129,,,,8.252816638824749,0.005900774021046134,-0.004212277418015015,-0.004132293915143707,13.450000000000001,0.0762931771245527,0.037286102344405804,0.06656121579208772,,0.0
,,,8.283496254582463,0.03545065356160545,-0.03515050877412449,0.004603321720797526,13.5,0.07544974649150182,0.01854354475400739,0.07313549886059448,,,,8.283496254582463,0.006418537012473306,-0.00607087062165984,-0.0020837819644956173,13.5,0.06925129872119318,0.020667543239683697,0.06609534802849393,,0.0
,,,8.314175870340176,0.03778681381569133,-0.03170974976914529,0.0205507923915335,13.55,0.0696778024886316,0.0011019356917331858,0.06966908853556246,,,,8.314175870340176,0.00681135517347846,-0.006776139466504373,0.0006917320505467524,13.55,0.06180278013226757,0.006357842695583239,0.061474884858254315,,0.0
,,,8.344855486097888,0.04020597688201286,-0.02152592336384509,0.03395813894150886,13.600000000000001,0.06337801723285028,-0.01352246002850959,0.06191862517163011,,,,8.344855486097888,0.0070618996425015745,-0.0061052027466959,0.0035492148402852005,13.600000000000001,0.05406294651740163,-0.004634776023574278,0.05386391219875075,,0.0
,,,8.3755351018556,0.04258496045033235,-0.006226822327168203,0.04212725412677938,13.65,0.056623102416779626,-0.024294529448829264,0.05114637392974288,,,,8.3755351018556,0.007161306320044417,-0.004178191710266257,0.005816100260636026,13.65,0.046173186695821815,-0.011767122670491287,0.04464860573080448,,0.0
,,,8.406214717613313,0.04481128431015106,0.011545792710854085,0.04329833567474827,13.700000000000001,0.04948959284860669,-0.030666962202582547,0.03884272428121174,,,,8.406214717613313,0.007108254940576281,-0.001426518522986861,0.006963643672948989,13.700000000000001,0.03832446150218976,-0.014998137728564679,0.035267835404343,,0.0
,,,8.436894333371026,0.046786474027046124,0.028637403200738473,0.03699828766040119,13.75,0.04205827342212456,-0.03261843421179906,0.026550633002260526,,,,8.436894333371026,0.006908534992064939,0.0015184838011098685,0.0067395892072405,13.75,0.030813012304431692,-0.014767657736907351,0.02704363163923476,,0.0
,,,8.46757394912874,0.04842749672570369,0.04198397153164824,0.024136457352888215,13.8,0.03441615452097017,-0.030631663687157404,0.015689897124206324,,,,8.46757394912874,0.006574916156623721,0.003986631284763521,0.005228412136201239,13.8,0.02417429012742306,-0.011920810776001435,0.021030705494766266,,0.0
,,,8.498253564886452,0.04966729259271439,0.04919565884700019,0.0068284042132751846,13.850000000000001,0.026663142657920032,-0.025615400541608466,0.0074009750364097075,,,,8.498253564886452,0.006127332871463674,0.005437345754303945,0.0028247972079199113,13.850000000000001,0.019443412159588763,-0.007588044801764216,0.017901615918515936,,0.0
,,,8.528933180644165,0.050454889631449465,0.049003319495260676,-0.012015430336328013,13.9,0.01893656536321913,-0.018780598924728033,0.00242540961158621,,,,8.528933180644165,0.005593548168738149,0.005592065516275927,0.00012878034660442176,13.9,0.018135623054141167,-0.003035573349116071,0.01787976839906023,,0.0
,,,8.559612796401877,0.05075530025943709,0.04147892549657712,-0.0292506280971028,13.950000000000001,0.011532495917751889,-0.011485922736327174,0.0010353941221035075,,,,8.559612796401877,0.005010597317923414,0.004497411488390311,-0.0022089308242849433,13.950000000000001,0.02073267755793285,0.0004959633752698952,0.02072674453578283,,0.0
,,,8.59029241215959,0.05054925235944052,0.027988914102414695,-0.042093320152561675,14.0,0.005901599861976947,-0.0050708263885466745,0.0030192053040667857,,,,8.59029241215959,0.004427258489581651,0.0025045475383596158,-0.003650734085313472,14.0,0.025857488239961465,0.0019458799727793271,0.025784166637905555,,0.0
,,,8.620972027917304,0.04983274603001631,0.010895876648537951,-0.04862697244279096,14.05,0.007754035638522184,-0.000695431547288255,0.007722787297764221,,,,8.620972027917304,0.003906748992702294,0.00017213157285946354,-0.0039029550873159323,14.05,0.03206906345689922,0.0005633162082157972,0.032064115547636586,,0.0
,,,8.651651643675017,0.0486164097497207,-0.006923448991668602,-0.04812090139443048,14.100000000000001,0.014163756006009815,0.0007947784552982458,0.014141439509638785,,,,8.651651643675017,0.0035246971006164074,-0.0018802905977139631,-0.00298127437838958,14.100000000000001,0.03858482107229938,-0.004001814293306117,0.03837673643684738,,0.0
,,,8.682331259432729,0.046924632711004985,-0.022638924632143443,-0.04110231436990924,14.15,0.021075494900903352,-0.0010353796484181448,0.021050046895473764,,,,8.682331259432729,0.0033504102194768207,-0.003129648372486333,-0.0011960558947508957,14.15,0.04501506651146658,-0.011656502746363352,0.04347967521446985,,0.0
,,,8.713010875190442,0.04479446171889815,-0.03398821974184219,-0.02917781210896527,14.200000000000001,0.027847147726857733,-0.006164805671253093,0.02715619280306287,,,,8.713010875190442,0.003408197726083963,-0.0032771146556901604,0.0009361256718756605,14.200000000000001,0.051145807083179166,-0.021874951071700496,0.04623180829040207,,0.0
,,,8.743690490948154,0.04227426550454818,-0.03965321002784032,-0.01465388885030236,14.25,0.03430110526822891,-0.01412402777248955,0.03125824150690606,,,,8.743690490948154,0.003655967866418147,-0.0023148483444599293,0.0028297664536906897,14.25,0.056844177349351245,-0.03375945916327114,0.04573356989704527,,0.0
,,,8.774370106705868,0.03942218393522301,-0.039422156052822274,-4.6886773012418254e-05,14.3,0.04034570856678106,-0.02405505583118273,0.03239028386282393,,,,8.774370106705868,0.004013366398831298,-0.0005170042832685548,0.003979926685549631,14.3,0.062019288868240555,-0.04614414931361517,0.04143802210343848,,0.0
,,,8.80504972246358,0.036304393304565044,-0.03411821478095451,0.012407916560535236,14.350000000000001,0.045917065374289266,-0.03481539813158987,0.029937684371468064,,,,8.80504972246358,0.004402378761630365,0.001639787911132271,0.004085588619447456,14.350000000000001,0.06660510908398407,-0.057729066350767695,0.033220407197355036,,0.0
,,,8.835729338221293,0.032993231295171545,-0.025326995944557732,0.021144658609706685,14.4,0.05096501063731057,-0.04511363000319124,0.023710603054252797,,,,8.835729338221293,0.004764344428626612,0.0036034694603481452,0.0031167267578220076,14.4,0.07055242123433751,-0.06722896784905055,0.021398832304093746,,0.0
,,,8.866408953979006,0.029565236291064972,-0.014998062717277789,0.025478644227570416,14.450000000000001,0.05544870558600742,-0.05366058321731035,0.013967847362490802,,,,8.866408953979006,0.005059632185163845,0.004886952016444279,0.001310563938965611,14.450000000000001,0.07382478092918468,-0.07351972187570599,0.006704384726501628,,0.0
,,,8.897088569736718,0.02609916544623662,-0.005018013039909359,0.0256122232951638,14.5,0.05933502394709403,-0.059318760287334064,0.0013891525387880427,,,,8.897088569736718,0.005263119240647371,0.005185803638435116,-0.0008988129754657945,14.5,0.07639634463189356,-0.07576578286551304,-0.009795285595171867,,0.0
,,,8.92776818549443,0.02267406353801477,0.003148467108245623,0.02245440518460078,14.55,0.06259789398556595,-0.06123309587071496,-0.013000165441869778,,,,8.92776818549443,0.0053603843135017456,0.0044446193628394125,-0.002996511089235038,14.55,0.07825061967158596,-0.07351462084329595,-0.026809699760602174,,0.0
,,,8.958447801252145,0.01936745658487194,0.008676989571163576,0.017314971168004237,14.600000000000001,0.06521799823696425,-0.05892859132963212,-0.02794294934222009,,,,8.958447801252145,0.00534518405496531,0.0028579490046523374,-0.004516981300410941,14.600000000000001,0.07937968370594828,-0.06674793076169944,-0.042963332322897965,,0.0
,,,8.989127417009858,0.01625372779916136,0.01142817240468542,0.011557704913087956,14.65,0.06718260540315929,-0.052364332088727594,-0.04208894384108564,,,,8.989127417009858,0.005217813505983736,0.000809056340286689,-0.005154707132463317,14.65,0.07978364750029741,-0.055884474587234716,-0.05694168866972976,,0.0
,,,9.01980703276757,0.013402659030145177,0.011830203498577344,0.0062990121654574105,14.700000000000001,0.0684854399987,-0.04193848375306111,-0.05414258095353203,,,,9.01980703276757,0.004983966018467487,-0.0012345460488786993,-0.004828645081846113,14.700000000000001,0.07947024414378624,-0.04173492446190349,-0.0676292524314161,,0.0
,,,9.050486648525283,0.010877877849115414,0.010649255210589166,0.002218465676997345,14.75,0.06912654731614354,-0.028444460777891246,-0.06300311258109427,,,,9.050486648525283,0.004653861214397937,-0.0028398856323768795,-0.003686932844234733,14.75,0.07845448436588418,-0.025414452046562203,-0.07422406445546993,,0.0
,,,9.081166264282995,0.008734286948126042,0.00872069253246681,-0.000487124467033348,14.8,0.06911213406016493,-0.012983933625622305,-0.06788154787536628,,,,9.081166264282995,0.00424153297864047,-0.003710787914487193,-0.0020544232919703967,14.8,0.07675834957658775,-0.008223445366058244,-0.07631657209304611,,0.0
,,,9.11184588004071,0.007012176743158763,0.006716473600025458,-0.002014846162231177,14.850000000000001,0.06845437596670534,0.003152924189424056,-0.06838172751581222,,,,9.11184588004071,0.0037642627917387097,-0.0037488711538827633,-0.00034005799042843415,14.850000000000001,0.07441051509816662,0.008489877420016657,-0.07392460171395972,,0.0
,,,9.142525495798422,0.005724589701160983,0.005006638829124535,-0.0027756971883368133,14.9,0.06717118958636983,0.01862606592697025,-0.06453710853867096,,,,9.142525495798422,0.003242242328583526,-0.003060694095180759,0.0010697135004216593,14.9,0.07144611328844187,0.02346940609813723,-0.06748136099268887,,0.0
,,,9.173205111556134,0.00483933075179502,0.003641055822850185,-0.003187763262878489,14.950000000000001,0.0652859690369576,0.03218733368964274,-0.0567999410479111,,,,9.173205111556134,0.0026987195917470203,-0.00191312685559906,0.0019034266650608993,14.950000000000001,0.06790656557281118,0.035678072954510746,-0.05777868775030385,,0.0
,,,9.203884727313847,0.004273951193005404,0.002440905152634439,-0.003508367260711877,15.0,0.06282729133251946,0.04280954564528931,-0.04598490336866183,,,,9.203884727313847,0.0021612772955608888,-0.0006521918370285704,0.002060525504821595,15.0,0.06383954056088118,0.04439797050904834,-0.04587272777699258,,0.0
,,,9.23456434307156,0.003928479479878086,0.0011580145231642781,-0.0037539250642445983,15.05,0.059828596809981156,0.04978881141068037,-0.03317431618832545,,,,9.23456434307156,0.0016658235206225417,0.00039104083312519014,0.0016192760940272157,15.05,0.059299143829842506,0.049293100461122466,-0.03296329331062109,,0.0
,,,9.265243958829272,0.0037432374865200473,-0.00035745233441398155,-0.003726131332778129,15.100000000000001,0.056327855202934714,0.05280923678995946,-0.019596218549117354,,,,9.265243958829272,0.0012659101306286551,0.000982303190271136,0.0007985041648052987,15.100000000000001,0.054346536641468685,0.05042858878262954,-0.02026088542771386,,0.0
,,,9.295923574586986,0.003735090677760407,-0.0020398271440002216,-0.0031288987829095074,15.15,0.05236723472809576,0.05196359152238442,-0.006489408999458833,,,,9.295923574586986,0.0010397923133605754,0.0010336181159298437,-0.00011314435622414924,15.15,0.049051366716804046,0.04824520120214067,-0.008856474340918977,,0.0
,,,9.326603190344699,0.003978819232859829,-0.0035820376881206583,-0.0017320532580317757,15.200000000000001,0.047992804664838164,0.04772856446028421,0.0050292578138137626,,,,9.326603190344699,0.0010377550317033808,0.0006103293132230195,-0.0008393054481214825,15.200000000000001,0.04349479383242153,0.0434930320650008,0.0003914745428078298,,0.0
,,,9.357282806102411,0.004536803388604923,-0.004511679641696745,0.00047679324403376676,15.25,0.04325432963518436,0.040898341538983335,0.01408057852326595,,,,9.357282806102411,0.0011913588744536013,-0.00010248873929193131,-0.0011869423010650948,15.25,0.037775801885493863,0.03713275035664351,0.006940465333338443,,0.0
,,,9.387962421860124,0.005401958046960002,-0.004346659903335239,0.003207444220224821,15.3,0.03820527774768003,0.03248483860140378,0.020109164796632443,,,,9.387962421860124,0.001388494855554077,-0.000861846914402753,-0.0010886403722233484,15.3,0.032024658698748855,0.03021627140754893,0.010609227445798843,,0.0
,,,9.418642037617836,0.006508725775299393,-0.0027815203602431266,0.005884441834498802,15.350000000000001,0.03290332713990488,0.023596497188790932,0.022931076234991306,,,,9.418642037617836,0.001561098194354981,-0.0014380334627852498,-0.0006075255816245481,15.350000000000001,0.026432648419450346,0.02376080734039413,0.011580541308546128,,0.0
,,,9.44932165337555,0.00777185844323348,0.0001565464205826535,0.007770281647396205,15.4,0.027412118376569965,0.01530972392863185,0.022738438537422974,,,,9.44932165337555,0.0016779944284377936,-0.0016754066019197217,9.315589145131539e-05,15.4,0.021318555932792825,0.01863072348974451,0.010362285911337239,,0.0
,,,9.480001269133263,0.009108397011271543,0.004036943681411427,0.008164923871540553,15.450000000000001,0.021806531066405878,0.008547604523712659,0.02006148683563438,,,,9.480001269133263,0.001726360244354796,-0.001527459538525615,0.0008044793667061115,15.450000000000001,0.017259318009008075,0.015440466409691034,0.007712072042406851,,0.0
,,,9.510680884890975,0.010443631320235878,0.008072332692701583,0.006626226682762445,15.5,0.01618993868079228,0.003979418830474366,0.01569325779624741,,,,9.510680884890975,0.0017028784452121216,-0.0010590470680464006,0.0013334970216803545,15.5,0.01518227563230086,0.014489190779154235,0.004534847730677223,,0.0
,,,9.541360500648688,0.011711718877559526,0.011281432218001354,0.0031454166937983333,15.55,0.01076470092228833,0.0019518776660525734,0.010586262774137073,,,,9.541360500648688,0.0016100398254312723,-0.00041813692747764617,0.0015547957259248932,15.55,0.015832691834212285,0.015733920134865038,0.001765754203398914,,0.0
,,,9.5720401164064,0.012855699875467507,0.012731875174800369,-0.0017799926464447436,15.600000000000001,0.006238611794396311,0.002459214199831608,0.005733458174655794,,,,9.5720401164064,0.0014544899880320674,0.00021249546619487336,0.0014388838737480335,15.600000000000001,0.018805265109132687,0.01880357704317652,0.00025196469214580793,,0.0
,,,9.602719732164113,0.013827963751789112,0.01180074869382072,-0.0072079755678055805,15.65,0.0055464470527777626,0.005154739623081307,0.0020473725424315697,,,,9.602719732164113,0.0012463392444933862,0.0006686647294568583,0.0010517837191859984,15.65,0.02306061265170119,0.023051531366518836,0.0006471147735905805,,0.0
,,,9.633399347921827,0.01459118076248124,0.008380440675945573,-0.01194448701788233,15.700000000000001,0.009405091044451518,0.009401735689705754,0.0002512042502332046,,,,9.633399347921827,0.000999444459376469,0.0008482364437374129,0.0005285680305259006,15.700000000000001,0.027839877741528442,0.0276399725580466,0.0033302717086870996,,0.0
,,,9.66407896367954,0.01511957631785534,0.0029672124124196287,-0.014825560310862957,15.75,0.01437908655733878,0.01435714222795801,0.0007941015486861553,,,,9.66407896367954,0.0007343286548705726,0.0007336960581772824,3.0474047633065952e-05,15.75,0.032731113146606046,0.0316458978239075,0.00835840407821577,,0.0
,,,9.694758579437252,0.015400497117752389,-0.0034023094307623074,-0.0150199734357703,15.8,0.0194526420026862,0.01907789702391078,0.0037998850021714694,,,,9.694758579437252,0.0004924287565584508,0.0003896172185688403,-0.00030113867782200046,15.8,0.03750923921109733,0.03417620571442979,0.015457360355516654,,0.0
,,,9.725438195194965,0.015436315374186303,-0.009362569308587188,-0.012272820713806651,15.850000000000001,0.02438105552468412,0.022637390035449102,0.00905452598873512,,,,9.725438195194965,0.0003860793060068049,-6.186108338230784e-05,-0.00038109111363224317,15.850000000000001,0.0420388345632772,0.03447853473337187,0.02405190749354943,,0.0
,,,9.756117810952677,0.015246793709784394,-0.013534211772881605,-0.007020671628520588,15.9,0.02906151127885865,0.0242385531728966,0.016033214833460346,,,,9.756117810952677,0.0005179823971572547,-0.00047865009187787386,-0.0001979895282838942,15.9,0.04622988689918451,0.032035161896318394,0.03333092925479368,,0.0
,,,9.786797426710391,0.01487203078963896,-0.01486817822511028,-0.00033849087775847847,15.950000000000001,0.03343098972088819,0.023310702689550034,0.02396335147339655,,,,9.786797426710391,0.0007617730828853428,-0.0007377653446315485,0.00018973804591945168,15.950000000000001,0.05001794009261391,0.0266293767932212,0.04233994122236079,,0.0
,,,9.817477042468104,0.014375862848685366,-0.01293169723552687,0.006279859811562587,16.0,0.037442829664106815,0.019579291297080886,0.03191577737670461,,,,9.817477042468104,0.0010208032634105284,-0.0007649649428842555,0.0006759200683125725,16.0,0.05335476526904964,0.018377013531704317,0.05009008235739828,,0.0
,,,9.848156658225816,0.013848730915911213,-0.008058932535132634,0.011262368950424938,16.05,0.04105964361149697,0.013100958325462443,0.03891348383860844,,,,9.848156658225816,0.0012636325595387703,-0.0005479343366082864,0.001138654999678191,16.05,0.056203721760812994,0.007719869476783703,0.055671015394263355,,0.0
,,,9.878836273983529,0.013406995356658832,-0.001319446311563852,0.013341910879794245,16.1,0.044250771927768905,0.004260305631313501,0.04404521100109771,,,,9.878836273983529,0.001478035773635982,-0.00013144303122998815,0.0014721794991402334,16.1,0.058537319243371515,-0.004617902426165538,0.05835488601122281,,0.0
,,,9.909515889741241,0.013182776499697393,0.005698455126464732,0.011887523098301078,16.150000000000002,0.046991264317472414,-0.006270793142527441,0.04657097889800242,,,,9.909515889741241,0.0016591123924487763,0.00040173547133935255,0.0016097398988174614,16.150000000000002,0.06033586483310481,-0.01770516804663471,0.05767966374381112,,0.0
,,,9.940195505498954,0.013298508222877614,0.011245761898043527,0.007098109627672426,16.2,0.049261441912909446,-0.017606320422477714,0.04600768566794026,,,,9.940195505498954,0.0018064450285944882,0.0009566602406940882,0.0015323331312769002,16.2,0.06158666598740179,-0.030502173423964295,0.05350266202590483,,0.0
,,,9.970875121256668,0.013830840218813492,0.01383083987733475,3.0734143514740057e-06,16.25,0.0510466932456775,-0.028743058986119924,0.04218532270160711,,,,9.970875121256668,0.001923181205750642,0.0014502828062072108,0.0012630541287578416,16.25,0.06228352538091841,-0.04197063336121822,0.046018512243810136,,0.0
,,,,,,,16.3,0.052337361670393545,-0.038670166022034165,0.03526779956909551,,,,,,,,16.3,0.062426390935895026,-0.051183111893366176,0.03573994043353114,,
,,,,,,,16.35,0.05312866049150017,-0.046478922501861725,0.025736439704959625,,,,,,,,16.35,0.062021088710034096,-0.05741950124444191,0.023443897321423608,,
,,,,,,,16.400000000000002,0.053420585568636055,-0.05146035643284001,0.014338433606954,,,,,,,,16.400000000000002,0.06107910153213779,-0.060240017388188204,0.010089447410239084,,
,,,,,,,16.45,0.053217810801831245,-0.05317997346443782,0.0020064418409702386,,,,,,,,16.45,0.05961737758771142,-0.05952690966972954,-0.003283098476685682,,
,,,,,,,16.5,0.05252955988313091,-0.05152155131853732,-0.010241309059234663,,,,,,,,16.5,0.05765816858599079,-0.055490698878344534,-0.015660355764906115,,
,,,,,,,16.55,0.05136945228964874,-0.04669554118325228,-0.021409041597925123,,,,,,,,16.55,0.05522891176842753,-0.0486407929524835,-0.026159242268811698,,
,,,,,,,16.6,0.04975532464723811,-0.03921165297503938,-0.030627415851115242,,,,,,,,16.6,0.05236218856223672,-0.039724321532278804,-0.03411417696247946,,
,,,,,,,16.650000000000002,0.04770903142436822,-0.029819221721353015,-0.03724198833822038,,,,,,,,16.650000000000002,0.04909582178501516,-0.029640530832169536,-0.039138710361139604,,
,,,,,,,16.7,0.04525623235578434,-0.019422507243637428,-0.04087655537605381,,,,,,,,16.7,0.04547322512449603,-0.0193407017693273,-0.041155211799880666,,
,,,,,,,16.75,0.04242617932763134,-0.008980776021626656,-0.04146476039228623,,,,,,,,16.75,0.041544218343119166,-0.009725014627859364,-0.04038992656874583,,
,,,,,,,16.8,0.03925152511851562,0.0005954377405121857,-0.03924700852328285,,,,,,,,16.8,0.03736672518001662,-0.001547935416384741,-0.037334649410776445,,
,,,,,,,16.85,0.035768195814420194,0.008540252001489782,-0.034733671380517146,,,,,,,,16.85,0.03301020830234456,0.004657455237535361,-0.03267999331203316,,
,,,,,,,16.900000000000002,0.03201541123946043,0.014309967909642054,-0.028639332660814285,,,,,,,,16.900000000000002,0.028562678510183702,0.008628080835092205,-0.027228345979497626,,
,,,,,,,16.95,0.028036039305284123,0.017633884737428603,-0.02179599983929434,,,,,,,,16.95,0.024145375938761385,0.010387515574472855,-0.02179675891994498,,
,,,,,,,17.0,0.02387773835170021,0.018533216451869224,-0.015055440104507708,,,,,,,,17.0,0.019944151814373236,0.010229435051140285,-0.017120976903473407,,
,,,,,,,17.05,0.01959614275776665,0.01730660725103656,-0.009191852720814178,,,,,,,,17.05,0.016273611064218905,0.008670425094371754,-0.01377149758567878,,
,,,,,,,17.1,0.015264150996786859,0.014484535151213675,-0.004815864107921305,,,,,,,,17.1,0.013670151462197324,0.006378134289420371,-0.012091006739950802,,
,,,,,,,17.150000000000002,0.01100343895696984,0.010758367715028319,-0.002309370690902141,,,,,,,,17.150000000000002,0.012827282081783267,0.004083458559806879,-0.012159956077057926,,
,,,,,,,17.2,0.007120801507624697,0.006892605318038192,-0.0017882410465990875,,,,,,,,17.2,0.014016175316337295,0.002487125359605534,-0.013793744159723636,,
,,,,,,,17.25,0.0047718358858333376,0.003630612909552356,-0.00309662196955305,,,,,,,,17.25,0.016712984578001435,0.0021715253035476728,-0.016571310490138248,,
,,,,,,,17.3,0.006049665090472106,0.0016047166634260415,-0.005832952265962723,,,,,,,,17.3,0.020201801815125063,0.0035278829850902715,-0.019891375976063115,,
,,,,,,,17.35,0.009488340078786659,0.0012608796212116619,-0.009404189493599242,,,,,,,,17.35,0.024005440678104433,0.006706968956777911,-0.023049463107907925,,
,,,,,,,17.400000000000002,0.013398794667544647,0.0028063629582324627,-0.013101603928133516,,,,,,,,17.400000000000002,0.02785615553336165,0.011598760645659657,-0.025326550349061193,,
,,,,,,,17.45,0.017330765491422845,0.0061860471708952165,-0.016189139968452684,,,,,,,,17.45,0.031598897173694955,0.017843089644878886,-0.026079004093687377,,
,,,,,,,17.5,0.0211368909286728,0.011089751760627287,-0.017994042459055008,,,,,,,,17.5,0.03513556433502058,0.02486975529711334,-0.024819410802879128,,
,,,,,,,17.55,0.02474375608102859,0.016989337872808263,-0.0179893263809683,,,,,,,,17.55,0.03839854949397926,0.03196324463974423,-0.021279088216872365,,
,,,,,,,17.6,0.028103134895109218,0.02320101010866151,-0.015858730115317927,,,,,,,,17.6,0.0413382686425655,0.03834445152478805,-0.015445241714783665,,
,,,,,,,17.650000000000002,0.03117845604009165,0.028965429098300723,-0.011536898985223072,,,,,,,,17.650000000000002,0.043917048267378134,0.04325993609343476,-0.007568689299420435,,
,,,,,,,17.7,0.033940203751596065,0.03353631440868555,-0.005220445055897601,,,,,,,,17.7,0.04610598186448061,0.04606850768703268,0.0018585379139597835,,
,,,,,,,17.75,0.03636413256902089,0.036267364359725086,0.002651116726262412,,,,,,,,17.75,0.0478832351422808,0.04631532154828185,0.012152991301330459,,
,,,,,,,17.8,0.03843051356145158,0.03668762726622492,0.01144213171447803,,,,,,,,17.8,0.049233087741994114,0.04378519160762065,0.0225111955367732,,
,,,,,,,17.85,0.04012379768579376,0.034556877427428384,0.020389736712282457,,,,,,,,17.85,0.05014536168538116,0.03852925359937444,0.03209445303526428,,
,,,,,,,17.900000000000002,0.041432455538325884,0.029894904168233555,0.02868698444778543,,,,,,,,17.900000000000002,0.05061505712357416,0.030862178534506103,0.04011745185984457,,
,,,,,,,17.95,0.04234888934830387,0.02298163547295865,0.03557067415755476,,,,,,,,17.95,0.050642100360619356,0.02133048208703795,0.045930739846747476,,
,,,,,,,18.0,0.04286936865237083,0.014328340774083142,0.040403977765990085,,,,,,,,18.0,0.05023115343591817,0.01065571956816279,0.04908792535835495,,
,,,,,,,18.05,0.04299396586719807,0.004623411456899733,0.04274465074708181,,,,,,,,18.05,0.04939145963320257,-0.0003408660100382907,0.049390283407381656,,
,,,,,,,18.1,0.04272647999881138,-0.005340963436798581,0.04239134584624095,,,,,,,,18.1,0.048136715295353114,-0.01082367136091563,0.04690406696328984,,
,,,,,,,18.150000000000002,0.042074343132178275,-0.014752837188154932,0.03940309816377476,,,,,,,,18.150000000000002,0.046484970843147504,-0.02002845078754191,0.041948941266011536,,
,,,,,,,18.2,0.04104850823390289,-0.022865771485751443,0.0340901235343932,,,,,,,,18.2,0.04445857686090089,-0.027338917960189533,0.03505921592481296,,
,,,,,,,18.25,0.039663319705125454,-0.029075821234128277,0.026977315463033166,,,,,,,,18.25,0.04208420868786936,-0.032345873087491546,0.026922576308593293,,
,,,,,,,18.3,0.0379363710175451,-0.0329817835362777,0.018744871318495546,,,,,,,,18.3,0.039393031539755895,-0.03488257134286297,0.018303473725013997,,
,,,,,,,18.35,0.035888357630218685,-0.03442224719457787,0.010152985347662603,,,,,,,,18.35,0.036421119881027,-0.035032803308920835,0.009959953097610745,,
,,,,,,,18.400000000000002,0.033542939749455214,-0.033485671418939086,0.001959238795662375,,,,,,,,18.400000000000002,0.03321034483158427,-0.03311127405595631,0.002563305331810946,,
,,,,,,,18.45,0.03092664144858185,-0.030492803584342067,-0.005161984197561676,,,,,,,,18.45,0.029810147562119988,-0.029618987992380028,-0.0033705263658093637,,
,,,,,,,18.5,0.028068837287878578,-0.025953863399225847,-0.010689087956777598,,,,,,,,18.5,0.026281052405113855,-0.02517911949572172,-0.007530315859278894,,
,,,,,,,18.55,0.025001932631560246,-0.02050572273284969,-0.01430426406763272,,,,,,,,18.55,0.022701734163411272,-0.020460965923474666,-0.009834511045527536,,
,,,,,,,18.6,0.02176197823139663,-0.014836484733937044,-0.015920503047436467,,,,,,,,18.6,0.019183561134126424,-0.01610080928052641,-0.01042942751539511,,
,,,,,,,18.650000000000002,0.01839032313650594,-0.00960617567013442,-0.015682007972821054,,,,,,,,18.650000000000002,0.015900543255802205,-0.01262872802380952,-0.009661392463319407,,
,,,,,,,18.7,0.014938026053388414,-0.005372571616333875,-0.013938439532425236,,,,,,,,18.7,0.013144739606478354,-0.01040958986173295,-0.008026494766249295,,
,,,,,,,18.75,0.011478764178500713,-0.002530467904444963,-0.011196372593398502,,,,,,,,18.75,0.011380272632105814,-0.009604724663368038,-0.006104086280676766,,
,,,,,,,18.8,0.008153554919327172,-0.0012710560133010532,-0.008053873256609863,,,,,,,,18.8,0.011103129061201113,-0.010158331250332225,-0.004481939441604767,,
,,,,,,,18.85,0.005359719437560002,-0.0015656978855384674,-0.0051259323620760815,,,,,,,,18.85,0.012370410073899158,-0.011809798539206124,-0.0036818071459258496,,
,,,,,,,18.900000000000002,0.004347599987996358,-0.0031755591479716463,-0.0029694190935870817,,,,,,,,18.900000000000002,0.014711279405855836,-0.014130150767802201,-0.004093968861183104,,
,,,,,,,18.95,0.006032494284834968,-0.0056856057773187,-0.0020161533278713643,,,,,,,,18.95,0.01760616278873048,-0.016578095916372475,-0.005928212540963088,,
,,,,,,,19.0,0.008922467800782284,-0.008558719231703302,-0.0025216575439319052,,,,,,,,19.0,0.020717211173828704,-0.01856897224771153,-0.009186735463957358,,
,,,,,,,19.05,0.012086603091396942,-0.011203451211351334,-0.004535267935176097,,,,,,,,19.05,0.023849329091158125,-0.01954849099749959,-0.013661881196198373,,
,,,,,,,19.1,0.015250049168544416,-0.013047467231960068,-0.007894782990934617,,,,,,,,19.1,0.026885343143236498,-0.019062712600422787,-0.018958762202297284,,
,,,,,,,19.150000000000002,0.018307016916258325,-0.013608175232373025,-0.012245996701665318,,,,,,,,19.150000000000002,0.029748872105659574,-0.0168162107345574,-0.024539976529936756,,
,,,,,,,19.200000000000003,0.021200201641430105,-0.012552452908200461,-0.017084626879879626,,,,,,,,19.200000000000003,0.03238615889871261,-0.01271180314304122,-0.029787133951846206,,
,,,,,,,19.25,0.02389067213153901,-0.009738716525998206,-0.02181562777742012,,,,,,,,19.25,0.03475722897971432,-0.006867389009314385,-0.03407204036366241,,
,,,,,,,19.3,0.026348574376245576,-0.005236653506405193,-0.025822951646053152,,,,,,,,19.3,0.03683143872114089,0.0003919233094453834,-0.03682935343430115,,
,,,,,,,19.35,0.0285497459840229,0.0006774729209460698,-0.028541706784872143,,,,,,,,19.35,0.03858513754060605,0.008565391837323627,-0.03762242551591532,,
,,,,,,,19.400000000000002,0.030474337359157545,0.007549244516278442,-0.029524466882793754,,,,,,,,19.400000000000002,0.040000387163586115,0.01702823381684029,-0.036194892268327054,,
,,,,,,,19.450000000000003,0.0321062084504361,0.014794847808767529,-0.028494229229411718,,,,,,,,19.450000000000003,0.04106422921869735,0.025097314685756614,-0.032502241720992454,,
,,,,,,,19.5,0.03343265185593244,0.021764514714031628,-0.025378102950825217,,,,,,,,19.5,0.04176824548335366,0.03210346939154629,-0.026719909876040816,,
,,,,,,,19.55,0.03444425859812082,0.027813378570693013,-0.02031804426753556,,,,,,,,19.55,0.042108277221396484,0.0374623089441925,-0.019227127167724567,,
,,,,,,,19.6,0.03513484443337102,0.03237171137910547,-0.013657583817977324,,,,,,,,19.6,0.04208423195839314,0.040735609041443514,-0.010568478393340453,,
,,,,,,,19.650000000000002,0.03550139738594542,0.03500665507875678,-0.005906209998955694,,,,,,,,19.650000000000002,0.04169993928058101,0.04167651106716576,-0.001397627014819425,,
,,,,,,,19.700000000000003,0.03554402685842047,0.03546859564717645,0.0023144260906781907,,,,,,,,19.700000000000003,0.040963036570722776,0.040253650950744534,0.007590385380861443,,
,,,,,,,19.75,0.035265904470188375,0.03371712660806238,0.010336314207508603,,,,,,,,19.75,0.03988487841235921,0.03665174705885458,0.015730637733493907,,
,,,,,,,19.8,0.03467319215458077,0.02992389658912568,0.017515440819796505,,,,,,,,19.8,0.03848047396448337,0.03124884577178174,0.02245565662506178,,
,,,,,,,19.85,0.03377495644855263,0.024452262551608935,0.0232988098238689,,,,,,,,19.85,0.03676846817622192,0.024573038643265765,0.02735116128910089,,
,,,,,,,19.900000000000002,0.03258307060847041,0.017816276517080294,0.027280703461302125,,,,,,,,19.900000000000002,0.03477119899363993,0.01724373333385678,0.030194203751153018,,
,,,,,,,19.950000000000003,0.03111210907189299,0.010623825115323976,0.02924205312252164,,,,,,,,19.950000000000003,0.03251488968302028,0.009904229634213568,0.03096973177881501,,
,,,,,,,20.0,0.02937924285620441,0.0035104630436356525,0.029168760001465715,,,,,,,,20.0,0.03003008451995809,0.0031532401888587796,0.02986407628886573,,
,,,,,,,20.05,0.027404151417359756,-0.002928554210232967,0.027247221604106857,,,,,,,,20.05,0.02735253129922532,-0.0025169883896193953,0.027236478074847012,,
,,,,,,,20.1,0.02520897977257991,-0.008200426354602093,0.023837904034899764,,,,,,,,20.1,0.02452490779053171,-0.006769146236264566,0.023572224361865988,,
,,,,,,,20.150000000000002,0.022818397430481942,-0.011964293964973631,0.01943025813557608,,,,,,,,20.150000000000002,0.02160019898330148,-0.009450721106771668,0.019422988098648435,,
,,,,,,,20.200000000000003,0.02025987846716694,-0.014062712466793685,0.014584333840825916,,,,,,,,20.200000000000003,0.01864841721701567,-0.01060222172162286,0.015341328471336334,,
,,,,,,,20.25,0.017564477285848208,-0.014531875050207487,0.00986587400336305,,,,,,,,20.25,0.015770207514980105,-0.01044322537225406,0.011816873058886774,,
,,,,,,,20.3,0.014768800062019324,-0.013589787211670042,0.005782312583511148,,,,,,,,20.3,0.013123905432861483,-0.00933823131118676,0.009221406063581756,,
,,,,,,,20.35,0.011920195681365792,-0.011604097874667,0.0027268988975025312,,,,,,,,20.35,0.010971156736291275,-0.007746565962904838,0.007768976503673678,,
,,,,,,,20.400000000000002,0.009091998153336705,-0.009043570966135986,0.0009371523892837708,,,,,,,,20.400000000000002,0.00970333610805617,-0.006162341872372521,0.00749535017687039,,
,,,,,,,20.450000000000003,0.0064363226681727,-0.0064189818544518815,0.00047214557188564966,,,,,,,,20.450000000000003,0.009681263027627961,-0.005051526495582291,0.008258870011965694,,
,,,,,,,20.5,0.00439063211030909,-0.00422034708162918,0.001210917354182902,,,,,,,,20.5,0.010875651341810164,-0.004793417910690874,0.009762322307836652,,
,,,,,,,20.55,0.00405146046295765,-0.002857723944456731,0.002871888880194998,,,,,,,,20.55,0.012889192375009798,-0.005633234033772134,0.011593013171766952,,
,,,,,,,20.6,0.005686340239151946,-0.0026123206186677538,0.005050766902231971,,,,,,,,20.6,0.015323128378914856,-0.007651176024989552,0.013276210632229776,,
,,,,,,,20.650000000000002,0.008116127130789802,-0.0036034030860864056,0.007272345275241354,,,,,,,,20.650000000000002,0.017919337162790844,-0.010751386032479195,0.014335631926580297,,
,,,,,,,20.700000000000003,0.01073546924301061,-0.005774622590168822,0.009050084740417559,,,,,,,,20.700000000000003,0.020525588787755046,-0.014671910606924571,0.01435391355089022,,
,,,,,,,20.75,0.0133477972465923,-0.008901134305875283,0.009946532029049477,,,,,,,,20.75,0.02304831357425177,-0.019014369682950564,0.013026070173967622,,
,,,,,,,20.8,0.015870315468165346,-0.012616493752664305,0.009627616446871514,,,,,,,,20.8,0.02542539153058606,-0.023289791430150492,0.010199811254316727,,
,,,,,,,20.85,0.01825610927351248,-0.01645607360644789,0.007904629483131857,,,,,,,,20.85,0.02761254288075606,-0.026975257656106658,0.005898135190740472,,
,,,,,,,20.900000000000002,0.020472738585627554,-0.01991189258148494,0.004759155284170542,,,,,,,,20.900000000000002,0.029576563641288706,-0.029574814294377968,0.0003216772921075821,,
,,,,,,,20.950000000000003,0.02249519050181378,-0.022492495406548275,0.0003482041058023586,,,,,,,,20.950000000000003,0.031291860106546616,-0.03067766542912534,-0.006169388360796516,,
,,,,,,,21.0,0.024303199576610226,-0.023781004185807822,-0.005010923026263559,,,,,,,,21.0,0.03273860394898849,-0.030007029199841315,-0.013091767914555909,,
,,,,,,,21.05,0.02588012223662769,-0.023484727730888267,-0.010874202977176704,,,,,,,,21.05,0.03390171120531249,-0.02745414116631102,-0.019889599178180464,,
,,,,,,,21.1,0.027212432478649386,-0.021470728555606652,-0.016718980133264977,,,,,,,,21.1,0.03477025432487545,-0.023093612572937416,-0.02599337692850983,,
,,,,,,,21.150000000000002,0.028289485923334735,-0.017783384848139832,-0.022001050819210992,,,,,,,,21.150000000000002,0.03533710790360572,-0.017178486499958658,-0.030880589316944908,,
,,,,,,,21.200000000000003,0.029103403903773133,-0.012642055229980272,-0.026214243425059697,,,,,,,,21.200000000000003,0.03559872271214886,-0.010115638418132329,-0.034131260131001144,,
,,,,,,,21.25,0.02964900983497382,-0.006419218871428914,-0.028945766759149175,,,,,,,,21.25,0.03555497100675626,-0.002424376945642044,-0.03547221954877813,,
,,,,,,,21.3,0.029923784884134955,0.0003983355361312351,-0.02992113351115961,,,,,,,,21.3,0.03520903249036626,0.0053170332706169955,-0.03480524566939327,,
,,,,,,,21.35,0.029927826239708303,0.007260809553513772,-0.029033694702221002,,,,,,,,21.35,0.03456730591481595,0.012530889237586395,-0.03221607445241911,,
,,,,,,,21.400000000000002,0.029663799538167883,0.013613354604735863,-0.026355598635704067,,,,,,,,21.400000000000002,0.03363934195110006,0.01869894907443535,-0.027963451689924014,,
,,,,,,,21.450000000000003,0.029136881634735455,0.018954167514509356,-0.02212910764645747,,,,,,,,21.450000000000003,0.03243780203430364,0.023414190142027964,-0.022449648122178527,,
,,,,,,,21.5,0.02835469291667413,0.02288624622865411,-0.016739424839590688,,,,,,,,21.5,0.030978458160341137,0.026419772555366264,-0.01617592309930787,,
,,,,,,,21.55,0.027327220845281948,0.025157108225655242,-0.010672249287262807,,,,,,,,21.55,0.029280263373662158,0.02763105292787611,-0.009688071909721289,,
,,,,,,,21.6,0.026066739189332784,0.025682186984441177,-0.004460959948362888,,,,,,,,21.6,0.027365547369153448,0.027138443866932815,-0.003518244916818306,,
,,,,,,,21.650000000000002,0.024587731454652813,0.02454950311266989,0.0013705601070856917,,,,,,,,21.650000000000002,0.02526043671856011,0.02519109278201719,0.0018704298062695126,,
,,,,,,,21.700000000000003,0.022906834024852475,0.022005338919713565,0.006363026329560365,,,,,,,,21.700000000000003,0.022995686549025767,0.022163510417134377,0.00613028595178239,,
,,,,,,,21.75,0.021042828102704542,0.018422784791316413,0.010168658470654462,,,,,,,,21.75,0.020608287447006577,0.01850917157101306,0.009061571566414447,,
,,,,,,,21.8,0.0190167381105205,0.014256930839890344,0.012584762667237966,,,,,,,,21.8,0.018144582555171544,0.014706526582008956,0.010627509209316146,,
,,,,,,,21.85,0.016852159306251616,0.009991935142777388,0.013570427605120379,,,,,,,,21.85,0.015666417778492668,0.011203647214398598,0.010950567798318484,,
,,,,,,,21.900000000000002,0.014576099289532938,0.0060860504081231975,0.013244722002673596,,,,,,,,21.900000000000002,0.013263427860730356,0.008367802480973834,0.010290694838357923,,
,,,,,,,21.950000000000003,0.01222106463091976,0.002920844434445257,0.011866890431064411,,,,,,,,21.950000000000003,0.011076792682677071,0.006445618123754964,0.009008293020196992,,
,,,,,,,22.0,0.00983051915894198,0.0007602963275065987,0.00980107424870893,,,,,,,,22.0,0.009336393152729737,0.005538198195395691,0.007516421878184768,,
,,,,,,,22.05,0.007474892976747815,-0.0002757397553945265,0.007469805392453593,,,,,,,,22.05,0.0083712216731991,0.005593829580662685,0.006227874671534542,,
,,,,,,,22.1,0.005306341303799704,-0.0002208970970992762,0.0053017414596436005,,,,,,,,22.1,0.008455055289216964,0.00641885458796989,0.005503295896298296,,
,,,,,,,22.150000000000002,0.0037546232095509767,0.0007463362509042226,0.0036796980373782176,,,,,,,,22.150000000000002,0.009528962246294948,0.007705216568509587,0.0056063142191354045,,
,,,,,,,22.200000000000003,0.0037148680847539006,0.0023280104499992156,0.00289492870928069,,,,,,,,22.200000000000003,0.011260015216743994,0.009071295208933596,0.006670797996768055,,
,,,,,,,22.25,0.005184285652464687,0.004145738283762314,0.0031128237677225975,,,,,,,,22.25,0.013328382312584042,0.010111163914558928,0.00868390116038434,,
,,,,,,,22.3,0.0072432736403097815,0.0057887032022562014,0.004353840633807732,,,,,,,,22.3,0.015526555334009774,0.01044648588348879,0.011486725087079293,,
,,,,,,,22.35,0.009448322692935133,0.006865027689807792,0.006491702128718268,,,,,,,,22.35,0.01773036237718351,0.00977501637121332,0.014792390103318533,,
,,,,,,,22.400000000000002,0.01164572647132444,0.0070505515773217,0.00926890864667644,,,,,,,,22.400000000000002,0.0198623669186216,0.007910118054402645,0.018219320842868075,,
,,,,,,,22.450000000000003,0.013767366793925347,0.006129421892846473,0.012327634635159035,,,,,,,,22.450000000000003,0.021870587063503182,0.0048067678873982,0.021335828106238346,,
,,,,,,,22.5,0.015773695467992375,0.00402188025576312,0.015252342375034268,,,,,,,,22.5,0.02371768592382736,0.0005711098948171336,0.023710808907950832,,
,,,,,,,22.55,0.017637119200920027,0.000796132918947592,0.017619141468381196,,,,,,,,22.55,0.02537552343484718,-0.0045474944993894,0.02496472478058794,,
,,,,,,,22.6,0.019336310538852257,-0.0033369725238866824,0.019046194360810093,,,,,,,,22.6,0.026822333657259022,-0.010180966833019825,0.024815025632996642,,
,,,,,,,22.650000000000002,0.020853985844023037,-0.00804577266413745,0.01923939364480419,,,,,,,,22.650000000000002,0.028041209020509664,-0.01588073538883299,0.02311085560600862,,
,,,,,,,22.700000000000003,0.02217595346993942,-0.0129135537794365,0.01802811806835421,,,,,,,,22.700000000000003,0.02901925612078547,-0.021165315739602775,0.019853126591211467,,
,,,,,,,22.75,0.023290680657899146,-0.017484130895923718,0.01538703910186892,,,,,,,,22.75,0.029747107588739573,-0.025571849474424438,0.015197727604922587,,
,,,,,,,22.8,0.02418908831403027,-0.0213120311291491,0.011441561196538502,,,,,,,,22.8,0.030218627501701296,-0.028705790371790146,0.009441559575484235,,
,,,,,,,22.85,0.02486444931587586,-0.024011588574394175,0.006456349891059392,,,,,,,,22.85,0.03043072376573066,-0.030283175965333923,0.0029930256194738106,,
,,,,,,,22.900000000000002,0.02531233277390647,-0.025299423149765535,0.0008083184682334601,,,,,,,,22.900000000000002,0.030383220382284058,-0.030160797831522774,-0.003669653248530789,,
,,,,,,,22.950000000000003,0.02553056591985389,-0.02502556479156276,-0.0050528114007252645,,,,,,,,22.950000000000003,0.030078764259277947,-0.02835098126208773,-0.010047582835785274,,
,,,,,,,23.0,0.025519199153215755,-0.023189802181779004,-0.010651882471725153,,,,,,,,23.0,0.02952275425686938,-0.025019441421170293,-0.015672286683318666,,
,,,,,,,23.05,0.0252804668905908,-0.01994152774521136,-0.015538258505805059,,,,,,,,23.05,0.028723289172130385,-0.02046659667224406,-0.020153058366449275,,
,,,,,,,23.1,0.02481874089731712,-0.015563223046961162,-0.019332769799454457,,,,,,,,23.1,0.02769113921783074,-0.015094572658541763,-0.023215362746192167,,
,,,,,,,23.150000000000002,0.024140475452713698,-0.010439567524582001,-0.021766441716154834,,,,,,,,23.150000000000002,0.02643975459245771,-0.009363714027364876,-0.024726129549994653,,
,,,,,,,23.200000000000003,0.023254145957851077,-0.005015751119251184,-0.02270677310713198,,,,,,,,23.200000000000003,0.024985337872656877,-0.0037435579872792937,-0.02470329699061847,,
,,,,,,,23.25,0.022170185173864133,0.00025025048340379376,-0.02216877275220668,,,,,,,,23.25,0.02334702901324402,0.0013362090886136916,-0.023308760349206994,,
,,,,,,,23.3,0.02090092509414254,0.004936049773202803,-0.020309704144261233,,,,,,,,23.3,0.021547292047731925,0.005529352597106992,-0.02082575459490286,,
,,,,,,,23.35,0.01946055913051136,0.008698467210735118,-0.017408332196275873,,,,,,,,23.35,0.019612670525964652,0.008606466203451476,-0.01762343850242881,,
,,,,,,,23.400000000000002,0.01786515228687596,0.011307588707428044,-0.01383120037657307,,,,,,,,23.400000000000002,0.017575236113472545,0.010474552294780896,-0.014112855085637699,,
,,,,,,,23.450000000000003,0.016132754430025494,0.012667584543592634,-0.00998989826426877,,,,,,,,23.450000000000003,0.015475382719599255,0.011180835818653216,-0.010699363565857198,,
,,,,,,,23.5,0.014283734446774167,0.012822148938178162,-0.006294248672648672,,,,,,,,23.5,0.013367305510230005,0.010900647552944311,-0.007736972245673021,,
,,,,,,,23.55,0.012341609305938653,0.011944180760547186,-0.003106745277586501,,,,,,,,23.55,0.011329840521754628,0.009911018458864081,-0.005489717602613877,,
,,,,,,,23.6,0.01033507344733136,0.010311111434188162,-0.0007033663010749568,,,,,,,,23.6,0.009487020159646097,0.008553226884669208,-0.0041043710077067015,,
,,,,,,,23.650000000000002,0.008303280403219036,0.008268893596394543,0.0007548934666471792,,,,,,,,23.650000000000002,0.008038631710278627,0.007188755777216872,-0.003597414369936847,,
,,,,,,,23.700000000000003,0.006311265090619747,0.006188913330602418,0.0012366967414718848,,,,,,,,23.700000000000003,0.00726293618390162,0.006153813787738198,-0.0038575663153432214,,
,,,,,,,23.75,0.004501860089864574,0.004422841864243666,0.0008397702737112632,,,,,,,,23.75,0.007378258773637926,0.005717678337184207,-0.004663352545461202,,
,,,,,,,23.8,0.0032683508084056594,0.0032606191199427256,-0.0002246774609742872,,,,,,,,23.8,0.008321181231377213,0.006049624293936187,-0.005713501814792875,,
,,,,,,,23.85,0.0033385984031014905,0.0028963470837226513,-0.001660545954739921,,,,,,,,23.85,0.00981101244070443,0.0071981707679931485,-0.00666650603438308,,
,,,,,,,23.900000000000002,0.004622325181485958,0.003405918336867879,-0.0031249976585569373,,,,,,,,23.900000000000002,0.011582551255786963,0.00908493275139845,-0.007184670521012076,,
,,,,,,,23.950000000000003,0.006379948561982509,0.004738827475535776,-0.004271680911614293,,,,,,,,23.950000000000003,0.013462922266925267,0.011513671905231967,-0.006977509242125319,,
,,,,,,,24.0,0.008258787170861925,0.006724970776681651,-0.00479398931854998,,,,,,,,24.0,0.015347695865207964,0.014193396084065349,-0.005839458534124553,,
,,,,,,,24.05,0.01013164176216366,0.0090955211088408,-0.004463368745180057,,,,,,,,24.05,0.01717119603630836,0.0167727587125276,-0.0036775723634840073,,
,,,,,,,24.1,0.011940622767694756,0.011515366325229993,-0.00315829233544798,,,,,,,,24.1,0.018889063232452322,0.018881737006583483,-0.0005260393652551105,,
,,,,,,,24.150000000000002,0.013651733076619276,0.013623300438677668,-0.0008806254327383698,,,,,,,,24.150000000000002,0.020469302082731594,0.020175763753373713,0.003454111278197537,,
,,,,,,,24.200000000000003,0.01524116952447971,0.015075302350088809,0.0022424333941805036,,,,,,,,24.200000000000003,0.0218877293889937,0.02037723810623125,0.007990047870180482,,
,,,,,,,24.25,0.016690525111106712,0.0155859196889663,0.005970991201934261,,,,,,,,24.25,0.023125599558964705,0.019309670099435267,0.012725171732144295,,
,,,,,,,24.3,0.017984885793168988,0.014963026602226459,0.00997817377551599,,,,,,,,24.3,0.024168322933192658,0.01692057904557133,0.017256935943720096,,
,,,,,,,24.35,0.019112005769702175,0.013132010580185767,0.013885930385214316,,,,,,,,24.35,0.025004749372063973,0.013290564959478716,0.0211801410339405,,
,,,,,,,24.400000000000002,0.02006192871381425,0.01014667081567668,0.01730682105634827,,,,,,,,24.400000000000002,0.025626753149340382,0.008627553753545736,0.024130805896341423,,
,,,,,,,24.450000000000003,0.02082680692521738,0.0061856362041324536,0.019887025706485335,,,,,,,,24.450000000000003,0.026028982362554784,0.003246899578746817,0.025825676485926204,,
,,,,,,,24.5,0.021400811309385825,0.0015347594659587095,0.021345707720326033,,,,,,,,24.5,0.026208699651868696,-0.002460380089046391,0.026092958192954787,,
,,,,,,,24.55,0.021780082214158798,-0.0034424727666570363,0.02150630983005548,,,,,,,,24.55,0.026165674273402974,-0.008067638701626708,0.024890876158983177,,
,,,,,,,24.6,0.02196269638246072,-0.008343134438661949,0.02031630232415747,,,,,,,,24.6,0.02590210398712486,-0.013156401257824957,0.022312061690998693,,
,,,,,,,24.650000000000002,0.021948637316320237,-0.012767333333003473,0.017853231629241347,,,,,,,,24.650000000000002,0.025422556321708017,-0.017359039319599198,0.018573371364160717,,
,,,,,,,24.700000000000003,0.021739762561913623,-0.016360187893416173,0.014316477511612274,,,,,,,,24.700000000000003,0.024733926517492514,-0.02039559500621879,0.0139923845471393,,
,,,,,,,24.75,0.021339764971442014,-0.018848626405526363,0.010005740935147079,,,,,,,,24.75,0.023845416247642866,-0.02210072689360867,0.008953309265152897,,
,,,,,,,24.8,0.020754127362535457,-0.020068949293127133,0.00528876893522821,,,,,,,,24.8,0.02276854510264628,-0.022437897142215613,0.0038661890702072865,,
,,,,,,,24.85,0.019990072011193356,-0.019982170119301625,0.0005620109749687223,,,,,,,,24.85,0.021517218316970614,-0.021499379914802243,-0.0008759836637595843,,
,,,,,,,24.900000000000002,0.01905650873465651,-0.01867555292265482,-0.0037913385745879857,,,,,,,,24.900000000000002,0.020107893531323442,-0.019492278142729396,-0.004937456336365213,,
,,,,,,,24.950000000000003,0.01796398877045996,-0.01635033120510945,-0.007441207027655909,,,,,,,,24.950000000000003,0.018559924659176087,-0.016712305843483946,-0.008072771317716427,,
,,,,,,,25.0,0.016724677709758586,-0.013297148376702182,-0.010143997710136876,,,,,,,,25.0,0.01689622901921638,-0.013508449214422276,-0.010149106112913787,,
,,,,,,,25.05,0.01535237253175854,-0.009862125036203111,-0.01176579075643409,,,,,,,,25.05,0.015144561001291653,-0.010242610225083595,-0.011155566489374576,,
,,,,,,,25.1,0.013862612684275005,-0.006407482397210014,-0.0122929329195138,,,,,,,,25.1,0.01333995990777335,-0.007248852779702103,-0.011198600971514497,,
,,,,,,,25.150000000000002,0.012272992020134396,-0.003271220806269061,-0.011829008731204613,,,,,,,,25.150000000000002,0.01152953059261626,-0.004796859795085979,-0.010484284038138319,,
,,,,,,,25.200000000000003,0.010603920009343168,-0.0007304074590098107,-0.010578734541918105,,,,,,,,25.200000000000003,0.009781846038217905,-0.003063676118523014,-0.0092896932433849,,
,,,,,,,25.25,0.008880470941205363,0.0010278332743036665,-0.008820789244609979,,,,,,,,25.25,0.008204593053281348,-0.0021168225185835858,-0.007926815854728176,,
,,,,,,,25.3,0.007137173175366751,0.0019244529977286953,-0.006872824862798975,,,,,,,,25.3,0.0069701812501788765,-0.0019105365375373213,-0.006703228833859103,,
,,,,,,,25.35,0.005431909872071969,0.001993831800660235,-0.005052749707732304,,,,,,,,25.35,0.006315977626265529,-0.0022953807503355034,-0.005884114256748926,,
,,,,,,,25.400000000000002,0.003892074168902032,0.0013759189519629523,-0.0036407538194532752,,,,,,,,25.400000000000002,0.0064246738340253875,-0.0030399315372834756,-0.005659969091986263,,
,,,,,,,25.450000000000003,0.0028617864373842745,0.00029623781727860886,-0.002846412613942431,,,,,,,,25.450000000000003,0.0072397229320673665,-0.003861895255078974,-0.0061236715434370426,,
,,,,,,,25.5,0.0029466580428271576,-0.0009637986449646978,-0.0027845800030385525,,,,,,,,25.5,0.008522646688388954,-0.004464947247200176,-0.0072594595291128085,,
,,,,,,,25.55,0.0040511828323246376,-0.002102736161074414,-0.003462742118297565,,,,,,,,25.55,0.010047959236966116,-0.004576968960311144,-0.00894498965701364,,
,,,,,,,25.6,0.005559456912501436,-0.0028368970195468903,-0.0047811689430981175,,,,,,,,25.6,0.01166783070481498,-0.003985236073072133,-0.010966137277916404,,
,,,,,,,25.650000000000002,0.007173938920485758,-0.002935787723031254,-0.006545727620376465,,,,,,,,25.650000000000002,0.013292470004922613,-0.0025644954961908327,-0.013042742107462845,,
,,,,,,,25.700000000000003,0.008785067151387847,-0.0022510305383995144,-0.00849177639658432,,,,,,,,25.700000000000003,0.01486518614079215,-0.00029471324728944803,-0.014862264400227547,,
,,,,,,,25.75,0.010342493127005484,-0.0007355265613916692,-0.010316305770945479,,,,,,,,25.75,0.01634759224626654,0.0027335212374231714,-0.016117432608661667,,
,,,,,,,25.8,0.011816580470927837,0.001549300849864991,-0.011714573867730775,,,,,,,,25.8,0.017711955951738374,0.0063265254950606,-0.016543532234582454,,
,,,,,,,25.85,0.013186590710237422,0.004438957117337331,-0.012416997796156692,,,,,,,,25.85,0.018937290576271304,0.010207100625388123,-0.015951052353789553,,
,,,,,,,25.900000000000002,0.014436502228801957,0.007683343613229642,-0.012222063145117814,,,,,,,,25.900000000000002,0.020007308968988086,0.014043897956126141,-0.01424995938164271,,
,,,,,,,25.950000000000003,0.015553340097667566,0.010974198036509482,-0.011021495617618561,,,,,,,,25.950000000000003,0.020909316414734463,0.01748721832107965,-0.011462840325258843,,
,,,,,,,26.0,0.016526448499339125,0.013979343157770965,-0.008814843440390222,,,,,,,,26.0,0.02163359087017545,0.020207174165219628,-0.00772543631095481,,
,,,,,,,26.05,0.017347155094895973,0.01637982503912642,-0.0057118404716853186,,,,,,,,26.05,0.02217302366433327,0.021929898996649846,-0.003274524151051441,,
,,,,,,,26.1,0.01800861021299312,0.01790571808105646,-0.0019223167806706352,,,,,,,,26.1,0.02252290274317456,0.022467733707492585,0.0015754650195106232,,
,,,,,,,26.150000000000002,0.018505706724710184,0.018366551497327542,0.00226516389627753,,,,,,,,26.150000000000002,0.022680775197434666,0.021740023243859322,0.006464437555814419,,
,,,,,,,26.200000000000003,0.01883503653873944,0.017672946010055465,0.006513492207818668,,,,,,,,26.200000000000003,0.022646354477158556,0.01978223654781578,0.01102363317021122,,
,,,,,,,26.25,0.018994861836516604,0.015847065062348713,0.010472597819931867,,,,,,,,26.25,0.022421453601854952,0.016742452322058024,0.014913479535767242,,
,,,,,,,26.3,0.018985089777296387,0.013020763487189103,0.013816416035379324,,,,,,,,26.3,0.022009935279273956,0.01286568040939415,0.017858093924077115,,
,,,,,,,26.35,0.018807244889956855,0.009421711374514358,0.01627709479993758,,,,,,,,26.35,0.021417676544424426,0.008467851111034342,0.01967262987307347,,
,,,,,,,26.400000000000002,0.018464436500331784,0.005349122973227562,0.017672642662943022,,,,,,,,26.400000000000002,0.020652551411881687,0.0039024489886045947,0.02028050225491852,,
,,,,,,,26.450000000000003,0.01796132062850728,0.0011418771829399873,0.017924986895926094,,,,,,,,26.450000000000003,0.019724441843950193,-0.00047643395006662624,0.01971868699347391,,
,,,,,,,26.5,0.01730405756116872,-0.0028573516946039713,0.01706651544321758,,,,,,,,26.5,0.018645297244192068,-0.004350485576163519,0.01813064766013254,,
,,,,,,,26.55,0.01650026833321273,-0.006337918111944715,0.015234488802526522,,,,,,,,26.55,0.017429279304793304,-0.007468966791177432,0.015747835157785495,,
,,,,,,,26.6,0.015558996358083731,-0.009052992752618356,0.012654077994540035,,,,,,,,26.6,0.016093059337443327,-0.009672435719765296,0.01286198064395528,,
,,,,,,,26.650000000000002,0.01449068570397863,-0.010843815446716289,0.009612056945786781,,,,,,,,26.650000000000002,0.014656393605502497,-0.010905875070221541,0.009791412690318736,,
,,,,,,,26.700000000000003,0.01330719773238112,-0.011653799932941746,0.006424208792657365,,,,,,,,26.700000000000003,0.01314321950344851,-0.011219918005998872,0.006845265433457754,,
,,,,,,,26.75,0.012021909351535583,-0.011531048162913534,0.003400181277683163,,,,,,,,26.75,0.011583758203321633,-0.010760226379134728,0.0042896366259619675,,
,,,,,,,26.8,0.010649985199084732,-0.010619154955379087,0.0008097732857853645,,,,,,,,26.8,0.010018612485241236,-0.009746413885825787,0.0023194853945679144,,
,,,,,,,26.85,0.00920903786170918,-0.009137507565905574,-0.0011455713951611973,,,,,,,,26.85,0.00850680777337776,-0.008443074152390933,0.0010393639162624355,,
,,,,,,,26.900000000000002,0.0077207245376354015,-0.0073534592273288716,-0.002352918353461773,,,,,,,,26.900000000000002,0.007140852222343866,-0.007126339239452375,0.0004550379166560484,,
,,,,,,,26.950000000000003,0.006214861983255043,-0.0055496492608206015,-0.0027974814660301434,,,,,,,,26.950000000000003,0.006068620996729382,-0.006049862243714296,0.00047678887783268183,,
,,,,,,,27.0,0.004741291130357098,-0.003990256277386071,-0.002560799957744444,,,,,,,,27.0,0.005494085990854914,-0.00541413914208747,0.0009338512863537598,,
,,,,,,,27.05,0.0034089006172384737,-0.002890050496838952,-0.00180781955513535,,,,,,,,27.05,0.005576575161395613,-0.005342661408965254,0.001598173832800396,,
,,,,,,,27.1,0.0025090584328713085,-0.002389751235459556,-0.0007645019634913656,,,,,,,,27.1,0.006271609844509174,-0.005867574345012532,0.002214647002909296,,
,,,,,,,27.150000000000002,0.0025594491113569806,-0.00254044094468546,0.00031135118466401105,,,,,,,,27.150000000000002,0.007375456930686984,-0.006926402695625235,0.0025342278181833115,,
,,,,,,,27.200000000000003,0.0034976136016106,-0.003298726963044404,0.0011626269089674965,,,,,,,,27.200000000000003,0.008692705614319948,-0.008370124041042048,0.002346093441191008,,
,,,,,,,27.25,0.004795645139453215,-0.004533099378516066,0.0015649991463443352,,,,,,,,27.25,0.010094406108344557,-0.009981568548852564,0.0015050993272011112,,
,,,,,,,27.3,0.006190735637293997,-0.0060406507250664225,0.0013548972465159171,,,,,,,,27.3,0.011502051771357975,-0.011501949029518708,-4.8615566980190426e-05,,
,,,,,,,27.35,0.0075855149920993565,-0.0075721465848678565,0.0004501486339401171,,,,,,,,27.35,0.012866061676914751,-0.012662410163899617,-0.0022801122593736653,,
,,,,,,,27.400000000000002,0.008935394854312982,-0.008862498189344818,-0.0011390377721317102,,,,,,,,27.400000000000002,0.014152877990370164,-0.013216932046465507,-0.0050612906149931055,,
,,,,,,,27.450000000000003,0.010214264801892208,-0.009663093259677723,-0.0033099598332827274,,,,,,,,27.450000000000003,0.015338267850326008,-0.012972790728290122,-0.00818346878581047,,
,,,,,,,27.5,0.011403926475061383,-0.009772254252083253,-0.005878144765250913,,,,,,,,27.5,0.016403894688364944,-0.011815078882085005,-0.01137944075765925,,
,,,,,,,27.55,0.012490352305831568,-0.009060331735207613,-0.008597632788842622,,,,,,,,27.55,0.017335522048512606,-0.009722485481462123,-0.014352477164490628,,
,,,,,,,27.6,0.013462191042176804,-0.007486574267622433,-0.011188466981291003,,,,,,,,27.6,0.01812204154451949,-0.0067725423980264975,-0.016808957707372098,,
,,,,,,,27.650000000000002,0.014310116618603295,-0.005105869758761234,-0.013368228440769318,,,,,,,,27.650000000000002,0.01875492882014012,-0.003135751139410983,-0.018490928041615572,,
,,,,,,,27.700000000000003,0.015026527682466626,-0.002064616126946007,-0.014884014728570054,,,,,,,,27.700000000000003,0.019227928381780307,0.0009407336491185803,-0.019204901719516523,,
,,,,,,,27.75,0.015605403627005436,0.0014137824469131457,-0.015541230374540964,,,,,,,,27.75,0.019536863744260054,0.0051580094923885916,-0.01884367222805078,,
,,,,,,,27.8,0.016042233011295506,0.005052124262246102,-0.01522594103586125,,,,,,,,27.8,0.019679517305678258,0.009196106356932899,-0.017398707689264405,,
,,,,,,,27.85,0.016333975010194363,0.00854867915033819,-0.013918291002067283,,,,,,,,27.85,0.019655549525010238,0.01274699395645984,-0.014961777040315316,,
,,,,,,,27.900000000000002,0.016479034352583476,0.011609204630382966,-0.01169550943924723,,,,,,,,27.900000000000002,0.019466440923935138,0.015546228610481588,-0.011715677455260554,,
,,,,,,,27.950000000000003,0.016477239671272292,0.013978107483839292,-0.008724215629773569,,,,,,,,27.950000000000003,0.01911544883634312,0.017399731086183878,-0.00791515902198673,,
,,,,,,,28.0,0.016329820072027545,0.015465270211823477,-0.005242942004264312,,,,,,,,28.0,0.018607576658451336,0.01820276054984484,-0.003860235415768739,,
,,,,,,,28.05,0.016039377505186147,0.01596557556585544,-0.0015368889370514312,,,,,,,,28.05,0.017949558427615926,0.01794905004033411,0.00013509402644094914,,
,,,,,,,28.1,0.01560985435575073,0.015469007251257856,0.0020922159707549163,,,,,,,,28.1,0.0171498673811078,0.016729191141777705,0.003775197336756288,,
,,,,,,,28.150000000000002,0.015046497201542492,0.014060282600464612,0.005357754308579119,,,,,,,,28.150000000000002,0.016218765562683195,0.014718570909253095,0.006812637284236325,,
,,,,,,,28.200000000000003,0.014355819419112566,0.011908159563841598,0.008017810611149239,,,,,,,,28.200000000000003,0.015168425607849995,0.012156334277319176,0.009072192257605347,,
,,,,,,,28.25,0.01354556784971635,0.009245720548564164,0.009899447454738454,,,,,,,,28.25,0.014013181416107794,0.009317838148827237,0.010466477231285064,,
,,,,,,,28.3,0.012624703136210644,0.00634393836583211,0.010915016046161834,,,,,,,,28.3,0.012770013616548833,0.0064837683233481425,0.011001545168565633,,
,,,,,,,28.35,0.011603411848511724,0.003481562690006301,0.011068779867796556,,,,,,,,28.35,0.011459474468708972,0.003909430167147411,0.010771996605420489,,
,,,,,,,28.400000000000002,0.010493186365205735,0.000914748355075922,0.010453238519321438,,,,,,,,28.400000000000002,0.010107461051381123,0.0017976632830857616,0.009946314675588729,,
,,,,,,,28.450000000000003,0.009307048961621328,-0.0011501607526822322,0.009235707369606622,,,,,,,,28.450000000000003,0.008748669480924023,0.0002783799141432046,0.008744239378576792,,
,,,,,,,28.5,0.008060096542246755,-0.002577672180656488,0.007636803153113725,,,,,,,,28.5,0.007433378098643634,-0.0006030589967523218,0.0074088750700650186,,
,,,,,,,28.55,0.006770815266381225,-0.003315721609523285,0.005903382892850622,,,,,,,,28.55,0.006240216999786172,-0.0008874451466827202,0.006176791182810831,,
,,,,,,,28.6,0.005464451848108053,-0.003398481645356856,0.004279083605921257,,,,,,,,28.6,0.0052951462885978415,-0.0006932699363732393,0.0052495667452631305,,
,,,,,,,28.650000000000002,0.0041826654578584685,-0.002939221027941367,0.002975847792019895,,,,,,,,28.650000000000002,0.00477418917698385,-0.0001993312047312513,0.004770026139178917,,
,,,,,,,28.700000000000003,0.003015091853682324,-0.0021141649372653634,0.002149671022314637,,,,,,,,28.700000000000003,0.004820802190843007,0.00037947835872591306,0.0048058433118959906,,
,,,,,,,28.75,0.002201101033247894,-0.0011393208482722548,0.0018832933290534263,,,,,,,,28.75,0.0054049362325063015,0.0008203218124755716,0.005342322322870102,,
,,,,,,,28.8,0.0021912543669182424,-0.00024301561022812242,0.0021777371544159595,,,,,,,,28.8,0.006352246733789624,0.0009212054861891003,0.006285094988872965,,
,,,,,,,28.85,0.0029757472353471297,0.00036264849299849123,0.0029535669417167457,,,,,,,,28.85,0.007490899257911123,0.0005270582004799313,0.007472334397327268,,
,,,,,,,28.900000000000002,0.004093287364545417,0.0005081176818885291,0.004061627490317077,,,,,,,,28.900000000000002,0.008706628457107398,-0.0004499049028363068,0.00869499653067879,,
,,,,,,,28.950000000000003,0.005302659150284967,8.747256803611612e-05,0.005301937628258376,,,,,,,,28.950000000000003,0.009929881833252253,-0.0020178632054008608,0.00972269413828505,,
,,,,,,,29.0,0.006514943621594252,-0.0009281181857522875,0.0064484949426844955,,,,,,,,29.0,0.011116856233167811,-0.00410250777291461,0.010332178980355364,,
,,,,,,,29.05,0.007690033960592247,-0.0024860795193742506,0.007277089455160626,,,,,,,,29.05,0.012237993291384834,-0.006553897616666369,0.010335129695859414,,
,,,,,,,29.1,0.008804726165324434,-0.00445769512787251,0.007592901750535852,,,,,,,,29.1,0.013271996641514298,-0.009162242661864719,0.00960204167130475,,
,,,,,,,29.150000000000002,0.00984296565059298,-0.006652306696438779,0.007254708017230537,,,,,,,,29.150000000000002,0.01420277217191918,-0.011680786372583728,0.008079478144379383,,
,,,,,,,29.200000000000003,0.010792421573193326,-0.008838782463477591,0.00619292241004598,,,,,,,,29.200000000000003,0.015017827692662352,-0.013853161252745052,0.005798712953055994,,
,,,,,,,29.25,0.011643126879705533,-0.010771771879935067,0.004419426897637481,,,,,,,,29.25,0.01570740837315876,-0.015442094727221184,0.002874784902685009,,
,,,,,,,29.3,0.012386888399867601,-0.012219732847177872,0.002028086135837611,,,,,,,,29.3,0.0162640137001651,-0.016256205090791186,-0.0005039223008487469,,
,,,,,,,29.35,0.013017015498547318,-0.012991533818707808,-0.000814089385013955,,,,,,,,29.35,0.016682118169736596,-0.01617186015546399,-0.004094387102018096,,
,,,,,,,29.400000000000002,0.013528190455890614,-0.012958613119417761,-0.003884106465083542,,,,,,,,29.400000000000002,0.016958003402452293,-0.015147645646418666,-0.007623825205768894,,
,,,,,,,29.450000000000003,0.013916404335762017,-0.012070198892173693,-0.0069265148768904595,,,,,,,,29.450000000000003,0.017089652193663835,-0.01322983853714661,-0.010817928839728501,,
,,,,,,,29.5,0.014178922809253482,-0.010359893374343577,-0.00968062298114128,,,,,,,,29.5,0.017076677412374407,-0.010548304144341951,-0.013429303448978906,,
,,,,,,,29.55,0.014314264336308509,-0.007942911830251063,-0.01190832965392592,,,,,,,,29.55,0.016920271040901897,-0.007303317604490881,-0.015262933009926923,,
,,,,,,,29.6,0.014322181637729558,-0.005004326147104047,-0.01341944882167403,,,,,,,,29.6,0.01662316606188072,-0.0037448273777299424,-0.01619586113276683,,
,,,,,,,29.650000000000002,0.01420364176769643,-0.0017796752118162595,-0.014091706625015202,,,,,,,,29.650000000000002,0.016189608991108915,-0.00014651607237112883,-0.016188945991803528,,
,,,,,,,29.700000000000003,0.013960802564791853,0.001469845528349163,-0.01388321152960981,,,,,,,,29.700000000000003,0.01562534522033835,0.003222421172672937,-0.015289454373543215,,
,,,,,,,29.75,0.01359698486466915,0.004484809434893081,-0.012836061769200706,,,,,,,,29.75,0.014937624264671778,0.006124629929077265,-0.013624299134427505,,
,,,,,,,29.8,0.013116641169885425,0.007034521505736778,-0.011070762519576512,,,,,,,,29.8,0.014135239057505897,0.008378057573285757,-0.011384776436608202,,
,,,,,,,29.85,0.012525322914975854,0.008940519589346618,-0.008772161854236881,,,,,,,,29.85,0.013228625140546336,0.00987296569965925,-0.008804605124731404,,
,,,,,,,29.900000000000002,0.011829650535725617,0.010094031494487534,-0.006168562230024686,,,,,,,,29.900000000000002,0.012230066813016728,0.010580688916216526,-0.006133804391167515,,
,,,,,,,29.950000000000003,0.011037294105526407,0.010465510248748809,-0.003506416462033797,,,,,,,,29.950000000000003,0.011154098036826345,0.010553283480910928,-0.003611386269379929,,
,,,,,,,30.0,0.010156979121553382,0.010105280417198513,-0.0010234903836653963,,,,,,,,30.0,0.0100182675793971,0.009914245319335034,-0.001439939248872116,,
