mea_k,mea_chik,mea_k3chik,mea_r,mea_chir_mag,mea_chir_re,mea_chir_im,mea_q,mea_chiq_mag,mea_chiq_re,mea_chiq_im,fit_k,fit_chik,fit_k3chik,fit_r,fit_chir_mag,fit_chir_re,fit_chir_im,fit_q,fit_chiq_mag,fit_chiq_re,fit_chiq_im,win_k,win_r
0.0,-1.0166202100030504,-0.0,0.0,0.38591521632356773,-0.38591521632356773,0.0,0.0,0.26185831234178913,0.16224623045977116,0.20553816298703464,0.0,-0.017593039512754233,-0.0,0.0,0.22537218921778865,-0.22537218921778865,0.0,0.0,0.3366554657468702,0.1466251279339192,0.3030478088942468,0.0,0.0
0.05,-0.984872663233544,-0.00012310908290419305,0.030679615757712823,0.36623121921653345,-0.2801923619234783,0.23583372585058976,0.05,0.2719015356028307,0.11453527518181458,0.2466011269280889,0.05,-0.017056426946980237,-2.1320533683725303e-06,0.030679615757712823,0.21549403388618904,-0.1710570759067381,0.13106164741364437,0.05,0.35162487633046086,0.07234165072728654,0.3441028032789956,0.0,0.0
0.1,-0.9534293666503015,-0.0009534293666503018,0.06135923151542565,0.30974395809295063,-0.04595929380177037,0.3063152997947215,0.1,0.28152308364850837,0.05587058344564014,0.2759234033792871,0.1,-0.01651981438120624,-1.6519814381206245e-05,0.06135923151542565,0.1867515042294929,-0.046556873961377976,0.18085514042714593,0.1,0.3659116782292666,-0.013728004028658964,0.3656540689913726,0.0,0.0
0.15000000000000002,-0.9213664858406723,-0.0031096118897122704,0.09203884727313846,0.22488980039727544,0.13540296105870467,0.17955907233905308,0.15000000000000002,0.29066766978816094,-0.010638721101867999,0.2904729107393597,0.15000000000000002,-0.01563207351306062,-5.2758248106579625e-05,0.09203884727313846,0.14191267634890328,0.061435712040759365,0.12792521641394033,0.15000000000000002,0.3794480657585574,-0.10609576056185481,0.3643137716292263,0.0,0.0
0.2,-0.8877601863920057,-0.007102081491136047,0.1227184630308513,0.13287033792012148,0.13165494746275888,-0.01793046311687103,0.2,0.29928292815031465,-0.08102758590723876,0.28810553865601307,0.2,-0.014404468442909865,-0.00011523574754327895,0.1227184630308513,0.08653233755298592,0.08259449507234733,0.025806875559197213,0.2,0.39216905557627274,-0.1983158321309672,0.33833031031491656,0.0,0.0
0.25,-0.85168663389165,-0.013307603654557031,0.15339807878856412,0.1104298940187861,-0.03248369141186886,-0.10554416746205736,0.25,0.30731921405866547,-0.1507452425927953,0.26780771304291284,0.25,-0.012855370848265844,-0.00020086516950415382,0.15339807878856412,0.040922397235071094,0.015353820097596855,-0.03793287233885123,0.25,0.4040123196684278,-0.28349252735170893,0.28785055389838055,0.0,0.0
0.30000000000000004,-0.8122219939269545,-0.021929993836027784,0.18407769454627693,0.19550801506558863,-0.19549520894242722,0.002237685286888971,0.30000000000000004,0.31472948148923446,-0.21499351511292616,0.22985307258740387,0.30000000000000004,-0.011012651619374326,-0.00029734159372310693,0.18407769454627693,0.07276968821645086,-0.07227950858529857,-0.008432091187079105,0.30000000000000004,0.41491810148392183,-0.3548563955197469,0.21502085828531853,0.0,0.0
0.35000000000000003,-0.7684424320852681,-0.03294696927565588,0.21475731030398976,0.29440974269238845,-0.19190124895512659,0.2232733912531023,0.35000000000000003,0.32146922371894704,-0.2691052562745535,0.17585455025068106,0.35000000000000003,-0.008916432590145306,-0.0003822920473024801,0.21475731030398976,0.13329765423023454,-0.09461690683689718,0.09389305386396316,0.35000000000000003,0.4248291936056932,-0.40635705724156185,0.1239103941146247,0.0,0.0
0.4,-0.7194241139539392,-0.04604314329305212,0.2454369260617026,0.3722969643565499,0.009540420541745956,0.3721747036607792,0.4,0.32749646682316663,-0.3089299854833444,0.10870234519511586,0.4,-0.00662192092371822,-0.00042380293911796615,0.2454369260617026,0.18795252647619207,-0.014469443636983156,0.18739473687812006,0.4,0.43369096165810983,-0.4332176240676927,0.02025686108654024,0.0,0.0
0.45,-0.6645449587080625,-0.060556659362272204,0.2761165418194154,0.4154993700131742,0.27541246833222344,0.3111072142662344,0.45,0.3327718086262527,-0.3311918601960704,0.032388707233446966,0.45,-0.004201958109585244,-0.0003829034327359554,0.2761165418194154,0.22829363629119084,0.12616726667919312,0.1902624639537602,0.45,0.44145140359299734,-0.4323974367880264,-0.08894829055902169,0.0,0.0
0.5,-0.6049428082323274,-0.07561785102904092,0.30679615757712825,0.41703770291689185,0.4119382561726062,0.06501783413548927,0.5,0.3372584982123668,-0.33378647793559385,-0.048268848793112336,0.5,-0.001748821787178393,-0.00021860272339729913,0.30679615757712825,0.24929764308543964,0.23493655465307167,0.08339142723145777,0.5,0.44806123669988923,-0.40291691031375787,-0.19600213064211658,0.0,0.0
0.55,-0.5416567078048502,-0.09011813476103198,0.3374757733348411,0.37533213069652555,0.3213808315603316,-0.1938777177469952,0.55,0.34092255331615806,-0.31598764070424923,-0.12798436733355728,0.55,0.000625265833710871,0.0001040286030836462,0.3374757733348411,0.24792824383696058,0.23707522286776436,-0.07255172495729678,0.55,0.4534740070731006,-0.3460100101204397,-0.29311388228364027,0.0,0.0
0.6000000000000001,-0.47135132782473,-0.10181188681014174,0.36815538909255385,0.29473628350709724,0.08358931203240282,-0.2826345763163552,0.6000000000000001,0.34373291498060765,-0.27854276092584684,-0.20141064315689022,0.6000000000000001,0.0027895259896468924,0.0006025376137637291,0.36815538909255385,0.22323802592420888,0.13201422356793743,-0.18002072379115797,0.6000000000000001,0.4576462181315853,-0.2650852728907796,-0.3730547668460537,0.0,0.0
0.65,-0.39190005023132046,-0.10762555129477638,0.3988350048502667,0.18877000258111332,-0.10598619925209186,-0.15620832065728577,0.65,0.34566164093645846,-0.2236453921118006,-0.26356158407864394,0.65,0.004598516196995538,0.0012628675105998998,0.3988350048502667,0.17661387193227257,-0.0046328231740728806,-0.17655309883529927,0.65,0.4605374763392367,-0.16549390997489544,-0.42977497934865194,0.0,0.0
0.7000000000000001,-0.3080747402147396,-0.1056696358936557,0.4295146206079795,0.10878521848713114,-0.09475083612786134,0.05344626099517182,0.7000000000000001,0.346684141376007,-0.1547845326495947,-0.3102122536813557,0.7000000000000001,0.005899062596995021,0.0020233784707692926,0.4295146206079795,0.11228200106336755,-0.0767535232729903,-0.08195208617220558,0.7000000000000001,0.46211065367915793,-0.054121730711021006,-0.4589303808952098,0.0,0.0
0.75,-0.22116584291007285,-0.09330433997768699,0.46019423636569234,0.17430168233780155,0.09953446619927939,0.14308726884042616,0.75,0.3467794633350696,-0.07648182426322768,-0.3382403387361236,0.75,0.006540585905620454,0.002759309678933629,0.46019423636569234,0.04341483397179953,-0.04037066610999637,0.01597050802680081,0.75,0.46233206784031294,0.061161367365571616,-0.4582687291267792,0.0,0.0
0.8,-0.1332006508831212,-0.06819873325215807,0.4908738521234052,0.2982186753783498,0.29815248749016704,0.006282718189076348,0.8,0.3459306329676893,0.00606156261978998,-0.345877522085539,0.8,0.006388864766499887,0.003271098760447943,0.4908738521234052,0.06783122704891886,0.061746787436153805,0.02807863252148188,0.8,0.46117168262421576,0.17214645728365296,-0.4278374902917436,0.0,0.0
0.8500000000000001,-0.04955074740102224,-0.03043035274765279,0.521553467881118,0.408878345144747,0.3048030403828939,-0.27253735102119636,0.8500000000000001,0.3441250688619682,0.0873777551914984,-0.33284709840548243,0.8500000000000001,0.005342829988589953,0.003281165466742806,0.521553467881118,0.1471071383576838,0.1312728170240107,-0.06639245187796074,0.8500000000000001,0.45860333294057304,0.2709674822215285,-0.36999140606604325,0.0,0.0
0.9,0.02677726477735641,0.019520626022692826,0.5522330836388308,0.48369268324571485,0.06976500193467508,-0.4786349927977417,0.9,0.34135508454874147,0.16216806864391947,-0.3003744517424534,0.9,0.0033534035852760824,0.0024446312136662644,0.5522330836388308,0.21975044931648335,0.08963245507536172,-0.2006396844394438,0.9,0.4546049811505311,0.3507578255848325,-0.28919653642095194,0.0,0.0
0.9500000000000001,0.08950852311903536,0.07674237000918296,0.5829126993965437,0.509913489998173,-0.2599745252501271,-0.4386627560017923,0.9500000000000001,0.3376185049627929,0.22572268018156505,-0.2510687685574658,0.9500000000000001,0.0004427282324816779,0.0003795841183239787,0.5829126993965437,0.27471850283469157,-0.05899973740433283,-0.26830819366160663,0.9500000000000001,0.44915901473686076,0.4062208260957569,-0.19164670872589576,0.0,0.0
1.0,0.13461961159190305,0.13461961159190305,0.6135923151542565,0.48112062822079793,-0.4513551092965455,-0.1666001927114093,1.0,0.33291943045798145,0.2742859157278993,-0.18868646906912667,1.0,-0.0032785475129028206,-0.0032785475129028206,0.6135923151542565,0.3047923217761623,-0.22619343902013114,-0.204291183260438,1.0,0.44225259977675585,0.4340608412951005,-0.08472631269852954,0.0,0.0
1.05,0.1629125293864635,0.18859161683100484,0.6442719309119693,0.39777860990323116,-0.3730157561262599,0.13815595599937613,1.05,0.32726919390120107,0.3053337967988259,-0.1177981231138903,1.05,-0.007598840640957255,-0.008796607896988143,0.6442719309119693,0.3052265922563871,-0.302958517034489,-0.03714040356148571,1.05,0.4338781111419301,0.43323407443385004,0.02363159066872903,0.0,0.0
1.1,0.17154293937070186,0.22832365230240426,0.6749515466696822,0.26968383891820286,-0.1086967148818263,0.24680842195427236,1.1,0.32068757250072877,0.31773862124278784,-0.0433899496098162,1.1,-0.012201303849212787,-0.016239935423302224,0.6749515466696822,0.2741338706299015,-0.24203954410371972,0.12870989906217428,1.1,0.42403366980977564,0.4049951410597538,0.12563235590537958,0.0,0.0
1.1500000000000001,0.16609062087742216,0.2526030730269495,0.705631162427395,0.13650483240842498,0.10208863078014403,0.0906172209697893,1.1500000000000001,0.31320433780365325,0.31180604761743586,0.029562575804863125,1.1500000000000001,-0.01667075947208005,-0.025354141312099752,0.705631162427395,0.21283394501786534,-0.09575046791916758,0.19007928883791675,1.1500000000000001,0.4127238318266741,0.3527346983493796,0.21428764298966224,0.0,0.0
1.2000000000000002,0.14866875998744064,0.2568996172582976,0.7363107781851077,0.1809976653298389,0.05752285459224452,-0.17161374086713413,1.2000000000000002,0.30486125644261347,0.289182409258273,0.0965086517124223,1.2000000000000002,-0.02051443773158721,-0.03544894840018272,0.7363107781851077,0.1260096848412804,0.02194993240194049,0.12408320249473355,1.2000000000000002,0.3999604950703473,0.28162354164046455,0.2840010183270455,0.0,0.0
1.25,0.1243572891536417,0.24288533037820645,0.7669903939428205,0.35712774800790276,-0.2308439666076793,-0.272490901642658,1.25,0.29571469245744975,0.2526426132371959,0.15368438213391994,1.25,-0.023197809957305384,-0.04530822257286208,0.7669903939428205,0.02403722415006078,0.02282818780118819,0.007527415662360353,1.25,0.3857641235830741,0.19809742795322166,0.3310156613849795,0.0,0.0
1.3,0.09982731110598612,0.21932060249985152,0.7976700097005334,0.5308555719965602,-0.5278701025603278,-0.05622093153571953,1.3,0.28583901030476666,0.20578073037942446,0.198389089459373,1.3,-0.024194975925035184,-0.053156362107302305,0.7976700097005334,0.09442925084937479,-0.08497940312165686,-0.041175046582379055,1.3,0.37016544264048284,0.10923263606986403,0.35368161691336636,0.0,0.0
1.35,0.07318962267497116,0.1800739178889322,0.8283496254582462,0.6673038000828669,-0.5519529179542546,0.37502311657659004,1.35,0.2753310340969597,0.15263506397647164,0.22914998490464622,1.35,-0.023050900549641075,-0.05671385943982317,0.8283496254582462,0.20419760572832568,-0.1993066999889717,0.04442410972306348,1.35,0.3532078442811211,0.022073306202653974,0.3525174469653957,0.0,0.0
1.4000000000000001,0.04933637608750045,0.13537901598410126,0.859029241215959,0.7462864326203965,-0.20876035116399838,0.716493234647168,1.4000000000000001,0.2643158737130955,0.09728608582232902,0.24576065307955114,1.4000000000000001,-0.01945092446291693,-0.053373336726244065,0.859029241215959,0.2992727203912848,-0.2010544384150079,0.22167831189366705,1.4000000000000001,0.33495088636625714,-0.05702325747582515,0.33006127368170146,0.0,0.0
1.4500000000000002,0.029464077487342158,0.08982492322984852,0.8897088569736719,0.7557057522812689,0.30646790439406735,0.6907739193160867,1.4500000000000002,0.2529544550718482,0.043468423931142704,0.24919159789535067,1.4500000000000002,-0.013293001841785952,-0.040525377739914714,0.8897088569736719,0.36841274926580525,-0.04913068247167645,0.3651220752864121,1.4500000000000002,0.31547551069134705,-0.12295850812682585,0.29052711254750657,0.0,0.0
1.5,0.013996062037263068,0.04723670937576285,0.9203884727313847,0.6936895701556995,0.6347281606300967,0.27986672157641995,1.5,0.24145302546860734,-0.005763281709957079,0.24138423331252523,1.5,-0.0047658014043999615,-0.01608457973984987,0.9203884727313847,0.40274476390044206,0.18071011275664578,0.35992665919142913,1.5,0.2948920239516449,-0.172324851676599,0.23930200852674774,0.0,0.0
1.55,0.0029704556151019853,0.011061605403687906,0.9510680884890975,0.5747472528981024,0.526755698753931,-0.22991920003377936,1.55,0.2300746092737712,-0.04828031724758393,0.22495185440211676,1.55,0.0049422059613302635,0.01840415722424874,0.9510680884890975,0.39667271995473213,0.3468186345695462,0.19252553459632546,1.55,0.2733526185076415,-0.203654861217474,0.18233582080182595,0.0,0.0
1.6,-0.004764212919874397,-0.019514216119805534,0.9817477042468103,0.448905392012857,0.05704272531339012,-0.4452664129114591,1.6,0.21915161207785464,-0.08301240613178126,0.20282102826022425,1.6,-0.0008969459662847533,-0.0036738906779023505,0.9817477042468103,0.34869780179584714,0.3471218519415353,-0.033114602246362076,1.6,0.2510715031551935,-0.21746252249704068,0.1254868559086266,0.0,0.0
1.6500000000000001,-0.009616563407395893,-0.04319880489644829,1.012427320004523,0.43474490139640326,-0.3998593276058703,-0.17063307831938593,1.6500000000000001,0.20909713115537132,-0.1099534759721221,0.177853432294838,1.6500000000000001,-0.004113125224291969,-0.018476672648172567,1.012427320004523,0.2618978644925684,0.19897812457750363,-0.1702885708595476,1.6500000000000001,0.2283579601232644,-0.21607262012632839,0.07389168277554516,0.0,0.0
1.7000000000000002,-0.012249569698332425,-0.06018213592790722,1.043106935762236,0.5996335311644174,-0.43542447110327986,0.412269210178419,1.7000000000000002,0.20040968405379353,-0.13004089371510918,0.15249067979492067,1.7000000000000002,-0.005470770678666199,-0.026877896344287045,1.043106935762236,0.14415433231093727,0.029260386113264928,-0.1411534672918621,1.7000000000000002,0.2056712767426558,-0.20325623646637497,0.03142572854333172,0.0,0.0
1.75,-0.012672347087373947,-0.06791586017139475,1.0737865515199487,0.8477967246282565,0.0713871300637711,0.8447858686978955,1.75,0.19366237387577592,-0.14492218040975588,0.12846274432878582,1.75,-0.005715037999151759,-0.030629031776703956,1.0737865515199487,0.02194977396871369,-0.021925036301605878,0.0010418063403942886,1.75,0.18371103752734555,-0.18371077144172207,0.0003126750087743053,0.0,0.0
1.8,-0.011880916709312888,-0.06928950624871277,1.1044661672776617,1.0942448368778401,0.824407460243077,0.71953047366277,1.8,0.1894653999854891,-0.15663585891458398,0.10659430328939684,1.8,-0.005472943743522056,-0.03191820791222063,1.1044661672776617,0.14144540285836066,0.08805618432702464,0.11069286513379714,1.8,0.16355582415217373,-0.16243980024522336,-0.019074037600589542,0.0,0.0
1.85,-0.00977061091648353,-0.06186384434408004,1.1351457830353744,1.2910316334979786,1.2910295187039813,0.0023367771449950905,1.85,0.18839570731683458,-0.16724322309736156,0.08673319355020057,1.85,-0.005175280698142045,-0.03276793665037363,1.1351457830353744,0.2739102411107226,0.26639076005762946,0.06373996502393661,1.85,0.14683189015015174,-0.14409966621156542,-0.028193796530117297,0.0,0.0
1.9000000000000001,-0.007251353735664335,-0.04973703527292169,1.1658253987930873,1.407596543835954,1.0817152380266188,-0.9006776193732905,1.9000000000000001,0.19090423619393113,-0.17845430884453684,0.0678121453104597,1.9000000000000001,-0.005179331546077913,-0.03552503507454841,1.1658253987930873,0.3803109452352939,0.3535104864363544,-0.14023819396047144,1.9000000000000001,0.13576432708319192,-0.13238464503183894,-0.03010412377309661,0.0,0.0
1.9500000000000002,-0.0028737357229157027,-0.021308391168454576,1.1965050145508,1.4263316955355583,0.25517954520694003,-1.4033194594949931,1.9500000000000002,0.19723344850894517,-0.19129339479210458,0.04804029891292038,1.9500000000000002,-0.005905020014154004,-0.04378498527745018,1.1965050145508,0.446103233307104,0.24914821001872947,-0.3700449489069072,1.9500000000000002,0.1327336977925868,-0.12952013256158681,-0.029030497600329615,0.0,0.0
2.0,0.0015979980004691226,0.01278398400375298,1.227184630308513,1.344103002052354,-0.6871533682813256,-1.155176665530333,2.0,0.2073841153235628,-0.20584659154735646,0.025206190447439568,2.0,-0.007421328154829853,-0.05937062523863883,1.227184630308513,0.4606811149915629,-0.002232018972910037,-0.46067570784791134,2.0,0.13914856651671367,-0.1359236371923156,-0.029784029547192777,0.0,0.0
2.0500000000000003,0.0065488600484915355,0.05641924792526066,1.2578642460662257,1.1769531549699552,-1.1347769533392222,-0.312249892175937,2.0500000000000003,0.22114613794579654,-0.22112660048637203,-0.0029395383449935717,2.0500000000000003,-0.009440791140231731,-0.08133359577198891,1.2578642460662257,0.4185553338897943,-0.2378105574209828,-0.34443389250583145,2.0500000000000003,0.15459197338940756,-0.15007716814699998,-0.03708802822216879,0.0,0.0
2.1,0.011300448884265278,0.10465345711718076,1.2885438618239387,0.9710441545691503,-0.8017826930249529,0.5477876078267653,2.1,0.23817192158681838,-0.235078132223831,-0.03826402987810604,2.1,-0.011835721823204089,-0.10961061980469308,1.2885438618239387,0.32037003412724296,-0.3002863864735135,-0.11164696532091904,2.1,0.17734069615134246,-0.16863335050199882,-0.05488638820247498,0.0,0.0
2.15,0.014281736438703226,0.14193725237899715,1.3192234775816514,0.8236628723120293,0.0545584290404173,0.8218539438646895,2.15,0.25805524863167423,-0.2447328106512879,-0.08184352593257502,2.15,-0.014649361264878934,-0.14559084576084116,1.3192234775816514,0.17372318477579676,-0.16553972599689926,0.05269102433543247,2.15,0.20548293820154376,-0.18675326820292154,-0.08571146193752095,0.0,0.0
2.2,0.013060716120033773,0.13907050524611966,1.3499030933393643,0.8590709190319351,0.8005230072829504,0.31171422607419597,2.2,0.2803900859485507,-0.24650604784715846,-0.13361649850602306,2.2,-0.01766741197080909,-0.18812260266517525,1.3499030933393643,0.03195943631180224,0.028916124477172865,0.01361114670366857,2.2,0.23750745843992188,-0.19864901238283802,-0.1301858774749177,0.0,0.0
2.25,0.007711567537942393,0.08783957398687507,1.380582709097077,1.0713372349121306,0.869576114787049,-0.6257801942383849,2.25,0.3048032449936157,-0.23661198481003368,-0.19214522321123295,2.25,-0.020497473861445643,-0.23347903820302926,1.380582709097077,0.2163706199651929,0.08479829214945885,-0.1990615352916202,2.25,0.2723604870962305,-0.19828071696579871,-0.1867216972149321,0.0,0.0
2.3000000000000003,-0.0003836811425190506,-0.00466824846102929,1.41126232485479,1.3363728749701613,0.16597519040102415,-1.3260259036411612,2.3000000000000003,0.3309666464596008,-0.21155785479580183,-0.2545234667823633,2.3000000000000003,-0.022684647090608523,-0.276004101151434,1.41126232485479,0.4128700845067216,-0.09878261763148462,-0.4008786613608403,2.3000000000000003,0.3093271281560847,-0.18013892300681436,-0.2514622051745269,0.0,0.0
2.35,-0.009562208908528637,-0.12409715193877109,1.4419419406125027,1.5533350290145416,-0.8678918847284562,-1.2882598296873558,2.35,0.35859756799358444,-0.1686676494685547,-0.3164544829729327,2.35,-0.023873632034101405,-0.3098290123345638,1.4419419406125027,0.5823389391968,-0.43326504353060974,-0.389101583342028,2.35,0.34791258789316404,-0.14003051338375858,-0.3184880282459603,0.0,0.0
2.4000000000000004,-0.018893201061237555,-0.2611796114705481,1.4726215563702154,1.660252726466971,-1.574127086373803,-0.5277907082218601,2.4000000000000004,0.3874533683311691,-0.10657810493211185,-0.37250667132314336,2.4000000000000004,-0.02381564436052724,-0.3292274676399287,1.4726215563702154,0.7018305277141674,-0.693943430407317,-0.10492189964955795,2.4000000000000004,0.38775969542272404,-0.07578172846019944,-0.3802824095667696,0.0,0.0
2.45,-0.025653669753610695,-0.3772660741053182,1.5033011721279284,1.620628179831159,-1.5561592026001212,0.45255301725412334,2.45,0.417324534085488,-0.025648723246613665,-0.4165356044151427,2.45,-0.02252136393239925,-0.33120199316035503,1.5033011721279284,0.7523240246348709,-0.6868365689017604,0.30699668672815883,2.45,0.4285972014833565,0.012224288119889565,-0.42842283774248874,0.0,0.0
2.5,-0.02979140958804293,-0.4654907748131708,1.533980787885641,1.4205086817409005,-0.9541329888848344,1.0523664544363638,2.5,0.4480279272746466,0.0717677619120329,-0.442242480962824,2.5,-0.02004055436146744,-0.3131336618979288,1.533980787885641,0.7208811470308423,-0.4036055550002784,0.5973040968530352,2.5,0.4702081941435653,0.12074538693950003,-0.454440642298401,0.0,0.0
2.5500000000000003,-0.03100721983335967,-0.5141423397643743,1.564660403643354,1.0770574461591746,-0.3086521302071393,1.0318849765577163,2.5500000000000003,0.47940096525739434,0.1812375272870263,-0.4438223115083398,2.5500000000000003,-0.016170891937130935,-0.26813562329404456,1.564660403643354,0.602918413193369,-0.03910062298179036,0.6016491953373211,2.5500000000000003,0.512410739510521,0.2436633989380368,-0.4507692469364809,0.0,0.0
2.6,-0.028890335995758454,-0.5077765454614506,1.5953400194010667,0.6953126821138499,-0.1120699650317128,0.6862215741625632,2.6,0.5112968943645578,0.2963678155882209,-0.4166420910929524,2.6,-0.010625976288085443,-0.18676215923938974,1.5953400194010667,0.40554473952009024,0.15306038677934947,0.37555166588816213,2.6,0.5550458416759484,0.3722754656804359,-0.4116878234951533,0.0,0.0
2.6500000000000004,-0.02175724089666855,-0.4048940941216656,1.6260196351587797,0.7086480551864486,-0.3906042461961362,0.5912786052049271,2.6500000000000004,0.543581075339496,0.4091470429928472,-0.3578813807359248,2.6500000000000004,-0.003739695935881606,-0.06959433898078077,1.6260196351587797,0.1733062321408689,0.06310133823446815,0.16141025745560283,2.6500000000000004,0.5979698195817387,0.49588687130522513,-0.3341618111001497,0.0,0.0
2.7,-0.009959320525169194,-0.19602930589690526,1.6566992509164924,1.2815562474794069,-0.6509542098188655,1.1039225662031713,2.7,0.5761281188463775,0.510489236741787,-0.26706618748215444,2.7,0.0034858643875554894,0.06861226874025471,1.6566992509164924,0.2649503330361128,-0.17308486888540578,0.2005998682424019,2.7,0.6410493962927807,0.6026675401326708,-0.2184860740591358,0.0,0.0
2.75,0.0036933678721867225,0.07681050996688324,1.6873788666742053,2.0173642214196548,-0.2583157323781506,2.0007577025392327,2.75,0.6088197021264248,0.5909475500648458,-0.14643231463602982,2.75,0.009333845045858031,0.19411480868807873,1.6873788666742053,0.5915067259926763,-0.2639084214010964,0.529369957598801,2.75,0.6841584897041015,0.6807054896913511,-0.06865038483690379,0.0,0.0
2.8000000000000003,0.015748614885241846,0.34571359396082907,1.718058482431918,2.7526312767640695,1.0199556119649653,2.556691122416035,2.8000000000000003,0.6415429182741264,0.6415420320989339,-0.001066319864193776,2.8000000000000003,0.012379476173929716,0.2717542609701052,1.718058482431918,0.9221646250278673,0.011687238217354904,0.922090561775598,2.8000000000000003,0.72717609466499,0.7191667062719442,0.10763048472523713,0.0,0.0
2.85,0.023399420797903032,0.5416761169782571,1.748738098189631,3.402731413647839,2.7195154824812118,2.045193539489796,2.85,0.6741890370272778,0.6546313612543181,0.1612099206317238,2.85,0.012711772736829373,0.29426641605645526,1.748738098189631,1.2075489419689607,0.6116240122947892,1.0411966744255285,2.85,0.7699848809810165,0.7094547018755727,0.2992503014634944,0.0,0.0
2.9000000000000004,0.023725682345341375,0.5786456667205311,1.7794177139473437,3.902442922189763,3.889629066994557,0.3159849397361067,2.9000000000000004,0.7066525820354572,0.6247486256562885,0.33022269219112926,2.9000000000000004,0.010877966450363617,0.26530272375791836,1.7794177139473437,1.4112312490641412,1.2296449465614876,0.6924932806395542,2.9000000000000004,0.8124702712496628,0.6462563500098102,0.49240295666912715,0.0,0.0
2.95,0.0184665657554564,0.4740806010362351,1.8100973297050567,4.20002075605057,3.7031189017601194,-1.9816873493774259,2.95,0.7388306515225201,0.5493187207521792,0.49408468369337355,2.95,0.007349800195649782,0.1886868267977946,1.8100973297050567,1.5042950087820177,1.5042671412454083,-0.009156484907295415,2.95,0.8545198471013696,0.5283645756900122,0.6715914265727799,0.0,0.0
3.0,0.009340192431067892,0.25218519563883307,1.8407769454627694,4.258897751047089,2.052043099125231,-3.7319337042887657,3.0,0.7706224267124546,0.42918017783683726,0.6400494508271477,3.0,0.0026708821145226837,0.07211381709211247,1.8407769454627694,1.469331848684611,1.2893169471854142,-0.7046970208958033,3.0,0.8960229847846259,0.35918320841483414,0.8208803883972231,0.0,0.0
3.0500000000000003,-0.0011991127791255074,-0.03402197721483586,1.8714565612204823,4.060059071924184,-0.30549928103530366,-4.048549105148754,3.0500000000000003,0.8019288258582093,0.2688471726152355,0.7555203766405775,3.0500000000000003,-0.0026797685592035,-0.07603206841707122,1.8714565612204823,1.3086783956195174,0.7740214408741938,-1.0552392867157243,3.0500000000000003,0.9368706540922811,0.14684388775405144,0.925291032664088,0.0,0.0
3.1,-0.010355002670098435,-0.30848588454490256,1.902136176978195,3.6035354158409083,-2.185826240870119,-2.8648963572777486,3.1,0.8326522719482169,0.07646728686100068,0.8291336201244313,3.1,-0.008315896409831363,-0.24773886994528616,1.902136176978195,1.0666927540652917,0.3406583788838052,-1.0108339628601992,3.1,0.9769553359031454,-0.09610254490061346,0.9722170689785555,0.0,0.0
3.1500000000000004,-0.017422188895156693,-0.5445457583334059,1.932815792735908,2.9086227121057706,-2.732884423112623,-0.9957051829160648,3.1500000000000004,0.8626965498855131,-0.13654418906712998,0.8518221772273644,3.1500000000000004,-0.01391109211531376,-0.4348033562697326,1.932815792735908,0.8986415065761393,0.2479459753580265,-0.863758849821633,3.1500000000000004,1.0161710275660507,-0.3534199465304697,0.9527318083590173,0.0,0.0
3.2,-0.023213994014479662,-0.7606761558664697,1.9634954084936207,2.013298846158018,-1.973679440265309,0.3974439721712024,3.2,0.8919667347458731,-0.35618410141335816,0.8177637444846605,3.2,-0.019127108348558033,-0.6267570863655498,1.9634954084936207,1.0836479545685838,0.38024424356227865,-1.0147448963549537,3.2,1.0544133146729886,-0.6063061367959376,0.8626588587867541,0.0,0.0
3.25,-0.02791343780612031,-0.9582159821882237,1.9941750242513334,0.9790666525648554,-0.7827880104481537,0.5880598956425886,3.25,0.9203691771036665,-0.5668167770270244,0.7251194132301084,3.25,-0.023533822090524587,-0.8078719864512893,1.9941750242513334,1.627971888772007,0.2812432146176582,-1.6034945353394323,3.25,1.0915794941070924,-0.8348196189811342,0.7032936767235218,0.0,0.0
3.3000000000000003,-0.032770710471757496,-1.1776810222235494,2.024854640009046,0.3428311348874216,-0.2623579851664233,-0.2206841060602514,3.3000000000000003,0.9478115347344457,-0.7523387580411061,0.5764833896348025,3.3000000000000003,-0.026569822257521393,-0.9548397024685467,2.024854640009046,2.3413455996897987,-0.5062312904702153,-2.285963494401353,3.3000000000000003,1.1275687376448216,-1.0195032268747073,0.48168914094672644,0.0,0.0
3.35,-0.03452206635628043,-1.2978700304392465,2.055534255766759,1.4094928705281555,-0.9514789463850198,-1.0398836313048458,3.35,0.9742028425382198,-0.8974638828278291,0.37898516782209846,3.35,-0.0277487237446398,-1.0432236749511377,2.055534255766759,3.1075868401195947,-2.0122439491013666,-2.368115338869588,3.35,1.1622822884988488,-1.1430701755543853,0.21045353861645644,0.0,0.1464466094067272
3.4000000000000004,-0.03331045244812731,-1.309234023021196,2.086213871524472,2.536229592293481,-2.4082975643656854,-0.7953385356535062,3.4000000000000004,0.9994536144837984,-0.9890236036843417,0.14401332875802564,3.4000000000000004,-0.026780822927750962,-1.052593464352324,2.086213871524472,3.8571584835366965,-3.644865664963222,-1.2619928096036523,3.4000000000000004,1.1956236854360462,-1.1920052364109468,-0.0929489835584888,0.0,0.5000000000000028
3.45,-0.028667250355193557,-1.1771812183667854,2.116893487282185,3.575098174608236,-3.4643784383789478,0.8828414318450318,3.45,1.0234759729070315,-1.0171700574216258,-0.11343783056318142,3.45,-0.023630740199919488,-0.970363854041919,2.116893487282185,4.539652312326579,-4.423630530986141,1.0197725443153165,3.45,1.2274990107755617,-1.157933894083897,-0.40736091907138655,0.0,0.8535533905932768
3.5,-0.02051951571321738,-0.8797742362041951,2.1475731030398975,4.4724508863865235,-2.9976723368299862,3.319153128757974,3.5,1.0461838017203802,-0.9763718213627456,-0.37576403956592574,3.5,-0.01845552093768863,-0.7912804602034,2.1475731030398975,5.117803332654335,-3.55070275763176,3.6857049364638548,3.5,1.257817159854951,-1.0386259079432254,-0.709478844628003,0.0,1.0
3.5500000000000003,-0.008784586552637249,-0.39301251970511886,2.1782527187976104,5.193035424121082,-0.7178029136946072,5.143187328230225,3.5500000000000003,1.0674929210961377,-0.866104741757437,-0.624022205450774,3.5500000000000003,-0.011542939522160796,-0.5164181284145116,2.1782527187976104,5.56738727201876,-0.9762143336333244,5.481131873203319,3.5500000000000003,1.2864901305778813,-0.8385260079731027,-0.9756695086078002,0.006155829702431202,1.0
3.6,0.005379470431908843,0.250984572471139,2.2089323345553233,5.718796584379737,2.5551006924624446,5.1162578927269955,3.6,1.087321282039173,-0.6911620514324125,-0.8393822663334329,3.6,-0.0033052743329795107,-0.15421087927949206,2.2089323345553233,5.877972558007996,2.4220585691110372,5.355762660956034,3.6,1.3134333325170293,-0.5687416215680381,-1.1839088169546452,0.02447174185242326,1.0
3.6500000000000004,0.019663205353097644,0.9561651446057485,2.2396119503130363,6.048850268041573,5.304388132054118,2.9072420108601262,3.6500000000000004,1.1055891800216686,-0.4615376491901009,-1.0046444313094365,3.6500000000000004,0.005686421308256855,0.27651431975926966,2.2396119503130363,6.052920009964754,5.203082254887044,3.0928588224992204,3.6500000000000004,1.3385659158072871,-0.24646260549012405,-1.3156803924418805,0.05449673790581632,1.0
3.7,0.03229642814825343,1.6359109749934813,2.270291566070749,6.198167408785956,6.1619672194179484,-0.6689089729963633,3.7,1.1222194875573024,-0.1918715656885146,-1.1056952023652868,3.7,0.014739586576073353,0.7466042788378436,2.270291566070749,6.108026372719527,6.088139401852447,-0.49248836884640407,3.7,1.3618111207780874,0.10616283338941845,-1.3576667416864867,0.09549150281252644,1.0
3.75,0.04122652527874173,2.174055043996146,2.3009711818284617,6.19477744486191,4.659247125218649,-4.082485005179028,3.75,1.137137906285458,0.09951563744522426,-1.1327750243605947,3.75,0.02311178589236394,1.2187855841676296,2.3009711818284617,6.068656069924738,4.629821555924462,-3.9234345738563756,3.75,1.3830966499800936,0.463622796172054,-1.3030772218313709,0.14644660940672624,1.0
3.8000000000000003,0.04709404369879777,2.584144365840432,2.3316507975861747,6.075768407096284,1.4441536471295524,-5.901642312115478,3.8000000000000003,1.1502732398547608,0.3919357765135962,-1.0814411095453382,3.8000000000000003,0.03009426524423383,1.6513325224815991,2.3316507975861747,5.965599171685809,1.4366549593092648,-5.7900255616975045,3.8000000000000003,1.4023550649952496,0.7989892380081242,-1.1524825056654995,0.2061073738537638,1.0
3.85,0.04689514035174701,2.6761473887755147,2.3623304133438876,5.882663689760688,-2.118055217891009,-5.488130299181452,3.85,1.1615576896773163,0.6638965491735912,-0.9531304414632353,3.85,0.03510025209158538,2.0030529235159684,2.3623304133438876,5.830379558610485,-2.1597075558641796,-5.415624531908223,3.85,1.4195242112114195,1.0860650109801675,-0.9140633337685368,0.2730047501302266,1.0
3.9000000000000004,0.04339126156519847,2.573926244786009,2.3930100291016,5.657011755262168,-4.665516930674925,-3.1991770455478052,3.9000000000000004,1.1709271765114206,0.8947931339301572,-0.7552586975099692,3.9000000000000004,0.03771433186605251,2.2371764519623696,2.3930100291016,5.691236404854558,-4.772971244098251,-3.0998253691059805,3.9000000000000004,1.4345476746237953,1.3015535884246234,-0.6032290503842836,0.34549150281252683,1.0
3.95,0.03687526985390167,2.2726182716872283,2.423689644859313,5.4371027928450415,-5.436759196011042,-0.061124664029470276,3.95,1.1783216918680357,1.0665893582063914,-0.5008284641348058,3.95,0.03772763572322355,2.3251494736678024,2.423689644859313,5.57114498137272,-5.569273119893675,0.1444067848274837,3.95,1.4473752757254754,1.4270660357295528,-0.24161481421579808,0.42178276747988486,1.0
4.0,0.029552767069428786,1.8913770924434423,2.454369260617026,5.256351883824801,-4.4466792692832895,2.8029053859726996,4.0,1.1836856844812207,1.1653454404314367,-0.20756156703840037,4.0,0.03516167161958135,2.2503469836532064,2.454369260617026,5.4885304582825185,-4.502478749068112,3.1387340928605205,4.0,1.457963606701167,1.4507872563551578,0.1444791170465411,0.5000000000000001,1.0
4.05,0.02147223796392681,1.4264034519734035,2.4850488763747385,5.142894112668018,-2.255041195007163,4.622136850303766,4.05,1.186968488604337,1.1824572407348033,0.10338794307606593,4.05,0.030254039319315612,2.0097796137370505,2.4850488763747385,5.459711917573412,-2.135763329018613,5.0246362281574655,4.05,1.4662766194751997,1.3686469637980523,0.5260918297274656,0.578217232520115,1.0
4.1000000000000005,0.013963346771950312,0.9623678228695878,2.5157284921324514,5.118775181401195,0.41615980901032645,5.101830100179084,4.1000000000000005,1.1881248027799578,1.1154920327903708,0.40904531749198625,4.1000000000000005,0.023420317629023024,1.6141517113098964,2.5157284921324514,5.500498838786401,0.7400194582427534,5.4504915995635335,4.1000000000000005,1.4722862737244211,1.1848786504758824,0.8738932746301421,0.6545084971874745,1.0
4.15,0.007411353731446745,0.5297144645053427,2.5464081078901644,5.197073156254156,2.9403641856828,4.285303705341251,4.15,1.1871152300942132,0.9685366916230058,0.6864249751441152,4.15,0.015209112417123683,1.0870465952062378,2.5464081078901644,5.624258794521639,3.4129543009880634,4.470350089995311,4.15,1.4759732557864262,0.9118991459238835,1.1605761497894376,0.7269952498697739,1.0
4.2,0.0020075425775441203,0.1487348144850888,2.5770877236478773,5.377300081685419,4.8230776413228655,2.3776623465634232,4.2,1.1839068939110107,0.7520135206763155,0.9143911625612039,4.2,0.0062576297248893645,0.4636152710576033,2.5770877236478773,5.8360656268741575,5.341622706928832,2.3508995848407372,4.2,1.4773277815119774,0.5694981663617248,1.3631468052039495,0.7938926261462367,1.0
4.25,-0.0027624758557972086,-0.2120631856176826,2.60776733940559,5.64202564897515,5.634364279625804,-0.29392616108515296,4.25,1.178474146876461,0.48196352238136375,1.075412701222164,4.25,-0.0027481802657769857,-0.2109657757150364,2.60776733940559,6.126013560431035,6.104093130991982,-0.5177733005490223,4.25,1.4763504985614935,0.18338675499950136,1.4649164115039202,0.8535533905932737,1.0
4.3,-0.008249208912279102,-0.6558698529885745,2.6384469551633027,5.957668794504782,5.026942895450563,-3.1974462608299103,4.3,1.1707993958342866,0.17884297968766513,1.1570593821850146,4.3,-0.01113291248444662,-0.8851444729008973,2.6384469551633027,6.466189460885848,5.387641562109849,-3.575601284021718,4.3,1.4730535064528112,-0.2167894829985664,1.45701371061982,0.9045084971874736,1.0
4.3500000000000005,-0.014406423829693597,-1.1858341638905907,2.6691265709210157,6.279533722495527,2.915149142196657,-5.561874616593638,4.3500000000000005,1.160874071517432,-0.13407726549261634,1.1531053277127299,4.3500000000000005,-0.018308436325869926,-1.5070200307367911,2.6691265709210157,6.813361994823842,3.1282702690621407,-6.052753654016642,4.3500000000000005,1.467461515832336,-0.5998170424552597,1.3392769750985651,0.9455032620941842,1.0
4.4,-0.019968752829745914,-1.7010182410490764,2.6998061866787286,6.558800420207445,-0.3043119782911049,-6.551736958393699,4.4,1.148699779891883,-0.4325834082238829,1.0641347561531245,4.4,-0.023842261674908077,-2.03097921851537,2.6998061866787286,7.11579971721422,-0.27882582218473545,-7.110334856839654,4.4,1.4596131719250198,-0.9354685399703062,1.120432605015956,0.9755282581475768,1.0
4.45,-0.024704920076506477,-2.177025350176837,2.730485802436441,6.7492282511812824,-3.7120103105027837,-5.636759835336661,4.45,1.1342896823536472,-0.6935076349294109,0.8975857863115664,4.45,-0.027450294767519527,-2.4189508564954343,2.730485802436441,7.321244433236551,-3.9116448485673265,-6.1886714753551,4.45,1.4495625708105617,-1.197030127763748,0.8175270759557934,0.9938441702975689,1.0
4.5,-0.028770407479309586,-2.621703381552086,2.761165418194154,6.812515763319452,-6.142170943988711,-2.9468809138302237,4.5,1.1176701652842687,-0.896666491510299,0.6672149588919415,4.5,-0.028993419396802056,-2.6420253425335876,2.761165418194154,7.383966279997935,-6.564314808172501,-3.381231894347646,4.5,1.4373810008473566,-1.3635850191243193,0.4546427577963586,1.0,1.0
4.55,-0.031085383602867285,-2.9281304508745376,2.791845033951867,6.722096864935968,-6.6904434465856255,0.6515771248451129,4.55,1.0988828765682246,-1.0265806106059652,0.3920150843306154,4.55,-0.02846004591927504,-2.6808331579292513,2.791845033951867,7.270108919818843,-7.256560262009839,0.4436404736373728,4.55,1.423158944808729,-1.4218514286202228,0.06099095932780623,1.0,1.0
4.6000000000000005,-0.030763485216428858,-2.99439459702632,2.82252464970958,6.4654241183522805,-5.1747248546056746,3.876071685263012,4.6000000000000005,1.0779872285148275,-1.073822390091804,0.09466752018831256,4.6000000000000005,-0.025990853615077292,-2.529845727477164,2.82252464970958,6.961215352036606,-5.74173691395081,3.9358577703474955,4.6000000000000005,1.4070083804035056,-1.3674068376617226,-0.33146813246775825,1.0,1.0
4.65,-0.028614690452536742,-2.877053321041388,2.8532042654672924,6.044819067864337,-2.2578414520626815,5.607315716148303,4.65,1.0550634942079784,-1.0358667572913853,-0.20034729334078658,4.65,-0.021895641927245982,-2.201489106709225,2.8532042654672924,6.456021801380396,-2.687021485112948,5.870275380119776,4.65,1.3890654166795346,-1.2051796401368977,-0.6906842743356671,1.0,1.0
4.7,-0.02491415310938222,-2.5866621182753904,2.8838838812250054,5.476985701655525,0.8684189882838511,5.4077001430300395,4.7,1.0302166584617036,-0.9173604701856236,-0.46882420064754565,4.7,-0.01661354067646457,-1.7248676336525812,2.8838838812250054,5.770654573194237,0.6284490316752935,5.736332104900653,4.7,1.3694932995600497,-0.9491499823644376,-0.9872315880873443,1.0,1.0
4.75,-0.01906675068895877,-2.043419421493253,2.9145634969827183,4.791349762460493,3.068523233966409,3.6798366415968196,4.75,1.003581225449569,-0.7297742686103859,-0.6889156646129011,4.75,-0.010631503157298012,-1.1393981274360478,2.9145634969827183,4.937451986187679,2.952481800438264,3.95743393299111,4.75,1.3484858087234468,-0.6212689433114827,-1.1968453853381238,1.0,1.0
4.800000000000001,-0.012107823858901136,-1.3390284562035952,2.945243112740431,4.027502496110632,3.7823857859173056,1.383594638132173,4.800000000000001,0.9753272311440453,-0.49045551289187417,-0.8430400925727545,4.800000000000001,-0.004427735489498815,-0.4896721232546532,2.945243112740431,4.002868991024289,3.668182744776181,1.6023094302381453,4.800000000000001,1.32627104624614,-0.249673358980339,-1.3025582911817442,1.0,1.0
4.8500000000000005,-0.005490545315899867,-0.6263840581372851,2.9759227284981438,3.2322027012656145,3.19290750782583,-0.5024698483871265,4.8500000000000005,0.9456677546055043,-0.22115213887551952,-0.9194450682729226,4.8500000000000005,0.0015465649246789665,0.17643850618769086,2.9759227284981438,3.025595328256475,3.0165326409524207,-0.23400409491293336,4.8500000000000005,1.3031155793553097,0.1336633784477634,-1.2962423825891725,1.0,1.0
4.9,0.0008235749965871537,0.09689277477348207,3.0066023442558567,2.456712967597401,1.9838310662567045,-1.4490869213805002,4.9,0.9148682549069315,0.05387289786378206,-0.913280698751601,4.9,0.006882517104653291,0.8097212548453552,3.0066023442558567,2.078601897083436,1.822717231559155,-0.9991435033748592,4.9,1.2793288380020744,0.4956519688325998,-1.1794114640515012,1.0,1.0
4.95,0.00662211034146706,0.8031783802768935,3.0372819600135696,1.7559954260471484,0.87903669741883,-1.5201363165484543,4.95,0.8832580525722572,0.3099784372373489,-0.8270780833038844,4.95,0.011222381890750543,1.3611332407766703,3.0372819600135696,1.2718517438930546,0.9287111881473802,-0.8689662752107732,4.95,1.255267573988804,0.8049500873428422,-0.9631988575546009,1.0,1.0
5.0,0.011070979032417994,1.3838723790522491,3.067961575771282,1.1926625220856362,0.2621249895814558,-1.1635009159534824,5.0,0.8512441725720459,0.5243488436297254,-0.6705780577397658,5.0,0.014308899798115832,1.788612474764479,3.067961575771282,0.8516668357133164,0.705181617227602,-0.4775513436042211,5.0,1.2313400530272407,1.0347208432720156,-0.6674961443241276,1.0,1.0
5.050000000000001,0.013857466879864727,1.7846702479739391,3.098641191528995,0.8423681550354144,0.0834808901487387,-0.8382213607381658,5.050000000000001,0.8193274747827219,0.678069863640872,-0.45991169908568447,5.050000000000001,0.016011701341240067,2.0621089879476235,3.098641191528995,1.022118799670771,0.9346977436246114,-0.413602428309455,5.050000000000001,1.2080094681250613,1.1650438673694787,-0.3193112309089074,1.0,1.0
5.1000000000000005,0.014966394341384548,1.9853071757790024,3.129320807286708,0.7394545090138278,0.050535987923564084,-0.7377256162188423,5.1000000000000005,0.7881203620217309,0.757888398719091,-0.216191767003918,5.1000000000000005,0.01632897730275197,2.166055168187352,3.129320807286708,1.3736337224653639,1.0916105513885759,-0.8338201290393399,5.1000000000000005,1.1857958346299964,1.1847611141115935,0.049526396142920114,1.0,1.0
5.15,0.014423336885694485,1.9700962056367852,3.160000423044421,0.7665108898866714,-0.08205991989826181,-0.7621057104241824,5.15,0.7583641567729559,0.7574914444609446,0.036371772659962553,5.15,0.015365675033839038,2.0988109978377296,3.160000423044421,1.6301064670676764,0.7818530235642838,-1.4303681146890994,5.15,1.1652753751523104,1.0925841160640632,0.40512547347811545,1.0,0.7499999999999978
5.2,0.012819522500343591,1.8025274197283117,3.1906800388021335,0.7780471689288253,-0.337346007055102,-0.701109883400697,5.2,0.7309422500883843,0.6781781906596281,0.272673641333194,5.2,0.013310113503337197,1.8715084394772366,3.1906800388021335,1.7275283555522463,0.02525781636444125,-1.7273437011635955,5.2,1.1470761788880328,0.8973502356057831,0.7145252373643745,1.0,0.2500000000000022
5.25,0.010876000072711448,1.5737911980215737,3.2213596545598464,0.7154191229494252,-0.5532285832062608,-0.4536106879310917,5.25,0.7068823232609126,0.5288502778906092,0.4690415786620315,5.25,0.01041725755848736,1.5074097226429912,3.2213596545598464,1.6625572135732753,-0.7948846407695148,-1.4602242623218027,5.25,1.1318688200633207,0.6173874742315112,0.948662074973786,1.0,3.749399456654644e-33
5.300000000000001,0.008545560423467926,1.272237399164635,3.2520392703175593,0.5740421090826429,-0.5624979110268413,-0.1145445026637621,5.300000000000001,0.6873379585892228,0.32530428007366474,0.6054837691328767,5.300000000000001,0.006995296584163656,1.041438769560533,3.2520392703175593,1.4560450743609148,-1.2411054100091905,-0.7613964931733013,5.300000000000001,1.1203507824733376,0.2790245818698964,1.085048919865344,1.0,0.0
5.3500000000000005,0.006432626778002031,0.9850305507504931,3.2827188860752723,0.37199688630183714,-0.3535369346553185,0.11572950899741608,5.3500000000000005,0.6735387389140512,0.0888726094432631,0.6676496776818481,5.3500000000000005,0.0033852340387806033,0.5183821578212384,3.2827188860752723,1.1425031629914395,-1.1418106429752093,-0.039773521769927184,5.3500000000000005,1.1132241127334437,-0.08564106512296485,1.1099250123930746,1.0,0.0
5.4,0.005255882493160539,0.8276122809030313,3.313398501832985,0.13668200214372972,-0.08704928455540267,0.10537737787784943,5.4,0.666701929225344,-0.1554812074128961,0.6483186381511976,5.4,-8.076530993377656e-05,-0.012717628763412194,3.313398501832985,0.7652370415266687,-0.6908765304833221,0.32905523753895166,5.4,1.1111668046313783,-0.4415377189001602,1.0196745120395776,1.0,0.0
5.45,0.0038836306395142054,0.6286767879324303,3.3440781175906977,0.10306342361387422,0.031191370218416226,-0.0982301771906708,5.45,0.6679111580239478,-0.3814549249551057,0.5482676857524851,5.45,-0.003114253591188493,-0.5041310892429055,3.3440781175906977,0.3792945325759806,-0.27535763398708224,0.2608496038852037,5.45,1.1147999207609425,-0.7537420948646679,0.8213718510867203,1.0,0.0
5.5,0.002417104230349226,0.4021457163243525,3.3747577333484107,0.3174375585516656,-0.08922939236345648,-0.3046386697674648,5.5,0.6779863029675839,-0.5638902557065053,0.37642158085171545,5.5,-0.005498320349424683,-0.9147830481355316,3.3747577333484107,0.18116954619448053,-0.18069329733132222,-0.013127709923988828,5.5,1.1246540433341958,-0.9906629284071797,0.5323848978583693,1.0,0.0
5.550000000000001,0.0016433356333040471,0.280934594438906,3.4054373491061236,0.4841963351109377,-0.3571306074375542,-0.32696149645814115,5.550000000000001,0.6973833509531,-0.6812254395599975,0.14924958520164422,5.550000000000001,-0.007092472707161488,-1.212485692620997,3.4054373491061236,0.4265881647191898,-0.39848815603824933,-0.15226507076714102,5.550000000000001,1.1411397367234215,-1.1270056570352178,0.17904789230766396,1.0,0.0
5.6000000000000005,0.0005446832610707358,0.09565509557619836,3.436116964863836,0.586595695030517,-0.5740598514784445,-0.1206225366541493,5.6000000000000005,0.7261591405514873,-0.7176932623730086,-0.11055984149257173,5.6000000000000005,-0.00782751785869196,-1.3746373762720476,3.436116964863836,0.6684255256956163,-0.6678399249844702,0.027973523163847047,5.6000000000000005,1.1645267067130158,-1.1462509862704569,-0.20550213410538398,1.0,0.0
5.65,-0.0005812949556994844,-0.10484359346173988,3.466796580621549,0.6160701027200941,-0.5857649561277383,0.1908449308685357,5.65,0.7640107897619213,-0.6650558847892268,-0.3760494076313021,5.65,-0.0077048520210680465,-1.3896634833303778,3.466796580621549,0.8215360034110867,-0.6992059692317281,0.4313147545486715,5.65,1.194934993780715,-1.042416015651971,-0.5841562202647398,1.0,0.0
5.7,-0.0008789781397139398,-0.16278059862804367,3.497476196379262,0.5726616136041728,-0.39291031714893343,0.41660869694913893,5.7,0.8103691152818964,-0.5237026908570974,-0.6184121559217598,5.7,-0.006795444784385348,-1.2584688059546758,3.497476196379262,0.8734749142392092,-0.39981823158103535,0.7765975840167206,5.7,1.2323391576177787,-0.8209234974110159,-0.9190997828291344,1.0,0.0
5.75,-0.0007079849607149421,-0.1345945783909172,3.5281558121369745,0.46563544500702736,-0.1403129199531455,0.44399172530703157,5.75,0.8645098807610698,-0.3029887464344477,-0.8096759558413484,5.75,-0.005238858521887161,-0.995956119309392,3.5281558121369745,0.8275831827535657,0.06685267719655785,0.8248785631401597,5.75,1.2765838103238483,-0.498478219244479,-1.1752385671512862,1.0,0.0
5.800000000000001,0.00034238748995500044,0.06680390794010008,3.5588354278946874,0.3178067692829315,0.001155981655490614,0.3178046669079399,5.800000000000001,0.9256519189492814,-0.020755331356152075,-0.9254191975936006,5.800000000000001,-0.003229311560495254,-0.6300774371913502,3.5588354278946874,0.6976862038383691,0.418822141411829,0.5579910867474536,5.800000000000001,1.3274069310970897,-0.10193346589024085,-1.323487336265896,1.0,0.0
5.8500000000000005,0.0018667179162688537,0.3737199602536386,3.5895150436524004,0.20024617296205785,-0.03293147770371909,0.19751973967732905,5.8500000000000005,0.993027001234252,0.2979548738254271,-0.9472726737027544,5.8500000000000005,-0.0009941071454427758,-0.19902186594175514,3.5895150436524004,0.5052300737231785,0.47257051490301333,0.17870236662850697,5.8500000000000005,1.3844666658259774,0.33378199260659686,-1.3436284941139305,1.0,0.0
5.9,0.0026254351602394907,0.5392092477748265,3.6201946594101133,0.27519701693185944,-0.1526859256598433,0.22895503102921969,5.9,1.0659205443587283,0.62290304230521,-0.8649730670795024,5.9,0.001227688791009082,0.25214149620865434,3.6201946594101133,0.2763711968293586,0.27093704914551003,-0.05453580326001965,5.9,1.4473677411283907,0.7685223812529356,-1.2264773652915155,1.0,0.0
5.95,0.003509811528333835,0.7393238106594396,3.650874275167826,0.4656073919723238,-0.18333655704560653,0.4279929325467095,5.95,1.143689623614899,0.9212277777852065,-0.6777649567522057,5.95,0.0032063151916433396,0.6753938627543123,3.650874275167826,0.039452076841980904,0.03248202514746663,-0.022391614713211536,5.95,1.5156847608048698,1.160342528282611,-0.9751438412843685,1.0,0.0
6.0,0.004174492721034446,0.9016904277434403,3.6815538909255388,0.6610608345957432,0.0016287382017817914,0.6610588281297592,6.0,1.2257662986489397,1.1603788392705596,-0.3949986940188919,6.0,0.004742230865979828,1.0243218670516427,3.6815538909255388,0.18134045280262173,-0.0268595489216627,0.17934024772589305,6.0,1.5889809678203912,1.4691936178333063,-0.6052525335868558,1.0,0.0
6.050000000000001,0.0037558648716421853,0.831717965983913,3.7122335066832517,0.827310478350706,0.38059481401585477,0.7345680466322442,6.050000000000001,1.3116528579333824,1.3111631951436915,-0.0358370677566642,6.050000000000001,0.005685273259717448,1.2589760476572882,3.7122335066832517,0.3609351240520203,0.143417450899952,0.33121835479303846,6.050000000000001,1.666822159163423,1.660584246005207,-0.1440696782724709,1.0,0.0
6.1000000000000005,0.0022798055336630102,0.5174725398363639,3.7429131224409646,0.9479096416182926,0.7869239693392596,0.5284726626347516,6.1000000000000005,1.4009134564489865,1.350636328151102,0.37194088446735035,6.1000000000000005,0.005950321376011392,1.350609896248442,3.7429131224409646,0.4839855015018353,0.4028049933012196,0.2683097147618539,6.1000000000000005,1.7487861697242222,1.7088881133973712,0.37142224395947204,1.0,0.0
6.15,0.00010577790261038575,0.024604826037110093,3.773592738198677,1.0140299294693633,1.0107568624857397,0.08140800204909611,6.15,1.4931647902958978,1.2645751553927977,0.7939715154479243,6.15,0.005518466444408326,1.2836415121258489,3.773592738198677,0.5412967051797584,0.5412800111507607,0.004251184199090283,6.15,1.8344687043876307,1.6000009851214105,0.8973696423370627,1.0,0.0
6.2,-0.0019570555528332376,-0.46642113579563993,3.80427235395639,1.0226588706329656,0.9288121644410148,-0.42794757724596383,6.2,1.5880671844160865,1.049295487004528,1.19203035329272,6.2,0.004434601628404858,1.0568897368944732,3.80427235395639,0.5314442118442319,0.445809034080299,-0.2892874961610466,6.2,1.9234863901230084,1.3330967738997617,1.386597592817213,1.0,0.0
6.25,-0.003849615330216876,-0.9398474927287295,3.834951969714103,0.9758746961818824,0.5769204214379475,-0.7870795702951147,6.25,1.68531669726469,0.7126250502805263,1.5272386544976657,6.25,0.002801123260844299,0.6838679836045651,3.834951969714103,0.460358487883705,0.18227199325237095,-0.42273733906810146,6.25,2.0154778519011356,0.9213023274833964,1.7925827715555265,1.0,0.0
6.300000000000001,-0.006201165555740318,-1.5505828437162,3.865631585471816,0.8802357414602365,0.1225164148296876,-0.8716677627636187,6.300000000000001,1.7846384197948586,0.27390927302755935,1.7634931243294951,6.300000000000001,0.0007675876521650707,0.19193298966091948,3.865631585471816,0.3402158005281534,-0.06434157017928219,-0.33407626865115214,6.300000000000001,2.1101034758565276,0.39119732445253325,2.0735238923540233,1.0,0.0
6.3500000000000005,-0.00834984733843144,-2.137960667579777,3.8963112012295285,0.7463768353998226,-0.2392377414909947,-0.7069962400661985,6.3500000000000005,1.885780933336725,-0.23699388494802134,1.870829662752217,6.3500000000000005,-0.0014797592186015678,-0.37888920343459204,3.8963112012295285,0.18787036190586828,-0.13725079257054912,-0.12828676011731696,6.3500000000000005,2.20704436704336,-0.21885735689883087,2.1961662722638016,1.0,0.0
6.4,-0.009782335470514446,-2.56438054958254,3.9269908169872414,0.5895949910827635,-0.39662150328619206,-0.43624951190905087,6.4,1.9885117995107193,-0.7816881345632178,1.8284263280418043,6.4,-0.0037330035212563228,-0.9785844750762177,3.9269908169872414,0.028272827050101743,-0.02507614171147976,0.013059091326380631,6.4,2.3060008674238777,-0.8614602873758086,2.1390479596853518,1.0,0.0
6.45,-0.010426134165642384,-2.7977084407385857,3.9576704327449543,0.4341209537804843,-0.3725489014101339,-0.22286390144969584,6.45,2.0926139278769154,-1.3160551516507895,1.6269701561362058,6.45,-0.005780408478235499,-1.5510924119668608,3.9576704327449543,0.14101687915814323,0.13887992023403573,-0.024456654785359484,6.45,2.4066908842486927,-1.4837836104246596,1.8948739297802684,1.0,0.0
6.5,-0.010204685929517943,-2.8024618733938653,3.988350048502667,0.3277167856408364,-0.29085016625489946,-0.15101149751015405,6.5,2.1978826705599386,-1.7937088870847655,1.2701561565180952,6.5,-0.00742525200921961,-2.039159833031935,3.988350048502667,0.2773610815205961,0.1880610602372157,-0.2038681121821877,6.5,2.508848191274789,-2.0317861173510825,1.4717895298588695,1.0,0.0
6.550000000000001,-0.008908839117944335,-2.5034851301873258,4.01902966426038,0.3389239957841527,-0.2851376686094347,-0.18321022039796953,6.550000000000001,2.3041235096755885,-2.1698213981950856,0.7751517578993641,6.550000000000001,-0.00850389436194508,-2.389691047504935,4.01902966426038,0.376994241388734,0.053511666792165104,-0.3731771155328142,6.550000000000001,2.6122208019992392,-2.454692742755446,0.8934097923468792,1.0,0.0
6.6000000000000005,-0.007473246278067976,-2.1485284119594317,4.049709280018092,0.4527944033801881,-0.40843597722861275,-0.19545542775202912,6.6000000000000005,2.4111502238483222,-2.4050117624991443,0.1719413394288148,6.6000000000000005,-0.008901193529832136,-2.5590575350526206,4.049709280018092,0.430595749620934,-0.18687055349590356,-0.38793310741382814,6.6000000000000005,2.7165694703385284,-2.7093762083443917,0.19756074719619718,1.0,0.0
6.65,-0.005733494427194021,-1.6861038910888075,4.080388895775806,0.5998073473712396,-0.5963347522465624,-0.06444933842603807,6.65,2.518783440105852,-2.468972349526928,-0.4984431315836876,6.65,-0.008561534824553726,-2.517772950629201,4.080388895775806,0.434705101312442,-0.3738692038853817,-0.22178896161254583,6.65,2.8216663450804664,-2.764274276324227,-0.5662055176452537,1.0,0.0
6.7,-0.003843489907753957,-1.1559795551258034,4.111068511533518,0.7444449709911389,-0.7027494369889608,0.2456451579935912,6.7,2.6268494951732984,-2.3435163135979864,-1.1867053375595455,6.7,-0.007494157024863675,-2.2539651492690735,4.111068511533518,0.3915069156382859,-0.3910630109872574,0.018638305453664832,6.7,2.9272937858422656,-2.602504093671317,-1.340157211320665,1.0,0.0
6.75,-0.0023754968651237404,-0.7305766374411028,4.1417481272912315,0.8728907595094426,-0.5867513155710894,0.6462671055473638,6.75,2.735179545146783,-2.0247666360820196,-1.838892931521154,6.75,-0.005771411906014321,-1.774979696032498,4.1417481272912315,0.3082357867700387,-0.24973296991776192,0.18067303058785222,6.75,3.033243336957133,-2.2238917323023584,-2.062733793826062,1.0,0.0
6.800000000000001,-0.0010489608252197532,-0.3298268501954975,4.172427743048944,0.9795230755290805,-0.20251473366497513,0.9583596601185553,6.800000000000001,2.843608874781062,-1.524268134790723,-2.400566201127398,6.800000000000001,-0.003519745956109713,-1.1067207604714895,4.172427743048944,0.1961103121223656,-0.0720979244157955,0.18237637954424332,6.800000000000001,3.139314849295337,-1.6457161784678933,-2.6733716507315695,1.0,0.0
6.8500000000000005,0.0007626841005584085,0.24514125625289573,4.2031073588066565,1.0624925688541016,0.35654207378274827,1.0008837137714277,6.8500000000000005,2.951976367495084,-0.8688851895139859,-2.82120594811735,6.8500000000000005,-0.0009080836252819642,-0.2918754442649569,4.2031073588066565,0.06909451731124193,0.008547258897411189,0.06856381471165483,6.8500000000000005,3.245315736803565,-0.9020665245902976,-3.1174268582852824,1.0,0.0
6.9,0.0016513408519984733,0.5424803319491666,4.23378697456437,1.1221128558911038,0.8852794670378803,0.6895052767000523,6.9,3.060124105066789,-0.09944331651378337,-3.058507898504033,6.9,0.0018660647684598949,0.6130190710219917,4.23378697456437,0.060133641432169246,-0.05016585762733736,-0.033157828041149195,6.9,3.3510603533421586,-0.041821180481968236,-3.3507993793429005,1.0,0.0
6.95,0.0033413377262473823,1.121695010378346,4.264466590322082,1.1600516744710387,1.1561992478936802,0.09446262018994085,6.95,3.167897072224137,0.7318253612159874,-3.082207569403357,6.95,0.004592289998663421,1.5416426592400574,4.264466590322082,0.17442202750361438,-0.17359498856240352,-0.01696536543934747,6.95,3.4563694754192253,0.8746302357375595,-3.3438767772367797,1.0,0.0
7.0,0.005326077020439901,1.826844418010886,4.295146206079795,1.1787646689379152,1.0289447608238487,-0.5751163568439572,7.0,3.275142946267942,1.5648725137280362,-2.8771053742028903,7.0,0.007063554384856823,2.42279915400589,4.295146206079795,0.26416417872537323,-0.23557906561284836,0.11952078131700868,7.0,3.5610698771397304,1.7796971163253832,-3.0844605434362573,1.0,0.0
7.050000000000001,0.006787355756272878,2.3783072738068776,4.325825821837508,1.18101190523608,0.5254953757714246,-1.0576595531418438,7.050000000000001,3.381711955754649,2.3362094987969355,-2.4450155274404506,7.050000000000001,0.009091842762702841,3.1858055701383288,4.325825821837508,0.32075238249273363,-0.16020289476879476,0.27787969228150405,7.050000000000001,3.6649939847687065,2.6036163457904777,-2.579411334456651,1.0,0.0
7.1000000000000005,0.009323695866690473,3.3370533113430545,4.356505437595221,1.1694333140819404,-0.16924636612656557,-1.1571214040184472,7.1000000000000005,3.487456795343609,2.9837459745114234,-1.8054403504339853,7.1000000000000005,0.010522082262976743,3.7659689848242697,4.356505437595221,0.3399170717037575,0.02025451193555073,0.33931308607525007,7.1000000000000005,3.767979599538853,3.279819938747149,-1.8548453930011592,1.0,0.0
7.15,0.012141885732706295,4.438173406597485,4.387185053352934,1.1462210452214492,-0.7856331253388016,-0.8346276276753233,7.15,3.5922325863490374,3.4517202041514263,-0.9948681252712502,7.15,0.011243382860985945,4.109747358221892,4.387185053352934,0.3217085879986398,0.1934161746246273,0.2570731393702077,7.15,3.8698696785860722,3.75022651682804,-0.9548258488958594,1.0,0.0
7.2,0.013151255547119163,4.908679830451134,4.417864669110647,1.1129494760061953,-1.0895880068592134,-0.2268358689692433,7.2,3.6958968744698355,3.6953305101861105,-0.06470028750755413,7.2,0.011196902526833738,4.179221474335639,4.417864669110647,0.27023410793696717,0.25501552089010165,0.08940669548550904,7.2,3.9705121650980537,3.970037558368083,0.061389236340146744,1.0,0.0
7.25,0.014040979001900846,5.350709951208746,4.448544284868359,1.070608891961192,-0.9851913848060383,0.4190481295153722,7.25,3.798309657709319,3.684688873991929,0.9220760043119967,7.25,0.010380395021607178,3.955741471593398,4.448544284868359,0.19298662353631238,0.18662358203712176,-0.04914748713393231,7.25,4.069759859872423,3.911648905217804,1.1233646600001106,1.0,0.0
7.300000000000001,0.012914991086209708,5.024151087384044,4.479223900626073,1.0198427629758973,-0.5483935329136793,0.859851030267898,7.300000000000001,3.8993334387261935,3.4077601125670114,1.8952499258845819,7.300000000000001,0.008848396061273706,3.442176490568514,4.479223900626073,0.09987608068209984,0.0640674013580266,-0.0766198380032668,7.300000000000001,4.167470327485089,3.567349035554684,2.1544906100969046,1.0,0.0
7.3500000000000005,0.01089155493663755,4.324659345249091,4.509903516383785,0.9613325550201423,0.02206548427959347,0.9610792869191708,7.3500000000000005,3.998833296843899,2.8720207067245567,2.782474581392043,7.3500000000000005,0.006707296404106037,2.6632351619325156,4.509903516383785,0.006684127466425685,-0.006133428396655263,-0.00265680561775398,7.3500000000000005,4.263505831162617,2.9505637371763456,3.0776054986332477,1.0,0.0
7.4,0.00785468360141571,3.18290630770008,4.540583132141498,0.8962350813240344,0.5057541343092037,0.7398986934878629,7.4,4.096676975739243,2.104665168507101,3.5147043648114993,7.4,0.004106646332160101,1.664111653303245,4.540583132141498,0.09078976927420805,0.030181374027012348,0.08562632110925657,7.4,4.357733291238565,2.095515449428141,3.820818556118162,1.0,0.0
7.45,0.004431117287806895,1.8322387501354411,4.571262747899211,0.8265688410210267,0.7571842233346319,0.33149374184134095,7.45,4.192734983473196,1.1512977964668956,4.031567936360548,7.45,0.0012274573441958055,0.5075457867843963,4.571262747899211,0.16711797979656245,0.13676979352791224,0.09603355012502926,7.45,4.450024262760462,1.0552863783070532,4.323087623321597,1.0,0.0
7.5,0.0011410482441246144,0.48137972799007167,4.601942363656923,0.7554567112475372,0.7496958242839247,-0.09311827758389628,7.5,4.2868807020483395,0.0731653064960258,4.286256290927994,7.5,-0.001731510334065834,-0.7304809221840237,4.601942363656923,0.22047603287804515,0.22045175151586016,0.0032720524491957332,7.5,4.540254928411493,-0.10160183980196226,4.539117962899147,1.0,0.0
7.550000000000001,-0.002754901765270623,-1.1856239734550325,4.632621979414636,0.6871329496813376,0.5537333269003983,-0.40685512558844855,7.550000000000001,4.378990504103356,-1.056898109925237,4.249532235465902,7.550000000000001,-0.004568374710932157,-1.966086284922323,4.632621979414636,0.24636925910321975,0.2064046894876993,-0.13451734456402212,7.550000000000001,4.628306103428849,-1.295862336994186,4.443192342291374,1.0,0.0
7.6000000000000005,-0.005521054210054051,-2.4236102929126875,4.663301595172349,0.626586161490293,0.275512784273473,-0.5627636479669047,7.6000000000000005,4.46894387470443,-2.1595365577946826,3.9125261929866415,7.6000000000000005,-0.007092557260153882,-3.1134624158333115,4.663301595172349,0.24360917571930757,0.09527720113211575,-0.22420456159291416,7.6000000000000005,4.714063249649284,-2.443040777780455,4.031618047359625,1.0,0.0
7.65,-0.008123936389062987,-3.6370629650663813,4.693981210930062,0.5786724576374123,-0.00023805851879587543,-0.5786724086702807,7.65,4.556623536481864,-3.1545865750957116,3.2880695846417853,7.65,-0.009137959123119169,-4.091038027787974,4.693981210930062,0.21422061795207714,-0.04058987250843884,-0.21034004707976672,7.65,4.797416496200713,-3.459629850494685,3.3235773400937805,1.0,0.0
7.7,-0.010474126198244307,-4.7817842556630685,4.724660826687775,0.5466892806598862,-0.23205460235253725,-0.49499477887693893,7.7,4.641915576599539,-3.967018093344744,2.4104247898146207,7.7,-0.010573979873255143,-4.8273707534767905,4.724660826687775,0.1630355703466432,-0.11550764784018028,-0.11505903045256438,7.7,4.878260664695246,-4.2692475121030355,2.3602865913094004,1.0,0.0
7.75,-0.011720991176542569,-5.455938252193432,4.755340442445488,0.5309737232428424,-0.4067830555417885,-0.34126330083742207,7.75,4.724709574244669,-4.532653428341716,1.3333917127016133,7.75,-0.011313599449921226,-5.266303768946925,4.755340442445488,0.09702137465150022,-0.09559761052287456,-0.016560314054496456,7.75,4.956495297070914,-4.80841418139951,1.2024968565456506,1.0,0.0
7.800000000000001,-0.012984073029323024,-6.1616178242113016,4.7860200582032,0.5286162574228518,-0.5118668361113518,-0.13201321790297071,7.800000000000001,4.804898727493261,-4.803222792480405,0.12689597023980925,7.800000000000001,-0.011318130643092885,-5.371041532941017,4.7860200582032,0.024742097288974807,-0.020526358870297152,0.013814484057859993,7.800000000000001,5.032024684483315,-5.031487799098092,-0.07350478063670272,1.0,0.0
7.8500000000000005,-0.01258175944437628,-6.086257850184459,4.816699673960914,0.5347433710878551,-0.5224830280189013,0.1138505966370111,7.8500000000000005,4.882379978548657,-4.750356655806477,-1.1277171177063348,7.8500000000000005,-0.010598637943266426,-5.126949348272643,4.816699673960914,0.0473707288984178,0.032258881156437,-0.03468934336222393,7.8500000000000005,5.10475789586977,-4.9143734364055405,-1.3811179902515047,1.0,0.0
7.9,-0.01262270757085618,-6.223487118027361,4.847379289718626,0.5444418171565097,-0.4140591207974456,0.3535137009411782,7.9,4.957054136471697,-4.368188940406108,-2.343354666461083,7.9,-0.009213975565205125,-4.54284929869317,4.847379289718626,0.10877612586553723,0.0099804054001222,-0.10831729809390746,7.9,5.174608805002236,-4.45671176483215,-2.6295049971455415,1.0,0.0
7.95,-0.010628828571633973,-5.340559875499634,4.878058905476339,0.5541383243563737,-0.18850153085239843,0.5210915998044795,7.95,5.0288259966249,-3.674345226348349,-3.4334061894773713,7.95,-0.007265684733766252,-3.6507150431175996,4.878058905476339,0.15461744716516013,-0.07582691932241042,-0.1347472941247569,7.95,5.241496115015282,-3.6823616882647277,-3.7300796131611507,1.0,0.0
8.0,-0.008795026773787781,-4.503053708179344,4.908738521234052,0.562106347592646,0.10785474871580485,0.5516619428448868,8.0,5.097604456142939,-2.709209427909817,-4.31807311969273,8.0,-0.004890206426363654,-2.5037856902981908,4.908738521234052,0.18061586390148385,-0.1615960313904783,-0.08067721445195598,8.0,5.305343379545206,-2.6381184344770006,-4.602933792762695,1.0,0.0
8.05,-0.006329948779853409,-3.3020818717419274,4.9394181369917645,0.5683957578137983,0.38950475021598757,0.4139562622547255,8.05,5.16330262482023,-1.533491722232922,-4.93032424220949,8.05,-0.0022490212652980113,-1.173224714383019,4.9394181369917645,0.18503653604337533,-0.18348762812941796,0.023891630215867755,8.05,5.366079019749017,-1.3907398657197656,-5.182725795572089,1.0,0.0
8.1,-0.0030055213733269186,-1.5972572841622308,4.970097752749477,0.5745349550630676,0.5590499839627976,0.13248973552889645,8.1,5.225837930875406,-0.2242499425463339,-5.221024233140861,8.1,0.00048256375899562534,0.2564541666443941,4.970097752749477,0.16864394911256408,-0.12657249208787813,0.11144588740256471,8.1,5.423636336589775,-0.022480701993294886,-5.423589745695635,1.0,0.0
8.15,0.000751126372855988,0.40661728573336897,5.00077736850719,0.5832048209962023,0.5433529061076897,-0.21188554140747895,8.15,5.28513222111363,1.130363865039494,-5.1628383789604015,8.15,0.003127205416673991,1.6928919345805797,5.00077736850719,0.13446574972051414,-0.033780471665307114,0.13015343860985515,8.15,5.477953517879935,1.374552918095181,-5.302695448487418,1.0,0.0
8.200000000000001,0.004492928199312374,2.4772568353984656,5.031456984264903,0.5979422181222728,0.32422006671551695,-0.5024104343581743,8.200000000000001,5.341111855062577,2.43725984741102,-4.752603526961619,8.200000000000001,0.005516988410206097,3.041890865758516,5.031456984264903,0.08733251758808083,0.029954769653091278,0.0820346292933825,8.200000000000001,5.528973639668573,2.7048261910040314,-4.822184648539349,1.0,0.0
8.25,0.0077639491856817434,4.359578779466325,5.062136600022616,0.6228163902699146,-0.04526919877970573,-0.6211690233991792,8.25,5.393707792707273,3.605024920186541,-4.01196698365592,8.25,0.007503867187578669,4.213538673750229,5.062136600022616,0.03331354865258321,0.028234768819777826,0.017680224928482396,8.25,5.576644661643113,3.876113127896623,-4.009328210807901,1.0,0.0
8.3,0.009712753202535469,5.55362601541815,5.092816215780329,0.6619522679666722,-0.44377669422340116,-0.49116499338854647,8.3,5.442855675493974,4.550510939104884,-2.9862230488266865,8.3,0.008969416596562509,5.128595807498688,5.092816215780329,0.022035489008072895,-0.02123732380727797,-0.005876976546637368,8.3,5.620919416292781,4.806060228622863,-2.9148790992606766,1.0,0.0
8.35,0.009548423687803708,5.558928754283665,5.123495831538041,0.7188282957828063,-0.7092025083820225,-0.11724299946120892,8.35,5.4884959003145415,5.2049085940382245,-1.7414114319931875,8.35,0.009832140739529954,5.724103963144175,5.123495831538041,0.07105081055287735,-0.06421863551537747,0.030400403496729553,8.35,5.661755591650407,5.428098179278521,-1.6097287149385948,1.0,0.0
8.4,0.009480971759727785,5.6194098858776975,5.154175447295755,0.7954711263978603,-0.6935377291533098,0.38958918256742053,8.4,5.530573686220838,5.518852867419183,-0.35987265316693645,8.4,0.010051985990803496,5.957852304693196,5.154175447295755,0.10964267622199762,-0.054562868116709705,0.09510210235320955,8.4,5.699115707492319,5.696269317315469,-0.18009917266894943,1.0,0.0
8.450000000000001,0.0092224264046729,5.564361346489102,5.184855063053467,0.8918252932434417,-0.3353957545552088,0.8263546705229499,8.450000000000001,5.56903913365412,5.466174289660565,1.0654273824268103,8.450000000000001,0.009631923993492431,5.811432177388154,5.184855063053467,0.13397635668473035,0.009997570412183871,0.1336028170974232,8.450000000000001,5.732967084933651,5.588616636266437,1.2783879261705546,1.0,0.0
8.5,0.00694976387597655,4.268023740334099,5.21553467881118,1.0054962021635592,0.2799889125679503,0.9657270946827358,8.5,5.6038472760076825,5.046008256029506,2.437397171759414,8.5,0.00861657782099333,5.291655854317528,5.21553467881118,0.14217978189928696,0.08794337146381641,0.11171863674654291,8.5,5.763281809408934,5.108884385126614,2.667342789008074,1.0,0.0
8.55,0.005154077104054847,3.2214341288179,5.246214294568893,1.1318478090289739,0.9160485092684508,0.6647816118626757,8.55,5.634958123372131,4.283094995183045,3.6616731577784942,8.55,0.0070880728666268935,4.430232489563667,5.246214294568893,0.134292158329975,0.12779575290397435,0.04126292922987176,8.55,5.790036687076012,4.286403035484933,3.8924637255948458,1.0,0.0
8.6,0.004445227549547152,2.827413654254763,5.2768939103266055,1.2643238678136022,1.2638812022535295,-0.033453689083867665,8.6,5.66233669834242,3.226236307282901,4.653327430448552,8.6,0.005159482689529641,3.2817199215714647,5.2768939103266055,0.11213905302580099,0.10774418733082936,-0.031086288133879193,8.6,5.813213194725405,3.17416336534076,4.8701267516829745,1.0,0.0
8.65,0.003179199040439996,2.057624114758732,5.307573526084319,1.39489532908513,1.0888187075233904,-0.8718983892923572,8.65,5.685953063793779,1.9450117882376816,5.342938459993931,8.65,0.002966395820169204,1.9198947583523789,5.307573526084319,0.07902619164574898,0.05033767730873071,-0.06092008871622515,8.65,5.832797423317613,1.8452158107887313,5.533236339889692,1.0,0.0
8.700000000000001,0.0018209042940780418,1.1990709403632733,5.338253141842031,1.514601397068773,0.37602107574424054,-1.4671828592915142,8.700000000000001,5.705782342560653,0.5249865432969874,5.681579117642737,8.700000000000001,0.0006572163004255952,0.4327789054791559,5.338253141842031,0.03930870752031221,0.0024809379293432095,-0.039230338182434724,8.700000000000001,5.848780015307885,0.3876523276761475,5.835919236959347,1.0,0.0
8.75,0.00068770159889549,0.4607063445725646,5.368932757599744,1.6141768626171222,-0.6155360905098921,-1.492207179009756,8.75,5.721804728978408,-0.9382454601021065,5.644355128192897,8.75,-0.0016170360623464185,-1.0832878308297296,5.368932757599744,0.004007367902952286,-0.0018165949110095286,0.0035719715058922974,8.75,5.8611560959517135,-1.1014701248360221,5.7567277463161,1.0,0.0
8.8,-0.001498821084226534,-1.021404601910025,5.399612373357457,1.684748561908429,-1.4462829464982079,-0.8640852709779177,8.8,5.734005492272304,-2.34575175473793,5.232233527906879,8.8,-0.003712637298958342,-2.53005836539574,5.399612373357457,0.041332941107202675,0.03365906754377849,0.02398914739324519,8.8,5.869925198815208,-2.5228301352781424,5.3001273520754415,1.0,0.0
8.85,-0.0023605703990326,-1.6362391094423425,5.43029198911517,1.7185637444986688,-1.7094825154851936,0.17643943197511372,8.85,5.742374971802008,-3.6022004978536564,4.472026597644627,8.85,-0.005502318112599698,-3.8139544968106946,5.43029198911517,0.07305314592025121,0.0730531456251779,6.5659780736860195e-06,8.85,5.875091185742448,-3.781688868082334,4.496167895642996,1.0,0.0
8.9,-0.0022130713726253868,-1.5601467124883464,5.460971604872882,1.7096979773294252,-1.2553441617420669,1.160680063266547,8.9,5.746908564192839,-4.622545344504783,3.4145325570552343,8.9,-0.006883032914182545,-4.852324830478355,5.460971604872882,0.09472910668895293,0.07842583776024797,-0.0531318325083023,8.9,5.876662161557201,-4.794397772529159,3.398368455574762,1.0,0.0
8.950000000000001,-0.004260413362855092,-3.054364364512996,5.491651220630596,1.6546859735544337,-0.2917021984412066,1.628771162104226,8.950000000000001,5.74760670240704,-5.337972525429559,2.1309697612386493,8.950000000000001,-0.0077818543140646184,-5.578946567471633,5.491651220630596,0.10454627405651311,0.039420863866452535,-0.0968293287755428,8.950000000000001,5.874650383799134,-5.494108248293982,2.079973963274383,1.0,0.0
9.0,-0.005972121636960935,-4.353676673344522,5.522330836388308,1.5530285765574952,0.7126565617713078,1.379861726611945,9.0,5.744474826829791,-5.7006819898059975,0.7079660212063071,9.0,-0.008159661080784062,-5.9483929278915815,5.522330836388308,0.10213690206883236,-0.020131155636003133,-0.1001333278033706,9.0,5.8690721678148146,-5.835284646066738,0.6288570667459138,1.0,0.0
9.05,-0.006045738350048975,-4.4812078211947215,5.553010452146021,1.4075591255548892,1.279702022643344,0.5861616032933054,9.05,5.7375233484652854,-5.6871614907824455,-0.7585303895991914,9.05,-0.008012448112496316,-5.938967760380254,5.553010452146021,0.088515959835748,-0.06224835698271429,-0.06293025662267968,9.05,5.859947787541562,-5.7967104150505095,-0.8585665010691909,1.0,0.0
9.1,-0.006015808248222421,-4.533338637421218,5.583690067903734,1.2247215820375634,1.1859765116389234,-0.305618499684431,9.1,5.726767604358239,-5.299724412489158,-2.1699742731178766,9.1,-0.007370254142934784,-5.554009784745507,5.583690067903734,0.06588186778806444,-0.06436471739894609,-0.014057156803486619,9.1,5.847301372337587,-5.382787233994984,-2.2839734964490415,1.0,0.0
9.15,-0.006146113670751885,-4.708297216465652,5.6143696836614465,1.0149851442908118,0.5793991933477642,-0.833361516917478,9.15,5.712227805375501,-4.566210398526114,-3.432093981361379,9.15,-0.00629386506613011,-4.821483779691566,5.6143696836614465,0.03730620611483685,-0.03512829313657963,0.012560096973878146,9.15,5.831160800224981,-4.623050326674659,-3.5538488931176815,1.0,0.0
9.200000000000001,-0.005746333824994973,-4.474601193517686,5.64504929941916,0.7941204622363054,-0.12445932841965146,-0.7843068175859067,9.200000000000001,5.693928976501157,-3.5378826990376115,-4.461413811482842,9.200000000000001,-0.00486958436107785,-3.7918869069589896,5.64504929941916,0.006577385183992418,-0.005245594259435246,0.003968089807953315,9.200000000000001,5.811557587922856,-3.56995073403015,-4.585809999808247,1.0,0.0
9.25,-0.004186883822921138,-3.313722285662881,5.675728915176872,0.5875893129211117,-0.5033064430083726,-0.30322240201766754,9.25,5.671900889816615,-2.2856874380616032,-5.190962592755788,9.25,-0.003202452528847592,-2.5345910616205796,5.675728915176872,0.023788004994810086,-0.002096588925857817,-0.023695431975574534,9.25,5.788526778056542,-2.2950777702223975,-5.314100139149491,1.0,0.0
9.3,-0.002262742176347424,-1.8200525087402852,5.706408530934585,0.4422266573477605,-0.38299587848531297,0.2210849916485445,9.3,5.646177990354676,-0.8951579070671071,-5.5747662031856375,9.3,-0.0014085420650083776,-1.132970669783944,5.706408530934585,0.04927115714571635,-0.028725088355020148,-0.04003144046214377,9.3,5.7621068239351825,-0.8841034072866834,-5.693877081186814,1.0,0.0
9.35,-0.00033693972499885465,-0.27541465756646066,5.737088146692298,0.42149707938790953,0.07282934463067824,0.41515740929580386,9.35,5.616799315033546,0.5396571839780285,-5.590814311810241,9.35,0.00039308885551478986,0.32131097790611,5.737088146692298,0.06790372405799179,-0.06305729417446035,-0.025193121925229146,9.35,5.732339472294271,0.5691827618009523,-5.704011466441105,1.0,0.0
9.4,0.001724820517988847,1.4326083251132486,5.767767762450011,0.5149940896703785,0.49012524658500617,0.15810172375849893,9.4,5.583808404893132,1.9227957539695217,-5.242306056600659,9.4,0.002088266606304097,1.734480830930482,5.767767762450011,0.07805405788161693,-0.07658392804184284,0.015077729188065513,9.4,5.6992696444019195,1.9693200184994222,-5.348219623794316,1.0,0.0
9.450000000000001,0.004163480598384119,3.51359718699652,5.798447378207723,0.6458123519298316,0.540229725159751,-0.35387206439469115,9.450000000000001,5.547253210871882,3.163035810608883,-4.557106828497025,9.450000000000001,0.0035748850024699278,3.0168762869675194,5.798447378207723,0.07916086376902517,-0.05683722016808275,0.05509966203365543,9.450000000000001,5.662945315927788,3.225648658802689,-4.6544753067507925,1.0,0.0
9.5,0.006051898034430056,5.188746077269469,5.829126993965437,0.7663956886648193,0.15485058317824846,-0.750588867818714,9.5,5.507185993377814,4.180124019386359,-3.58547915182978,9.5,0.0047689602393619105,4.088787285222918,5.829126993965437,0.07170526723624053,-0.016147079510801614,0.06986356112232271,9.5,5.623417395971815,4.25835708949939,-3.6727670913942685,1.0,0.0
9.55,0.006383877758400728,5.560254587538181,5.859806609723149,0.8576065727329967,-0.4369730405245709,-0.737931972101459,9.55,5.46366321592234,4.91014070925066,-2.3962750160159563,9.55,0.005609214716352498,4.885535569355725,5.859806609723149,0.05708726310087472,0.01910437171371681,0.05379571162994899,9.55,5.580739605646234,5.003690377721757,-2.4713836508974456,1.0,0.0
9.600000000000001,0.00558091167868053,4.9376334749491,5.890486225480862,0.9129333641459837,-0.8662046092382641,-0.2883347053430951,9.600000000000001,5.416745433100093,5.309632007893953,-1.0718857344692814,9.600000000000001,0.006059961259362199,5.361465884763078,5.890486225480862,0.0374160166365191,0.029154833591101992,0.023451097612253138,9.600000000000001,5.534968356598816,5.417972764775527,-1.1320096416112522,1.0,0.0
9.65,0.004833942205473564,4.343935756231896,5.921165841238575,0.9322193649359077,-0.8645866856620784,0.3486012153412111,9.65,5.3664971732121645,5.358235236250743,0.2976693855523219,9.65,0.006112187571187552,5.492608105494859,5.921165841238575,0.015308560298008948,0.014962232207370287,0.00323784276494506,9.65,5.4861626298581845,5.480186227908251,0.25600646221767165,1.0,0.0
9.700000000000001,0.004008137723762337,3.6581190807593447,5.9518454569962875,0.9191183101042967,-0.429403600836912,0.8126444582702032,9.700000000000001,5.312986815844159,5.059637657776904,1.621078553722705,9.700000000000001,0.005782969806780179,5.2779604024634885,5.9518454569962875,0.00778687384678286,-0.004535249588789815,0.006329843242379127,9.700000000000001,5.434383855373193,5.192953423951552,1.6017998077820659,1.0,0.0
9.75,0.0029370904264573745,2.7222697969847656,5.982525072754001,0.8795819301158708,0.1885235999299419,0.8591409803145326,9.75,5.256286464724283,4.440832358158429,2.812037582603895,9.75,0.005113090003848297,4.73911540528558,5.982525072754001,0.02711214607943218,-0.00861762889600149,0.02570612645349878,9.75,5.379695792608122,4.5818883191658655,2.8191179918011473,1.0,0.0
9.8,0.00208400103936185,1.9614451062390588,6.013204688511713,0.8206128366992774,0.6531200901152469,0.49682952372366807,9.8,5.196471816200414,3.5497590316096117,3.79506655463,9.8,0.004163000464118389,3.9181827328245156,6.013204688511713,0.04234129142958868,0.008988630510290562,0.041376194622933044,9.8,5.322164412543924,3.69339307011824,3.83200752396855,1.0,0.0
9.850000000000001,0.0003285351627494588,0.3139717328544149,6.043884304269426,0.7491299800274008,0.7479507677939637,-0.04201637695320783,9.850000000000001,5.133622023688943,2.451532525965605,4.510439375076097,9.850000000000001,0.003007783130563504,2.8744529920332123,6.043884304269426,0.05181098618213722,0.03627595513066328,0.03699234202539383,9.850000000000001,5.261857781422972,2.591086994364257,4.579674169584326,1.0,0.0
9.9,-0.0011494834711740381,-1.1153426625966982,6.074563920027139,0.6710224941822281,0.48551569667785266,-0.46319077708645895,9.9,5.067819558462253,1.2235597570695533,4.917895545658981,9.9,0.0017314398985672727,1.6800144021399261,6.074563920027139,0.054897469243125496,0.05348210189798185,0.012385350454217911,9.9,5.198845946561106,1.3511452348136512,5.020199769980794,1.0,0.0
9.950000000000001,-0.0011985463971548593,-1.1806579423590238,6.105243535784852,0.5905704970173096,0.06424915407066766,-0.5870652077482328,9.950000000000001,4.999150067156177,-0.050080874146145225,4.998899208825115,9.950000000000001,0.0004209345859258573,0.41465208461409075,6.105243535784852,0.05175196527884309,0.04878742261555623,-0.017264220363332188,9.950000000000001,5.13320082453634,0.05689474245043201,5.132885513364005,1.0,0.0
10.0,-0.002533004369874295,-2.533004369874295,6.135923151542564,0.5104176025823074,-0.27849841025897937,-0.42774380709613025,10.0,4.9277022263940164,-1.284579084847355,4.757321284796864,10.0,-0.0008395993583632825,-0.8395993583632825,6.135923151542564,0.04321328500554062,0.026756105785061372,-0.033933741382121234,10.0,5.064996092048681,-1.2069410442127897,4.919093283143038,1.0,0.0
10.05,-0.002646668246082283,-2.6865671007255045,6.166602767300278,0.4321689739475932,-0.40850761824318577,-0.1410373988706367,10.05,4.853567594939918,-2.4002203265134927,4.218537754108919,10.05,-0.001974110749363077,-2.0038707156735693,6.166602767300278,0.030665899345997647,0.0036457826924906358,-0.030448409667140165,10.05,4.994307079730355,-2.359942477476555,4.401565029582837,1.0,0.0
10.100000000000001,-0.002087684590390799,-2.1509435211642316,6.19728238305799,0.3575076570577431,-0.3427526442403697,0.10164816634426513,10.100000000000001,4.776840463811887,-3.3276898638548635,3.4270519381398588,10.100000000000001,-0.0029190298451729595,-3.0074793685115466,6.19728238305799,0.015884069519274874,-0.00575870536366951,-0.014803410992997564,10.100000000000001,4.921210669170742,-3.3312467901238203,3.622307175495983,1.0,0.0
10.15,-0.0029880176886497643,-3.124505481138542,6.227961998815704,0.28959862071296627,-0.191877195854251,0.21691127870620716,10.15,4.697617704804226,-4.012490965565292,2.4428525030682944,10.15,-0.0036265727359362384,-3.7922286853331104,6.227961998815704,0.0027849188487444527,0.0009706136629341367,-0.002610303068882559,10.15,4.8457851934058365,-4.064003477706631,2.6392252412061468,1.0,0.0
10.200000000000001,-0.0038268047017256356,-4.061035763908859,6.258641614573416,0.23440467751524482,-0.05923702128887,0.2267962260485123,10.200000000000001,4.615998617890832,-4.41818936302683,1.3368043958659939,10.200000000000001,-0.004066718111503765,-4.3156337936726885,6.258641614573416,0.014129533993675263,0.013407692692406988,-0.004458419848376896,10.200000000000001,4.768110341108421,-4.518746834894598,1.5217763525285544,1.0,0.0
10.25,-0.0037503800318679746,-4.038749096505823,6.2893212303311286,0.20033450183149737,0.022983890317070033,0.19901169164138854,10.25,4.5320847780056965,-4.528289713699928,0.18543112961520483,10.25,-0.004228110265704993,-4.553212306603966,6.2893212303311286,0.025397937904335623,0.017621958495629038,-0.018289937905056314,10.25,4.688267064703097,-4.67548433993268,0.34596857808774606,1.0,0.0
10.3,-0.0032936364356352162,-3.599045461402364,6.320000846088842,0.19215107759649655,0.08298999698015613,0.17330521348975197,10.3,4.445979881725696,-4.346654948517571,-0.934520126716033,10.3,-0.004117819335426851,-4.499652368942979,6.320000846088842,0.03299411755336443,0.007343853681502212,-0.032166436020018084,10.3,4.606337492620203,-4.534395369277157,-0.8109276977613078,1.0,0.0
10.350000000000001,-0.0030029058632281354,-3.3293754075033406,6.350680461846554,0.20278781187125297,0.15063712288914657,0.13576212229930276,10.350000000000001,4.357789594414475,-3.8964879047211407,-1.9513359929927323,10.350000000000001,-0.003759836915226783,-4.168598394996796,6.350680461846554,0.036326269937079256,-0.01176199507004855,-0.03436936658586687,10.350000000000001,4.522404845895341,-4.115135277242714,-1.8755818404351767,1.0,0.0
10.4,-0.002634889445799611,-2.9638922815599336,6.381360077604267,0.2182027921559687,0.21156607027634597,0.05340652031807644,10.4,4.2676213984262965,-3.217998337562654,-2.8030481800622,10.4,-0.0031925368724837967,-3.5911697965296137,6.381360077604267,0.03538134526296011,-0.02736008425878615,-0.022433577110414465,10.4,4.436553359317578,-3.454837850113111,-2.7833614820029946,1.0,0.0
10.450000000000001,-0.0016860936941574388,-1.9241130073485804,6.41203969336198,0.2273179451190408,0.21572828530988486,-0.07165720543253247,10.450000000000001,4.175584443016755,-2.3649696582582047,-3.441282312784235,10.450000000000001,-0.0024653248335381084,-2.813345187154954,6.41203969336198,0.03064189177905432,-0.03033901366642899,-0.00429764837411247,10.450000000000001,4.348868207330234,-2.6049975842243533,-3.482332877671658,1.0,0.0
10.5,-0.000850751786540327,-0.984851536893746,6.442719309119693,0.2245177447064389,0.12973061568984082,-0.18324351295694072,10.5,4.08178939666528,-1.400512121173273,-3.834001887998472,10.5,-0.0016347433994506463,-1.8924198277890545,6.442719309119693,0.0229965959789093,-0.021339090066441673,0.00857243616211154,10.5,4.25943543489498,-1.6274860694936792,-3.936251937775707,1.0,0.0
10.55,-0.0003401355287300045,-0.39940121094227254,6.473398924877405,0.208849894447731,-0.017334924291738846,-0.20812923583828405,10.55,3.9863483025850592,-0.3923378677306251,-3.9669943013656286,10.55,-0.000760325265580346,-0.8928053853023058,6.473398924877405,0.013670102296097676,-0.009248619160423265,0.010066515802959166,10.55,4.16834189354403,-0.5900092118752902,-4.126374107055312,1.0,0.0
10.600000000000001,0.0005107658508847508,0.6083303006573527,6.504078540635119,0.18372486171272664,-0.1399011742983798,-0.1190902441062864,10.600000000000001,3.8893744382828155,0.5920846359253245,-3.84404335369269,10.600000000000001,9.951008750060607e-05,0.1185181063746219,6.504078540635119,0.004917659317407469,-0.0036065192765421484,0.003343111106441781,10.600000000000001,4.075675182868506,0.43865905755687146,-4.052000299540159,1.0,0.0
10.65,0.0015804480900785869,1.9091016777423955,6.534758156392831,0.15787640677616732,-0.15478496152236043,0.031089797411293155,10.65,3.790982180137735,1.4901444098714778,-3.485830679744878,10.65,0.0008912380926136582,1.0765707197583838,6.534758156392831,0.007811508183524142,-0.007325925382907271,-0.0027111763840332492,10.65,3.981523597725854,1.3933269207957288,-3.7297681229580104,1.0,0.0
10.700000000000001,0.0021875400331970514,2.679830604887816,6.565437772150545,0.14601914983327385,-0.04774596205437368,0.13799244626259216,10.700000000000001,3.691286874101664,2.24814880196637,-2.9276997371882945,10.700000000000001,0.0015694478267944993,1.9226410740798143,6.565437772150545,0.01529449038740163,-0.015261845249737145,-0.0009987571193221273,10.700000000000001,3.885976081498313,2.2165993790756344,-3.1917859105301054,1.0,0.0
10.75,0.00301352780372544,3.7436961732937277,6.596117387908257,0.16021149047129082,0.10705492520753439,0.1191929723928459,10.75,3.5904047137880104,2.824563960792971,-2.216493726627867,10.75,0.002099308713636165,2.6079646546104778,6.596117387908257,0.020889621222681606,-0.01909909713700956,0.00846172342836748,10.75,3.7891221858016664,2.8623807887407553,-2.4827853630916725,1.0,0.0
10.8,0.00409463363542535,5.158059126148939,6.62679700366597,0.19555474144908255,0.19429808337049773,-0.022133949077574204,10.8,3.4884526274241887,3.1922391401933226,-1.4067377174159088,10.8,0.0024581595432599202,3.0965730745590414,6.62679700366597,0.023875511194164853,-0.0141416999855394,0.019236744950788483,10.8,3.6910520371334257,3.2984493871778064,-1.6565315514813366,1.0,0.0
10.850000000000001,0.004373542712818997,5.586278544806705,6.657476619423683,0.23833056945551984,0.1389169464475796,-0.19365831334252775,10.850000000000001,3.3855481754034025,3.339502331199233,-0.5564715876773908,10.850000000000001,0.0026361634866271313,3.367142953190919,6.657476619423683,0.02415112001951109,-0.0026028804190029934,0.024010447970023385,10.850000000000001,3.591856311068237,3.507962206384448,-0.7717725817487164,1.0,0.0
10.9,0.0033681518134129015,4.3618542747722975,6.6881562351813955,0.2781547802338645,-0.03846807272740064,-0.275481921634776,10.9,3.2818094605020196,3.2701029481240247,0.2769477273983643,10.9,0.0026360425972617647,3.4137516086893065,6.6881562351813955,0.02198346178220753,0.008724549144749925,0.020178078058889118,10.9,3.4916262147635195,3.4898305095850835,0.11196712907340116,1.0,0.0
10.950000000000001,0.002847425579183543,3.7384772283132004,6.718835850939108,0.3090793018449097,-0.2334612332587513,-0.2025484322186665,10.950000000000001,3.177355053249174,3.0020635710404937,1.0407686821958368,10.950000000000001,0.0024719703441740916,3.245529894906058,6.718835850939108,0.01793381629321202,0.01398580345525797,0.011225821508895065,10.950000000000001,3.3904534787403406,3.2579889212413797,0.9384471112273236,1.0,0.0
11.0,0.0020831325174496514,2.772649380725486,6.749515466696821,0.3282229910245406,-0.3281217887725035,-0.008150065633373548,11.0,3.0723039354729322,2.565580584303798,1.6902212095953155,11.0,0.002167756349818661,2.8852837016086377,6.749515466696821,0.012824407909313013,0.012376930998254869,0.003358127050736452,11.0,3.2884303591668433,2.839659651219084,1.6583447447163946,1.0,0.0
11.05,0.0009293555604083314,1.2539168423280793,6.780195082454534,0.33492044870117765,-0.26777343770848444,0.20116931430011534,11.05,2.9667754657392282,2.000177364573189,2.191129200745878,11.05,0.0017545000044571098,2.3672286465761787,6.780195082454534,0.007916262456422766,0.007897109191265426,0.0005503432567041483,11.05,3.185649652212089,2.2727810871825667,2.232225310398624,1.0,0.0
11.100000000000001,9.832358887404927e-05,0.13447038817540494,6.810874698212247,0.33023740675871494,-0.09017530170230582,0.317687204315218,11.100000000000001,2.860889371295037,1.3513591750900407,2.5216098775760054,11.100000000000001,0.0012679164815442671,1.7340418855708684,6.810874698212247,0.00587040592514902,0.005512819957794449,0.0020175435160035404,11.100000000000001,3.0822047224811113,1.602822936020569,2.632668719579292,1.0,0.0
11.15,-0.0005095914534893251,-0.7063935707621568,6.84155431396996,0.3166407799674383,0.10895548449281205,0.2973047021782943,11.15,2.7547657722932604,0.6670434139306746,2.6727864755962445,11.15,0.0007455471727036681,1.0334744154197375,6.84155431396996,0.0080780280894136,0.007176991360574886,0.0037074698681969897,11.15,2.978189548119899,0.8792446821107606,2.845442280825699,1.0,0.0
11.200000000000001,-0.00045056408318128557,-0.6330100962557174,6.872233929727672,0.29778942058572455,0.24235972440102993,0.17303266454932248,11.200000000000001,2.6485252456052857,-0.005958622439352069,2.6485185427757845,11.200000000000001,0.00022407639381166224,0.3148111998050311,6.872233929727672,0.01100109001221941,0.010800507157851998,0.00209117827794318,11.200000000000001,2.8736987859362815,0.1518685118663726,2.8696830255962333,1.0,0.0
11.25,4.1149890943737415e-05,0.05859037206637612,6.902913545485386,0.2784497406269472,0.27799799691062216,0.01585470809872865,11.25,2.5422889375449422,-0.6251509810009884,2.46422793039055,11.25,-0.00026303157923452487,-0.3745117602772825,6.902913545485386,0.01291255456492616,0.012551811024060873,-0.0030308588565717415,11.25,2.7688278608806716,-0.5325682917804427,2.717126927064523,1.0,0.0
11.3,-8.25417488605739e-05,-0.11909924180567552,6.933593161243098,0.26435178889445654,0.23629341136655166,-0.11852127250606498,11.3,2.4361787375106876,-1.1550332973427362,2.1449626857194355,11.3,-0.000687520745028997,-0.9920216204401048,6.933593161243098,0.013449062356137118,0.01020118166235452,-0.008764312349004133,11.3,2.6636730855540374,-1.133441936246052,2.410490340960479,1.0,0.0
11.350000000000001,-0.0010544048055966912,-1.5416825658329207,6.964272777000811,0.2613642435610962,0.1512770808259946,-0.21313496341292648,11.350000000000001,2.3303175281481177,-1.5690845466637968,1.722891020179518,11.350000000000001,-0.0010278319984545741,-1.5028295244973786,6.964272777000811,0.012683691954629473,0.004724172417383483,-0.011771076270705474,11.350000000000001,2.558331817178612,-1.6186542821278953,1.9811663235926071,1.0,0.0
11.4,-0.0013359938457116654,-1.9793336661510437,6.994952392758524,0.27343679895461487,0.03720159630510534,-0.2708943045818764,11.4,2.22482953249112,-1.8509455498343512,1.234450088174109,11.4,-0.0012700114137994063,-1.8815777900460278,6.994952392758524,0.010917802495546636,-0.0008454906445758458,-0.010885015245818403,11.4,2.4529026618481558,-1.966286224269936,1.4664412544483492,1.0,0.0
11.450000000000001,-0.001805101088649507,-2.709679889684995,7.0256320085162365,0.30055624465922814,-0.10774707852926871,-0.280579085592753,11.450000000000001,2.119840785153942,-1.9947630878507951,0.7173877457484487,11.450000000000001,-0.0014080161558110177,-2.1136063158696,7.0256320085162365,0.008608149385543568,-0.003987312291869665,-0.007628995774735963,11.450000000000001,2.347485739110313,-2.1654132580857675,0.9064627499421447,1.0,0.0
11.5,-0.0022172250293271676,-3.3721221164779562,7.056311624273949,0.3389850389101907,-0.26733309778665815,-0.2084319347718401,11.5,2.015479763732153,-2.0047254053489962,0.20792962069440174,11.5,-0.0014434400498362881,-2.1952918857947648,7.056311624273949,0.00635026371810821,-0.004421712455271995,-0.004557884185936938,11.5,2.242183024372284,-2.216070704617029,0.3411969327550115,1.0,0.0
11.55,-0.0018059467927194193,-2.78260078653194,7.086991240031662,0.3832444530292827,-0.3819877304961447,-0.03101103881070029,11.55,1.9118782291612826,-1.8938798956279437,-0.2617198962195468,11.55,-0.0013847206639613558,-2.1335760412209104,7.086991240031662,0.004881426370404611,-0.0037558342191859333,-0.0031180174354344978,11.55,2.137098792772488,-2.1284205925998507,-0.19239810567291513,1.0,0.0
11.600000000000001,-0.0017665755269395892,-2.7574406736978982,7.117670855789375,0.4277118806661872,-0.36839107506627855,0.2173142164574566,11.600000000000001,1.8091723413855632,-1.6823743173515442,-0.6653729909986179,11.600000000000001,-0.0012459227786759304,-1.944755881544146,7.117670855789375,0.0046673061310136465,-0.003702936671627058,-0.0028411276857116257,11.600000000000001,2.0323401967791224,-1.9212299022950172,-0.6627837792007901,1.0,0.0
11.65,-0.0015479262745046046,-2.4475301371704066,7.148350471547088,0.4673356227205968,-0.1810714857730108,0.4308314070533883,11.65,1.7075041415182286,-1.3952994918727066,-0.9842305224294101,11.65,-0.0010452173667146903,-1.6526633387283376,7.148350471547088,0.005146044499955861,-0.004606188115052721,-0.0022945162985415976,11.65,1.9280180219906182,-1.6198166133347003,-1.045680463758178,1.0,0.0
11.700000000000001,-0.0006348248227200365,-1.016743688791106,7.179030087304801,0.4979804195153523,0.12975293075487696,0.48077923746893064,11.700000000000001,1.607023526991469,-1.0603318368174797,-1.207568222559442,11.700000000000001,-0.0008031894190909029,-1.2863986150784386,7.179030087304801,0.005503276972753641,-0.005463463384443642,-0.0006607762750614682,11.700000000000001,1.8242476831348493,-1.2536526001021393,-1.3252300810349917,1.0,0.0
11.75,-0.0007600208528404645,-1.232931953194618,7.209709703062513,0.5167394585612931,0.41870213594177474,0.30283360017014954,11.75,1.5078908968154052,-0.705377471689703,-1.3327331237466147,11.75,-0.0005411116491398162,-0.8778099179475489,7.209709703062513,0.00539490381953184,-0.005168526181758851,0.0015463907431411095,11.75,1.7211505477225006,-0.8538289137357329,-1.4944348075424108,1.0,0.0
11.8,-0.00036996030623511367,-0.6078566218740914,7.240389318820227,0.5222637035469607,0.5208079751807163,-0.03896702491530639,11.8,1.4102807170797533,-0.3564065585821721,-1.364502131169679,11.8,-0.000279314575614253,-0.45892278580063744,7.240389318820227,0.004815133694303224,-0.003650533240743688,0.003139923494647537,11.8,1.6188557122949572,-0.4505887248640665,-1.5548837957401793,1.0,0.0
11.850000000000001,0.000738666836278362,1.2291465092349851,7.271068934577939,0.5150422831618763,0.3597925958108519,-0.3685347221691429,11.850000000000001,1.314386362546005,-0.035638893373223776,-1.3139031088044697,11.850000000000001,-3.576774031716925e-05,-0.05951775684904925,7.271068934577939,0.00395187157151085,-0.0018616162470323628,0.003485925109135418,11.850000000000001,1.5175024121611667,-0.07111684778101436,-1.5158350717926576,1.0,0.0
11.9,0.001408207077686526,2.3730528308271484,7.301748550335652,0.4975272610621868,0.012774360206956329,-0.49736323871125043,11.9,1.2204267431655584,0.23979748382671454,-1.1966363700740792,11.9,0.00017503651456014292,0.2949643578396559,7.301748550335652,0.0031480515025053704,-0.0007548085633083311,0.00305622189887821,11.9,1.4172433302122782,0.26225576645638304,-1.392767234677627,1.0,0.0
11.950000000000001,0.0013312264436317865,2.2717244473899023,7.332428166093365,0.47394978075527194,-0.32305157737492435,-0.34679399221085655,11.950000000000001,1.1286554440092185,0.45865994796279297,-1.0312585337471947,11.950000000000001,0.0003428340935518401,0.585042909451018,7.332428166093365,0.0028404715373651847,-0.0003449491639476595,0.002819448284482896,11.950000000000001,1.3182492003783965,0.533315932955104,-1.2055517699188654,1.0,0.0
12.0,0.00027778365679294255,0.4800101589382047,7.3631077818510775,0.4496030592589193,-0.4495390061673185,-0.007588993943788564,12.0,1.0393734156971888,0.6158131181622905,-0.8373000064237895,12.0,0.0004619442815782135,0.7982397185671529,7.3631077818510775,0.003152173796731396,0.00020437071514831223,0.003145541647409837,12.0,1.220715303369964,0.7326331177970559,-0.9764192575879423,1.0,0.0
12.05,-0.0007710381675073487,-1.3490778676857043,7.39378739760879,0.4293901989710451,-0.29601140341452004,0.31105175135491514,12.05,0.9529466651868341,0.7119045604566201,-0.6334818414854325,12.05,0.0005312306445177726,0.9294890128101323,7.39378739760879,0.003708520809811907,0.0015723285621284306,0.003358706520302586,12.05,1.124870770043025,0.8576103566928622,-0.727900216643964,1.0,0.0
12.100000000000001,1.4746132660313452e-05,0.026123673521837566,7.424467013366503,0.4158665553812528,0.032236002696949366,0.414615281935906,12.100000000000001,0.8698308889208238,0.7525649615625684,-0.43617858034195184,12.100000000000001,0.000553699878136453,0.9809131098112932,7.424467013366503,0.004157489020383774,0.0033786205395579887,0.002422733622230995,12.100000000000001,1.0309921108318292,0.9119576221039125,-0.4809137428729274,1.0,0.0
12.15,0.00048228895202881975,0.8650399149736245,7.455146629124216,0.4078527766673531,0.322498519826593,0.24967697560032726,12.15,0.7906054044900752,0.7472398375795606,-0.25824316204497527,12.15,0.0005358035638800302,0.9610244385478891,7.455146629124216,0.004339532561166183,0.004337939353001948,0.00011757984137844076,12.15,0.9394231860770356,0.9046701879020789,-0.2531556313028528,1.0,0.0
12.200000000000001,0.0004101008703884155,0.7446808452930637,7.485826244881929,0.40081819338658914,0.3956704077479076,-0.06403243383078386,12.200000000000001,0.7160185490348104,0.7077852149030274,-0.10827119712366104,12.200000000000001,0.00048651814450400795,0.883442999661314,7.485826244881929,0.004209266626003288,0.0034149913504373853,-0.0024608453029849203,12.200000000000001,0.850605072828559,0.8486318695439007,-0.05790457595131927,1.0,0.0
12.25,0.0005990484631619092,1.1012101975396165,7.516505860639642,0.3888338517581248,0.2226948117917728,-0.3187456432236937,12.25,0.6470445095510414,0.6469723740966978,0.009661495527622,12.25,0.000416241100514463,0.7651617067879072,7.516505860639642,0.0037771777432249244,0.0009288439305975578,-0.0036611911526859414,12.25,0.7651211229076823,0.758988784328636,0.09667656377246704,1.0,0.0
12.3,0.00032164257803437646,0.5985340592590962,7.547185476397354,0.3667089384177279,-0.0641092320506608,-0.3610615624534568,12.3,0.5849441132831072,0.5770461870186953,0.09579829701902629,12.3,0.0003356762899389487,0.6246489306298217,7.547185476397354,0.003083352183840384,-0.0014843155195894799,-0.002702566951603434,12.3,0.6837648784562093,0.6514517461377901,0.2077138210718267,1.0,0.0
12.350000000000001,-2.7793011387077706e-05,-0.05235238580417668,7.577865092155068,0.33137685135039857,-0.2706446193095454,-0.1912122058073056,12.350000000000001,0.5313037632180697,0.5084684401769437,0.1540893706707521,12.350000000000001,0.0002547990413355368,0.47995294675892797,7.577865092155068,0.002200195985161134,-0.0021468216433858573,-0.0004816837184389972,12.350000000000001,0.6076402875347989,0.5406839857372779,0.27728603751834335,1.0,0.0
12.4,0.0004205754924232972,0.8018793276660767,7.60854470791278,0.28255693817845295,-0.27822755617487355,0.04927322089877668,12.4,0.48799285428698336,0.4489534954563823,0.1912531954050783,12.4,0.0001819792307585006,0.34696596886569553,7.60854470791278,0.0013232164754586322,-0.0007970956967723932,0.0010561914083688135,12.4,0.5383000362444142,0.4389161348666561,0.3116401058504074,1.0,0.0
12.450000000000001,0.001586122311965291,3.060868899571981,7.639224323670493,0.2232267655672854,-0.11951561918174725,0.18853701397135622,12.450000000000001,0.45694483983907797,0.4028712228398662,0.2156232001967123,12.450000000000001,0.0001233288326676627,0.23799765345033894,7.639224323670493,0.0012140526014272623,0.0010848910094862839,0.0005449176236534611,12.450000000000001,0.47790389058839217,0.3549039813936747,0.32005513998440976,1.0,0.0
12.5,0.0018514870610855528,3.6161856661827203,7.669903939428206,0.1610936410661954,0.058842879131482805,0.14996225114168532,12.5,0.4396960502064664,0.3710544930565093,0.2359050227310651,12.5,8.231711924495174e-05,0.16077562352529637,7.669903939428206,0.002144016312153664,0.0014747686851632523,-0.0015562336816952811,12.5,0.42930200701748406,0.2933089741416638,0.31348055588378165,1.0,0.0
12.55,0.0002507363010662131,0.49561950794644943,7.7005835551859185,0.11454442089507252,0.11454441896712311,2.101598666196902e-05,12.55,0.43679867666031974,0.3510091149200321,0.25997247003339075,12.55,5.967094732653531e-05,0.11794895843528523,7.7005835551859185,0.0032665880476967953,-0.0004233370076296382,-0.0032390404831256344,12.55,0.3957946198244544,0.2545401072549974,0.3030886254556558,1.0,0.0
12.600000000000001,-0.00041116640325905557,-0.8224874050857368,7.731263170943632,0.11512987949277766,0.017704808078083646,-0.11376040138352066,12.600000000000001,0.44746843895078237,0.33748644197128663,0.29382121322772364,12.600000000000001,5.355165746748344e-05,0.1071234503581747,7.731263170943632,0.004252408815328345,-0.003353562152053226,-0.0026146895848261514,12.600000000000001,0.3802390502370416,0.2350523355336681,0.2988848187602297,1.0,0.0
12.65,-0.0002745330358587721,-0.5557330035434861,7.761942786701344,0.1566856418178058,-0.13240648705985716,-0.08377895043700188,12.65,0.4697697647592001,0.3233461857002834,0.34077980584974815,12.65,5.997617346100055e-05,0.12140884580343647,7.761942786701344,0.004941609466583342,-0.004926086810325309,0.00039137304118337305,12.65,0.38364955246474786,0.22805485344371748,0.30850925906229437,1.0,0.0
12.700000000000001,-0.00027166014443513183,-0.5564640216384689,7.792622402459057,0.2051132947536959,-0.1920221050525072,0.07210391706364108,12.700000000000001,0.5012070559333177,0.30061195459321544,0.40104982941399,12.700000000000001,7.342983863675376e-05,0.15041243315626962,7.792622402459057,0.005228002181257306,-0.0035970230014862295,0.003793867727532175,12.700000000000001,0.40440844699555245,0.22454598296181963,0.3363410375453236,1.0,0.0
12.75,-0.0007322558282276253,-1.51772606047223,7.82330201821677,0.24380067912568124,-0.09121922163149278,0.22609251369094022,12.75,0.5393119430427301,0.2616066419449922,0.4716135460297866,12.75,8.760386757000467e-05,0.18157407245357327,7.82330201821677,0.005061307135939042,-6.963361431361677e-05,0.005060828102599919,12.75,0.4389939347958853,0.2145631182502169,0.38298608731169,1.0,0.0
12.8,-0.0009743031753469074,-2.043261852785118,7.853981633974483,0.26646362757526876,0.10709424840611892,0.24399525974678282,12.8,0.5819749427372993,0.2000500769306793,0.5465114826736142,12.8,9.618203638003375e-05,0.20170834995846057,7.853981633974483,0.0044699763272579825,0.003120806438995688,0.0032001961715760197,12.8,0.48346132108041645,0.18851846746558043,0.44519168501360223,1.0,0.0
12.850000000000001,-0.0008374590395973001,-1.776940793916882,7.884661249732195,0.27152328214076,0.25425407202293693,0.09528777258518512,12.850000000000001,0.6275340333747196,0.1120074487995841,0.617457119528921,12.850000000000001,9.359982469140163e-05,0.19860236612598672,7.884661249732195,0.0036070397533755384,0.0035929094420863914,-0.00031896320069550694,12.850000000000001,0.5344438200820866,0.1384855711300961,0.5161898327289146,1.0,0.0
12.9,-0.0006297221832224476,-1.351817683779613,7.915340865489909,0.26097457627876613,0.2330829567905992,-0.1173885203826728,12.9,0.674732991115319,-0.003406903570447532,0.6747243898863349,12.9,7.570452045893916e-05,0.16251406131947968,7.915340865489909,0.0028637305755030546,0.0010871434308468222,-0.0026493531229033356,12.9,0.5894227911796744,0.05930807694622501,0.5864313930639958,1.0,0.0
12.950000000000001,-0.000608191830973272,-1.3208390124126472,7.946020481247621,0.2405860806095365,0.05393265213204769,-0.23446307004955372,12.950000000000001,0.7226386074717913,-0.14364132983214956,0.7082186988302563,12.950000000000001,4.025611944680893e-05,0.08742612173629377,7.946020481247621,0.0028938852438496906,-0.0022307012887721528,-0.0018435139177237691,12.950000000000001,0.6466176991409662,-0.050579728661514826,0.6446364400892062,1.0,0.0
13.0,-0.0001631553321485797,-0.35845226473042957,7.976700097005334,0.22046597771484863,-0.14711173595710814,-0.16420531195259863,13.0,0.770559839076724,-0.302674910334369,0.7086256869829293,13.0,-1.2774965837223035e-05,-0.028066599944379007,7.976700097005334,0.0037714738189062757,-0.0034539498835562043,0.0015146765227524893,13.0,0.7047888648040235,-0.18870331365666188,0.6790569956688021,1.0,0.0
13.05,0.00044944485307387105,0.9988676462824988,8.007379712763047,0.2138241133522714,-0.20991718765072234,0.04068815281745316,13.05,0.8179826392273621,-0.47134865101369716,0.6685252779550889,13.05,-8.11378518284575e-05,-0.1803246260937573,8.007379712763047,0.004871779964259293,-0.0012902812544949166,0.0046978095219428915,13.05,0.7630676971016048,-0.3485168293394761,0.6788286455557875,1.0,0.0
13.100000000000001,-0.00030067388097925157,-0.6759422457645269,8.03805932852076,0.2297112301272075,-0.07599119409048642,0.21677773794201496,13.100000000000001,0.8645214469018502,-0.6380329463457172,0.5833620586999739,13.100000000000001,-0.0001604621539038582,-0.3607335240318786,8.03805932852076,0.005735283925519301,0.002827576486006552,0.004989818926785111,13.100000000000001,0.820835288398506,-0.5197990102114595,0.6352791194927199,1.0,0.0
13.15,-0.0008684329050255607,-1.9747563956035652,8.068738944278472,0.2652411487601365,0.1590020782246427,0.21229980243947816,13.15,0.9098843061437972,-0.7895733461851957,0.452176272664425,13.15,-0.0002446394056449567,-0.5562930977377163,8.068738944278472,0.00612174188035627,0.005821628794886248,0.001893241089840174,13.15,0.877641169328257,-0.6894446709114467,0.5430654360679541,1.0,0.0
13.200000000000001,-0.0005325670714925457,-1.2248872222865677,8.099418560036185,0.3101184817949359,0.31003212409172154,0.007318113279484386,13.200000000000001,0.9538481055022365,-0.9124310023167933,0.27802135598075484,13.200000000000001,-0.00032639878895948226,-0.7507067698455627,8.099418560036185,0.005925007022783754,0.005411837270345621,-0.002411996181451137,13.200000000000001,0.9331500482651414,-0.8425834868302615,0.4010262837996957,1.0,0.0
13.25,-0.0002350476282926253,-0.5467685274581434,8.130098175793899,0.3549205394262697,0.24038001445616977,-0.26112456406222284,13.25,0.9962410230379395,-0.9939160832640088,0.06802202152841437,13.25,-0.00039797412438205516,-0.9257686518066754,8.130098175793899,0.005157191761161976,0.001963213211111631,-0.004768901419521452,13.25,0.9871068967743665,-0.9639269076831667,0.21266156752899099,1.0,0.0
13.3,-0.0007397143953180139,-1.7402794558577865,8.160777791551611,0.3936753298532084,-0.029599607700702177,-0.39256098705678455,13.3,1.0369300159443287,-1.0234034017189124,-0.16694111331982944,13.3,-0.00045181534017929613,-1.0629574864733988,8.160777791551611,0.003978500864335913,-0.0017732102640443202,-0.0035614876789074367,13.3,1.0393138393407715,-1.0392220079531593,-0.013815745765559344,1.0,0.0
13.350000000000001,-0.0009207905346103191,-2.1908096405787454,8.191457407309324,0.4234902413917978,-0.3262974508930209,-0.26995176994196535,13.350000000000001,1.0758118276364224,-0.9934201755391349,-0.4129012512868104,13.350000000000001,-0.00048129458646226325,-1.1451299512175395,8.191457407309324,0.002847373446253518,-0.002847274227591901,-2.37700509166144e-05,13.350000000000001,1.089614639682251,-1.056679745037185,-0.26587211105723685,1.0,0.0
13.4,-0.00043442202846515407,-1.045264580378121,8.222137023067036,0.4437674334943542,-0.4411724441832812,0.047920867307632516,13.4,1.1128064546190022,-0.9005060841533988,-0.6537790130039549,13.4,-0.00048134697417530695,-1.1581708799511028,8.222137023067036,0.0027749014339762987,-0.00048106180810523363,0.002732884466102847,13.4,1.1378841207822095,-1.0082454659507607,-0.5274669209704391,1.0,0.0
13.450000000000001,-0.000420827971148755,-1.0239327910824216,8.252816638824749,0.4554251724472211,-0.2802043820543996,0.35902310785810587,13.450000000000001,1.1478523451382148,-0.7457646255093668,-0.8725824485847588,13.450000000000001,-0.00044899225674118495,-1.0924604022028939,8.252816638824749,0.003961080852959781,0.0032856774568615415,0.0022123483390181697,13.450000000000001,1.184020832321275,-0.8905915571785411,-0.7802256145840551,1.0,0.0
13.5,-0.0004351187652411351,-1.0705553320301577,8.283496254582463,0.46008088718651763,0.06407646559402433,0.4555970031851735,13.5,1.1809028278889147,-0.5350505518757782,-1.052735672357245,13.5,-0.0003836936714374493,-0.9440303168629144,8.283496254582463,0.005406177197398432,0.005208714014923761,-0.0014477742228702526,13.5,1.2279418881270885,-0.7057348452184266,-1.0048779074403231,1.0,0.0
13.55,0.0002988228872284265,0.7434157250144398,8.314175870340176,0.4592288736733728,0.3719628775101017,0.2693228103405273,13.55,1.2119234230754443,-0.27876863449542444,-1.1794263147057806,13.55,-0.000287523255462664,-0.7153043443251852,8.314175870340176,0.0065276704178260985,0.0034283763817679683,-0.005554882219156183,13.55,1.2695792764255684,-0.46121278820464195,-1.182841622164933,1.0,0.0
13.600000000000001,0.0013007869849405425,3.272072425990598,8.344855486097888,0.45357828385692045,0.44646537659307534,-0.08001204340718042,13.600000000000001,1.2408897929567972,0.00870841809603026,-1.2408592352554049,13.600000000000001,-0.00016511821642538804,-0.415347608216541,8.344855486097888,0.007057170585653175,-0.0010360445133513149,-0.006980706872614192,13.600000000000001,1.308877185048517,-0.16978996489269257,-1.2978177273262483,1.0,0.0
13.65,0.0006089720463282724,1.5487998994922938,8.3755351018556,0.4427584424171326,0.2472484181441153,-0.367291788714202,13.65,1.267786160672843,0.3099631236035369,-1.2293106243742982,13.65,-2.3429208977221916e-05,-0.05958755697883758,8.3755351018556,0.00687323015304561,-0.005080797000266119,-0.00462890857317599,13.65,1.3457900363208626,0.15129333781696508,-1.3372588185511098,1.0,0.0
13.700000000000001,0.00012510057569025592,0.3216777406028667,8.406214717613313,0.4254870080004434,-0.08607141040505886,-0.4166904202019208,13.700000000000001,1.2926040754834982,0.6057290549609765,-1.141892117466721,13.700000000000001,0.00012872255631401835,0.3309911313457201,8.406214717613313,0.005968756248917943,-0.005962036364786399,-0.0002831493315576979,13.700000000000001,1.3802810249549595,0.4814789616339801,-1.293581739726786,1.0,0.0
13.75,0.00044953638888839105,1.1686190109579073,8.436894333371026,0.4000983738565453,-0.33564434575159746,-0.21776496946853963,13.75,1.3153414368033538,0.8762679038822099,-0.9809575199761655,13.75,0.000281247735684244,0.7311342503822826,8.436894333371026,0.004451782785983225,-0.0034361369770044455,0.002830429763982728,13.75,1.4123210169410618,0.7983680019049664,-1.1650146730525357,1.0,0.0
13.8,0.0005998142137305107,1.576354940307171,8.46757394912874,0.36520206155515994,-0.3568513039553187,0.07765109548182528,13.8,1.3360017134126438,1.102820829382755,-0.7541132517871916,13.8,0.00042350687466930046,1.113006559125898,8.46757394912874,0.0026074289398816002,0.0001028026287789675,0.0026054015613813197,13.8,1.4418877104504109,1.079401503409374,-0.9559982029196034,1.0,0.0
13.850000000000001,0.000827539004040272,2.1985573183448346,8.498253564886452,0.3202695105076966,-0.1706762629771282,0.27100216349136724,13.850000000000001,1.3545933112016895,1.269020341144175,-0.4738252974617112,13.850000000000001,0.000545091081994396,1.4481661669508006,8.498253564886452,0.0016064483634638264,0.0015772421305353872,-0.00030493213366222755,13.850000000000001,1.4689649888119314,1.3036099679420934,-0.6770961451945003,1.0,0.0
13.9,0.0013248923496592183,3.5581560671994406,8.528933180644165,0.2660975795214259,0.06586336225038236,0.2578176474569506,13.9,1.3711290549308988,1.362151381439627,-0.1566476917091824,13.9,0.0006366072929653083,1.7096846415261986,8.528933180644165,0.0030767459311232988,-0.0003041679188406853,-0.0030616739542008555,13.9,1.4935424155031802,1.453289070255326,-0.34441228953607944,1.0,0.0
13.950000000000001,0.001580427970817959,4.290395516965872,8.559612796401877,0.20537203461918205,0.18378549691750729,0.0916545892272036,13.950000000000001,1.3856257582311895,1.374161638277969,0.17787223998973792,13.950000000000001,0.0006904091948423713,1.8742572069834107,8.559612796401877,0.004990733191943156,-0.004029098784386327,-0.002945128312793815,13.950000000000001,1.515614834885445,1.5154630432552918,0.021449761123248506,1.0,0.0
14.0,0.00102372611564381,2.8091044613266147,8.59029241215959,0.14441306620825575,0.12574996245611328,-0.0710076096904843,14.0,1.3981038624327056,1.302340464253771,0.508530948238671,14.0,0.000701218314990974,1.9241430563352329,8.59029241215959,0.00652088828213788,-0.006504558043352117,0.00046120347872322055,14.0,1.535182052100295,1.4830128735262538,0.3968082030985205,1.0,0.0
14.05,0.0007142879366007494,1.981081252887854,8.620972027917304,0.10053177337850638,-0.021571185496134,-0.09819023075091912,14.05,1.4085871294827441,1.1496114758586844,0.8139478828023663,14.05,0.0006665872422878298,1.8487831327449131,8.620972027917304,0.0074053812368627845,-0.005520351303790019,0.004936131354210828,14.05,1.5522485724341177,1.3553724724407705,0.7565983687357178,1.0,0.0
14.100000000000001,0.0006906692007240978,1.9360984075230068,8.651651643675017,0.10744233842327212,-0.10620347505020362,0.01626892661246327,14.100000000000001,1.4171023776758462,0.9244138602307251,1.0740754926111415,14.100000000000001,0.0005871678717014447,1.645961308478796,8.651651643675017,0.00752057699725104,-0.0014867334237644069,0.007372157221481595,14.100000000000001,1.5668233854138238,1.1387302139506006,1.0762104909894046,1.0,0.0
14.15,0.0007425333057691747,2.1037070286233157,8.682331259432729,0.1575689173862676,-0.03693677572244312,0.15317845254966628,14.15,1.423679251505597,0.6401791994188568,1.2716262044323277,14.15,0.0004667601784654091,1.3224008411339838,8.682331259432729,0.006845880274327969,0.0029112464416133892,0.006196024603455522,14.15,1.5789197825031598,0.8457128264796373,1.3333257271603396,1.0,0.0
14.200000000000001,0.0007810139577567167,2.236267893077314,8.713010875190442,0.21880129290732198,0.1409419195495415,0.1673600343319942,14.200000000000001,1.428350018895937,0.31444170014964623,1.3933090804581099,14.200000000000001,0.0003121544513772863,0.8937880947751674,8.713010875190442,0.005457444888320898,0.0048294035403901175,0.002541764377971982,14.200000000000001,1.588555199921181,0.4945703126414024,1.5096051897931488,1.0,0.0
14.25,0.0005925060858115471,1.714499680464029,8.743690490948154,0.2782729256780562,0.27814987373538563,0.008274594033185726,14.25,1.431149390548858,-0.03235235607610055,1.4307836674790122,14.25,0.00013275470659695728,0.3841444121689111,8.743690490948154,0.003522701248470089,0.003449272176891686,-0.0007155036936966953,14.25,1.5957510800751713,0.10792089361675393,1.5920975442107925,1.0,0.0
14.3,-3.5841727493257677e-06,-0.010480863042787657,8.774370106705868,0.33143306701826786,0.23749549252856847,-0.2311790841355427,14.3,1.432114357276754,-0.3782475134883787,1.381260421085781,14.3,-6.002139585119438e-05,-0.1755149858978336,8.774370106705868,0.0013551085467741514,0.0005181218793515512,-0.001252145715033825,14.3,1.6005327465796004,-0.28884940041118856,1.5742525517704382,1.0,0.0
14.350000000000001,-0.0005624192508106991,-1.6619420668122002,8.80504972246358,0.3764181798980496,0.005677645579844923,-0.3763753585165082,14.350000000000001,1.4312840420596753,-0.7012903719241554,1.2477042210801252,14.350000000000001,-0.0002535088493579992,-0.7491155760580893,8.80504972246358,0.0014580147845552546,-0.0011319823749240362,0.0009189249233985572,14.350000000000001,1.6029292889542162,-0.6694098843934931,1.456458963398406,1.0,0.0
14.4,-0.0007132051500155533,-2.129619166664042,8.835729338221293,0.41257789874851425,-0.2843293490319582,-0.29896043854463783,14.4,1.4286995642446627,-0.9810376838511458,1.0386277041061769,14.4,-0.00043467184535315995,-1.29792317547501,8.835729338221293,0.0035567628061019684,0.0001356635275320786,0.0035541745970292314,14.4,1.602973453953008,-1.0083904520850202,1.2460628355832641,1.0,0.0
14.450000000000001,-0.0008522895690432748,-2.5715247850952894,8.866408953979006,0.439911586042003,-0.4395773111426368,-0.017146167577626423,14.450000000000001,1.4244039138337405,-1.199951035735775,0.7674920335622506,14.450000000000001,-0.0005910266170198583,-1.783243218644176,8.866408953979006,0.00533793057475172,0.003495608823056409,0.004034132097123173,14.450000000000001,1.6007015411396748,-1.283221564422585,0.9568635432535736,1.0,0.0
14.5,-0.00047492583595582893,-1.447870776640839,8.897088569736718,0.45874640675736117,-0.34162197670783184,0.3061742816485798,14.5,1.4184418342243117,-1.344577414950991,0.45176189777507814,14.5,-0.0007115421760241043,-2.169225266381485,8.897088569736718,0.006532219429395809,0.0063676333958506545,0.0014570983528312603,14.5,1.5961533008438147,-1.4757669164609022,0.6081261119817875,1.0,0.0
14.55,-0.0006667776402111669,-2.0538560786325064,8.92776818549443,0.46953900334807913,-0.033343813090595725,0.4683535692120717,14.55,1.4108597120969177,-1.4064320809687814,0.11168674424487977,14.55,-0.0007874513459826956,-2.4255638402357187,8.92776818549443,0.007010865796520965,0.006480091377012752,-0.002675940014722402,14.55,1.589371833041267,-1.5736233873051138,0.22318660038482854,0.9938441702975687,0.0
14.600000000000001,-0.0016914949989745127,-5.264162480128546,8.958447801252145,0.47279002646942564,0.30379203142675104,0.36227173609124974,14.600000000000001,1.4017054734106393,-1.382523365895688,-0.2311003611892516,14.600000000000001,-0.0008129105335627754,-2.529888136279922,8.958447801252145,0.006735461981465229,0.003630087095773602,-0.005673527631100556,14.600000000000001,1.5804034860286433,-1.5709895697066676,-0.17224096645208212,0.975528258147576,0.0
14.65,-0.001038338781786555,-3.264765175091879,8.989127417009858,0.4690638633004462,0.4665528847551144,0.04846971818590026,14.65,1.391028484680787,-1.2754864313167065,-0.5550627070163325,14.65,-0.0007854574899017149,-2.4696508543522118,8.989127417009858,0.005754257976514791,-0.00022227087776030083,-0.00574996352311767,14.65,1.569297754025767,-1.4690386404383373,-0.5519247355295817,0.9455032620941837,0.0
14.700000000000001,0.0002668701538063328,0.8477191815793538,9.01980703276757,0.45908293443797277,0.3605813174323796,-0.28414477684960093,14.700000000000001,1.3788794588887001,-1.0933224226915688,-0.8402110700205234,14.700000000000001,-0.0007062310738332933,-2.2433592493461547,9.01980703276757,0.004193294880596124,-0.0025355994487421436,-0.003339828946394141,14.700000000000001,1.5561071730554823,-1.2757707034231065,-0.8909986791920831,0.9045084971874728,0.0
14.75,-9.388584086981978e-05,-0.30128406425004245,9.050486648525283,0.44384513673544246,0.05746871626012752,-0.44010890931122554,14.75,1.3653103655182843,-0.8487685938447626,-1.0694223993794294,14.75,-0.0005799345988343256,-1.8610373120936712,9.050486648525283,0.00224047082731715,-0.002146789772651997,-0.0006410953128014446,14.75,1.540887214629394,-1.0053607667584974,-1.1677256256805781,0.8535533905932737,0.0
14.8,-0.0015937790239538075,-5.166700089621262,9.081166264282995,0.42470531746556156,-0.2562489324355681,-0.3386902586570141,14.8,1.350374344335469,-0.5583515977935495,-1.2295342057384326,14.8,-0.00041454337560306256,-1.3438633986830035,9.081166264282995,0.00019361952769624403,-6.983252269408972e-05,0.00018058776337143126,14.8,1.523696176919326,-0.6770578462456565,-1.3650064880416366,0.7938926261462357,0.0
14.850000000000001,-0.0008885898655603194,-2.9099177706261803,9.11184588004071,0.40336725520556754,-0.3993941662995242,-0.05647514938432228,14.850000000000001,1.3341256226305205,-0.24119827550961623,-1.3121412152853296,14.850000000000001,-0.00022077609042009573,-0.7229885166850338,9.11184588004071,0.0019553177452539473,0.0014329618317358048,-0.0013303713292511035,14.850000000000001,1.504595073224481,-0.31372513903976046,-1.4715239962385473,0.7269952498697714,0.0
14.9,-0.0008419154454843703,-2.785013355974577,9.142525495798422,0.38174869073974355,-0.3044993798908699,0.23024376327619403,14.9,1.3166194357336334,0.08230566590721689,-1.3140443355956908,14.9,-1.1367230413968261e-05,-0.0376022184806559,9.142525495798422,0.0037252218402431753,0.0007028671279189118,-0.003658313212331029,14.9,1.4836475176589912,0.05986196394339952,-1.48243937546482,0.6545084971874732,0.0
14.950000000000001,-0.0011186489899904556,-3.7378116459858606,9.173205111556134,0.3617120496037152,-0.047498538286870964,0.3585798316820554,14.950000000000001,1.2979119506949683,0.3919097881697838,-1.2373286344757133,14.950000000000001,0.0001998074556183829,0.6676291144477471,9.173205111556134,0.005031837661556777,-0.002025607486342556,-0.00460611599544933,14.950000000000001,1.4609196080883244,0.4188261429489663,-1.399596643065221,0.5782172325201137,0.0
15.0,-0.000763758242215162,-2.577684067476172,9.203884727313847,0.3447085239754608,0.21136724908160565,0.2723010328974448,15.0,1.278060193094492,0.6688453180055591,-1.0890747438788453,15.0,0.0003986896019414464,1.3455774065523818,9.203884727313847,0.005752397537337562,-0.00487306167001022,-0.003056688958308394,15.0,1.4364798064398998,0.7399666577574253,-1.2312284839610061,0.5000000000000001,0.0
15.05,0.00016228898868493057,0.5532208679771078,9.23456434307156,0.3314587740121697,0.3288889409352801,0.041194458366634976,15.05,1.257121977017044,0.8970295427952542,-0.8807347298998597,15.05,0.0005720119613228337,1.9499101960063538,9.23456434307156,0.005835302158751796,-0.005832330659884042,0.0001861997790276599,15.05,1.4103988166067971,1.0033712137731932,-0.99119676616561,0.4217827674798836,0.0
15.100000000000001,0.0007869064623967461,2.7092803916153403,9.265243958829272,0.32183392727965293,0.2563518681388358,-0.1945785097331508,15.100000000000001,1.2351558382965095,1.064047090371305,-0.6272270197865467,15.100000000000001,0.0007082174744414739,2.4383580618457477,9.265243958829272,0.0053017507870569336,-0.0043131076439722055,0.003083125663927332,15.100000000000001,1.382749460257318,1.1937421406904847,-0.6978364933002597,0.3454915028125242,0.0
15.15,-0.0002936089031545287,-1.0209562195354225,9.295923574586986,0.31502569376198547,0.05194861810309588,-0.3107129363373835,15.15,1.2122209712018084,1.1618457817746983,-0.3458237446934427,15.15,0.0007982663146075125,2.775784214946717,9.295923574586986,0.004239932805928097,-0.0015175928024925797,0.003959032998676321,15.15,1.3536065509610173,1.3013428915337029,-0.37250150799598425,0.27300475013022607,0.0
15.200000000000001,-0.0001291389089713452,-0.453511053636842,9.326603190344699,0.309923462390708,-0.1669239118426697,-0.26113015949021523,15.200000000000001,1.1883771688087588,1.1871076054594998,-0.054916558578753626,15.200000000000001,0.0008362536042531884,2.936762097445182,9.326603190344699,0.0027920686592236136,0.0005768970243052455,0.0027318193976115074,15.200000000000001,1.32304676714787,1.3225029175290135,-0.037931269260039896,0.20610737385376204,0.0
15.25,0.0008434720227737143,2.991439425018757,9.357282806102411,0.3054986111902582,-0.292758708886132,-0.08730257619624726,15.25,1.1636847673777806,1.1412804090410342,0.2272471468824397,15.25,0.000819785828736183,2.907434487380743,9.357282806102411,0.0011375483254611473,0.0007611463201599375,0.0008453830327528738,15.25,1.2911485245364387,1.2596552591241599,0.2834310155460556,0.1464466094067263,0.0
15.3,0.00046067970332705954,1.6499598298030203,9.387962421860124,0.30103012900408216,-0.27704684906072274,0.11774626106055106,15.3,1.1382045951399447,1.0302811610613094,0.48376691656193854,15.3,0.0007501226255448341,2.6866219428309908,9.387962421860124,0.0005596374640978719,-0.0005581363328630945,4.096248478832556e-05,15.3,1.2579918488053292,1.1209186585166075,0.5710383985775203,0.09549150281252565,0.0
15.350000000000001,0.0008324829274099605,3.0109287264520805,9.418642037617836,0.2961265183038406,-0.1404480025014731,0.26070150255819596,15.350000000000001,1.1119979259853334,0.8639051685499058,0.7001480180279323,15.350000000000001,0.0006320687887283207,2.2860697924423303,9.418642037617836,0.0020651730067313702,-0.001812418677625592,0.0009899889316178183,15.350000000000001,1.2236582494477184,0.9192715499063455,0.8076381175837604,0.054496737905815086,0.0
15.4,0.0014186009088706375,5.181105029835511,9.44932165337555,0.29059980364592086,0.04879783456999632,0.28647341450879354,15.4,1.08512643865049,0.6549957121628764,0.8651473891231144,15.4,0.0004736260671627643,1.7298074345601462,9.44932165337555,0.0032639453836132443,-0.0015881249896042015,0.0028515256415829167,15.4,1.188230595951508,0.6713960497382097,0.9803669178176114,0.024471741852423023,0.0
15.450000000000001,0.0008634709574503317,3.184440847611172,9.480001269133263,0.2842904858478458,0.20894043779121751,0.1927821926403436,15.450000000000001,1.0576521821185048,0.4184437728588089,0.9713562411884326,15.450000000000001,0.00028543143255221534,1.0526578863698857,9.480001269133263,0.004040022647001176,0.00026986781867864633,0.004030999174984289,15.450000000000001,1.1517929977014412,0.3962936412441987,1.081470507902775,0.0061558297024308685,0.0
15.5,-0.00011685050451363009,-0.4351366724956942,9.510680884890975,0.27693790472743574,0.27586582144526506,0.024344437417024026,15.5,1.0296375480790465,0.17009689359157495,1.015490289074557,15.5,8.002268329134255e-05,0.29799446974154825,9.510680884890975,0.004338273466388486,0.0026041556950800386,0.0034697247419575774,15.5,1.114430689322859,0.11378887206588903,1.1086062663987586,3.749399456654644e-33,0.0
15.55,-0.00031798184934025964,-1.195620935245276,9.541360500648688,0.26815370952321543,0.2249348345582786,-0.14598195824587654,15.55,1.0011452514494692,-0.07434074199965941,0.9983813242337624,15.55,-0.00012901661003458776,-0.4851061790846648,9.541360500648688,0.004160656552948261,0.0039060584860481197,0.00143309806194928,15.55,1.0762299236052855,-0.15695790261767148,1.0647229993145166,0.0,0.0
15.600000000000001,-8.883219666687612e-06,-0.03372439727412753,9.5720401164064,0.25750379096466186,0.0807777522354336,-0.24450594492765035,15.600000000000001,0.9722383201355517,-0.3003382007376274,0.9246860636549488,15.600000000000001,-0.00032797341448761433,-1.2451235183354112,9.5720401164064,0.003561990276812155,0.00347744036000822,-0.0007714812212168444,15.600000000000001,1.0372778746932163,-0.39881300455208263,0.9575456003388123,0.0,0.0
15.65,0.0013549399030543634,5.1935349505512765,9.602719732164113,0.24466077062467056,-0.08956633167060511,-0.22767688708722458,15.65,0.9429800954148994,-0.49542790813950505,0.8023482088128613,15.65,-0.0005039201637271405,-1.931544695602208,9.602719732164113,0.0026404373981218044,0.0018863598393116438,-0.001847581178198239,15.65,0.9976625549614879,-0.5978060055930252,0.7987230766975472,0.0,0.0
15.700000000000001,0.0006658845799444418,2.5769020747349365,9.633399347921827,0.22957495658224164,-0.20375127656829684,-0.10578316494852827,15.700000000000001,0.9134342445610409,-0.6499001240578135,0.6418659890401096,15.700000000000001,-0.0006455667313622898,-2.4982741747318067,9.633399347921827,0.0015255085528066668,0.0004256811849353064,-0.0014649136061482822,15.700000000000001,0.9574727499745781,-0.7439616219074627,0.6027231305273578,0.0,0.0
15.75,1.732502422683312e-05,0.06768859895073345,9.66407896367954,0.21262640221559395,-0.20507375084148288,0.05616710456266132,15.75,0.8836647875946255,-0.7572633911922405,0.4554290429854934,15.75,-0.0007439930690904578,-2.9067692960447142,9.66407896367954,0.0004025919708096178,7.446973634173847e-05,-0.00039564447845201136,15.75,0.9167979772656767,-0.8317761997579893,0.3855734490788931,0.0,0.0
15.8,0.0009245395818635786,3.646672567219496,9.694758579437252,0.19474577596486,-0.09702662495251844,0.16885423094041432,15.8,0.8537361403514866,-0.8144520527418186,0.2559946310509091,15.8,-0.0007932150243238729,-3.128687539020944,9.694758579437252,0.0008243676242962769,0.0008003829719406398,0.0001974058717854069,15.8,0.8757284765115128,-0.8603192323666475,0.16355788881383085,0.0,0.0
15.850000000000001,-0.00015121373252695097,-0.6021144269280684,9.725438195194965,0.17749910365720895,0.052993425820018744,0.16940374440658265,15.850000000000001,0.823713176394774,-0.8217818496980941,0.05637365052173924,15.850000000000001,-0.0007905477740391162,-3.1478637023921396,9.725438195194965,0.001730148059667603,0.0017032303097628467,-0.00030400463857765264,15.850000000000001,0.8343552412424761,-0.8329719181760634,-0.048025536112363404,0.0,0.0
15.9,-0.0005310872295759202,-2.134800183894505,9.756117810952677,0.16308140465138968,0.1505216830231521,0.06275960072329986,15.9,0.7936613106646035,-0.7826733708553368,-0.13160801875190084,15.9,-0.0007367454033792226,-2.96148002630999,9.756117810952677,0.0023817287561317922,0.0018066010202297566,-0.001552038859529586,15.9,0.7927701058421743,-0.7568440621310057,-0.23594810093334223,0.0,0.0
15.950000000000001,0.0007299671680974295,2.962002286086406,9.786797426710391,0.15402646698365272,0.1334867934156087,-0.0768467859775857,15.950000000000001,0.7636466081408516,-0.7031793267216774,-0.2978170186478197,15.950000000000001,-0.0006359104361525898,-2.5803464154962827,9.786797426710391,0.0027233488096054283,0.0008256517888060158,-0.0025951739561001935,15.950000000000001,0.7510659067510738,-0.6419352293311874,-0.3898963421568976,0.0,0.0
16.0,-0.0006607003823420265,-2.7062287660729405,9.817477042468104,0.15237735390143828,0.01583277046960395,-0.15155256962935668,16.0,0.7337359211677851,-0.5913641088479572,-0.43434651233594535,16.0,-0.000495182549878177,-2.028267724301013,9.817477042468104,0.0027488519188146455,-0.000674075688079767,-0.0026649219197400036,16.0,0.7093367442526403,-0.5001240582588028,-0.5030253901123493,0.0,0.0
16.05,-0.0023602803120531283,-9.758626450824941,9.848156658225816,0.1585785370870112,-0.11788666279953935,-0.1060654852373961,16.05,0.7039970594084327,-0.456592086031263,-0.5358502837820842,16.05,-0.00032423025332947025,-1.3405365075245432,9.848156658225816,0.0024903379653747324,-0.0017822148705681229,-0.0017393945317013652,16.05,0.6676783821621488,-0.3440797341177092,-0.5721918896455549,0.0,0.0
16.1,-0.0007859287066980011,-3.2799013390173415,9.878836273983529,0.17113252953359245,-0.16827882819055442,0.031121996198505003,16.1,0.674498996586616,-0.30878418583311856,-0.5996675937348374,16.1,-0.0001345821247741915,-0.5616490242597628,9.878836273983529,0.002010465896070283,-0.0019525747913755062,-0.000478983092965279,16.1,0.6261888390051891,-0.1861912434857344,-0.5978672787031438,0.0,0.0
16.150000000000002,-3.945646262428375e-05,-0.1662018015485794,9.909515889741241,0.18739468929815184,-0.09127115094054658,0.1636653493661344,16.150000000000002,0.6453121181129178,-0.15770053595933398,-0.6257461711760761,16.150000000000002,6.115261789485548e-05,0.25759215569622734,9.909515889741241,0.0013941590988663104,-0.0013515973779546597,0.00034185394667578646,16.150000000000002,0.5849692488080988,-0.037603366556384354,-0.583759375834545,0.0,0.0
16.2,-0.00015831322610237246,-0.6730731135445673,9.940195505498954,0.204553131036618,0.06744530096365607,0.193114253215048,16.2,0.6165085131842953,-0.012300711860318324,-0.6163857877307359,16.2,0.0002501238331241215,1.0634084799945298,9.940195505498954,0.0007499370843293752,-0.0006273576695454781,0.00041088682738061943,16.2,0.5441251071750436,0.09256568339627942,-0.5361937397206652,0.0,0.0
16.25,-0.00021831227236393042,-0.9367813718428811,9.970875121256668,0.220105052137689,0.201107676922438,0.08945354246420369,16.25,0.5881623136975993,0.11977678645231166,-0.5758371546550904,16.25,0.0004200929753007096,1.802625520968084,9.970875121256668,0.0003539522009912839,-0.0003531585489037844,2.3689658561227662e-05,16.25,0.5037680766400586,0.197769972071491,-0.46332419879439235,0.0,0.0
16.3,-8.846072839584466e-05,-0.3831010341181191,,,,,16.3,0.5603500798770438,0.23258680054109332,-0.5097995608396176,16.3,0.0005602353441161475,2.4262375358249737,,,,,16.3,0.46401861707204106,0.2743136930331581,-0.37425295563824174,0.0,
16.35,0.00035343329587526353,1.5447589910686579,,,,,16.35,0.5331512282284401,0.3220865712406675,-0.4248652407386661,16.35,0.0006618380713661199,2.892710798065784,,,,,16.35,0.4250098530474839,0.32135534612527894,-0.2781440574668926,0.0,
16.400000000000002,0.0008749526466079607,3.859367126839506,,,,,16.400000000000002,0.5066484903685916,0.38618094365543415,-0.3279587955066478,16.400000000000002,0.0007188482130316988,3.170799212182895,,,,,16.400000000000002,0.38689332435348317,0.3406571439539477,-0.1834097999083715,0.0,
16.45,0.001318888590377151,5.870915343840418,,,,,16.45,0.48092838017440487,0.4246164100067022,-0.22581632184188338,16.45,0.0007282359876890649,3.2416777772244663,,,,,16.45,0.34984764033960664,0.3361203712882754,-0.09703848440810828,0.0,
16.5,0.0020311911287829365,9.124364449384048,,,,,16.5,0.45608162994750867,0.43874798711061286,-0.12454178809524824,16.5,0.0006901511838295698,3.100245386660406,,,,,16.5,0.314091644841354,0.31316452580935067,-0.02411516397936785,0.0,
,,,,,,,16.55,0.43220353206377343,0.43121137589625047,-0.02926845445293976,,,,,,,,16.55,0.27990455636855616,0.2780190964607996,0.03243366582732907,,
,,,,,,,16.6,0.40939408920274895,0.4055379071158109,0.05605823905793218,,,,,,,,16.6,0.2476565784212127,0.23700103179259355,0.07186300692670973,,
,,,,,,,16.650000000000002,0.3877578331181048,0.3657512229726779,0.12877181383532058,,,,,,,,16.650000000000002,0.21785386271391582,0.19584820632799405,0.0954137598959456,,
,,,,,,,16.7,0.3674031211675796,0.31598258580298466,0.18745681879552584,,,,,,,,16.7,0.19119823421475426,0.1591700364365176,0.10593235703805373,,
,,,,,,,16.75,0.3484406691268481,0.2601365486117772,0.23181862733162348,,,,,,,,16.75,0.16864536515026218,0.1300619262598184,0.10735527245669318,,
,,,,,,,16.8,0.3309810448979341,0.2016311242099002,0.262475411860959,,,,,,,,16.8,0.15139787475280903,0.10991198845562987,0.1041185443299931,,
,,,,,,,16.85,0.31513085938577945,0.14322738606376578,0.28070157537598694,,,,,,,,16.85,0.14069777542032583,0.09840832933013682,0.10055677364891823,,
,,,,,,,16.900000000000002,0.3009874878212259,0.08695355865871214,0.28815368549008447,,,,,,,,16.900000000000002,0.1373215216647858,0.09373507584791968,0.10035405257445751,,
,,,,,,,16.95,0.2886323769840203,0.034119052312513214,0.28660868673636114,,,,,,,,16.95,0.14104236755663932,0.09292714787692576,0.10610134133667733,,
,,,,,,,17.0,0.27812335526207393,-0.014594563518033697,0.277740165366754,,,,,,,,17.0,0.1506253046317955,0.09233919634144719,0.11900191265033036,,
,,,,,,,17.05,0.26948681463621416,-0.05898525312017989,0.2629522450505444,,,,,,,,17.05,0.1643967473293966,0.0881744020923328,0.13875001026358552,,
,,,,,,,17.1,0.26271103861926043,-0.09914870233528744,0.24328301345889136,,,,,,,,17.1,0.18081149533388924,0.07701473149183798,0.16358951059929594,,
,,,,,,,17.150000000000002,0.2577421033477051,-0.13528841201695335,0.21938103248008967,,,,,,,,17.150000000000002,0.1986833953331923,0.05629598974370749,0.1905409486695759,,
,,,,,,,17.2,0.2544835054719978,-0.16754203932894543,0.1915503057027433,,,,,,,,17.2,0.21717522865575392,0.02467825991380339,0.21576854133377685,,
,,,,,,,17.25,0.25279995810033085,-0.1958448504315854,0.15985184820626558,,,,,,,,17.25,0.2357128136701811,-0.017725789421331028,0.23504537204060016,,
,,,,,,,17.3,0.25252486168923954,-0.21984571623965815,0.12424438346356455,,,,,,,,17.3,0.25390256875544975,-0.06928697395835842,0.244265899503614,,
,,,,,,,17.35,0.25347015851542404,-0.238884320321621,0.08474315761352876,,,,,,,,17.35,0.2714714091187001,-0.12696519981160026,0.23995117004443436,,
,,,,,,,17.400000000000002,0.2554369140056734,-0.252030878465061,0.04157467181916715,,,,,,,,17.400000000000002,0.2882267816586199,-0.1865725550656991,0.21969378544133292,,
,,,,,,,17.45,0.25822510824426254,-0.25818244680847774,-0.004693685944826495,,,,,,,,17.45,0.3040308582473788,-0.24316616682787776,0.1824965152458383,,
,,,,,,,17.5,0.2616416117359863,-0.25620353196849915,-0.05306678055686848,,,,,,,,17.5,0.31878390906864956,-0.2915304531669719,0.12896966913716204,,
,,,,,,,17.55,0.2655059105335997,-0.24509381744296926,-0.10209020119241749,,,,,,,,17.55,0.3324134796947804,-0.32669992233713996,0.06136678440083776,,
,,,,,,,17.6,0.2696536345865619,-0.22416283040285634,-0.14988031262151583,,,,,,,,17.6,0.3448672313700959,-0.34447009986286625,-0.016545620971792175,,
,,,,,,,17.650000000000002,0.27393824041051074,-0.1931905390497762,-0.1942152805030121,,,,,,,,17.650000000000002,0.3561081148295095,-0.34184574496231473,-0.09977212084839719,,
,,,,,,,17.7,0.2782313134073934,-0.15255422540640295,-0.23267976291688017,,,,,,,,17.7,0.3661110518035584,-0.3173820021629946,-0.18249922453456263,,
,,,,,,,17.75,0.282421942836796,-0.10330534232138666,-0.26285007141633343,,,,,,,,17.75,0.3748606064823247,-0.2713848100861299,-0.25859381111467367,,
,,,,,,,17.8,0.28641554526005597,-0.04718506811535437,-0.28250209541446686,,,,,,,,17.8,0.38234931788786775,-0.2059506603335928,-0.3221417799626041,,
,,,,,,,17.85,0.2901324160407967,0.01342660018642123,-0.2898215748440822,,,,,,,,17.85,0.3885764807456789,-0.12484129522926932,-0.3679759943178025,,
,,,,,,,17.900000000000002,0.2935061992425459,0.07562673829402783,-0.2835956372175208,,,,,,,,17.900000000000002,0.393547235538211,-0.03320464643169987,-0.3921439506802495,,
,,,,,,,17.95,0.29648239480661637,0.13616240098017335,-0.26336592602229475,,,,,,,,17.95,0.39727187494144056,0.0628322518654857,-0.39227165427162813,,
,,,,,,,18.0,0.2990169698896425,0.19164684844842092,-0.2295269782874583,,,,,,,,18.0,0.39976530393827364,0.1566608398457975,-0.3677902656292981,,
,,,,,,,18.05,0.3010751060825717,0.2388009819445505,-0.18335842092729274,,,,,,,,18.05,0.401046610698533,0.24173346550599228,-0.3200051805943834,,
,,,,,,,18.1,0.30263009200178775,0.27469917889356876,-0.12698556492849744,,,,,,,,18.1,0.40113871856270594,0.3121013475504189,-0.2520020245699277,,
,,,,,,,18.150000000000002,0.3036623576800253,0.29699797513899734,-0.06326950478016356,,,,,,,,18.150000000000002,0.4000680984926592,0.36289972277009164,-0.16839915274407607,,
,,,,,,,18.2,0.30415864024811223,0.3041273068096327,0.004365740521390562,,,,,,,,18.2,0.39786452762536734,0.390737313529522,-0.0749702218103207,,
,,,,,,,18.25,0.3041112673482377,0.2954271595628024,0.07215577815258997,,,,,,,,18.25,0.3945608840285804,0.3939566309709723,0.021828058077072724,,
,,,,,,,18.3,0.30351754400614334,0.27121716878774277,0.13625030963004156,,,,,,,,18.3,0.3901929710290279,0.3727439530676098,0.11537980799078869,,
,,,,,,,18.35,0.30237922929205485,0.2327925210652394,0.19297886009443405,,,,,,,,18.35,0.3847993669814249,0.3290818689834275,0.1994384023594242,,
,,,,,,,18.400000000000002,0.300702090372507,0.1823458795264368,0.23910610066270907,,,,,,,,18.400000000000002,0.37842129836264043,0.26655170920150856,0.2686128540785436,,
,,,,,,,18.45,0.29849552310570565,0.12282140546603601,0.2720560230421235,,,,,,,,18.45,0.3711025358273784,0.190006624231206,0.3187704108692837,,
,,,,,,,18.5,0.29577222993549196,0.05771269971366673,0.29008698056406057,,,,,,,,18.5,0.3628893145261163,0.10514729507313933,0.3473221860694141,,
,,,,,,,18.55,0.2925479473710534,-0.009178870702840245,0.29240391557507767,,,,,,,,18.55,0.35383028172388564,0.01804025465576978,0.353370085712924,,
,,,,,,,18.6,0.28884121674204233,-0.07400586150859696,0.27919953608735426,,,,,,,,18.6,0.3439764767371488,-0.06537710317039837,0.3377064567483858,,
,,,,,,,18.650000000000002,0.28467319316857326,-0.13313548519068732,0.25162227542853216,,,,,,,,18.650000000000002,0.3333813506211807,-0.13976084204933376,0.30267149183836883,,
,,,,,,,18.7,0.280067488778422,-0.18338889779426562,0.21167501136519623,,,,,,,,18.7,0.32210083614146,-0.20075431135203134,0.2518861947717646,,
,,,,,,,18.75,0.27505004714295306,-0.22224079153212736,0.1620541854211554,,,,,,,,18.75,0.3101934826856864,-0.24527941323940877,0.18988945768948465,,
,,,,,,,18.8,0.26964904669200795,-0.24796481690375838,0.10594365464620463,,,,,,,,18.8,0.2977206763849864,-0.2717037388491742,0.12171556779029354,,
,,,,,,,18.85,0.26389483150333637,-0.25971527948315876,0.04678093305139416,,,,,,,,18.85,0.28474697347117167,-0.2798741935977265,0.052452594397364764,,
,,,,,,,18.900000000000002,0.25781986832995907,-0.25754115897015134,-0.011984821316510578,,,,,,,,18.900000000000002,0.2713405857284553,-0.27102040906409913,-0.013177683187478938,,
,,,,,,,18.95,0.2514587289978438,-0.2423342620955586,-0.06712374992364582,,,,,,,,18.95,0.25757407209281563,-0.24754318711691659,-0.07118126949186987,,
,,,,,,,19.0,0.24484809732134813,-0.21571872669312625,-0.11582755162646176,,,,,,,,19.0,0.24352531174823794,-0.2127133244111488,-0.11856483070469859,,
,,,,,,,19.05,0.23802679935750465,-0.17989366945869698,-0.15586861422705614,,,,,,,,19.05,0.22927886364670277,-0.17031351116396354,-0.15349952843616746,,
,,,,,,,19.1,0.23103585502223392,-0.13744413235594186,-0.1857058878624397,,,,,,,,19.1,0.2149278575375728,-0.1242599646247621,-0.17536660211438226,,
,,,,,,,19.150000000000002,0.22391854763789465,-0.09113737297328137,-0.20453238184647707,,,,,,,,19.150000000000002,0.2005766135248814,-0.07824076397175576,-0.18468719702845038,,
,,,,,,,19.200000000000003,0.21672050562396677,-0.04372184661402748,-0.21226440513323772,,,,,,,,19.200000000000003,0.1863442474179298,-0.035404579478452124,-0.18294997758324158,,
,,,,,,,19.25,0.2094897869650173,0.002255023057203451,-0.20947764967571078,,,,,,,,19.25,0.17236957048375617,0.0018729405036834118,-0.17235939464567707,,
,,,,,,,19.3,0.20227695192111936,0.04459681535065529,-0.19729949148205725,,,,,,,,19.3,0.15881758225894702,0.032126725413609065,-0.15553423400903085,,
,,,,,,,19.35,0.19513510230623637,0.0815660613459606,-0.17727009276404276,,,,,,,,19.35,0.14588765084003588,0.05483574158029764,-0.13518967457969205,,
,,,,,,,19.400000000000002,0.18811985627229566,0.11194479924220732,-0.15118677933778166,,,,,,,,19.400000000000002,0.1338227825954215,0.07035510824422704,-0.11383626788297543,,
,,,,,,,19.450000000000003,0.18128921593631867,0.13504700810731693,-0.1209466221771714,,,,,,,,19.450000000000003,0.12291766259157598,0.07975977308999076,-0.09352609461326664,,
,,,,,,,19.5,0.17470327207717415,0.15068663665447407,-0.08840119234622146,,,,,,,,19.5,0.11351973750479995,0.08462116603992018,-0.07567026537024264,,
,,,,,,,19.55,0.16842367738815534,0.15910877857910155,-0.05523523951261426,,,,,,,,19.55,0.10601273876355562,0.0867443297657297,-0.06094359715051475,,
,,,,,,,19.6,0.1625128110661389,0.1608944324826677,-0.022877835489810806,,,,,,,,19.6,0.10076955903025407,0.08789612454253135,-0.04928260664327403,,
,,,,,,,19.650000000000002,0.15703255875097666,0.15685098751498977,0.007549319403195129,,,,,,,,19.650000000000002,0.0980710471080936,0.08955498740262388,-0.03997292223735703,,
,,,,,,,19.700000000000003,0.1520426509300212,0.14790098362527856,0.035245804636911855,,,,,,,,19.700000000000003,0.09801584010991124,0.09270947963140795,-0.031812848016567766,,
,,,,,,,19.75,0.14759854818554966,0.13498082589651816,0.05971187542504314,,,,,,,,19.75,0.1004735169570633,0.0977268808480609,-0.023332045976086044,,
,,,,,,,19.8,0.14374893791231144,0.11895912853303328,0.08069995594533391,,,,,,,,19.8,0.10511686394198919,0.10430504511183558,-0.013038889876696224,,
,,,,,,,19.85,0.140533009921299,0.10058147534999734,0.09814730609628465,,,,,,,,19.85,0.1115119773752786,0.11151148162530693,0.00033251146368488234,,
,,,,,,,19.900000000000002,0.13797778843604105,0.08044493926336183,0.11210032046615627,,,,,,,,19.900000000000002,0.11921110221968624,0.11790412230220766,0.01760411419465746,,
,,,,,,,19.950000000000003,0.13609588077963264,0.05900207745389141,0.12264111717245964,,,,,,,,19.950000000000003,0.1278116388510158,0.12171946178029576,0.03898958386155989,,
,,,,,,,20.0,0.1348840178464112,0.03659069257943835,0.12982611250032874,,,,,,,,20.0,0.13697868280135042,0.12110658532888442,0.06400276972108793,,
,,,,,,,20.05,0.13432268061663033,0.013482773558268577,0.13364429409897652,,,,,,,,20.05,0.1464447522581565,0.11438074504346105,0.09145004443550368,,
,,,,,,,20.1,0.1343769360387321,-0.010056013149333595,0.13400014006969518,,,,,,,,20.1,0.15599990609359632,0.1002680710507728,0.1195085127887049,,
,,,,,,,20.150000000000002,0.13499838948076062,-0.03370592639809199,0.1307228965715094,,,,,,,,20.150000000000002,0.165479919158468,0.07811389340824018,0.14588290955865665,,
,,,,,,,20.200000000000003,0.13612796733182067,-0.05704139708459173,0.12360057648947743,,,,,,,,20.200000000000003,0.1747557437343004,0.04803088402294813,0.16802560563230406,,
,,,,,,,20.25,0.13769913089474883,-0.07949629518073979,0.11243393483155278,,,,,,,,20.25,0.18372512747200834,0.010969404708512159,0.18339736809710924,,
,,,,,,,20.3,0.1396411145191665,-0.10035248408231828,0.09710314002473364,,,,,,,,20.3,0.19230628724195975,-0.03129957428521785,0.18974204795551053,,
,,,,,,,20.35,0.14188185946279036,-0.11875511999513179,0.0776381576260079,,,,,,,,20.35,0.20043324820339312,-0.0762896567129255,0.18534663542667015,,
,,,,,,,20.400000000000002,0.14435043827297686,-0.13375495003881066,0.05428316838317166,,,,,,,,20.400000000000002,0.20805244068881734,-0.12098393128464939,0.1692592876254804,,
,,,,,,,20.450000000000003,0.14697888925090002,-0.1443746062488053,0.027545724821299647,,,,,,,,20.450000000000003,0.21512021669287976,-0.16208302159278173,0.14144186700318048,,
,,,,,,,20.5,0.14970347808798343,-0.14969292834147824,-0.0017772327344493873,,,,,,,,20.5,0.2216010290721563,-0.19629311230892596,0.10283982762487523,,
,,,,,,,20.55,0.15246546375214928,-0.1489389883377668,-0.03260207646884637,,,,,,,,20.55,0.22746608611478075,-0.22062650754255844,0.0553603152262544,,
,,,,,,,20.6,0.1552114715251529,-0.14158598401118666,-0.06359253120129242,,,,,,,,20.6,0.2326923473850723,-0.23268570410707404,0.0017583048001829345,,
,,,,,,,20.650000000000002,0.15789357752921956,-0.12743467709167697,-0.0932243793195519,,,,,,,,20.650000000000002,0.23726176554308642,-0.2309032439207839,-0.054560400800227664,,
,,,,,,,20.700000000000003,0.1604691966034497,-0.10667663459291031,-0.11987684801698482,,,,,,,,20.700000000000003,0.24116070646167523,-0.2147136103816878,-0.10980233084026524,,
,,,,,,,20.75,0.16290084722578674,-0.07992913771828192,-0.14194371761543742,,,,,,,,20.75,0.2443794994471934,-0.18463975195304932,-0.16009216641915122,,
,,,,,,,20.8,0.16515584857721746,-0.04823610012310776,-0.15795484469991514,,,,,,,,20.8,0.24691208308951715,-0.14228482710604762,-0.20179347053610716,,
,,,,,,,20.85,0.16720598853089316,-0.01303244648845547,-0.16669732433101236,,,,,,,,20.85,0.24875572195787427,-0.09022868235002361,-0.23181499970485472,,
,,,,,,,20.900000000000002,0.16902718831286262,0.023927158909087923,-0.16732507718656872,,,,,,,,20.900000000000002,0.24991077624832134,-0.03183753131854159,-0.24787449986753257,,
,,,,,,,20.950000000000003,0.1705991798288173,0.06067091089671449,-0.15944629418468176,,,,,,,,20.950000000000003,0.2503805114315191,0.028996566909909705,-0.24869579733511424,,
,,,,,,,21.0,0.17190520472885007,0.09513637444228441,-0.1431798507851063,,,,,,,,21.0,0.25017093853876654,0.08816330500476206,-0.23412118686698263,,
,,,,,,,21.05,0.17293173959532532,0.12531104416669622,-0.11917436288614137,,,,,,,,21.05,0.2492906783723779,0.14166136573035173,-0.2051289832831331,,
,,,,,,,21.1,0.1736682486168136,0.14937552318584105,-0.08858675776089585,,,,,,,,21.1,0.24775084492243032,0.18591617047642495,-0.1637548738668838,,
,,,,,,,21.150000000000002,0.1741069632748366,0.1658373658375868,-0.05302077661479226,,,,,,,,21.150000000000002,0.24556494482176966,0.2180600612677635,-0.1129245403143976,,
,,,,,,,21.200000000000003,0.17424268754812025,0.17364419724234686,-0.014429377257969207,,,,,,,,21.200000000000003,0.24274879092558818,0.236150516455585,-0.05621306853032843,,
,,,,,,,21.25,0.17407262665735904,0.1722663369690173,0.025011767204043984,,,,,,,,21.25,0.23932042917613278,0.23930792060942022,0.0024468254216043657,,
,,,,,,,21.3,0.1735962372379922,0.1617416663852467,0.0630498765907819,,,,,,,,21.3,0.23530007890109786,0.22776198248232254,0.05908135464412681,,
,,,,,,,21.35,0.1728150969059389,0.14267865722048254,0.09750824832991872,,,,,,,,21.35,0.230710087680167,0.2028043796955237,0.10998876367022306,,
,,,,,,,21.400000000000002,0.17173279138236056,0.11621702849063933,0.12643478130950872,,,,,,,,21.400000000000002,0.2255749029818857,0.1666537859349147,0.15202155271160328,,
,,,,,,,21.450000000000003,0.17035481761018842,0.08394909308514902,0.1482339827879611,,,,,,,,21.450000000000003,0.219921064016116,0.12224728986356168,0.18281377004754026,,
,,,,,,,21.5,0.16868850158998513,0.04780816504423971,0.1617720307215594,,,,,,,,21.5,0.2137772187795268,0.07297861044347283,0.2009348692657636,,
,,,,,,,21.55,0.16674292996189702,0.009933124273995194,0.1664468015145844,,,,,,,,21.55,0.20717417324043447,0.022407868562762175,0.2059587955983709,,
,,,,,,,21.6,0.16452889464805787,-0.027479865018802077,0.16221779863091518,,,,,,,,21.6,0.20014498221344804,-0.02603038662552096,0.19844503742181946,,
,,,,,,,21.650000000000002,0.1620588501336875,-0.06232657509903803,0.14959434796501156,,,,,,,,21.650000000000002,0.19272509498652698,-0.06929481359120916,0.17983656760215766,,
,,,,,,,21.700000000000003,0.15934688319339282,-0.0927331141637082,0.12958394468818055,,,,,,,,21.700000000000003,0.18495257355999967,-0.10495755111056025,0.15228712004414954,,
,,,,,,,21.75,0.15640869504691393,-0.11717291733100117,0.10360592324003916,,,,,,,,21.75,0.1768684079555658,-0.1313592568419162,0.11843639379293826,,
,,,,,,,21.8,0.15326159603462372,-0.1345538168292851,0.07337838370904187,,,,,,,,21.8,0.16851696214601322,-0.14768775060008016,0.08115599086702951,,
,,,,,,,21.85,0.14992451290592482,-0.1442694485526889,0.04078830450486844,,,,,,,,21.85,0.15994659662572053,-0.15397668408398155,0.043290813467209185,,
,,,,,,,21.900000000000002,0.14641800866683574,-0.1462124489277874,0.007755839122928676,,,,,,,,21.900000000000002,0.15121053049289443,-0.15102836174664752,0.00742014016487079,,
,,,,,,,21.950000000000003,0.1427643145690548,-0.14075021848421457,-0.02389614008617082,,,,,,,,21.950000000000003,0.14236802797568834,-0.14027191067838876,-0.02434022317729454,,
,,,,,,,22.0,0.1389873731464763,-0.12866716998056832,-0.05255710478469476,,,,,,,,22.0,0.1334860213751342,-0.12357376786461838,-0.05047813188207542,,
,,,,,,,22.05,0.13511289008661034,-0.1110800568602358,-0.07692017963761677,,,,,,,,22.05,0.12464131086087012,-0.10302138942720607,-0.07015732102641899,,
,,,,,,,22.1,0.1311683909932887,-0.08933496010413253,-0.09604380093978639,,,,,,,,22.1,0.11592349922020999,-0.08070284796779766,-0.08321843546561401,,
,,,,,,,22.150000000000002,0.12718327654300932,-0.06489563757678071,-0.10938072067653745,,,,,,,,22.150000000000002,0.1074387940403129,-0.05850445155195967,-0.090112838227642,,
,,,,,,,22.200000000000003,0.12318886592278926,-0.039233134310513514,-0.1167743887139477,,,,,,,,22.200000000000003,0.09931466555297591,-0.037945800827472315,-0.09177973084217049,,
,,,,,,,22.25,0.11921841353704911,-0.01372582991566108,-0.11842563793122331,,,,,,,,22.25,0.09170493182559718,-0.020067122982822854,-0.08948242898094401,,
,,,,,,,22.3,0.11530707765545754,0.01042243754524725,-0.11483507718923316,,,,,,,,22.3,0.08479389581431052,-0.005377784767200389,-0.08462318948353231,,
,,,,,,,22.35,0.11149181206260926,0.03224070627217476,-0.10672844520593155,,,,,,,,22.35,0.07879640887227785,0.0061317808822585335,-0.07855746504552674,,
,,,,,,,22.400000000000002,0.10781114347693489,0.051022797860542056,-0.09497324231743647,,,,,,,,22.400000000000002,0.0739483905044587,0.014919210426043194,-0.07242776828305122,,
,,,,,,,22.450000000000003,0.10430478996988106,0.06633262859260479,-0.08049516503900436,,,,,,,,22.450000000000003,0.07048126557080185,0.02177095644543535,-0.0670345750483499,,
,,,,,,,22.5,0.10101307145845961,0.07798534297522339,-0.0642022342797246,,,,,,,,22.5,0.06857835914691604,0.027650026533038264,-0.06275720975318838,,
,,,,,,,22.55,0.09797606655599217,0.08600889289554736,-0.046923128206317076,,,,,,,,22.55,0.06832465487676556,0.03352921806950859,-0.05953192420606327,,
,,,,,,,22.6,0.09523248566785301,0.09059230570448633,-0.029364272060153705,,,,,,,,22.6,0.0696753692765699,0.0402294775953476,-0.05688801469757763,,
,,,,,,,22.650000000000002,0.09281826291472062,0.09202777916796297,-0.012087919255142418,,,,,,,,22.650000000000002,0.0724644652578567,0.048282058883903224,-0.054036483185329734,,
,,,,,,,22.700000000000003,0.09076492096982486,0.09065384727878326,0.00448897006156138,,,,,,,,22.700000000000003,0.07644832625746943,0.0578302494574646,-0.050000088352481,,
,,,,,,,22.75,0.08909782835261892,0.08680619637320099,0.020077531929248993,,,,,,,,22.75,0.08135860707544473,0.06858190686833435,-0.04376922429698428,,
,,,,,,,22.8,0.08783453396373389,0.08078137147170222,0.03448587217654757,,,,,,,,22.8,0.08694155490519552,0.07981837997222806,-0.034465347639943356,,
,,,,,,,22.85,0.0869834062551152,0.07281676028728795,0.04757974763495556,,,,,,,,22.85,0.09297746477371105,0.0904591828932029,-0.02149291013429184,,
,,,,,,,22.900000000000002,0.08654280093717752,0.06308808766488948,0.05924145160982431,,,,,,,,22.900000000000002,0.09928519952693554,0.099175685322901,-0.004662004486947795,,
,,,,,,,22.950000000000003,0.08650091908612201,0.05172343356092884,0.06933322020079558,,,,,,,,22.950000000000003,0.1057189428044526,0.10454171041222601,0.015732947968432203,,
,,,,,,,23.0,0.08683640595473055,0.03883074221387088,0.07767068210241666,,,,,,,,23.0,0.11216225804435725,0.10520483930065358,0.038888480522291435,,
,,,,,,,23.05,0.08751961065823294,0.024534135653451587,0.08401046623788441,,,,,,,,23.05,0.1185220442601986,0.10005982370771246,0.06352563777875811,,
,,,,,,,23.1,0.08851431852668926,0.00901325374143176,0.08805422103020827,,,,,,,,23.1,0.12472337799942038,0.08840504487811633,0.08797993555171847,,
,,,,,,,23.150000000000002,0.0897797121719953,-0.00746057305577303,0.08946919339843071,,,,,,,,23.150000000000002,0.13070544297339853,0.07006447126318949,0.11033985086759014,,
,,,,,,,23.200000000000003,0.09127232260838831,-0.024497213395831777,0.08792339512421476,,,,,,,,23.200000000000003,0.13641843835309414,0.045460901464930495,0.12862074778468996,,
,,,,,,,23.25,0.09294778414814588,-0.041574604895953715,0.08313147903048314,,,,,,,,23.25,0.14182127225737975,0.01563109329754268,0.14095723531279034,,
,,,,,,,23.3,0.09476228082857997,-0.058042971252743436,0.07490596342073076,,,,,,,,23.3,0.14687985251104632,-0.017820812957387976,0.14579475196043412,,
,,,,,,,23.35,0.0966736437657243,-0.07314779620151805,0.06320754155797664,,,,,,,,23.35,0.1515658200301652,-0.05282895396857709,0.14206090040543312,,
,,,,,,,23.400000000000002,0.09864211323583982,-0.08607080669933898,0.048187993709608516,,,,,,,,23.400000000000002,0.15585560630981352,-0.08702186325788319,0.12929874451565979,,
,,,,,,,23.450000000000003,0.10063081192357885,-0.09598608928889037,0.030219711637007162,,,,,,,,23.450000000000003,0.15972972722770348,-0.1179152465997057,0.10774776275898794,,
,,,,,,,23.5,0.10260598928530125,-0.10212658953342751,0.009907004970533236,,,,,,,,23.5,0.16317224919843745,-0.143123758498719,0.07836308226248717,,
,,,,,,,23.55,0.1045370971079437,-0.10385482474642758,-0.011923927567897464,,,,,,,,23.55,0.1661703813816065,-0.16057199241375777,0.04276950900799158,,
,,,,,,,23.6,0.1063967489600048,-0.100730829234547,-0.03425738213843568,,,,,,,,23.6,0.1687141604774853,-0.1686846929874057,0.003153140873373595,,
,,,,,,,23.650000000000002,0.10816060584115288,-0.09257024189933252,-0.055941638969771834,,,,,,,,23.650000000000002,0.17079620387703748,-0.1665379435132667,-0.03790061515567447,,
,,,,,,,23.700000000000003,0.10980721978840643,-0.07948606066908495,-0.07576009290497171,,,,,,,,23.700000000000003,0.17241151356413195,-0.15395660506885533,-0.07760859337178692,,
,,,,,,,23.75,0.11131785795510926,-0.06190887639230947,-0.09251462870030679,,,,,,,,23.75,0.17355731794330115,-0.1315482400227317,-0.11321308739979621,,
,,,,,,,23.8,0.11267632227548388,-0.040582242249795585,-0.10511439109611781,,,,,,,,23.8,0.17423294222678326,-0.10066965793861328,-0.14220667399079479,,
,,,,,,,23.85,0.11386877426113437,-0.01653205910408139,-0.1126622775089885,,,,,,,,23.85,0.17443970054563288,-0.06332850175893973,-0.162538333913628,,
,,,,,,,23.900000000000002,0.11488357049653056,0.00898875063403336,-0.11453138055603133,,,,,,,,23.900000000000002,0.17418080482534537,-0.022028338615047768,-0.17278224754721141,,
,,,,,,,23.950000000000003,0.11571111168112008,0.03457667899990078,-0.1104242484050422,,,,,,,,23.950000000000003,0.1734612868816146,0.02042904891621998,-0.17225409140860629,,
,,,,,,,24.0,0.11634370629110115,0.05876953677912953,-0.10040916063943842,,,,,,,,24.0,0.17228793128698178,0.06116655736633931,-0.16106453218228425,,
,,,,,,,24.05,0.11677544883803986,0.08014663269023405,-0.08492951618690861,,,,,,,,24.05,0.1706692174373184,0.09745999209887382,-0.1401054307325527,,
,,,,,,,24.1,0.11700211207657757,0.09742912266664215,-0.06478472263418603,,,,,,,,24.1,0.16861526998693666,0.12695142734426224,-0.11097046619719161,,
,,,,,,,24.150000000000002,0.11702105220514947,0.10957224490333681,-0.04108344929583563,,,,,,,,24.150000000000002,0.16613781748590836,0.14782903782053033,-0.07581787372405804,,
,,,,,,,24.200000000000003,0.11683112600169006,0.11584172988424268,-0.015172528472503678,,,,,,,,24.200000000000003,0.16325015969836565,0.15895802344633705,-0.03718818930219177,,
,,,,,,,24.25,0.11643261886424285,0.11586795076201571,0.011453066043516192,,,,,,,,24.25,0.15996714475992904,0.15995193086889353,0.0022061763204228456,,
,,,,,,,24.3,0.11582718283265384,0.10967324102697357,0.03725206686330814,,,,,,,,24.3,0.15630515810434742,0.15117929588414356,0.03970041493485447,,
,,,,,,,24.35,0.11501778381789449,0.09767008104814272,0.06074245518934137,,,,,,,,24.35,0.15228212602358213,0.13370654039941615,0.07288626043831198,,
,,,,,,,24.400000000000002,0.11400865743790074,0.08063033215783573,0.08060225497409909,,,,,,,,24.400000000000002,0.1479175379113205,0.10918387685433001,0.0997921793368871,,
,,,,,,,24.450000000000003,0.11280527303857169,0.05962814793486945,0.09575757724151145,,,,,,,,24.450000000000003,0.14323249279738362,0.07968604868746086,0.11901966491942484,,
,,,,,,,24.5,0.11141430565579179,0.035961392733197546,0.10545105849374355,,,,,,,,24.5,0.138249777875634,0.04752359406806399,0.12982491705953836,,
,,,,,,,24.55,0.10984361584098311,0.011058148256680741,0.10928557680753093,,,,,,,,24.55,0.1329939895932291,0.01504261322574872,0.1321405352466247,,
,,,,,,,24.6,0.10810223742060018,-0.013623964782339555,0.10724029708532787,,,,,,,,24.6,0.12749171183087823,-0.015568443891285191,0.1265375839044337,,
,,,,,,,24.650000000000002,0.10620037337854962,-0.036697477600634354,0.09965848906889112,,,,,,,,24.650000000000002,0.12177177121703556,-0.04244769066421083,0.11413394684584213,,
,,,,,,,24.700000000000003,0.10414940012454442,-0.056935889739003764,0.08720895599610431,,,,,,,,24.700000000000003,0.11586559730347641,-0.06418999502221294,0.09645973863503694,,
,,,,,,,24.75,0.1019618804179765,-0.07334870006271438,0.0708250891808807,,,,,,,,24.75,0.10980772598906112,-0.07992819073643798,0.07529422960950141,,
,,,,,,,24.8,0.09965158512198431,-0.0852353054072524,0.051627329288434984,,,,,,,,24.8,0.10363649914774789,-0.08936009015071245,0.05249093487315398,,
,,,,,,,24.85,0.09723352371605194,-0.09221441460611457,0.030836015843354964,,,,,,,,24.85,0.09739503269521653,-0.09272148326843231,0.02980803472562599,,
,,,,,,,24.900000000000002,0.09472398302653115,-0.09422785687988074,0.009682145848688404,,,,,,,,24.900000000000002,0.09113254914926852,-0.09071053842938094,0.008760121705526985,,
,,,,,,,24.950000000000003,0.09214057284428176,-0.0915199188584665,-0.010676591975537062,,,,,,,,24.950000000000003,0.08490619577246791,-0.08437356649989897,-0.009495438728135483,,
,,,,,,,25.0,0.08950227585588813,-0.08459541381576263,-0.02922795485016654,,,,,,,,25.0,0.0787834838330932,-0.07496554013854811,-0.024228188471592114,,
,,,,,,,25.05,0.08682949745399675,-0.07416138257266094,-0.045160280812070366,,,,,,,,25.05,0.0728454563697546,-0.06380075750238669,-0.03515570872332787,,
,,,,,,,25.1,0.08414410832093717,-0.06105850072575452,-0.05789724047179315,,,,,,,,25.1,0.06719054585487336,-0.05210943894159978,-0.04241669276909178,,
,,,,,,,25.150000000000002,0.08146946900582344,-0.046188827746001936,-0.0671108528595859,,,,,,,,25.150000000000002,0.06193866580341657,-0.040914841283238815,-0.046501334220371594,,
,,,,,,,25.200000000000003,0.07883042090842811,-0.030446447985301973,-0.07271347238083353,,,,,,,,25.200000000000003,0.057234142129677354,-0.030942822957970635,-0.0481486109115496,,
,,,,,,,25.25,0.0762532221911151,-0.014656853013054222,-0.07483134740388744,,,,,,,,25.25,0.0532444177304892,-0.022571992501240586,-0.048223160140981755,,
,,,,,,,25.3,0.07376540058090464,0.00047031080437233923,-0.07376390127025968,,,,,,,,25.3,0.050149480460872586,-0.01582803130570154,-0.047586172523971425,,
,,,,,,,25.35,0.07139548885536687,0.014372116956445836,-0.06993395515117858,,,,,,,,25.35,0.04811694875590646,-0.010420975310548428,-0.04697492981533308,,
,,,,,,,25.400000000000002,0.06917260502860927,0.026645667356029683,-0.06383461206583615,,,,,,,,25.400000000000002,0.04726394379453724,-0.005819665225115165,-0.046904284235885746,,
,,,,,,,25.450000000000003,0.06712584099430645,0.03704449427140446,-0.05597842417725597,,,,,,,,25.450000000000003,0.047619929675810094,-0.0013536957593330602,-0.04760068497532638,,
,,,,,,,25.5,0.06528343467044863,0.045460400069466195,-0.04685380313160087,,,,,,,,25.5,0.049112883462924396,0.0036696010843458994,-0.04897559953614208,,
,,,,,,,25.55,0.06367172541230248,0.05189443654108923,-0.03689249345141243,,,,,,,,25.55,0.05158924680039343,0.009847042762005999,-0.05064075566453495,,
,,,,,,,25.6,0.06231393220570324,0.05642162780002188,-0.026450445427870926,,,,,,,,25.6,0.054854417094021606,0.017574208727098382,-0.05196300859593552,,
,,,,,,,25.650000000000002,0.0612288452528257,0.059154409934602026,-0.0158027616663523,,,,,,,,25.650000000000002,0.05871098622365026,0.026965120308126204,-0.05215229803299113,,
,,,,,,,25.700000000000003,0.06042957276892354,0.06020957520073005,-0.00515172972721378,,,,,,,,25.700000000000003,0.06298195261570369,0.03780652026856669,-0.05037254590021434,,
,,,,,,,25.75,0.05992251811145994,0.05968280452616365,0.00535453272564322,,,,,,,,25.75,0.06751923689361496,0.049552481394769476,-0.04586282741302722,,
,,,,,,,25.8,0.05970675895607512,0.05763373821800316,0.015596451008403758,,,,,,,,25.8,0.0722032821886031,0.06136067666437423,-0.038054977573205445,,
,,,,,,,25.85,0.05977395049792739,0.054083102679514335,0.025454727707948162,,,,,,,,25.85,0.0769389286383201,0.07216711047428634,-0.02667408678483036,,
,,,,,,,25.900000000000002,0.06010878659652203,0.04902184106540157,0.03478398086281579,,,,,,,,25.900000000000002,0.08165053631317071,0.08079190943712208,-0.011810057143480386,,
,,,,,,,25.950000000000003,0.06068995189686818,0.04243066047445203,0.043392502957837635,,,,,,,,25.950000000000003,0.08627762097343315,0.08606533429662587,0.006048645571152875,,
,,,,,,,26.0,0.06149141639936621,0.03430707391450676,0.05103154877352649,,,,,,,,26.0,0.09077135554223507,0.08696085370096236,0.02602400642819374,,
,,,,,,,26.05,0.062483885104537285,0.024696025341184754,0.05739636077404713,,,,,,,,26.05,0.09509190698906674,0.08272115330799026,0.04690076300246395,,
,,,,,,,26.1,0.06363622398964154,0.013719646549827482,0.062139683795523426,,,,,,,,26.1,0.09920645832740686,0.07296343943976037,0.06721798776360338,,
,,,,,,,26.150000000000002,0.0649167270536667,0.0016016635038729069,0.06489696545587184,,,,,,,,26.150000000000002,0.10308775423103371,0.0577522875511193,0.08539179325327954,,
,,,,,,,26.200000000000003,0.06629414691233072,-0.011317548953038018,0.06532095376316299,,,,,,,,26.200000000000003,0.10671303360660525,0.03763139282266987,0.09985764775794778,,
,,,,,,,26.25,0.0677384651305645,-0.02457832069491254,0.06312214991635454,,,,,,,,26.25,0.11006324370518034,0.013609591999177488,0.10921857269037094,,
,,,,,,,26.3,0.06922141769007756,-0.03761319558897774,0.05811068907360752,,,,,,,,26.3,0.11312245787243509,-0.012898959262479325,0.11238464007614987,,
,,,,,,,26.35,0.07071681327499012,-0.04977280579730618,0.05023480350149151,,,,,,,,26.35,0.11587744052504433,-0.04017600191088928,0.10868978835700899,,
,,,,,,,26.400000000000002,0.07220069017054957,-0.06036471422489103,0.039611121388455205,,,,,,,,26.400000000000002,0.11831731884285902,-0.0663331662590474,0.09797397099338344,,
,,,,,,,26.450000000000003,0.0736513562127635,-0.06870232207823825,0.026542667782975298,,,,,,,,26.450000000000003,0.12043333213837695,-0.08946678038764835,0.08062184999750949,,
,,,,,,,26.5,0.07504934986412562,-0.07415969135306039,0.011521505693560757,,,,,,,,26.5,0.12221863804885746,-0.10781933736844539,0.057553331579909314,,
,,,,,,,26.55,0.07637735238951751,-0.07622727739884524,-0.00478561786941188,,,,,,,,26.55,0.12366816051701744,-0.11993263813637733,0.030165812359549692,,
,,,,,,,26.6,0.07762007322938233,-0.07456319897703524,-0.021568614384000772,,,,,,,,26.6,0.12477846867439196,-0.12477825185320794,0.00023261380790182086,,
,,,,,,,26.650000000000002,0.07876412395554475,-0.06903483833105438,-0.037920684580972475,,,,,,,,26.650000000000002,0.12554767871406808,-0.1218529513122211,-0.030233721024583382,,
,,,,,,,26.700000000000003,0.07979789093262082,-0.05974625435206326,-0.05289696104875035,,,,,,,,26.700000000000003,0.12597537298753628,-0.11122999023486028,-0.05914121973464672,,
,,,,,,,26.75,0.0807114129238331,-0.047048047964917045,-0.06558058675288259,,,,,,,,26.75,0.12606253213018834,-0.09356117883947507,-0.08448708671295589,,
,,,,,,,26.8,0.08149626715120747,-0.03152783364426435,-0.07515076357084186,,,,,,,,26.8,0.12581147718444632,-0.07002928568891108,-0.10451998343490747,,
,,,,,,,26.85,0.08214546548823931,-0.013981201541047754,-0.08094691781499849,,,,,,,,26.85,0.12522581957103732,-0.042254904295825256,-0.11788141902008407,,
,,,,,,,26.900000000000002,0.08265336129164592,0.004635164057326362,-0.08252328996694826,,,,,,,,26.900000000000002,0.12431041744542293,-0.01216612770727511,-0.12371364202086034,,
,,,,,,,26.950000000000003,0.08301556667418811,0.023264883325200082,-0.07968895478108241,,,,,,,,26.950000000000003,0.12307133753266293,0.01815722900316575,-0.12172456266918869,,
,,,,,,,27.0,0.08322887963490652,0.040823089596819906,-0.07252945443784732,,,,,,,,27.0,0.12151582200993143,0.04665085069142147,-0.11220424737288708,,
,,,,,,,27.05,0.08329122028874264,0.056271775054457705,-0.061407774014438636,,,,,,,,27.05,0.11965226044254172,0.07142965102442891,-0.09599202249946677,,
,,,,,,,27.1,0.08320157539861081,0.06869314249617585,-0.04694416175426717,,,,,,,,27.1,0.11749016721377344,0.09093355599743308,-0.07439776734272438,,
,,,,,,,27.150000000000002,0.0829599504579362,0.07735492838116512,-0.029976131090053017,,,,,,,,27.150000000000002,0.11504016535851246,0.10404272948225704,-0.04908513102351638,,
,,,,,,,27.200000000000003,0.0825673286661037,0.08176230503629041,-0.011501705882563213,,,,,,,,27.200000000000003,0.11231397825823712,0.11015263100247606,-0.02192778136118905,,
,,,,,,,27.25,0.08202563626095953,0.08169209983680722,0.0073895756487337245,,,,,,,,27.25,0.10932443133291866,0.10920315985942379,0.00514792802816623,,
,,,,,,,27.3,0.08133771380737047,0.07720658095522537,0.02559233370784963,,,,,,,,27.3,0.10608546674414812,0.10166048284384352,0.030319506629896763,,
,,,,,,,27.35,0.08050729317995028,0.06864581184003773,0.04206158308937746,,,,,,,,27.35,0.10261217530041507,0.08845454139570498,0.05201012042245842,,
,,,,,,,27.400000000000002,0.07953898011552503,0.05659940697901155,0.05588341871648606,,,,,,,,27.400000000000002,0.09892085136845144,0.07087926475687555,0.06900336704092057,,
,,,,,,,27.450000000000003,0.07843824234209656,0.04186026065596689,0.06633457951575468,,,,,,,,27.450000000000003,0.09502907884402789,0.050465796580957574,0.08052160704676652,,
,,,,,,,27.5,0.07721140341113204,0.025364309410483944,0.07292635068921116,,,,,,,,27.5,0.09095585941323328,0.028841270324192515,0.08626209763092195,,
,,,,,,,27.55,0.07586564246234966,0.008121494109137177,0.07542968274930183,,,,,,,,27.55,0.08672179886588896,0.0075866474781404744,0.08638931171492295,,
,,,,,,,27.6,0.07440900022478363,-0.008856286925888857,0.07388007509699879,,,,,,,,27.6,0.08234937372005273,-0.011893208698964526,0.08148601683066724,,
,,,,,,,27.650000000000002,0.07285039158909591,-0.024624345757326936,0.06856253459950434,,,,,,,,27.650000000000002,0.07786330974601927,-0.02847565354707878,0.07246952573096693,,
,,,,,,,27.700000000000003,0.07119962504981033,-0.03836603686638448,0.059978611374395835,,,,,,,,27.700000000000003,0.07329111729919584,-0.04139368621501375,0.06048264723453715,,
,,,,,,,27.75,0.06946742917605972,-0.04944070444618271,0.04879898011430241,,,,,,,,27.75,0.06866384706223151,-0.05027126560430925,0.04677097120999854,,
,,,,,,,27.8,0.06766548597248767,-0.05741548529257336,0.035806145289757424,,,,,,,,27.8,0.06401715499415056,-0.055119013771833744,0.03255903030444085,,
,,,,,,,27.85,0.0658064704625566,-0.062079248835925145,0.021832508300848538,,,,,,,,27.85,0.05939279632429622,-0.05629275490619979,0.01893752888551866,,
,,,,,,,27.900000000000002,0.06390409496098255,-0.06343859828762219,0.007699194768543883,,,,,,,,27.900000000000002,0.054840698449950855,-0.05442093760420684,0.006772278549902399,,
,,,,,,,27.950000000000003,0.06197315516468257,-0.06169744352602639,-0.005839299908260117,,,,,,,,27.950000000000003,0.05042176738209295,-0.050309885392232266,-0.003357090668174925,,
,,,,,,,28.0,0.0600295732167258,-0.05722303923555629,-0.018140381507240372,,,,,,,,28.0,0.04621149504305889,-0.044837740622510364,-0.011183885281204408,,
,,,,,,,28.05,0.05809043010514622,-0.050502436165590324,-0.02870543521950769,,,,,,,,28.05,0.0423040980294906,-0.038848737620898695,-0.01674551567887119,,
,,,,,,,28.1,0.05617397599527484,-0.0420939293163975,-0.037196998451808516,,,,,,,,28.1,0.03881603169193345,-0.03305900785494315,-0.02034173827272361,,
,,,,,,,28.150000000000002,0.054299602321778107,-0.032578257479019705,-0.043440809752281866,,,,,,,,28.150000000000002,0.03588592569062634,-0.027983550291729477,-0.02246598708589059,,
,,,,,,,28.200000000000003,0.052487753913090004,-0.022514013626605867,-0.04741395892837995,,,,,,,,28.200000000000003,0.033665532689062916,-0.023891474753838546,-0.02371846380617976,,
,,,,,,,28.25,0.05075975381324032,-0.012401010675219397,-0.04922161660707478,,,,,,,,28.25,0.03229577831807579,-0.020793419414091276,-0.02471135379213341,,
,,,,,,,28.3,0.04913750931574267,-0.002654297874261059,-0.04906576733884217,,,,,,,,28.3,0.03186906933797402,-0.018461494991321017,-0.025977120378402697,,
,,,,,,,28.35,0.04764306755990492,0.006409743757174109,-0.047209925561104545,,,,,,,,28.35,0.032394603685262965,-0.016478587098798986,-0.02789025842749666,,
,,,,,,,28.400000000000002,0.0462979963405491,0.01457514761306978,-0.043943936296225485,,,,,,,,28.400000000000002,0.03379118755821691,-0.014310716345221733,-0.030611235752272346,,
,,,,,,,28.450000000000003,0.045122584226801564,0.02171716119897616,-0.03955265499005706,,,,,,,,28.450000000000003,0.035914051702635126,-0.011393730998283764,-0.03405880214626311,,
,,,,,,,28.5,0.044134885768308464,0.027784413958225857,-0.03429160950990171,,,,,,,,28.5,0.03859578661123958,-0.007224131505255261,-0.03791367389392801,,
,,,,,,,28.55,0.04334968029388979,0.03277557377931754,-0.02837175611447006,,,,,,,,28.55,0.04167814398792276,-0.0014434428566516293,-0.0416531410459956,,
,,,,,,,28.6,0.04277745764904655,0.03671404658906921,-0.02195426304779158,,,,,,,,28.6,0.04502700634037691,0.00609371015052278,-0.044612755985006775,,
,,,,,,,28.650000000000002,0.04242357564579232,0.03962429987981113,-0.015155019947498032,,,,,,,,28.650000000000002,0.04853494316902187,0.015275892855514492,-0.04606829501823379,,
,,,,,,,28.700000000000003,0.04228773479546119,0.04151301765684171,-0.008057411442517225,,,,,,,,28.700000000000003,0.052117952178416554,0.02572095924013823,-0.04532894434066232,,
,,,,,,,28.75,0.04236387627850237,0.042357570186699396,-0.000730931747217389,,,,,,,,28.75,0.05571065895714055,0.03679420476674436,-0.04183137598766877,,
,,,,,,,28.8,0.042640535025020014,0.04210329196229265,0.00674744641756432,,,,,,,,28.8,0.059261865066315006,0.04765738072739661,-0.03522417796545568,,
,,,,,,,28.85,0.043101593472220895,0.04066991698461039,0.0142725334930241,,,,,,,,28.85,0.06273099748088133,0.057344052393869936,-0.025433004148063973,,
,,,,,,,28.900000000000002,0.043727311797017325,0.03796634812481038,0.021694105352820563,,,,,,,,28.900000000000002,0.06608545685643157,0.06485391365869356,-0.012698720056525345,,
,,,,,,,28.950000000000003,0.044495478104342776,0.033911864955141875,0.02880682188298923,,,,,,,,28.950000000000003,0.06929869454271774,0.06925655064967917,0.0024164555516956844,,
,,,,,,,29.0,0.0453825310426575,0.028461018436407054,0.03534889748493253,,,,,,,,29.0,0.07234883369104202,0.06979399321233251,0.019056553936400444,,
,,,,,,,29.05,0.046364545805639396,0.021628914153517444,0.04101050085408622,,,,,,,,29.05,0.07521768188577176,0.06597132506450774,0.03613148125253391,,
,,,,,,,29.1,0.04741802396581295,0.013513408415362202,0.04545169732608485,,,,,,,,29.1,0.07789002114416291,0.0576256498805869,0.05240362458531051,,
,,,,,,,29.150000000000002,0.04852047224749889,0.0043109545720488585,0.04832858261730879,,,,,,,,29.150000000000002,0.08035309350521562,0.0449657303551783,0.06659356372415672,,
,,,,,,,29.200000000000003,0.0496507867398469,-0.005676579494168969,0.04932521737541698,,,,,,,,29.200000000000003,0.08259622471664549,0.02857742959356339,0.0774949472886299,,
,,,,,,,29.25,0.05078947582773005,-0.016045906200512876,0.04818817021904773,,,,,,,,29.25,0.0846105458578043,0.0093934090206248,0.0840875040498102,,
,,,,,,,29.3,0.051918760196519656,-0.026307792733982694,0.0447600011372824,,,,,,,,29.3,0.08638878482699353,-0.011370956398694655,0.08563716187767768,,
,,,,,,,29.35,0.05302258591775267,-0.035913460288277056,0.03900792211240956,,,,,,,,29.35,0.0879251079878808,-0.03231014490466137,0.08177334009883835,,
,,,,,,,29.400000000000002,0.05408658064574183,-0.04429015123492995,0.031044173519927505,,,,,,,,29.400000000000002,0.08921499805582474,-0.051941393979282914,0.07253556003499059,,
,,,,,,,29.450000000000003,0.05509797598429195,-0.05088305067263447,0.021135328523865564,,,,,,,,29.450000000000003,0.0902551583229879,-0.06882774035390962,0.05838437943219413,,
,,,,,,,29.5,0.056045512604320676,-0.05519994841407011,0.009698720439576869,,,,,,,,29.5,0.09104343613108766,-0.0816999089816439,0.04017501879211186,,
,,,,,,,29.55,0.056919339350211345,-0.056854569369324294,-0.0027146148701444692,,,,,,,,29.55,0.09157876048389565,-0.08956577540048784,0.019095581915094795,,
,,,,,,,29.6,0.05771091349708883,-0.05560443655728433,-0.015449795203024917,,,,,,,,29.6,0.09186109010691222,-0.09179722309550266,-0.003424866068149296,,
,,,,,,,29.650000000000002,0.05841290638879626,-0.05137947455911992,-0.027788796786025555,,,,,,,,29.650000000000002,0.09189136928537417,-0.08818629418913627,-0.025830239378064546,,
,,,,,,,29.700000000000003,0.059019116678137605,-0.04429828453760001,-0.03899895024860858,,,,,,,,29.700000000000003,0.09167148956458465,-0.07896538424463394,-0.046563183848262274,,
,,,,,,,29.75,0.05952439207980529,-0.03467005954697076,-0.04838533066415779,,,,,,,,29.75,0.09120425596247453,-0.06478958139014672,-0.06419132689825101,,
,,,,,,,29.8,0.0599245597354515,-0.022981363889860686,-0.05534265780796494,,,,,,,,29.8,0.09049335678251996,-0.04668277051663215,-0.07752268415541293,,
,,,,,,,29.85,0.06021636482449187,-0.009868353983926444,-0.05940224054969834,,,,,,,,29.85,0.0895433364689208,-0.025952474383101554,-0.08569993103486619,,
,,,,,,,29.900000000000002,0.060397416818431825,0.003923658397871934,-0.06026983377375618,,,,,,,,29.900000000000002,0.0883595712482186,-0.004081263287813218,-0.08826526565498212,,
,,,,,,,29.950000000000003,0.06046614268908943,0.017590233107161915,-0.0578509992215608,,,,,,,,29.950000000000003,0.08694824757942278,0.01739533803668196,-0.08519037487722521,,
,,,,,,,30.0,0.06042174638601269,0.03032345348755415,-0.052261607370265396,,,,,,,,30.0,0.08531634371280672,0.03701337860911193,-0.07686929366437752,,
