mea_k,mea_chik,mea_k3chik,mea_r,mea_chir_mag,mea_chir_re,mea_chir_im,mea_q,mea_chiq_mag,mea_chiq_re,mea_chiq_im,fit_k,fit_chik,fit_k3chik,fit_r,fit_chir_mag,fit_chir_re,fit_chir_im,fit_q,fit_chiq_mag,fit_chiq_re,fit_chiq_im,win_k,win_r
0.0,-1.043981920949964,-0.0,0.0,0.8182001187804822,-0.8182001187804822,0.0,0.0,0.1890886824140683,0.09441196749583736,0.16383195723256597,0.0,-0.018896900151175525,-0.0,0.0,0.32904976412520304,-0.32904976412520304,0.0,0.0,0.3822469063929657,0.09588727071449162,0.370024767768211,0.0,0.0
0.05,-1.0105030333348382,-0.0001263128791668548,0.030679615757712823,0.7932491933185228,-0.5428567669537738,0.5784036767457337,0.05,0.20275444228104406,0.057512383687565664,0.1944265660532826,0.05,-0.01834691246279484,-2.293364057849356e-06,0.030679615757712823,0.31655260559849446,-0.24231091683405037,0.20369332756435077,0.05,0.4013707814297962,0.005377081879214289,0.4013347619830974,0.0,0.0
0.1,-0.9767098084223018,-0.000976709808422302,0.06135923151542565,0.724570607255809,0.06662389252303609,0.7215010892882496,0.1,0.21616812607250901,0.01069285798454917,0.21590350047607476,0.1,-0.017796924774414156,-1.779692477441416e-05,0.06135923151542565,0.2805487304131345,-0.042695447999078026,0.2772808844052897,0.1,0.41978674960573853,-0.09508313331257649,0.40887664754056796,0.0,0.0
0.15000000000000002,-0.9419296105074002,-0.0031790124354624774,0.09203884727313846,0.6320787755935203,0.5329164466219365,0.3398876865608,0.15000000000000002,0.22926112548183072,-0.04352398775324263,0.22509181714858342,0.15000000000000002,-0.016886626581979085,-5.699236471417944e-05,0.09203884727313846,0.2259982564164574,0.13152696181225287,0.1837821270410075,0.15000000000000002,0.43740652641863864,-0.19880277538223637,0.38961766624979843,0.0,0.0
0.2,-0.9054898038851751,-0.007243918431081403,0.1227184630308513,0.5525873964831329,0.4981770029527961,-0.23910772568233113,0.2,0.2419685604200818,-0.10162269976301722,0.21959419647304534,0.2,-0.015626934270659976,-0.00012501547416527984,0.1227184630308513,0.16413994401049717,0.1640409362186945,0.005700216159352756,0.2,0.45414597040297006,-0.2982119098474124,0.3425174729242497,0.0,0.0
0.25,-0.8667177528506723,-0.013542464888291755,0.15339807878856412,0.5329404545933438,0.010114104269806967,-0.5328444735914781,0.25,0.25422841569378335,-0.15934945325638938,0.19809048208599242,0.25,-0.014035832556156654,-0.0002193098836899477,0.15339807878856412,0.1233857088561111,0.044965390313003006,-0.1149005954028277,0.25,0.46992464366580283,-0.38547744588143357,0.26876813323226817,0.0,0.0
0.30000000000000004,-0.8249408216989343,-0.02227340218587124,0.18407769454627693,0.5908624542829348,-0.5146133894797867,-0.2903299833799095,0.30000000000000004,0.265980985333512,-0.21205690961075208,0.16055451300204315,0.30000000000000004,-0.012140863018820962,-0.00032780330150816614,0.18407769454627693,0.1454002446686409,-0.12109572354731045,-0.080480164564034,0.30000000000000004,0.48466553672861434,-0.4531796860022508,0.17183961908517265,0.0,0.0
0.35000000000000003,-0.7794863747250047,-0.03342047831633459,0.21475731030398976,0.692675950447359,-0.6227993625300262,0.3031846407065257,0.35000000000000003,0.27716852422791444,-0.25510960499529894,0.1083581111953441,0.35000000000000003,-0.009981995240698203,-0.00042797804594493555,0.21475731030398976,0.2103292084348814,-0.19080928156143317,0.08848838336670807,0.35000000000000003,0.4982949128014782,-0.49498739799995356,0.0573175012109596,0.0,0.0
0.4,-0.7296817762239283,-0.04669963367833142,0.2454369260617026,0.7923466291548734,-0.19016990187733374,0.769186966317719,0.4,0.2877350423618339,-0.28431270808479525,0.044246340237994466,0.4,-0.007614597643408784,-0.0004873342491781623,0.2454369260617026,0.27950310331655753,-0.08851540540943957,0.2651169699751202,0.4,0.5107422400219372,-0.50626739271614,-0.06746082429846133,0.0,0.0
0.45,-0.6749799938868251,-0.061507551942936944,0.2761165418194154,0.8577796621948672,0.47192430957079945,0.7162914175887247,0.45,0.2976261992072229,-0.29632317094187294,-0.027819648047577483,0.45,-0.0051121318260511465,-0.0004658430126489108,0.2761165418194154,0.334919528380162,0.13387971218099415,0.3069972526859553,0.45,0.5219401894073158,-0.4845686138502082,-0.19394540414723033,0.0,0.0
0.5,-0.6153858416948201,-0.07692323021185252,0.30679615757712825,0.8719144607144841,0.8576590045489837,0.1570218415351061,0.5,0.3067892699846031,-0.289002456042948,-0.10294288017551086,0.5,-0.002568097268810507,-0.00032101215860131337,0.30679615757712825,0.3672546912726088,0.32944806707728214,0.162295962244234,0.5,0.5318246827149561,-0.4299307331108743,-0.3130448176725018,0.0,0.0
0.55,-0.5506910722316206,-0.09162122714253591,0.3374757733348411,0.8308788116777494,0.6683168318360364,-0.49367217055417645,0.55,0.31517316472895823,-0.2616742564515655,-0.17567215851063983,0.55,-9.666541911284438e-05,-1.6082709104899486e-05,0.3374757733348411,0.3712981498339493,0.3609817718138711,-0.08691649146296794,0.55,0.5403349790101385,-0.34498237635498563,-0.41587143391480247,0.0,0.0
0.6000000000000001,-0.47879732723580304,-0.10342022268293351,0.36815538909255385,0.7448225669533186,0.05551791334508007,-0.7427505755909847,0.6000000000000001,0.32272848723119485,-0.21525863176758914,-0.24045248578478237,0.6000000000000001,0.0021686177807084747,0.0004684214406330308,0.36815538909255385,0.345362228747078,0.20330532150764807,-0.2791809722954286,0.6000000000000001,0.5474137921265827,-0.23481303788939706,-0.49449438525382483,0.0,0.0
0.65,-0.3993083358530556,-0.10966005173364539,0.3988350048502667,0.6422101293003603,-0.4920344456581532,-0.41271776610882566,0.65,0.3294076251303716,-0.15226506990388528,-0.29210397460698195,0.65,0.004078689470696308,0.0011201100958899736,0.3988350048502667,0.29191258709270057,-0.033356249868617786,-0.2900005501681951,0.65,0.5530074337934577,-0.10662371907359348,-0.5426311863151075,0.0,0.0
0.7000000000000001,-0.3162341438674638,-0.1084683113465401,0.4295146206079795,0.5748431139404991,-0.5352019652064091,0.2097700218906586,0.7000000000000001,0.335164865420505,-0.07664013707593637,-0.326284808719816,0.7000000000000001,0.00547594299670302,0.0018782484478691362,0.4295146206079795,0.21999460682751312,-0.18042622843076733,-0.12587296424348102,0.7000000000000001,0.5570659792969814,0.03081764038961771,-0.5562128893966061,0.0,0.0
0.75,-0.2290209622137666,-0.09661821843393278,0.46019423636569234,0.5969336327544902,-0.040389053059921465,0.5955656859712415,0.75,0.33995653187329516,0.006520654931192402,-0.3398939902713596,0.75,0.006204689469346839,0.0026176033698806977,0.46019423636569234,0.15543489630013063,-0.13559260683861143,0.07599113078867895,0.75,0.5595434543716951,0.16787083014522652,-0.5337679849115735,0.0,0.0
0.8,-0.13963015573361076,-0.07149063973560872,0.4908738521234052,0.7044215830304872,0.5823094355644827,0.39639057492800084,0.8,0.3437411426799238,0.09137371922796828,-0.33137413388094755,0.8,0.006125165094745264,0.003136084528509576,0.4908738521234052,0.1576856971218547,0.056817425090427365,0.14709370918873102,0.8,0.5603980437657301,0.2948078768436953,-0.4765860711428417,0.0,0.0
0.8500000000000001,-0.05474870493137656,-0.03362254841598164,0.521553467881118,0.8416232632677556,0.7987169835050759,-0.265293983222421,0.8500000000000001,0.3464795882122516,0.17180643789526043,-0.30088312173578874,0.8500000000000001,0.005130682205705794,0.003150880209579071,0.521553467881118,0.23387142244461231,0.23332074005067113,0.016039778629191117,0.8500000000000001,0.5595923237747942,0.40261742987386184,-0.3886422184856402,0.0,0.0
0.9,0.022115510759736456,0.016122207343847877,0.5522330836388308,0.957252794985543,0.3815277596588014,-0.8779347823827063,0.9,0.3481353303866712,0.24195138515949932,-0.2503152721725871,0.9,0.003166929379478909,0.002308691517640125,0.5522330836388308,0.3269807810722605,0.231784879710866,-0.23063434420754628,0.9,0.5570935231861862,0.48375586786634334,-0.2762850952926683,0.0,0.0
0.9500000000000001,0.08546909104715726,0.07327906193655648,0.5829126993965437,1.0191974508063069,-0.3915001746446054,-0.9410053437591722,0.9500000000000001,0.34867462686508477,0.29668830835114945,-0.18316670851232586,0.9500000000000001,0.0002517415003849884,0.0002158368688925795,0.5829126993965437,0.4063139837067858,0.017908484993906366,-0.4059191292867352,0.9500000000000001,0.5528738197578932,0.5327757266461797,-0.14771420266961005,0.0,0.0
1.0,0.13163225445418272,0.13163225445418272,0.6135923151542565,1.0119589441500199,-0.9410349459700743,-0.37217487167771324,1.0,0.3480667854522417,0.332086561392129,-0.10425451010775792,1.0,-0.003507037638080964,-0.003507037638080964,0.6135923151542565,0.45651299128096917,-0.2794663515955925,-0.36097461065031555,1.0,0.5469106829053406,0.5467725360235554,-0.012291823556979204,0.0,0.0
1.05,0.15993519833065983,0.1851449839675301,0.6442719309119693,0.9363487007491597,-0.8429854057544356,0.4075837276924446,1.05,0.3462844568096332,0.345745444841461,-0.019313528919463956,1.05,-0.007898572686786776,-0.009143585206541543,0.6442719309119693,0.4685635312138545,-0.4571535295237365,-0.1027736991043282,1.05,0.5391872781505845,0.5256074808363936,0.12024848027420518,0.0,0.0
1.1,0.16965184197031508,0.22580660166248945,0.6749515466696822,0.8139903634572048,-0.1797184644263422,0.7939027555975795,1.1,0.34330397737023627,0.33699894928654545,0.06549296953099662,1.1,-0.012604249726602882,-0.01677625638610844,0.6749515466696822,0.4385881350131762,-0.3894211186172078,0.2017690376377372,1.1,0.5296929558124615,0.4718839940405926,0.2406244451539373,0.0,0.0
1.1500000000000001,0.16469619097634045,0.25048231945114185,0.705631162427395,0.6985109574815345,0.5040716025708786,0.4835590731269513,1.1500000000000001,0.33910577964748356,0.3069639295084238,0.14410369797848727,1.1500000000000001,-0.01720432953447763,-0.026165634680748673,0.705631162427395,0.3686673529452072,-0.12872517700964806,0.3454641022327222,1.1500000000000001,0.5184238564730737,0.39067951258020694,0.3407826483412939,0.0,0.0
1.2000000000000002,0.14712866154265994,0.2542383271457165,0.7363107781851077,0.6775646842636576,0.6251040928530107,-0.261416859555241,1.2000000000000002,0.3336748948147463,0.25842559232902884,0.2110809054818143,1.2000000000000002,-0.02119865630772947,-0.03663127809975654,0.7363107781851077,0.2700858236558378,0.1263076779128395,0.23873148648663564,1.2000000000000002,0.505383680671249,0.2890569700289726,0.4145584793083945,0.0,0.0
1.25,0.12358069286632042,0.24136854075453207,0.7669903939428205,0.7980249772229911,0.04134465131438408,-0.7969532508745086,1.25,0.3270015837894519,0.1955699377043472,0.26207333948177114,1.25,-0.02404276837409963,-0.04695853198066334,0.7669903939428205,0.17952480100293958,0.17886645969563278,-0.015360461291758915,1.25,0.4905846928302321,0.17540188831652456,0.45815665270115924,0.0,0.0
1.3,0.09875936219676747,0.21697431874629813,0.7976700097005334,1.0024804849585605,-0.7991098679771755,-0.6053020251281599,1.3,0.31908215017455716,0.12358790178896899,0.294175881219754,1.3,-0.025198891860973318,-0.05536196541855838,0.7976700097005334,0.1932541126025735,-0.010917866089719374,-0.19294546441379523,1.3,0.474049064202814,0.05864804622159718,0.470407187387643,0.0,0.0
1.35,0.07294035801941398,0.1794606333620157,0.8283496254582462,1.2119261229205824,-1.1828516181743847,0.26386924185958893,1.35,0.309920014698022,0.048188890293389186,0.3061506922460145,1.35,-0.024199083699635176,-0.05953882055748991,0.8283496254582462,0.3098771979357931,-0.28533098069584373,-0.12087228489478771,1.35,0.4558107142911296,-0.05253410450794753,0.4527732049560109,0.0,0.0
1.4000000000000001,0.04966866250333676,0.1362908099091561,0.859029241215959,1.3740406748014493,-0.6989873748655159,1.1829642538079657,1.4000000000000001,0.299527171920892,-0.024929182075223606,0.2984879605612058,1.4000000000000001,-0.02071584371684407,-0.056844275159020144,0.859029241215959,0.44123545925563573,-0.40238832276705433,0.18103140115805508,1.4000000000000001,0.4359178979001653,-0.1505080342383604,0.40911092058194126,0.0,0.0
1.4500000000000002,0.030091359812723508,0.09173727180906424,0.8897088569736719,1.4610694053546132,0.39236767295878544,1.407398812163841,1.4500000000000002,0.28792621556278714,-0.09060133899807271,0.27330002374691603,1.4500000000000002,-0.014635379200148232,-0.04461778291405192,0.8897088569736719,0.5489781238887176,-0.2236269908637516,0.5013660832820662,1.4500000000000002,0.41443692858409864,-0.22932607554420262,0.34520648726481945,0.0,0.0
1.5,0.015053047794141213,0.05080403630522659,0.9203884727313847,1.4678203293967287,1.3046004719472473,0.6726917035205213,1.5,0.2751532253465521,-0.14465670917399387,0.23405925298855643,1.5,-0.006135543780824763,-0.020707460260283573,0.9203884727313847,0.6139356303929583,0.16733536665850116,0.590690979558063,1.5,0.3914576692468052,-0.28520504077293224,0.26813651659155113,0.0,0.0
1.55,0.003667272510490169,0.013656464420001579,0.9510680884890975,1.415743146216005,1.3080531955424195,-0.5415953228092512,1.55,0.2612619845847489,-0.18427310920540976,0.18520595512275706,1.55,0.003659354620924201,0.013626979188994111,0.9510680884890975,0.6250862940864658,0.5139915495898185,0.35573243035322016,1.55,0.367101829665818,-0.31677631221214253,0.18551690317937725,0.0,0.0
1.6,-0.0036275813076088264,-0.014858573035965756,0.9817477042468103,1.3592805147454083,0.32255936424723,-1.3204540788315833,1.6,0.2463302942807895,-0.2081890004555475,0.13166606992608385,1.6,-0.0020461619178596367,-0.008381079215553073,0.9817477042468103,0.5788140255938152,0.576015481671369,-0.05684928406777511,1.6,0.34153581916256437,-0.3250865077545444,0.10471617949007883,0.0,0.0
1.6500000000000001,-0.008363251419381969,-0.03756877078229124,1.012427320004523,1.37893612245013,-0.9513664881757389,-0.9981816643146486,1.6500000000000001,0.23046965402260855,-0.2167509109497022,0.07832818156816326,1.6500000000000001,-0.005138053050909856,-0.023080776561318447,1.012427320004523,0.48051646214352756,0.3175450576100358,-0.36063999608802566,1.6500000000000001,0.3149911403824903,-0.3133498450164298,0.03211375324749729,0.0,0.0
1.7000000000000002,-0.01037803147472514,-0.05098726863532463,1.043106935762236,1.5333311396560605,-1.5058169065426896,0.2891709318191545,1.7000000000000002,0.21384043902174535,-0.21179108048811418,0.029534244305380906,1.7000000000000002,-0.006381067602415075,-0.03135018513066527,1.043106935762236,0.3501483430685947,-0.054557631643037896,-0.3458718360653045,1.7000000000000002,0.2877974535337255,-0.28647861187010726,-0.027520523277607664,0.0,0.0
1.75,-0.010845268974910007,-0.05812386341240832,1.0737865515199487,1.8065383275812499,-0.7835949720544532,1.6277468011920775,1.75,0.19667613286501548,-0.19634765635950024,-0.011362177646420911,1.75,-0.006530499982700579,-0.034999398344785916,1.0737865515199487,0.24673847753262326,-0.2421085090336158,-0.04757463766164083,1.75,0.26043696700764746,-0.25044117423480067,-0.07146070271160693,0.0,0.0
1.8,-0.009741124703777474,-0.05681023927243024,1.1044661672776617,2.1298093862521195,0.8445580279544318,1.9552006953725625,1.8,0.17932237177560256,-0.17425646966012537,-0.042322521201096086,1.8,-0.006217361749124836,-0.03625965372089605,1.1044661672776617,0.2850036963759658,-0.08789289868439305,0.271112421900618,1.8,0.23363367044721725,-0.21151535413508965,-0.09922674504258681,0.0,0.0
1.85,-0.00746782800002949,-0.047283486460686724,1.1351457830353744,2.430285915523956,2.2736462141383176,0.8583836695374671,1.85,0.16229911316652287,-0.1496575261987916,-0.06279830401131706,1.85,-0.005871475917950049,-0.03717598370899048,1.1351457830353744,0.43157353146934524,0.2913422517376555,0.3183950461570571,1.85,0.20849338368343046,-0.17551683982138244,-0.112531462173391,0.0,0.0
1.9000000000000001,-0.004570467728756036,-0.03134883815153766,1.1658253987930873,2.6512414902315866,2.4312061715553313,-1.057505551246268,1.9000000000000001,0.14639377995037803,-0.12646933128138632,-0.07373362227233016,1.9000000000000001,-0.005851652203625811,-0.04013648246466945,1.1658253987930873,0.5836081242088763,0.583555396214977,0.00784488310840064,1.9000000000000001,0.18669184506286918,-0.14708620166010183,-0.11497605965670507,0.0,0.0
1.9500000000000002,-0.0008051994106535518,-0.0059704529800697565,1.1965050145508,2.756329580750052,1.0758631584404548,-2.5376901351481598,1.9500000000000002,0.13277623869947983,-0.1078888857329025,-0.07739197567250722,1.9500000000000002,-0.006581420547619585,-0.04880041068303079,1.1965050145508,0.6946362620399646,0.5219010808766786,-0.4584089858637252,1.9500000000000002,0.17061070186206276,-0.1291134964580183,-0.11152451130693627,0.0,0.0
2.0,0.0038896015308310296,0.031116812246648237,1.227184630308513,2.731824828448588,-0.9707456791649943,-2.5535308339063874,2.0,0.12305922397577912,-0.09597399139034338,-0.07702314965078529,2.0,-0.008123101748429838,-0.0649848139874387,1.227184630308513,0.7411871717222909,0.10416731695353354,-0.7338307663244917,2.0,0.16308531580331392,-0.1223665976038297,-0.10781111269961487,0.0,0.0
2.0500000000000003,0.009298512570123428,0.08010784810568462,1.2578642460662257,2.5898684278427737,-2.3632819660248545,-1.0593945547332675,2.0500000000000003,0.11909524973555316,-0.09135731808193953,-0.07640365791275375,2.0500000000000003,-0.01017419961984628,-0.08765200149992822,1.2578642460662257,0.7121806181184466,-0.3869513470645652,-0.59788785556197,2.0500000000000003,0.16636083408145588,-0.12536936963006776,-0.10935469022788705,0.0,0.0
2.1,0.013391568130037654,0.12401931245227872,1.2885438618239387,2.3724425360972905,-2.1795635188947204,0.9370093138208424,2.1,0.12231666838874243,-0.09312904700239732,-0.07929910447254024,2.1,-0.012599516855170004,-0.11668412559572942,1.2885438618239387,0.609704196574983,-0.5926594964568394,-0.14315700674668755,2.1,0.1807982567435306,-0.13455044158723886,-0.12076501277347935,0.0,0.0
2.15,0.016439484904496794,0.1633817657877283,1.3192234775816514,2.1527962970544228,-0.5908479545004521,2.0701281581761712,2.15,0.13299344057013263,-0.0989079261657924,-0.08890712781472336,2.15,-0.015441907940536324,-0.15346747182852766,1.3192234775816514,0.4574171928641613,-0.3633426301719257,0.2778715916164813,2.15,0.20483880170241509,-0.1446550389714217,-0.1450305291414804,0.0,0.0
2.2,0.015072090453050748,0.1604876191440844,1.3499030933393643,2.020513745584053,1.248034481413036,1.588988901565456,2.2,0.1502296388454686,-0.10510084185127537,-0.10734410756903769,2.2,-0.018479895375488876,-0.19677392595820561,1.3499030933393643,0.3373441574601768,0.1048073469524014,0.3206501217796674,2.2,0.23620740087509245,-0.14938388837899194,-0.18297100896300347,0.0,0.0
2.25,0.009387830574814468,0.10693325764124606,1.380582709097077,2.0294885146528334,2.026794823919218,-0.10452929178957913,2.25,0.17265234829501983,-0.10733045333870354,-0.13523685576755035,2.25,-0.021308544498128863,-0.2427176396739991,1.380582709097077,0.40933260510690656,0.40336916021268615,-0.06961682406515714,2.25,0.2728989538288715,-0.1421974923384076,-0.2329242627412633,0.0,0.0
2.3000000000000003,0.0002028334102115488,0.002467874102043915,1.41126232485479,2.1433239328498894,1.226166764619878,-1.7579398586040245,2.3000000000000003,0.19900217187799665,-0.10099114131560212,-0.1714720204229594,2.3000000000000003,-0.02346250877826831,-0.28546834430519064,1.41126232485479,0.6316238715444016,0.22799588882210417,-0.5890386997345398,2.3000000000000003,0.3134507384715977,-0.11720378236085767,-0.2907140155697669,0.0,0.0
2.35,-0.010259621396868169,-0.1331480840358805,1.4419419406125027,2.2579148255399515,-0.5200750135867565,-2.1972030720067375,2.35,0.2283270177309262,-0.08187752142459834,-0.21314149880129662,2.35,-0.024581464175772623,-0.3190151693901552,1.4419419406125027,0.8708900505738084,-0.36401008218885444,-0.7911675803856689,2.35,0.35685790431229947,-0.07003454154373343,-0.3499181716643555,0.0,0.0
2.4000000000000004,-0.019680791314142538,-0.2720672591267066,1.4726215563702154,2.264576419785308,-1.9254551845461123,-1.192027136164333,2.4000000000000004,0.25995391508419136,-0.04681885986578158,-0.25570301587675354,2.4000000000000004,-0.02441599974916374,-0.3375267805324397,1.4726215563702154,1.0611023767114658,-0.9673628025150605,-0.4360590122597281,2.4000000000000004,0.40242812468198086,0.0013873990051003029,-0.40242573309749535,0.0,0.0
2.45,-0.026825204731545527,-0.3944948139327001,1.5033011721279284,2.081911034333468,-2.0431285317614636,0.3999741961448218,2.45,0.29340930239039364,0.005751755908811849,-0.29335292061471435,2.45,-0.02298051253705468,-0.33795428993399335,1.5033011721279284,1.163046179660789,-1.1240423186385395,0.2986725329407644,2.45,0.4496682314342055,0.09628164961721493,-0.439239527260644,0.0,0.0
2.5,-0.031151720014697088,-0.486745625229642,1.533980787885641,1.6619585604944431,-0.994052253756591,1.3319032898833922,2.5,0.3283507161095318,0.07536193665665664,-0.31958531141621704,2.5,-0.020327185318571195,-0.31761227060267494,1.533980787885641,1.1512909083387912,-0.6845640544086729,0.9256580421706054,2.5,0.4982101003665044,0.21071970401019832,-0.45145377443217466,0.0,0.0
2.5500000000000003,-0.032694903738218276,-0.5421264594722992,1.564660403643354,0.9935131268311764,0.1439464427909267,0.9830298849952119,2.5500000000000003,0.3645197188549714,0.15925669391088138,-0.3278901201297216,2.5500000000000003,-0.016252863897727593,-0.2694948311121829,1.564660403643354,1.0141118703417662,0.05029311223387329,1.0128640029292708,2.5500000000000003,0.5477646620995217,0.33766098136449924,-0.43131332776644693,0.0,0.0
2.6,-0.03007653737915212,-0.5286252209759776,1.5953400194010667,0.2508372622593178,0.22901734753583214,-0.10232490735593973,2.6,0.4017116255837745,0.25238927479831186,-0.31252501355242085,2.6,-0.010475854956555942,-0.18412362671642724,1.5953400194010667,0.757616763998617,0.5388464076441054,0.5325670944217064,2.6,0.5980935919671283,0.4673351793108148,-0.373247605391743,0.0,0.0
2.6500000000000004,-0.023707658987978233,-0.44119064339415465,1.6260196351587797,1.1245859893330976,-0.9443730565540142,-0.6106170464858731,2.6500000000000004,0.4397563697474383,0.34766629028921037,-0.2692838935584232,2.6500000000000004,-0.0033558655317979845,-0.0624513990971861,1.6260196351587797,0.42788583365872285,0.4187092618023937,-0.08814102748842187,2.6500000000000004,0.6489917148813108,0.587956202929831,-0.27476853790221323,0.0,0.0
2.7,-0.011067759374213131,-0.2178467077626371,1.6566992509164924,2.3835449796939843,-2.3383612771802555,0.4619017293844234,2.7,0.478506366141686,0.43644219673336015,-0.19617989537330324,2.7,0.00405508783318499,0.07981629382058018,1.6566992509164924,0.3353031221455834,-0.18335313386466326,-0.28073085334993536,2.7,0.7002758931808822,0.6867182410292769,-0.1371290779081457,0.0,0.0
2.75,0.0029938029548957383,0.062261745827597303,1.6873788666742053,3.711696119053398,-2.3699419776604036,2.856582416580896,2.75,0.5178287180279799,0.5092321241426804,-0.09396395561934798,2.75,0.009969232988756887,0.20732889231305338,1.6873788666742053,0.7412094647805518,-0.7111116019562035,0.20907357614857502,2.75,0.7517778873551209,0.7509930303372054,0.034343271554557325,0.0,0.0
2.8000000000000003,0.015796889501923858,0.3467733183462326,1.718058482431918,5.006954579858592,-0.16201274668723922,5.004332726216132,2.8000000000000003,0.5576001397901298,0.5565875657365525,0.033588652271729205,2.8000000000000003,0.012938273878606356,0.2840209881831668,1.718058482431918,1.2300344880318541,-0.5925260315736226,1.0779136067679078,2.8000000000000003,0.8033396977973543,0.7696222178006358,0.23029613962195575,0.0,0.0
2.85,0.023968831836795594,0.5548574842939609,1.748738098189631,6.169419136238048,3.5778969807499146,5.025971117477782,2.85,0.5977036024742833,0.5700590670204998,0.17967263708882758,2.85,0.013088352313030883,0.30298390373839107,1.748738098189631,1.6745905243132828,0.2934974507120884,1.648669970171514,2.85,0.8548104890648399,0.7341827446291325,0.4378089420102163,0.0,0.0
2.9000000000000004,0.024604588831134613,0.6000813170025423,1.7794177139473437,7.104774950218386,6.777711486605648,2.1308341318799346,2.9000000000000004,0.638026092803821,0.5431560097241789,0.3347519144068003,2.9000000000000004,0.011004737572092124,0.2683945446457549,1.7794177139473437,2.0094293943078414,1.4670907940954985,1.3731172901790358,2.9000000000000004,0.9060445455915616,0.6400983016754583,0.6412416726854339,0.0,0.0
2.95,0.018845328142135243,0.48380433106294934,1.8100973297050567,7.7319806514583975,7.281443257837238,-2.6007900487012883,2.95,0.6784571062686077,0.47220759270906437,0.4871591469266313,2.95,0.007192188879332747,0.18464056998106007,1.8100973297050567,2.18163596940521,2.16358222033844,0.28008477080697736,2.95,0.9568999141287311,0.48747712077327815,0.8234218253010833,0.0,0.0
3.0,0.009703156726246985,0.2619852316086686,1.8407769454627694,7.990785095838621,4.35654427969705,-6.698743791705692,3.0,0.7188876340618702,0.35703218185328717,0.6239610977682459,3.0,0.0022250762961551385,0.06007705999618874,1.8407769454627694,2.1500284507671146,1.9061387187479162,-0.9946142588954233,3.0,1.007237512891488,0.2815755259814297,0.9670794334200846,0.0,0.0
3.0500000000000003,-0.0014830836230404368,-0.04207897548016768,1.8714565612204823,7.848215294094842,-0.6435820210303896,-7.821782756166948,3.0500000000000003,0.7592094890185995,0.2013345157474449,0.732026953728225,3.0500000000000003,-0.0033941753262637484,-0.096301663716334,1.8714565612204823,1.8885371082785203,0.9005427614017306,-1.659998537418615,3.0500000000000003,1.0569205642160224,0.032816479394140896,1.0564109795637724,0.0,0.0
3.1,-0.010254648295207312,-0.3054962273625211,1.902136176978195,7.3040076757565044,-5.004524120886845,-5.320081432738759,3.1,0.7993148689497394,0.012771110447464465,0.7992128367725819,3.1,-0.009261802236895015,-0.27591835043933943,1.902136176978195,1.3905291619697442,-0.08235880833797232,-1.3880880292609068,3.1,1.1058142557874224,-0.24366954145253694,1.0786335442915733,0.0,0.0
3.1500000000000004,-0.018151699719382162,-0.5673472574665441,1.932815792735908,6.39630455283266,-6.3522376943220795,-0.7495253214011689,3.1500000000000004,0.83909608954254,-0.1973479547270802,0.8155587239743197,3.1500000000000004,-0.015037205225856744,-0.4700010068887253,1.932815792735908,0.6848873353197511,-0.29575909802427885,-0.6177355567046907,3.1500000000000004,1.1537855663930956,-0.5289708449680715,1.025383332413201,0.0,0.0
3.2,-0.02388011996115171,-0.7825037708870194,1.9634954084936207,5.213035449271254,-4.2078446525324384,3.0773010862625885,3.2,0.8784454408011236,-0.4147201700975496,0.7743859328387492,3.2,-0.020365272601938815,-0.6673292526203313,1.9634954084936207,0.43259694213780375,0.34421069542407984,-0.26202883715852665,3.2,1.2007032123067025,-0.8017331620369761,0.89381885241576,0.0,0.0
3.25,-0.029056366193243414,-0.997450570727434,1.9941750242513334,3.9296508898306324,-0.32227070642286043,3.916413883609391,3.25,0.9172551353200166,-0.6230396077337277,0.6731854354232158,3.25,-0.024795578975032,-0.8511857345022704,1.9941750242513334,1.4579502113915466,1.0802660097666388,-0.9791037570347282,3.25,1.246437683790032,-1.03981433392206,0.6873085555571692,0.0,0.0
3.3000000000000003,-0.033508373748119484,-1.2041904273861703,2.024854640009046,2.9381099485125075,2.4784017420778284,1.5779780969372663,3.3000000000000003,0.9554173262468147,-0.8052457790860981,0.5141998663522146,3.3000000000000003,-0.027747680943363932,-0.99716841006167,2.024854640009046,2.6563676005139367,0.805611590015775,-2.5312603175280937,3.3000000000000003,1.29086135024872,-1.2221242467536413,0.41561442595606984,0.0,0.0
3.35,-0.0359738576176489,-1.3524506673321173,2.055534255766759,2.9290737078194202,2.1894297923085135,-1.945731217406686,3.35,0.9928241792853365,-0.9449358416856676,0.3046245329440832,3.35,-0.028726407448047272,-1.0799800604121303,2.055534255766759,3.9033775066559753,-1.0626077812319459,-3.7559580219609936,3.35,1.333848618807978,-1.3304951220431744,0.09452443131417597,0.0,0.1464466094067272
3.4000000000000004,-0.03545856979638864,-1.3936636272772593,2.086213871524472,3.9512462600399565,-1.004940045412146,-3.8213142389244537,3.4000000000000004,1.0293679875775867,-1.0278226331644362,0.05638340717317122,3.4000000000000004,-0.02744688200900165,-1.0787722504818011,2.086213871524472,5.12645710188183,-3.948444241096748,-3.2696101437915464,3.4000000000000004,1.3752761354475205,-1.3514163038538807,-0.25506552571718105,0.0,0.5000000000000028
3.45,-0.03094726380470153,-1.2708068356523372,2.116893487282185,5.3417191851727965,-4.821923566068441,-2.298481450052825,3.45,1.0649413214584498,-1.0431097630379997,-0.21452748169984515,3.45,-0.023890214299979298,-0.9810188011839877,2.116893487282185,6.260913802230098,-6.241964815025115,-0.4867410882017465,3.45,1.4150230209705537,-1.277471399943987,-0.6085696116318836,0.0,0.8535533905932768
3.5,-0.022526375685085302,-0.9658183574980324,2.1475731030398975,6.706608806311238,-6.379590130940783,2.068678670575597,3.5,1.0994372073407028,-0.9846550525155326,-0.48909774119367705,3.5,-0.018236356188421746,-0.7818837715785824,2.1475731030398975,7.252258509813812,-6.2084867915338675,3.7483256598802024,3.5,1.4529711363869557,-1.1083343074529417,-0.939531897327818,0.0,1.0
3.5500000000000003,-0.010034201193525934,-0.44891887292200766,2.1782527187976104,7.87591354811666,-4.11072989217772,6.718029024272231,3.5500000000000003,1.1327493316497452,-0.8518055232492294,-0.7466916357607408,3.5500000000000003,-0.010801503766543877,-0.4832471268234358,2.1782527187976104,8.060282624429702,-3.144293164585596,7.421696334452363,3.5500000000000003,1.4890053740381126,-0.8512131873528538,-1.221709095321376,0.006155829702431202,1.0
3.6,0.005001520888887532,0.23335095859193672,2.2089323345553233,8.770023215298385,1.1711293326942875,8.691476473130193,3.6,1.164772266982536,-0.6498103621062215,-0.9666648474166305,3.6,-0.002032068524849268,-0.09480818909536745,2.2089323345553233,8.662025871133471,1.9865783646951976,8.431144560088537,3.6,1.523013972166381,-0.5206754368990859,-1.4312472353943477,0.02447174185242326,1.0
3.6500000000000004,0.019775882670901506,0.9616443186232617,2.2396119503130363,9.357867190973574,6.734900054317904,6.496983886562158,3.6500000000000004,1.1954017186474049,-0.3897512227036081,-1.1300793128564968,3.6500000000000004,0.007459333962015829,0.3627259649876891,2.2396119503130363,9.05285030462386,6.9088153661266105,5.849988792698763,3.6500000000000004,1.5548888517666175,-0.13783860095081546,-1.5487672069862637,0.05449673790581632,1.0
3.7,0.03360489334482588,1.7021886625954654,2.270291566070749,9.642479953112353,9.588165338164734,1.022010320001693,3.7,1.2245347905451263,-0.08796929076474021,-1.2213708925374571,3.7,0.016935846948606965,0.8578514554877886,2.270291566070749,9.24528831272994,9.227492572702184,0.5733557414266136,3.7,1.5845259755454286,0.27103243203046185,-1.561173913427279,0.09549150281252644,1.0
3.75,0.043444235709006226,2.291004617467125,2.3009711818284617,9.652660308387121,8.23397468847282,-5.0374112258878645,3.75,1.2520702700455153,0.23498760246130404,-1.2298214455039145,3.75,0.025613383158759086,1.3507057525126862,2.3009711818284617,9.265695417419735,7.746861633256545,-5.083231885677734,3.75,1.6118257297278016,0.6764275534308929,-1.4630201461265173,0.14644660940672624,1.0
3.8000000000000003,0.049460196132545986,2.7139798821850643,2.3316507975861747,9.435460035674355,3.434174072696996,-8.788307830477017,3.8000000000000003,1.2779089321502484,0.55583071677206,-1.1506969423623432,3.8000000000000003,0.03274953929175421,1.7970327200171377,2.3316507975861747,9.14920604037985,3.1168000957371778,-8.601949100787325,3.8000000000000003,1.636693330348516,1.0478507008430566,-1.2572883385882618,0.2061073738537638,1.0
3.85,0.04916295140890217,2.805563711945042,2.3623304133438876,9.04874654267197,-2.4031645305327975,-8.723795861476072,3.85,1.3019538638539443,0.8503020944070573,-0.9859362108428651,3.85,0.03773647164474031,2.1534930761735285,2.3623304133438876,8.934073077278807,-2.5625322229610727,-8.558685083378416,3.85,1.6590392565971959,1.356257094916267,-0.9554987950907445,0.2730047501302266,1.0
3.9000000000000004,0.04515429481504643,2.67850761413374,2.3930100291016,8.554701142769103,-6.692609402021366,-5.328404173302755,3.9000000000000004,1.324110810258748,1.0951133216192919,-0.7443092439678818,3.9000000000000004,0.0401516296347295,2.38175451830252,2.3930100291016,8.657010057786913,-6.890823713349052,-5.240264467769747,3.9000000000000004,1.6787797147978467,1.5764667572090931,-0.5771082170887758,0.34549150281252683,1.0
3.95,0.03871969276244603,2.3862898249879536,2.423689644859313,8.015728786918471,-8.001236485038895,-0.48179113308142785,3.95,1.344288544697532,1.2698915091187648,-0.4410070821121519,3.95,0.03979380690757482,2.452487345487973,2.423689644859313,8.351265882167196,-8.346118571605857,-0.29316654540660453,3.95,1.6958371377432204,1.689347094126794,-0.14822278271060627,0.42178276747988486,1.0
4.0,0.031852498135436384,2.0385598806679286,2.454369260617026,7.493909033325333,-6.473324074918117,3.7755460559819074,4.0,1.3623992659133402,1.3589650395019353,-0.09667358053114351,4.0,0.0367067829578783,2.349234109304211,2.454369260617026,8.048373756223883,-6.822664425861534,4.269375862108752,4.0,1.710140725421938,1.6835698669592185,0.30028953330676084,0.5000000000000001,1.0
4.05,0.023108328612585865,1.5350891582751554,2.4850488763747385,7.053243482806878,-3.287898802061268,6.240029254351439,4.05,1.378359026267038,1.3528286162740544,0.2640612434300886,4.05,0.031162716270932467,2.070143137217577,2.4850488763747385,7.78263071481284,-3.339336380378207,7.029806070001561,4.05,1.7216270347287452,1.5567779483137818,0.7351476493554367,0.578217232520115,1.0
4.1000000000000005,0.014215282699579593,0.9797314989377255,2.5157284921324514,6.760282724754151,0.2717986761740681,6.7548166517115344,4.1000000000000005,1.392088196046932,1.249148669110412,0.614440516268978,4.1000000000000005,0.023620795113403644,1.627968820010893,2.5157284921324514,7.59482088743443,0.7273445087492733,7.559912319452031,4.1000000000000005,1.7302406276017668,1.3160427917317312,1.1232826891458387,0.6545084971874745,1.0
4.15,0.007698237000367803,0.5502189799661633,2.5464081078901644,6.675528513646032,3.4205745323966754,5.732569302225701,4.15,1.4035119702880523,1.0532048544873345,0.9276881939672205,4.15,0.014678934490871513,1.049152989466494,2.5464081078901644,7.5298641475037185,4.303592879094704,6.178830181423281,4.15,1.735934789263219,0.9775509732075057,1.4345255966191037,0.7269952498697739,1.0
4.2,0.002113259367116184,0.15656715999090384,2.5770877236478773,6.8325241394885765,5.829974390185645,3.5629741405844677,4.2,1.41256092614211,0.7777086326603262,1.1791936451444527,4.2,0.005026724722020863,0.37241998120508174,2.5770877236478773,7.624657553514098,6.800327905791192,3.4483246920899395,4.2,1.7386723309451086,0.5655227943781546,1.644130604128766,0.7938926261462367,1.0
4.25,-0.0033573946546530554,-0.25773249903610096,2.60776733940559,7.216996394142347,7.2036288549654595,0.4390538383531846,4.25,1.4191716408557862,0.4419920490669877,1.3485885861784794,4.25,-0.004598687260539764,-0.35302110173487283,2.60776733940559,7.8897068810802535,7.888663241791595,-0.12832352462124147,4.25,1.738426494770151,0.1104322836252359,1.7349153836577016,0.8535533905932737,1.0
4.3,-0.008566170198980113,-0.6810704940103118,2.6384469551633027,7.765353485279227,7.017239749162803,-3.32551665972489,4.3,1.4232873829207937,0.07061449786724991,1.4215345817363987,4.3,-0.013476742496262645,-1.071495365650354,2.6384469551633027,8.29645078374061,7.256419367630349,-4.0218743849241925,4.3,1.7351819824619363,-0.3533397997252152,1.6988253289231003,0.9045084971874736,1.0
4.3500000000000005,-0.013963300590228694,-1.149359416070921,2.6691265709210157,8.38341517537262,4.7659432179692365,-6.896914907823714,4.3500000000000005,1.4248588920876162,-0.3085123835769222,1.3910582200399937,4.3500000000000005,-0.020985519633344808,-1.7273784543895578,2.6691265709210157,8.779861100651289,4.68283592032303,-7.426776466951326,4.3500000000000005,1.7289361344297058,-0.7902357558627727,1.5377735877211334,0.9455032620941842,1.0
4.4,-0.0203566486187523,-1.7340607559397965,2.6998061866787286,8.969190187289437,0.5579482321256124,-8.95181916629447,4.4,1.423845267855254,-0.6663361887191283,1.2583049830613666,4.4,-0.02667336430102662,-2.272143864618652,2.6998061866787286,9.253468270715862,0.4159301097061261,-9.244115813910222,4.4,1.7197002916835946,-1.1664112948990144,1.263666801157902,0.9755282581475768,1.0
4.45,-0.02677516134893775,-2.359457340124912,2.730485802436441,9.4289198690635,-4.482697469226996,-8.29517650786325,4.45,1.420214990974794,-0.9750320233681481,1.0326292529248575,4.45,-0.030249234154406328,-2.6655965440747096,2.730485802436441,9.626961564331532,-4.512044264817997,-8.504107567137169,4.45,1.7075013801680927,-1.4525444826226968,0.8975942787687007,0.9938441702975689,1.0
4.5,-0.031522852787821846,-2.8725199602902656,2.761165418194154,9.686221132594865,-8.471143169152066,-4.697085611020482,4.5,1.4139471087026114,-1.2103286682622032,0.730993119660586,4.5,-0.03157859242436685,-2.8775992346704293,2.761165418194154,9.819978086991345,-8.437471125963143,-5.024047235797894,4.5,1.6923837656296081,-1.626322111693289,0.4682298572113202,1.0,1.0
4.55,-0.034015515988886184,-3.2041382999076187,2.791845033951867,9.68720675486165,-9.662898021352925,0.6858400253491371,4.55,1.4050326223400127,-1.353591226800442,0.37670606654064837,4.55,-0.0306659772059104,-2.888623888629388,2.791845033951867,9.771044719304774,-9.769171444449057,0.19132222979783584,4.55,1.6744114371871106,-1.6743841183579058,0.009564788226825542,1.0,1.0
4.6000000000000005,-0.034036616051344476,-3.3129880599736667,2.82252464970958,9.403290542938812,-7.466617029722723,5.715899156421246,4.6000000000000005,1.3934761254016426,-1.3934740518508222,-0.002403930703318321,4.6000000000000005,-0.02768189377591264,-2.6944448125722333,2.82252464970958,9.442729499641448,-7.874223759955553,5.211692679115898,4.6000000000000005,1.6536705893656598,-1.593548084301105,-0.44184943267276827,1.0,1.0
4.65,-0.031525130201973374,-3.169682394233588,2.8532042654672924,8.832137281983211,-2.876643696322224,8.350543096841509,4.65,1.3792977530358983,-1.326989805874185,-0.3762450619421749,4.65,-0.02297822372060924,-2.3103368871547616,2.8532042654672924,8.82396238966203,-3.553620559916537,8.07676254264718,4.65,1.630272685251558,-1.3911937856410543,-0.8499228665420395,1.0,1.0
4.7,-0.02677876064407814,-2.780251266350125,2.8838838812250054,7.996749802004857,2.017863135007159,7.737973621319976,4.7,1.3625355185997008,-1.1598871216002968,-0.714957974003741,4.7,-0.01704339167234225,-1.7694960535975894,2.8838838812250054,7.9300014373547905,1.2801745644079032,7.825987214472822,4.7,1.6043580969478237,-1.0847575222603314,-1.1820600750984143,1.0,1.0
4.75,-0.020501778072510107,-2.1972139968647943,2.9145634969827183,6.942700693097404,5.174017940047258,4.629322981819729,4.75,1.3432481320856469,-0.9062868097218701,-0.9914432726463648,4.75,-0.010412066705052517,-1.1158807114055502,2.9145634969827183,6.800279457842235,4.597931199897723,5.010272386383615,4.75,1.5761004321454715,-0.700361772940755,-1.4119440354392323,1.0,1.0
4.800000000000001,-0.013319426952567708,-1.4730220655383686,2.945243112740431,5.7337275362027595,5.670844375652064,0.8468503566422599,4.800000000000001,1.3215184178003603,-0.5875901386883778,-1.1837012957252941,4.800000000000001,-0.003605669808530064,-0.39875823546495703,2.945243112740431,5.494364469246453,5.329797333256811,1.334654002851094,4.800000000000001,1.5457116644797964,-0.270681098227177,-1.5218266303266716,1.0,1.0
4.8500000000000005,-0.005784902139663118,-0.6599654988140948,2.9759227284981438,4.446225780840339,4.053185685415404,-1.8277334307149251,4.8500000000000005,1.297457475296328,-0.23073693594545197,-1.2767757698957267,4.8500000000000005,0.0028859764906937306,0.329244102711365,2.9759227284981438,4.086381506312644,3.8542907686259342,-1.3575553344224673,4.8500000000000005,1.5134481852154844,0.16778643847068592,-1.504118718850798,1.0,1.0
4.9,0.0015962765450878511,0.18780033925304065,3.0066023442558567,3.1637928793843297,1.7805915704634183,-2.6151632918113554,4.9,1.2712097571734493,0.13404954423872928,-1.2641222118222466,4.9,0.008621221942600621,1.0142781403250207,3.0066023442558567,2.65839404715748,1.608924258837625,-2.1162281633335587,4.9,1.479617875876449,0.5778178709683304,-1.3621290565151163,1.0,1.0
4.95,0.008254382038674228,1.0011523297179457,3.0372819600135696,1.9754615922336367,0.21241193385279872,-1.9640085724729333,4.95,1.2429592672891017,0.4758452686814852,-1.148267834789996,4.95,0.013216944390227503,1.6030484906116695,3.0372819600135696,1.2935192383905492,0.10690877827973057,-1.2890936867478646,4.95,1.4445882514276502,0.9246725802976185,-1.1098719905505052,1.0,1.0
5.0,0.013518733111493882,1.6898416389367352,3.067961575771282,0.9999211366823668,-0.1707358288894859,-0.9852368021534603,5.0,1.21293710701506,0.7657161483731107,-0.940688686917575,5.0,0.016402691571212488,2.0503364464015608,3.067961575771282,0.09151574756640984,0.019573806497319674,-0.08939797621783356,5.0,1.408795619599456,1.1791318314491719,-0.7709430730384291,1.0,1.0
5.050000000000001,0.016712859374993057,2.152409465864341,3.098641191528995,0.5960182697126111,0.16403322614886034,-0.5730016392214002,5.050000000000001,1.1814306031587498,0.9792821466366374,-0.6608969264255865,5.050000000000001,0.0180487401122833,2.3244543733032006,3.098641191528995,0.9607496215542844,0.904187605955482,0.32478394134130917,5.050000000000001,1.3727550124251744,1.3201029675148077,-0.3765427987587061,1.0,1.0
5.1000000000000005,0.017636355843393254,2.339480238981959,3.129320807286708,0.9299924222023654,0.38217156415718917,-0.8478389003245076,5.1000000000000005,1.1487942162045115,1.098925187636351,-0.33480081117486604,5.1000000000000005,0.01816665261781006,2.409824636405123,3.129320807286708,1.7343960106679133,1.6906874971295427,-0.3869177029687511,5.1000000000000005,1.337070330106214,1.336552867287219,0.037195437847317346,1.0,1.0
5.15,0.01698433984523984,2.319905840758675,3.160000423044421,1.2596863382846224,0.00841183219876236,-1.2596582520429818,5.15,1.1154623119310765,1.1154368690043186,0.0075339633968245796,5.15,0.016884109862606408,2.3062153397295395,3.160000423044421,2.233976737708903,1.5251848652546351,-1.6323183486755009,5.15,1.3024436505800134,1.228588730104094,0.4323530908845241,1.0,0.7499999999999978
5.2,0.015221123848945963,2.140211782152594,3.1906800388021335,1.39534642999514,-0.7470172810248509,-1.1785401314976172,5.2,1.0819636188007609,1.028946367544673,0.33453646307250373,5.2,0.014419480483503465,2.027494311824455,3.1906800388021335,2.455614328436307,0.3611837712296247,-2.4289067527227224,5.2,1.2696819716673382,1.0075747520910263,0.7725836059131505,1.0,0.2500000000000022
5.25,0.012766728142557762,1.8473854582535536,3.2213596545598464,1.3378507422035926,-1.2545741010264044,-0.464637959543226,5.25,1.0489366924897565,0.8490287064418023,0.6159695126295702,5.25,0.01106328008768062,1.6008912014376597,3.2213596545598464,2.41740846107993,-1.0834504559726987,-2.161017995564448,5.25,1.2396987937207433,0.6952550448618408,1.026388582237169,1.0,3.749399456654644e-33
5.300000000000001,0.010405939948616029,1.5492051217301093,3.2520392703175593,1.1339294689458763,-1.0519421472706265,0.42333646115063217,5.300000000000001,1.0171448464982427,0.5939638614879402,0.8257061038918561,5.300000000000001,0.007163178948130123,1.066432592260769,3.2520392703175593,2.156701121827394,-1.9108677689699347,-0.9999720488110673,5.300000000000001,1.2135070721603503,0.32193935667912804,1.1700232753258435,1.0,0.0
5.3500000000000005,0.008137742355313317,1.246135538522512,3.2827188860752723,0.8680329892285975,-0.257191035219301,0.829056114983756,5.3500000000000005,0.9874876751913974,0.2891920862079323,0.944192695337988,5.3500000000000005,0.003100719073720112,0.47481427452841357,3.2827188860752723,1.726416638415137,-1.7037042914385288,0.27911663642743095,5.3500000000000005,1.1921995341253768,-0.07610861191284365,1.1897677119343364,1.0,0.0
5.4,0.005702314269618973,0.8979092141512821,3.313398501832985,0.6882368662163808,0.5152088547795025,0.4563220572974069,5.4,0.9610045040134483,-0.03491618044640946,0.9603699896795856,5.4,-0.000755497577213853,-0.11896367049840217,3.313398501832985,1.1917976205792808,-0.7825901537648107,0.8988516115849187,5.4,1.1769127734895994,-0.4598675525700597,1.08334920985627,1.0,0.0
5.45,0.004132489729134542,0.6689617551789223,3.3440781175906977,0.7501449322235944,0.6502833893989566,-0.37396381216976865,5.45,0.9388631955785993,-0.3457929216343157,0.8728638813467213,5.45,-0.004088331906296379,-0.6618135475348867,3.3440781175906977,0.6369888477663059,0.08963425647251834,0.6306508481285543,5.45,1.1687736397673076,-0.7910707021877755,0.8603714111679095,1.0,0.0
5.5,0.003070781858412234,0.5109013316933354,3.3747577333484107,0.9703602051559698,0.032020869929062355,-0.9698317336730747,5.5,0.9223266860394617,-0.6116746344473745,0.6903192430710638,5.5,-0.006662418697901815,-1.1084599108634146,3.3747577333484107,0.3123541714853396,0.29645659822964987,-0.0983799461800874,5.5,1.1688306142097598,-1.0357309451537315,0.5416884842461785,1.0,0.0
5.550000000000001,0.0015512368308553772,0.2651899472774464,3.4054373491061236,1.1816187033979701,-0.8546651178720204,-0.8159474839183621,5.550000000000001,0.9126911342572945,-0.8046100155577551,0.43082227126277467,5.550000000000001,-0.008328735358557875,-1.4238295833949837,3.4054373491061236,0.6172551094096371,-0.2024862786150271,-0.5830979137888771,5.550000000000001,1.177978487894162,-1.1673675479334884,0.15775400461849,1.0,0.0
5.6000000000000005,0.00016237275813168445,0.028515254292053902,3.436116964863836,1.3004245152053873,-1.300352827990359,0.013654394334529026,5.6000000000000005,0.9111955061857858,-0.9032010546415041,0.12043714289057629,5.6000000000000005,-0.009018552381452076,-1.583802095021088,3.436116964863836,0.9800310039737659,-0.9003733274434748,-0.3870253738170055,5.6000000000000005,1.1968896204525945,-1.169641619193288,-0.25393551582647733,1.0,0.0
5.65,-0.0010703275999726634,-0.19304656037721954,3.466796580621549,1.2972920812853104,-0.9298308651745689,0.9046442982378682,5.65,0.9189130361745188,-0.8948210137388375,-0.2090371292925536,5.65,-0.008742529509516856,-1.5768212002116682,3.466796580621549,1.2250687754526801,-1.1721354977471827,0.3562188646185005,5.65,1.225966426001963,-1.0381516919319902,-0.6521002547329455,1.0,0.0
5.7,-0.0021234180039189695,-0.39324215039976573,3.497476196379262,1.1777324645633427,-0.0054294225795907996,1.1777199495028083,5.7,0.9366466996985511,-0.7770917163332457,-0.5229106084814479,5.7,-0.007589598813985783,-1.4055405731584691,3.497476196379262,1.3253933549445982,-0.7554226724245332,1.0890381679804773,5.7,1.265325640192263,-0.7812077915865842,-0.9953709670732677,1.0,0.0
5.75,-0.0021527314829838193,-0.40925443677287704,3.5281558121369745,0.9860129807932589,0.764176895760594,0.6231013322714932,5.75,0.964856267541901,-0.5584620466407831,-0.7868085913846367,5.75,-0.005725363881335159,-1.0884453491282013,3.5281558121369745,1.282772997343813,0.0763378022516712,1.2804995519959446,5.75,1.3148164482815774,-0.4194867344567243,-1.2461031948785846,1.0,0.0
5.800000000000001,-0.0010702690562381777,-0.2088223361007434,3.5588354278946874,0.831211403224184,0.7672973197954018,-0.3196360741291724,5.800000000000001,1.00363756583598,-0.25780492974567537,-0.9699613300312536,5.800000000000001,-0.0033757348199990192,-0.6586463721996489,3.5588354278946874,1.1167468835498628,0.75409589062802,0.8236886484930239,5.800000000000001,1.374065532859828,0.015433669398593695,-1.3739788537100044,1.0,0.0
5.8500000000000005,0.00042460625098408183,0.08500686143217107,3.5895150436524004,0.8803453175090038,-0.028653558070287882,-0.879878884659668,5.8500000000000005,1.0527569453567696,0.09696484306548117,-1.0482819302106676,5.8500000000000005,-0.0008022171012578283,-0.16060516727460683,3.5895150436524004,0.8617349136466057,0.8572757277789969,0.08755220133448563,5.8500000000000005,1.4425365820165694,0.48356627480511066,-1.359071539076275,1.0,0.0
5.9,0.0014982905551371426,0.30771741592351126,3.6201946594101133,1.1574315061462388,-1.0251872104393824,-0.5372512214704293,5.9,1.1117255932752923,0.4711619654117116,-1.0069459752601793,5.9,0.0017223839641169506,0.3537414961663753,3.6201946594101133,0.5703879733860336,0.41548796569125623,-0.3907840715141396,5.9,1.5195914061540052,0.9398450162931012,-1.1940893546992732,1.0,0.0
5.95,0.0025716183331220828,0.5416982223282095,3.650874275167826,1.5269256488254854,-1.4168949048971877,0.5691315889295893,5.95,1.17988929852142,0.8263186650642607,-0.8422210045657772,5.95,0.0039379566334009864,0.8295103827981717,3.650874275167826,0.3504402027484014,-0.14794033152844935,-0.3176822217398908,5.95,1.6045432778203839,1.33802880539262,-0.8855721576123426,1.0,0.0
6.0,0.003509434140496467,0.7580377743472368,3.6815538909255388,1.881299623580285,-0.7816880739402831,1.7112136128323816,6.0,1.2565119563597154,1.1236469967918887,-0.562351956585454,6.0,0.005620893169559821,1.2141129246249214,3.6815538909255388,0.39597074692192846,-0.3634115506850871,0.1572414616014818,6.0,1.6966978714898477,1.6348561922997775,-0.45390406212905005,1.0,0.0
6.050000000000001,0.0035336173098018545,0.7825023268712357,3.7122335066832517,2.1588246801464113,0.5959304877750419,2.074943578353266,6.050000000000001,1.340840373128663,1.3276820034058625,-0.18738570928437348,6.050000000000001,0.006605749465558841,1.4628110161193613,3.7122335066832517,0.5932318710579376,-0.07243621573854549,0.5887928731637132,6.050000000000001,1.7953811795533303,1.7940967629291527,0.06789981694705158,1.0,0.0
6.1000000000000005,0.0020775908157554357,0.47157364095098464,3.7429131224409646,2.3235105431765213,1.9040193597910227,1.3316949807645277,6.1000000000000005,1.432147279426875,1.4097855640756616,0.25209223172019524,6.1000000000000005,0.006802519025267061,1.5440425708741432,3.7429131224409646,0.7624837033996695,0.47489322508282505,0.5965381988779164,6.1000000000000005,1.8999561823738402,1.7901433716251158,0.6365690881335972,1.0,0.0
6.15,8.445103240949877e-05,0.019644017415845847,3.773592738198677,2.357126086329704,2.353465324265613,-0.13131776092874928,6.15,1.5297553680468654,1.3511911659407865,0.7172404890633117,6.15,0.006197512530318064,1.4415933187194234,3.773592738198677,0.8522069870834832,0.8386243781524748,0.15154504677581188,6.15,2.009830979721303,1.6108177608202305,1.201951208857328,1.0,0.0
6.2,-0.0022242687414937394,-0.53010552062272,3.80427235395639,2.256319659854893,1.7042821473036593,-1.4786482914573458,6.2,1.6330474261746541,1.1452983049572718,1.164102954552415,6.2,0.0048502732054954804,1.155955912519327,3.80427235395639,0.8502477491653061,0.7377026757651884,-0.4227481485820494,6.2,2.1244610662780925,1.2591192259169022,1.7111264117702907,1.0,0.0
6.25,-0.004722722433511084,-1.153008406618917,3.834951969714103,2.030717212263842,0.40094619434677947,-1.9907422096854892,6.25,1.7414675388909087,0.7989801637789054,1.5473654664941285,6.25,0.002886024742865168,0.7045958844885664,3.834951969714103,0.762311600105448,0.25591905372501733,-0.7180699224976771,6.25,2.2433479602899524,0.7537276240701437,2.1129374670469225,1.0,0.0
6.300000000000001,-0.006983734022028328,-1.7462617410061179,3.865631585471816,1.7008114043292102,-0.7604654824497132,-1.5213322066855828,6.300000000000001,1.8545172549659856,0.3327457062568758,1.8244217012341712,6.300000000000001,0.0004835683787130586,0.1209148223920642,3.865631585471816,0.6079012965655755,-0.24267642485003496,-0.5573617668876409,6.300000000000001,2.3660358089923506,0.12817191929356528,2.362561620051145,1.0,0.0
6.3500000000000005,-0.009697798228369466,-2.4831006285527675,3.8963112012295285,1.2955944132095023,-1.1781877404271153,-0.5389234935006294,6.3500000000000005,1.9717493699815647,-0.22030861866581233,1.9594028913330352,6.3500000000000005,-0.0021370561288945084,-0.5471886805591651,3.8963112012295285,0.42323336903250774,-0.40706027032305525,-0.11588106397133252,6.3500000000000005,2.4921070678409736,-0.5713143483646205,2.4257364970119166,1.0,0.0
6.4,-0.0112759488875217,-2.9559223451704892,3.9269908169872414,0.8510088023530683,-0.814049618811372,0.24807095717851305,6.4,2.092760961507654,-0.816719351586741,1.9268154926598897,6.4,-0.004732239491368713,-1.2405281892253601,3.9269908169872414,0.2861873713839891,-0.16553607901639064,0.23345453108379924,6.4,2.621177942061132,-1.2891177740652489,2.282268426048279,1.0,0.0
6.45,-0.011611542985782443,-3.1157964500757913,3.9576704327449543,0.41805856588288004,-0.1457425029404593,0.39183170793683936,6.45,2.217186588788256,-1.4059070707932786,1.7144508385474242,6.45,-0.007055719969050557,-1.8933045555801467,3.9576704327449543,0.3207160605292307,0.23641943396281453,0.21671327307318194,6.45,2.7528939898119047,-1.9645135588707465,1.92849988233225,1.0,0.0
6.5,-0.011507922311029506,-3.160363164666478,3.988350048502667,0.22995120510941874,0.22849997508483705,-0.02579376121279748,6.5,2.344692105950165,-1.9342215214522673,1.3252804147258401,6.5,-0.008880601214587804,-2.4388351085561757,3.988350048502667,0.4633531177829913,0.442725483317493,-0.13671231905176226,6.5,2.8869260947143744,-2.536554606678699,1.3784893919359185,1.0,0.0
6.550000000000001,-0.009971823063520357,-2.802195710336569,4.01902966426038,0.5217669353181211,0.024950377353357107,-0.5211700427511059,6.550000000000001,2.4749692624235897,-2.349466364211284,0.7781263736575044,6.550000000000001,-0.010020394194511381,-2.8158447506416615,4.01902966426038,0.5957707799074439,0.266467812874787,-0.5328580738745088,6.550000000000001,3.0229668956384335,-2.949195838899421,0.66375654870156,1.0,0.0
6.6000000000000005,-0.007821356234191472,-2.248608631905112,4.049709280018092,0.8242136092370246,-0.5599010093562803,-0.6048462063808793,6.6000000000000005,2.607731112565209,-2.6055352457234613,0.1069936387518664,6.6000000000000005,-0.010346868140181245,-2.9746832028295485,4.049709280018092,0.6750913055539371,-0.17464421355096754,-0.6521101666955388,6.6000000000000005,3.1607276908553534,-3.156236241508334,-0.1684408606281776,1.0,0.0
6.65,-0.0059383248579574985,-1.7463403473563195,4.080388895775806,1.0518469390412444,-1.0426855813745057,-0.1385235054571753,6.65,2.7427081805724756,-2.6667665608059536,-0.6409401484899853,6.65,-0.009802674056855191,-2.8827667106372035,4.080388895775806,0.6874970611607881,-0.56262628990722,-0.39509981904571584,6.65,3.299935794770557,-3.125662668738345,-1.0582103433927847,1.0,0.0
6.7,-0.0037356899508976396,-1.123557316701827,4.111068511533518,1.1909618205320434,-1.0306347579103625,0.5968098974983972,6.7,2.879645294745521,-2.5116324648026245,-1.4085664291397517,6.7,-0.008407197539010697,-2.5285739534254748,4.111068511533518,0.6329211695247412,-0.6307518298917688,0.052357768485214284,6.7,3.440332306401884,-2.8430152156237454,-1.9373050514063022,1.0,0.0
6.75,-0.0014656036393421007,-0.45074181926829016,4.1417481272912315,1.2416505192951315,-0.4936293942087235,1.1393094545552576,6.75,3.0182989970543495,-2.1354187543733145,-2.13309999275468,6.75,-0.00625398344252238,-1.9233930640495,4.1417481272912315,0.5214766135086152,-0.36245786248254674,0.37491619911787866,6.75,3.58167024153821,-2.313461927860022,-2.7342742414510233,1.0,0.0
6.800000000000001,-0.0002305011277047167,-0.0724769305864495,4.172427743048944,1.2124227468871995,0.25265104722006243,1.185806209086505,6.800000000000001,3.158435437958368,-1.5516237454986104,-2.7510322004942314,6.800000000000001,-0.0034996715572692886,-1.1004087270952971,4.172427743048944,0.37330639253747355,0.011105127842024873,0.373141178168471,6.800000000000001,3.723712979964423,-1.5623659535254237,-3.3800962980986378,1.0,0.0
6.8500000000000005,0.0015892308513784253,0.5108091896730586,4.2031073588066565,1.1184769156811443,0.8059850879127299,0.7754860727143426,6.8500000000000005,3.2998286757664115,-0.7919011825241171,-3.2033984776370255,6.8500000000000005,-0.0003500788757689365,-0.1125220459306353,4.2031073588066565,0.22823954296582616,0.2018138874725789,0.10660414530614873,6.8500000000000005,3.8662329820926753,-0.6342438350914277,-3.8138552973952407,1.0,0.0
6.9,0.0030469905789454244,1.0009638280987827,4.23378697456437,0.9811608356205014,0.9597284529917254,0.20395558799314648,6.9,3.442259310865204,0.09551282330020053,-3.4409339522611324,6.9,0.002956470664291723,0.9712272214558098,4.23378697456437,0.19016854921021936,0.08751862205208466,-0.16883295857984595,6.9,4.009010733894305,0.4098594228412365,-3.98800480415809,1.0,0.0
6.95,0.0046279461663470065,1.5536125194148351,4.264466590322082,0.8293681448083963,0.7962422257397218,-0.23205567774130148,6.95,3.585513396024471,1.048824858040778,-3.4286838189349975,6.95,0.006167923885355194,2.0705866971329665,4.264466590322082,0.29350315699425544,-0.20492841741102968,-0.21011531810652298,6.95,4.151833884087574,1.4964246068665363,-3.87278168724007,1.0,0.0
7.0,0.006469092839851342,2.2188988440690105,4.295146206079795,0.7035982616580412,0.5476038456724799,-0.441792419596498,7.0,3.7293815738581033,1.9969743897083314,-3.149663507468914,7.0,0.009037938029439585,3.1000127440977776,4.295146206079795,0.41311636894484033,-0.41232228135123855,0.025602159898718127,7.0,4.294496542506993,2.544668683397469,-3.459387495690633,1.0,0.0
7.050000000000001,0.008573579282441925,3.004204686213268,4.325825821837508,0.6546591547901831,0.3657117289531716,-0.542985764322306,7.050000000000001,3.8736584010796893,2.8648905787527443,-2.607226760377589,7.050000000000001,0.011344550655264981,3.975160329050321,4.325825821837508,0.4979237751186581,-0.3464776516781944,0.35760498139145075,7.050000000000001,4.436798713162742,3.472537629568797,-2.76164176394247,1.0,0.0
7.1000000000000005,0.011425773839074052,4.089410140516834,4.356505437595221,0.7121042730834564,0.2031181954698764,-0.682521424141967,7.1000000000000005,4.018141826412521,3.5793264963993248,-1.8258930881460387,7.1000000000000005,0.01290675197705899,4.619468506861161,4.356505437595221,0.532737872360213,-0.03702386253454272,0.5314497852571867,7.1000000000000005,4.578545839570027,4.203034747376851,-1.8159242598155945,1.0,0.0
7.15,0.014284929224316267,5.221511254031276,4.387185053352934,0.8529227770574324,-0.10020902153833834,-0.8470155934961832,7.15,4.162632795005925,4.074819809623041,-0.8505029718716377,7.15,0.013597822570145756,4.970355993047277,4.387185053352934,0.5146686426764482,0.30024119213408446,0.4180179880104699,7.15,4.719548443461798,4.670397917424447,-0.6793532241036806,1.0,0.0
7.2,0.016062880060016077,5.995437856640882,4.417864669110647,1.0345561132945373,-0.6079289462725006,-0.8370954233772318,7.2,4.306934957127804,4.299302197725155,0.25629931245543525,7.2,0.01335460043580206,4.984577903462248,4.417864669110647,0.4489830403572094,0.4361154684347395,0.10671957983590107,7.2,4.859621841018851,4.825637212352006,0.5737158987434521,1.0,0.0
7.25,0.01688079559961889,6.432901935611017,4.448544284868359,1.2265118597290936,-1.1457572283208617,-0.4376890629278011,7.25,4.450854462913807,4.2188911059296075,1.418119630478265,7.25,0.012182774724441148,4.642588949287425,4.448544284868359,0.34827610987829716,0.3022799864322311,-0.17298282722423608,7.25,4.9985859233079335,4.64098074789442,1.8566526143480842,1.0,0.0
7.300000000000001,0.015987682258524094,6.219480189164269,4.479223900626073,1.410434274909695,-1.3658238267440792,0.3519234549418332,7.300000000000001,4.594199828211617,3.82144707000189,2.5501400653128097,7.300000000000001,0.010156812238671663,3.951172626651336,4.479223900626073,0.23511083017924472,0.033752385688811996,-0.23267547985958326,7.300000000000001,5.136264989768354,4.112849508274997,3.076635657240264,1.0,0.0
7.3500000000000005,0.012785604156586798,5.076720709036697,4.509903516383785,1.5742265340144876,-0.9891290752387373,1.2246684665298717,7.3500000000000005,4.736781859200635,3.118564783988149,3.5653409471916104,7.3500000000000005,0.007413661452615874,2.9437082648059674,4.509903516383785,0.1596272246100882,-0.14586784658236862,-0.0648338042238932,7.3500000000000005,5.272487625388363,3.2630861332512238,4.141424229278739,1.0,0.0
7.4,0.009016239774903644,3.6535967465455546,4.540583132141498,1.708765315017829,-0.04831270356638836,1.708082194884686,7.4,4.8784136256088795,2.1457803950602656,4.381158065934324,7.4,0.004141925380635872,1.6784075704427908,4.540583132141498,0.19144403620503062,-0.1001180938563568,0.16317838791041783,7.4,5.407086613717745,2.138290728404397,4.966316382296381,1.0,0.0
7.45,0.004843620506079785,2.002806201183265,4.571262747899211,1.8067212785137934,1.0622127723652413,1.4614875314071838,7.45,5.018910474085784,0.9609127244438876,4.926064258907898,7.45,0.000567394611870563,0.23461405486782716,4.571262747899211,0.2763385277035287,0.12129256290810048,0.2482963875624017,7.45,5.539898879120206,0.8072590948278794,5.480767495953006,1.0,0.0
7.5,9.399935177379105e-05,0.0396559765295681,4.601942363656923,1.8624525445467957,1.7878979557722563,0.5216803431549065,7.5,5.1580900747004925,-0.35939813591282804,5.145554022515566,7.5,-0.0030638588721036354,-1.2925654616687212,4.601942363656923,0.3494364812703818,0.3315786376763653,0.11027901649593883,7.5,5.6707654527193485,-0.6433354616585599,5.634154799393415,1.0,0.0
7.550000000000001,-0.004111874849770901,-1.7696229532366972,4.632621979414636,1.8723489214032119,1.7433279201466985,-0.6830067688659877,7.550000000000001,5.295772494683766,-1.7247465736147898,5.00704060022017,7.550000000000001,-0.0065034858511378345,-2.798897889332608,4.632621979414636,0.389486375666162,0.35826174492488544,-0.15280104369060768,7.550000000000001,5.7995314573705326,-2.114737651457594,5.400226827693259,1.0,0.0
7.6000000000000005,-0.007939889769568297,-3.4854210514860133,4.663301595172349,1.835270633864232,0.9487916512772855,-1.5709909936059283,7.6000000000000005,5.4317802944689255,-3.037271011965683,4.503245714732196,7.6000000000000005,-0.009518595666640045,-4.178435051358981,4.663301595172349,0.3903718571230837,0.17524330543699274,-0.3488265625396698,7.6000000000000005,5.926046107726911,-3.5029846838466225,4.7798661880476585,1.0,0.0
7.65,-0.010952003439119942,-4.903180452684111,4.693981210930062,1.7528839463345978,-0.18461280633694643,-1.7431351757835507,7.65,5.565938641854573,-4.198767914132555,3.6537680506760255,7.65,-0.011907936621267573,-5.331148990023707,4.693981210930062,0.3535780117403967,-0.084484200096201,-0.3433363224600584,7.65,6.0501627220861565,-4.706370239608757,3.8019137459240167,1.0,0.0
7.7,-0.013349883458338322,-6.0946623448855695,4.724660826687775,1.6298073253848853,-1.1069827530573424,-1.1961860650884628,7.7,5.69807544074215,-5.118084738635923,2.5046501425410495,7.7,-0.013515397764581197,-6.170225087657548,4.724660826687775,0.2865161670984348,-0.2385346406339997,-0.15872220772905984,7.7,6.171738743224921,-5.632953004519829,2.521943608309782,1.0,0.0
7.75,-0.015337295177852178,-7.139271260053035,4.755340442445488,1.4735707196559487,-1.445925719720231,-0.28409413735394495,7.75,5.828021471421068,-5.718229692338846,1.1259144980856155,7.75,-0.014239861060285842,-6.628432825733992,4.755340442445488,0.20312298954975275,-0.19633719617398881,0.0520639441664344,7.75,6.290635765867911,-6.207549839631336,1.0190305821267285,1.0,0.0
7.800000000000001,-0.01638157305995348,-7.773908258747046,4.7860200582032,1.2944722307196805,-1.1821131701196972,0.5275100085628196,7.800000000000001,5.955610539804433,-5.942642737368295,-0.39280300130411083,7.800000000000001,-0.014040939043546037,-6.663155704992861,4.7860200582032,0.13184545766981157,-0.021937844252214744,0.1300075216967374,7.800000000000001,6.406719568811191,-6.377680893521126,-0.6092963595852348,1.0,0.0
7.8500000000000005,-0.01658529278198427,-8.022913554993934,4.816699673960914,1.1055046407982692,-0.5892891506486923,0.9353495644700184,7.8500000000000005,6.080679633376134,-5.760122597453961,-1.9482434309027057,7.8500000000000005,-0.012940555644116315,-6.259820712909529,4.816699673960914,0.12915282735087338,0.12519740183839592,0.031718502260348426,7.8500000000000005,6.519860150036416,-6.118001955812352,-2.253581248748113,1.0,0.0
7.9,-0.016416533074326348,-8.09399105043279,4.847379289718626,0.9226001056473395,-0.010510489984864719,0.9225402346460344,7.9,6.203069081909011,-5.1679954246569775,-3.4307272298537606,7.9,-0.011020298930045936,-5.433437164170918,4.847379289718626,0.1873858469471716,0.11893736111031528,-0.14480110416783182,7.9,6.629931763423388,-5.432863512436001,-3.7999985845907753,1.0,0.0
7.95,-0.013743988436066853,-6.905802711587596,4.878058905476339,0.7652484707345998,0.3561425739397575,0.6773239173314404,7.95,6.32262272126487,-4.193236001175816,-4.7320534563652,7.95,-0.008414840678696866,-4.228119795562942,4.878058905476339,0.2474540297528434,-0.03801190273239167,-0.2445170588968882,7.95,6.736812955900257,-4.356768880531308,-5.138405757082594,1.0,0.0
8.0,-0.011212542915573017,-5.740821972773385,4.908738521234052,0.6559399701089448,0.5195266719960584,0.4004363638222974,8.0,6.439188058798969,-2.891402712276656,-5.753514857199765,8.0,-0.00530198439815786,-2.7146160118568243,4.908738521234052,0.28598587285804666,-0.22326864009040587,-0.17871495132349627,8.0,6.840386604070203,-2.952655795392582,-6.170308958802443,1.0,0.0
8.05,-0.007772535071643138,-4.054621617040244,4.9394181369917645,0.6129816181979127,0.5914517115251675,0.1610320998511842,8.05,6.552616439071696,-1.34341174802773,-6.413425533430143,8.05,-0.0018901018076376136,-0.9859907452349637,4.9394181369917645,0.2957158318298255,-0.2955577101316643,0.009669186963377383,8.05,6.940539949525482,-1.3080856682549988,-6.816157764860277,1.0,0.0
8.1,-0.0033056425129964822,-1.7567539627493631,4.970097752749477,0.6361874371026953,0.6287176256957764,-0.09720392104622924,8.1,6.662763208723789,0.34965848565862745,-6.653581931480986,8.1,0.0015961418216981693,0.8482552058650966,4.970097752749477,0.2761426179446259,-0.20443102591564752,0.18564132376275355,8.1,7.037164632208846,0.47041949454575666,-7.021423755903241,1.0,0.0
8.15,0.0014393701796553502,0.7791935109289837,5.00077736850719,0.7064186661531027,0.5622903189840858,-0.4276177370810334,8.15,6.7694878795038065,2.0733877959606954,-6.444146894532293,8.15,0.00493079615486533,2.6692538319118206,5.00077736850719,0.23152343120323685,-0.024095398528843393,0.23026617416775777,8.15,7.13015672131167,2.2645125485707727,-6.760999762448708,1.0,0.0
8.200000000000001,0.005910551390889191,3.2588888992917924,5.031456984264903,0.8033618451994673,0.2721563728875639,-0.7558578986945749,8.200000000000001,6.87265428855088,3.707984240618612,-5.786555956807194,8.200000000000001,0.007901226941801648,4.356483696447293,5.031456984264903,0.17074537911475385,0.11031169463977138,0.13032771967138404,8.200000000000001,7.219416743310732,3.952135542366058,-6.041572872055942,1.0,0.0
8.25,0.010169687567520232,5.710438470530853,5.062136600022616,0.915715849944105,-0.2587520173109561,-0.8783979231398292,8.25,6.972130755135728,5.136832405534168,-4.714187109583533,8.25,0.010321442251206127,5.795651096587416,5.062136600022616,0.11095791420607773,0.10944165751561392,-0.01828065439743261,8.25,7.304849706843885,5.416041041580288,-4.90176791326304,1.0,0.0
8.3,0.013139000891891775,7.512709902972125,5.092816215780329,1.0395071297012248,-0.8478231879782078,-0.6014739517436709,8.3,7.067790233150415,6.254994490419224,-3.290699424839885,8.3,0.012044523629324398,6.886902032440512,5.092816215780329,0.09118220937708672,-0.005019859725268567,-0.0910439251967176,8.3,7.38636512421047,6.55211150087988,-3.4100182738792406,1.0,0.0
8.35,0.013700832743386059,7.976390196438633,5.123495831538041,1.1735629265629526,-1.1708437735720365,0.07984234772722815,8.35,7.159510458714966,6.977031534464074,-1.6061198509273424,8.35,0.012971900745475828,7.552018470215761,5.123495831538041,0.1284669072241859,-0.12429880055115139,-0.032458503250961494,8.35,7.463877029357316,7.276875092624813,-1.6602858777043188,1.0,0.0
8.4,0.012986971306751575,7.697429841396887,5.154175447295755,1.3161225244495858,-0.9555125841090597,0.9050824277228997,8.4,7.247174092338021,7.243552879724591,0.22907204824901228,8.4,0.013059024141803073,7.74013584494325,5.154175447295755,0.17679319879830085,-0.14205490269534934,0.10524371601929666,8.4,7.5373039922763905,7.533667979656564,0.2340902481586825,1.0,0.0
8.450000000000001,0.012024020545111532,7.254706322916159,5.184855063053467,1.463200476788269,-0.183521830970687,1.4516457463274515,8.450000000000001,7.330668855130784,7.025988204440516,2.091457772618712,8.450000000000001,0.012317252858517763,7.4316283690961615,5.184855063053467,0.21185160100606762,-0.03681191076109651,0.20862881889842338,8.450000000000001,7.606569129797158,7.296985331699954,2.1479988350413053,1.0,0.0
8.5,0.010881339994895229,6.682502924365033,5.21553467881118,1.6084209400089033,0.8439134638906809,1.3692435815891768,8.5,7.4098876586297,6.329202086554608,3.853263040731261,8.5,0.010811911203405578,6.639864967791451,5.21553467881118,0.22597423858132115,0.11569689650531646,0.19410972320171377,8.5,7.671600112806043,6.574689894007425,3.953087538676868,1.0,0.0
8.55,0.008242816182074954,5.151977518073649,5.246214294568893,1.743768466486356,1.6370537778254421,0.6006524729155998,8.55,7.484728727834408,5.191726905772367,5.39139461226397,8.55,0.008656738861773969,5.410690110096211,5.246214294568893,0.21758202713433822,0.20570188815355786,0.07091312813540995,8.55,7.73232916996805,5.407898519226184,5.526621752797096,1.0,0.0
8.6,0.004718376228829001,3.0011515106040587,5.2768939103266055,1.8607105336401113,1.7760844776603644,-0.5547680760580753,8.6,7.555095717114524,3.68356437878878,6.596273551186355,8.6,0.006005205224634549,3.8196468143601523,5.2768939103266055,0.18891684935137043,0.1751492171345137,-0.07079779449965491,8.6,7.788693088062142,3.8685327709048214,6.76004395107476,1.0,0.0
8.65,0.0029578543194629697,1.9143665741758564,5.307573526084319,1.9513193813894858,1.1436144158655548,-1.5810734948163325,8.65,7.6208978186820895,1.9016860394274107,7.379815293775334,8.65,0.0030393648593790394,1.9671213877011828,5.307573526084319,0.14556399553391725,0.058856466221417825,-0.13313449282483253,8.65,7.840633209072963,2.0546874219573934,7.566623336552961,1.0,0.0
8.700000000000001,0.001330120432417379,0.8758882951081417,5.338253141842031,2.0092002279433934,-0.006566036090346846,-2.009189499061212,8.700000000000001,7.682049863366857,-0.03646510304291281,7.681963316725407,8.700000000000001,-4.2948682550777734e-05,-0.028281836305734803,5.338253141842031,0.09771801999708417,-0.04785171598341169,-0.0851999102675199,8.700000000000001,7.888095424207411,0.08412814246787696,7.887646789572084,1.0,0.0
8.75,-0.0008144098726143787,-0.5455909888803357,5.368932757599744,2.030146694694163,-1.1806950629524058,-1.6515007630326572,8.75,7.738472413469126,-2.0010187620920012,7.475284556976978,8.75,-0.0030415910361374704,-2.0376283699124067,5.368932757599744,0.06819055616198534,-0.06574984346198144,0.018080653594541696,8.75,7.931030165025768,-1.913634637227994,7.696703317248882,1.0,0.0
8.8,-0.0016315050309192542,-1.1118249964306064,5.399612373357457,2.0124996474510963,-1.8942264659366146,-0.6797506357011156,8.8,7.790091847500231,-3.8586964678482514,6.767273643167165,8.8,-0.005767214148715998,-3.93019496035379,5.399612373357457,0.0844777039764696,0.008911499367863679,0.08400635480814884,8.8,7.96939239189395,-3.806144745576926,7.0017481582597885,1.0,0.0
8.85,-0.0020069034176977154,-1.3910933824537692,5.43029198911517,1.9572119225603164,-1.8966784127891325,0.4830005261611487,8.85,7.836840436654022,-5.48215844061209,5.600179181204939,8.85,-0.008053382193569276,-5.582235087674092,5.43029198911517,0.12051799953026907,0.1067221370759668,0.05599083557794515,8.85,8.00314157997637,-5.4670566454078156,5.844789712645692,1.0,0.0
8.9,-0.0032421817688059983,-2.285637639373396,5.460971604872882,1.8676389562622884,-1.2582688669771602,1.380157501644107,8.9,7.878656412884267,-6.759002762957487,4.048346393605101,8.9,-0.009766846758634979,-6.8853241925881425,5.460971604872882,0.15035455325067232,0.1434513626490725,-0.04503552195027328,8.9,8.0322417029979,-6.784813190509313,4.299211177096267,1.0,0.0
8.950000000000001,-0.005777771181640246,-4.142184548892175,5.491651220630596,1.7490926268403992,-0.2938937547938402,1.7242248919907825,8.950000000000001,7.915484028492827,-7.599763126644085,2.213252770070774,8.950000000000001,-0.010815328940045681,-7.753697233459085,5.491651220630596,0.165565333155168,0.0860679331219652,-0.14143617087186253,8.950000000000001,8.056661215009141,-7.670334001441627,2.4649069434283,1.0,0.0
9.0,-0.007091904065719504,-5.169998063909518,5.522330836388308,1.6082143037393837,0.6108383040561443,1.487692781810063,9.0,7.947273607162,-7.944321836686431,0.2165833378652126,9.0,-0.011152354895219665,-8.130066718615137,5.522330836388308,0.1638305748759482,-0.02474814008719051,-0.16195056908331157,9.0,8.076373030391435,-8.063172770616204,0.46156927673702386,1.0,0.0
9.05,-0.006913402532480922,-5.124335805794496,5.553010452146021,1.452242219945123,1.1692443500956289,0.8613217256987017,9.05,7.973981586391722,-7.766268640554376,-1.8081630852486528,9.05,-0.010778903465329894,-7.989513226676096,5.553010452146021,0.14601525867929072,-0.11010863637628832,-0.09589861293331882,9.05,8.091354502337538,-7.935709731856352,-1.579407716271619,1.0,0.0
9.1,-0.007223339292700884,-5.443299014139897,5.583690067903734,1.2882659385674162,1.2817180466697393,0.12972269390547547,9.1,7.995570551328409,-7.074884844384175,-3.7249366276452522,9.1,-0.00974184761330772,-7.341173847807911,5.583690067903734,0.11546289935087813,-0.11543488343070406,0.002543386296019229,9.1,8.101587400040202,-7.295084479293052,-3.52384177290465,1.0,0.0
9.15,-0.007825598670731678,-5.994884965099547,5.6143696836614465,1.1225736354059523,1.0246087245983082,-0.4586376874893338,9.15,8.012009259997265,-5.914604956259933,-5.404603648156576,9.15,-0.008129389966373312,-6.227607590856161,5.6143696836614465,0.07827229616432378,-0.05023167273702033,0.060027755254353006,9.15,8.107057884814981,-6.182734222490613,-5.243871192333402,1.0,0.0
9.200000000000001,-0.007179274137188958,-5.5904146193393975,5.64504929941916,0.9602002224072463,0.5738525657141619,-0.7698556357747853,9.200000000000001,8.023272659973967,-4.3619918350429545,-6.733938773652782,9.200000000000001,-0.006063870288876732,-4.721863027504846,5.64504929941916,0.0477412712886868,0.023924141621841536,0.04131421585747526,9.200000000000001,8.10775648537501,-4.671571848385874,-6.626622947739605,1.0,0.0
9.25,-0.0047440469528028965,-3.75469078594258,5.675728915176872,0.8047674415835407,0.11552903420401005,-0.7964318409561526,9.25,8.029341896554739,-2.520442287440008,-7.623496702134357,9.25,-0.003692464848461227,-2.9224128432672893,5.675728915176872,0.05186585675621943,0.04451205942855653,-0.02662223999751569,9.25,8.103678072464936,-2.861004608273658,-7.58183691024714,1.0,0.0
9.3,-0.0023854854330492546,-1.9187819064711997,5.706408530934585,0.6586658117919633,-0.21827648870016153,-0.6214467202458263,9.3,8.03020431250624,-0.5130047503932698,-8.013801059838444,9.3,-0.0011766289792228238,-0.9464297558407331,5.706408530934585,0.0800436678281357,-0.003593712021729587,-0.07996295388044268,9.3,8.09482183304851,-0.8701458906438123,-8.047918155510438,1.0,0.0
9.35,-7.405184814112672e-05,-0.06053000844000003,5.737088146692298,0.5235764685472362,-0.37559018625954543,-0.36477983826126537,9.35,8.025853439498139,1.5261731091328927,-7.879411086703355,9.35,0.0013189479211743907,1.0781085253734173,5.737088146692298,0.1060185292451885,-0.07955777701247897,-0.07007487895205784,9.35,8.081191244230144,1.1703014691258007,-7.996001900774156,1.0,0.0
9.4,0.0027671924575994873,2.2983857802028127,5.767767762450011,0.40132491126972486,-0.37833013584572345,-0.13389545442847936,9.4,8.016288981342079,3.4611513871526167,-7.23058227998257,9.4,0.0036371631159329717,3.0209694894840715,5.767767762450011,0.12171972625383345,-0.12171908337171251,-0.0003956039158676785,9.4,8.062794047074812,3.126920492639074,-7.431757267178392,1.0,0.0
9.450000000000001,0.005243113086205579,4.424708355299258,5.798447378207723,0.2952261499305012,-0.29507679441635426,0.009389621917595304,9.450000000000001,8.00151678918099,5.1635920112799045,-6.112412655293456,9.450000000000001,0.005638392723564202,4.758288250553073,5.798447378207723,0.12481836139857422,-0.09648798387461906,0.07918138865943396,9.450000000000001,8.039642220473674,4.8725937085013085,-6.394816462190008,1.0,0.0
9.5,0.007352159072908554,6.3035573851349715,5.829126993965437,0.2125218491975762,-0.20359720388536662,0.06094025727233003,9.5,7.981548828792187,6.521569596252846,-4.601548837904953,9.5,0.007208842986865803,6.180681755864067,5.829126993965437,0.11547160244725564,-0.02250317117570233,0.11325766313488062,9.5,8.011751955184709,6.29502883156692,-4.955883513678185,1.0,0.0
9.55,0.008788361156685246,7.6545208551492,5.859806609723149,0.1670085439863656,-0.15471838213418207,0.06288144395787226,9.55,7.956403140186821,7.447175185533156,-2.800702177160919,9.55,0.008266877445015485,7.200316951209689,5.859806609723149,0.09563135899532393,0.046820860519202825,0.08338563331614073,9.55,7.979143628158769,7.304208630614899,-3.2117392981432213,1.0,0.0
9.600000000000001,0.008569130284442986,7.581418051336954,5.890486225480862,0.1677691870972109,-0.15138668446811404,0.0723088646364374,9.600000000000001,7.926103789706875,7.8823807400621755,-0.8313814731533056,9.600000000000001,0.008766991421401086,7.756472922204715,5.890486225480862,0.06888435111088498,0.06610420125932644,0.019372361854821576,9.600000000000001,7.941841777242148,7.8382570818011725,-1.2785056645719242,1.0,0.0
9.65,0.006388548748892651,5.740955137883495,5.921165841238575,0.197481642021701,-0.1540236887866916,0.12359491182135138,9.65,7.890680814839235,7.8027622114765585,1.174625724571627,9.65,0.008701280909150427,7.819250553611782,5.921165841238575,0.04157293773290952,0.03158788107924251,-0.027028039526906227,9.65,7.8998750763272225,7.867329266058049,0.7163493847296566,1.0,0.0
9.700000000000001,0.004064624144832238,3.709672712136475,5.9518454569962875,0.23310370624480603,-0.11144153739387246,0.20473915504454673,9.700000000000001,7.85017016198441,7.218837263930263,3.08440596047313,9.700000000000001,0.008098569813198168,7.391346007121014,5.9518454569962875,0.030317305505932694,-0.019549718855555037,-0.02317212777905414,9.700000000000001,7.8532763110032295,7.395274698287102,2.642699557997298,1.0,0.0
9.75,0.0024757056190245355,2.294630962733069,5.982525072754001,0.263598905028163,-0.0005124091465577088,0.26359840699236603,9.75,7.80461361743554,6.174948198070492,4.773050226910067,9.75,0.0070209876047170935,6.5074681831908325,5.982525072754001,0.04623242865765807,-0.041090038746518356,0.021190709648217627,9.75,7.802082354740161,6.458982448418964,4.376532280374902,1.0,0.0
9.8,0.0004461170967867447,0.4198818425589099,6.013204688511713,0.28561544065950234,0.1506917630610282,0.24262764164183898,9.8,7.754058731841344,4.745798297149814,6.132114263418036,9.8,0.005558217444932859,5.2313497934312485,6.013204688511713,0.06642695076954185,-0.014105267863722834,0.06491210370209677,9.8,7.74633414562037,5.125480004526173,5.80819657198398,1.0,0.0
9.850000000000001,-0.001599071285879789,-1.528187054267578,6.043884304269426,0.2991819752663826,0.2735619284818936,0.12113515430939821,9.850000000000001,7.698558738445034,3.0309174770951968,7.076817497740583,9.850000000000001,0.0038203222622773874,3.6509735844143085,6.043884304269426,0.08058245881826837,0.04046611017918787,0.06968519639180007,9.850000000000001,7.686076663615153,3.487014561513398,6.849562316437669,1.0,0.0
9.9,-0.0026336024547926307,-2.555381828282835,6.074563920027139,0.30572546645775245,0.29909065189189854,-0.06334700302058076,9.9,7.638172465409966,1.1474784997765957,7.551488045670032,9.9,0.0019296045112700351,1.872293327680804,6.074563920027139,0.08604370425119723,0.08083202533071865,0.029490722646309565,9.9,7.621358908387633,1.6544841304689837,7.43960979302583,1.0,0.0
9.950000000000001,-0.0027901973438024313,-2.748553299671513,6.105243535784852,0.3069482777003905,0.2023276885120554,-0.23082623690690957,9.950000000000001,7.5729642425624135,-0.7780023585828668,7.532894513344018,9.950000000000001,1.2090206442978355e-05,0.011909758600541102,6.105243535784852,0.08247149406365605,0.07793482712281691,-0.02697610154244487,9.950000000000001,7.552233877589179,-0.25030319419161634,7.548084846686818,1.0,0.0
10.0,-0.003785188821183071,-3.7851888211830707,6.135923151542564,0.3040843069160831,0.021472805558242804,-0.3033252121635993,10.0,7.503003802902377,-2.618474276914258,7.031262939721846,10.0,-0.0018107758137141613,-1.8107758137141614,6.135923151542564,0.07091624455883094,0.03672242969452179,-0.06066775832069966,10.0,7.478758545604664,-2.1029879340089463,7.176995968569829,1.0,0.0
10.05,-0.004860225854372341,-4.933494366655237,6.166602767300278,0.2975441830171659,-0.16183304325903117,-0.24968501548325495,10.05,7.4283661792554465,-4.255037917453001,6.088947069415482,10.05,-0.0034296868671455593,-3.4813898253786375,6.166602767300278,0.05354615730076777,-0.01023709278149234,-0.05255847118269026,10.05,7.40099384269276,-3.7850468659842282,6.359884439349438,1.0,0.0
10.100000000000001,-0.005109145426695685,-5.263957642269992,6.19728238305799,0.28701727628084206,-0.2683760586197668,-0.10175071519843334,10.100000000000001,7.349131596462662,-5.584895867456715,4.776889508015728,10.100000000000001,-0.004753830727358815,-4.897876552228516,6.19728238305799,0.033866521347909725,-0.029695866161970844,-0.016281793546742335,10.100000000000001,7.319004634461437,-5.191627813910356,5.158956239502363,1.0,0.0
10.15,-0.004693023852812987,-4.907393556245724,6.227961998815704,0.2719452761069441,-0.2634576135583748,0.06741156469781794,10.15,7.2653853595317655,-6.5280191482128345,3.189167669324568,10.15,-0.005715688144735333,-5.976771491193609,6.227961998815704,0.01994348373105983,-0.012915362544563477,0.015196577038054817,10.15,7.232859701616772,-6.23829833100814,3.660313292139474,1.0,0.0
10.200000000000001,-0.004136671199608511,-4.38986857039415,6.258641614573416,0.25213665225290544,-0.16911154528743524,0.1870138408241441,10.200000000000001,7.177217738202836,-7.032084584079847,1.436050439197737,10.200000000000001,-0.006273931467744977,-6.657946265022714,6.258641614573416,0.025955862374166565,0.02003587874513757,0.01650061679140571,10.200000000000001,7.142631719925484,-6.866260750396955,1.9676511870867577,1.0,0.0
10.25,-0.004098341148148438,-4.413465160492789,6.2893212303311286,0.22828370467163303,-0.04205727231879654,0.2243761031476123,10.25,7.084723848414822,-7.075371467124949,-0.3639101681622559,10.25,-0.006414780885629787,-6.908017397163914,6.2893212303311286,0.04005343135935483,0.03839188823484672,-0.01141666682624956,10.25,7.048397240339217,-7.045702296189675,0.194891793282937,1.0,0.0
10.3,-0.004733600988897028,-5.172533607794484,6.320000846088842,0.20222471588937704,0.06383157215408915,0.19188633644133335,10.3,6.988003531198162,-6.667459628565073,-2.0921700345557173,10.3,-0.006151672589877784,-6.722098734119383,6.320000846088842,0.05112525173372954,0.02539160959366657,-0.04437406367553049,10.3,6.95023666924243,-6.777086789567399,-1.54171476128146,1.0,0.0
10.350000000000001,-0.005084569716042802,-5.637353330860331,6.350680461846554,0.17682636002297678,0.12393578741787031,0.12612486747698826,10.350000000000001,6.887161229563382,-5.847732960464737,-3.638270059395718,10.350000000000001,-0.005523055735799393,-6.123510618902067,6.350680461846554,0.056501035635842176,-0.009949292110190584,-0.05561815004500605,10.350000000000001,6.848234248806721,-6.0903436491645,-3.131457577807976,1.0,0.0
10.4,-0.004068718826248782,-4.57675533376951,6.381360077604267,0.15527031853656584,0.14358328876368687,0.05909916248349323,10.4,6.782305864008327,-4.6818504533507,-4.907132478894531,10.4,-0.004588647592741607,-5.161604485761695,6.381360077604267,0.05564980295718584,-0.04189015505270683,-0.03663489427900386,10.4,6.7424780374640125,-5.0420593988125635,-4.4764547472894725,1.0,0.0
10.450000000000001,-0.002439769703171508,-2.784182538060631,6.41203969336198,0.1395431888464028,0.13950312624189135,0.003343549335923846,10.450000000000001,6.673550707328813,-3.2564892990423924,-5.825079955546644,10.450000000000001,-0.003424465859596725,-3.90788443519079,6.41203969336198,0.04908174334766578,-0.049035441823413156,-0.0021314256329503477,10.450000000000001,6.633059890550662,-3.710915926702026,-5.497871087664861,1.0,0.0
10.5,-0.00013322991512647499,-0.1542302804982856,6.442719309119693,0.1287746758830338,0.12161976484711212,-0.04232670489553324,10.5,6.561013259491944,-1.67278133317841,-6.344186126099941,10.5,-0.002117025603603965,-2.4507217643720396,6.442719309119693,0.038057161309076035,-0.030168354403653647,0.023199524121856153,10.5,6.520075441226276,-2.1917383957994008,-6.140656851156942,1.0,0.0
10.55,0.0017704539906081662,2.0789403283059706,6.473398924877405,0.11922999304540494,0.09033040863916926,-0.07782164555371471,10.55,6.444815123420559,-0.03894699386778709,-6.444697441054857,10.55,-0.0007571302579009774,-0.8890536750917486,6.473398924877405,0.02450654103712196,-0.003188493120901572,0.024298231730356556,10.55,6.403624081837024,-0.5886057487325521,-6.376515086945381,1.0,0.0
10.600000000000001,0.002124855311389953,2.5307366735504173,6.504078540635119,0.10638117870852452,0.04769098196989735,-0.09509219432825156,10.600000000000001,6.325081882645237,1.537325290882858,-6.135412925971564,10.600000000000001,0.0005663036115143944,0.6744766621714283,6.504078540635119,0.012084236132453604,0.010435207093851437,0.0060938670656102995,10.600000000000001,6.283808945976723,0.9924678159479341,-6.204938557620425,1.0,0.0
10.65,0.004062759850209026,4.907609237525049,6.534758156392831,0.08720570002071519,0.007209607033784068,-0.08690716703771546,10.65,6.201942981911489,2.9562040765674658,-5.452059629953351,10.65,0.0017719693013242095,2.1404496530460912,6.534758156392831,0.012671914597633126,0.002373452071474054,-0.012447656198422379,10.65,6.160736891603382,2.4507545421649395,-5.652298755517159,1.0,0.0
10.700000000000001,0.006023854573653969,7.379480878472782,6.565437772150545,0.062310401412333544,-0.011506126511086156,-0.06123883716137186,10.700000000000001,6.075531611990136,4.132232264585733,-4.453845628196842,10.700000000000001,0.002791072477120706,3.419183800589382,6.565437772150545,0.022763906729889843,-0.01762630724060604,-0.014405163750089177,10.700000000000001,6.0345184856991905,3.697433104170555,-4.769109119576625,1.0,0.0
10.75,0.0071901886818793856,8.93234893015913,6.596117387908257,0.04363401143442901,-0.0014065987657764958,-0.0436113337765769,10.75,5.945984600135655,4.999599720242133,-3.218498951748337,10.75,0.003571119467443852,4.436390554657161,6.596117387908257,0.031259122315771284,-0.031177710599436966,0.0022545708527580807,10.75,5.905267991123937,4.661159053515556,-3.62571183698083,1.0,0.0
10.8,0.007535625126322664,9.492717399130177,6.62679700366597,0.061803688421092996,0.017521685630502385,-0.059267920792933096,10.8,5.813442307880367,5.515838850741737,-1.8362007623627308,10.8,0.004078390096864349,5.137596945701184,6.62679700366597,0.03604545570321515,-0.02634087515119813,0.024605551672771706,10.8,5.773103356513368,5.292226049098371,-2.306743551032616,1.0,0.0
10.850000000000001,0.006789209514713557,8.671783480490157,6.657476619423683,0.10681686821882219,0.006050459516968627,-0.10664537156253313,10.850000000000001,5.678048538153402,5.66373698749433,-0.40288774877704897,10.850000000000001,0.00429899669658146,5.491061728954426,6.657476619423683,0.036702082056265184,-0.006170179834838188,0.03617971404075188,10.850000000000001,5.638146210324926,5.565070250647111,-0.9048125741631957,1.0,0.0
10.9,0.0057510053849123095,7.447718752617605,6.6881562351813955,0.15936906321569277,-0.06344829142837645,-0.14619443431631482,10.9,5.539950454088704,5.451396780381071,0.9865719317964242,10.9,0.004238536159895936,5.489027244613875,6.6881562351813955,0.0334859627640171,0.01514411235394529,0.02986579252663859,10.9,5.500521860446655,5.47899738286252,0.48613621119722455,1.0,0.0
10.950000000000001,0.004583512022008534,6.017841324896719,6.718835850939108,0.21240906036242563,-0.17455757474130698,-0.12102587336797702,10.950000000000001,5.3992985123560215,4.910513743934383,2.2448338905499154,10.950000000000001,0.003920441523750902,5.147274600826893,6.718835850939108,0.027113507442057577,0.024206902668515003,0.012213441325341225,10.950000000000001,5.360359301177761,5.057144400496686,1.7772851066297588,1.0,0.0
11.0,0.003043963278724075,4.051515123981743,6.749515466696821,0.2619943901529557,-0.2619914769586063,-0.0012355050251758215,11.0,5.256246414439903,4.093068197363601,3.2977142236772155,11.0,0.0033832263415543963,4.503074260608901,6.749515466696821,0.018605291739295596,0.018330428158259044,-0.0031862649355012657,11.0,5.217791229883583,4.343815439422322,2.890780646622344,1.0,0.0
11.05,0.0015337861132666663,2.069434263791332,6.780195082454534,0.3054806285533344,-0.24723201390617797,0.17942894337657922,11.05,5.110951080039196,3.066737759420006,4.088635525147892,11.05,0.00267688314161563,3.611738067980304,6.780195082454534,0.009139329074055343,0.006038634671788464,-0.006860191485997131,11.05,5.072954076253455,3.4004454264433224,3.7645496359534474,1.0,0.0
11.100000000000001,0.0002915219730296575,0.39869448749652364,6.810874698212247,0.3412903767322715,-0.09637750196236611,0.32739960043584343,11.100000000000001,4.9635726477101905,1.90941868050588,4.581612568914131,11.100000000000001,0.001858742328378563,2.5420736293027035,6.810874698212247,0.001075514939460784,-0.0010754776912373786,8.951014135356312e-06,11.100000000000001,4.925988047886309,2.3005362092449158,4.355788263663858,1.0,0.0
11.15,-0.0011980720349994312,-1.6607625128690673,6.84155431396996,0.36881257967862496,0.14052794405983507,0.3409906389734445,11.15,4.814274509092306,0.7032942807858406,4.762627027545816,11.15,0.0009891166030630866,1.371109355060063,6.84155431396996,0.008450563014099854,0.0022513775122288884,0.008145140548370082,11.15,4.77703719694952,1.1239730861450852,4.642926758270134,1.0,0.0
11.200000000000001,-0.0015603596951082451,-2.192193025729037,6.872233929727672,0.38817691426993145,0.3434232191198391,0.18094697936548346,11.200000000000001,4.663223384619412,-0.4710960966051842,4.639366422543566,11.200000000000001,0.00012707958288675318,0.1785376642259204,6.872233929727672,0.014622900977521778,0.01176925660225771,0.00867835422350463,11.200000000000001,4.626249513973162,-0.04883980538791815,4.62599170329418,1.0,0.0
11.25,-0.0017097865013772943,-2.434442108406343,6.902913545485386,0.3998811363059046,0.38978411821655373,-0.08929313724718789,11.25,4.510589450644917,-1.5403538623582715,4.239425334993785,11.25,-0.0006733055442400915,-0.958671370607474,6.902913545485386,0.01842549491620273,0.01842480004587578,0.00016001930042487545,11.25,4.473777056553582,-1.1425900495445864,4.32540970665519,1.0,0.0
11.3,-0.002574591471442159,-3.714870310369477,6.933593161243098,0.40435529080484856,0.23591102713854914,-0.32840400191883834,11.3,4.356546530547561,-2.442901650395205,3.6071774560343406,11.3,-0.0013662032460758232,-1.9712905651530672,6.933593161243098,0.019726861195711747,0.016222203712814697,-0.011224489268328378,11.3,4.319776122982266,-2.0920141729260755,3.7794103313829432,1.0,0.0
11.350000000000001,-0.0036192637830514823,-5.2918536086559,6.964272777000811,0.4016151120694683,-0.04408525641771609,-0.39918816165958104,11.350000000000001,4.201272365847062,-3.1325441020372975,2.79961728470545,11.350000000000001,-0.001916457688421928,-2.80212058093243,6.964272777000811,0.018715283556778414,0.006608209846886764,-0.0175098087148355,11.350000000000001,4.164407483777658,-2.8458670906407866,3.0402845579568876,1.0,0.0
11.4,-0.0038399745464436693,-5.68909124943634,6.994952392758524,0.3911646768596866,-0.2944396906663679,-0.25751713143602045,11.4,4.0449489879336,-3.580704146349606,1.8815339835622933,11.4,-0.002301142929037518,-3.4092444996579605,6.994952392758524,0.01583309986700503,-0.003627625442242014,-0.015411923470136785,11.4,4.007836688042856,-3.3696573297799994,2.1698304998045943,1.0,0.0
11.450000000000001,-0.0031394858718932217,-4.71275641265264,7.0256320085162365,0.3722414018291627,-0.3720217477636865,0.012785946448824102,11.450000000000001,3.8877632171052374,-3.7772400605700316,0.9204131447895381,11.450000000000001,-0.002510162545779406,-3.7680643000596112,7.0256320085162365,0.011699164979073631,-0.008373828130557938,-0.008170034494875739,11.450000000000001,3.850234466875651,-3.647005238789343,1.2343655204842356,1.0,0.0
11.5,-0.0037532925472986505,-5.708288802872835,7.056311624273949,0.3444038827702502,-0.239033000025873,0.24794608156987524,11.5,3.729907323777063,-3.7298612634895094,-0.01853642592870296,11.5,-0.002545919411153998,-3.8720251844388365,7.056311624273949,0.007043883966576196,-0.006768708698132938,-0.0019495855699119032,11.5,3.6917772632537202,-3.679592229303941,0.2997004963679264,1.0,0.0
11.55,-0.0028222209469617493,-4.348474860080098,7.086991240031662,0.30844208328516626,0.009528828945242129,0.308294859120657,11.55,3.5715798977721818,-3.4622671566944963,-0.8768632172950112,11.55,-0.0024221405203075793,-3.732031388781833,7.086991240031662,0.0028958323295806714,-0.0028528572121251723,-0.000497041857663929,11.55,3.532647927678897,-3.485778287212442,-0.5735425994050493,1.0,0.0
11.600000000000001,-0.0024445299684041958,-3.8156570495622373,7.117670855789375,0.2677182442474483,0.20637657096966378,0.17053377746868714,11.600000000000001,3.412986986662507,-3.0112253094876777,-1.6065498145493218,11.600000000000001,-0.002161996514675345,-3.3746517117706887,7.117670855789375,0.002967673688884812,-0.0013226897594881004,-0.0026566104200361216,11.600000000000001,3.373036632515722,-3.0980640616585196,-1.3339322299700678,1.0,0.0
11.65,-0.002877272746686307,-4.549449076718842,7.148350471547088,0.2301887197112715,0.22335942919258162,-0.055654398506123706,11.65,3.254343584822828,-2.422876221297236,-2.172653443223268,11.65,-0.001795697408174926,-2.8392977082538993,7.148350471547088,0.00558024460131706,-0.0034805205733884404,-0.004361777888516103,11.65,3.213142077059837,-2.559655342729102,-1.94227869622533,1.0,0.0
11.700000000000001,-0.0015093054031691724,-2.4173231546859886,7.179030087304801,0.20993069448732193,0.05935828017188077,-0.2013640758997637,11.700000000000001,3.0958755835408738,-1.7485970254582963,-2.5547708451684947,11.700000000000001,-0.0013577726582833499,-2.1746263405511717,7.179030087304801,0.007290396251752399,-0.006750480893807206,-0.0027533407362528317,11.700000000000001,3.053173082392744,-1.9204458054250335,-2.3735529864473226,1.0,0.0
11.75,-0.0014086802982247076,-2.285209603165372,7.209709703062513,0.22075289738371853,-0.15700990072903465,-0.15517645690105586,11.75,2.937822332590663,-1.0407732721646221,-2.7472879451954415,11.75,-0.000884253949752614,-1.4344671535182132,7.209709703062513,0.00778156090080667,-0.00765200820220815,0.0014140228167544941,11.75,2.8933507137428762,-1.232764681860728,-2.6175885069798936,1.0,0.0
11.8,6.340086251519378e-05,0.10416964594006389,7.240389318820227,0.2611421481135136,-0.25494212344904943,0.05656620203469491,11.8,2.780440020074298,-0.34881614903799185,-2.7584731282724264,11.8,-0.00040997291083245415,-0.673598611630869,7.240389318820227,0.007142087543393119,-0.005152859090239296,0.004945448177226146,11.8,2.7339111240432015,-0.5472379592791131,-2.678581835615853,1.0,0.0
11.850000000000001,-0.0001025951065032603,-0.1707189369140058,7.271068934577939,0.31663012917348166,-0.14165711391579844,0.28317468244435656,11.850000000000001,2.6240061572659794,0.28427573818204405,-2.6085619827887596,11.850000000000001,3.383533167265881e-05,0.05630221606237661,7.271068934577939,0.0056268419812823545,-0.0013582435584931114,0.005460450999517669,11.850000000000001,2.5751093943566814,0.09091442093329039,-2.573504023888519,1.0,0.0
11.9,0.0006168162726702461,1.0394334932367193,7.301748550335652,0.373319633158414,0.12733825091423107,0.3509309310329272,11.9,2.468825569065767,0.8245714440724653,-2.3270542804354943,11.9,0.0004214660803190159,0.7102373584443126,7.301748550335652,0.0036187312737242716,0.0007965536124778618,0.0035299742738267308,11.9,2.4172247683194494,0.6448740359698868,-2.329616504557977,1.0,0.0
11.950000000000001,0.001652426053002083,2.8198483286342686,7.332428166093365,0.42167732071331543,0.37887488535569636,0.18510965412605634,11.950000000000001,2.3152384533433095,1.2489180811260046,-1.949495504605245,11.950000000000001,0.0007341038453871484,1.2527407793517344,7.332428166093365,0.0018628259760958322,0.0004245484804548037,0.0018138024161856515,11.950000000000001,2.2605678597405086,1.0883119918984554,-1.9813490497087587,1.0,0.0
12.0,0.0012580178833260295,2.173854902387379,7.3631077818510775,0.45569035451688455,0.4363509631528009,-0.13134510327890758,12.0,2.1636313044565343,1.5456315943732084,-1.514042072103552,12.0,0.0009605435130779934,1.6598191905987727,7.3631077818510775,0.002322970803133018,-0.0006316067774357412,0.0022354566045677776,12.0,2.1054906877625394,1.406454094238154,-1.5668369146326315,1.0,0.0
12.05,0.0006750117731929063,1.1810614338143681,7.39378739760879,0.47219865017259643,0.2417533988446145,-0.4056191062707708,12.05,2.0144518241231255,1.7141816466181432,-1.058110312826833,12.05,0.0010972637426172951,1.9198715349780233,7.39378739760879,0.004017006796649469,0.00013768733541282729,0.004014646410581502,12.05,1.952400813219709,1.5960987010525012,-1.1244277975750596,1.0,0.0
12.100000000000001,0.0009687815007312971,1.7162555242170379,7.424467013366503,0.47078745239134134,-0.09824347976860796,-0.46042267973253076,12.100000000000001,1.8682293958870104,1.7639677108176357,-0.6153852377569141,12.100000000000001,0.001147892854302964,2.033562212861814,7.424467013366503,0.0054790886765182165,0.0031818827716654312,0.004460497141858613,12.100000000000001,1.8017814895208186,1.6646520905559141,-0.6894562737314706,1.0,0.0
12.15,0.001454761730070171,2.6092800964919984,7.455146629124216,0.45396576554072166,-0.37628708987713433,-0.2539546067209077,12.15,1.7256032953149867,1.712354815388415,-0.21341911586839657,12.15,0.0011221624821203743,2.012725636854302,7.455146629124216,0.006429278198291662,0.006184499409995987,0.0017571525826711135,12.15,1.6542207101422925,1.6283264950487881,-0.29154585125808186,1.0,0.0
12.200000000000001,0.0015767619977946235,2.863160120171372,7.485826244881929,0.42743332105787496,-0.4184493223794843,0.08717458661051883,12.200000000000001,1.5873615086385704,1.5821912418624753,0.12801341055138066,12.200000000000001,0.0010344615846414218,1.878424999547957,7.485826244881929,0.006809346298932404,0.006138982782819926,-0.0029461988071114507,12.200000000000001,1.510453464103174,1.5097108203372591,0.047359330420504275,1.0,0.0
12.25,0.001247274936246637,2.2928226402262593,7.516505860639642,0.4000914893131969,-0.1999153094030537,0.3465646676843057,12.25,1.4544936254914946,1.3990629848803036,0.39771154236859624,12.25,0.0009020516789398766,1.6582105933687117,7.516505860639642,0.006644726279432182,0.0023162310159047274,-0.0062279580288837535,12.25,1.371423482954312,1.33496847786011,0.3141043341286406,1.0,0.0
12.3,0.0009973974195704733,1.8560239439638484,7.547185476397354,0.38278376024075766,0.1355442720793039,0.3579820629731963,12.3,1.3282610824059102,1.1885490097657876,0.5929829292811776,12.3,0.0007432287070112294,1.3830497743298658,7.547185476397354,0.006019617830549813,-0.0026911749491470268,-0.005384549769382462,12.3,1.2383730332646734,1.1309375434613091,0.504527543655297,1.0,0.0
12.350000000000001,0.0017953303408002777,3.381779158023174,7.577865092155068,0.38429047444849124,0.36679462007007163,0.11463365753345874,12.350000000000001,1.2102853040467005,0.9737273529515637,0.7187806058216621,12.350000000000001,0.0005755795791508977,1.084192129058879,7.577865092155068,0.005092547388058123,-0.004985571702646255,-0.0010383225401533651,12.350000000000001,1.1129704308205683,0.9224045340189885,0.6227945532052559,1.0,0.0
12.4,0.003103105649522497,5.916455705915182,7.60854470791278,0.4060173093328974,0.3381849218060933,-0.22467980358931308,12.4,1.1026450892921482,0.7731469262566577,0.7861742957894081,12.4,0.00041446640814307386,0.7902316009593802,7.60854470791278,0.00417341341202051,-0.002782907783889826,0.003110113144886869,12.4,0.9974799045582553,0.7297954992401472,0.6799740357442852,1.0,0.0
12.450000000000001,0.0018945955030332004,3.656154641263351,7.639224323670493,0.4412022346647807,0.06059713739706004,-0.437021050765839,12.450000000000001,1.00795189050436,0.5994272579721315,0.8103418883232714,12.450000000000001,0.0002718548877449359,0.5246204311091712,7.639224323670493,0.003826660649388801,0.001817734587076906,0.003367368809103789,12.450000000000001,0.8949534937761731,0.5674798986973373,0.6920320228115447,1.0,0.0
12.5,-0.00014159788578394747,-0.2765583706717724,7.669903939428206,0.4796141598637471,-0.29503852252374924,-0.3781296240296588,12.5,0.9293283359092945,0.45858345261631744,0.8083021544635621,12.5,0.00015556663443153746,0.3038410828740966,7.669903939428206,0.004487728211979504,0.004442055754861638,-0.000638627571670186,12.5,0.8093519090875828,0.4428186177285525,0.677467478582322,1.0,0.0
12.55,-0.00010159229762693103,-0.20081306275517063,7.7005835551859185,0.5120445535446927,-0.5066856432344161,-0.07388696606918976,12.55,0.870161819638018,0.35010240317716707,0.7966240641892002,12.55,6.899376491236158e-05,0.13637696524927084,7.7005835551859185,0.005820387113509609,0.002205995584989944,-0.005386138656784988,12.55,0.7453571096085585,0.356013487168681,0.6548370925642653,1.0,0.0
12.600000000000001,0.0003772274863696264,0.754596810274128,7.731263170943632,0.5320460297626071,-0.441079594129863,0.29752608192961544,12.600000000000001,0.8335080066655313,0.2677251463866424,0.7893407649220952,12.600000000000001,1.1271188400339364e-05,0.02254661476751726,7.731263170943632,0.007263381163378812,-0.0035820741586497706,-0.006318658927846928,12.600000000000001,0.7075170380299355,0.3007385655563399,0.6404191395404796,1.0,0.0
12.65,6.14391331158304e-05,0.12437029253970384,7.761942786701344,0.5360900275923537,-0.13464085531847583,0.5189068873729465,12.65,0.8212031496079275,0.200825440936566,0.7962686451183507,12.65,-2.213832205584282e-05,-0.04481426496094102,7.761942786701344,0.008441266990656197,-0.008242454704753219,-0.00182124376392438,12.65,0.6986431038325994,0.265460119282347,0.6462453958083186,1.0,0.0
12.700000000000001,-0.0009505834097574232,-1.9471588966291404,7.792622402459057,0.5232677288197651,0.23397618677495818,0.46804301089370526,12.700000000000001,0.8330992923172047,0.13622170127793307,0.8218869015627228,12.700000000000001,-3.8525955037704276e-05,-0.07891591135799783,7.792622402459057,0.009128699867334613,-0.007564374623711654,0.005110126986682636,12.700000000000001,0.7183170853854342,0.2352891468272969,0.678688774433398,1.0,0.0
12.75,-0.0014054322591629496,-2.9129999157847566,7.82330201821677,0.4949041439786595,0.4580823090710791,0.18732514471730186,12.75,0.8669692261474456,0.060222715200875195,0.8648750566761276,12.75,-4.6791614924525165e-05,-0.09698366423989356,7.82330201821677,0.009221317523539455,-0.0014990607374867362,0.009098654503565983,12.75,0.7628594563178921,0.19416288746503643,0.7377366218542154,1.0,0.0
12.8,-0.0011851806684529437,-2.4855040092074283,7.853981633974483,0.4541387186466464,0.4281689003300734,-0.15137162403883214,12.8,0.9191813157385397,-0.03931000858971518,0.9183403587055888,12.8,-5.619368599316674e-05,-0.11784670096794164,7.853981633974483,0.008751782540298157,0.005494864630663478,0.006811766314499578,12.8,0.8268418348669274,0.1271240222816335,0.8170109563800513,1.0,0.0
12.850000000000001,-0.0011015927308109582,-2.3373860321593223,7.884661249732195,0.4054537173913586,0.18954756214725535,-0.3584193614057478,12.850000000000001,0.9856636077833962,-0.17109771220690712,0.9706999127362396,12.850000000000001,-7.512062659664786e-05,-0.15939275779788412,7.884661249732195,0.007931140216163722,0.007930582634760815,-9.404361583727345e-05,12.850000000000001,0.904802484824202,0.022460417093993115,0.9045236681303669,1.0,0.0
12.9,-0.0016124059908208315,-3.4613342040291806,7.915340865489909,0.35410871595042004,-0.09860239129567054,-0.3401037358554456,12.9,1.0626338232203967,-0.3389697570615838,1.0071197277630937,12.9,-0.00011000461157934047,-0.23614568962664287,7.915340865489909,0.007192196939125228,0.0038294429615012915,-0.00608794410419236,12.9,0.992182705806941,-0.12651548619077543,0.9840835093915021,1.0,0.0
12.950000000000001,-0.0014137138587420569,-3.0702293617241834,7.946020481247621,0.30539556630165604,-0.26948569508173814,-0.14367989442862786,12.950000000000001,1.1469332694681333,-0.5409312453668158,1.011360129923445,12.950000000000001,-0.00016448041519376473,-0.35720990993596874,7.946020481247621,0.007090627899699541,-0.003467778256361882,-0.0061847811583516255,12.950000000000001,1.0855187481408657,-0.320231870784554,1.037208996055827,1.0,0.0
13.0,-0.0011169959045026854,-2.4540400021923996,7.976700097005334,0.26359086651900715,-0.24851057068435445,0.0878785592188307,13.0,1.2360727860626546,-0.768871971488832,0.9678387385838456,13.0,-0.00023886704008783683,-0.5247908870729775,7.976700097005334,0.007849049890392371,-0.007848411441890262,-0.00010011004282537258,13.0,1.1822839840743282,-0.5522980433785529,1.0453527109444392,1.0,0.0
13.05,-0.0013809708940123932,-3.06913548359197,8.007379712763047,0.2306601614248814,-0.08533449663704759,0.21429450238457837,13.05,1.328144737622662,-1.0089538591438194,0.8637016580935594,13.05,-0.00033001769235639915,-0.7334470365854601,8.007379712763047,0.009093148815418456,-0.005373094686592504,0.007335885009203557,13.05,1.2806544191323548,-0.8096854943929225,0.9922122461514561,1.0,0.0
13.100000000000001,-0.0015997065202245097,-3.5962858307580396,8.03805932852076,0.20539412956366937,0.09447928265366551,0.18237437760953754,13.100000000000001,1.421700624302334,-1.2426490840702655,0.6906923475766735,13.100000000000001,-0.0004315485102810994,-0.9701603220263474,8.03805932852076,0.010260794440867537,0.002405115979191861,0.009974934570430732,13.100000000000001,1.379304997555521,-1.073643443408124,0.8658937768042814,1.0,0.0
13.15,-0.0012207586101014682,-2.7759206944318153,8.068738944278472,0.18403760176282757,0.17845736936738557,0.044975617628728926,13.15,1.515638513142627,-1.448338895436575,0.44662573424149604,13.15,-0.0005344361325124395,-1.2152708224356275,8.068738944278472,0.010934831400712976,0.009538626848157112,0.005346506860898508,13.15,1.4772586909258663,-1.3212720396376476,0.6607067709565072,1.0,0.0
13.200000000000001,-0.0008421947606337203,-1.937020999225217,8.099418560036185,0.1623173629549573,0.13543750243348962,-0.0894628931525794,13.200000000000001,1.6091131967188328,-1.60332923854644,0.13631079442506983,13.200000000000001,-0.0006279418498308618,-1.4442461604717882,8.099418560036185,0.01090127967216201,0.010412796734301028,-0.0032266953157716193,13.200000000000001,1.573781424187303,-1.5276126267020125,0.37840141894236257,1.0,0.0
13.25,-0.0011053875784572047,-2.5713560393433323,8.130098175793899,0.13740287431995404,0.02187636028294778,-0.13565019252531768,13.25,1.7014688507414812,-1.6860983841743498,-0.2281852075139491,13.25,-0.0007006730820544645,-1.6299079130784768,8.130098175793899,0.010154254364505557,0.0043099653239175775,-0.00919418732709467,13.25,1.668310542194718,-1.6680634711971016,0.02871099538347715,1.0,0.0
13.3,-0.0003823527598119711,-0.8995372497857563,8.160777791551611,0.10897260096392995,-0.06989191920714288,-0.0836071013155349,13.3,1.7921899623956687,-1.6785674584522556,-0.627977825035983,13.3,-0.0007417239330791677,-1.745007168747574,8.160777791551611,0.00892821221802025,-0.003923394431607928,-0.00801997191666118,13.3,1.760406289143608,-1.7208957039008912,-0.3708750182363664,1.0,0.0
13.350000000000001,-8.259393431467215e-05,-0.19651330106959547,8.191457407309324,0.08015425385943267,-0.07986972009619002,0.006747756924981588,13.350000000000001,1.8808659534525605,-1.5681791539195744,-1.0384945238512802,13.350000000000001,-0.0007418103955000373,-1.7649674978802727,8.191457407309324,0.007765259321825792,-0.007715842372808813,-0.0008746592554649084,13.350000000000001,1.8497187091853737,-1.6696309890159873,-0.7961103338281079,1.0,0.0
13.4,-0.0010321410433915775,-2.4834386930686487,8.222137023067036,0.06030850144003056,-0.01732579523540992,0.057766185311156,13.4,1.967165705705966,-1.3495834712057555,-1.431211154216552,13.4,-0.0006942982858590858,-1.67055388279869,8.222137023067036,0.007449167255581799,-0.004059939242983622,0.006245557312595382,13.4,1.9359648317168408,-1.5050508646757268,-1.217695251030923,1.0,0.0
13.450000000000001,-2.552154140210079e-05,-0.0620974481549881,8.252816638824749,0.06355262550769555,0.05494235477666335,0.03194172601029338,13.450000000000001,2.050819139797208,-1.0257609187192187,-1.7758585759532954,13.450000000000001,-0.0005960328165753635,-1.4502304677770574,8.252816638824749,0.008344745350418774,0.004020394630338216,0.007312400562037298,13.450000000000001,2.018912747507097,-1.226637112320236,-1.603549212442614,1.0,0.0
13.5,0.00041658667940584033,1.0249594513431444,8.283496254582463,0.08519116326463001,0.07230475999052785,-0.04505059357092879,13.5,2.131603798351613,-0.6084604655782404,-2.042917182603185,13.5,-0.0004478947238048596,-1.1019889810813814,8.283496254582463,0.009911328479051636,0.009846601669997805,0.0011308703604111423,13.5,2.0983703452634512,-0.8432903826839163,-1.9214628376197835,1.0,0.0
13.55,0.00018768801857058296,0.46693285677115404,8.314175870340176,0.10988510492150103,0.016238543395097678,-0.10867863631834372,13.55,2.2093349874825456,-0.11788767644298485,-2.20618756742426,13.55,-0.00025502965402955565,-0.6344663118311783,8.314175870340176,0.01137802553366202,0.00842301549480389,-0.007649331671391854,13.55,2.1741772371300976,-0.373236469445429,-2.1419013040592176,1.0,0.0
13.600000000000001,0.0011438265626108892,2.8772453898789374,8.344855486097888,0.12962250153083998,-0.07489067615660258,-0.10579876902837523,13.600000000000001,2.2838584629275576,0.4183571250721457,-2.245214197930165,13.600000000000001,-2.6723375628481968e-05,-0.06722147556491875,8.344855486097888,0.012217695809035523,0.00045251971261159443,-0.012209312707594237,13.600000000000001,2.246198893801255,0.15689935044975792,-2.2407124010774844,1.0,0.0
13.65,0.0021896205730607223,5.568866656409053,8.3755351018556,0.14078722897612034,-0.13683288245956943,-0.033133157419421896,13.65,2.3550449497568775,0.9670256260199718,-2.1473467707839027,13.65,0.0002240766308439304,0.5698945713882088,8.3755351018556,0.012161477609505292,-0.008198196680155987,-0.008982822988347143,13.65,2.3143223301653775,0.7137958173787298,-2.2014957140532285,1.0,0.0
13.700000000000001,0.0018651266773437038,4.795899077167766,8.406214717613313,0.1417487133637428,-0.1272047071656112,0.0625432667454109,13.700000000000001,2.4227859946577412,1.4915277957022424,-1.909250326844888,13.700000000000001,0.00048156462107818397,1.2382726331032519,8.406214717613313,0.011165288515490921,-0.011155003882828564,-0.00047912003530754647,13.700000000000001,2.3784528924091677,1.2597930860081572,-2.0174140729794616,1.0,0.0
13.75,0.001084902748423887,2.8203233557660035,8.436894333371026,0.13215627429893728,-0.054880277960117255,0.120222443526973,13.75,2.486990795396693,1.9546217987826247,-1.5377180626212508,13.75,0.0007281504864761741,1.892906831054273,8.436894333371026,0.009422006845318966,-0.006579117445207812,0.006744584986149978,13.75,2.438511836679485,1.7557201938041755,-1.6922726076770795,1.0,0.0
13.8,0.0015980240988525153,4.199722389519529,8.46757394912874,0.1126747944061087,0.028970321996413185,0.10888677485297744,13.8,2.5475837532970846,2.3212755464532586,-1.0496965359099684,13.8,0.0009457274430826493,2.4854398127971047,8.46757394912874,0.007456975104742629,0.0014333616465919295,0.007317919930064185,13.8,2.494434482706657,2.1639641667273484,-1.240750770153313,1.0,0.0
13.850000000000001,0.0015799831461301582,4.19760699112245,8.498253564886452,0.08483046470001589,0.06993500808203827,0.04801356460195269,13.850000000000001,2.6045025653649043,2.561469147196887,-0.47149699993830285,13.850000000000001,0.0011170403268190112,2.967687533063672,8.498253564886452,0.006321657531967197,0.006186413329600163,0.00130063217968149,13.850000000000001,2.5461687891152307,2.4515269757417393,-0.6877434040942026,1.0,0.0
13.9,0.0017479307640299298,4.694276070563296,8.528933180644165,0.0510693433544295,0.050178604313289236,-0.00949660464708116,13.9,2.6576967225675734,2.652707854954896,0.16276641363320798,13.9,0.001227051569558946,3.295393009187327,8.528933180644165,0.007026541412098866,0.003754220484537579,-0.005939538093944575,13.9,2.5936742406528586,2.5928127915725674,-0.0668423105813436,1.0,0.0
13.950000000000001,0.0021717134452120786,5.895561076820277,8.559612796401877,0.018525769660663605,0.00010866837597276334,-0.018525450944687622,13.950000000000001,2.707126316189756,2.582034590418955,0.8134065807990118,13.950000000000001,0.0012641997185785028,3.4319291389986906,8.559612796401877,0.008970931342304563,-0.0039110947686378465,-0.008073471797131393,13.950000000000001,2.636920967821107,2.5719062726349535,0.5819366935634714,1.0,0.0
14.0,0.0018167635673886186,4.98519922891437,8.59029241215959,0.03515624030610461,-0.026245470690287154,0.023390949119389156,14.0,2.7527610795626116,2.3473682075066544,1.4378998781353696,14.0,0.001221450905015793,3.351661283363336,8.59029241215959,0.010965562241009672,-0.010581645378292422,-0.00287616695438907,14.0,2.6758890406794413,2.3841415289298356,1.2150108345444692,1.0,0.0
14.05,0.0017595568897335078,4.880140051404945,8.620972027917304,0.07345236457314804,0.00587377149713209,0.07321713371736244,14.05,2.7945796107984884,1.9580454067419033,1.9939241174697608,14.05,0.00109705664793454,3.0426922354617676,8.620972027917304,0.012308901129804243,-0.010734781354563268,0.006022749894609352,14.05,2.7105678937445044,2.0368177221989976,1.7884495724326717,1.0,0.0
14.100000000000001,0.002003469233383401,5.616167027874253,8.651651643675017,0.11081149867562352,0.08208955813993751,0.07443448584579283,14.100000000000001,2.832568735529993,1.4345063654614458,2.4424653792741005,14.100000000000001,0.0008949508751897926,2.5087450873004067,8.651651643675017,0.012666968490515173,-0.003915636497277463,0.012046571361216972,14.100000000000001,2.740955849809361,1.5489862784743678,2.26130061683587,1.0,0.0
14.15,0.001721115887956347,4.8761766811502065,8.682331259432729,0.1447255153170696,0.1447148625445417,0.001755944903961376,14.15,2.8667229784820836,0.807131708094961,2.7507524499934375,14.15,0.0006247447409339929,1.769994547566938,8.682331259432729,0.011943270564884857,0.0049626516826008545,0.010863415672026177,14.15,2.7670597184363377,0.9503105973865471,2.598755327822881,1.0,0.0
14.200000000000001,0.000659509180195349,1.8883647215431807,8.713010875190442,0.1743087810190798,0.132240647284952,-0.1135603907443719,14.200000000000001,2.8970441199959978,0.1143058861432924,2.8947882129089137,14.200000000000001,0.0003013437275187148,0.8628338788796059,8.713010875190442,0.01024613272474806,0.00954670652267454,0.0037207029420630337,14.200000000000001,2.7888944507026316,0.27907554179770466,2.774896232137384,1.0,0.0
14.25,0.00026961376627713916,0.7801653471587849,8.743690490948154,0.19955140494555776,0.026446248184518656,-0.1977912009486489,14.25,2.9235408190757157,-0.6001561001608428,2.86127656409541,14.25,-5.584745735934314e-05,-0.16160247141795053,8.743690490948154,0.00791872295333807,0.007016849270642245,-0.003670149795963457,14.25,2.8064828361002445,-0.4205055661660191,2.7748010700136088,1.0,0.0
14.3,-8.800322008733695e-05,-0.25733963220193135,8.774370106705868,0.22116521506454886,-0.12593292703423015,-0.1818102039026947,14.3,2.946228288637965,-1.2900304406475331,2.648788891356449,14.3,-0.00042413180430398746,-1.2402491910683504,8.774370106705868,0.005723337120329522,0.00016680487584322935,-0.0057209058658866906,14.3,2.8198552307294973,-1.1014801730814279,2.595828374639012,1.0,0.0
14.350000000000001,-0.0006300965186913713,-1.8619275728127136,8.80504972246358,0.24037859211014434,-0.23482295199722844,-0.05138140480915722,14.350000000000001,2.9651280117702967,-1.909929986622416,2.268072214984649,14.350000000000001,-0.0007790288145383367,-2.302020701236409,8.80504972246358,0.005151019156663727,-0.004976111747546425,-0.0013309057924012335,14.350000000000001,2.8290493083731363,-1.7175939625582164,2.2479748595102405,1.0,0.0
14.4,-0.00107974043870708,-3.224087674132322,8.835729338221293,0.2586171928191409,-0.22141067558094235,0.1336419289012375,14.4,2.9802674901938664,-2.418529865438896,1.7414670835495465,14.4,-0.0010959772914107626,-3.272570656515875,8.835729338221293,0.006719128244654431,-0.0040010406263647135,0.005397995764567808,14.4,2.8341098279053645,-2.2267071967098917,1.753269396513311,1.0,0.0
14.450000000000001,-0.0018047471147772671,-5.445276001310902,8.866408953979006,0.2771147511303836,-0.07239354013833216,0.2674916085418272,14.450000000000001,2.9916800179735383,-2.7815299484741822,1.1014719586459583,14.450000000000001,-0.001352108112320292,-4.079575357073851,8.866408953979006,0.008900104355155624,0.002448170207059291,0.008556770428726447,14.450000000000001,2.8350884119272854,-2.593921288302976,1.144245888580338,1.0,0.0
14.5,-0.002555253218321223,-7.790008842704538,8.897088569736718,0.29657231131826717,0.14203276537671314,0.2603494371034874,14.5,2.9994044749533786,-2.9741302844441155,0.38855663103686433,14.5,-0.0015279540030827161,-4.658158772648045,8.897088569736718,0.010636603111905825,0.009308040488466425,0.0051475924494150055,14.5,2.8320433326362076,-2.7941697044529965,0.4616114173699047,1.0,0.0
14.55,-0.002391318213711402,-7.365909042211364,8.92776818549443,0.31699681077446923,0.30174690606451005,0.09713795716238012,14.55,3.0034851355202212,-2.982832517105129,-0.35161503692419066,14.55,-0.0016089646590335374,-4.956047782607641,8.92776818549443,0.01148599331285862,0.011183197059501047,-0.002619951509360449,14.55,2.8250393018103495,-2.814070123141901,-0.2487094666739305,0.9938441702975687,0.0
14.600000000000001,-0.002014033428012744,-6.267945936521871,8.958447801252145,0.33777037754709877,0.305285840603153,-0.14453160026629433,14.600000000000001,3.003971489186051,-2.806431725699289,-1.07134759850908,14.600000000000001,-0.0015867072481955272,-4.938048748570236,8.958447801252145,0.011290740107150131,0.006572582739394575,-0.009180521134501084,14.600000000000001,2.8141472624814132,-2.6528940422817833,-0.9389238602556925,0.975528258147576,0.0
14.65,-0.003216865905692512,-10.114532911671796,8.989127417009858,0.35788885318054753,0.1334516924851809,-0.3320769142890367,14.65,3.000918070186678,-2.4561249214139456,-1.7242272571741455,14.65,-0.001459653629409668,-4.589471587292356,8.989127417009858,0.010084278324333205,-0.0010806343614584682,-0.010026210585233673,14.65,2.799444180418558,-2.322580797433478,-1.5628519311414644,0.9455032620941837,0.0
14.700000000000001,-0.002939780733560434,-9.338281115111593,9.01980703276757,0.37625239645250097,-0.1318154513746308,-0.35240679989913976,14.700000000000001,2.9943842938614718,-1.9547296678439732,-2.2683406324833264,14.700000000000001,-0.0012334849860605034,-3.918193428375869,9.01980703276757,0.008074150976371819,-0.0062260396308397225,-0.005140850562354362,14.700000000000001,2.7810128339911073,-1.8467992679588479,-2.0792702678319412,0.9045084971874728,0.0
14.75,-0.001907361098971972,-6.120811174152573,9.050486648525283,0.39191103016178236,-0.3480130603254466,-0.18022531843608033,14.75,2.9844342980383427,-1.335073638734475,-2.669162126672695,14.75,-0.0009208798212701,-2.955146512697373,9.050486648525283,0.005696012616039313,-0.005570204292881797,0.0011905393137734755,14.75,2.75894160133845,-1.2591361079492123,-2.454859470775156,0.8535533905932737,0.0
14.8,-0.0016282517209552912,-5.278453402979096,9.081166264282995,0.4042170571439303,-0.39126513170243976,0.1015038225879788,14.8,2.971136788023937,-0.6376780930373073,-2.9018994577361745,14.8,-0.0005407897051374622,-1.753127739796984,9.081166264282995,0.003938256866324269,-0.0005027015350092743,0.00390604125833939,14.8,2.73332424407268,-0.6005579084731448,-2.6665317590094157,0.7938926261462357,0.0
14.850000000000001,-0.0016985809968863186,-5.56244361910507,9.11184588004071,0.41287420719103934,-0.22874063643808065,0.3437191181845012,14.850000000000001,2.954564884109802,0.09208958800210412,-2.953129384601421,14.850000000000001,-0.00011724585550923657,-0.3839519351973041,9.11184588004071,0.004378820980715864,0.004228307947112394,0.0011381937820703523,14.850000000000001,2.7042596869870357,0.08364929819478585,-2.70296563973254,0.7269952498697714,0.0
14.9,-0.0009584698673592649,-3.170569439261213,9.142525495798422,0.41789317157938977,0.05900416387278099,0.41370667325818583,14.9,2.9347959707656375,0.8071809697433516,-2.8216105812295225,14.9,0.0003222244250819128,1.0659019647252883,9.142525495798422,0.00628021912995963,0.004396856736759782,-0.0044842840182933354,14.9,2.6718517934523582,0.7472208188676689,-2.565239375579853,0.6545084971874732,0.0
14.950000000000001,-0.00013412713878540984,-0.4481673750039717,9.173205111556134,0.4194741863016459,0.3205804305841464,0.27053055372713675,14.950000000000001,2.9119115469120063,1.4621145153340376,-2.518223580440979,14.950000000000001,0.0007484620446638644,2.5008829151554064,9.173205111556134,0.008111780058823001,-0.00040353670517529985,-0.008101736471293964,14.950000000000001,2.6362091363634725,1.3462730737235338,-2.266527613247461,0.5782172325201137,0.0
15.0,6.606489113142857e-05,0.22296900756857144,9.203884727313847,0.41784750397867726,0.4177046420045802,-0.010925595134189664,15.0,2.8859970768561096,2.016068549171087,-2.0650536875987506,15.0,0.0011326892884354896,3.822826348469777,9.203884727313847,0.009276659106444074,-0.006590871381271331,-0.006528155835510537,15.0,2.5974447646548793,1.8424234997089135,-1.8309000390937242,0.5000000000000001,0.0
15.05,0.00016275189747429813,0.5547988604479669,9.23456434307156,0.4131125147190255,0.30199692783279686,-0.28188615680275886,15.05,2.857141841642936,2.4355964461493933,-1.4936965738633923,15.05,0.001448527271162643,4.937830475959575,9.23456434307156,0.009564933965345732,-0.00954096492806718,-0.0006767200328174606,15.05,2.5556759655463517,2.2054349873468415,-1.2913311571621409,0.4217827674798836,0.0
15.100000000000001,0.0008666567222102619,2.9838566283905443,9.265243958829272,0.405120193268012,0.04000168911269923,-0.4031404666634725,15.100000000000001,2.825438790726033,2.696773115555676,-0.8429229640693877,15.100000000000001,0.0016738717179031837,5.763058305026486,9.265243958829272,0.008953078438939178,-0.007207691429876983,0.0053110072289044635,15.100000000000001,2.511024022809232,2.4151911379421875,-0.687090540125959,0.3454915028125242,0.0
15.15,0.0005923274566898107,2.059680051973019,9.295923574586986,0.3934346371889698,-0.22739660327159836,-0.3210632314055218,15.15,2.7909843940027033,2.7866277149081276,-0.1558841431080922,15.15,0.00179250812594281,6.233027337001135,9.295923574586986,0.007557526182816561,-0.0015707708334679476,0.007392488146266064,15.15,2.46361397146822,2.462865376329523,-0.0607283993750222,0.27300475013022607,0.0
15.200000000000001,0.0007377044558082647,2.590676409543111,9.326603190344699,0.37738699031527523,-0.3659236250855092,-0.09230840191175103,15.200000000000001,2.753878494391973,2.7037735860996626,0.5229293996175487,15.200000000000001,0.0017952999064192831,6.304748573762492,9.326603190344699,0.005629690569783897,0.0030994502898515804,0.004699662095539709,15.200000000000001,2.4135743494757116,2.351213640467987,0.5451014193013799,0.20610737385376204,0.0
15.25,0.0014415212767426998,5.11246782681773,9.357282806102411,0.3562077380499025,-0.3206359267026906,0.15516621782506265,15.25,2.714224161264161,2.458208098510324,1.150750077996258,15.25,0.0016808452224205757,5.9612488973475735,9.357282806102411,0.0036425215125722994,0.003642515859359358,-6.417465819890007e-06,15.25,2.361036947021291,2.0939913214131014,1.0907317777740921,0.1464466094067263,0.0
15.3,0.0012866140906179953,4.608107434833329,9.387962421860124,0.32920433744444255,-0.13841950940395645,0.2986896971919226,15.3,2.6721275451623097,2.0703174998100047,1.6893936982230056,15.3,0.0014556250617276053,5.213433241707173,9.387962421860124,0.002725871784149173,0.0003462262182165706,-0.0027037944428968796,15.3,2.3061365542728307,1.7145644208488584,1.542249867470438,0.09549150281252565,0.0
15.350000000000001,0.0008579744991226958,3.1031267800399,9.418642037617836,0.29594905833113255,0.06969044032623471,0.2876266462868481,15.350000000000001,2.6276977343917713,1.569180148026461,2.1077165479179834,15.350000000000001,0.0011336118718010743,4.100053511093938,9.418642037617836,0.003755355099557715,-0.003523309977263443,-0.0012996071436745856,15.350000000000001,2.249010708494282,1.2438468567483711,1.873738019008834,0.054496737905815086,0.0
15.4,0.002370285473249208,8.656908303671045,9.44932165337555,0.2564587272548029,0.1993250175656957,0.16137105117581801,15.4,2.5810466141988178,0.9903111951239679,2.3835027504660697,15.4,0.0007353637890327271,2.6857426935878244,9.44932165337555,0.005310180872996583,-0.004462822065622672,0.0028777143907153372,15.4,2.1897994416560174,0.7177455377361959,2.0688312975534724,0.024471741852423023,0.0
15.450000000000001,0.0022823097858525104,8.41705264810774,9.480001269133263,0.21139088845011542,0.21104950632037092,0.01200889677101338,15.450000000000001,2.532288729416542,0.373029260230525,2.5046627278222333,15.450000000000001,0.00028666671831287135,1.057213562968808,9.480001269133263,0.0065016917244053694,-0.0014782849812994703,0.006331403382605289,15.450000000000001,2.1286450298563375,0.17432843387659228,2.1214945817216275,0.0061558297024308685,0.0
15.5,0.0006913282886501708,2.574420130897155,9.510680884890975,0.16240737823371734,0.1413421466930306,-0.07999096244548841,15.5,2.4815411516310832,-0.24235172661190788,2.4696785474726766,15.5,-0.0001831826037064782,-0.6821491183774615,9.510680884890975,0.007059618376606406,0.0032894699371643792,0.006246406899635233,15.5,2.0656917461200894,-0.3490539793181793,2.0359871584837683,3.749399456654644e-33,0.0
15.55,0.0013874450636890405,5.216833501947007,9.541360500648688,0.11340988641428597,0.06406854451531756,-0.09357897167734863,15.55,2.4289233521188396,-0.8172958678874456,2.2872901247551276,15.55,-0.0006433351533945351,-2.4189587530660064,9.541360500648688,0.006920227827260837,0.0064027687898039875,0.0026256627745213632,15.55,2.001085618449123,-0.8184676049384122,1.8260488580622063,0.0,0.0
15.600000000000001,0.0012566236239226977,4.770666031838114,9.5720401164064,0.07604857429612588,0.03256725790801111,-0.06872233526901182,15.600000000000001,2.374557082031896,-1.3175839438922514,1.9754730791952528,15.600000000000001,-0.0010634562819872258,-4.037322444236817,9.5720401164064,0.006137741791844337,0.005839793644903351,-0.0018890962093813454,15.600000000000001,1.934974195392516,-1.205710075584253,1.5134029042094275,0.0,0.0
15.65,0.0013882797385480464,5.321327777739956,9.602719732164113,0.07800670196135905,0.04344602862670944,-0.06478802472259391,15.65,2.318566261571781,-1.7154421981066574,1.5598101083958722,15.65,-0.0014157601251931693,-5.426661119960066,9.602719732164113,0.0048587756241941435,0.00242694824295838,-0.004209230665129249,15.65,1.8675063219137116,-1.4900771132731445,1.1257220167018376,0.0,0.0
15.700000000000001,0.000733033634044336,2.8367617291527383,9.633399347921827,0.11752774855459448,0.04619578226734924,-0.10806813305049573,15.700000000000001,2.2610768801995715,-1.9911233854753685,1.071399235572872,15.700000000000001,-0.0016768740938440582,-6.4893233176484655,9.633399347921827,0.003325516060380454,-0.0010175913169688088,-0.003166001418110551,15.700000000000001,1.798831929000909,-1.6594651301208032,0.6942418819880264,0.0,0.0
15.75,-0.00020005102102514725,-0.7815962133480469,9.66407896367954,0.16755924805875552,-0.010160491262954341,-0.16725090740355042,15.75,2.202216910293617,-2.133848718157299,0.5444712738075503,15.75,-0.001829407788347961,-7.147467644578791,9.66407896367954,0.00200431163315522,-0.001992468326149582,-0.00021756629355676634,15.75,1.7291018413584858,-1.710753657834043,0.25122718801266003,0.0,0.0
15.8,-0.0002978647868521736,-1.1748716531584706,9.694758579437252,0.2172228699184014,-0.1284202028073168,-0.17519710821390388,15.8,2.142116237097142,-2.142071116064554,0.013903487230715154,15.8,-0.001863121100212149,-7.348730913019983,9.694758579437252,0.0019212516938234066,-0.000180686334754227,0.0019127363957044347,15.8,1.6584676087196002,-1.6494720766188962,-0.17250123949309762,0.0,0.0
15.850000000000001,-0.0003570300939526013,-1.4216497855314174,9.725438195194965,0.2625629200155178,-0.24936074089315952,-0.0822101445582584,15.850000000000001,2.0809066083114853,-2.0230729447300373,-0.48718392093309604,15.850000000000001,-0.0017756136470044605,-7.0702744760380645,9.725438195194965,0.002907058588278568,0.0025226748038166347,0.00144468040405928,15.850000000000001,1.5870813679617475,-1.4888133169082116,-0.5497837537869782,0.0,0.0
15.9,-0.0003279542327030223,-1.318270742157452,9.756117810952677,0.30165038104415115,-0.2855573437271643,0.09721088327737652,15.9,2.0187216073040393,-1.7919610043717562,-0.929576616856928,15.9,-0.0015724901362405542,-6.320905578353295,9.756117810952677,0.003866037472188132,0.00368252955572312,-0.001176954462835536,15.9,1.5150957454757286,-1.2481079085593882,-0.8589189522592706,0.0,0.0
15.950000000000001,-0.0003231512421608515,-1.3112572179470254,9.786797426710391,0.3335279678455617,-0.18217969888274294,0.27937691860671515,15.950000000000001,1.9556966546334245,-1.4701641268514043,-1.289715800113969,15.950000000000001,-0.0012669915560831783,-5.141096818575891,9.786797426710391,0.004444084630230595,0.0022549571035509154,-0.0038294982258511453,15.950000000000001,1.4426638124125213,-0.9509109201344602,-1.0849181064088038,0.0,0.0
16.0,-0.001619475273327455,-6.633370719549256,9.817477042468104,0.35794193949036096,0.03629386891495913,0.35609715967037003,16.0,1.8919690434712073,-1.0835712453118163,-1.5509417196615594,16.0,-0.0008791178680359196,-3.600866787475127,9.817477042468104,0.004555993672919584,-0.00073306836962537,-0.004496630862450028,16.0,1.3699391099302867,-0.6228790508435121,-1.2201454228643696,0.0,0.0
16.05,-0.002234250020816213,-9.237551675346303,9.848156658225816,0.37523111034556467,0.2675925313287217,0.2630449074744699,16.05,1.8276780155451846,-0.6604680568640595,-1.7041680886489448,16.05,-0.0004343017437783638,-1.7956292999742391,9.848156658225816,0.0042186242627045975,-0.003157588914608531,-0.0027975744701832735,16.05,1.29707576802282,-0.28962383321769075,-1.2643273243999276,0.0,0.0
16.1,-0.0011302491645641946,-4.7168473637416275,9.878836273983529,0.3862250243785358,0.38521807451729706,0.027871213130876166,16.1,1.7629648854708808,-0.22943730873006649,-1.7479713123406975,16.1,3.8277083910476305e-05,0.1597410270189965,9.878836273983529,0.0035124697752702246,-0.0035107097487737547,-0.00011117995346186098,16.1,1.224228750918145,0.0252805643114263,-1.2239676987742356,0.0,0.0
16.150000000000002,-0.0010070778395805953,-4.2420972409962605,9.909515889741241,0.3921078520502933,0.3135820498184662,-0.23540362289298714,16.150000000000002,1.6979732228008946,0.18261866317943887,-1.6881242517088044,16.150000000000002,0.0005076151941327152,2.1382190431426347,9.909515889741241,0.0025638206007293847,-0.001959613130308737,0.0016532067179412186,16.150000000000002,1.1515542759434905,0.301978812546022,-1.1112542675810209,0.0,0.0
16.2,-0.0008768452548468776,-3.727932152648635,9.940195505498954,0.3942378502437247,0.0783448284440596,-0.3863749091502506,16.2,1.63284910282526,0.5521931090071239,-1.536645360179864,16.2,0.0009429280115173783,4.008884842950455,9.940195505498954,0.001545855216004875,-1.0623492516765334e-05,0.001545818711963413,16.2,1.0792104736421932,0.5255837970019818,-0.9425799269812544,0.0,0.0
16.25,-0.0002777325622832913,-1.1917547643288886,9.970875121256668,0.3939336289051935,-0.20113214909302363,-0.3387175262422014,16.25,1.5677414391033841,0.8605164367763798,-1.3104673524814088,16.25,0.0013156969319334895,5.645676092691165,9.970875121256668,0.0008169174786725678,0.0008023589339949732,0.00015353927184663711,16.25,1.007358388837073,0.6869161261832276,-0.7368291247975012,0.0,0.0
16.3,0.00010704358317805738,0.46357867671762254,,,,,16.3,1.5028024128713222,1.094448891923471,-1.0298527637965316,16.3,0.0016015662022618859,6.935978025747056,,,,,16.3,0.936163471953504,0.7827043128226873,-0.5135912819633954,0.0,
16.35,0.0006223107304949756,2.719947745132351,,,,,16.35,1.4381880167601995,1.2468890950030256,-0.7166954418127494,16.35,0.0017819608317979814,7.788456969893467,,,,,16.35,0.8657977885325524,0.8152647422075564,-0.2914604788665265,0.0,
16.400000000000002,0.0012119607193409711,5.345890863212742,,,,,16.400000000000002,1.3740587324922386,1.3167037580621235,-0.39284680709311953,16.400000000000002,0.0018453162594868984,8.13958668288618,,,,,16.400000000000002,0.7964433018733914,0.7917250866870222,-0.08656396599865966,0.0,
16.45,0.001688908831293333,7.51802756072989,,,,,16.45,1.3105803640236529,1.3082216305176757,-0.07859424921738437,16.45,0.0017878367405601645,7.958396356613254,,,,,16.45,0.7282967930149087,0.7228915604860949,0.08856641854438578,0.0,
16.5,0.0022226239772802606,9.98430473394009,,,,,16.5,1.2479250483205577,1.2303666387380379,0.20860215844120267,16.5,0.0016137315412163005,7.249083799586274,,,,,16.5,0.6615773337177927,0.6218863881099581,0.22570309872195887,0.0,
,,,,,,,16.55,1.1862724644562028,1.0955289312890804,0.4550370541347139,,,,,,,,16.55,0.5965378282675199,0.5026952088215224,0.3211773771329716,,
,,,,,,,16.6,1.1258112561366642,0.9182865776553462,0.651306952014214,,,,,,,,16.6,0.5334831758567502,0.3787641900950541,0.37568868391773796,,
,,,,,,,16.650000000000002,1.0667406701039972,0.7140943466095747,0.7924676153598768,,,,,,,,16.650000000000002,0.47279938843278607,0.2617739319374914,0.3937177545658846,,
,,,,,,,16.7,1.0092723884998378,0.498049583533448,0.8778253622049925,,,,,,,,16.7,0.41500096328426506,0.16069350441088764,0.3826269686875403,,
,,,,,,,16.75,0.95363249033897,0.2838298410539422,0.9104150415922397,,,,,,,,16.75,0.3608081681043059,0.08118581004908475,0.35155568323874237,,
,,,,,,,16.8,0.9000634061796366,0.08287444165198529,0.8962399020711816,,,,,,,,16.8,0.31126970145645044,0.025398211915805068,0.3102317808933631,,
,,,,,,,16.85,0.8488256187852767,-0.09614506056577611,0.8433629458513169,,,,,,,,16.85,0.2679375437496128,-0.007866323840891488,0.2678220459555298,,
,,,,,,,16.900000000000002,0.8001986983416804,-0.2475498274839759,0.7609448335722988,,,,,,,,16.900000000000002,0.2330359848229368,-0.022638794091367372,0.23193373024311212,,
,,,,,,,16.95,0.7544810360632946,-0.36858702300763113,0.6583200135568678,,,,,,,,16.95,0.20935800943082603,-0.025006583587770227,0.20785919967638117,,
,,,,,,,17.0,0.7119873650028347,-0.4591098071754877,0.5441913201062345,,,,,,,,17.0,0.19936299558059148,-0.022163587537133624,0.1981271798475685,,
,,,,,,,17.05,0.6730428818092891,-0.5210625556871241,0.42600532134582003,,,,,,,,17.05,0.2035185808311801,-0.021395490295086528,0.2023908242449999,,
,,,,,,,17.1,0.6379726283171376,-0.5578431464529036,0.3095482166600238,,,,,,,,17.1,0.21958594392293765,-0.029109382550108004,0.21764795109552257,,
,,,,,,,17.150000000000002,0.6070849692580897,-0.5736198207444376,0.1987774160920073,,,,,,,,17.150000000000002,0.24393664138010432,-0.050007953041040526,0.23875571122059197,,
,,,,,,,17.2,0.5806487886348174,-0.5726780405655518,0.09587949518578551,,,,,,,,17.2,0.2732244026733972,-0.08649009800219751,0.2591737586327076,,
,,,,,,,17.25,0.558865626891054,-0.5588635508911919,0.0015232877663159717,,,,,,,,17.25,0.305021820670886,-0.13833403018718546,0.271849236117288,,
,,,,,,,17.3,0.5418402584681422,-0.5351727717948488,-0.08474060435376848,,,,,,,,17.3,0.33772938954299525,-0.20268855174327735,0.2701453156234566,,
,,,,,,,17.35,0.5295554219494879,-0.5035224376734518,-0.1639942062253573,,,,,,,,17.35,0.3703176760439924,-0.27436615452921104,0.2487134786043498,,
,,,,,,,17.400000000000002,0.521857284572022,-0.4647091243778161,-0.23744568890777484,,,,,,,,17.400000000000002,0.40211785816819073,-0.3464011618645285,0.20421803768687496,,
,,,,,,,17.45,0.5184566341691259,-0.41854812192967333,-0.3059652776756247,,,,,,,,17.45,0.4326858651915164,-0.41081012472747436,0.1358385046955688,,
,,,,,,,17.5,0.518946818746765,-0.3641620832759366,-0.3697185115618605,,,,,,,,17.5,0.4617198270225167,-0.4594725263581164,0.045499408653220205,,
,,,,,,,17.55,0.5228347365662722,-0.3003747823195811,-0.42793825711986483,,,,,,,,17.55,0.48901041029910813,-0.485039207729665,-0.06219443983091183,,
,,,,,,,17.6,0.5295779740337185,-0.22615547674971828,-0.4788596150415751,,,,,,,,17.6,0.5144105676426735,-0.4817746201483698,-0.18030931058420555,,
,,,,,,,17.650000000000002,0.5386207892700062,-0.14105556811323258,-0.519822740304902,,,,,,,,17.650000000000002,0.5378167121167019,-0.44624694426769873,-0.30018407779854156,,
,,,,,,,17.7,0.5494236423799432,-0.04558164942157153,-0.5475295901063729,,,,,,,,17.7,0.5591567076615981,-0.3777963090472501,-0.4122210239583039,,
,,,,,,,17.75,0.5614839152337382,0.05854280913058914,-0.5584236085314688,,,,,,,,17.75,0.5783820087335008,-0.278734054170628,-0.5067870115464728,,
,,,,,,,17.8,0.5743479754787774,0.1682619458050594,-0.5491479896443813,,,,,,,,17.8,0.5954623828135495,-0.15425287658935152,-0.5751360703432714,,
,,,,,,,17.85,0.587616197824358,0.2792366714201922,-0.5170296676978282,,,,,,,,17.85,0.6103822771188745,-0.01205610979452742,-0.6102632009530353,,
,,,,,,,17.900000000000002,0.6009430185403782,0.38605905856332173,-0.4605332939469448,,,,,,,,17.900000000000002,0.6231382546377283,0.13825845830026873,-0.6076066845430416,,
,,,,,,,17.95,0.61403393082135,0.48261470516199684,-0.3796323413005237,,,,,,,,17.95,0.6337371397000386,0.28600149803861696,-0.565531524633997,,
,,,,,,,18.0,0.6266408923983656,0.5625599485610467,-0.2760527346374465,,,,,,,,18.0,0.6421946431905132,0.42030571805208294,-0.4855482088478069,,
,,,,,,,18.05,0.6385571493122392,0.6198683925027624,-0.15335712866969886,,,,,,,,18.05,0.6485343176457042,0.5310642520942105,-0.3722465867026803,,
,,,,,,,18.1,0.6496120914893454,0.6493934230680749,-0.016853827016140036,,,,,,,,18.1,0.6527867429521623,0.6098065213929301,-0.2329517938131112,,
,,,,,,,18.150000000000002,0.6596664751440798,0.6473909291410681,0.12666824106649419,,,,,,,,18.150000000000002,0.6549888758061236,0.6504310788032303,-0.07713520050298511,,
,,,,,,,18.2,0.6686081630667374,0.6119494812550812,0.26935981161100114,,,,,,,,18.2,0.6551835173647281,0.6497292781252471,0.08436413084517785,,
,,,,,,,18.25,0.6763484229330005,0.5432834022528402,0.4028527448591303,,,,,,,,18.25,0.6534188677428229,0.6076539433675859,0.2402350970031967,,
,,,,,,,18.3,0.6828187626689893,0.44385664122896407,0.5188764252591865,,,,,,,,18.3,0.6497481457232747,0.5273114951671429,0.3796251308006702,,
,,,,,,,18.35,0.6879682523469607,0.3183209004778219,0.6098951717765275,,,,,,,,18.35,0.6442292588420895,0.41468184960384824,0.49302160354020924,,
,,,,,,,18.400000000000002,0.6917612712448976,0.17326855510295283,0.6697101344663166,,,,,,,,18.400000000000002,0.6369245139025115,0.2780953639004964,0.5730059380032645,,
,,,,,,,18.45,0.6941756182202712,0.0168179155561877,0.6939718630087539,,,,,,,,18.45,0.6279003616374396,0.12751782817328117,0.6148154744656293,,
,,,,,,,18.5,0.6952009282769107,-0.14193628263173863,0.6805574350117422,,,,,,,,18.5,0.617227172138468,-0.026288985558635552,0.6166670667907829,,
,,,,,,,18.55,0.6948373451325304,-0.2935620342353883,0.6297779515403853,,,,,,,,18.55,0.6049790401380258,-0.17265384646424556,0.5798191858738617,,
,,,,,,,18.6,0.6930944070573039,-0.4289656856156495,0.5443971874086156,,,,,,,,18.6,0.5912336215350702,-0.30184985940286646,0.5083737381218116,,
,,,,,,,18.650000000000002,0.689990110398195,-0.540047674648546,0.4294588007644174,,,,,,,,18.650000000000002,0.5760720049340701,-0.4058407838910446,0.4088425283644813,,
,,,,,,,18.7,0.6855501216482406,-0.6202839826683164,0.29193620902013706,,,,,,,,18.7,0.5595786246699399,-0.47885701123477803,0.2895240922251499,,
,,,,,,,18.75,0.6798071145447181,-0.66518568802274,0.14023449445599837,,,,,,,,18.75,0.541841225111825,-0.5177557516240642,0.15975260527103682,,
,,,,,,,18.8,0.6728002135014828,-0.672599964759498,-0.016413856742483326,,,,,,,,18.8,0.522950890360249,-0.5221411539563573,0.02909036049451384,,
,,,,,,,18.85,0.6645745287788684,-0.6428299129698896,-0.16860903680639167,,,,,,,,18.85,0.5030021593107242,-0.49424290705523677,-0.09346186974825486,,
,,,,,,,18.900000000000002,0.6551807722728216,-0.5785664074244133,-0.30744553429187843,,,,,,,,18.900000000000002,0.4820932542302633,-0.4385741481954323,-0.20016648647807223,,
,,,,,,,18.95,0.6446749457680474,-0.4846412425477155,-0.42512192571407237,,,,,,,,18.95,0.4603264626384798,-0.36140913744429604,-0.2851032928203841,,
,,,,,,,19.0,0.6331180960415902,-0.3676257740970933,-0.5154510779451733,,,,,,,,19.0,0.43780872915005487,-0.27013635406164027,-0.3445327757039528,,
,,,,,,,19.05,0.6205761333995273,-0.2353116916833338,-0.5742326576416876,,,,,,,,19.05,0.41465253868394275,-0.17255211402191678,-0.37704442149912,,
,,,,,,,19.1,0.6071197121329802,-0.09611944228675141,-0.5994625907218203,,,,,,,,19.1,0.39097720914584205,-0.07616276132556063,-0.3834871730041791,,
,,,,,,,19.150000000000002,0.5928241730136293,0.0415155436629846,-0.5913687172514795,,,,,,,,19.150000000000002,0.3669107665226913,0.012440141809357728,-0.3666998138287392,,
,,,,,,,19.200000000000003,0.5777695492975846,0.1697285927213491,-0.5522769748127877,,,,,,,,19.200000000000003,0.342592657480044,0.08807686567917723,-0.33107732433884823,,
,,,,,,,19.25,0.5620406387005171,0.2817376079712363,-0.48632663900462125,,,,,,,,19.25,0.31817767702134286,0.14730863481483378,-0.2820234037516885,,
,,,,,,,19.3,0.545727144301509,0.37224331392814586,-0.3990651967577127,,,,,,,,19.3,0.2938416678005516,0.1885766074289264,-0.22534815035053274,,
,,,,,,,19.35,0.5289238870746287,0.4376915210399466,-0.2969623052306009,,,,,,,,19.35,0.26978979676668224,0.21214797812744812,-0.1666726426737259,,
,,,,,,,19.400000000000002,0.5117310913274514,0.47638413849503275,-0.1868872987164455,,,,,,,,19.400000000000002,0.24626852111345643,0.2198855264640581,-0.11089878152185866,,
,,,,,,,19.450000000000003,0.494254741119327,0.48843941776597055,-0.07559553089550082,,,,,,,,19.450000000000003,0.22358260587361925,0.21487371706126135,-0.06179374859575329,,
,,,,,,,19.5,0.4766069998209027,0.4756149982670252,0.03073443836707568,,,,,,,,19.5,0.2021183337017908,0.20094738416850946,-0.021724861661744643,,
,,,,,,,19.55,0.4589066750697896,0.44101857109971954,0.1268777221137386,,,,,,,,19.55,0.18237216081981003,0.1821769407670725,0.008436071054537397,,
,,,,,,,19.6,0.44127969576014475,0.3887394099550777,0.20882873614027336,,,,,,,,19.6,0.164977773542557,0.16236629824070214,0.029237834370393748,,
,,,,,,,19.650000000000002,0.423859544278329,0.32343897017587353,0.27394186581718966,,,,,,,,19.650000000000002,0.15070956345162748,0.14461619937500386,0.04242083679171424,,
,,,,,,,19.700000000000003,0.40678755374824177,0.24993991009000424,0.3209457200659938,,,,,,,,19.700000000000003,0.1404176578622914,0.13099695479305684,0.05056596161922911,,
,,,,,,,19.75,0.3902129349591349,0.17285029685464273,0.34984126327047804,,,,,,,,19.75,0.13484534926454078,0.12236163684987097,0.056664786646525744,,
,,,,,,,19.8,0.3742923413647401,0.0962538310956139,0.36170423940523033,,,,,,,,19.8,0.13435493389429917,0.11831502791495718,0.06366162447836532,,
,,,,,,,19.85,0.35918871814676684,0.02348837452643193,0.35841990947214913,,,,,,,,19.85,0.1387327255918061,0.11733669426833926,0.07401938481445018,,
,,,,,,,19.900000000000002,0.3450691262512258,-0.04297516646611396,0.3423825885745276,,,,,,,,19.900000000000002,0.1472520138304674,0.11704019669813354,0.08935741678221443,,
,,,,,,,19.950000000000003,0.33210121028896256,-0.1015523901313938,0.31619349445236045,,,,,,,,19.950000000000003,0.1589426615005471,0.11453629720959496,0.11020075438214036,,
,,,,,,,20.0,0.32044802985139986,-0.15147253068108651,0.2823880526592989,,,,,,,,20.0,0.17285400600132456,0.10685746874164215,0.1358675412482132,,
,,,,,,,20.05,0.3102611443164269,-0.19263119229101144,0.24321842329289536,,,,,,,,20.05,0.18818966458511166,0.09139506676882218,0.1645062054360849,,
,,,,,,,20.1,0.3016721658756742,-0.22539326309979746,0.20050928311014865,,,,,,,,20.1,0.204332938719321,0.06629970520560317,0.19327777662039655,,
,,,,,,,20.150000000000002,0.2947834595034536,-0.250374258977529,0.15559568900929582,,,,,,,,20.150000000000002,0.22082172840685382,0.03079969873818792,0.2186632440402986,,
,,,,,,,20.200000000000003,0.2896591702663415,-0.26822887145651864,0.1093421576362377,,,,,,,,20.200000000000003,0.23731206068454067,-0.014598620186523022,0.2368626066625814,,
,,,,,,,20.25,0.2863181046041185,-0.2794729309021203,0.06223293273720637,,,,,,,,20.25,0.2535459599807864,-0.06805229448569183,0.24424258235985635,,
,,,,,,,20.3,0.284729964303733,-0.2843597138509307,0.014515705667375303,,,,,,,,20.3,0.2693271874728863,-0.12647348110114984,0.2377847608452071,,
,,,,,,,20.35,0.28481591654821736,-0.28282415637886116,-0.033624438847163,,,,,,,,20.35,0.28450402574920153,-0.18576441458086212,0.2154857836214071,,
,,,,,,,20.400000000000002,0.28645358778128815,-0.27449991267259777,-0.08188684812293331,,,,,,,,20.400000000000002,0.29895735099521503,-0.24117350970345308,0.17666588785443169,,
,,,,,,,20.450000000000003,0.28948560941045803,-0.2588052570876465,-0.12969871610598716,,,,,,,,20.450000000000003,0.312592412226256,-0.28773784289782534,0.12215134033622371,,
,,,,,,,20.5,0.29373018129710304,-0.235085518317855,-0.17610286335563788,,,,,,,,20.5,0.32533314049262124,-0.32076812421607565,0.054308956809092826,,
,,,,,,,20.55,0.2989919588582505,-0.2027929219052093,-0.2197071284392963,,,,,,,,20.55,0.3371181713759153,-0.3363275797084986,-0.02307424103333701,,
,,,,,,,20.6,0.3050718703226072,-0.1616800994527361,-0.25870522125207873,,,,,,,,20.6,0.34789802990865865,-0.3316563486853688,-0.10505762985626045,,
,,,,,,,20.650000000000002,0.31177501916048833,-0.1119815609689229,-0.29097043247637083,,,,,,,,20.650000000000002,0.35763310956466415,-0.305498014605329,-0.18593655942039286,,
,,,,,,,20.700000000000003,0.3189163858595095,-0.0545583037283548,-0.31421497842078777,,,,,,,,20.700000000000003,0.36629219871937724,-0.2582942081939072,-0.2597192269666577,,
,,,,,,,20.75,0.32632446026078255,0.009015662878011935,-0.326199894523835,,,,,,,,20.75,0.37385138843432014,-0.19222590283899327,-0.32064632059638987,,
,,,,,,,20.8,0.33384316598283453,0.07644014931566143,-0.3249740959615732,,,,,,,,20.8,0.3802932486148848,-0.11109479888096496,-0.36370441378083457,,
,,,,,,,20.85,0.34133251148540417,0.14475658114927434,-0.3091171551546551,,,,,,,,20.85,0.38560619497457294,-0.020053604245909382,-0.3850843940742299,,
,,,,,,,20.900000000000002,0.3486683751098119,0.2104957723949665,-0.27795892791123467,,,,,,,,20.900000000000002,0.3897839929913707,0.07479144585535889,-0.38254124067760564,,
,,,,,,,20.950000000000003,0.35574175691307885,0.26989605776923753,-0.23175054608830697,,,,,,,,20.950000000000003,0.3928253611637851,0.16687023804470313,-0.35562070809833657,,
,,,,,,,21.0,0.36245774453796903,0.3191743714192063,-0.17176535507693685,,,,,,,,21.0,0.3947336469531726,0.24968621706247934,-0.3057310011202337,,
,,,,,,,21.05,0.3687343631888785,0.3548267032680959,-0.10031471100592566,,,,,,,,21.05,0.39551655651804757,0.3173527235531526,-0.23605210300543866,,
,,,,,,,21.1,0.37450141849562657,0.3739304746367631,-0.020671540657664453,,,,,,,,21.1,0.39518592480842707,0.36507952993949294,-0.15129062094475876,,
,,,,,,,21.150000000000002,0.37969939629808247,0.3744201557254513,0.0630965810140064,,,,,,,,21.150000000000002,0.39375751652608654,0.3895656813474599,-0.0573023711296545,,
,,,,,,,21.200000000000003,0.38427845275569217,0.355309037269489,0.14637423710112926,,,,,,,,21.200000000000003,0.39125085136297616,0.3892636811313048,0.03938293087569166,,
,,,,,,,21.25,0.38819750839178574,0.3168343287968522,0.22430629419933526,,,,,,,,21.25,0.38768904914418645,0.36449221644343965,0.13209172183930434,,
,,,,,,,21.3,0.3914234476398863,0.2605092865581318,0.29214247719095554,,,,,,,,21.3,0.38309869226434556,0.3173887989300664,0.2145436047249641,,
,,,,,,,21.35,0.393930418679011,0.18907425486693516,0.3455894976806068,,,,,,,,21.35,0.37750970429587927,0.25170851920856385,0.2813474687915181,,
,,,,,,,21.400000000000002,0.39569922498204063,0.1063475560323268,0.3811404911280599,,,,,,,,21.400000000000002,0.37095524500719157,0.17248915761361783,0.3284132827765802,,
,,,,,,,21.450000000000003,0.39671679876378724,0.016986225032065445,0.3963529823030821,,,,,,,,21.450000000000003,0.3634716233848351,0.08561482897684418,0.35324456409868943,,
,,,,,,,21.5,0.3969757465369871,-0.07382520374754901,0.3900507436606564,,,,,,,,21.5,0.35509823173307664,-0.0026809404377218077,0.3550881112320253,,
,,,,,,,21.55,0.39647395770496996,-0.16073306346169902,0.36243134722104237,,,,,,,,21.55,0.3458775056704889,-0.08632708012535353,0.3349311633244507,,
,,,,,,,21.6,0.3952142681897339,-0.23859093433336798,0.31506933179012736,,,,,,,,21.6,0.3358549170368464,-0.15989581466383226,0.2953503914858018,,
,,,,,,,21.650000000000002,0.3932041723042808,-0.30282318720592466,0.2508139517808769,,,,,,,,21.650000000000002,0.32507900960734015,-0.2190104864589765,0.24023065855192507,,
,,,,,,,21.700000000000003,0.39045557730930663,-0.3497459213377043,0.1735895974981919,,,,,,,,21.700000000000003,0.31360149142690463,-0.2606462251953984,0.17438302875156345,,
,,,,,,,21.75,0.38698459628430026,-0.37681927429909745,0.08811533509000803,,,,,,,,21.75,0.3014774030199835,-0.28330021969479374,0.10310000025487455,,
,,,,,,,21.8,0.3828113760633866,-0.3828111310015046,-0.000433156891292412,,,,,,,,21.8,0.2887653884286092,-0.28702117357479406,0.03169062123205338,,
,,,,,,,21.85,0.3779599580272677,-0.36786003009676205,-0.08679129062978169,,,,,,,,21.85,0.2755281070659699,-0.2733010114371909,-0.034961334796672815,,
,,,,,,,21.900000000000002,0.3724581705038048,-0.3334338253927815,-0.1659728075890067,,,,,,,,21.900000000000002,0.2618328403558046,-0.24484473409012794,-0.09277657288951134,,
,,,,,,,21.950000000000003,0.366337552411499,-0.28218959112502245,-0.2336070139519369,,,,,,,,21.950000000000003,0.24775237045013582,-0.20524527547324908,-0.13876459908626346,,
,,,,,,,22.0,0.35963330857785,-0.21774854261529783,-0.28621965136510963,,,,,,,,22.0,0.23336624246311907,-0.15859827354658773,-0.1711910942467423,,
,,,,,,,22.05,0.35238429786184877,-0.14440663177628008,-0.3214364915167816,,,,,,,,22.05,0.21876257150415243,-0.10909611829317238,-0.1896182999197903,,
,,,,,,,22.1,0.34463305577050574,-0.06680636746170701,-0.3380959218865083,,,,,,,,22.1,0.2040406275623291,-0.060641135366049884,-0.19482102144672558,,
,,,,,,,22.150000000000002,0.33642585361629535,0.01040210041663827,-0.33626500158115646,,,,,,,,22.150000000000002,0.1893145311224248,-0.016514351688049832,-0.18859286275579717,,
,,,,,,,22.200000000000003,0.32781279630260834,0.08288267781486393,-0.31716193204414184,,,,,,,,22.200000000000003,0.17471852056174214,0.020870599738617986,-0.173467517114399,,
,,,,,,,22.25,0.31884796036736707,0.146892431692811,-0.28299582212782387,,,,,,,,22.25,0.16041438547941836,0.05010848010489585,-0.15238738560102894,,
,,,,,,,22.3,0.3095895726846155,0.19949750431317073,-0.23674131301456292,,,,,,,,22.3,0.14660170256919014,0.07082969195967663,-0.1283558098922001,,
,,,,,,,22.35,0.3001002278117886,0.23871169658265692,-0.18187048316677706,,,,,,,,22.35,0.1335311778636062,0.08361694474687312,-0.10410947129267537,,
,,,,,,,22.400000000000002,0.2904471377947334,0.26355107159860375,-0.12206708201796461,,,,,,,,22.400000000000002,0.1215199855445648,0.08982567867172374,-0.08184408554022381,,
,,,,,,,22.450000000000003,0.28070240151069026,0.27400571965521964,-0.06094837003640017,,,,,,,,22.450000000000003,0.11096410545312711,0.09133199006967409,-0.06301984043875127,,
,,,,,,,22.5,0.2709432703263748,0.27093717276622264,-0.001817731717557287,,,,,,,,22.5,0.10233469425674252,0.09023853271365886,-0.04826382560787003,,
,,,,,,,22.55,0.2612523717962807,0.2559161812620799,0.052532941450259156,,,,,,,,22.55,0.09613540876221836,0.08857230634925418,-0.03737597310910683,,
,,,,,,,22.6,0.2517178321969318,0.23102011535612166,0.09995785785403237,,,,,,,,22.6,0.09279967707176273,0.08800810531956813,-0.029433882901908306,,
,,,,,,,22.650000000000002,0.24243321129923875,0.19861175643998225,0.13902241597917409,,,,,,,,22.650000000000002,0.09254659062332657,0.08964776971065173,-0.022981488679098896,,
,,,,,,,22.700000000000003,0.23349712981681767,0.16112153161193712,0.16899929492076396,,,,,,,,22.700000000000003,0.09527947395257985,0.0938786924843071,-0.016277876216424743,,
,,,,,,,22.75,0.22501243532542367,0.12085337653069636,0.18980268025559519,,,,,,,,22.75,0.10061170479899968,0.10032602363588812,-0.007576550928507878,,
,,,,,,,22.8,0.21708472503403967,0.07983065187562165,0.20187333866614957,,,,,,,,22.8,0.10800052973321052,0.10790263523788755,0.004597361349021537,,
,,,,,,,22.85,0.20982003936483012,0.03969333183038824,0.20603127997287585,,,,,,,,22.85,0.11688953919095922,0.11495025250138266,0.021203863377770568,,
,,,,,,,22.900000000000002,0.20332158144422502,0.0016516039203384016,0.20331487325198555,,,,,,,,22.900000000000002,0.12679270985881955,0.11945531310295371,0.042506698822869005,,
,,,,,,,22.950000000000003,0.19768542889579405,-0.033505286470641917,0.19482536943692488,,,,,,,,22.950000000000003,0.1373196104874452,0.11931509129362798,0.06797488075765115,,
,,,,,,,23.0,0.19299539987918782,-0.06535199649664147,0.18159389011866717,,,,,,,,23.0,0.1481684643412758,0.1126242206095076,0.09627917094238445,,
,,,,,,,23.05,0.1893174994017587,-0.09373377084585696,0.16448433294010492,,,,,,,,23.05,0.1591087092454309,0.09794950113752161,0.12538531247581483,,
,,,,,,,23.1,0.1866946417035877,-0.1186521565533677,0.1441407471399608,,,,,,,,23.1,0.16996353249105553,0.07456199156721349,0.15273543069755907,,
,,,,,,,23.150000000000002,0.18514251325257655,-0.1401466450072622,0.12098209829015574,,,,,,,,23.150000000000002,0.18059574941730322,0.04259972804978184,0.17549953811244634,,
,,,,,,,23.200000000000003,0.18464739766069946,-0.15818881930048811,0.09524158183895307,,,,,,,,23.200000000000003,0.19089732375573681,0.0031415214537295236,0.19087147261981913,,
,,,,,,,23.25,0.18516648126036822,-0.17260343557135804,0.06704237325237192,,,,,,,,23.25,0.20078187265301206,-0.041818573798655494,0.1963786324208842,,
,,,,,,,23.3,0.18663066444818224,-0.18302715563213756,0.036497468591387125,,,,,,,,23.3,0.2101793796772823,-0.08949628816718407,0.19017304237410607,,
,,,,,,,23.35,0.18894938876870032,-0.18891080044530756,0.0038185064067834547,,,,,,,,23.35,0.21903247161731984,-0.13653153750804636,0.1712727733426447,,
,,,,,,,23.400000000000002,0.19201663786886686,-0.18956554661783895,-0.030582556367044853,,,,,,,,23.400000000000002,0.22729378352713217,-0.17927276045079024,0.1397273823931172,,
,,,,,,,23.450000000000003,0.19571718301121846,-0.18424803287576588,-0.06601422655199006,,,,,,,,23.450000000000003,0.2349240776192576,-0.2141043675505763,0.09668837593540756,,
,,,,,,,23.5,0.1999322983174259,-0.1722744663452583,-0.10146148114405114,,,,,,,,23.5,0.241890885535606,-0.23778574700816418,0.0443749819714779,,
,,,,,,,23.55,0.2045444589186679,-0.15315003968065144,-0.13558576997659275,,,,,,,,23.55,0.248167516097222,-0.24776867226261615,-0.014064177582967706,,
,,,,,,,23.6,0.2094408350640514,-0.12669769193034558,-0.16677277431238718,,,,,,,,23.6,0.2537323201906838,-0.24246164516664837,-0.07478262453558306,,
,,,,,,,23.650000000000002,0.21451562595981782,-0.09316971286584504,-0.19322618452328985,,,,,,,,23.650000000000002,0.2585681380383399,-0.2214145149700709,-0.13354061018724697,,
,,,,,,,23.700000000000003,0.21967141174453866,-0.05332696506797214,-0.21310036117866604,,,,,,,,23.700000000000003,0.26266187688190434,-0.1854041602260764,-0.18605525775421686,,
,,,,,,,23.75,0.22481975236410462,-0.008473456334960626,-0.22466001333302915,,,,,,,,23.75,0.2660041826438826,-0.13641137170192835,-0.22836410150117376,,
,,,,,,,23.8,0.22988125607790635,0.03956166024480234,-0.22645146706221794,,,,,,,,23.8,0.26858917981154007,-0.0774894090950055,-0.2571683086811878,,
,,,,,,,23.85,0.23478530540570572,0.08849728939484795,-0.21746808824334443,,,,,,,,23.85,0.2704142612056721,-0.01253501053717492,-0.27012357574680956,,
,,,,,,,23.900000000000002,0.23946958436802185,0.13572572872845703,-0.19729219041442678,,,,,,,,23.900000000000002,0.27147991450937903,0.054018092402528806,-0.2660514793704625,,
,,,,,,,23.950000000000003,0.24387950927665644,0.1784815321521897,-0.16619734572377992,,,,,,,,23.950000000000003,0.27178957614636634,0.11755575715070288,-0.24505145921325672,,
,,,,,,,24.0,0.24796763107436162,0.21404049956196747,-0.1251982851635521,,,,,,,,24.0,0.2713495057890535,0.17365800064868947,-0.20850288511832,,
,,,,,,,24.05,0.2516930513829399,0.2399318191858995,-0.07604021473273231,,,,,,,,24.05,0.2701686767674953,0.21845780958127348,-0.15895691032242482,,
,,,,,,,24.1,0.2550208761517636,0.25414441601183413,-0.02112493983936862,,,,,,,,24.1,0.26825867916509516,0.24895201485844096,-0.0999280403356538,,
,,,,,,,24.150000000000002,0.2579217185705335,0.2553083999159199,0.03662285956544341,,,,,,,,24.150000000000002,0.26563363358586817,0.26323666510396854,-0.03560457045060928,,
,,,,,,,24.200000000000003,0.2603712551492485,0.2428341962891556,0.09394010656048313,,,,,,,,24.200000000000003,0.2623101145791032,0.26064651340844325,0.02949561422524451,,
,,,,,,,24.25,0.26234983423885566,0.21699533433865895,0.14744646621878962,,,,,,,,24.25,0.2583070836042558,0.24178726766065275,0.0908926104660432,,
,,,,,,,24.3,0.2638421337387686,0.17894565101000037,0.19388430962930808,,,,,,,,24.3,0.25364583229315607,0.20845926199182244,0.14450240250429258,,
,,,,,,,24.35,0.2648368635677912,0.13066739286978005,0.23035754110738246,,,,,,,,24.35,0.24834993769764918,0.16348121547392855,0.18695342666448556,,
,,,,,,,24.400000000000002,0.26532650814804665,0.07485282379377606,0.254549033972108,,,,,,,,24.400000000000002,0.2424452322865108,0.11043179560146482,0.21583444854493564,,
,,,,,,,24.450000000000003,0.26530710432394394,0.01472789360815219,0.2648979968867696,,,,,,,,24.450000000000003,0.23595979278413293,0.053333944214882995,0.2298532449307921,,
,,,,,,,24.5,0.26477805058855963,-0.046168269798354825,0.26072189577652305,,,,,,,,24.5,0.2289239536688598,-0.00368831502397573,0.22889423954234012,,
,,,,,,,24.55,0.26374194408006635,-0.10423030476672183,0.24227227789280623,,,,,,,,24.55,0.2213703534720546,-0.05674900372515219,0.21397285802770655,,
,,,,,,,24.6,0.26220444245853003,-0.15603987961383783,0.2107195425561843,,,,,,,,24.6,0.21333402523049028,-0.10250482949825113,0.1870940037803936,,
,,,,,,,24.650000000000002,0.2601741484317815,-0.198604600025057,0.16806784451848542,,,,,,,,24.650000000000002,0.20485254697231872,-0.13839894515188764,0.1510307848813971,,
,,,,,,,24.700000000000003,0.2576625153437723,-0.2295631869622572,0.11700732885170675,,,,,,,,24.700000000000003,0.1959662745998378,-0.1628238792108777,0.10904661910972084,,
,,,,,,,24.75,0.2546837728584383,-0.24734058331692368,0.060716225194362344,,,,,,,,24.75,0.18671868893163218,-0.1751918915826162,0.06458846584377491,,
,,,,,,,24.8,0.25125487236166294,-0.2512411126368178,0.0026294878758722677,,,,,,,,24.8,0.17715690243129495,-0.1759101331219482,0.020980780349401148,,
,,,,,,,24.85,0.24739545225988296,-0.24147328491247502,-0.053806714009040635,,,,,,,,24.85,0.16733239144996884,-0.16626713154726425,-0.01885126508779512,,
,,,,,,,24.900000000000002,0.24312782386964216,-0.2191058055395903,-0.1053744974765478,,,,,,,,24.900000000000002,0.15730204983372192,-0.14824539744231935,-0.052604534206278405,,
,,,,,,,24.950000000000003,0.2384769790534871,-0.18596023772094306,-0.14929855834952888,,,,,,,,24.950000000000003,0.14712970396865532,-0.1242815531096167,-0.0787479863016552,,
,,,,,,,25.0,0.23347062113580394,-0.1444510536513048,-0.18341871232937484,,,,,,,,25.0,0.13688829339143221,-0.09699972160796096,-0.09658912400263754,,
,,,,,,,25.05,0.22813922087726776,-0.09738800979044529,-0.20630821518190423,,,,,,,,25.05,0.12666301009409567,-0.06894559645407654,-0.10625451922477748,,
,,,,,,,25.1,0.2225160993149825,-0.047758530951477085,-0.21733047916873502,,,,,,,,25.1,0.11655580161387637,-0.042347536091152105,-0.10859070437593576,,
,,,,,,,25.150000000000002,0.21663753895418444,0.001491134709173564,-0.21663240708953238,,,,,,,,25.150000000000002,0.1066917485059565,-0.018927358590372933,-0.10499944902736255,,
,,,,,,,25.200000000000003,0.210542923922826,0.04765788119036275,-0.20507815382048417,,,,,,,,25.200000000000003,0.09722781379532709,0.00022232706345822877,-0.09722755960166671,,
,,,,,,,25.25,0.20427490797015857,0.08845099956151536,-0.18413217726075354,,,,,,,,25.25,0.08836400511788926,0.014684795857543042,-0.08713526364851745,,
,,,,,,,25.3,0.1978796061720317,0.12211653381299027,-0.15570449803489675,,,,,,,,25.3,0.08035531123295972,0.02468857638201207,-0.07646862258191511,,
,,,,,,,25.35,0.19140680130668386,0.14750917344716818,-0.12197379774111165,,,,,,,,25.35,0.07351848438238852,0.031006279459737943,-0.06666016936633253,,
,,,,,,,25.400000000000002,0.18491014832253555,0.16410925642667698,-0.08520513428042512,,,,,,,,25.400000000000002,0.06821993244538217,0.034796839638779886,-0.0586782679874376,,
,,,,,,,25.450000000000003,0.1784473492430141,0.17198760156573994,-0.047578580890170856,,,,,,,,25.450000000000003,0.06482438527850894,0.03741071324628838,-0.05293996090988875,,
,,,,,,,25.5,0.1720802553810754,0.1717255490168381,-0.011043102230880049,,,,,,,,25.5,0.06359642120507332,0.04018102534490078,-0.049294928667415076,,
,,,,,,,25.55,0.16587483340615336,0.16430132781975756,0.022793289235730922,,,,,,,,25.55,0.06459397950967077,0.04422464823495833,-0.04708038527231872,,
,,,,,,,25.6,0.15990090726951886,0.1509563585637626,0.05273023757564539,,,,,,,,25.6,0.06763295701272755,0.0502756621679613,-0.045239083410901215,,
,,,,,,,25.650000000000002,0.1542315621718948,0.13305613690395696,0.07799640505932638,,,,,,,,25.650000000000002,0.07235655202713435,0.05856978721471766,-0.042485887620221575,,
,,,,,,,25.700000000000003,0.14894207637937204,0.11195987853540028,0.09822793754598082,,,,,,,,25.700000000000003,0.07835125107080293,0.06879261034447127,-0.03750327060875814,,
,,,,,,,25.75,0.14410824369203704,0.08891123746583154,0.11341065978248273,,,,,,,,25.75,0.08523444512257808,0.08009737872393763,-0.029143104791835028,,
,,,,,,,25.8,0.1398039807878161,0.064959373829944,0.12379593206459427,,,,,,,,25.8,0.09269118560026515,0.09119052847134405,-0.016611544332174273,,
,,,,,,,25.85,0.1360981978454382,0.04091579294511285,0.12980222395802274,,,,,,,,25.85,0.10047649074597709,0.1004757556652234,0.0003843385600544584,,
,,,,,,,25.900000000000002,0.13305105775146958,0.01734812571538115,0.13191522468217315,,,,,,,,25.900000000000002,0.10840373171260585,0.10624107009868498,0.02154539564512407,,
,,,,,,,25.950000000000003,0.13070994556477755,-0.005392176110375157,0.1305986765106822,,,,,,,,25.950000000000003,0.1163307614578866,0.10686855159801606,0.045956052275123595,,
,,,,,,,26.0,0.1291056667194545,-0.027114961895981445,0.1262261938761299,,,,,,,,26.0,0.12414812982005534,0.10104393138397383,0.07213100628916876,,
,,,,,,,26.05,0.1282495087953332,-0.047718891709019155,0.11904135365622803,,,,,,,,26.05,0.13177021036087344,0.08794290607811818,0.09812967751442027,,
,,,,,,,26.1,0.12813175670327334,-0.06711259585268815,0.10914965210105151,,,,,,,,26.1,0.13912885164921096,0.06737327567056887,0.12172788951857207,,
,,,,,,,26.150000000000002,0.12872201544984435,-0.08514113665852,0.0965419292844575,,,,,,,,26.150000000000002,0.14616892544869828,0.03985635227781865,0.1406301032849423,,
,,,,,,,26.200000000000003,0.12997132660403504,-0.1015284953752188,0.08114499593971844,,,,,,,,26.200000000000003,0.1528452197157151,0.006637168522381985,0.1527010451305122,,
,,,,,,,26.25,0.13181569399409998,-0.11584467807305066,0.06289187344401073,,,,,,,,26.25,0.1591202625882411,-0.03037979489286215,0.15619323297895601,,
,,,,,,,26.3,0.13418039444989133,-0.12750294986396657,0.04180162712999642,,,,,,,,26.3,0.164962786206506,-0.06876507060109376,0.14994694361086525,,
,,,,,,,26.35,0.13698440605203924,-0.13578900742873953,0.018057490494187763,,,,,,,,26.35,0.1703466307850598,-0.10575737270581664,0.13354157681480502,,
,,,,,,,26.400000000000002,0.1401444136289149,-0.1399199882029413,-0.007928024513152868,,,,,,,,26.400000000000002,0.17524995329412799,-0.1384979035019577,0.10738192052276052,,
,,,,,,,26.450000000000003,0.14357806543481944,-0.13912751250926625,-0.03547106055630788,,,,,,,,26.450000000000003,0.17965464851182184,-0.1642838597977456,0.07270905130629142,,
,,,,,,,26.5,0.14720636864688363,-0.1327558604881798,-0.06360500354724577,,,,,,,,26.5,0.18354591938268894,-0.1808169817291457,0.03153289774819843,,
,,,,,,,26.55,0.1509552700673634,-0.12036423244778997,-0.09110403453396011,,,,,,,,26.55,0.18691195322033233,-0.18642314395550022,-0.013508873172346612,,
,,,,,,,26.6,0.15475655707901545,-0.1018210645286042,-0.11654210731410508,,,,,,,,26.6,0.18974367352838592,-0.18022150730285305,-0.059353769463568094,,
,,,,,,,26.650000000000002,0.15854824366410128,-0.07737868475576151,-0.13838383111635447,,,,,,,,26.650000000000002,0.19203454622504076,-0.16222638064119288,-0.10276122015583564,,
,,,,,,,26.700000000000003,0.1622745980879213,-0.04771817794737838,-0.15510003442288053,,,,,,,,26.700000000000003,0.19378042525277228,-0.1333712324851141,-0.14058082215062948,,
,,,,,,,26.75,0.16588594213617014,-0.013957031112066209,-0.16529775280064035,,,,,,,,26.75,0.19497942686564146,-0.09545162221778641,-0.17001754237974095,,
,,,,,,,26.8,0.16933832010915334,0.02238431184707299,-0.1678523435657753,,,,,,,,26.8,0.19563182492477962,-0.0509914748413394,-0.18886947984495717,,
,,,,,,,26.85,0.17259310658353066,0.05945680015288643,-0.16202860659690219,,,,,,,,26.85,0.19573996170649258,-0.0030443551061457084,-0.19571628575784608,,
,,,,,,,26.900000000000002,0.17561659831609558,0.09519369442173702,-0.1475782848065996,,,,,,,,26.900000000000002,0.19530817031129677,0.04505249381570075,-0.19004092767436373,,
,,,,,,,26.950000000000003,0.17837961806235725,0.1274498911314804,-0.12480309848175342,,,,,,,,26.950000000000003,0.1943427059434583,0.08994918220120834,-0.1722737123729541,,
,,,,,,,27.0,0.18085714577239853,0.15415837869439727,-0.09457537446530896,,,,,,,,27.0,0.19285168423983914,0.12855483753598343,-0.14375474204435668,,
,,,,,,,27.05,0.18302798446863633,0.17349047013662247,-0.05831209025944004,,,,,,,,27.05,0.19084502555798383,0.15828552012743705,-0.10661856263434723,,
,,,,,,,27.1,0.18487446298788418,0.18400562754263688,-0.017902404802119486,,,,,,,,27.1,0.1883344047573755,0.17726637925619487,-0.06361193913656327,,
,,,,,,,27.150000000000002,0.1863821747552484,0.1847772101914531,0.024406918288868755,,,,,,,,27.150000000000002,0.18533320658256044,0.18447047058586669,-0.01786177326031539,,
,,,,,,,27.200000000000003,0.1875397501455007,0.17548230591808284,0.0661597928829075,,,,,,,,27.200000000000003,0.18185648733474447,0.17978270577197286,0.027385410185723193,,
,,,,,,,27.25,0.18833865927431198,0.15644677968209994,0.10486112580144205,,,,,,,,27.25,0.1779209441534255,0.16398447557334633,0.06902864723707784,,
,,,,,,,27.3,0.18877304190176084,0.12864051861714243,0.13815526887801488,,,,,,,,27.3,0.17354489398420517,0.13866188735828794,0.10435857043015913,,
,,,,,,,27.35,0.18883956129525142,0.0936222081480577,0.16399775014208207,,,,,,,,27.35,0.16874826526335154,0.10604757150233673,0.13126267408462786,,
,,,,,,,27.400000000000002,0.18853727924236438,0.053437428826477645,0.1808058264120059,,,,,,,,27.400000000000002,0.16355260661417698,0.0688119695526613,0.14837239627563928,,
,,,,,,,27.450000000000003,0.18786754983613116,0.01047799868090829,0.18757512581649546,,,,,,,,27.450000000000003,0.15798111858301928,0.029824361913777374,0.15514039211365305,,
,,,,,,,27.5,0.18683393012264496,-0.0326860872202755,0.18395254047525933,,,,,,,,27.5,0.1520587168775695,-0.008093769732951214,0.15184315680979107,,
,,,,,,,27.55,0.18544210617450207,-0.07348836917404748,0.17025931498327546,,,,,,,,27.55,0.14581213906036808,-0.042400312994068295,0.1395112660517607,,
,,,,,,,27.6,0.1836998336187441,-0.10954638532732783,0.14746259977794665,,,,,,,,27.6,0.13927011173592962,-0.07102833495536331,0.11979624224660403,,
,,,,,,,27.650000000000002,0.1816168920986562,-0.13882617973460776,0.11709819518621671,,,,,,,,27.650000000000002,0.13246360278766456,-0.09252941700751392,0.09478878125462825,,
,,,,,,,27.700000000000003,0.1792050535831656,-0.1597776690791601,0.08115138750123535,,,,,,,,27.700000000000003,0.12542619447498343,-0.1061532944669207,0.06680724761802109,,
,,,,,,,27.75,0.1764780648545508,-0.17143036588843702,0.041906288623113026,,,,,,,,27.75,0.11819463022958009,-0.11185902844355589,0.03817758990259762,,
,,,,,,,27.8,0.17345164490133025,-0.17344254595213102,0.0017766183101836676,,,,,,,,27.8,0.11080961395632544,-0.11025968777522191,0.011025960133269815,,
,,,,,,,27.85,0.17014349830935058,-0.16610109804893847,-0.036867807690191025,,,,,,,,27.85,0.10331698034842515,-0.10250890403449349,-0.012896628317660091,,
,,,,,,,27.900000000000002,0.16657334606074423,-0.15027361183966625,-0.0718646032656813,,,,,,,,27.900000000000002,0.09576941505052337,-0.09014306146581626,-0.032342067477041166,,
,,,,,,,27.950000000000003,0.1627629753815607,-0.12731834157418132,-0.10139933951391708,,,,,,,,27.950000000000003,0.08822899296831496,-0.07489678297327922,-0.0466350415509248,,
,,,,,,,28.0,0.15873631036275404,-0.09896115454943145,-0.12411247365927454,,,,,,,,28.0,0.08077092762807313,-0.05851141693980109,-0.05568084803230088,,
,,,,,,,28.05,0.15451950491548574,-0.06715112392820045,-0.1391653834633681,,,,,,,,28.05,0.07348907114959968,-0.042556252045790985,-0.05991334567728658,,
,,,,,,,28.1,0.15014105905328193,-0.03390783879794926,-0.14626208012227015,,,,,,,,28.1,0.06650378793141261,-0.02828022682159235,-0.06019121680233413,,
,,,,,,,28.150000000000002,0.14563195828283096,-0.0011736761906284972,-0.1456272287640322,,,,,,,,28.150000000000002,0.05997254240493308,-0.016508193286857716,-0.05765574903611297,,
,,,,,,,28.200000000000003,0.1410258336848521,0.029316772907086428,-0.13794496218717772,,,,,,,,28.200000000000003,0.05410204930556596,-0.007590746720555797,-0.05356689559127224,,
,,,,,,,28.25,0.13635913659030033,0.05614007469408498,-0.12426627114786515,,,,,,,,28.25,0.04915638011498039,-0.0014107815157174603,-0.04913613132434573,,
,,,,,,,28.3,0.13167131596194215,0.07825306958233459,-0.1058951960576678,,,,,,,,28.3,0.045446378921041766,0.002556115802388227,-0.04537443805756376,,
,,,,,,,28.35,0.12700497789868712,0.0950242227278897,-0.08426542295631352,,,,,,,,28.35,0.04327751332055355,0.005135952039750002,-0.042971678531982874,,
,,,,,,,28.400000000000002,0.12240599428917912,0.10622741769690655,-0.060819101994106235,,,,,,,,28.400000000000002,0.042849495106878,0.0073184438921842804,-0.04221989590123728,,
,,,,,,,28.450000000000003,0.11792351102114741,0.11200194088246926,-0.036898776268523246,,,,,,,,28.450000000000003,0.04415942054040423,0.01010330558436609,-0.04298811043455146,,
,,,,,,,28.5,0.11360978563383463,0.1127854183469969,-0.013661361574116626,,,,,,,,28.5,0.046994535805779,0.014348478283539357,-0.04475050353401003,,
,,,,,,,28.55,0.10951976207697084,0.10922867727706555,0.007979620648813161,,,,,,,,28.55,0.05102398673188235,0.020637620946229368,-0.046664074229486874,,
,,,,,,,28.6,0.10571027176355954,0.10210271834544267,0.027380585508655936,,,,,,,,28.6,0.055906965993484395,0.029181917034290707,-0.04768652393287221,,
,,,,,,,28.650000000000002,0.10223874544519851,0.09220811433299196,0.044163613092250274,,,,,,,,28.650000000000002,0.06135374975945152,0.03976742354310046,-0.046720815856415195,,
,,,,,,,28.700000000000003,0.09916134442490601,0.08029621673288122,0.05818496203093207,,,,,,,,28.700000000000003,0.06713993516766902,0.05175420613533935,-0.04277000165559504,,
,,,,,,,28.75,0.0965304886664619,0.06700968473032608,0.06948264095821512,,,,,,,,28.75,0.07309807703673418,0.06412788905119572,-0.03508479317747016,,
,,,,,,,28.8,0.09439188283938933,0.05284727056957779,0.07821121108454233,,,,,,,,28.8,0.07910394549271699,0.07559858341426101,-0.02328708608374523,,
,,,,,,,28.85,0.09278130802682474,0.038154790269892554,0.08457294542954648,,,,,,,,28.85,0.08506434375466444,0.08473702617749336,-0.007455130649862793,,
,,,,,,,28.900000000000002,0.09172161323686388,0.02314110469112725,0.08875440050187446,,,,,,,,28.900000000000002,0.09090801363971891,0.09013369000879635,0.011839969143436279,,
,,,,,,,28.950000000000003,0.09122043508669084,0.007915062523835576,0.09087639717027161,,,,,,,,28.950000000000003,0.09657928376247811,0.0905640271687914,0.03355167708243032,,
,,,,,,,29.0,0.09126912582805621,-0.0074629865651528815,0.09096349356168058,,,,,,,,29.0,0.10203374168048202,0.08514215152616238,0.056228982516273035,,
,,,,,,,29.05,0.09184315805254656,-0.02292307414088034,0.08893648493726718,,,,,,,,29.05,0.10723529997593793,0.07344622867938602,0.07813489011769792,,
,,,,,,,29.1,0.0929039573619607,-0.03832950438642178,0.08462856720401384,,,,,,,,29.1,0.11215419781217206,0.055601536177104435,0.09740140277038092,,
,,,,,,,29.150000000000002,0.09440180999109118,-0.05343503418012634,0.0778228684370013,,,,,,,,29.150000000000002,0.11676562633838485,0.03231130151213956,0.11220602162445169,,
,,,,,,,29.200000000000003,0.0962793132938271,-0.06785235061526611,0.06830640295253373,,,,,,,,29.200000000000003,0.12104877149597348,0.004830606617405,0.12095234731245312,,
,,,,,,,29.25,0.0984748284390083,-0.08104779127343527,0.055933419042552626,,,,,,,,29.25,0.1249861383339587,-0.025115657360475965,0.12243667151220108,,
,,,,,,,29.3,0.1009255221463273,-0.09235962218116485,0.04068981704384137,,,,,,,,29.3,0.12856306709503026,-0.05546416396064557,0.11598357097894459,,
,,,,,,,29.35,0.10356977012335361,-0.1010402749371802,0.02274994778067295,,,,,,,,29.35,0.13176738132610433,-0.08398221819226953,0.10153634723115175,,
,,,,,,,29.400000000000002,0.10634886673688695,-0.10631906048928118,0.0025177038937713196,,,,,,,,29.400000000000002,0.1345891278108562,-0.10845898961314406,0.07969241430012579,,
,,,,,,,29.450000000000003,0.10920810402992409,-0.1074793313451202,-0.01935467177238061,,,,,,,,29.450000000000003,0.13702038095592206,-0.12690100660077366,0.05167900270918945,,
,,,,,,,29.5,0.1120973425191684,-0.1039421302354386,-0.04197437029877734,,,,,,,,29.5,0.13905509277979977,-0.1377133776646519,0.01927029943181164,,
,,,,,,,29.55,0.11497120978403005,-0.0953472518677931,-0.06424391520185452,,,,,,,,29.55,0.14068897537458544,-0.1398493891870135,-0.015347186581583487,,
,,,,,,,29.6,0.11778904939969151,-0.08162248135386814,-0.08492367571013641,,,,,,,,29.6,0.14191940660382238,-0.1329140087569043,-0.04974921353097583,,
,,,,,,,29.650000000000002,0.12051471788160183,-0.06303258687559286,-0.10271655279385557,,,,,,,,29.650000000000002,0.1427453524858452,-0.11721111587538198,-0.08147263326759462,,
,,,,,,,29.700000000000003,0.12311630094489161,-0.04020136381093655,-0.11636783879618046,,,,,,,,29.700000000000003,0.1431673015928417,-0.09372956570426691,-0.10822035279126196,,
,,,,,,,29.75,0.12556579749543378,-0.014102488681515549,-0.12477134812789356,,,,,,,,29.75,0.1431872081347584,-0.06406894940476454,-0.1280536852089636,,
,,,,,,,29.8,0.12783880200334385,0.01398209653684905,-0.12707187050675056,,,,,,,,29.8,0.14280844136893145,-0.030311585005070495,-0.1395545009689903,,
,,,,,,,29.85,0.1299142031338934,0.04253437851929526,-0.12275392792042067,,,,,,,,29.85,0.1420357396991702,0.005147694373435268,-0.1419424270418402,,
,,,,,,,29.900000000000002,0.1317739078609348,0.06989809001278126,-0.11170774281806638,,,,,,,,29.900000000000002,0.14087516838368014,0.03979847723152983,-0.13513657638545395,,
,,,,,,,29.950000000000003,0.13340259474476765,0.09439454494397508,-0.09426516943949435,,,,,,,,29.950000000000003,0.13933408021825464,0.07122054062421163,-0.11975650505697819,,
,,,,,,,30.0,0.13478749670934984,0.11444691563620177,-0.0712009323712345,,,,,,,,30.0,0.13742107894375918,0.09727985283748304,-0.0970627795294599,,
