mea_k,mea_chik,mea_k3chik,mea_r,mea_chir_mag,mea_chir_re,mea_chir_im,mea_q,mea_chiq_mag,mea_chiq_re,mea_chiq_im,fit_k,fit_chik,fit_k3chik,fit_r,fit_chir_mag,fit_chir_re,fit_chir_im,fit_q,fit_chiq_mag,fit_chiq_re,fit_chiq_im,win_k,win_r
0.0,0.15237323872519976,0.0,0.0,0.38203369113276986,0.38203369113276986,0.0,0.0,0.05722047487310923,0.05461803473532824,0.017060276268413794,0.0,-0.11802172304735518,-0.0,0.0,0.19187139494350874,0.19187139494350874,0.0,0.0,0.01729556226017775,0.01728150866537388,0.0006970883332063645,0.0,0.0
0.05,0.12022528426985464,1.5028160533731833e-05,0.030679615757712823,0.3651321246764098,0.3319913329261537,-0.1519974451516376,0.05,0.07380905359594417,0.06528122679582286,0.03444035163527366,0.05,-0.11778899505639348,-1.472362438204919e-05,0.030679615757712823,0.19344553654377405,0.1887601813346905,-0.04231748517106587,0.05,0.03265012375314839,0.030165666109723484,0.012492524534800185,0.0,0.0
0.1,0.09126678756995595,9.126678756995596e-05,0.06135923151542565,0.31765835479596216,0.2153120215424522,-0.23355419874406025,0.1,0.0906209880037237,0.06987568406491762,0.05770227242692313,0.1,-0.11755626706543176,-0.00011755626706543179,0.06135923151542565,0.1980997925619404,0.17859141975449827,-0.0857241658061274,0.1,0.04832833021189695,0.037672226602722854,0.0302726088050444,0.0,0.0
0.15000000000000002,0.06619423218939992,0.00022340553363922483,0.09203884727313846,0.25062839597643916,0.10634779165138845,-0.2269465577632665,0.15000000000000002,0.10750790340781423,0.06623042883260316,0.08468458886830237,0.15000000000000002,-0.11715438635740327,-0.00039539605395623624,0.09203884727313846,0.2053819081279579,0.15867242329788636,-0.13040241666110833,0.15000000000000002,0.06417211908036895,0.037720206552856385,0.05191576720876715,0.0,0.0
0.2,0.04431078946405483,0.00035448631571243877,0.1227184630308513,0.1893115457396852,0.06273159676262789,-0.17861581150043793,0.2,0.12436121908491658,0.052936109546202384,0.11253213371477092,0.2,-0.11656262583491156,-0.0009325010066792927,0.1227184630308513,0.2140088939332342,0.12492236090977159,-0.17376481354766576,0.2,0.08009661771424668,0.02900503993341331,0.0746604033455705,0.0,0.0
0.25,0.024505067531723,0.0003828916801831719,0.15339807878856412,0.17978362286360042,0.08128465755814793,-0.16035883354407368,0.25,0.14108822188273606,0.029549391236758284,0.13795912377066316,0.25,-0.11575250293095465,-0.0018086328582961665,0.15339807878856412,0.221772885099124,0.07456776710103927,-0.20886086439243332,0.25,0.09602920822728024,0.011180765901789841,0.09537609399953281,0.0,0.0
0.30000000000000004,0.005665605409367616,0.00015297134605292572,0.18407769454627693,0.23411505462845217,0.10213922357520668,-0.21065953054902853,0.30000000000000004,0.15760328339038482,-0.003291650872362045,0.15756890546667013,0.30000000000000004,-0.11468829973584216,-0.00309658409286774,0.18407769454627693,0.22602642080802676,0.010360789332494978,-0.22578883264611396,0.30000000000000004,0.11189995872447633,-0.015049476933643474,0.11088333511652344,0.0,0.0
0.35000000000000003,-0.013319057886048086,-0.0005710546068643118,0.21475731030398976,0.30782762636042743,0.05808958848470517,-0.3022969521188934,0.35000000000000003,0.1738242257005949,-0.04385592224832202,0.16820083092589194,0.35000000000000003,-0.1133277358970225,-0.004858926676584841,0.21475731030398976,0.22455163328613134,-0.05729266769441275,-0.21711975092083816,0.35000000000000003,0.1276392750494179,-0.047946665432397784,0.11829159652762604,0.0,0.0
0.4,-0.03356038333756093,-0.0021478645336039,0.2454369260617026,0.3686509355452219,-0.0693539303518339,-0.36206842533300293,0.4,0.18967071972769733,-0.08941666093865272,0.16727116508413736,0.4,-0.11162282295876796,-0.007143860669361152,0.2454369260617026,0.21653973372702556,-0.11383078795475599,-0.18420642767333206,0.4,0.14317724290521266,-0.08485505909299075,0.1153227723923741,0.0,0.0
0.45,-0.05465642970118173,-0.004980567156520186,0.2761165418194154,0.4012320805886453,-0.23137298709464815,-0.32780134736817806,0.45,0.20506358242749462,-0.136452540685319,0.1530744164729013,0.45,-0.10952094063328928,-0.009980095715208488,0.2761165418194154,0.20354081421892486,-0.1489604236841811,-0.1387070842773798,0.45,0.15844349601041527,-0.12241930863373178,0.10058754545987093,0.0,0.0
0.5,-0.06682389835839056,-0.00835298729479882,0.30679615757712825,0.39886997086922565,-0.3460270753171519,-0.19839989115086487,0.5,0.2199245087722398,-0.18093712436386125,0.12501418553767243,0.5,-0.10696618279610075,-0.013370772849512593,0.30679615757712825,0.19018161732824404,-0.16409275456728897,-0.09613852229000669,0.5,0.1733672826303382,-0.15688172920580862,0.07378575559024186,0.0,0.0
0.55,-0.07337933391492522,-0.012208486680095687,0.3374757733348411,0.361375881233062,-0.3594244354632365,-0.037504702757199464,0.55,0.23417602976221016,-0.2186922476212505,0.08373836483689659,0.55,-0.10390148828337667,-0.0172866101131468,0.3374757733348411,0.18365595090613962,-0.17183315332055452,-0.0648295898733994,0.55,0.18787761856085444,-0.18443363028635065,0.03580831712738875,0.0,0.0
0.6000000000000001,-0.08108927738274344,-0.01751528391467259,0.36815538909255385,0.2957639285934176,-0.28660495778821105,0.07303355138722187,0.6000000000000001,0.24774159509093202,-0.24577395613960262,0.031161842398805654,0.6000000000000001,-0.10027104501794254,-0.0216585457238756,0.36815538909255385,0.18997930881193564,-0.18595819854780005,-0.038880408556466954,0.6000000000000001,0.20190348240812958,-0.20158853205304023,-0.01127297446241488,0.0,0.0
0.65,-0.09364680767345754,-0.025717754557323277,0.3988350048502667,0.22114768653271344,-0.1998790293162777,0.09462913345452274,0.65,0.26054572787012026,-0.2588554450162929,-0.02962996619619644,0.65,-0.09602156902816082,-0.026369923394358667,0.3988350048502667,0.20859191734385774,-0.2085799200271333,-0.0022371729172016757,0.65,0.21537403356750243,-0.2055419444806292,-0.06433104533782738,0.0,0.0
0.7000000000000001,-0.09450060959686414,-0.032413709091724405,0.4295146206079795,0.18304825874407082,-0.172618479748653,0.06090587392444327,0.7000000000000001,0.27251422249024393,-0.25557052964884075,-0.09459231382344534,0.7000000000000001,-0.09110454549908828,-0.03124885910618729,0.4295146206079795,0.2324199111563283,-0.22522248909913395,0.057392033470735515,0.7000000000000001,0.22821884323273636,-0.19448252045605155,-0.11941687336197418,0.0,0.0
0.75,-0.0975153724752714,-0.04113929776300512,0.46019423636569234,0.22695164410584856,-0.2211625069939148,0.05093323337973292,0.75,0.2835743688255085,-0.23478369314766348,-0.15903156946571753,0.75,-0.0854788892353298,-0.03606140639615476,0.46019423636569234,0.25280494088282657,-0.2137083783227441,0.1350520905777926,0.75,0.24036813314207156,-0.16782289550902352,-0.17208229186401494,0.0,0.0
0.8,-0.10491249773677587,-0.05371519884122926,0.4908738521234052,0.316087600649164,-0.2898348020375609,0.1261235854707329,0.8,0.29365519251219263,-0.19675856465833388,-0.21798953948060254,0.8,-0.07911380009455066,-0.04050626564840994,0.4908738521234052,0.26294633001850143,-0.16172968796541667,0.207326506990321,0.8,0.25175301883572093,-0.12632515460570037,-0.21776486816459803,0.0,0.0
0.8500000000000001,-0.09830142106968105,-0.06036936021441789,0.521553467881118,0.4034856227589289,-0.2919083945892866,0.2785500618227647,0.8500000000000001,0.3026877046813844,-0.14320533010200007,-0.266668483319012,0.8500000000000001,-0.0719903282276301,-0.044211060322793344,0.521553467881118,0.2591383644204094,-0.07951375132428615,0.24663790313904405,0.8500000000000001,0.26230575523597705,-0.07210507836851648,-0.25220064810262954,0.0,0.0
0.9,-0.09639247556241948,-0.07027011468500381,0.5522330836388308,0.46573749535525455,-0.17683939532045248,0.43085872724418905,0.9,0.3106051566506733,-0.07719832553655476,-0.3008587407278396,0.9,-0.06410472998265467,-0.046732348157355254,0.5522330836388308,0.241485218709721,0.0040062170432861414,0.24145198504109233,0.9,0.2719599829075906,-0.008510315208900516,-0.27182679565882045,0.0,0.0
0.9500000000000001,-0.08671093003646062,-0.07434378364001044,0.5829126993965437,0.49047103143728604,0.026652100878086945,0.48974636108698094,0.9500000000000001,0.31734329635866715,-0.002966959058184479,-0.3173294264604717,0.9500000000000001,-0.05547337606402977,-0.04756148580289754,0.5829126993965437,0.21501460103173,0.060753784066312835,0.2062528942305001,0.9500000000000001,0.28065097365819824,0.060120590092958344,-0.27413588539658423,0.0,0.0
1.0,-0.0866424570625391,-0.0866424570625391,0.6135923151542565,0.4718357030083395,0.22520532784797764,0.4146221061909976,1.0,0.32284062412554404,0.07442493899034858,-0.3141448663308915,1.0,-0.04613632399174778,-0.04613632399174778,0.6135923151542565,0.19126886758620837,0.08455300977802825,0.17156505543142275,1.0,0.28831587431422895,0.12879990094042798,-0.25794694977710864,0.0,0.0
1.05,-0.07155121547797605,-0.08282947581769204,0.6442719309119693,0.41006335109472225,0.3245025738993605,0.2506990854465239,1.05,0.32703864584393677,0.14948535022768838,-0.2908752411992833,1.05,-0.036160521740987904,-0.041860323980411125,0.6442719309119693,0.1866303268273424,0.09624841191844624,0.15989722353705127,1.05,0.2948939476164842,0.19230463585772697,-0.22356513003700004,0.0,0.0
1.1,-0.06918661089596748,-0.09208737910253274,0.6749515466696822,0.3135405731080952,0.29693104124466285,0.1006958178392386,1.1,0.3298821220635824,0.21675113374799587,-0.24867882997177437,1.1,-0.02564113075111882,-0.03412834502973916,0.6749515466696822,0.208943959885189,0.12674386908523091,0.16611312417087734,1.1,0.3003268092531976,0.24562657979340066,-0.17281138751599304,0.0,0.0
1.1500000000000001,-0.05046660162733757,-0.07675339274997704,0.705631162427395,0.211025423692329,0.2041563698936346,0.053403240317235624,1.1500000000000001,0.3313193117011597,0.27125541091142896,-0.1902445488244066,1.1500000000000001,-0.014701770189057137,-0.02235955473628228,0.705631162427395,0.2476542268952859,0.18966398822497554,0.15924882313442096,1.1500000000000001,0.3045586601047067,0.28441768279106033,-0.10891537614376615,0.0,0.0
1.2000000000000002,-0.038388523974064136,-0.06633536942718286,0.7363107781851077,0.1966639855780491,0.15682519043397594,0.11867005885559459,1.2000000000000002,0.33130220933038473,0.30896263277010855,-0.11959617660676743,1.2000000000000002,-0.0034957061886791516,-0.006040580294037577,0.7363107781851077,0.28611818396670896,0.2654509582201357,0.10676799134768473,1.2000000000000002,0.3075365128240298,0.3053893750387398,-0.03627721507244666,0.0,0.0
1.25,-0.02626175585717137,-0.05129249190853783,0.7669903939428205,0.32017804563203756,0.23756385532747595,0.21465645936402006,1.25,0.3297867752224503,0.3271305067858806,-0.04177258241521461,1.25,0.007793891694056983,0.015222444714955045,0.7669903939428205,0.3116561545866267,0.3116360162071988,0.0035428934827191234,1.25,0.30921041192953036,0.3066274201896857,0.03988363114672215,0.0,0.0
1.3,-0.012109953690284992,-0.02660556825755613,0.7976700097005334,0.48998896117998963,0.43899324310125715,0.21765595463870485,1.3,0.3267331575469068,0.32456365305827284,0.037589777254473405,1.3,0.018955927916446347,0.04164617363243262,0.7976700097005334,0.3166640286794834,0.2938213610147462,-0.11808943589907968,1.3,0.3095336466465475,0.2877907292769442,0.11396304027426743,0.0,0.0
1.35,0.005594368048902116,0.013764243288317546,0.8283496254582462,0.6598489580587674,0.6584644147800669,0.04272308415347569,1.35,0.322105906448478,0.3017330105244567,0.1127359983716103,1.35,0.029755572837820994,0.07320986752085384,0.8283496254582462,0.2982930344236357,0.21411031478690112,-0.2076908940890631,1.35,0.30846295581242555,0.25017253175752147,0.18045248533220684,0.0,0.0
1.4000000000000001,0.012901862125967486,0.03540270967365479,0.859029241215959,0.8099458472644167,0.753717273962974,-0.29651736278116475,1.4000000000000001,0.31587418014426655,0.2607468603586966,0.1782906966021922,1.4000000000000001,0.039934225206457584,0.10957951396651963,0.859029241215959,0.2589524823294899,0.11342853218701786,-0.2327882217606884,1.4000000000000001,0.305958724264764,0.19661460017517704,0.23442150061732217,0.0,0.0
1.4500000000000002,0.024542062309406986,0.0748195447080159,0.8897088569736719,0.9280403336090365,0.6249056238389078,-0.6861135635590344,1.4500000000000002,0.30801194383328123,0.20517284195853297,0.2297291067031238,1.4500000000000002,0.04921428429299915,0.1500358974527446,0.8897088569736719,0.20852805277208025,0.04333692800600534,-0.20397514423065816,1.4500000000000002,0.30198517028293337,0.1312787590066004,0.2719575895328152,0.0,0.0
1.5,0.03844021713074697,0.12973573281627102,0.9203884727313847,1.0061589523014696,0.2735979898091578,-0.9682458248135021,1.5,0.2984981632420593,0.13972428534975773,0.2637769465711182,1.5,0.057308549378017076,0.19341635415080763,0.9203884727313847,0.17009377773417214,0.02748009753713655,-0.16785927875226742,1.5,0.2965105238759224,0.05929343674288149,0.29052156396452206,0.0,0.0
1.55,0.044248260685319285,0.16477499175954338,0.9510680884890975,1.0399097812704818,-0.194189144774635,-1.021617799978895,1.55,0.28731699635185803,0.06983727432483816,0.27870021798974415,1.55,0.06394631680363133,0.23812809048712266,0.9510680884890975,0.17641552291451312,0.04293306994817826,-0.17111162505810626,1.55,0.2895071960534718,-0.013694732620302063,0.2891831095780004,0.0,0.0
1.6,0.045560074865513916,0.18661406664914504,0.9817477042468103,1.0281349063937708,-0.6195010555460828,-0.8205363050606701,1.6,0.2744579898525485,0.0011758308931353778,0.27445547109797674,1.6,0.06888200295321018,0.28214068409634896,0.9817477042468103,0.22584628387802386,0.037830040863243077,-0.22265541078042164,1.6,0.28095193976818605,-0.08202448000666943,0.26871169892496666,0.0,0.0
1.6500000000000001,0.05206694484523065,0.23389122461288184,1.012427320004523,0.9725060946362316,-0.8655005940930172,-0.4434826104023126,1.6500000000000001,0.2599162923319234,-0.06088962196127773,0.25268346395636293,1.6500000000000001,0.07189384011637129,0.32295611653275447,1.012427320004523,0.2857400514720406,-0.026735577888730044,-0.2844865302438765,1.6500000000000001,0.2708260041329857,-0.14053256346767654,0.23151095680300632,0.0,0.0
1.7000000000000002,0.05401177267710091,0.2653598391625968,1.043106935762236,0.8770795059115457,-0.8765066937611851,-0.03169346118487668,1.7000000000000002,0.24369290665294902,-0.11178163351936503,0.2165435271734191,1.7000000000000002,0.0727935381427204,0.35763465289518537,1.043106935762236,0.3326994689855681,-0.1432043216110386,-0.3003022792707395,1.7000000000000002,0.25911528510712595,-0.18502731201654943,0.18139907602873181,0.0,0.0
1.75,0.05331770904831626,0.28574959693081997,1.0737865515199487,0.748000082603605,-0.6947699169273578,0.27712611949751703,1.75,0.22579502505610224,-0.14814483265066059,0.1704010032217933,1.75,0.07142929603576022,0.3828163834416524,1.0737865515199487,0.35459933515917713,-0.260390081332013,-0.24070250110715108,1.75,0.24581047872077957,-0.21267721210368096,0.12325256549356178,0.0,0.0
1.8,0.05055394609242046,0.29483061361099616,1.1044661672776617,0.5938184025158703,-0.43237700039594157,0.40702631941326356,1.8,0.20623653588597246,-0.16816203016316766,0.11939447368135553,1.8,0.06770544873303702,0.39485817701107195,1.1044661672776617,0.34721689583725784,-0.3225088493979147,-0.12863753268348366,1.8,0.2309072483732908,-0.22227548711855183,0.0625441058576674,0.0,0.0
1.85,0.047157422862406644,0.2985831175311855,1.1351457830353744,0.428014241061487,-0.21570541993649603,0.36968549114275584,1.85,0.185038896137846,-0.17172415869415197,0.06892174116124944,1.85,0.06162734052389819,0.3902012099446269,1.1351457830353744,0.3150205950887566,-0.314205091167692,-0.02265250569753157,1.85,0.21440642870288662,-0.21435232707080137,0.004816279524508433,0.0,0.0
1.9000000000000001,0.03713310454389446,0.25469596406657213,1.1658253987930873,0.2815269022793819,-0.1285350783136302,0.2504718154801725,1.9000000000000001,0.16223283231051766,-0.16043392589896138,0.024092473931481364,1.9000000000000001,0.05332487526394017,0.3657553194353657,1.1658253987930873,0.27590400689193967,-0.2741621876870432,0.030953446685013597,1.9000000000000001,0.1963143119484091,-0.19112016492128797,-0.04485968832077374,0.0,0.0
1.9500000000000002,0.02513774860122363,0.18639326365949813,1.1965050145508,0.2412283846941926,-0.1773137342251682,0.16355724758412815,1.9500000000000002,0.13786210117610306,-0.13743842647820229,-0.010799901290560897,1.9500000000000002,0.04307186601934686,0.3193725025502046,1.1965050145508,0.2661319540864738,-0.26326144337606594,0.03898242446841156,1.9500000000000002,0.17664311667068586,-0.1562529695012957,-0.08238810708567527,0.0,0.0
2.0,0.014757533337965196,0.11806026670372156,1.227184630308513,0.3516886767747055,-0.29200822425366263,0.1960003120909912,2.0,0.11199311731499395,-0.10710229434672866,-0.0327346432941722,2.0,0.0312524230504042,0.2500193844032336,1.227184630308513,0.31598330278596276,-0.31028682024217896,0.05972886089256294,2.0,0.15541187489908778,-0.114516522438389,-0.10506577439046294,0.0,0.0
2.0500000000000003,0.002090351002943461,0.018008635184233287,1.2578642460662257,0.5139700470067555,-0.36206731055464264,0.3647909974874029,2.0500000000000003,0.08474496105893735,-0.0745487711816896,-0.04030123000828754,2.0500000000000003,0.018267105224502877,0.1573733948972454,1.2578642460662257,0.4100116270242231,-0.37922536726661465,0.15587705128257925,2.0500000000000003,0.13264835986900733,-0.07128157079877355,-0.11186833797101442,0.0,0.0
2.1,-0.012195719729234776,-0.11294456041244327,1.2885438618239387,0.6734881716328567,-0.29238192224884874,0.6067117345753553,2.1,0.05641621751999111,-0.04510981416376092,-0.033880588326856226,2.1,0.004532495684789122,0.04197544253683207,1.2885438618239387,0.5141134271740806,-0.3884304091506411,0.33680028688785907,2.1,0.10839395117001979,-0.0319641506840574,-0.10357384670511909,0.0,0.0
2.15,-0.022872304544414402,-0.22731353967659446,1.3192234775816514,0.8095636497891073,-0.053482032380060114,0.8077951319934769,2.15,0.028429574569259704,-0.023736695606393077,-0.015646405078436953,2.15,-0.009384064015218933,-0.09326234720725145,1.3192234775816514,0.6023372571408706,-0.2716608643799881,0.5375970108773903,2.15,0.08271853712679766,-0.0014459983108727086,-0.08270589745164704,0.0,0.0
2.2,-0.03389751318812618,-0.3609407204271677,1.3499030933393643,0.9109354044860087,0.30003353355403584,0.8601064991552893,2.2,0.017915737681760253,-0.014428362761973288,0.010620546346141842,2.2,-0.02246192694664389,-0.2391745981278642,1.3499030933393643,0.6575379547426988,-0.03521227526231807,0.6565944392073864,2.2,0.05578193549245974,0.016468147552671043,-0.05329563249899934,0.0,0.0
2.25,-0.04251237636249249,-0.48424253700401604,1.380582709097077,0.9712468545594023,0.6548780835408313,0.7172552880177467,2.25,0.044508859737102016,-0.01973541144347692,0.03989426187127293,2.25,-0.0335614673817793,-0.38228608939557984,1.380582709097077,0.6700571324940037,0.2360757494617037,0.627092338752581,2.25,0.028278836491170883,0.01950093738315892,-0.02047940512984918,0.0,0.0
2.3000000000000003,-0.05030074728373585,-0.6120091922012142,1.41126232485479,0.9889838610001064,0.8965280667814712,0.4175242541359191,2.3000000000000003,0.07773207677598416,-0.040392627280975237,0.06641318710352419,2.3000000000000003,-0.0419030832389492,-0.5098348137682951,1.41126232485479,0.6387779811438926,0.4339575330931778,0.46874104649150444,2.3000000000000003,0.012357181369195185,0.007211818207114551,0.01003442123586187,0.0,0.0
2.35,-0.05147579381404715,-0.6680464176444771,1.4419419406125027,0.9684852491400942,0.9666236191719083,0.06002046868320663,2.35,0.11291099464600247,-0.07512290921652427,0.08429377926511215,2.35,-0.04727496640019709,-0.6135286045709579,1.4419419406125027,0.5745856655129306,0.5042810227817348,0.2754075835469039,2.35,0.03765261296979968,-0.01887156754234494,0.03258194595091337,0.0,0.0
2.4000000000000004,-0.05480352191030364,-0.7576038868880379,1.4726215563702154,0.921183971852864,0.885903037092147,-0.2524989482543014,2.4000000000000004,0.14943897869431,-0.12064075274309927,0.08819193347907066,2.4000000000000004,-0.049635655919436014,-0.6861633074302838,1.4726215563702154,0.507323848176982,0.48645335264810785,0.1440160498920765,2.4000000000000004,0.06957071570887245,-0.055321343602185456,0.04218570168070795,0.0,0.0
2.45,-0.0519060006470677,-0.7633361337658586,1.5033011721279284,0.8662463248339096,0.7287587483498325,-0.46828771283457865,2.45,0.18709945783849863,-0.17186552213156886,0.07394896500900698,2.45,-0.048837451736651674,-0.7182096699206668,1.5033011721279284,0.4897218530280504,0.48000994303682165,0.09704611233333663,2.45,0.10325037005010804,-0.09707969507036777,0.03515923378756508,0.0,0.0
2.5,-0.04651582358915145,-0.7268097435804913,1.533980787885641,0.8282926626943203,0.567323172223063,-0.6035007484104786,2.5,0.22575683465753454,-0.22233502040691502,0.039157210003345023,2.5,-0.04484159198078731,-0.7006498746998018,1.533980787885641,0.5627637754448381,0.5594400082998283,0.06107326801814574,2.5,0.13824954934526665,-0.13791499763403017,0.00961204045844423,0.0,0.0
2.5500000000000003,-0.03700437047960884,-0.6135833435613243,1.564660403643354,0.8284472289122522,0.4242591802867223,-0.7115679581282649,2.5500000000000003,0.2652984680833955,-0.2647901359700079,-0.01641526912301943,2.5500000000000003,-0.03786114868269009,-0.6277899042384406,1.564660403643354,0.7062893210757252,0.7021676129693464,-0.07619218045533886,2.5500000000000003,0.1744145627956236,-0.17102849251283944,-0.03420079624766281,0.0,0.0
2.6,-0.029399050186217805,-0.5167177060729642,1.5953400194010667,0.8712300512613829,0.26739186237435814,-0.8291823648371233,2.6,0.3056185248416419,-0.2918834390803122,-0.09059106311900182,2.6,-0.02835449340730098,-0.498358576126722,1.5953400194010667,0.8718243491598493,0.7896978120883854,-0.36939824224109674,2.6,0.21164527046094164,-0.18975989978572497,-0.09372780239500315,0.0,0.0
2.6500000000000004,-0.013219346145754339,-0.2460070745176837,1.6260196351587797,0.9416018782052274,0.048350826888155875,-0.9403596623520405,2.6500000000000004,0.34661239431802504,-0.296950259277204,-0.17877554477633514,2.6500000000000004,-0.01688610992401736,-0.3142441733947417,1.6260196351587797,1.020837782905244,0.6882921484333273,-0.7538989968237976,2.6500000000000004,0.24985545738243584,-0.18832814336563936,-0.16419579775450222,0.0,0.0
2.7,-0.001061317912767918,-0.020889920477010937,1.6566992509164924,1.0165775595158855,-0.2464292937208362,-0.9862568315137409,2.7,0.38817452639458583,-0.2747714792191874,-0.27418989250036313,2.7,-0.004080605524036201,-0.08031855852960455,1.6566992509164924,1.1282183838262103,0.3522562007985052,-1.0718172841498823,2.7,0.28896238907155536,-0.16253655987117702,-0.23891657331207525,0.0,0.0
2.75,0.01480769233687748,0.30795372656849884,1.6873788666742053,1.077941897522061,-0.5742454141182419,-0.9122504802945461,2.75,0.43019758833600497,-0.22225411335386494,-0.3683382604446654,2.75,0.009369598841369169,0.19485837590409943,1.6873788666742053,1.1802178770700085,-0.1299589078563807,-1.173040885742869,2.75,0.3288833646946208,-0.11037145619117571,-0.30981027941482886,0.0,0.0
2.8000000000000003,0.030337297413589683,0.6659643528231208,1.718058482431918,1.1190538543456234,-0.8627884112767764,-0.7126553769475761,2.8000000000000003,0.47257220207045064,-0.13895926878397624,-0.45167998382564783,2.8000000000000003,0.022664313359206052,0.49752700686129137,1.718058482431918,1.1749913493932944,-0.5874447811991833,-1.017601739479114,2.8000000000000003,0.36953447309117565,-0.032429001173506514,-0.3681087973489109,0.0,0.0
2.85,0.04908969783412277,1.1363835513743374,1.748738098189631,1.1480129560420114,-1.0630516370926202,-0.4334223853413866,2.85,0.5151869668697051,-0.027417292529959062,-0.5144569009185641,2.85,0.034916593533232024,0.8082885882749798,1.748738098189631,1.1254649137531272,-0.8819661659406963,-0.6991473050975753,2.85,0.4108301839332906,0.06788207214217103,-0.4051832478180046,0.0,0.0
2.9000000000000004,0.06693107099252028,1.6323818904365779,1.7794177139473437,1.1880658433806048,-1.1812287427411112,-0.12727570675475194,2.9000000000000004,0.5579286373226341,0.10681383058616313,-0.5476085919159795,2.9000000000000004,0.045271548127775604,1.1041277872883197,1.7794177139473437,1.063736289861238,-0.9986177022938675,-0.36646634092787883,2.9000000000000004,0.45268330424577785,0.18439646595425427,-0.4134248629273003,0.0,0.2499999999999989
2.95,0.07649601622399542,1.963834414508495,1.8100973297050567,1.2714405736558654,-1.2554517555586897,0.20100254178233704,2.95,0.6006823945149028,0.255369650447136,-0.543696312945623,2.95,0.052995182106556196,1.3605121882328008,1.8100973297050567,1.0416954959052185,-1.0367976351380523,-0.10089682830179164,2.95,0.495005115562614,0.30851938802117307,-0.38709927880092687,0.0,0.7500000000000011
3.0,0.08034350574100715,2.169274655007193,1.8407769454627694,1.423844390119496,-1.2889374957022168,0.6049570062803281,3.0,0.6433321788494952,0.4075785328524179,-0.4977509737821811,3.0,0.05756825271374479,1.5543428232711094,1.8407769454627694,1.1114576258113331,-1.1011723241296163,0.1508561120576325,3.0,0.537705611121319,0.42981261126293613,-0.3230920045910874,0.0,1.0
3.0500000000000003,0.08170263577317145,2.3181182463037793,1.8714565612204823,1.6498478323414292,-1.1953703310660653,1.1371401151523581,3.0500000000000003,0.6857610676374555,0.5512121801471777,-0.4079624668332347,3.0500000000000003,0.05871169512019322,1.6658049087595725,1.8714565612204823,1.2867864250998335,-1.1753886794045478,0.5237182029955065,3.0500000000000003,0.580693794865184,0.5368027942869709,-0.22146792869539472,0.0,1.0
3.1,0.07572220793125703,2.2558402964800783,1.902136176978195,1.9335031409958183,-0.8171056824558587,1.7523620344948816,3.1,0.7278516881130882,0.673436220034066,-0.27613717141178445,3.1,0.05634979419415758,1.6787167188381487,1.902136176978195,1.5377666492653164,-1.087044641063735,1.0876857156032225,3.1,0.6238780228091394,0.6179527140514789,-0.08578012905476497,0.0,1.0
3.1500000000000004,0.061450520451594645,1.9206897859199865,1.932815792735908,2.249608108728503,-0.030483540284918696,2.249401564111826,3.1500000000000004,0.769486660609559,0.7618887217000107,-0.10786703204582136,3.1500000000000004,0.0506089101212057,1.5818257686346406,1.932815792735908,1.8226848239154545,-0.6141587724672564,1.7160970163522877,3.1500000000000004,0.6671663762607826,0.6627176057720362,0.07691780426353939,0.0,1.0
3.2,0.04060019090332526,1.3303870555201625,1.9634954084936207,2.5732263770427757,1.1168413400630102,2.3182233301895114,3.2,0.81054906897879,0.805798885793814,0.08762390584669912,3.2,0.04182230526533131,1.3704332989343766,1.9634954084936207,2.108931295051884,0.3226894285889646,2.084097584069936,3.2,0.7104670608944541,0.6625963730080737,0.2563776337603372,0.0,1.0
3.25,0.01768710749092342,0.6071652368368555,1.9941750242513334,2.8843519841921794,2.3333944785107903,1.6955107125490896,3.25,0.8509229567820673,0.7970495347411929,0.29796294660172773,3.25,0.03052749818253321,1.047951773547273,1.9941750242513334,2.3770925701262082,1.515801313400022,1.8310967929751802,3.25,0.7536888280632514,0.6120824271302145,0.43977488780709506,0.0,1.0
3.3000000000000003,-0.002302486717525468,-0.08274446516771278,2.024854640009046,3.1697356234426115,3.150218083488311,0.3512121139487522,3.3000000000000003,0.8904938487360904,0.7310864890132691,0.5084209281875267,3.3000000000000003,0.017426833355899677,0.6262681103109669,2.024854640009046,2.6199467003752077,2.493822896216116,0.8030990443993827,3.3000000000000003,0.796741416050627,0.5094221464361743,0.6126058771924403,0.0,1.0
3.35,-0.02172221380247076,-0.8166547737340643,2.055534255766759,3.4233922177732463,3.119392042826603,-1.4103217930176426,3.35,0.9291492975971226,0.6075858739622593,0.7029636000439453,3.35,0.003343541984163702,0.12570171472287844,2.055534255766759,2.8404603696569906,2.7312988287968816,-0.779885773305751,3.35,0.8395360097123887,0.35710052378676105,0.7598025582445883,0.0,1.0
3.4000000000000004,-0.03802394040644215,-1.4944929537348026,2.086213871524472,3.646257004952382,2.0495805151026616,-3.0156939264911853,3.4000000000000004,0.9667794572274917,0.43080655269540036,0.8654872807105768,3.4000000000000004,-0.010813946537169602,-0.4250313546969141,2.086213871524472,3.048920718582451,1.9368352680498067,-2.354694607085973,3.4000000000000004,0.881985717393154,0.16199287890730252,0.8669816104559777,0.0,1.0
3.45,-0.05304669186207899,-2.178289462114964,2.116893487282185,3.8450830573643944,0.1475561656325443,-3.8422507591273294,3.45,1.003277683085086,0.2095781853168611,0.9811437680665712,3.45,-0.024102051430773302,-0.9897176016839886,2.116893487282185,3.2590790599543173,0.2504947452313401,-3.249438213236898,3.45,0.9240060642488029,-0.06485277814126507,0.9217273587867091,0.0,1.0
3.5,-0.054832705981085174,-2.350952268939027,2.1475731030398975,4.030715239233032,-2.020691366626104,-3.4876169142593816,3.5,1.0385411618501446,-0.043095831385177114,1.0376466133391795,3.5,-0.03566131081679606,-1.5289787012701312,2.1475731030398975,3.483985823273153,-1.7720265982836378,-2.999679808203474,3.5,0.9655155012367919,-0.30880797696755613,0.9147993312687426,0.0,1.0
3.5500000000000003,-0.05725800931054025,-2.561658921293097,2.1782527187976104,4.216062414914255,-3.7365831937402594,-1.9527233093068934,3.5500000000000003,1.0724715723800744,-0.3108093364848004,1.0264467009627276,3.5500000000000003,-0.044797086407109124,-2.0041712491318546,2.1782527187976104,3.7329137953240403,-3.3850158829548134,-1.5736304761487612,3.5500000000000003,1.0064359290852145,-0.5526036462256552,0.8411554490887698,0.006155829702431202,1.0
3.6,-0.05548750977927174,-2.588825256261703,2.2089323345553233,4.414226527796017,-4.400469694365737,0.34822737926073655,3.6,1.1049757806773368,-0.5748545486738623,0.943670346971049,3.6,-0.05104743675340859,-2.3816692091670313,2.2089323345553233,4.010583410676894,-3.9641484791161843,0.6085278379150372,3.6,1.046693236536641,-0.7775590905588193,0.7006915099392105,0.02447174185242326,1.0
3.6500000000000004,-0.05204029539110774,-2.5305699490203204,2.2396119503130363,4.637167705147181,-3.740326372623347,2.7410368388473465,3.6500000000000004,1.135966572075237,-0.8155793019197441,0.7907278009229644,3.6500000000000004,-0.054197340904822075,-2.635460870846397,2.2396119503130363,4.3186878366933295,-3.2427677549415486,2.85228363216463,3.6500000000000004,1.0862178520906072,-0.9650134468216991,0.49861635518064973,0.05449673790581632,1.0
3.7,-0.0461121590031365,-2.3357191899858734,2.270291566070749,4.894943281599654,-1.8803801377770735,4.519362816540742,3.7,1.165363424392767,-1.013900849790053,0.5745232612413923,3.7,-0.05419872053893805,-2.7453277914588297,2.270291566070749,4.658365357786215,-1.3759864116713116,4.450508869951682,3.7,1.124945308338711,-1.0978508589648597,0.24540871668177902,0.09549150281252644,1.0
3.75,-0.04096615738436128,-2.160324705815927,2.3009711818284617,5.195142723627855,0.7234815867529485,5.144519638653631,3.75,1.1930933263768737,-1.1528585523979114,0.30722767389677846,3.75,-0.05114962341182054,-2.697343422107724,2.3009711818284617,5.031797208689244,1.1535913827584876,4.897776033160175,3.75,1.1628168177931695,-1.161996668881129,-0.04366569880115375,0.14644660940672624,1.0
3.8000000000000003,-0.0339638080348324,-1.8636620744873238,2.3316507975861747,5.541983983662657,3.4175224772839563,4.3628117759573755,3.8000000000000003,1.2190916463247399,-1.219078736382655,0.00561040448044413,3.8000000000000003,-0.04530054073566869,-2.485731271247613,2.3316507975861747,5.441700340430649,3.6985112021614923,3.9916309301498543,3.8000000000000003,1.1997798588442914,-1.1477577250239,-0.3494623217692996,0.2061073738537638,1.0
3.85,-0.026625797207062256,-1.5194443845414691,2.3623304133438876,5.934826705034124,5.492250129834015,2.2488567162281448,3.85,1.2433030563353962,-1.2040262851930836,-0.3100374081575971,3.85,-0.0371111798303089,-2.1178097826838016,2.3623304133438876,5.888665793232446,5.592880193488121,1.8428445310644634,3.85,1.2357887701323964,-1.0508862605959535,-0.6502399185500647,0.2730047501302266,1.0
3.9000000000000004,-0.02203886349055796,-1.307323343396408,2.3930100291016,6.366416533037044,6.3169985973171245,-0.7916995602000143,3.9000000000000004,1.2656825181401774,-1.1049293943590228,-0.6173194231571396,3.9000000000000004,-0.027228516290602557,-1.6151683578422535,2.3930100291016,6.367458144524311,6.263519796598969,-1.1457936026535451,3.9000000000000004,1.270805351170269,-0.8732636223915877,-0.9232317620026474,0.34549150281252683,1.0
3.95,-0.016421586048825015,-1.0120602954908298,2.423689644859313,6.821582533327534,5.486208479399184,-4.054072616464559,3.95,1.2861963368469451,-0.9252858465787405,-0.8933907986091885,3.95,-0.01640890196374017,-1.0112785769125614,2.423689644859313,6.863965951098727,5.343389513964796,-4.30838915139913,3.95,1.3047994664863263,-0.6231264815632637,-1.1463921823344703,0.42178276747988486,1.0
4.0,-0.013344487266423299,-0.8540471850510911,2.454369260617026,7.277074570142605,2.9805751305644543,-6.638673526426561,4.0,1.3048232891186262,-0.6748896851577068,-1.1167308219504295,4.0,-0.005412947935001314,-0.3464286678400841,2.454369260617026,7.354169012780739,2.814791221640977,-6.794170460557884,4.0,1.3377496498573986,-0.3147922259672439,-1.3001845946496138,0.5000000000000001,1.0
4.05,-0.008262124251377534,-0.5488539467845409,2.4850488763747385,7.702825859247253,-0.7126814531201617,-7.669785613970361,4.05,1.321555832172915,-0.36935407246154306,-1.2688921887640097,4.05,0.005117935188356515,0.33998507430442176,2.4850488763747385,7.805540786847549,-0.8622048305008053,-7.757774797285735,4.05,1.3696437043438745,0.03212050546075466,-1.3692670119365895,0.578217232520115,1.0
4.1000000000000005,-0.00045487787738055034,-0.03135063818694492,2.5157284921324514,8.064468420007234,-4.622522364942864,-6.60817205306407,4.1000000000000005,1.33640139937094,-0.029146573898706007,-1.336083521891717,4.1000000000000005,0.014629079445636609,1.008250784472721,2.5157284921324514,8.180397573090595,-4.747787875375559,-6.661637542246149,4.1000000000000005,1.4004792928096175,0.39393879487668965,-1.3439324668597108,0.6545084971874745,1.0
4.15,0.00840200642105925,0.6005197556847758,2.5464081078901644,8.326652983001052,-7.535969946182693,-3.541511946831684,4.15,1.349383786833815,0.32180613268769803,-1.310449318796631,4.15,0.02264232392744902,1.6183233089380369,2.5464081078901644,8.440286649485532,-7.644149094624823,-3.578466619186241,4.15,1.4302645123874393,0.7445724121491734,-1.221175048247073,0.7269952498697739,1.0
4.2,0.01732972401196662,1.2839245925985832,2.5770877236478773,8.456660165693487,-8.426217365654859,0.7169114762392094,4.2,1.3605446331888547,0.6578494403357141,-1.1909306498486731,4.2,0.028758539489375113,2.1306626736888234,2.5770877236478773,8.550540844109175,-8.522665016617188,0.6898766131046821,4.2,1.4590184449252126,1.0574277208841845,-1.005276796577771,0.7938926261462367,1.0
4.25,0.02618726474566207,2.010281745241215,2.60776733940559,8.427847428929443,-6.899853002032698,4.839487662516871,4.25,1.3699449908155956,0.9535418489558685,-0.983619448847249,4.25,0.03267752375597859,2.508510534580044,2.60776733940559,8.484356364071905,-6.986096678885728,4.814432064722613,4.25,1.486771673813227,1.3074576754725395,-0.7078449243311193,0.8535533905932737,1.0
4.3,0.034284037052919054,2.725820933966435,2.6384469551633027,8.222571549967228,-3.431755430606736,7.472197639170931,4.3,1.3776669813487485,1.1856576135257475,-0.7015570789230212,4.3,0.034285601810882055,2.7259453431777994,2.6384469551633027,8.225980230868679,-3.5170780238766737,7.436189409408965,4.3,1.5135667557570536,1.473189623138664,-0.3472702958928291,0.9045084971874736,1.0
4.3500000000000005,0.03972187447502102,3.269621688428097,2.6691265709210157,7.8343221233398905,0.7735948071962027,7.7960345180438955,4.3500000000000005,1.3838155201103135,1.3350918923185036,-0.36397119771154257,4.3500000000000005,0.03366924594520541,2.7714124328319505,2.6691265709210157,7.772765862426382,0.6636959225553795,7.744378404654843,4.3500000000000005,1.5394586340464922,1.5385673882753597,0.052376308344810815,0.9455032620941842,1.0
4.4,0.041171324354615776,3.5071380938235914,2.6998061866787286,7.268894376674564,4.270314787658426,5.882281621408216,4.4,1.3885200829039908,1.3885110459111245,0.005009591849653063,4.4,0.031080406271270268,2.6475533278118872,2.6998061866787286,7.135985733488164,4.104647655078841,5.837307599930158,4.4,1.5645149777277634,1.4944519859706114,0.4629474885589072,0.9755282581475768,1.0
4.45,0.03913945311307387,3.4490126402088217,2.730485802436441,6.5445265161145345,5.986626760955054,2.6440740052318974,4.45,1.391936473481964,1.339605439731336,0.37807990167637817,4.45,0.02684671065207537,2.3657623452103653,2.730485802436441,6.3404071357781735,5.756318293268582,2.658112554804304,4.45,1.588816428891092,1.3396461465383653,0.854216510481477,0.9938441702975689,1.0
4.5,0.034363639578771435,3.131386656615547,2.761165418194154,5.691036263004762,5.658752782887251,-0.6053186673158268,4.5,1.394248530301519,1.1898289902489234,0.7267984164891756,4.5,0.021334386223326545,1.9440959446006314,2.761165418194154,5.422763603824423,5.401944743512329,-0.4747189600198866,4.5,1.612456738154376,1.0813404226009748,1.1961269259023455,1.0,1.0
4.55,0.027348883885871228,2.576165722344983,2.791845033951867,4.74812909238266,3.862598485209682,-2.7613516291820677,4.55,1.3956696864531757,0.9485469849938909,1.0237931875839499,4.55,0.014943988289777136,1.4076695249394557,2.791845033951867,4.429422411083011,3.661305218207798,-2.4929153605625656,4.55,1.6355427665144346,0.7349207796995577,1.4611268215536544,1.0,1.0
4.6000000000000005,0.018719369658326625,1.822068565062881,2.82252464970958,3.7632741673906147,1.641775822045926,-3.386267061100608,4.6000000000000005,1.396444266868894,0.6325587035199446,1.24496027128265,4.6000000000000005,0.008108398343467212,0.7892390611597248,2.82252464970958,3.413864811027817,1.5840687885964824,-3.0241030109717606,4.6000000000000005,1.6581943302563196,0.3231261702946861,1.6264064421186033,1.0,1.0
4.65,0.009838429926052047,0.989201247503681,2.8532042654672924,2.7900942191652716,-0.048551383256531404,-2.789671757573522,4.65,1.3968483729841223,0.26501065553564157,1.3714790299384672,4.65,0.001308021180711232,0.13151449910666807,2.8532042654672924,2.435535218952363,0.07921762791985774,-2.4342465713612675,4.65,1.680543864811474,-0.12540404158341562,1.675858439102191,1.0,1.0
4.7,0.0020217328978075324,0.20990237464907144,2.8838838812250054,1.890243967935261,-0.7728846805035637,-1.725013486601929,4.7,1.3971901691861421,-0.12623404053774762,1.391475955911533,4.7,-0.0049916051471599315,-0.5182434211935856,2.8838838812250054,1.5656434274046958,-0.49520028124673543,-1.4852663139076026,4.7,1.7027358836309057,-0.578102850833932,1.6015950122493519,1.0,1.0
4.75,-0.004284815599259504,-0.4592117218018896,2.9145634969827183,1.1513177367892056,-0.7057901891741833,-0.9096113125455778,4.75,1.3978093518442518,-0.5106585197802526,1.301191323472105,4.75,-0.010393862157106169,-1.1139296958686127,2.9145634969827183,0.9249174005926859,-0.37680421940486475,-0.8446838332523132,4.75,1.724926209609056,-1.0008338939473735,1.4048850292185489,1.0,1.0
4.800000000000001,-0.00891624138124053,-0.9860649668341532,2.945243112740431,0.7571272483106906,-0.3787990651656274,-0.6555554426317921,4.800000000000001,1.3990755571514846,-0.857437030073429,1.105537947823409,4.800000000000001,-0.014603018826452015,-1.614977058054982,2.945243112740431,0.7527765052262982,-0.10639865440645009,-0.7452192919947899,4.800000000000001,1.7472809596756662,-1.3604649660508925,1.096414989040765,1.0,1.0
4.8500000000000005,-0.01201786085600974,-1.3710471401296227,2.9759227284981438,0.849943376434383,-0.278918409802969,-0.8028749988744589,4.8500000000000005,1.4013854576946358,-1.13788375919355,0.8179864006214033,4.8500000000000005,-0.017442648732633022,-1.989929318344798,2.9759227284981438,0.9753581539209119,-0.12240334659762783,-0.9676471201640142,4.8500000000000005,1.769975268145118,-1.62746319259633,0.6958275695813891,1.0,1.0
4.9,-0.013724531930981158,-1.6146774571480027,3.0066023442558567,1.0970165428892795,-0.5568330232736455,-0.9451890179031274,4.9,1.4051583209308214,-1.3278132435001504,0.45976287069176835,4.9,-0.018837338476162997,-2.216194034382101,3.0066023442558567,1.2120330341027337,-0.5047204436151536,-1.1019443495717924,4.9,1.7931917414645873,-1.7783095351636642,0.23054678224341235,1.0,1.0
4.95,-0.013934472307897629,-1.6900755682350954,3.0372819600135696,1.2606286754453266,-1.00305542379278,-0.7635865858924744,4.95,1.4108298671883859,-1.4096206215035372,0.05840049300117463,4.95,-0.01880307818292547,-2.2805759947268003,3.0372819600135696,1.3302044816906624,-1.000978426458335,-0.8760628703894027,4.95,1.8171186461760032,-1.7975373005508983,-0.26604478459218117,1.0,1.0
5.0,-0.012803738298047141,-1.6004672872558927,3.067961575771282,1.2871706055456251,-1.2640887454461116,-0.2426681096006783,5.0,1.418844379074246,-1.3739060613394674,-0.3542619181414426,5.0,-0.017441946777849292,-2.1802433472311615,3.067961575771282,1.3117634757720753,-1.2697021392125925,-0.32951463404316716,5.0,1.8419478430392975,-1.679221987762721,-0.7569579726057033,1.0,0.7500000000000043
5.050000000000001,-0.011139377072732654,-1.4346139171766914,3.098641191528995,1.177405594883652,-1.1232645361458216,0.35293160343108787,5.050000000000001,1.4296451794122373,-1.2204983502637285,-0.7444925224743129,5.050000000000001,-0.014937707714560648,-1.9237918995024446,3.098641191528995,1.17224785347221,-1.1435837303763363,0.25764565121256555,5.050000000000001,1.867872492939824,-1.4277868405359377,-1.2043140736010842,1.0,0.2500000000000022
5.1000000000000005,-0.009302944109830869,-1.2340448391131749,3.129320807286708,0.9519442444873047,-0.6519906197065971,0.6936181056079151,5.1000000000000005,1.4436637999319413,-0.9587758644774204,-1.0793118219168671,5.1000000000000005,-0.011545861152911872,-1.5315700277949131,3.129320807286708,0.9420710713029107,-0.7308570711535222,0.5944290074775198,5.1000000000000005,1.895084573728012,-1.0580373829786065,-1.5722284941450664,1.0,3.749399456654644e-33
5.15,-0.007021120164228063,-0.9590209467120551,3.160000423044421,0.6411210553806833,-0.14551213832051782,0.6243896421737245,5.15,1.4613083814728949,-0.6072358489092715,-1.329167713105599,5.15,-0.007570437354060416,-1.0340526623237973,3.160000423044421,0.6613336435088062,-0.3077316595570392,0.5853745926694318,5.15,1.9237722605576792,-0.5943954973012179,-1.8296430535159696,1.0,0.0
5.2,-0.004384928588629958,-0.6165560389900812,3.1906800388021335,0.279961706848376,0.09070038128577562,0.26486222481900085,5.2,1.4829520381436967,-0.19232119235056316,-1.470428273125691,5.2,-0.003336635167726925,-0.4691575976637475,3.1906800388021335,0.38660669455928565,-0.10521202878990622,0.37201500678866267,5.2,1.9541172344419047,-0.06936498844902086,-1.952885727409657,1.0,0.0
5.25,-0.0017793545251864116,-0.257478160277365,3.2213596545598464,0.09970993493515816,-0.05390211542698229,-0.08388464148620861,5.25,1.5089220359761946,0.2534268050297525,-1.487488005043051,5.25,0.0008381813726458199,0.12128746393863966,3.2213596545598464,0.2532985973349217,-0.15459572584512224,0.20064979681589165,5.25,1.9862919933832555,0.47867863775634034,-1.927750669753265,1.0,0.0
5.300000000000001,0.0007494331658529313,0.11157336143268691,3.2520392703175593,0.45759916377770377,-0.4337679144508161,-0.145747696664624,5.300000000000001,1.539490641192122,0.6937655016431136,-1.3743074121345669,5.300000000000001,0.00466140183795149,0.6939755214287043,3.2520392703175593,0.3749818102695375,-0.29490581582635955,0.23160724907655347,5.300000000000001,2.020457246374254,1.008226065649471,-1.750921952849761,1.0,0.0
5.3500000000000005,0.003253032750324892,0.4981381249445322,3.2827188860752723,0.7723808047671495,-0.7563225576566467,0.1566789595078354,5.3500000000000005,1.5748683658314544,1.0915261466168134,-1.1352449255330264,5.3500000000000005,0.007877400310755012,1.2062692636110317,3.2827188860752723,0.5380457414080532,-0.31823338738886287,0.4338441321469631,5.3500000000000005,2.0567594718616657,1.4777061013303632,-1.4306097312627568,1.0,0.0
5.4,0.00544206311257154,0.8569290259579652,3.313398501832985,1.0230020002401043,-0.7734254991437826,0.669586506561658,5.4,1.6152000923283234,1.4115602602562927,-0.7850916952322268,5.4,0.010280338685536506,1.6187832507793207,3.313398501832985,0.6454335224079197,-0.13241815714420696,0.6317039365924727,5.4,2.095328718389617,1.8486662120767499,-0.9863243251760929,1.0,0.0
5.45,0.007071049645456823,1.144651793913288,3.3440781175906977,1.1984347619317366,-0.42438529979870154,1.1207778530650685,5.45,1.6605642380398178,1.6236301132092907,-0.3482798359606059,5.45,0.011726360431538714,1.8982471029118941,3.3440781175906977,0.6776889376667725,0.17943926163932422,0.6535012223540617,5.45,2.136276716076467,2.0888209933787683,-0.44777791958803653,1.0,0.0
5.5,0.00810711468250038,1.3488212053010007,3.3747577333484107,1.2969934624742272,0.1521113651652456,1.2880427688118317,5.5,1.710974789286531,1.705013525464449,0.1427011126704355,5.5,0.012144567038698748,2.020552341063504,3.3747577333484107,0.6355039917063242,0.4358621866976409,0.462481867408683,5.5,2.179695353908694,2.174730817767798,0.14702960961027803,1.0,0.0
5.550000000000001,0.008326422236274236,1.4234341461772468,3.4054373491061236,1.3259767786299312,0.7240654277957812,1.110830173220336,5.550000000000001,1.7663857556022324,1.642608469376651,0.6495814451834082,5.550000000000001,0.011540842068946799,1.9729516724494731,3.4054373491061236,0.5301511404751433,0.5003800139174381,0.17515728194705343,5.550000000000001,2.225655560649403,2.093894281036503,0.7544199192043078,1.0,0.0
5.6000000000000005,0.007390740808695234,1.2979323378598224,3.436116964863836,1.3005021093526183,1.1040099508833794,0.6873629061719059,5.6000000000000005,1.8266974136298333,1.4343554994295131,1.1311267578031357,5.6000000000000005,0.009995315136137726,1.7553372629479633,3.436116964863836,0.38077456094832923,0.3790426492445819,-0.036275836572596275,5.6000000000000005,2.27420660794796,1.8460766661783585,1.3281628809095527,1.0,0.0
5.65,0.005277304862154462,0.951825919211011,3.466796580621549,1.241302140321903,1.2277031985916917,0.18323716799674133,5.65,1.891763642926573,1.0898437509107615,1.5462891965281207,5.65,0.007658025386267187,1.3812177319710959,3.466796580621549,0.21690983673128983,0.20361940767320047,-0.07475970899896411,5.65,2.3253758346777356,1.4437499425791498,1.8228984820351015,1.0,0.0
5.7,0.0022084926202753695,0.4089973738266565,3.497476196379262,1.1710241105884946,1.1394272720546048,-0.270190598055847,5.7,1.9613996916240286,0.6300258124828758,1.8574596162253776,5.7,0.004737392977340544,0.8773320176526275,3.497476196379262,0.12396029016791466,0.1226802405774083,0.017768289461364085,5.7,2.3791687732577635,0.9115840602239822,2.197602910625669,1.0,0.0
5.75,-0.0013981925374095252,-0.265809509416589,3.5281558121369745,1.1086896378878557,0.9193827486150211,-0.6196192982057561,5.75,2.035389818681389,0.08603383858093815,2.0335707247624524,5.75,0.0014817735834677707,0.28169904984456823,3.5281558121369745,0.2168318951917608,0.18939614264120955,0.10557069633701079,5.75,2.4355696431174705,0.28499980917664286,2.4188374470486105,1.0,0.0
5.800000000000001,-0.005305911960372188,-1.0352470944121388,3.5588354278946874,1.0635499475968107,0.6207439481689088,-0.8636060686706952,5.800000000000001,2.1134944053099955,-0.5028412065740943,2.052805232419228,5.800000000000001,-0.0018416605192901952,-0.3593300672397487,3.5588354278946874,0.3376562829953503,0.33015608240079747,0.0707723583045945,5.800000000000001,2.494542164522384,-0.3921349680418336,2.463528115816593,1.0,0.0
5.8500000000000005,-0.009293575554218145,-1.860588928014749,3.5895150436524004,1.0321712209034308,0.2613712203277923,-0.9985301770330427,5.8500000000000005,2.1954562788903944,-1.0918786322778895,1.9046861486592017,5.8500000000000005,-0.004974702025649872,-0.9959434294258964,3.5895150436524004,0.4224933314536303,0.4111198081229267,-0.09737103517861477,5.8500000000000005,2.5560306381920705,-1.070516949024205,2.3210527967343766,1.0,0.0
5.9,-0.01264034362152251,-2.5960611326446723,3.6201946594101133,1.0017776838779824,-0.137379137606253,-0.9923132068386962,5.9,2.2810061258378784,-1.634178356842969,1.5913673504681252,5.9,-0.007685727987397809,-1.578487128323775,3.6201946594101133,0.4579364676643223,0.34523517221752353,-0.3008628994755148,5.9,2.6199612325325674,-1.6989204155911513,1.9944588944024793,1.0,0.0
5.95,-0.014766021675222896,-3.110386790024618,3.650874275167826,0.9574223165634326,-0.5113760941039739,-0.8094145925498585,5.95,2.369866973693824,-2.0841997266878325,1.1279986579243286,5.95,-0.009780111192261293,-2.0601302995799813,3.650874275167826,0.4421901827887042,0.15625183017996722,-0.41366353878498685,5.95,2.686243420494509,-2.227962412497032,1.5006955729429088,1.0,0.0
6.0,-0.015411613634520784,-3.3289085450564895,3.6815538909255388,0.887947883536614,-0.7577662302652671,-0.462862597480849,6.0,2.461757794474413,-2.401327031802971,0.5421069313224633,6.0,-0.011110033198963788,-2.3997671709761783,3.6815538909255388,0.38066023169320773,-0.04529020088576811,-0.37795635951317624,6.0,2.754771511388969,-2.613845212521798,0.8698156614692221,1.0,0.0
6.050000000000001,-0.01452182659798041,-3.2157877062180975,3.7122335066832517,0.7886497096008106,-0.7874096876118767,-0.04420801181244933,6.050000000000001,2.5563963241035554,-2.553190215274118,-0.12799175957331657,6.050000000000001,-0.011579024272998676,-2.5641184775122268,3.7122335066832517,0.2848781381298159,-0.14968180111388757,-0.2423858741750704,6.050000000000001,2.8254262286255294,-2.8217961133045013,0.14317844930258034,1.0,0.0
6.1000000000000005,-0.012323693574459239,-2.797244291224333,3.7429131224409646,0.661542062152619,-0.588697323186373,0.3017836338676084,6.1000000000000005,2.6535012125726656,-2.518480059603598,-0.8356595446135129,6.1000000000000005,-0.011150665370950764,-2.530989176563776,3.7429131224409646,0.17436737162522217,-0.12872967702553545,-0.11761228907044395,6.1000000000000005,2.8980762914297413,-2.828940313214319,-0.6292399345385131,1.0,0.0
6.15,-0.009306890723233506,-2.164860727433921,3.773592738198677,0.5148593136933034,-0.2530953001173243,0.4483557537885077,6.15,2.752793622936992,-2.2890280637722755,-1.5291249961155946,6.15,-0.009854316887274783,-2.292196637884046,3.773592738198677,0.10131556883103707,-0.049169937565316,-0.08858420698623168,6.15,2.972579966364334,-2.6263784933046486,-1.3922527307703114,1.0,0.0
6.2,-0.005519688202924504,-1.3154962500265912,3.80427235395639,0.363927276018128,0.061863338340807976,0.3586307148018773,6.2,2.8539983903354207,-1.8709703970441813,-2.15517437471345,6.2,-0.007783488673309986,-1.8550232885326225,3.80427235395639,0.15343685825264183,-0.013458807670107984,-0.15284544470326994,6.2,3.048786562264911,-2.220294459713833,-2.0893520561195884,1.0,0.0
6.25,-0.0012301008022698931,-0.30031757867917314,3.834951969714103,0.2396549215392549,0.2129602726072963,0.10991998775933556,6.25,2.9568448396146003,-1.2848793911903686,-2.663083993352399,6.25,-0.0050892559658066135,-1.2424941322770053,3.834951969714103,0.24256499190560707,-0.07785200667777048,-0.22973210562394542,6.25,3.1265378495118883,-1.6319860786543812,-2.6668071477909154,1.0,0.0
6.300000000000001,0.002676925356553382,0.6693571546301037,3.865631585471816,0.20712406608263714,0.14616527875384772,-0.14675179739074623,6.300000000000001,3.0610673452095867,-0.5648204743598418,-3.0085064606299903,6.300000000000001,-0.0019690801787279146,-0.49236259145037903,3.865631585471816,0.31141579633097966,-0.2114834064792584,-0.2285925785942907,6.300000000000001,3.205669391066199,-0.8967899410582698,-3.0776751041062536,1.0,0.0
6.3500000000000005,0.005888313785107321,1.5076902320099368,3.8963112012295285,0.2787813116346073,-0.07881816618222473,-0.26740739779666384,6.3500000000000005,3.166405701863668,0.24362815384335687,-3.157019225701615,6.3500000000000005,0.001348213609078083,0.345207229650524,3.8963112012295285,0.34632224651637095,-0.32479439254401987,-0.1201985898590626,6.3500000000000005,3.2860117782154483,-0.06195112611210574,-3.285427744532528,1.0,0.0
6.4,0.00836148732848587,2.1919137342386,3.9269908169872414,0.37656456376898767,-0.3262590928747795,-0.18803157980257992,6.4,3.272605360826668,1.0862773411518618,-3.0870612863711484,6.4,0.004620141201106212,1.211142295022787,3.9269908169872414,0.34385409751323415,-0.3411257591100659,0.04323027698525688,6.4,3.3673917684493904,0.816431871543607,-3.266920005348848,1.0,0.0
6.45,0.010108636700013095,2.7125124011143016,3.9576704327449543,0.461317459998229,-0.45859022308695807,0.050087984470046754,6.45,3.379417573973727,1.903962915957402,-2.7920222695998427,6.45,0.007609458087951153,2.0418924966707217,3.9576704327449543,0.30651911993144465,-0.25415280125920114,0.1713485468151054,6.45,3.449633326339025,1.6771864103945897,-3.014467752518935,1.0,0.0
6.5,0.011360398273082767,3.119849375745355,3.988350048502667,0.5216913681580675,-0.403420677852649,0.3307773273541364,6.5,3.486599478033092,2.6366690978751075,-2.281304887236929,6.5,0.010102700376668406,2.774454090942561,3.988350048502667,0.24209047693521568,-0.12827857205273377,0.2053105135516245,6.5,3.5325585708219545,2.4583114291260313,-2.5368632154130775,1.0,0.0
6.550000000000001,0.012057985470457446,3.38843107678327,4.01902966426038,0.5554767821681619,-0.18004699137311234,0.5254879032150844,6.550000000000001,3.593914142748758,3.227850515079426,-1.5802531182538526,6.550000000000001,0.011927379148086517,3.351729214550122,4.01902966426038,0.16525031731265405,-0.04528577584225904,0.15892408841424108,6.550000000000001,3.6159886340219276,3.101392704890914,-1.8592302416390467,1.0,0.0
6.6000000000000005,0.011925004291064705,3.4283910336639396,4.049709280018092,0.5645561603007557,0.12032029211889951,0.5515856102528014,6.6000000000000005,3.7011306001460063,3.6286422164996766,-0.7289193261078007,6.6000000000000005,0.012961505536568848,3.726380995741399,4.049709280018092,0.10977338282162694,-0.041378848076910515,0.10167588951138525,6.6000000000000005,3.6997444377900983,3.5558725869644876,-1.0217039934507703,1.0,0.0
6.65,0.011288173351139071,3.3196217860379718,4.080388895775806,0.5531145981043433,0.38163456873250123,0.400363353198675,6.65,3.808023866874697,3.801647805690038,0.22027195050536344,6.65,0.013138813486322794,3.86385734300275,4.080388895775806,0.1303965470635286,-0.08342963309568405,0.1002135510178667,6.65,3.7836473946859677,3.782863716441195,-0.07700461120362082,1.0,0.0
6.7,0.010208680895528592,3.070393492181866,4.111068511533518,0.5267903333943434,0.5104135431666332,0.13033061923357453,6.7,3.9143749676271327,3.724019383573394,1.2058237922497441,6.7,0.012451816422283397,3.7450456626152215,4.111068511533518,0.1937223494634242,-0.10034285415501039,0.1657095661138951,6.7,3.867520040243184,3.758223479986061,0.9129444321337968,1.0,0.0
6.75,0.0086774795387818,2.668731715028784,4.1417481272912315,0.4924311453532255,0.46514223796587495,-0.16165126468415542,6.75,4.019970964632235,3.3895880179594515,2.1612171628487364,6.75,0.010951016015014758,3.367950753492742,4.1417481272912315,0.25090510641024283,-0.0422853981227121,0.24731622981183224,6.75,3.95118660319956,3.4746541590564535,1.881131055576769,1.0,0.0
6.800000000000001,0.007083994283494429,2.227434490547721,4.172427743048944,0.4584200439342369,0.2638729412825512,-0.37485998391341135,6.800000000000001,4.124604996011724,2.8098669956274462,3.019439325439156,6.800000000000001,0.008740358240798496,2.7482483223707534,4.172427743048944,0.285587913800036,0.0793542733401448,0.2743416771314821,6.800000000000001,4.034473520004117,2.9426596713132356,2.7600236670074216,1.0,0.0
6.8500000000000005,0.005402101107894139,1.7363386112608652,4.2031073588066565,0.43509751411520475,-0.024640982800933384,-0.4343992043683263,6.8500000000000005,4.2280763241755865,2.013827785701109,3.7176776423719566,6.8500000000000005,0.005969304044891308,1.9186484829679251,4.2031073588066565,0.29240648179441997,0.20111395977455918,0.21226098506128596,6.8500000000000005,4.117209899421104,2.1902688729417803,3.486278763970759,1.0,0.0
6.9,0.0033875052298546586,1.1128259555543243,4.23378697456437,0.4336561814231461,-0.3004668754188153,-0.31269368471806197,6.9,4.330190394292747,1.0464349798836927,4.201847532181646,6.9,0.002822095824795248,0.9270838773076623,4.23378697456437,0.27133846837685127,0.25636430235680696,0.08889268191591018,6.9,4.199227942489528,1.2615220114298795,4.005256237453821,1.0,0.0
6.95,0.0008032538295293007,0.2696542183008314,4.264466590322082,0.4618655942270355,-0.46003865436553826,-0.041039780947727346,6.95,4.430758902086468,-0.033984699708497684,4.4306285658588225,6.95,-0.0004950253509769186,-0.16618118600816015,4.264466590322082,0.22641777787696918,0.2246984086388916,-0.02785022969194774,6.95,4.280363322510251,0.21380490171727717,4.275020191378359,1.0,0.0
7.0,-0.0023754679494132026,-0.8147855066487285,4.295146206079795,0.5196061995503947,-0.42905018752458607,0.2930981733077197,7.0,4.529599869683996,-1.1593793508972428,4.37871151140999,7.0,-0.00376778187708072,-1.292349183838687,4.295146206079795,0.1655488870218715,0.14421246752130756,-0.08129697537790807,7.0,4.360455529152178,-0.8858015899800659,4.269534865170044,1.0,0.0
7.050000000000001,-0.005320581860853913,-1.8643458505705963,4.325825821837508,0.5997493607007403,-0.19296190882164083,0.567860015677152,7.050000000000001,4.6265377279276985,-2.256380096495528,4.0390098053950325,7.050000000000001,-0.006788279217996306,-2.378630857218854,4.325825821837508,0.10321195556631864,0.07936029206517979,-0.06598978568803732,7.050000000000001,4.439348180215935,-1.9649171510385672,3.980818113747602,1.0,0.0
7.1000000000000005,-0.0078087975155626075,-2.7948545275925287,4.356505437595221,0.6925665776454564,0.18784269740774062,0.6666060197013854,7.1000000000000005,4.7214034033778525,-3.2511868017913015,3.4236580549590543,7.1000000000000005,-0.009368893945455222,-3.353230200911825,4.356505437595221,0.07609591490231246,0.07125092075081017,-0.026718805306033953,7.1000000000000005,4.516889304081323,-2.9507073498753744,3.419885249641528,1.0,0.0
7.15,-0.010361557267836802,-3.787417286688657,4.387185053352934,0.7887109286057058,0.5898095327052824,0.5236312099484247,7.15,4.81403440816508,-4.074598662577727,2.5637029901915525,7.15,-0.011353967782001477,-4.150169008237899,4.387185053352934,0.11085149706282903,0.10905939066305113,-0.01985204546827323,7.15,4.592931595401381,-3.7748479373612462,2.6163989928594265,1.0,0.0
7.2,-0.012357152997841151,-4.612282642138215,4.417864669110647,0.880143325987848,0.8660908662512152,0.15664892491546434,7.2,4.904274930853186,-4.666841289413204,1.5074829938752605,7.2,-0.012628905417564009,-4.713713689294932,4.417864669110647,0.15853310796069325,0.1428937487047593,-0.06865947058329187,7.2,4.667332646194694,-4.378265049174636,1.6170309797312465,1.0,0.0
7.25,-0.013508332027923078,-5.147729841078374,4.448544284868359,0.9602584150912712,0.9013721852743116,-0.33109576766762217,7.25,4.991975926528169,-4.981850725815158,0.3177845130457942,7.25,-0.013126328571876941,-5.002156680304792,4.448544284868359,0.19341101021530543,0.12569723587445367,-0.14699667943877825,7.25,4.7399551541287686,-4.715320004806352,0.4826304128677567,1.0,0.0
7.300000000000001,-0.013286578051968775,-5.168704734042739,4.479223900626073,1.0238708847599025,0.6589093563900533,-0.7836772605611773,7.300000000000001,5.076995204419794,-4.990707811385026,-0.9320492728831823,7.300000000000001,-0.012829026637439605,-4.9907094554168445,4.479223900626073,0.2082129598189178,0.050391773123547604,-0.2020230329393636,7.300000000000001,4.810667109479362,-4.7571425744278635,-0.71562040551703,1.0,0.0
7.3500000000000005,-0.011787202004343456,-4.680289784055387,4.509903516383785,1.0671863745451722,0.1987476675400951,-1.0485161527903328,7.3500000000000005,5.159197511476032,-4.683971310640458,-2.16280644615222,7.3500000000000005,-0.011769654792916629,-4.67332239396999,4.509903516383785,0.20147818563731645,-0.04585276731831851,-0.19619118995754395,7.3500000000000005,4.879341961990353,-4.493872806171283,-1.9008117171340526,1.0,0.0
7.4,-0.010410670590051766,-4.218653579183138,4.540583132141498,1.087732607194371,-0.34142643192363453,-1.0327585469691158,7.4,5.23845461043898,-4.072731554311658,-3.2945810647400307,7.4,-0.010027331757637183,-4.06331548415677,4.540583132141498,0.17526366096936527,-0.11151790033409047,-0.13520765052858685,7.4,4.945858768642244,-3.9356449062880365,-2.995366109670804,1.0,0.0
7.45,-0.008018961782931397,-3.3157895763607663,4.571262747899211,1.0842309340463259,-0.7949878373600551,-0.7372591517184107,7.45,5.314645351107046,-3.1882929289082083,-4.252086947313949,7.45,-0.0077214699392100915,-3.1927785954925105,4.571262747899211,0.13468341959276256,-0.11987524836448471,-0.06139664765077362,7.45,5.010102323160489,-3.1122321465742435,-3.926211450542114,1.0,0.0
7.5,-0.005045990237050889,-2.1287771312558434,4.601942363656923,1.0564232877498554,-1.0250147366128002,-0.2556852608712624,7.5,5.38765573360771,-2.080487376346417,-4.969749146661151,7.5,-0.005003335162756146,-2.110782021787749,4.601942363656923,0.08903812440094089,-0.08684743998841986,-0.019629308808392552,7.5,5.071963267953239,-2.0713633765224624,-4.6297154506371525,1.0,0.0
7.550000000000001,-0.0022865351357649276,-0.9840535540271245,4.632621979414636,1.0048981939518673,-0.9708508325494222,0.25936275975131573,7.550000000000001,5.457378962644798,-0.8147155598305895,-5.396223095692759,7.550000000000001,-0.0020461624324888857,-0.8806046241375054,4.632621979414636,0.06003595004823156,-0.05520685489559441,-0.023590643711661172,7.550000000000001,5.131338189057423,-0.875813042973439,-5.056044216997782,1.0,0.0
7.6000000000000005,0.0005401193095884109,0.23709941404588233,4.663301595172349,0.9309750295095359,-0.666865342881217,0.6496192115648968,7.6000000000000005,5.523715491821598,0.5320991260535809,-5.498027223890668,7.6000000000000005,0.000966084497935984,0.42408790856594664,4.663301595172349,0.0764555602298801,-0.059305843502374125,-0.04825214623762069,7.6000000000000005,5.188129694588426,0.4005487132257027,-5.172644435509117,1.0,0.0
7.65,0.003531740060305454,1.5811498712460788,4.693981210930062,0.8367142361828019,-0.22838448196144798,0.8049417627568908,7.65,5.586573057275037,1.8763822127934986,-5.262032717095507,7.65,0.003850651762582664,1.7239257234844416,4.693981210930062,0.11188374247390014,-0.09866772929525096,-0.052750839099345914,7.65,5.242246477128331,1.6774872157296647,-4.966606967339769,1.0,0.0
7.7,0.005803021502952971,2.649270815807629,4.724660826687775,0.7251473930598568,0.18958947990619832,0.6999246893562219,7.7,5.6458666999851985,3.133285287359319,-4.696630079324897,7.7,0.006437319522965131,2.93884879377784,4.724660826687775,0.14102647988670777,-0.14030789259482662,-0.014218414286923655,7.7,5.293603360447002,2.8736024904348105,-4.445744624323652,1.0,0.0
7.75,0.008146203819072013,3.791930593343349,4.755340442445488,0.6009408192528116,0.44721680254632323,0.40140627768444703,7.75,5.701518776248417,4.222211454126423,-3.8314810181647605,7.75,0.008578570644046378,3.9931905946372757,4.755340442445488,0.15610352567421684,-0.14637747477801483,0.05423970506494769,7.75,5.34212133092665,3.9116502709622227,-3.638303515654335,1.0,0.0
7.800000000000001,0.01033112311217346,4.902655135128142,4.7860200582032,0.4721710189045678,0.4701533339463112,0.043604055689191464,7.800000000000001,5.7534589559203715,5.072119444906909,-2.715859770690962,7.800000000000001,0.010158014652044887,4.820506169157206,4.7860200582032,0.1549316862793947,-0.1043662117655612,0.11450555119767254,7.800000000000001,5.3877275540506995,4.7236289791411,-2.5913196375776457,1.0,0.0
7.8500000000000005,0.011714552358240808,5.6667580211612005,4.816699673960914,0.3554289375985793,0.2774740555588608,-0.22212131409248648,7.8500000000000005,5.801624208148099,5.6262494724211445,-1.4156836958342276,7.8500000000000005,0.011096604459513482,5.3678339902050025,4.816699673960914,0.1382581690610876,-0.036350149398507156,0.1333941076315985,7.8500000000000005,5.430355376319544,5.255291689006028,-1.3677239401965413,1.0,0.0
7.9,0.012616926404860241,6.220636777725889,4.847379289718626,0.28720115092786025,-0.024802593092299346,-0.2861281748975193,7.9,5.845958774416248,5.845951181385427,-0.009422156475735868,7.9,0.011356340800121635,5.599118911751171,4.847379289718626,0.10913761130125155,0.018815739627912182,0.10750342386546433,7.9,5.469944312967043,5.469780106434336,-0.04238365505333275,1.0,0.0
7.95,0.012328928587065548,6.194791916740882,4.878058905476339,0.3114483332066353,-0.28494848340380097,-0.12571565560050618,7.95,5.8864141288336445,5.7133532367871975,1.4168507641334724,7.95,0.010941328426760127,5.49757851364384,4.878058905476339,0.07315107467035563,0.035279557934615374,0.06408145221018374,7.95,5.506440021870243,5.350136178565157,1.302660579453675,1.0,0.0
8.0,0.011778041985001682,6.030357496320861,4.908738521234052,0.4106397298965575,-0.3676394990689322,0.18293765739689113,8.0,5.9229489256808225,5.23269112650578,2.7749355939933613,8.0,0.009896217861174993,5.066863544921596,4.908738521234052,0.04267554343109933,0.01843764266133739,0.0384870801728642,8.0,5.5397942640693465,4.900522016499594,2.58344817134356,1.0,0.0
8.05,0.010203660853322647,5.322842996201899,4.9394181369917645,0.5375472629160745,-0.21235062183173117,0.4938261569380873,8.05,5.955528934328261,4.43019934085303,3.9801581234828465,8.05,0.008302267262682487,4.330961778034355,4.9394181369917645,0.046836448420473034,-0.0017446985005239442,0.046803941370208345,8.05,5.569964851343757,4.1460651869291745,3.7194961904724186,1.0,0.0
8.1,0.007769641882535431,4.129106251696511,4.970097752749477,0.6657876868955072,0.137506500135183,0.6514331941513595,8.1,5.984126961718119,3.3525700672507606,4.956818479441824,8.1,0.006271420358503511,3.332889906743464,4.970097752749477,0.07501497219519974,0.004161364130380445,0.07489945995813971,8.1,5.596915581322002,3.131338173870876,4.638985370240352,1.0,0.0
8.15,0.005006204430017229,2.710075602085478,5.00077736850719,0.7825957652585764,0.5491294858776294,0.5575956774764553,8.15,6.008722762679962,2.0640763274897216,5.643078783168357,8.15,0.0039385845571735635,2.1321266569032176,5.00077736850719,0.10054146687177175,0.04183080995113065,0.09142630857450149,8.15,5.62061616063708,1.9175716730828263,5.2833933133739945,1.0,0.0
8.200000000000001,0.0017787888059600378,0.9807672263645744,5.031456984264903,0.8807394657720605,0.8539187067299029,0.21569619575964888,8.200000000000001,6.029302938422825,0.6425465524710972,5.994966876570848,8.200000000000001,0.001452660491497375,0.800950509875925,5.031456984264903,0.11586722259767791,0.08961341744733109,0.07344827217784106,8.200000000000001,5.641042116673623,0.5787852082901189,5.611271143399701,1.0,0.0
8.25,-0.001323813914333304,-0.7433421974905616,5.062136600022616,0.9557722007222189,0.9174824580279776,-0.26781792114108777,8.25,6.045860823612472,-0.8255461054352351,5.989232565720987,8.25,-0.0010330161369101884,-0.58005470175221,5.062136600022616,0.11880243161303561,0.1162939497629946,0.02428446016884235,8.25,5.65817469848806,-0.8029102714527502,5.600917426154944,1.0,0.0
8.3,-0.0037944633021813295,-2.169624788164356,5.092816215780329,1.0051456088182789,0.6956035623087402,-0.725571070971038,8.3,6.058396362503698,-2.2505580098359856,5.624869343332442,8.3,-0.0033702014347292983,-1.9270373677595618,5.092816215780329,0.10949614395824192,0.10538094440923622,-0.029736544808391996,8.3,5.672000767517096,-2.1425293519470956,5.251776907177197,1.0,0.0
8.35,-0.006262559411339609,-3.6459548429520012,5.123495831538041,1.0278638057347615,0.2521470534391329,-0.9964566556461505,8.35,6.066915974653104,-3.5453544684401526,4.923203340977545,8.35,-0.005424643087705366,-3.158134308649187,5.123495831538041,0.08986863463022872,0.06691912377981464,-0.05998501781981391,8.35,5.682512678722655,-3.3576072659747496,4.584476392273963,1.0,0.0
8.4,-0.007682598516374345,-4.55350687104914,5.154175447295755,1.0242788722663452,-0.2677202240020387,-0.988672387513434,8.4,6.07143241078801,-4.6308234712341205,3.92654625555771,8.4,-0.007083816467266593,-4.198606355414779,5.154175447295755,0.06358746887811799,0.028456355359358372,-0.05686476974355511,8.4,5.689708152852187,-4.373421708063373,3.639500161845401,1.0,0.0
8.450000000000001,-0.00893485059028734,-5.390852155356782,5.184855063053467,0.9959076279254803,-0.6959355837464049,-0.7123943196262218,8.450000000000001,6.071964599452118,-5.4408651581027625,2.6955037429658897,8.450000000000001,-0.008263052075332011,-4.985521765585156,5.184855063053467,0.037808367687010506,0.01326715395757988,-0.035404170559724356,8.450000000000001,5.6935901405217155,-5.12770323418655,2.4745965793152798,1.0,0.0
8.5,-0.009743060549925124,-5.983457060222767,5.21553467881118,0.9452406822900212,-0.9057564205397751,-0.27034284548898085,8.5,6.068537485088143,-5.9265345589456375,1.3051188947919528,8.5,-0.00890972393525621,-5.471684211739221,5.21553467881118,0.03183844797608312,0.023251803895028615,-0.02174949160676828,8.5,5.694166678854379,-5.574531729669359,1.1610900746647739,1.0,0.0
8.55,-0.0092928427645898,-5.808271826596543,5.246214294568893,0.8755454114123636,-0.855337456342688,0.1870230018539576,8.55,6.061181858252134,-6.059072490028507,-0.15989396293960514,8.55,-0.009005269353503358,-5.628530859918799,5.246214294568893,0.050743995949217885,0.03933475627226629,-0.03205822942546342,8.55,5.691450741429499,-5.687171708334087,-0.22065697823259917,1.0,0.0
8.6,-0.00861266645950981,-5.478138177569972,5.2768939103266055,0.7906723575562893,-0.5948568562927112,0.5208724388227632,8.6,6.049934178683403,-5.8316340284139425,-1.610511758741981,8.6,-0.008565144963496195,-5.447911844901535,5.2768939103266055,0.0714073580330782,0.038001305799665167,-0.06045586438704315,8.6,5.6854600823157755,-5.45967028479703,-1.5863343685712732,1.0,0.0
8.65,-0.008122968188695462,-5.257303810133463,5.307573526084319,0.6948725925477454,-0.2376381600809136,0.6529747504669556,8.65,6.034836391978214,-5.259610579522971,-2.959011123621312,8.65,-0.007636713282772281,-4.942592523541982,5.307573526084319,0.08540397676718403,0.010291251293859743,-0.08478165718158816,8.65,5.6762170749769245,-4.907123651175313,-2.85299452406335,1.0,0.0
8.700000000000001,-0.0069634979634484095,-4.58548429942467,5.338253141842031,0.5926279733510224,0.08969144024073324,0.5858014683710541,8.700000000000001,6.0159357406344265,-4.37953429975203,-4.124459013342014,8.700000000000001,-0.0062951272421306395,-4.145360174324754,5.338253141842031,0.0903420221157618,-0.03152196273577149,-0.08466431848925157,8.700000000000001,5.663748546848711,-4.064605235555091,-3.944240342705934,1.0,0.0
8.75,-0.005303152593615433,-3.552697928925964,5.368932757599744,0.48849090765717834,0.29579776738575114,0.38875062401665544,8.75,5.993284570248546,-3.2466462865219565,-5.0377324095462335,8.75,-0.0046376206272910805,-3.106843506173517,5.368932757599744,0.08591301094821316,-0.06400892580914941,-0.05730534762957644,8.75,5.648085610392679,-2.984835586574515,-4.794958559095502,1.0,0.0
8.8,-0.0031807569514963954,-2.167596801250152,5.399612373357457,0.3869280694133826,0.35232712654650916,0.15993413269045337,8.8,5.966940131655882,-1.9312963318285292,-5.645747870161329,8.8,-0.002776631419913758,-1.892196566991469,5.399612373357457,0.07321709146407836,-0.0707191796908332,-0.018961542825278267,8.8,5.629263491433877,-1.7347546937286389,-5.355299581589883,1.0,0.0
8.85,-0.0014800273018653397,-1.0258870294005802,5.43029198911517,0.2921655151511706,0.2916373486369164,-0.017559758642378187,8.85,5.93696437980913,-0.5144164782442111,-5.914636230068019,8.85,-0.0008322419065288724,-0.5768719105083523,5.43029198911517,0.05460801698911377,-0.05399052686985477,0.008188927145776093,8.85,5.607321355587285,-0.391226687588333,-5.593656627264842,1.0,0.0
8.9,0.0008331813684943206,0.5873670361660727,5.460971604872882,0.20804306324163233,0.17941901511927555,-0.10531254994819468,8.9,5.903423770190709,0.9176316830483969,-5.831669083951733,8.9,0.0010755542095659933,0.7582323755635287,5.460971604872882,0.034265821931827756,-0.031758562933770725,0.012866243936963593,8.9,5.582302133570734,0.963839726714529,-5.498464339401979,1.0,0.0
8.950000000000001,0.002382156678295209,1.707809512642121,5.491651220630596,0.13790805485624083,0.0780312646039404,-0.11370907324634112,8.950000000000001,5.86638905354969,2.278498691976783,-5.405826878310821,8.950000000000001,0.002834255940805861,2.031927329160694,5.491651220630596,0.02282561499958975,-0.02272995796243154,0.002087513146208077,8.950000000000001,5.554252346190543,2.248637448033409,-5.078715265937336,1.0,0.0
9.0,0.004320477389211521,3.149628016735199,5.522330836388308,0.08460920800946332,0.01933536152611175,-0.08237027300333045,9.0,5.825935069745492,3.4872258245117336,-4.666987838611632,9.0,0.004345473225818831,3.167849981621928,5.522330836388308,0.03256064245171029,-0.0320154226823706,-0.005933645366658514,9.0,5.52322192977014,3.3865428929344112,-4.363176333797343,1.0,0.0
9.05,0.005907548232535526,4.378778870492932,5.553010452146021,0.05045733907622191,-0.0007538846367028864,-0.05045170685524301,9.05,5.782140541467833,4.4732170385182215,-3.6638065679831135,9.05,0.005530430078540344,4.099252248044238,5.553010452146021,0.04831852318234543,-0.04822622322925937,0.0029851424697151753,9.05,5.489264062771735,4.3108111777431715,-3.3983712187872857,1.0,0.0
9.1,0.0068975588080258205,5.197800288522825,5.583690067903734,0.0350944211557178,-0.006523207882043191,-0.034482838560399034,9.1,5.735087868585789,5.1804915005351715,-2.4604350577251037,9.1,0.00633381649474289,4.772980429759894,5.583690067903734,0.06036941497369831,-0.053551580460739316,0.027869239215011832,9.1,5.45243499433659,4.968591267533492,-2.2454728196208875,1.0,0.0
9.15,0.007778706888890884,5.958963005672279,5.6143696836614465,0.031235208986484707,-0.018005295928059075,-0.025523471530581304,9.15,5.6848629238589,5.570954757121672,-1.1323115989730779,9.15,0.006725894985164309,5.152444997493084,5.6143696836614465,0.06608930886351568,-0.038257206996952196,0.053890470946629555,9.15,5.412793875441078,5.324015489252562,-0.9763178827673069,1.0,0.0
9.200000000000001,0.007923821034807562,6.170184353952233,5.64504929941916,0.03484948180811885,-0.03451691921170025,-0.0048029855743448955,9.200000000000001,5.631554850719861,5.626493790430002,0.23869994327402205,9.200000000000001,0.006703066317554174,5.219597304683626,5.64504929941916,0.06487495773910155,-0.008164517236024111,0.0643591547485894,9.200000000000001,5.370402593333508,5.360180640736194,0.3311910523552769,1.0,0.0
9.25,0.007162977347072157,5.669160805644468,5.675728915176872,0.050553529081560335,-0.03670656237579501,0.03476043125670388,9.25,5.575255863812178,5.34978005431731,1.569500340044805,9.25,0.006286829335772912,4.9757307241391455,5.675728915176872,0.05724678220897693,0.020238175286579837,0.05355007314982592,9.25,5.3253256098811645,5.079911571122627,1.5979960202799754,1.0,0.0
9.3,0.006319801640322655,5.0833766880050115,5.706408530934585,0.07739591049792148,-0.0047458808956039895,0.07725026586573676,9.3,5.516061052937421,4.7637497570612215,2.7809382934240463,9.3,0.005521270855867417,4.441072861812949,5.706408530934585,0.04460091042260694,0.032572859393906826,0.030467196153078878,9.3,5.27762980441823,4.505277605752392,2.748790651830293,1.0,0.0
9.35,0.00461518435405666,3.7724534217000465,5.737088146692298,0.10996925084614599,0.06103300744094488,0.09147791063626316,9.35,5.454068191035771,3.909816445729585,3.802656333823854,9.35,0.004469309855620749,3.6532155519755958,5.737088146692298,0.029218714587766915,0.026980384610932263,0.011215709001554592,9.35,5.227384321643928,3.6759122921742,3.7166134674473987,1.0,0.0
9.4,0.0026618839079522545,2.2109181838026153,5.767767762450011,0.14310994283544945,0.13289902579480542,0.05308770743926746,9.4,5.389377546790848,2.844951719392604,4.577296151242391,9.4,0.0032079839888834085,2.6645001734227374,5.767767762450011,0.015778122137641196,0.01436379170621019,0.0065292132765694365,9.4,5.174660425076417,2.646262461197928,4.446842194333719,1.0,0.0
9.450000000000001,0.00044458615579005925,0.3751900914268248,5.798447378207723,0.17232236237429063,0.16886324705770608,-0.03435404441087616,9.450000000000001,5.322091702415884,1.6378404482031248,5.0638067454390265,9.450000000000001,0.0018231097224130775,1.5385380190657525,5.798447378207723,0.016864545941076874,0.008956985755898454,0.014289342740914457,9.450000000000001,5.119531356522462,1.4819587288285234,4.900346889401368,1.0,0.0
9.5,-0.0012956335707444457,-1.1108438327170191,5.829126993965437,0.19379572895861918,0.13892185692920797,-0.1351203250068,9.5,5.252315377143384,0.36437276493320575,5.239661182667423,9.5,0.00040366935029317267,0.3460960092076089,5.829126993965437,0.02817599362194969,0.01708480130143491,0.02240527127875576,9.5,5.062072201976038,0.2555522096234716,5.055617474273059,1.0,0.0
9.55,-0.002936056297540037,-2.5572576912495752,5.859806609723149,0.20456056087878813,0.04710581786511324,-0.1990629674005267,9.55,5.180155256905292,-0.89722706648048,5.101861628544856,9.55,-0.0009637170322199357,-0.8393819951264196,5.859806609723149,0.03800304280172369,0.032838960117708316,0.019126786467601013,9.55,5.002359764311365,-0.9581017820495598,4.90974991082384,1.0,0.0
9.600000000000001,-0.00404043504540144,-3.57471834032829,5.890486225480862,0.2026638979124278,-0.06652489947058225,-0.19143430535692366,9.600000000000001,5.105719830655658,-2.071317155005484,4.6666926438892915,9.600000000000001,-0.002199987035748709,-1.946407730060171,5.890486225480862,0.043567955287191956,0.04350364658148389,0.0023663182415099926,9.600000000000001,4.940472443088016,-2.086514914983124,4.478250045549605,1.0,0.0
9.65,-0.004675228349024699,-4.201310386144307,5.921165841238575,0.18729400822564055,-0.14726602503590966,-0.11572278681119434,9.65,5.029119233753457,-3.08948542777062,3.968264111535666,9.65,-0.0032381163499878834,-2.9098753765868555,5.921165841238575,0.04421476461482911,0.03989533138004299,-0.01906063860476091,9.65,4.8764901217384535,-3.0639958554216067,3.793690196282761,1.0,0.0
9.700000000000001,-0.004955946780557511,-4.523158816051767,5.9518454569962875,0.15883171399866208,-0.15823553250045147,-0.01374880453171682,9.700000000000001,4.950465098790288,-3.8946372493261987,3.0559622691554296,9.700000000000001,-0.004026574729089581,-3.6749460377223766,5.9518454569962875,0.04016293192847302,0.023342416571779018,-0.032683217248011154,9.700000000000001,4.810494062361903,-3.835564063637584,2.9033259268898943,1.0,0.0
9.75,-0.004576932467584808,-4.242172766322863,5.982525072754001,0.11885127355267205,-0.10342222974626888,0.05856165656299402,9.75,4.869870414216339,-4.444274513956532,1.9909952023689188,9.75,-0.004531649783358004,-4.2002020859220845,5.982525072754001,0.032250156113993456,0.004175721000739577,-0.031978679201945345,9.75,4.7425668083040975,-4.360110547027444,1.8658445671941049,1.0,0.0
9.8,-0.003558209381446213,-3.3489582041421246,6.013204688511713,0.07030738061658226,-0.02590358355903033,0.06536154930817736,9.8,4.787449391089394,-4.712774865538954,0.842273553536206,9.8,-0.0047385610026647994,-4.459895707220089,6.013204688511713,0.02181906687796132,-0.0065353421679109226,-0.020817324087722563,9.8,4.672792094660293,-4.612621399343722,0.7474689199131253,1.0,0.0
9.850000000000001,-0.0031224651072579877,-2.984051303059042,6.043884304269426,0.02307426827715588,0.01869517798943538,0.013524502817830053,9.850000000000001,4.703317338245752,-4.692548290143715,-0.31809515700871926,9.850000000000001,-0.004651362418146732,-4.445175080614218,6.043884304269426,0.011023685902704843,-0.005211934230929844,-0.009713773337583867,9.850000000000001,4.601254766800218,-4.585343379089862,-0.38232384811635867,1.0,0.0
9.9,-0.003114681161581987,-3.0221720164018406,6.074563920027139,0.05116255256161372,-0.0025439508651803867,-0.051099267104484335,9.9,4.617590546169776,-4.394023443047702,-1.419401435121052,9.9,-0.004291705956878207,-4.164237998252967,6.074563920027139,0.007698295097141816,0.0023184973038223094,-0.007340866274142746,9.9,4.528040706978771,-4.287840684016235,-1.4551889611153574,1.0,0.0
9.950000000000001,-0.002480685725060615,-2.4436611805283706,6.105243535784852,0.1062695221761355,-0.07794592084542135,-0.07223326634663191,9.950000000000001,4.530386179820647,-3.8444926720530344,-2.3967217262002776,9.950000000000001,-0.0036966021247401876,-3.6414298759531762,6.105243535784852,0.015442331500012438,0.006209571908162576,-0.014138840789599216,9.950000000000001,4.453236769066298,-3.7459638405122258,-2.408126372709485,1.0,0.0
10.0,-0.002083741917015581,-2.083741917015581,6.135923151542564,0.15803392556772017,-0.15686122624459856,-0.019216590004071506,10.0,4.441822180661397,-3.0859177465784033,-3.194823304342204,10.0,-0.00291536833527761,-2.91536833527761,6.135923151542564,0.022752552760576347,0.0006110265529595274,-0.022744346631072717,10.0,4.3769307214077635,-2.9998205931132973,-3.187255708150268,1.0,0.0
10.05,-0.0019115526675572943,-1.9403695629648043,6.166602767300278,0.20200290930255113,-0.17994852474759637,0.09178073767331789,10.05,4.352017178126812,-2.1718630971299637,-3.7713477970131453,10.05,-0.0020060553802858307,-2.0362969159005626,6.166602767300278,0.027191712464636718,-0.012027642992674432,-0.02438698486488745,10.05,4.299211197802106,-2.1009004664372113,-3.7509244398455865,1.0,0.0
10.100000000000001,-0.001493527394814836,-1.5387827684051207,6.19728238305799,0.23535201640001271,-0.11596616858137052,0.20479848477981716,10.100000000000001,4.261090410763783,-1.1637758512941048,-4.099087368750238,10.100000000000001,-0.0010315369058084723,-1.062793505591375,6.19728238305799,0.028271514607790895,-0.02338223009343687,-0.015891817204967757,10.100000000000001,4.220167656582249,-1.1085554424501665,-4.071967568716262,1.0,0.0
10.15,-0.0008895439842226329,-0.9301769079129486,6.227961998815704,0.25622468931141706,0.017223800153848636,0.2556451292729679,10.15,4.1691616572802666,-0.12686895172873272,-4.167230878367935,10.15,-5.53273680225961e-05,-0.05785463228689527,6.227961998815704,0.026104666452786314,-0.02603774948394399,-0.0018679433670755708,10.15,4.139890347773397,-0.08607589651361679,-4.13899541333724,1.0,0.0
10.200000000000001,-0.00015986649602423727,-0.16965160451288883,6.258641614573416,0.26373607743990296,0.16030710989330973,0.2094238502679215,10.200000000000001,4.07635117774729,0.8741169271174094,-3.981527159526672,10.200000000000001,0.0008624446274331508,0.9152331381890794,6.258641614573416,0.021215154150027445,-0.01910048267340907,0.009233326987182173,10.200000000000001,4.058470288313488,0.9033785214416925,-3.9566511506729007,1.0,0.0
10.25,0.0007133201784075875,0.7681678127504583,6.2893212303311286,0.25799927839406217,0.24464764401370045,0.08192165727329068,10.25,3.9827796652123615,1.7789959716389585,-3.5633842333547823,10.25,0.0016686561729569135,1.7969601890056786,6.2893212303311286,0.01442789638320352,-0.008430400874640193,0.01170865214861741,10.25,3.975999245335516,1.800729993786263,-3.544847174193426,1.0,0.0
10.3,0.0015492832732776083,1.6929436633588215,6.320000846088842,0.24012698795583173,0.23038711438008286,-0.06769599598468713,10.3,3.888568208001431,2.535804775953,-2.947992002454114,10.3,0.002320188005279493,2.535332078445045,6.320000846088842,0.006826310729331516,-0.0017325352549045988,0.006602790301372536,10.3,3.8925697275380045,2.5545662217948117,-2.937054732586758,1.0,0.0
10.350000000000001,0.0021695741217813164,2.4054456099563737,6.350680461846554,0.21223880469327874,0.128695706908535,-0.1687682589853441,10.350000000000001,3.7938382630096186,3.1038290081385127,-2.1816173482335843,10.350000000000001,0.002786131979163753,3.089034327407982,6.350680461846554,0.00267326430821176,-0.0026588959285670736,0.00027679324884891983,10.350000000000001,3.8082749847078556,3.1241367575804113,-2.17778049377952,1.0,0.0
10.4,0.0026987618521611204,3.0357400520693667,6.381360077604267,0.17757071397742297,-0.004383626602761445,-0.17751659719659826,10.4,3.698711640306499,3.455811076004653,-1.3182706873409393,10.4,0.0030490987524886136,3.429821419119352,6.381360077604267,0.008541045199262215,-0.00849173118603446,-0.0009164903490871735,10.4,3.7232090155099717,3.4815851107880356,-1.3194129336617084,1.0,0.0
10.450000000000001,0.0031871712322699315,3.637091844840954,6.41203969336198,0.14093138232777605,-0.09890736886060277,-0.10039415774780151,10.450000000000001,3.6033104994076846,3.5792189257295943,-0.41597888989796955,10.450000000000001,0.00310558102287613,3.5439838617490906,6.41203969336198,0.013639866515559576,-0.012864206360079487,0.004534109977445829,10.450000000000001,3.637466583721131,3.6132933471251474,-0.41865777827364187,1.0,0.0
10.5,0.003546588043995951,4.105618984430812,6.442719309119693,0.10993964078941662,-0.1094389390267511,0.01048061265408728,10.5,3.50775735758737,3.476520818571591,0.4670810183968556,10.5,0.0029653930384533197,3.432813116139524,6.442719309119693,0.01672274857277018,-0.011005174145144663,0.012591126314318614,10.5,3.5511432431622008,3.5202763134758213,0.4671969715629963,1.0,0.0
10.55,0.0036430002124012034,4.277761578535282,6.473398924877405,0.09568636330126927,-0.039570013872187455,0.08712114625036439,10.55,3.4121751106217952,3.164477681069813,1.2763306748479715,10.55,0.0026502685998664732,3.112055044826533,6.473398924877405,0.017566857841344066,-0.0032867981838016758,0.017256635017202787,10.55,3.4643353716732688,3.217625800733782,1.28394072054704,1.0,0.0
10.600000000000001,0.00338904612296626,4.0364081571907855,6.504078540635119,0.10392388156549773,0.060997695040679006,0.08413949345797087,10.600000000000001,3.316687066354745,2.672528950583311,1.9641797535915377,10.600000000000001,0.0021917531648592676,2.6104130873980265,6.504078540635119,0.016277812020385994,0.005474939840466642,0.015329455238666958,10.600000000000001,3.377140214580828,2.7330667127090877,1.9837899013808353,1.0,0.0
10.65,0.00282383372276555,3.4110488864770008,6.534758156392831,0.12537503816514278,0.12529263576708877,0.004544845151008098,10.65,3.221416991454363,2.0404055330829394,2.492844297864471,10.65,0.0016285674556571603,1.9672274473482712,6.534758156392831,0.013217918055379392,0.010041515505176228,0.008595424601381246,10.65,3.2896559382243926,2.104743636951098,2.5282188225327475,1.0,0.0
10.700000000000001,0.0019706935824567655,2.414184378333584,6.565437772150545,0.1483709889532106,0.10804081767495238,-0.10169135695368331,10.700000000000001,3.126489171673946,1.3151508749773924,2.8364260463901814,10.700000000000001,0.0010036476016381634,1.229511468853621,6.565437772150545,0.008947654977278353,0.008716461799535762,0.0020208471712744288,10.700000000000001,3.201981694241009,1.378403527082972,2.8901021585369167,1.0,0.0
10.75,0.0008892574924002536,1.1047218038791713,6.596117387908257,0.16662407765469878,0.013062557423913374,-0.1661112664686717,10.75,3.032028485822037,0.5477653096063123,2.982138478412459,10.75,0.00036107889474551783,0.44856718257081074,6.596117387908257,0.00424513247416232,0.004235126842719828,-0.00029129083277969295,10.75,3.114217695448155,0.6041755767731205,3.0550488911101383,1.0,0.0
10.8,-0.0001774853387832644,-0.2235804110893436,6.62679700366597,0.17775534984996005,-0.10684328515923715,-0.1420615247583371,10.8,2.93816049346818,-0.21029220137761878,2.9306252362622103,10.8,-0.0002568635405094245,-0.32357408434220825,6.62679700366597,0.0022646265583958795,0.0012009075390769662,0.0019199881592291321,10.8,3.0264653043153276,-0.16682929992929454,3.021863700253466,1.0,0.0
10.850000000000001,-0.000911295344263728,-1.1639876328911913,6.657476619423683,0.18201148212933696,-0.17875007085693215,-0.03430148386818983,10.850000000000001,2.845011536132806,-0.9105079680799023,2.6953786154809043,10.850000000000001,-0.0008123725118342915,-1.0376345748148748,6.657476619423683,0.005829103515621729,0.002367684705155031,0.005326585860831358,10.850000000000001,2.9388271351672905,-0.8858707992208812,2.802130949381799,1.0,0.0
10.9,-0.0011396667722360682,-1.4759015203821033,6.6881562351813955,0.18203167569122178,-0.15225414022526476,0.0997707759778361,10.9,2.7527088512972977,-1.5103992419772054,2.3013257374489973,10.9,-0.0012743018225901646,-1.6502578150071185,6.6881562351813955,0.008994747469737276,0.006723150461208023,0.0059753434981014665,10.9,2.851407171409769,-1.509663893378914,2.4189745319442864,1.0,0.0
10.950000000000001,-0.00166318175799279,-2.1836451755781496,6.718835850939108,0.18282857268338654,-0.032154998986478785,0.17997872938106851,10.950000000000001,2.661380697978126,-1.976085563722352,1.7827038633543852,10.950000000000001,-0.0016197729871522905,-2.1266523949827016,6.718835850939108,0.010922914605006677,0.010651328798248363,0.00242059048578508,10.950000000000001,2.764310899200049,-2.0029998310291908,1.9051001087431645,1.0,0.0
11.0,-0.002475643344906043,-3.295081292069943,6.749515466696821,0.19078872290589666,0.118665658539442,0.14939477324010894,11.0,2.571156491779376,-2.2841899586141845,1.1803905871301068,11.0,-0.0018351214825052186,-2.442546693214446,6.749515466696821,0.011474972022743533,0.010964563040961493,-0.0033842783933252384,11.0,2.6776454590841343,-2.3407434667161424,1.3002712130857854,1.0,0.0
11.05,-0.0020938736775448883,-2.825122678372294,6.780195082454534,0.21072167826445118,0.21043071046037776,0.011069859336393442,11.05,2.4821669461997415,-2.4229638856111593,0.5388865908803303,11.05,-0.0019161290432481094,-2.585303818860386,6.780195082454534,0.010734443438264367,0.0072924428399233875,-0.007877090411804795,11.05,2.591519817165341,-2.509092778920449,0.6484044953036208,1.0,0.0
11.100000000000001,-0.0012267701333765505,-1.6777688642799058,6.810874698212247,0.24295005131980607,0.17662620728627904,-0.16681699654399967,11.100000000000001,2.3945442154357908,-2.392585473918837,-0.09683361848851786,11.100000000000001,-0.0018675734515163859,-2.5541513470708073,6.810874698212247,0.008945849575709501,0.002078914919331756,-0.008700938879764742,11.100000000000001,2.5060449573236574,-2.5060388998836385,-0.005510026981298164,1.0,0.0
11.15,-0.0009265994896760279,-1.284448390366015,6.84155431396996,0.283754502784701,0.01569262548862751,-0.2833202416980943,11.15,2.30842203188933,-2.204638190712023,-0.6843849248530248,11.15,-0.0017022965515045355,-2.359716457722312,6.84155431396996,0.006471196357902014,-0.001537263254415155,-0.006285952910191836,11.15,2.421334095824931,-2.3410203865884345,-0.618451577071053,1.0,0.0
11.200000000000001,-0.0008820810870625395,-1.2392604174845998,6.872233929727672,0.3278845562005962,-0.20069488604653252,-0.25928718616551655,11.200000000000001,2.2239358289341493,-1.8808327084256902,-1.1867429772840894,11.200000000000001,-0.0014398253163437772,-2.0228509020402305,6.872233929727672,0.0037799559590796974,-0.0020968065736893127,-0.003145070626411337,11.200000000000001,2.3375029192811736,-2.033820013370131,-1.1521701483995876,1.0,0.0
11.25,-0.0008898343430718826,-1.2669711642566452,6.902913545485386,0.3702791610997079,-0.36047609676515985,-0.08463829396708404,11.25,2.1412228360969174,-1.4510846291446324,-1.5745439444115594,11.25,-0.0011046476127675817,-1.572828339272592,6.902913545485386,0.0018121241128437608,-0.000614397070618041,-0.0017047903214078139,11.25,2.254669846262311,-1.612802385651675,-1.575564844898736,1.0,0.0
11.3,-0.0008411728671138571,-1.2137258064399832,6.933593161243098,0.40668426480986103,-0.3697811851776245,0.16927482486349993,11.3,2.060422129529511,-0.9511015927527583,-1.8277705304873726,11.3,-0.0007242756798339349,-1.0450552056053453,6.933593161243098,0.002584286552871488,0.0006041504734347989,-0.0025126757038664792,11.3,2.1729563118011024,-1.1126328507300818,-1.866490630159311,1.0,0.0
11.350000000000001,-0.000512810078449113,-0.7497977563569735,6.964272777000811,0.4338262002454779,-0.20591396270703263,0.38184370098473047,11.350000000000001,1.9816746153866558,-0.419662543980079,-1.936728589774008,11.350000000000001,-0.00032723540753603085,-0.4784624653109725,6.964272777000811,0.004139172301168034,-4.9227040463900475e-05,-0.004138879563027154,11.350000000000001,2.0924870724252576,-0.5716497919661399,-2.0128881398656744,1.0,0.0
11.4,1.4697051753541387e-08,2.177432884314872e-05,6.994952392758524,0.44948791432453117,0.06542120964490175,0.4447015296267991,11.4,1.9051229174179822,0.10421218910413851,-1.9022705249551988,11.4,5.888362238951799e-05,0.08723867744945604,6.994952392758524,0.005165455925351123,-0.002327692337921794,-0.004611266994734224,11.4,2.0133905269978642,-0.02908147915038448,-2.0131804891204275,1.0,0.0
11.450000000000001,0.0004907585915192488,0.7366893159012693,7.0256320085162365,0.45256838803284694,0.32018690141050193,0.31984135756932847,11.450000000000001,1.830911132787336,0.5839996402417869,-1.7352751932653419,11.450000000000001,0.00040919390327799534,0.6142506354165639,7.0256320085162365,0.005506737578573494,-0.004577918882576696,-0.0030605256842283156,11.450000000000001,1.935799045300644,0.47769585773595324,-1.8759329975478325,1.0,0.0
11.5,0.0009395304120299798,1.4289083153960955,7.056311624273949,0.443123900232473,0.4387537111277793,0.062080366693825974,11.5,1.7591844120751445,0.9881336601939751,-1.4554455212339037,11.5,0.0007029869361868484,1.069155256573173,7.056311624273949,0.005222756700826102,-0.005215653786665798,-0.00027229236798461765,11.5,1.8598492916493021,0.9156702770999262,-1.618822822696837,1.0,0.0
11.55,0.0011346741917234024,1.7483047180989528,7.086991240031662,0.42238016325099764,0.36788584758380966,-0.20752109641065747,11.55,1.690088311115337,1.2920220170183976,-1.08953091140564,11.55,0.0009248411851590949,1.4249942576468002,7.086991240031662,0.004468267901752938,-0.0039329543892285684,0.0021206809788564002,11.55,1.7856825245279713,1.2583093291563257,-1.2670121193432786,1.0,0.0
11.600000000000001,0.0009796375278937,1.5291122987391657,7.117670855789375,0.39270994632313644,0.1482069347281939,-0.3636699141248745,11.600000000000001,1.623767854689112,1.4794938875372325,-0.6691187358471198,11.600000000000001,0.0010653092926890561,1.6628370137211776,7.117670855789375,0.0034442737289018923,-0.0017410457492575328,0.002971831290399242,11.600000000000001,1.7134448448767414,1.4871430937336962,-0.8510573747961129,1.0,0.0
11.65,0.000885927610043379,1.400799612130411,7.148350471547088,0.357568022534799,-0.10788606379853792,-0.3409039277824536,11.65,1.5603662466108106,1.5435943123764972,-0.22816533996476734,11.65,0.0011211630701722147,1.7727461883203741,7.148350471547088,0.0023592848280315176,-2.03933670556608e-06,0.0023592839466426057,11.65,1.6432873548774565,1.5927208753998634,-0.4045164320094304,1.0,0.0
11.700000000000001,0.0008691505674351407,1.3920428477614986,7.179030087304801,0.32133810540129815,-0.27561248641016045,-0.16521481567252044,11.700000000000001,1.5000231595200024,1.4866907718015046,0.19954956310805957,11.700000000000001,0.0010952049362472301,1.7540944635577356,7.179030087304801,0.0014011768523666452,0.0006235781200622792,0.0012547696600522715,11.700000000000001,1.5753661755681734,1.5748939849789214,0.03856842233622596,1.0,0.0
11.75,0.0007629107381760251,1.2376200245257727,7.209709703062513,0.28893508735542905,-0.2819613671686846,0.06309732268056754,11.75,1.4428725435457803,1.3199068536354919,0.5828611109383829,11.75,0.000995682595009238,1.6152305322131892,7.209709703062513,0.0007444096608633375,0.00047116475850232995,0.0005763241392932541,11.75,1.5098422553311277,1.4424259213317463,0.44612901435980323,1.0,0.0
11.8,0.0005795006911333061,0.9521381795541385,7.240389318820227,0.26484973056262445,-0.14019537343363878,0.22470121727951842,11.8,1.3890399092714267,1.0619454782275615,0.8953790654358683,11.8,0.0008353681161191082,1.372536546563411,7.240389318820227,0.0005897751930152814,0.00031734956593109005,0.000497115712183352,11.8,1.4468808826806907,1.21197893816355,0.7902982614904378,1.0,0.0
11.850000000000001,0.00047890125000336583,0.7968948527263824,7.271068934577939,0.25150876119393256,0.06247277988804544,0.2436263711718549,11.850000000000001,1.3386390705166193,0.7374059997285585,1.1172228751139694,11.850000000000001,0.0006303817975704568,1.0489594874366495,7.271068934577939,0.0007917590706067564,0.0005945073593072589,0.0005229181825272328,11.850000000000001,1.3866507970911608,0.9065690843233872,1.0492535100835294,1.0,0.0
11.9,0.00045092797798676796,0.7598853404562039,7.301748550335652,0.24788569617737666,0.21509999722108683,0.12320434068989257,11.9,1.291768379008827,0.3747328608813544,1.2362203800224165,11.9,0.0003988542402586745,0.6721328126600676,7.301748550335652,0.0010832798143623997,0.001076344291740357,0.00012238513734512147,11.9,1.3293227733850468,0.5536173645472906,1.2085556873854943,1.0,0.0
11.950000000000001,0.00019959808303130803,0.3406121077623366,7.332428166093365,0.2499549301565245,0.24215021526587907,-0.061973706975147765,11.950000000000001,1.2485065466047263,0.003956141084526571,1.2485002786794157,11.950000000000001,0.00015952635535715535,0.2722301102126377,7.332428166093365,0.001421719503556765,0.0012151856500678157,-0.0007379770881693782,11.950000000000001,1.2750675427456286,0.18275028556201145,1.261903154639998,1.0,0.0
12.0,-0.0002121632458937708,-0.366618088904436,7.3631077818510775,0.25276345707611536,0.13948177232511003,-0.21079421344551982,12.0,1.2089082282772505,-0.34560508980648474,1.1584542400527922,12.0,-6.961343400952374e-05,-0.12029201396845703,7.3631077818510775,0.001761977193857233,0.0007143483649998571,-0.0016106737860581953,12.0,1.2240529131535505,-0.17648291840454036,1.2112635195163395,1.0,0.0
12.05,-0.0005506775953038753,-0.9635151505619372,7.39378739760879,0.252238039584587,-0.030200862354495015,-0.25042351432427534,12.05,1.1729996224908452,-0.6475077189709414,0.978090930454175,12.05,-0.00027255983103058475,-0.4768952448258828,7.39378739760879,0.0020397213048683528,-0.00022453372638198572,-0.002027325234699868,12.05,1.1764399725086878,-0.4968074381905429,1.0663926942148432,1.0,0.0
12.100000000000001,-0.0006796066813174537,-1.20396469196143,7.424467013366503,0.24587579857205802,-0.17657878013169806,-0.17109892673727875,12.100000000000001,1.1407744211898785,-0.8800631458100077,0.7258478762303401,12.100000000000001,-0.0004363390122510116,-0.7730011768824147,7.424467013366503,0.0022279176288934753,-0.0011588592378974699,-0.0019028037807073067,12.100000000000001,1.1323783086273338,-0.7551760982752322,0.8437948177391811,1.0,0.0
12.15,-0.0009532657087725583,-1.7097901251833156,7.455146629124216,0.2327097389050058,-0.23145282301323214,-0.02415394999666529,12.15,1.112190491493782,-1.0277998469047025,0.42496489745842575,12.15,-0.000551788226765934,-0.9896947436949124,7.455146629124216,0.0023801139453886004,-0.001846223394077142,-0.0015021323417713792,12.15,1.0920002703804672,-0.934342191825737,0.5652161171492645,1.0,0.0
12.200000000000001,-0.0011738552669069305,-2.1315427387024166,7.485826244881929,0.21303165615200398,-0.18122953004204648,0.11197474699058102,12.200000000000001,1.0871676767241703,-1.082414295662999,0.10155220262605741,12.200000000000001,-0.0006139898854668083,-1.114912305545133,7.485826244881929,0.0026250915604265073,-0.0024029625924712468,-0.0010568237695123724,12.200000000000001,1.0554144271210686,-1.023946877823874,0.2557975847619245,1.0,0.0
12.25,-0.0009854950026961969,-1.811601587065701,7.516505860639642,0.18808180772601335,-0.06649480226363869,0.17593523714539008,12.25,1.0655870519027166,-1.0431547167416615,-0.21749483240377648,12.25,-0.0006223675724688895,-1.144076914584256,7.516505860639642,0.0030690782488263985,-0.003033468980940955,-0.0004661622454557634,12.25,1.0226985526174552,-1.0210544516077453,-0.05796668334348823,1.0,0.0
12.3,-0.0007414652499335541,-1.3797682152481032,7.547185476397354,0.1597560384399402,0.04723829451885486,0.15261236958049496,12.3,1.0472918556063964,-0.9166254241566845,-0.5065748341647732,12.3,-0.0005804570738804013,-1.080153413700601,7.547185476397354,0.0036827808714251548,-0.003636615600708995,0.0005812933163343428,12.3,0.9938926431418311,-0.9301112491899939,-0.35030793628132995,1.0,0.0
12.350000000000001,-0.0006652538276317063,-1.2531072850232186,7.577865092155068,0.13033097851542083,0.10788988105305886,0.07311591842508645,12.350000000000001,1.0320901581032673,-0.7160426609346762,-0.7432987301046703,12.350000000000001,-0.0004953869351323167,-0.9331370245994273,7.577865092155068,0.004320537116707968,-0.0037354824141288606,0.0021709933465087414,12.350000000000001,0.9689926385870103,-0.7623472760485509,-0.5981415922147288,1.0,0.0
12.4,-0.0005117109514416716,-0.9756403810815258,7.60854470791278,0.1021930133609838,0.10165920103432151,-0.010431626184906041,12.4,1.0197591411815454,-0.46001275778058137,-0.9101082181270683,12.4,-0.000377122406370648,-0.7190306309240304,7.60854470791278,0.004808601668931963,-0.0028641486393678373,0.00386255130478064,12.4,0.9479456005664562,-0.5346806534481798,-0.782762710188424,1.0,0.0
12.450000000000001,8.627770741177411e-05,0.16649709127151432,7.639224323670493,0.07753344844763639,0.052207716324923964,-0.05732181072086398,12.450000000000001,1.0100506922709647,-0.17093718475395137,-0.9954812302728007,12.450000000000001,-0.00023754110443137248,-0.45840233974331657,7.639224323670493,0.0050037132938396765,-0.0010761933213617333,0.0048866097308874895,12.450000000000001,0.930647065166342,-0.26822065988590327,-0.8911574706599817,1.0,0.0
12.5,0.0002780306554057574,0.5430286238393699,7.669903939428206,0.057923773533655874,-0.001369728373360309,-0.05790757622765318,12.5,1.0026978870485488,0.1268256877348338,-0.994644809779959,12.5,-8.94175033320072e-05,-0.17464356119532656,7.669903939428206,0.00482582208367169,0.0009323545957950158,0.004734899543913607,12.5,0.9169411057265827,0.013507040001464708,-0.9168416173153829,1.0,0.0
12.55,4.0139138938628394e-05,0.07934128487005056,7.7005835551859185,0.04372548750306564,-0.03108458708240391,-0.0307516943158779,12.55,0.9974218724347464,0.40889727499466194,-0.909754587849479,12.55,5.460389461016903e-05,0.10793313638101877,7.7005835551859185,0.00428842111510191,0.00227983933678914,0.0036322015718955863,12.55,0.9066233279617549,0.28647137173490367,-0.8601744078852674,1.0,0.0
12.600000000000001,-2.0722786279518785e-05,-0.041453364326678684,7.731263170943632,0.03385378494479859,-0.0337326087929579,-0.0028617929886578424,12.600000000000001,0.9939386709473171,0.6527651697984305,-0.749541002682672,12.600000000000001,0.00018297006261233078,0.36600892196820395,7.731263170943632,0.0035506637659534607,0.002595181585997643,0.0024232716963959217,12.600000000000001,0.8994466349766332,0.5280343816675303,-0.7281373091304812,1.0,0.0
12.65,0.0001953163148716932,0.39537581320642745,7.761942786701344,0.027242062406006146,-0.024874185284576293,0.011108774485122175,12.65,0.9919654969011081,0.8394778019931202,-0.5284624556229723,12.65,0.00028604761933584226,0.5790417978393982,7.761942786701344,0.003017800630105898,0.0023448111875906947,0.0018997318593993921,12.65,0.8951292309414595,0.7186929343394246,-0.5336073521011833,1.0,0.0
12.700000000000001,0.0002191004405815749,0.4488016177798083,7.792622402459057,0.025953337986201513,-0.020474780318445542,0.015948640178316313,12.700000000000001,0.9912262832799412,0.9550236692504693,-0.2654417748515413,12.700000000000001,0.000356762832262319,0.730786920637986,7.792622402459057,0.003235368396829056,0.0024522257226250108,0.002110497019305277,12.700000000000001,0.8933640656147437,0.8435342420221491,-0.2941926856123763,1.0,0.0
12.75,0.00016315949624331314,0.3381760990026833,7.82330201821677,0.03367078158054838,-0.02167755938065828,0.025764412501414233,12.75,0.991456240396506,0.9912980904861681,0.017707976159097378,12.75,0.00039101516580678506,0.810446136866185,7.82330201821677,0.004153117347831348,0.003477498256439643,0.002270548299710212,12.75,0.8938288117536634,0.8933004160306193,-0.030729650835768573,1.0,0.0
12.8,0.00044025131405946806,0.9232739237824418,7.853981633974483,0.048646001875115065,-0.014770725998983325,0.046349316628151664,12.8,0.9924053822400697,0.9465938177941884,0.2980412501867514,12.8,0.00038784463570921144,0.8133691534668444,7.853981633974483,0.005235264393853234,0.005042742261429366,0.001406678271084655,12.8,0.8961955197370086,0.8649892114585069,0.23443564928798144,1.0,0.0
12.850000000000001,0.00048609910842550955,1.0314168153982373,7.884661249732195,0.06687761813297095,0.013921130710317378,0.06541267405393043,12.850000000000001,0.9938410494780777,0.8255893234954804,0.5532832010444216,12.850000000000001,0.00034935234538495744,0.7412642345631353,7.884661249732195,0.006080616358622265,0.006032892811828898,-0.0007603286274551972,12.850000000000001,0.9001392708896047,0.7619550309489538,0.47924444473488464,1.0,0.0
12.9,0.0004146845052167658,0.8901986658192739,7.915340865489909,0.085308907821421,0.06072946640105764,0.05991278381386161,12.9,0.9955495232146577,0.6388472532925286,0.7635398091347458,12.9,0.00028039184179008345,0.6019140824605125,7.915340865489909,0.006462151405111031,0.005466608530557017,-0.003446098076987903,12.9,0.9053453920835968,0.5935131787289748,0.6836610166171753,1.0,0.0
12.950000000000001,0.00028010497072806937,0.6083172349031366,7.946020481247621,0.10159590686402256,0.10031962310970656,0.016053084147589096,12.950000000000001,0.9973368611445161,0.4018724612797681,0.912786579361538,12.950000000000001,0.00018806504906490216,0.40842977663594754,7.946020481247621,0.006273670713657721,0.0033432101549868113,-0.0053086617977603015,12.950000000000001,0.911515038506517,0.3740883217236388,0.831214528851324,1.0,0.0
13.0,-1.0201491029571854e-05,-0.02241267579196936,7.976700097005334,0.11396513344848594,0.10054225975054608,-0.05365916181030906,13.0,0.999029102117198,0.13381145691410523,0.9900270909806557,13.0,8.106934696855059e-05,0.17810935528990565,7.976700097005334,0.005517881633088425,0.0007422349292290365,-0.00546773307931239,13.0,0.918369155315634,0.12198224583400633,0.9102319688609289,1.0,0.0
13.05,0.00015211413891630125,0.3380657067634538,8.007379712763047,0.12134895238779297,0.04751357453519286,-0.11166032634961945,13.05,1.000471982537329,-0.14409937390501573,0.9900401801353094,13.05,-3.105410433142531e-05,-0.06901612041787841,8.007379712763047,0.004322669930375012,-0.00095971066149512,-0.004214787156331967,13.05,0.9256509712693272,-0.14213624689047058,0.9146731700075935,1.0,0.0
13.100000000000001,1.068058095720417e-06,0.0024010917924662087,8.03805932852076,0.12362432439242406,-0.03785142677776119,-0.11768705567041379,13.100000000000001,1.0015302946690257,-0.4102125705827502,0.9136676518711372,13.100000000000001,-0.00013869542167895476,-0.3117999292176632,8.03805932852076,0.003031972483107756,-0.0011536808379773865,-0.002803904003778733,13.100000000000001,0.9331272569472657,-0.3968970850242365,0.8445112086628528,1.0,0.0
13.15,-0.0005761449507640658,-1.3101137920177641,8.068738944278472,0.1218870580862211,-0.10690188541596657,-0.058552897651827536,13.15,1.0020869979920055,-0.6441441861799275,0.7676305224228833,13.15,-0.00023290884999086728,-0.5296186250549766,8.068738944278472,0.0024973441074924068,-0.0004763910631739915,-0.0024514850899312033,13.15,0.9405886076637846,-0.6219184645093679,0.7056375502828679,1.0,0.0
13.200000000000001,-0.000660170402460962,-1.5183708002073344,8.099418560036185,0.11866072194374501,-0.11292290283704587,0.036452502617321976,13.200000000000001,1.0020421741112442,-0.8283160505399692,0.563898075112388,13.200000000000001,-0.00030608026613660903,-0.7039748175456846,8.099418560036185,0.0033499790015597036,-0.00028196262050037837,-0.003338091729046928,13.200000000000001,0.9478490022634033,-0.7993889891596003,0.5093083300930014,1.0,0.0
13.25,-0.00043044333283669703,-1.0012986259801397,8.130098175793899,0.11766665241832167,-0.04487594586857043,0.10877311512379913,13.25,1.0013118958554497,-0.9492504463067787,0.31866769991327387,13.25,-0.00035247361090236446,-0.8199252151611143,8.130098175793899,0.0046852323403787565,-0.0015058353361797193,-0.004436649864891696,13.25,0.9547448588274675,-0.9154219783709469,0.2711832350513257,1.0,0.0
13.3,-0.00046140425632567434,-1.0855167253892655,8.160777791551611,0.12245559939986932,0.05920907614660541,0.1071898275315655,13.3,0.9998270635199652,-0.9985233427734068,0.0510420501506161,13.3,-0.0003686191275711464,-0.8672269984315992,8.160777791551611,0.005791808300933786,-0.0038372835653069227,-0.0043382367655754915,13.3,0.9611337689335788,-0.9610813397062301,0.010038936843320922,1.0,0.0
13.350000000000001,-0.0004906762447331512,-1.1674514528098368,8.191457407309324,0.13417968989622137,0.13192529980620324,0.0244929469784574,13.350000000000001,0.9975322463264744,-0.9733104920259705,-0.2184886005568829,13.350000000000001,-0.000353519993063319,-0.8411196464657608,8.191457407309324,0.006374877819507299,-0.005893936779553393,-0.0024291102182226972,13.350000000000001,0.9668930516556635,-0.9330056402420381,-0.25373736149125964,1.0,0.0
13.4,-6.60905499320838e-05,-0.15902073655378657,8.222137023067036,0.15083987526626058,0.11940985861512653,-0.09216264772594449,13.4,0.9943845551729927,-0.8764933130801338,-0.46963828175778144,13.4,-0.00030866772415813395,-0.7426866457677828,8.222137023067036,0.0063121170050995205,-0.006289207001201631,0.0005373047385822438,13.4,0.9719182317034495,-0.8335894205022768,-0.4997536664640275,1.0,0.0
13.450000000000001,-4.257930980760985e-06,-0.010360136331873687,8.252816638824749,0.16880165391602225,0.019666395842518152,-0.16765211373361785,13.450000000000001,0.9903525634187123,-0.716325979063335,-0.6838678904503186,13.450000000000001,-0.0002378707942618212,-0.5787726172778657,8.252816638824749,0.005595721552611343,-0.004747592340396956,0.0029618350162970335,13.450000000000001,0.9761215151493752,-0.6707157846735696,-0.7091921802496342,1.0,0.0
13.5,-0.00012052269727124677,-0.29653103129874375,8.283496254582463,0.18448551452698098,-0.11118506521420242,-0.14721680048010302,13.5,0.9854152854292757,-0.5056987888345276,-0.8457612072736328,13.5,-0.00014691421713810952,-0.3614640669911762,8.283496254582463,0.004323414707654853,-0.0023606615707197605,0.0036220424739217536,13.5,0.9794303115883307,-0.45706911781416004,-0.8662398956401166,1.0,0.0
13.55,-0.00020060088321841973,-0.4990576606080393,8.314175870340176,0.19514455299874903,-0.19199145301692136,-0.0349382102222316,13.55,0.9795612174940335,-0.2610631687431914,-0.9441325122800067,13.55,-4.307953369443631e-05,-0.10717386165354868,8.314175870340176,0.002729185424920311,-0.0007545562297423539,0.0026228034580872547,13.55,0.9817858328902385,-0.20908872945135057,-0.9592629070700062,1.0,0.0
13.600000000000001,-4.654374356837385e-05,-0.11707873902152743,8.344855486097888,0.19908937436989743,-0.16906979137655373,0.10512841971077933,13.600000000000001,0.9727874421273268,-0.0011082435856993947,-0.9727868108464371,13.600000000000001,6.543609413321456e-05,0.1646016156039594,8.344855486097888,0.0015382888099165722,-0.0008186786089519003,0.0013023431951521556,13.600000000000001,0.9831417850716047,0.05434912573720309,-0.9816383968067788,1.0,0.0
13.65,0.00046547340301150096,1.1838394950101319,8.3755351018556,0.1957435178721024,-0.05314397222446057,0.18839119672944335,13.65,0.9650987943346003,0.2547039496816741,-0.9308821519626715,13.65,0.00017015670504708937,0.43275990952926063,8.3755351018556,0.002318764191139431,-0.0020118547898790224,0.001152869324143606,13.65,0.9834631602437344,0.31341402258939166,-0.9321863751422939,1.0,0.0
13.700000000000001,0.00041284470108396415,1.0615694606663546,8.406214717613313,0.1856568637127249,0.08552869403782877,0.1647826251151158,13.700000000000001,0.9565070868704884,0.4876290322395729,-0.8228752846881267,13.700000000000001,0.0002629723801845467,0.6761948187046749,8.406214717613313,0.0038366288597493983,-0.0028107515469926784,0.002611397470424645,13.700000000000001,0.982725129158099,0.5488513827789366,-0.8151753425493508,1.0,0.0
13.75,0.00041590675619655444,1.0811951025344022,8.436894333371026,0.1704986626009855,0.16226903928700517,0.05233118417919726,13.75,0.9470303906053568,0.6810416825283294,-0.6580644249532995,13.75,0.00033674476617260164,0.8754048511244781,8.436894333371026,0.005080709434509544,-0.0019515154398951407,0.004690969606143826,13.75,0.980912030759428,0.7434407876737912,-0.6399095305678436,1.0,0.0
13.8,0.000571691179482929,1.5024455814460604,8.46757394912874,0.15301008026285445,0.1336820529944886,-0.07443919242726849,13.8,0.9366923656653714,0.8216424089284698,-0.44977365390383955,13.8,0.00038582984778250053,1.013988619721452,8.46757394912874,0.0057793896766190934,0.0005257398585415682,0.005755427233086354,13.8,0.978016452723658,0.8832715140845084,-0.41993763132759016,1.0,0.0
13.850000000000001,0.0004236156072863052,1.1254372168771807,8.498253564886452,0.13679147012590187,0.02600235461276741,-0.13429737098617156,13.850000000000001,0.9255216388786424,0.9003816989512049,-0.21425008804280557,13.850000000000001,0.0004064814434445451,1.0799161705892069,8.498253564886452,0.005827647480608378,0.0032687158623485417,0.00482462141203558,13.850000000000001,0.9740383956960675,0.9587405775894751,-0.17195145004788104,1.0,0.0
13.9,0.0005439370380794803,1.4608076442699758,8.528933180644165,0.12554545075589804,-0.08371180228793132,-0.09356278300268712,13.9,0.9135512231415439,0.913037437704823,0.030634533664189507,13.9,0.0003971082469948972,1.0664814531861888,8.528933180644165,0.005221600376479522,0.004653535719423207,0.002368483860975923,13.9,0.9689845134761166,0.9652019715149588,0.08553444651240297,1.0,0.0
13.950000000000001,0.0005697114707227662,1.5465985069145136,8.559612796401877,0.12141162007440745,-0.12076591754653601,0.012504984935437691,13.950000000000001,0.9008179745380723,0.8604098105738817,0.26677327662097694,13.950000000000001,0.00035836832454114273,0.9728642376774226,8.559612796401877,0.0040475968896721655,0.004047338335723842,-4.574907063482105e-05,13.950000000000001,0.9628674214431461,0.9032242752605122,0.33361591667169543,1.0,0.0
14.0,0.00020333879778240764,0.5579616611149265,8.59029241215959,0.12344359036580291,-0.06351619675163744,0.1058490092188275,14.0,0.887362083346169,0.7481283535270176,0.4771953830554179,14.0,0.00029309705319368923,0.8042583139634832,8.59029241215959,0.002486320403154522,0.0022879127028873863,-0.0009732649233939334,14.0,0.9557050658842617,0.7784450462414988,0.5544325774509574,1.0,0.0
14.05,2.3419111255037884e-05,0.06495302508879276,8.620972027917304,0.12830392684833258,0.04360936523509513,0.12066532604064167,14.05,0.8732265954097269,0.5860959635484171,0.6473146131852079,14.05,0.00020608183960202174,0.5715690383056354,8.620972027917304,0.0010224326058524442,0.0010011673208361095,-0.0002074425925408428,14.05,0.9475201474352959,0.6010419044925915,0.7324909957396906,1.0,0.0
14.100000000000001,0.0003139387714053286,0.8800397567176169,8.651651643675017,0.13245536743744668,0.12325671798935689,0.0484995446729261,14.100000000000001,0.8584569607174075,0.38762217943224514,0.7659617480111947,14.100000000000001,0.00010369088652151845,0.29066847060573753,8.651651643675017,0.0017014991209412837,0.001304018692446143,0.001092993370663799,14.100000000000001,0.9383395924847668,0.38486949432547185,0.8557783960594787,1.0,0.0
14.15,-4.721971567953996e-06,-0.013378046074545067,8.682331259432729,0.13353988762999194,0.12026736101199546,-0.05804018834774081,14.15,0.8431006063923501,0.16832079566223737,0.8261275580966778,14.15,-6.625984785266258e-06,-0.018772398027151825,8.682331259432729,0.003226058058133744,0.0029259558369299924,0.0013587615812882595,14.15,0.928194067057833,0.14633631222668303,0.9165860078821059,1.0,0.0
14.200000000000001,-9.102250604231982e-06,-0.02606236492809019,8.713010875190442,0.130618453980838,0.03935945030379385,-0.12454723679041407,14.200000000000001,0.8272065316499017,-0.05513679608010516,0.825366936412091,14.200000000000001,-0.00011689782322490266,-0.33471213446598513,8.713010875190442,0.0044436422933770165,0.004442013792893894,-0.00012029254020660844,14.200000000000001,0.9171175283535423,-0.09688612982574017,0.9119855473968326,1.0,0.0
14.25,-5.639434882446437e-05,-0.1631849787788911,8.743690490948154,0.12393990353779903,-0.06084523263384262,-0.10797665189610438,14.25,0.8108249226179082,-0.26631236457599317,0.7658425292527701,14.25,-0.00021921919211230565,-0.6343415600758472,8.743690490948154,0.005139415420100061,0.00442112824399094,-0.0026205373324087312,14.25,0.9051468097307263,-0.3272184987517298,0.843930566599158,1.0,0.0
14.3,-0.00023254002250297094,-0.6799951615833453,8.774370106705868,0.11459223526263797,-0.11175541383449074,-0.025339847299648097,14.3,0.7940067852335688,-0.4502348079188076,0.6540148260821471,14.3,-0.0003063209316754304,-0.8957458126518154,8.774370106705868,0.00522789385749912,0.002569878115280727,-0.004552647653605341,14.3,0.892321235512924,-0.5284873763179284,0.7189842003965757,1.0,0.0
14.350000000000001,-0.00029267122845579957,-0.8648399314482429,8.80504972246358,0.10409107471305715,-0.08379417634027352,0.06175344400415568,14.350000000000001,0.7768035947322672,-0.5944836557916819,0.5000130076163315,14.350000000000001,-0.00037208423556347444,-1.099504404568711,8.80504972246358,0.004709264226550795,-3.34577905481547e-05,-0.004709145371691417,14.350000000000001,0.8786822625048291,-0.6870975519189415,0.547703818306576,1.0,0.0
14.4,-0.0005593986495382326,-1.6703554171427701,8.835729338221293,0.09388336804571128,-0.0048446577183835745,0.0937582854322656,14.4,0.7592669605287281,-0.6900427987290579,0.3167447762358554,14.4,-0.0004119624519507936,-1.2301132901258387,8.835729338221293,0.0036622578856225145,-0.001787092920047243,-0.0031966281791790093,14.4,0.8642731455807161,-0.7929764101932641,0.34373897516718965,1.0,0.0
14.450000000000001,-3.909384019572556e-05,-0.11795378314991244,8.866408953979006,0.08481886816451345,0.06394718721813511,0.055722505718945284,14.450000000000001,0.741448305561807,-0.7318653555635106,0.11882209872902777,14.450000000000001,-0.00042328261423221823,-1.277126663441319,8.866408953979006,0.002242009620798533,-0.0018104212281015869,-0.0013224908758068328,14.450000000000001,0.8491386251205236,-0.8402239195193527,0.12271988322643333,1.0,0.0
14.5,-0.00010372804887048568,-0.3162279229877844,8.897088569736718,0.07682762495229722,0.0752673410477228,-0.015404912444302497,14.5,0.7233985594342779,-0.719114905444151,-0.0786080693035913,14.5,-0.00040540805470855757,-1.2359371307858764,8.897088569736718,0.0008084585630064117,-0.0005979975046686681,-0.000544062710088128,14.5,0.8333246344350008,-0.8274264099203645,-0.09897213002923969,1.0,0.0
14.55,-0.0002823166934116739,-0.8696120294006303,8.92776818549443,0.06910537319255682,0.029524359142696112,-0.06248091565666789,14.55,0.7051678649314076,-0.6550746901102166,-0.261034227849383,14.55,-0.00035975383080512693,-1.1081394270756257,8.92776818549443,0.001390661573076626,0.000419867860427882,-0.0013257641534645853,14.55,0.8168780256414537,-0.7576196586732724,-0.30545402529296245,0.9938441702975687,0.0
14.600000000000001,2.4391168045265326e-05,0.07590863215571987,8.958447801252145,0.060804960738794454,-0.029419281196694742,-0.053214181796924574,14.600000000000001,0.6868052977501259,-0.5467426867084959,-0.4156608612179099,14.600000000000001,-0.00028965732617841606,-0.9014529924635913,8.958447801252145,0.002805461682318457,4.0469421490979646e-05,-0.002805169776837276,14.600000000000001,0.7998463127306222,-0.6379145483319261,-0.4825133708149931,0.975528258147576,0.0
14.65,4.7926526844554583e-05,0.15069152626273785,8.989127417009858,0.05194751475552807,-0.05182848555297379,-0.003514594508758203,14.65,0.6683585995169132,-0.4041545722561425,-0.5323178554892407,14.65,-0.00020011651927339847,-0.6292102871861103,8.989127417009858,0.003926339060854919,-0.0017555469023557374,-0.003512007046465633,14.65,0.7822774308074015,-0.4788245133800303,-0.6186154412371275,0.9455032620941837,0.0
14.700000000000001,-9.584873768321153e-05,-0.30446571977168824,9.01980703276757,0.04445951997025761,-0.02261427945936542,0.03827849631998962,14.700000000000001,0.6498739244194229,-0.23949668508593333,-0.6041336404084373,14.700000000000001,-9.741734520984051e-05,-0.3094484376579983,9.01980703276757,0.004578212745652165,-0.0038024989879618873,-0.0025497124133911178,14.700000000000001,0.764219510697809,-0.2933561331974442,-0.7056724733519383,0.9045084971874728,0.0
14.75,1.4804512416767154e-05,0.04750837430692533,9.050486648525283,0.042764201748550106,0.027314359510414575,0.03290444826655692,14.75,0.6313956000253516,-0.06608564457429036,-0.627927616300298,14.75,1.1321269818233845e-05,0.03633048553123514,9.050486648525283,0.00468938609959561,-0.004679780147494979,-0.00029999960365373964,14.75,0.7457206682957593,-0.09594089954135844,-0.7395232646230062,0.8535533905932737,0.0
14.8,-5.664443039608051e-05,-0.18362946130257066,9.081166264282995,0.05034921543377847,0.04770005051099829,-0.01611672038738798,14.8,0.6129659031122681,0.10270069086233281,-0.6043010561587974,14.8,0.00011865118493708377,0.3846424621195587,9.081166264282995,0.004261911539065646,-0.003820027095116245,0.0018897838393315378,14.8,0.7268288081796047,0.09870379458905928,-0.7200956029122143,0.7938926261462357,0.0
14.850000000000001,0.0002985532499265337,0.9776899794953221,9.11184588004071,0.06515349073657549,0.012228424434301647,-0.06399564821935631,14.850000000000001,0.594624851582297,0.2544552224407944,-0.537430231650467,14.850000000000001,0.00021731165769028963,0.7116433339901526,9.11184588004071,0.0033665346787792134,-0.001922774766049461,0.002763420514953615,14.850000000000001,0.7075914411634304,0.2766936477698719,-0.6512497776518181,0.7269952498697714,0.0
14.9,0.0007372522825250474,2.438792950726448,9.142525495798422,0.08316938378553161,-0.056509515823810016,-0.06102311873891414,14.9,0.5764100137823649,0.3786567099800937,-0.4345890012133732,14.9,0.00030072292434117664,0.994776096851471,9.142525495798422,0.002140705707406132,-0.00037124216748974075,0.0021082694749008503,14.9,0.6880555155649813,0.425990162394011,-0.540326543899998,0.6545084971874732,0.0
14.950000000000001,0.0001660375901787896,0.5547917566590772,9.173205111556134,0.10165992383511045,-0.1015575237146559,0.004561742113224189,14.950000000000001,0.5583563367886121,0.46740016517923694,-0.3054486608620505,14.950000000000001,0.00036342344619232986,1.2143294292998883,9.173205111556134,0.0008745060137271641,-0.00014018683305474098,0.0008631966287486629,14.950000000000001,0.6682672620737528,0.5372320622867557,-0.3974453985274823,0.5782172325201137,0.0
15.0,-0.00018850619688058493,-0.6362084144719742,9.203884727313847,0.11910099748170018,-0.07594850902864177,0.09174350972936599,15.0,0.540495995434849,0.5158918294925467,-0.16121892365334,15.0,0.00040142224744689427,1.3548000851332682,9.203884727313847,0.0011141605015453143,-0.0010650052380942168,0.0003272880474988155,15.0,0.6482720521920624,0.6043272656607827,-0.23461715545174858,0.5000000000000001,0.0
15.05,0.00031837957618706094,1.0853122378274123,9.23456434307156,0.13477203787260114,0.016978325920071764,0.13369831203603752,15.05,0.5228582640595568,0.5226786359203811,-0.013704300339054185,15.05,0.00041244019571012923,1.4059519682039452,9.23456434307156,0.0023180112427551515,-0.0020294473198666954,0.0011200534350758312,15.05,0.6281142703015,0.6247682214351864,-0.06474724736310941,0.4217827674798836,0.0
15.100000000000001,0.0005369686300330028,1.8487566817407577,9.265243958829272,0.148509025244937,0.11962082101059887,0.08801016850314289,15.100000000000001,0.5054694131019071,0.48960440020088974,0.12564576747950312,15.100000000000001,0.00039603211767247023,1.3635191755725493,9.265243958829272,0.003308209408266967,-0.0018907395340582143,0.002714655319427386,15.100000000000001,0.607837199479834,0.5996566579919301,0.09938789462221662,0.3454915028125242,0.0
15.15,0.00038710542486851635,1.3460684839226682,9.295923574586986,0.1604937565814608,0.15812455210616946,-0.027474932626896424,15.15,0.48835263278078145,0.4215072036176336,0.24661705383521942,15.15,0.0003535975984165971,1.229552862455987,9.295923574586986,0.003906584911395122,-0.0003912135932441764,0.003886947078929814,15.15,0.5874829212619989,0.5334473724171289,0.24610990153952142,0.27300475013022607,0.0
15.200000000000001,0.00048442986991972445,1.701224692623048,9.326603190344699,0.17102269266655434,0.09597017931372182,-0.14155735971474878,15.200000000000001,0.4715279861272192,0.3256927147436718,0.34097345536579277,15.200000000000001,0.00028826262859265884,1.0123230051927283,9.326603190344699,0.00404797429987718,0.001654841867999003,0.0036942650587611756,15.200000000000001,0.5670922296063726,0.43344268862032986,0.365678865347051,0.20610737385376204,0.0
15.25,0.0002510977818814876,0.8905379004569053,9.357282806102411,0.18028132699362276,-0.03620931069277788,-0.17660759519832497,15.25,0.45501239359546786,0.21123495938748157,0.4030087719368475,15.25,0.00020464509007949103,0.7257897998645774,9.357282806102411,0.003733027000276016,0.003016026498921613,0.0021997897041745574,15.25,0.5467045593975753,0.3090879025948056,0.45094405832169576,0.1464466094067263,0.0
15.3,-0.0003730821072648258,-1.3362222944912334,9.387962421860124,0.18818857163789682,-0.1576214524675621,-0.10281252947538976,15.3,0.4388196513378495,0.08816803115736031,0.42987100935292966,15.3,0.00010852250381610101,0.3886817036501597,9.387962421860124,0.0030211235010181845,0.002995925505889823,0.00038938101078914985,15.3,0.5263579298936039,0.17113200241440976,0.497761497216804,0.09549150281252565,0.0
15.350000000000001,7.375510396863741e-05,0.2667578564674517,9.418642037617836,0.19436301424908564,-0.19037288770944985,0.03918092562913065,15.350000000000001,0.4229604849839174,-0.033361385960893344,0.421642727655297,15.350000000000001,6.4261620338384095e-06,0.023242177384607696,9.418642037617836,0.0020268971759212855,0.0019300609505108158,-0.0006190128343346114,15.350000000000001,0.5060889036130938,0.030726218128926213,0.5051553007539334,0.054496737905815086,0.0
15.4,-0.00018427391691779775,-0.6730169928978638,9.44932165337555,0.19821228136002042,-0.11158881727345583,0.16381710637615104,15.4,0.40744264040995826,-0.143910375629775,0.38118146467310765,15.4,-9.480952862701527e-05,-0.3462694282614173,9.44932165337555,0.0009636219307094015,0.0008637598413703388,-0.00042718399054740065,15.4,0.48593256126391304,-0.10146496104920075,0.47522133346030543,0.024471741852423023,0.0
15.450000000000001,-0.00034945571168415007,-1.2887764586825163,9.480001269133263,0.19909735734901235,0.03174908923407105,0.19654961978128402,15.450000000000001,0.39227101252240404,-0.23546006519186544,0.3137436931082353,15.450000000000001,-0.0001885110311001447,-0.6952199404982664,9.480001269133263,0.0008041549555186436,0.0007013693885611409,0.00039337790135512567,15.450000000000001,0.46592249344456366,-0.2160697281002168,0.4127924932654394,0.0061558297024308685,0.0
15.5,-0.0007543679464493016,-2.8091719365838927,9.510680884890975,0.19650723529373712,0.1547301207831232,0.12113497944536196,15.5,0.3774478125184113,-0.3019853470158625,0.22643255367248516,15.5,-0.0002686111152636686,-1.0002742168524938,9.510680884890975,0.0017196490361141414,0.001513853266685215,0.0008157457289834861,15.5,0.44609081001456646,-0.3056709476503659,0.32490349727569773,3.749399456654644e-33,0.0
15.55,-0.0006600363353185278,-2.4817556793468474,9.541360500648688,0.19019469000057512,0.18971991920744305,-0.013430277746054087,15.55,0.3629727734482614,-0.3398341647486935,0.12752244796223436,15.55,-0.0003300456823554321,-1.2409812957255029,9.541360500648688,0.0025409801683501875,0.002533406315258756,0.00019604248966997195,15.55,0.4264681682410448,-0.365277557161579,0.22010771171619922,0.0,0.0
15.600000000000001,-0.0004232984672859688,-1.607017073979929,9.5720401164064,0.18025115437190176,0.12638334849241378,-0.12852131292609895,15.600000000000001,0.34884339321712426,-0.347893827517888,0.02572154284235613,15.600000000000001,-0.00036907577438794685,-1.401165175098792,9.5720401164064,0.003060888982493953,0.002801787273091229,-0.0012324891234801552,15.600000000000001,0.407083821101578,-0.39257628804392414,0.10770838160661146,0.0,0.0
15.65,-0.000630810861934692,-2.417921452648924,9.602719732164113,0.16712228107810417,0.011160817608777848,-0.1667491918512724,15.65,0.33505521346733075,-0.32754037190883384,-0.07056416116883558,15.65,-0.0003835141822247858,-1.4700240984316193,9.602719732164113,0.00321932389216254,0.0019329637198513985,-0.0025744315062527514,15.65,0.38796568747759114,-0.3879538622779246,-0.0030290928676762305,0.0,0.0
15.700000000000001,-0.0005052459141967287,-1.9552476266285215,9.633399347921827,0.1515819201724871,-0.08901783369330785,-0.12269027592979335,15.700000000000001,0.3216021321241521,-0.2823851714173204,-0.15390434155803134,15.700000000000001,-0.0003728430084342929,-1.4428625484388113,9.633399347921827,0.003015299180833723,0.00039212077563301184,-0.0029896940390704676,15.700000000000001,0.36914044643301963,-0.3542991128018525,-0.10361856909159302,0.0,0.0
15.75,-0.0007130820661029742,-2.7860004903570372,9.66407896367954,0.1346927055230406,-0.12983467943880467,-0.03584802555426682,15.75,0.30847674682148485,-0.21784928845511184,-0.218402359989923,15.75,-0.0003382162989763442,-1.3214057954709053,9.66407896367954,0.0024958411783557156,-0.0008970591797599794,-0.0023290573233787954,15.75,0.3506336583710908,-0.2966122077555219,-0.18698973392432522,0.0,0.0
15.8,-0.0004777898815405466,-1.8845523632389567,9.694758579437252,0.11778599651574263,-0.10957977732392857,0.04319506194977348,15.8,0.29567072600470523,-0.14060917431586914,-0.2600965941998453,15.8,-0.00028234987164302055,-1.113675986920026,9.694758579437252,0.0017505796706470372,-0.001272918775764353,-0.0012017516272463584,15.8,0.3324699166366948,-0.2214629082160543,-0.2479726310561274,0.0,0.0
15.850000000000001,-0.0003275482190627212,-1.3042565970462292,9.725438195194965,0.10247972209385864,-0.0570041213691483,0.08516233667159391,15.850000000000001,0.2831752042908342,-0.05796625781082045,-0.2771788398860295,15.850000000000001,-0.00020930817220642372,-0.8334393183302335,9.725438195194965,0.0009291150647408982,-0.0008077204607989397,-0.00045917584946862335,15.850000000000001,0.3146730341299563,-0.13635043330127772,-0.2835977393194566,0.0,0.0
15.9,-0.00034667774968870314,-1.3935332701909366,9.756117810952677,0.09067313870414521,-0.0029107893558898423,0.0906264055768891,15.9,0.27098119870005205,0.022802881454485273,-0.27002007082120727,15.9,-0.00012420484829391576,-0.499263620385239,9.756117810952677,0.0005627485482832717,-0.000184218282465627,-0.0005317419985296857,15.9,0.29726627077249934,-0.04902330623546764,-0.29319609681019365,0.0,0.0
15.950000000000001,-0.0002203723300656656,-0.8942091836075114,9.786797426710391,0.08426056875105863,0.0392559186153969,0.0745574697794474,15.950000000000001,0.25908004269639506,0.09505986432435565,-0.2410105614246002,15.950000000000001,-3.283928412430598e-05,-0.13325261587196838,9.786797426710391,0.0011456953752507465,-0.00011407115482119193,-0.0011400024844309368,15.950000000000001,0.28027260927885306,0.03318179486278503,-0.27830146244973397,0.0,0.0
16.0,-0.0003413558345976069,-1.3981934985117979,9.817477042468104,0.08428882099158151,0.07059525232325488,0.04605340045606675,16.0,0.247463835613189,0.1533310157554878,-0.19423683879167147,16.0,5.870478999545715e-05,0.2404548198213925,9.817477042468104,0.0017578493006056648,-0.0007800227000468101,-0.00157530909698748,16.0,0.26371508868112464,0.10392751586314088,-0.24237309967199336,0.0,0.0
16.05,-0.0003163412673224996,-1.3079193361128798,9.848156658225816,0.09017820397905585,0.09011786882104159,0.0032982104301795545,16.05,0.23612590599372696,0.19370624116072083,-0.1350308691253339,16.05,0.00014447308541432676,0.597326879166378,9.848156658225816,0.0021588371981338963,-0.0017305649936349198,-0.001290628858677808,16.05,0.24761720745298565,0.1583437747568457,-0.1903720841472516,0.0,0.0
16.1,-4.822943885328009e-05,-0.20127500080705565,9.878836273983529,0.10015450094887784,0.08485833084580587,-0.05319762914249586,16.1,0.22506128862451244,0.21408219513111829,-0.06943628277181813,16.1,0.00021903838710727306,0.9141087391854278,9.878836273983529,0.002296486476042796,-0.0022738642285874923,-0.00032154564932162654,16.1,0.2320034108141079,0.1933426507772643,-0.12823494851170855,0.0,0.0
16.150000000000002,5.914575291355743e-05,0.24913867169963588,9.909515889741241,0.11235145504446233,0.03964866719550449,-0.10512294059922393,16.150000000000002,0.21426721650971378,0.21423626825483152,-0.003641625332791828,16.150000000000002,0.00027784312578743033,1.1703539796124272,9.909515889741241,0.0021708026273160133,-0.002027987830849578,0.0007743703278717034,16.150000000000002,0.21689967962145423,0.20776135662432188,-0.06229518210512613,0.0,0.0
16.2,0.0005866376142284757,2.4941062427455623,9.940195505498954,0.12539858026745518,-0.04093559305783523,-0.11852881993041486,16.2,0.20374363059966194,0.19573310608062272,0.056568703308129575,16.2,0.00031747379064839157,1.3497487102077748,9.940195505498954,0.0018186446242482997,-0.0011907596198506296,0.001374612598894839,16.2,0.20233424055217902,0.20233009753844727,0.0012948088312408294,0.0,0.0
16.25,0.0004130626503916085,1.7724582869343044,9.970875121256668,0.13846668375820925,-0.1206719435841242,-0.06790658688688364,16.25,0.19349371150794945,0.16167981449566599,0.10629888982378226,16.25,0.0003358521884969604,1.4411469885309025,9.970875121256668,0.0013070320692406742,-0.0003449414749350943,0.0012606935428140975,16.25,0.18833841772305862,0.17947688938218917,0.05709120569859038,0.0,0.0
16.3,0.0008404167865079105,3.6396324769187745,,,,,16.3,0.18352443832657564,0.11635847621803215,0.14192224799270448,16.3,0.0003323334756563389,1.4392522026982628,,,,,16.3,0.17494764182613667,0.14299498149294518,0.10079242356625064,0.0,
16.35,0.0011838610770266726,5.174328690182617,,,,,16.35,0.17384717929627194,0.06477409303203908,0.1613293482945582,16.35,0.0003077076128506764,1.3449047022980958,,,,,16.35,0.16220261933609184,0.0976092997662816,0.12954580008099567,0.0,
16.400000000000002,0.001137416269983482,5.017079471586022,,,,,16.400000000000002,0.16447831639098412,0.012161859178191755,0.16402806389195268,16.400000000000002,0.000264107306245458,1.1649625378395658,,,,,16.400000000000002,0.15015063263617964,0.04848546429415574,0.1421069042419302,0.0,
16.45,0.0014270355683825508,6.3523220048687845,,,,,16.45,0.15543989904560562,-0.03650061013520427,0.15109357258025866,16.45,0.0002048314698031589,0.911789083431883,,,,,16.45,0.13884687778759755,0.0007279617250875192,0.13884496945547165,0.0,
16.5,0.0018893991689165014,8.48741724166904,,,,,16.5,0.14676030856586184,-0.07693283037746455,0.12497970947501537,16.5,0.0001340984080729462,0.6023868113646834,,,,,16.5,0.12835562960227065,-0.04108714138952742,0.12160186866587322,0.0,
,,,,,,,16.55,0.1384748903145316,-0.105905600550526,0.08921490357364059,,,,,,,,16.55,0.11875083065086461,-0.07330470577161444,0.09342472848238503,,
,,,,,,,16.6,0.13062647062689664,-0.12148172399076919,0.04801526387171131,,,,,,,,16.6,0.11011542307375438,-0.09347650708104419,0.05820265477312367,,
,,,,,,,16.650000000000002,0.1232656146884078,-0.1231265554011705,0.005853470727142028,,,,,,,,16.650000000000002,0.10253842773959883,-0.1005199364100177,0.02024528457283143,,
,,,,,,,16.7,0.11645039877885935,-0.11168399601828674,-0.032975451613930604,,,,,,,,16.7,0.09610860358702666,-0.09474102769897076,-0.0161555363263214,,
,,,,,,,16.75,0.11024537425795593,-0.08922586026892974,-0.06475174441315226,,,,,,,,16.75,0.09090386132096424,-0.07772606471681946,-0.0471399073683635,,
,,,,,,,16.8,0.10471932242420799,-0.05879368369515136,-0.08665702075734963,,,,,,,,16.8,0.08697691003888247,-0.052117779534173805,-0.06963275045794981,,
,,,,,,,16.85,0.09994140434543301,-0.024061077250609877,-0.09700179825177223,,,,,,,,16.85,0.08433991909748331,-0.021302014882713258,-0.08160542944747422,,
,,,,,,,16.900000000000002,0.09597549624094791,0.011049081292417063,-0.09533736770694776,,,,,,,,16.900000000000002,0.08295320245452564,0.010962131839889594,-0.08222569831254946,,
,,,,,,,16.95,0.09287295760054173,0.042755453981310136,-0.08244608788974825,,,,,,,,16.95,0.0827230181146394,0.04093178165718963,-0.07188662585184476,,
,,,,,,,17.0,0.09066478307044407,0.06778047191691276,-0.06021553384245033,,,,,,,,17.0,0.08351035298922828,0.06525207814993722,-0.052116651403366215,,
,,,,,,,17.05,0.0893547919632177,0.08365130189233061,-0.03141239466370051,,,,,,,,17.05,0.0851477383941052,0.0812760658161337,-0.025383823177025148,,
,,,,,,,17.1,0.08891575927084436,0.08891360251492977,0.0006193016452566059,,,,,,,,17.1,0.08745817841178583,0.08730444005519726,0.005183407928788656,,
,,,,,,,17.150000000000002,0.08928981957217685,0.08324100979786472,0.03230489385625168,,,,,,,,17.150000000000002,0.09027088670168752,0.08272539611569868,0.036129514574785686,,
,,,,,,,17.2,0.0903931872731687,0.06743346093839482,0.06019681595626239,,,,,,,,17.2,0.0934313512628559,0.06804476642202718,0.06402598817179574,,
,,,,,,,17.25,0.09212388019359699,0.04330795406333378,0.08130947310598184,,,,,,,,17.25,0.0968059204693397,0.04480717361268823,0.0858120238122755,,
,,,,,,,17.3,0.09437042995841262,0.01349518870570372,0.09340052426155385,,,,,,,,17.3,0.10028244101579091,0.015419060797177284,0.0990899618539564,,
,,,,,,,17.35,0.09701975089393458,-0.018836140994190453,0.09517369308778607,,,,,,,,17.35,0.10376863422744764,-0.017106722833236707,0.10234886166116669,,
,,,,,,,17.400000000000002,0.09996309557375294,-0.05029953697750763,0.08638620871722294,,,,,,,,17.400000000000002,0.10718949227201229,-0.04945837110847937,0.095097091337368,,
,,,,,,,17.45,0.10309984012740146,-0.07762414698759232,0.06785328907830779,,,,,,,,17.45,0.11048448034867289,-0.07835410320381238,0.07789386952156509,,
,,,,,,,17.5,0.10633938988312436,-0.09796985007360136,0.041351835718275005,,,,,,,,17.5,0.11360494629567122,-0.10086102539154468,0.052279416406541136,,
,,,,,,,17.55,0.10960171879831011,-0.10919487709902226,0.009434806774559198,,,,,,,,17.55,0.11651189736663067,-0.11467402786271608,0.020612849432169674,,
,,,,,,,17.6,0.11281705209868792,-0.11005200195347314,-0.02482426454642329,,,,,,,,17.6,0.11917417309463167,-0.11832939475555716,-0.014164669765750041,,
,,,,,,,17.650000000000002,0.11592509307901804,-0.10029655253823298,-0.05813113412212483,,,,,,,,17.650000000000002,0.12156698230066691,-0.11133455106234523,-0.04881750634185144,,
,,,,,,,17.7,0.11887406671817669,-0.08069806788674358,-0.0872861133139977,,,,,,,,17.7,0.12367075023571049,-0.09420365825445791,-0.08012568399296689,,
,,,,,,,17.75,0.12161974472733203,-0.05295654916885692,-0.10948500448768246,,,,,,,,17.75,0.1254702190167323,-0.06839779742716176,-0.10518800866648116,,
,,,,,,,17.8,0.12412453957723943,-0.019533068236436347,-0.12257797751036847,,,,,,,,17.8,0.12695374998742098,-0.03617739375832761,-0.12168997829206608,,
,,,,,,,17.85,0.12635670581364727,0.016587793521243552,-0.12526317180310098,,,,,,,,17.85,0.12811278480883231,-0.00038252030802805355,-0.12811221374126716,,
,,,,,,,17.900000000000002,0.1282896582932089,0.05218028214841176,-0.11719835570476424,,,,,,,,17.900000000000002,0.1289414303621639,0.0358369401003408,-0.12386123763343135,,
,,,,,,,17.95,0.12990140186794052,0.08407755878279151,-0.09902190826469877,,,,,,,,17.95,0.12943613988134106,0.06931514310237404,-0.10931205443170253,,
,,,,,,,18.0,0.13117406021031836,0.10946145214504946,-0.07228294796393735,,,,,,,,18.0,0.12959546883778422,0.09716037362409727,-0.08576040660182835,,
,,,,,,,18.05,0.13209348933124268,0.1261153388517251,-0.03928881812956052,,,,,,,,18.05,0.129419889018082,0.11701458386631372,-0.05529100140209157,,
,,,,,,,18.1,0.13264896167199094,0.13261757213452727,-0.002885583788556048,,,,,,,,18.1,0.12891164813670022,0.12725901103057038,-0.020575644263098353,,
,,,,,,,18.150000000000002,0.1328329081418907,0.12845882882316711,0.03380696352546651,,,,,,,,18.150000000000002,0.12807466540787835,0.12714801728317068,0.01537860917958856,,
,,,,,,,18.2,0.13264070740259543,0.11407409501346265,0.06768055929970164,,,,,,,,18.2,0.12691445594879977,0.11686032915864204,0.04950699544219662,,
,,,,,,,18.25,0.1320705136963768,0.09078805672419506,0.09591740897391458,,,,,,,,18.25,0.12543807885991354,0.09746472849174911,0.07896415850305454,,
,,,,,,,18.3,0.13112311641225402,0.06068064859210548,0.11623738875294355,,,,,,,,18.3,0.12365410546151741,0.0708052156959556,0.1013753383606549,,
,,,,,,,18.35,0.12980182632697554,0.02638670845247841,0.12709152503161739,,,,,,,,18.35,0.12157260556973762,0.03931799072884382,0.11503909783226549,,
,,,,,,,18.400000000000002,0.12811238505759087,-0.009150555984419039,0.12778517335872908,,,,,,,,18.400000000000002,0.1192051509646728,0.005798615367256067,0.11906403351278275,,
,,,,,,,18.45,0.12606289576340954,-0.042948759157076986,0.11852112796933574,,,,,,,,18.45,0.11656483642264094,-0.02685809430281248,0.11342840852563467,,
,,,,,,,18.5,0.12366377460420443,-0.07225308219318718,0.10036045666966653,,,,,,,,18.5,0.11366631993142115,-0.055920889929295205,0.09895901351705078,,
,,,,,,,18.55,0.1209277239826649,-0.09477623055049528,0.0751064614415228,,,,,,,,18.55,0.11052588505841045,-0.07906338196757148,0.0772331075368255,,
,,,,,,,18.6,0.11786973027537079,-0.10889025605807878,0.04512411163441003,,,,,,,,18.6,0.10716152997281472,-0.09456210036928187,0.05041431026865616,,
,,,,,,,18.650000000000002,0.11450709071545545,-0.11375378741568053,0.013112958198122393,,,,,,,,18.650000000000002,0.10359308940787175,-0.10143412320664222,0.02103917351910564,,
,,,,,,,18.7,0.11085947649177862,-0.10936451764496506,-0.018144580687228403,,,,,,,,18.7,0.09984239794788123,-0.0995030619308393,-0.008224663784656258,,
,,,,,,,18.75,0.10694904217611609,-0.09653390274010933,-0.04603589082609103,,,,,,,,18.75,0.09593350545804034,-0.08938908770979064,-0.034825686897449894,,
,,,,,,,18.8,0.10280059553239775,-0.07678826100689902,-0.06834855823901471,,,,,,,,18.8,0.09189295816542559,-0.07242582578846986,-0.05655807209630531,,
,,,,,,,18.85,0.09844184689414837,-0.052207157058551334,-0.08345783349569232,,,,,,,,18.85,0.08775016155471208,-0.05051366645574092,-0.07175277244870908,,
,,,,,,,18.900000000000002,0.093903763914168,-0.02521550116930447,-0.09045493562005671,,,,,,,,18.900000000000002,0.0835378431291685,-0.02592472730886471,-0.07941334742116446,,
,,,,,,,18.95,0.08922106576674439,0.0016502953491612045,-0.08920580195152256,,,,,,,,18.95,0.07929263261606381,-0.001078846133089289,-0.0792852929502514,,
,,,,,,,19.0,0.08443290054393103,0.02597982314724613,-0.08033656380191502,,,,,,,,19.0,0.07505577119718211,0.021687765715004987,-0.0718540855365567,,
,,,,,,,19.05,0.07958375916492054,0.04570771100260565,-0.065148905422289,,,,,,,,19.05,0.07087394392748457,0.04033939262734734,-0.05827391638025492,,
,,,,,,,19.1,0.07472468431705301,0.05929427862400722,-0.04547490482388973,,,,,,,,19.1,0.06680019052879135,0.05332324129624055,-0.04023552400983156,,
,,,,,,,19.150000000000002,0.0699148233355443,0.06585190116123324,-0.023486371271261523,,,,,,,,19.150000000000002,0.06289477361807305,0.059701134274146396,-0.019787044116011898,,
,,,,,,,19.200000000000003,0.0652233268132055,0.06520658745631339,-0.0014776037643306635,,,,,,,,19.200000000000003,0.059225750729170024,0.05921929988542941,0.000874111270584845,,
,,,,,,,19.25,0.06073146570314121,0.057890547393834486,0.01835743579299735,,,,,,,,19.25,0.05586879468564243,0.05231114523687368,0.019618009675631643,,
,,,,,,,19.3,0.05653455396582376,0.04506806403801678,0.034132468354630574,,,,,,,,19.3,0.05290556106507938,0.0400343103976495,0.0345868816546895,,
,,,,,,,19.35,0.05274272904861201,0.028403180638968083,0.0444415885976801,,,,,,,,19.35,0.05041973219728466,0.02394946143456101,0.04436860029165197,,
,,,,,,,19.400000000000002,0.0494788410002917,0.009882991493623986,0.04848177168657415,,,,,,,,19.400000000000002,0.04849004497001014,0.005953617244834817,0.04812316389116172,,
,,,,,,,19.450000000000003,0.046870952259801195,-0.008385785142804303,0.04611469151235087,,,,,,,,19.450000000000003,0.04718048452324721,-0.01191516323103726,0.04565114461901374,,
,,,,,,,19.5,0.04503728960458354,-0.024387110982035064,0.03786325755765123,,,,,,,,19.5,0.0465294573349396,-0.027682533323827918,0.03739876667296826,,
,,,,,,,19.55,0.044064478962702734,-0.036392700941893764,0.024844508938764647,,,,,,,,19.55,0.04654137373159237,-0.03963232634370149,0.02440037248506877,,
,,,,,,,19.6,0.04398559148244024,-0.04312737920669492,0.008646468690862056,,,,,,,,19.6,0.047184172678333434,-0.04647235522016811,0.008164946517234576,,
,,,,,,,19.650000000000002,0.04476866046218272,-0.043887555658631776,-0.008838292702139962,,,,,,,,19.650000000000002,0.048394107042441216,-0.0474562068548176,-0.009481457028749423,,
,,,,,,,19.700000000000003,0.046322747270432466,-0.0386023475950457,-0.0256057742478455,,,,,,,,19.700000000000003,0.05008585825577256,-0.04245013013974339,-0.026581565949661243,,
,,,,,,,19.75,0.048518369977018985,-0.02783246152635493,-0.039741493562910665,,,,,,,,19.75,0.052164161233564446,-0.03193950268661453,-0.04124279191971673,,
,,,,,,,19.8,0.05121173364027211,-0.012707905125521422,-0.0496099869961979,,,,,,,,19.8,0.05453360838652778,-0.01697517609642839,-0.05182429777768744,,
,,,,,,,19.85,0.054263599154747856,0.005188642209769824,-0.05401496260524622,,,,,,,,19.85,0.05710512300744066,0.0009343093912015127,-0.057097479275852805,,
,,,,,,,19.900000000000002,0.05754972562990158,0.02398094500983159,-0.05231524822183666,,,,,,,,19.900000000000002,0.05979922194058906,0.01997361446368143,-0.05636489749796449,,
,,,,,,,19.950000000000003,0.06096440978532443,0.04168512144364016,-0.044486064230295004,,,,,,,,19.950000000000003,0.06254695954628144,0.03819964960315378,-0.04952685048214191,,
,,,,,,,20.0,0.06441997435460958,0.05640434762148159,-0.031120454129778066,,,,,,,,20.0,0.06528951692013665,0.05373138655017134,-0.03708987893025371,,
,,,,,,,20.05,0.06784450281661634,0.0665137714984696,-0.013371415911684033,,,,,,,,20.05,0.06797716133735637,0.06493225746442145,-0.020117067481595377,,
,,,,,,,20.1,0.07117916223719571,0.07081821635902351,0.007159145795104472,,,,,,,,20.1,0.07056802099599249,0.07056790939807274,-0.00012550090132726135,,
,,,,,,,20.150000000000002,0.07437573318852268,0.06866803450078857,0.02857360189281054,,,,,,,,20.150000000000002,0.07302690684121897,0.06992463039001044,0.02105885057681216,,
,,,,,,,20.200000000000003,0.07739455548499798,0.06002258471201354,0.04885904771083435,,,,,,,,20.200000000000003,0.0753242801008184,0.06287765542730481,0.04147466239370337,,
,,,,,,,20.25,0.08020290597684515,0.045455849219924814,0.0660777715939795,,,,,,,,20.25,0.0774353916779829,0.04990341121884558,0.05921055170360617,,
,,,,,,,20.3,0.08277375132875724,0.026104193155758692,0.07854976135369084,,,,,,,,20.3,0.07933958496949348,0.03203509990863467,0.07258458594615849,,
,,,,,,,20.35,0.08508480135605771,0.003561684018844697,0.08501022190742538,,,,,,,,20.35,0.08101974012273247,0.010766346440722897,0.08030120842100347,,
,,,,,,,20.400000000000002,0.08711779369263252,-0.02026677377247295,0.08472760977820326,,,,,,,,20.400000000000002,0.08246183474805706,-0.01208755570017808,0.08157110509985116,,
,,,,,,,20.450000000000003,0.08885795272464911,-0.043340416306265526,0.07757154166842097,,,,,,,,20.450000000000003,0.08365459782426761,-0.03455741273978083,0.07618318030820447,,
,,,,,,,20.5,0.09029357835996155,-0.06366918019109602,0.0640247279325751,,,,,,,,20.5,0.08458923696792175,-0.05470097603937712,0.06452241650120298,,
,,,,,,,20.55,0.0914157310632313,-0.0794944307673242,0.04513835799853747,,,,,,,,20.55,0.08525922295762321,-0.07077990220547238,0.04753252090013186,,
,,,,,,,20.6,0.09221798821095482,-0.089447191382987,0.022435625762859793,,,,,,,,20.6,0.0856601188140902,-0.08141643755902918,0.026627422902728567,,
,,,,,,,20.650000000000002,0.09269625341671399,-0.0926694941859773,-0.0022271607060961756,,,,,,,,20.650000000000002,0.08578944364418668,-0.08571553070128352,0.0035603984856199967,,
,,,,,,,20.700000000000003,0.09284860543933356,-0.08888806683457849,-0.026828624758651862,,,,,,,,20.700000000000003,0.08564656385604597,-0.08334147595233495,-0.019736572307118998,,
,,,,,,,20.75,0.0926751770090742,-0.07843411763842051,-0.049363727816542045,,,,,,,,20.75,0.0852326063125152,-0.07454255884723979,-0.04132800623463463,,
,,,,,,,20.8,0.09217805672359615,-0.06220804788907452,-0.06802170917559423,,,,,,,,20.8,0.08455038960498733,-0.0601220913898791,-0.05944831796831744,,
,,,,,,,20.85,0.09136120934291807,-0.04159302641934268,-0.08134427285236719,,,,,,,,20.85,0.0836043709950923,-0.04135922301283369,-0.07265745330838205,,
,,,,,,,20.900000000000002,0.09023041156109687,-0.018326032615317667,-0.08834978041323724,,,,,,,,20.900000000000002,0.08240060777931212,-0.01988752584910572,-0.07996465768076035,,
,,,,,,,20.950000000000003,0.0887932018217995,0.005661217805576958,-0.08861254596683608,,,,,,,,20.950000000000003,0.08094673296887038,0.0024568446651083596,-0.0809094400711384,,
,,,,,,,21.0,0.08705884412150493,0.02841644666929106,-0.08229063068456718,,,,,,,,21.0,0.07925194633215103,0.0238029636397898,-0.07559292241603703,,
,,,,,,,21.05,0.08503830714741974,0.048139895712977124,-0.07010038604203679,,,,,,,,21.05,0.07732702311379427,0.04241320928549548,-0.06465746810497636,,
,,,,,,,21.1,0.08274426167823533,0.06334047112314267,-0.05324093874618114,,,,,,,,21.1,0.07518434423205358,0.05683609459117279,-0.04921731371404975,,
,,,,,,,21.150000000000002,0.08019110111837413,0.07296091339997744,-0.03327638523665538,,,,,,,,21.150000000000002,0.0728379535954626,0.06603001474390272,-0.030747433013094835,,
,,,,,,,21.200000000000003,0.07739499258490656,0.07646104054123683,-0.011987249750008581,,,,,,,,21.200000000000003,0.07030365053401712,0.06944698766325935,-0.010941626154658548,,
,,,,,,,21.25,0.07437396946535826,0.07385216744514991,0.008794583428883033,,,,,,,,21.25,0.0675991284080103,0.06706935930677226,0.008446490614553822,,
,,,,,,,21.3,0.0711480813133329,0.06568043813830993,0.027351956429628073,,,,,,,,21.3,0.06474417446758057,0.05939693545248602,0.02576455290397492,,
,,,,,,,21.35,0.0677396240768966,0.052961580317424414,0.04223420036368953,,,,,,,,21.35,0.061760951205631194,0.047386659475604644,0.03960958971723193,,
,,,,,,,21.400000000000002,0.0641734840159818,0.03707405738309445,0.05238082015303399,,,,,,,,21.400000000000002,0.058674385863784685,0.03235134364705971,0.048949710118877575,,
,,,,,,,21.450000000000003,0.06047764372248427,0.019621340195275595,0.05720619196524974,,,,,,,,21.450000000000003,0.05551270207211728,0.015827673585809564,0.053208503457706086,,
,,,,,,,21.5,0.05668392025008662,0.0022767105299905015,0.05663817973841329,,,,,,,,21.5,0.05230813435934227,-0.0005735954488244717,0.052304989326220984,,
,,,,,,,21.55,0.05282903522470497,-0.013374594655144392,0.051107995270639424,,,,,,,,21.55,0.04909786836611459,-0.01532088335943065,0.046646234694592836,,
,,,,,,,21.6,0.04895615470028273,-0.025981095986526207,0.041493225162391595,,,,,,,,21.6,0.04592523730436133,-0.027104023610433785,0.037074240728394554,,
,,,,,,,21.650000000000002,0.04511707452708613,-0.034545229216990235,0.029020295522758692,,,,,,,,21.650000000000002,0.04284115779035538,-0.03495232285558531,0.024772967682880793,,
,,,,,,,21.700000000000003,0.04137523415013419,-0.03850715823588081,0.015136339239567372,,,,,,,,21.700000000000003,0.03990566624432133,-0.03831776099547951,0.011145016406290132,,
,,,,,,,21.75,0.03780962748870899,-0.037785047230461305,0.0013631348527372088,,,,,,,,21.75,0.03718915824538679,-0.03711610779383548,-0.0023298139918897422,,
,,,,,,,21.8,0.03451922291896444,-0.032768808724162844,-0.010852738167319286,,,,,,,,21.8,0.034772474076857775,-0.03172281640684328,-0.014240360692182657,,
,,,,,,,21.85,0.031626280812156446,-0.024268774141031478,-0.02027925638925098,,,,,,,,21.85,0.03274435318475479,-0.022924873504236505,-0.023380394357296806,,
,,,,,,,21.900000000000002,0.0292745223693115,-0.01342496237426829,-0.02601476590709207,,,,,,,,21.900000000000002,0.031194384580622854,-0.011833931183591825,-0.028862565757496576,,
,,,,,,,21.950000000000003,0.027615217883843593,-0.0015862560227373145,-0.027569621879933077,,,,,,,,21.950000000000003,0.030200374953123582,0.00023036948386480924,-0.03019949630722602,,
,,,,,,,22.0,0.02677552737896793,0.009828498160198134,-0.024906414642353547,,,,,,,,22.0,0.02981205886956769,0.011875278984844062,-0.02734477286566284,,
,,,,,,,22.05,0.026816102517576185,0.01947390996328443,-0.01843556847442051,,,,,,,,22.05,0.030037337539270414,0.021774856829205592,-0.02069051126762367,,
,,,,,,,22.1,0.027703660673916303,0.02621219249240842,-0.00896737305326507,,,,,,,,22.1,0.03083854094868961,0.028801459605374967,-0.011022319739690006,,
,,,,,,,22.150000000000002,0.029321595864611624,0.029225302893933915,0.002374374613540879,,,,,,,,22.150000000000002,0.03214124899834175,0.032136309457358084,0.000563472833703456,,
,,,,,,,22.200000000000003,0.03151019576478668,0.028094594708450413,0.014268363091227056,,,,,,,,22.200000000000003,0.033850692270474096,0.031348796190932164,0.012771935819198742,,
,,,,,,,22.25,0.03410723573450117,0.02284070999043929,0.02532993281833729,,,,,,,,22.25,0.03586785248524032,0.026437260384478207,0.0242399279138008,,
,,,,,,,22.3,0.0369710957250527,0.013920296969609417,0.034250361332238424,,,,,,,,22.3,0.03810035857898713,0.01782774684016953,0.03367207695480372,,
,,,,,,,22.35,0.03998735282333558,0.0021802735828260426,0.03992786987709155,,,,,,,,22.35,0.04046761072269511,0.006331247361477205,0.039969273504172884,,
,,,,,,,22.400000000000002,0.0430666293956365,-0.011225623083236136,0.041577878179318115,,,,,,,,22.400000000000002,0.042901858100270834,-0.006936113552344801,0.04233745100079542,,
,,,,,,,22.450000000000003,0.0461396810207105,-0.024949732847289085,0.03881212433688494,,,,,,,,22.450000000000003,0.045347183210100284,-0.020662026147408082,0.04036641798047265,,
,,,,,,,22.5,0.04915254943738438,-0.037581833854901985,0.03167931312855534,,,,,,,,22.5,0.04775773071731187,-0.033465467147768435,0.034071444815987846,,
,,,,,,,22.55,0.05206266635864192,-0.047786340196508785,0.020663661800242317,,,,,,,,22.55,0.05009588210366424,-0.04403043117511899,0.02389390161269893,,
,,,,,,,22.6,0.05483597126070563,-0.05443226312001393,0.006641722347291,,,,,,,,22.6,0.05233066330881731,-0.051233174843412804,0.010661149928834693,,
,,,,,,,22.650000000000002,0.05744485499693733,-0.05670365393130252,-0.009198206154367053,,,,,,,,22.650000000000002,0.054436458486442095,-0.05425094986750685,-0.004490261798536009,,
,,,,,,,22.700000000000003,0.05986671276408556,-0.05418018409581432,-0.02546627080122242,,,,,,,,22.700000000000003,0.05639201114423085,-0.05264204950631354,-0.020220621767539457,,
,,,,,,,22.75,0.06208292798975798,-0.046880408381837435,-0.04070033486021487,,,,,,,,22.75,0.05817966390000108,-0.046389779534884636,-0.035112129616727716,,
,,,,,,,22.8,0.06407815562946431,-0.035263819236578155,-0.05350208483530141,,,,,,,,22.8,0.059784785086492744,-0.03590641898092882,-0.04780114646955782,,
,,,,,,,22.85,0.06583981239174291,-0.02019169426846728,-0.0626671874137387,,,,,,,,22.85,0.06119533727770169,-0.021997025812736683,-0.057105167541348326,,
,,,,,,,22.900000000000002,0.06735771011562405,-0.0028505957644073287,-0.06729736410743281,,,,,,,,22.900000000000002,0.06240155190962599,-0.0057867095629630955,-0.06213266188699514,,
,,,,,,,22.950000000000003,0.06862378858890945,0.015354158914545744,-0.06688403519766294,,,,,,,,22.950000000000003,0.06339568260894121,0.01138161639540256,-0.06236562660377522,,
,,,,,,,23.0,0.06963191782703412,0.032924993886080875,-0.061355918686564946,,,,,,,,23.0,0.06417181676676242,0.02806928930516658,-0.057707339784899045,,
,,,,,,,23.05,0.07037774917231406,0.04840669830516663,-0.05108638896764704,,,,,,,,23.05,0.06472573026702029,0.042872279206018576,-0.04849111087900806,,
,,,,,,,23.1,0.07085860094326689,0.06051668079438889,-0.03686017733635021,,,,,,,,23.1,0.06505477434071581,0.05454774529469524,-0.03544950137571063,,
,,,,,,,23.150000000000002,0.07107336874620866,0.06825887352195621,-0.019802775826841437,,,,,,,,23.150000000000002,0.06515778656011981,0.06212508071935054,-0.019647175242978588,,
,,,,,,,23.200000000000003,0.07102245362047617,0.0710109302969351,-0.0012793344506080882,,,,,,,,23.200000000000003,0.0650350202736681,0.06499131418409178,-0.0023838923258173664,,
,,,,,,,23.25,0.07070770337095397,0.06857693584557797,0.017227396379786982,,,,,,,,23.25,0.06468808852689396,0.06294322011039997,0.014923131018556756,,
,,,,,,,23.3,0.07013236404998022,0.061201113300559544,0.0342486819893997,,,,,,,,23.3,0.06411991988542756,0.056201659446457296,0.030866447828962872,,
,,,,,,,23.35,0.06930103979613472,0.04954167143992142,0.04845881661539335,,,,,,,,23.35,0.06333472470554558,0.04538722669004676,0.04417337441166966,,
,,,,,,,23.400000000000002,0.0682196602744125,0.03460762749004363,0.05878974542780936,,,,,,,,23.400000000000002,0.062337971394648806,0.031459879020373636,0.0538172712948502,,
,,,,,,,23.450000000000003,0.0668954559145945,0.017664830640377157,0.0645209716330144,,,,,,,,23.450000000000003,0.06113637316455728,0.015628533751870597,0.059105034104402994,,
,,,,,,,23.5,0.06533694212549415,0.00012018343427696028,0.065336831590247,,,,,,,,23.5,0.059737886799053445,-0.0007606652952092994,0.059733043682079254,,
,,,,,,,23.55,0.06355391479368257,-0.016605038316393223,0.061346334756966346,,,,,,,,23.55,0.05815172613808661,-0.01634684016649169,0.05580684608011995,,
,,,,,,,23.6,0.061557460807380684,-0.031200998780786804,0.053064287954645635,,,,,,,,23.6,0.05638839445158739,-0.029876193494670165,0.04782325889247657,,
,,,,,,,23.650000000000002,0.0593599892885399,-0.04258271704379909,0.04135602178042896,,,,,,,,23.650000000000002,0.05445974180193919,-0.040311921716778526,0.03661710590194428,,
,,,,,,,23.700000000000003,0.05697529197797491,-0.04998085835281499,0.0273513746325726,,,,,,,,23.700000000000003,0.05237905609961447,-0.046922259446959276,0.02327803871203072,,
,,,,,,,23.75,0.05441864527494803,-0.05300191702605811,0.01233635866548454,,,,,,,,23.75,0.050161200144971496,-0.04933885822920722,0.009045610461548677,,
,,,,,,,23.8,0.051706972529745376,-0.05165276134145015,-0.0023671193453300584,,,,,,,,23.8,0.047822811921585294,-0.04758057356199834,-0.004807323537955906,,
,,,,,,,23.85,0.048859094507399906,-0.04632789542957485,-0.015522152593935338,,,,,,,,23.85,0.04538259225360764,-0.042041027871741604,-0.01709185932380249,,
,,,,,,,23.900000000000002,0.04589611035120113,-0.03776128630998144,-0.02608712712402881,,,,,,,,23.900000000000002,0.04286171315175149,-0.0334417206546823,-0.02681003121887816,,
,,,,,,,23.950000000000003,0.042841973771981484,-0.026947878062360278,-0.03330535369299222,,,,,,,,23.950000000000003,0.04028439191864744,-0.022755650338961982,-0.03324172994755367,,
,,,,,,,24.0,0.03972436382146541,-0.01504266640403762,-0.036766061367475684,,,,,,,,24.0,0.037678689308709525,-0.01110909901404545,-0.03600377129021897,,
,,,,,,,24.05,0.0365760018516367,-0.0032471848018407546,-0.036431575622166354,,,,,,,,24.05,0.03507760017890807,0.0003288345328327398,-0.03507605881739492,,
,,,,,,,24.1,0.03343663989446663,0.007305717841617743,-0.03262875073077279,,,,,,,,24.1,0.0325204987857091,0.010458358217258374,-0.030792946995550966,,
,,,,,,,24.150000000000002,0.030356031370865302,0.015657932542513027,-0.02600611061045211,,,,,,,,24.150000000000002,0.030054945157950364,0.018352169373412667,-0.023801210215805793,,
,,,,,,,24.200000000000003,0.027398231874091242,0.021113128303400466,-0.017461355132710042,,,,,,,,24.200000000000003,0.027738682791668655,0.02334009370134301,-0.014989147708570459,,
,,,,,,,24.25,0.024647345181956788,0.023296859408788794,-0.008046612094891705,,,,,,,,24.25,0.02564123670053607,0.0250674619454672,-0.005394012527374374,,
,,,,,,,24.3,0.022213714211328842,0.022184484274442424,0.0011391911778142081,,,,,,,,24.3,0.02384372146364088,0.023522093192814977,0.003903099417670034,,
,,,,,,,24.35,0.02023636782637164,0.018094754941677275,0.009060376725327432,,,,,,,,24.35,0.022434415810159033,0.0190277922878874,0.011884701653475634,,
,,,,,,,24.400000000000002,0.018871784984536313,0.011650215723065023,0.014846438701204365,,,,,,,,24.400000000000002,0.021497368918002954,0.012205467576033571,0.017696424261616037,,
,,,,,,,24.450000000000003,0.01825685960048656,0.0037086813788504446,0.01787620219459509,,,,,,,,24.450000000000003,0.021093973107530233,0.0039060311284548647,0.020729173217587583,,
,,,,,,,24.5,0.018452196686581827,-0.004727243334517116,0.017836387891514493,,,,,,,,24.5,0.021243953457576962,-0.004878129317294365,0.02067630075403841,,
,,,,,,,24.55,0.019407345990660907,-0.012613638124874748,0.014749278343564074,,,,,,,,24.55,0.02191715004992666,-0.013114361863711187,0.01756060873713203,,
,,,,,,,24.6,0.020984121710282962,-0.018971637800729895,0.008967180332182762,,,,,,,,24.6,0.02304229170558458,-0.01983379327827841,0.011728932229310988,,
,,,,,,,24.650000000000002,0.023014417592615407,-0.022986434841374682,0.0011345617702539015,,,,,,,,24.650000000000002,0.024526729845936065,-0.024228187186822046,0.00381515695297625,,
,,,,,,,24.700000000000003,0.025344974986369367,-0.024089455429057476,-0.007878191048149446,,,,,,,,24.700000000000003,0.026275519312607416,-0.02573038674330718,-0.005324482433725123,,
,,,,,,,24.75,0.027853912071563795,-0.02201594239388343,-0.01706278694116567,,,,,,,,24.75,0.028203092645065483,-0.024070760929624856,-0.014697377419628047,,
,,,,,,,24.8,0.030449724108722938,-0.016832588194821082,-0.02537419305043833,,,,,,,,24.8,0.030237579682319906,-0.019304424294163968,-0.023273384535033526,,
,,,,,,,24.85,0.03306464559368043,-0.008932754362660665,-0.03183514862117118,,,,,,,,24.85,0.03232068602889874,-0.01180682261904383,-0.030086968691130804,,
,,,,,,,24.900000000000002,0.03564802007662427,0.0010000864335003299,-0.03563398886609435,,,,,,,,24.900000000000002,0.034405740697779116,-0.002238301058168155,-0.034332856003190554,,
,,,,,,,24.950000000000003,0.03816122372325728,0.012057037190888138,-0.036206447633453834,,,,,,,,24.950000000000003,0.03645538783719063,0.008518790159207274,-0.035446093107469254,,
,,,,,,,25.0,0.04057412954984998,0.023190301509705188,-0.03329369166399206,,,,,,,,25.0,0.0384395359167127,0.01944432028923506,-0.03315895550197394,,
,,,,,,,25.05,0.04286273060269336,0.033313228997941945,-0.026971141029807143,,,,,,,,25.05,0.04033372793351428,0.02947782440379063,-0.02752939297249461,,
,,,,,,,25.1,0.04500755720802189,0.041404336916681404,-0.017645426895467744,,,,,,,,25.1,0.042117911986161785,0.037619867890037385,-0.018938427865327283,,
,,,,,,,25.150000000000002,0.04699261975166615,0.04660544577783729,-0.006019861707194925,,,,,,,,25.150000000000002,0.04377553645105928,0.043027716935622184,-0.008056870787470262,,
,,,,,,,25.200000000000003,0.0488046958993576,0.04830467889667263,0.0069682378344974975,,,,,,,,25.200000000000003,0.04529289076151027,0.04509630175203665,0.00421539106410766,,
,,,,,,,25.25,0.05043284400001396,0.04619655288979905,0.020232406061310233,,,,,,,,25.25,0.04665862598707365,0.04351690129692575,0.016831716505313593,,
,,,,,,,25.3,0.05186806609704755,0.040313581650019935,0.03263604472350884,,,,,,,,25.3,0.047863405027569805,0.03830812033411043,0.028694833285811402,,
,,,,,,,25.35,0.053103070823798615,0.031026518263592772,0.04309630257175569,,,,,,,,25.35,0.04889964567954925,0.029816364450385987,0.03875770579571523,,
,,,,,,,25.400000000000002,0.05413210362730361,0.019013310013438926,0.05068312032077347,,,,,,,,25.400000000000002,0.049761330192979535,0.018685894484924866,0.04611970652414205,,
,,,,,,,25.450000000000003,0.054950822780134786,0.00519976247382952,0.05470425389701915,,,,,,,,25.450000000000003,0.05044386253794509,0.005801386835647693,0.05010915264230951,,
,,,,,,,25.5,0.05555620677589491,-0.009322473423670473,0.0547684544294519,,,,,,,,25.5,0.050943960058691166,-0.007791526136993185,0.05034460434761677,,
,,,,,,,25.55,0.05594648338923696,-0.023392904836120658,0.05082106853412637,,,,,,,,25.55,0.05125957008229231,-0.020980246916584577,0.04676935710848055,,
,,,,,,,25.6,0.05612107380988937,-0.035885165990353934,0.04314892568094594,,,,,,,,25.6,0.05138980482921311,-0.03268494877226746,0.039656098700437833,,
,,,,,,,25.650000000000002,0.056080547393890394,-0.04580644189668128,0.03235425283891359,,,,,,,,25.650000000000002,0.051334889982042,-0.04195480532057162,0.029581501651898795,,
,,,,,,,25.700000000000003,0.05582658407184968,-0.0523842403676437,0.019300229279369408,,,,,,,,25.700000000000003,0.05109612375126336,-0.048051864512508535,0.01737331802724921,,
,,,,,,,25.75,0.055361942546373076,-0.055132654440694366,0.005033398139517351,,,,,,,,25.75,0.05067584440917359,-0.0505149421221405,0.004035074841879076,,
,,,,,,,25.8,0.0546904332560251,-0.05389222544116431,-0.009309754386151049,,,,,,,,25.8,0.050077405174502786,-0.04919783370254183,-0.009344499343911253,,
,,,,,,,25.85,0.05381689579456202,-0.048840014065496595,-0.022603347076148743,,,,,,,,25.85,0.04930515612140038,-0.04427858084223464,-0.02168883811441628,,
,,,,,,,25.900000000000002,0.05274718114222623,-0.04046927483228534,-0.033830502700961794,,,,,,,,25.900000000000002,0.04836443354214669,-0.03623924457612732,-0.03202866816469817,,
,,,,,,,25.950000000000003,0.051488139775091625,-0.029540945038806464,-0.04217061896289392,,,,,,,,25.950000000000003,0.047261557994630665,-0.025818379246465416,-0.03958618644382813,,
,,,,,,,26.0,0.050047617562603584,-0.017011740008962568,-0.047067661143932876,,,,,,,,26.0,0.046003843202612325,-0.013940907620750282,-0.04384067385568163,,
,,,,,,,26.05,0.04843446246344321,-0.003945753601688227,-0.04827347286696342,,,,,,,,26.05,0.04459961915918475,-0.0016321407005948517,-0.044569744736511346,,
,,,,,,,26.1,0.04665854655880841,0.008582094962412296,-0.045862485901187584,,,,,,,,26.1,0.04305827435895007,0.010075922673371082,-0.041862761173277425,,
,,,,,,,26.150000000000002,0.04473081018391373,0.019581777379679862,-0.04021690408723648,,,,,,,,26.150000000000002,0.04139032425804392,0.020237263818174207,-0.036105568758013434,,
,,,,,,,26.200000000000003,0.042663338250246666,0.028234240165410842,-0.031984185356780014,,,,,,,,26.200000000000003,0.03960751612599466,0.028074933337118666,-0.02793838670695339,,
,,,,,,,26.25,0.04046948396892071,0.03396007291480075,-0.022011192160629252,,,,,,,,26.25,0.03772298482300389,0.03304701648337992,-0.018191159542585447,,
,,,,,,,26.3,0.03816406320058671,0.03646470336121943,-0.011261488745128197,,,,,,,,26.3,0.035751480275111,0.03488962447219073,-0.0078027204263103256,,
,,,,,,,26.35,0.03576365541021273,0.03575633155922012,-0.0007237414784009363,,,,,,,,26.35,0.03370969623400899,0.03363328284715678,0.002268458752613568,,
,,,,,,,26.400000000000002,0.033287067732330713,0.03213541116287175,0.00868010527643242,,,,,,,,26.400000000000002,0.03161674199317809,0.029591622308848754,0.011133474902007707,,
,,,,,,,26.450000000000003,0.030756051846695814,0.026157160567942234,0.01617830881827668,,,,,,,,26.450000000000003,0.02949481419161865,0.02332388368399965,0.01805382270028605,,
,,,,,,,26.5,0.028196416577542547,0.018571089264958793,0.02121679880017832,,,,,,,,26.5,0.02737014246272879,0.015575181809760185,0.022506408199065995,,
,,,,,,,26.55,0.025639761327739645,0.010243622564649866,0.02350458588651265,,,,,,,,26.55,0.025274291424594468,0.007200506726330168,0.02422689641492289,,
,,,,,,,26.6,0.02312616935957618,0.002071408794335565,0.023033214600974596,,,,,,,,26.6,0.023245875712516198,-0.0009201117135656916,0.02322765877302983,,
,,,,,,,26.650000000000002,0.02070830793588722,-0.005106336963857402,0.020068864949943564,,,,,,,,26.650000000000002,0.021332618363092897,-0.007967117362802685,0.019789028453986723,,
,,,,,,,26.700000000000003,0.018457289905417104,-0.010588123597951285,0.01511830643052056,,,,,,,,26.700000000000003,0.01959331948569069,-0.013259504923880483,0.014425106503660062,,
,,,,,,,26.75,0.016469692970786036,-0.013875589068303338,0.008872362400146869,,,,,,,,26.75,0.018098502976291137,-0.01631815385120362,0.00782774966840839,,
,,,,,,,26.8,0.014871712656976609,-0.014718007849846781,0.0021326233337199546,,,,,,,,26.8,0.01692724967980252,-0.01690859921519138,0.0007943892637769116,,
,,,,,,,26.85,0.013809139705070365,-0.01313194638705972,-0.00427133743475507,,,,,,,,26.85,0.01615694079037386,-0.015059439009773445,-0.005853207019622713,,
,,,,,,,26.900000000000002,0.013407788189201983,-0.009394520025532932,-0.009566178840914742,,,,,,,,26.900000000000002,0.015845016394443318,-0.011054933114356031,-0.011351343461339368,,
,,,,,,,26.950000000000003,0.013712154163604889,-0.004011232315237155,-0.013112329584008483,,,,,,,,26.950000000000003,0.01600928850122239,-0.005402815897625206,-0.015070066313448649,,
,,,,,,,27.0,0.014655196513869559,0.0023382147056177104,-0.014467464769287241,,,,,,,,27.0,0.0166197011079276,0.0012193113072852624,-0.016574913117503098,,
,,,,,,,27.05,0.016095117181477738,0.008870688346835081,-0.013429954777988801,,,,,,,,27.05,0.017608395049083972,0.008033639644921235,-0.015668956897641743,,
,,,,,,,27.1,0.017877845518054374,0.014779994444643113,-0.010058286364174345,,,,,,,,27.1,0.018890390765581817,0.014241021521179141,-0.012411292008074394,,
,,,,,,,27.150000000000002,0.019874223085060986,0.019319020304480135,-0.004664782707678388,,,,,,,,27.150000000000002,0.020381874558520623,0.019101393306331343,-0.007110385662965862,,
,,,,,,,27.200000000000003,0.021987633716030897,0.02187572193222828,0.0022155871398266353,,,,,,,,27.200000000000003,0.022009967534852976,0.02200801556164658,-0.0002931244165949504,,
,,,,,,,27.25,0.024148475945913152,0.022035675744428645,0.009878151901886564,,,,,,,,27.25,0.023715298534317412,0.02254844609833093,0.007347309924214596,,
,,,,,,,27.3,0.026306495585908543,0.019625248105850132,0.017518029192670374,,,,,,,,27.3,0.025450863847227032,0.020546477401536218,0.015019611744590787,,
,,,,,,,27.35,0.028424631895864073,0.014731320943139075,0.024309419608160233,,,,,,,,27.35,0.027179705954624284,0.016081120632033003,0.02191195963390407,,
,,,,,,,27.400000000000002,0.030474778560799998,0.00769576587271605,0.029487070318397757,,,,,,,,27.400000000000002,0.0288726179943613,0.009480924390937897,0.0272715995596451,,
,,,,,,,27.450000000000003,0.032435015062850764,-0.0009147327893947332,0.03242211384304487,,,,,,,,27.450000000000003,0.03050627059663777,0.001294266733862387,0.030478802787132293,,
,,,,,,,27.5,0.03428782392796281,-0.010360572191485912,0.03268506407489494,,,,,,,,27.5,0.032061801665278195,-0.007761469095148618,0.031108177759372024,,
,,,,,,,27.55,0.03601893921161587,-0.019797868215149627,0.030090004919668047,,,,,,,,27.55,0.03352379280375366,-0.01686694436762911,0.028971552800088403,,
,,,,,,,27.6,0.0376165944751141,-0.028357304719505993,0.024715813742425468,,,,,,,,27.6,0.03487953760204861,-0.025177744399498467,0.024138420211071113,,
,,,,,,,27.650000000000002,0.03907102445644686,-0.035225732217658456,0.016902447805157917,,,,,,,,27.650000000000002,0.03611852055211548,-0.03190380078546271,0.016932070821819082,,
,,,,,,,27.700000000000003,0.04037412947232724,-0.03972283027126239,0.007222678581296779,,,,,,,,27.700000000000003,0.03723204496157805,-0.0363838698062301,0.007901847248856887,,
,,,,,,,27.75,0.04151924550689702,-0.04136564834742096,-0.0035680364711558527,,,,,,,,27.75,0.03821296548941219,-0.03814808627445814,-0.002225813355046953,,
,,,,,,,27.8,0.042500983805091444,-0.03991501130562692,-0.014598818338219032,,,,,,,,27.8,0.03905549408615413,-0.03696276986918651,-0.012612900614496972,,
,,,,,,,27.85,0.04331511669951939,-0.03539950290177521,-0.02496146087472029,,,,,,,,27.85,0.03975505757801403,-0.032853356797922284,-0.022385744350805585,,
,,,,,,,27.900000000000002,0.04395849448752397,-0.028114857396457776,-0.03379207053713221,,,,,,,,27.900000000000002,0.040308191757030314,-0.02610339993446765,-0.03071421225723949,,
,,,,,,,27.950000000000003,0.044428983320900534,-0.0185988941276933,-0.040348676510583506,,,,,,,,27.950000000000003,0.04071246143559155,-0.017229828204901845,-0.03688682062978725,,
,,,,,,,28.0,0.04472541740386007,-0.007584405449984478,-0.044077655971248686,,,,,,,,28.0,0.04096639911648194,-0.006936868819688973,-0.04037481526334603,,
,,,,,,,28.05,0.04484756099864259,0.004065557934685212,-0.04466290369206513,,,,,,,,28.05,0.041069457166144664,0.003946993013668287,-0.04087935368950743,,
,,,,,,,28.1,0.04479607723171526,0.01543395670000536,-0.04205331753776577,,,,,,,,28.1,0.041021969970211535,0.014543095513305683,-0.03835753372061093,,
,,,,,,,28.150000000000002,0.04457250173885145,0.025630512940486454,-0.03646621337166052,,,,,,,,28.150000000000002,0.04082512371137464,0.024000820146017256,-0.03302501110321654,,
,,,,,,,28.200000000000003,0.04417921995306602,0.033869505986783885,-0.028366530275530658,,,,,,,,28.200000000000003,0.04048093229015371,0.031572718035865165,-0.025335140712215595,,
,,,,,,,28.25,0.04361944743863318,0.03953751471772259,-0.01842392805016216,,,,,,,,28.25,0.03999221861678629,0.03667965931920982,-0.015936754441213313,,
,,,,,,,28.3,0.04289721318920414,0.04224499992322576,-0.007451904514061191,,,,,,,,28.3,0.03936260111961641,0.03896010856201232,-0.005614651167992676,,
,,,,,,,28.35,0.04201734630538171,0.0418571719310458,0.0036653169687280453,,,,,,,,28.35,0.03859648591128109,0.038299156568347585,0.004781561549631838,,
,,,,,,,28.400000000000002,0.04098546701154509,0.03850154912465995,0.014051306741931412,,,,,,,,28.400000000000002,0.03769906569552226,0.03483485876401907,0.014413610554130686,,
,,,,,,,28.450000000000003,0.039807983637773006,0.0325517952521566,0.022914104546477007,,,,,,,,28.450000000000003,0.036676327258975794,0.028941559645033633,0.0225286285983069,,
,,,,,,,28.5,0.03849209807949661,0.02458962168520005,0.02961405274426866,,,,,,,,28.5,0.03553507036714181,0.021192020475016084,0.028524366674550713,,
,,,,,,,28.55,0.037045823500324,0.015348549648667723,0.03371668818996818,,,,,,,,28.55,0.03428294219894044,0.012302113579362482,0.03199965823718053,,
,,,,,,,28.6,0.035478019887494106,0.005644961238442304,0.03502605184364791,,,,,,,,28.6,0.03292849329031939,0.003063421169633064,0.032785684697868564,,
,,,,,,,28.650000000000002,0.03379845586620103,-0.0036970219703273983,0.033595649234543085,,,,,,,,28.650000000000002,0.03148126357570295,-0.0057298638487296655,0.030955429517257587,,
,,,,,,,28.700000000000003,0.03201790952271085,-0.011919805999073762,0.02971640548836524,,,,,,,,28.700000000000003,0.029951910893812123,-0.01335288700711203,0.02681076975333159,,
,,,,,,,28.75,0.0301483278688137,-0.018398883674923466,0.023883106012454153,,,,,,,,28.75,0.028352399791163482,-0.019214277384170742,0.020848743811609175,,
,,,,,,,28.8,0.028203075674751804,-0.022695643434496867,0.01674279685745354,,,,,,,,28.8,0.026696276305448085,-0.02290664867339572,0.013710456415832663,,
,,,,,,,28.85,0.02619732252756629,-0.02459175126554319,0.009030253446442532,,,,,,,,28.85,0.024999065397464645,-0.024238967159042366,0.006117658196530754,,
,,,,,,,28.900000000000002,0.0241486468218746,-0.024102216545141195,0.0014967634879152335,,,,,,,,28.900000000000002,0.023278842180765303,-0.02324805326141729,-0.0011968762806918874,,
,,,,,,,28.950000000000003,0.02207798431684194,-0.02146628883871292,-0.005160991667079865,,,,,,,,28.950000000000003,0.02155704455417898,-0.0201884748277388,-0.007558548408300005,,
,,,,,,,29.0,0.02001112668933405,-0.01711742447589725,-0.010365277164096054,,,,,,,,29.0,0.01985960579043634,-0.015502128315166498,-0.012413217143498528,,
,,,,,,,29.05,0.01798108802775117,-0.011635512050120136,-0.013708916295362137,,,,,,,,29.05,0.018218467483131932,-0.00977069663772512,-0.015376802159339979,,
,,,,,,,29.1,0.016031774875937627,-0.005686173310659315,-0.01498950428646293,,,,,,,,29.1,0.016673424687520873,-0.003655743506529198,-0.016267717425161407,,
,,,,,,,29.150000000000002,0.014223337023821992,4.688918713619104e-05,-0.014223259735284143,,,,,,,,29.150000000000002,0.01527392414217777,0.0021676906674879337,-0.015119321276799652,,
,,,,,,,29.200000000000003,0.012638674885619289,0.0049299473688935395,-0.011637513557642948,,,,,,,,29.200000000000003,0.014079682083338818,0.007077585860302502,-0.012171492347199591,,
,,,,,,,29.25,0.011387157626121636,0.008441200954757273,-0.007642871531273114,,,,,,,,29.25,0.013157774638614983,0.010565196515944902,-0.007842426666539214,,
,,,,,,,29.3,0.010594213418353728,0.010220782823374679,-0.002788002229381337,,,,,,,,29.3,0.012573126931544684,0.01228339310774458,-0.002683612229318378,,
,,,,,,,29.35,0.010362282699012598,0.010104174551540035,0.0022983819017444776,,,,,,,,29.35,0.012371822120760441,0.01207861635297041,0.00267750062287447,,
,,,,,,,29.400000000000002,0.010715045423605078,0.008136020541760073,0.006972615590578492,,,,,,,,29.400000000000002,0.01256400557773088,0.010003574314283682,0.007601495714387821,,
,,,,,,,29.450000000000003,0.011578990181950572,0.0045632276982865575,0.010641896757970268,,,,,,,,29.450000000000003,0.013118504029643012,0.006309672747421307,0.011501442422418537,,
,,,,,,,29.5,0.012825908680448425,-0.00019177723565588474,0.01282447484192185,,,,,,,,29.5,0.013973954909112123,0.0014201064208094242,0.013901608308230909,,
,,,,,,,29.55,0.014327542180300279,-0.0055748769024943174,0.013198454926631338,,,,,,,,29.55,0.015057643932700567,-0.004113629676034212,0.014484843516325775,,
,,,,,,,29.6,0.015981730525345423,-0.010956817947941434,0.011634597158493546,,,,,,,,29.6,0.016300443752000543,-0.009667497010915078,0.013124174947633148,,
,,,,,,,29.650000000000002,0.01771438088551975,-0.015696951704114795,0.008210054649998081,,,,,,,,29.650000000000002,0.01764379583673936,-0.01460749439107057,0.00989568790652691,,
,,,,,,,29.700000000000003,0.0194730109974768,-0.019207978072021917,0.003201833176881285,,,,,,,,29.700000000000003,0.019040849700829254,-0.01835301269635668,0.005071575918483331,,
,,,,,,,29.75,0.021220012596803218,-0.021015456912816154,-0.002939303549151547,,,,,,,,29.75,0.02045495226068678,-0.020434883841740095,-0.0009058666356394452,,
,,,,,,,29.8,0.02292769877219096,-0.020806389136003925,-0.009631902310006298,,,,,,,,29.8,0.02185749426246248,-0.020542590270217792,-0.0074667288971499105,,
,,,,,,,29.85,0.02457503844502855,-0.018462242641690756,-0.016219682833334526,,,,,,,,29.85,0.023225959230075043,-0.018556166066238895,-0.01396831711693546,,
,,,,,,,29.900000000000002,0.026145576858770978,-0.014073300838716468,-0.022034822277043283,,,,,,,,29.900000000000002,0.02454239868054757,-0.0145597997715556,-0.0197570636382827,,
,,,,,,,29.950000000000003,0.027626117457944604,-0.007932998601617213,-0.026462613230497305,,,,,,,,29.950000000000003,0.02579231375806903,-0.008835899449423569,-0.02423159775818246,,
,,,,,,,30.0,0.029005879176370535,-0.0005128116776289673,-0.02900134567528709,,,,,,,,30.0,0.026963857420353676,-0.00184023543460408,-0.026900987724066742,,
