mea_k,mea_chik,mea_k3chik,mea_r,mea_chir_mag,mea_chir_re,mea_chir_im,mea_q,mea_chiq_mag,mea_chiq_re,mea_chiq_im,fit_k,fit_chik,fit_k3chik,fit_r,fit_chir_mag,fit_chir_re,fit_chir_im,fit_q,fit_chiq_mag,fit_chiq_re,fit_chiq_im,win_k,win_r
0.0,-1.1849490090531272,-0.0,0.0,0.7948879485221195,-0.7948879485221195,0.0,0.0,0.45497427244977345,0.379671415047847,0.25070142637561155,0.0,-0.0354687045723016,-0.0,0.0,0.6084788549314408,-0.6084788549314408,0.0,0.0,0.5433476449812494,0.36110611326119935,0.4059914263528969,0.0,0.0
0.05,-1.1448358307696607,-0.00014310447884620763,0.030679615757712823,0.7833534478180738,-0.4990275096398891,0.6038328981026737,0.05,0.466740386417059,0.3247684908894241,0.3352193545100754,0.05,-0.03474646455875282,-4.343308069844104e-06,0.030679615757712823,0.6019111818754982,-0.3891882226412436,0.45916184317091163,0.05,0.5623112096851229,0.2662810090693237,0.4952659091302055,0.0,0.0
0.1,-1.1042920786752408,-0.001104292078675241,0.06135923151542565,0.751725533608732,0.15251203220545903,0.736091949359517,0.1,0.47823173048193474,0.2501422984953111,0.407595901038306,0.1,-0.03402422454520404,-3.402422454520405e-05,0.06135923151542565,0.5831880222854983,0.10083917386750567,0.5744038042622888,0.1,0.5803298118329011,0.14819776258910788,0.5610883296465832,0.0,0.0
0.15000000000000002,-1.0627462190557155,-0.0035867684893130416,0.09203884727313846,0.709088773929837,0.6409014085081485,0.3034011764736433,0.15000000000000002,0.48936932613665984,0.15856153146888372,0.46296930578785755,0.15000000000000002,-0.03283095598228704,-0.00011080447644021881,0.09203884727313846,0.5556554095218448,0.4874677021124278,0.2666986567797415,0.15000000000000002,0.5973035453593213,0.013084936310111641,0.5971602044180231,0.0,0.0
0.2,-1.0196267181969347,-0.00815701374557548,0.1227184630308513,0.6703886225119119,0.5811294960102854,-0.33422958286221527,0.2,0.500078185852372,0.054060784156641464,0.4971474867499266,0.2,-0.031184240154209744,-0.000249473921233678,0.1227184630308513,0.525955987824895,0.47896961301731805,-0.21729659669424586,0.2,0.6131385692245066,-0.13108567473345795,0.598961977883696,0.0,0.0
0.25,-0.9743620423847458,-0.015224406912261653,0.15339807878856412,0.653269874046856,0.03244628184485071,-0.6524636136457264,0.25,0.5102874033485588,-0.05823591954592184,0.5069534610700036,0.25,-0.02911233267531066,-0.00045488019805172905,0.15339807878856412,0.5043537653008511,0.0917499928826613,-0.4959381608418307,0.25,0.6277467543996762,-0.2751388031918039,0.5642380939262336,0.0,0.0
0.30000000000000004,-0.9263806579049982,-0.025012277763434964,0.18407769454627693,0.669502746353358,-0.5472456939631647,-0.3856890947556895,0.30000000000000004,0.5199302481495394,-0.1723891031891072,0.49051958171157334,0.30000000000000004,-0.026657497035013175,-0.0007197524199453561,0.18407769454627693,0.5021754480170526,-0.3614695253823472,-0.3485971354027284,0.30000000000000004,0.6410454602999209,-0.4093691929854542,0.49331140875270196,0.0,0.0
0.35000000000000003,-0.8751110310435405,-0.03752038545599181,0.21475731030398976,0.7160593583137127,-0.6690539565630022,0.2551623166457745,0.35000000000000003,0.5289442757007863,-0.28199920206819673,0.447502510417014,0.35000000000000003,-0.02387981823926285,-0.0010238472070083948,0.21475731030398976,0.5252580492830168,-0.5133451347552097,0.11123304796577142,0.35000000000000003,0.6529574163002458,-0.5242936253860591,0.38919093242396496,0.0,0.0
0.4,-0.8199816280862214,-0.05247882419751818,0.2454369260617026,0.7764018181839698,-0.20993237749530563,0.7474812239505034,0.4,0.5372714616148205,-0.38061904847845895,0.37919620699721934,0.4,-0.020861093387230058,-0.001335109976782724,0.2454369260617026,0.568582628196382,-0.2282976221932868,0.5207364024029781,0.4,0.663410690002324,-0.6114169866145979,0.2574548738876081,0.0,0.0
0.45,-0.760409128462938,-0.06929228183118523,0.2761165418194154,0.8298842654435946,0.48091719162890845,0.6763331640741997,0.45,0.5448583668150452,-0.46219289466029084,0.2885279328139645,0.45,-0.01770826645120088,-0.0016136657803656803,0.2761165418194154,0.6185119716128183,0.2878543026672791,0.5474458507143061,0.45,0.6723387288694134,-0.6639444113954024,0.10591121241186537,0.0,0.0
0.5,-0.6951788505039996,-0.08689735631299995,0.30679615757712825,0.8594009960377446,0.856248282048832,0.07354557416385679,0.5,0.551656339282655,-0.5214875795488355,0.1799317121772498,0.5,-0.014555741509554883,-0.0018194676886943604,0.30679615757712825,0.6593425750501827,0.6422134055147196,0.14931367335576526,0.5,0.6796804659971889,-0.6773744160087886,-0.05594136568683805,0.0,0.0
0.55,-0.6222692044052114,-0.10353003888291708,0.3374757733348411,0.855158577778026,0.6104763039667974,-0.5988446171106279,0.55,0.5576217576478814,-0.5544806002000243,0.05910404896564413,0.55,-0.011565790407262844,-0.0019242583790083563,0.3374757733348411,0.6782340679682328,0.5570596146101559,-0.386892797455732,0.55,0.685380484396942,-0.6499170401679211,-0.21761031522323518,0.0,0.0
0.6000000000000001,-0.5419600893868366,-0.11706337930755677,0.36815538909255385,0.8170230974261887,-0.06765503612541914,-0.8142171318602622,0.6000000000000001,0.5627163218915855,-0.558672159698062,-0.06734297960067873,0.6000000000000001,-0.00892619403237978,-0.0019280579109940334,0.36815538909255385,0.6679257118742034,0.08770980982993283,-0.6621417868117511,0.6000000000000001,0.6893892374718978,-0.5826956255461493,-0.3684064721356921,0.0,0.0
0.65,-0.4563051889730643,-0.1253128125217278,0.3988350048502667,0.7570474370836051,-0.6381156024119279,-0.4073442032892053,0.65,0.5669073968511279,-0.5332936256495537,-0.19230680031157485,0.65,-0.0068442557582020554,-0.0018796037375962396,0.3988350048502667,0.6288383180106825,-0.41466157095301404,-0.472750898225781,0.65,0.6916633265936469,-0.47970969674409125,-0.4982737843839288,0.0,0.0
0.7000000000000001,-0.3653512000245189,-0.12531546160841,0.4295146206079795,0.7014580662980927,-0.641628752016194,0.28347127431329067,0.7000000000000001,0.570168414989566,-0.4793928473986368,-0.3086657080317498,0.7000000000000001,-0.005536441100532282,-0.001898999297482573,0.4295146206079795,0.5716634261811174,-0.5709586038079872,0.028378611149381457,0.7000000000000001,0.6921658400649875,-0.34755776796961413,-0.5985792746803464,0.0,0.0
0.75,-0.2674859843256893,-0.11284564963740018,0.46019423636569234,0.6853911072642647,-0.07705791875139091,0.681045554331455,0.75,0.5724793459352807,-0.39978678101680754,-0.4097598458203366,0.75,-0.005213169462343199,-0.002199305866926037,0.46019423636569234,0.5200498442507718,-0.26886084500064167,0.4451580466876826,0.75,0.6908667615421908,-0.19494078667442902,-0.6627933100858435,0.0,0.0
0.8,-0.16367268328124754,-0.08380041383999876,0.4908738521234052,0.7300458713445702,0.5848693896260242,0.43691506193507995,0.8,0.5738272415767285,-0.29888298530393753,-0.48984350998187515,0.8,-0.006058744249524937,-0.0031020770557567685,0.4908738521234052,0.5066590783071785,0.24468490612057445,0.44365833514974706,0.8,0.6877434604857166,-0.03198726373591055,-0.686999186607639,0.0,0.0
0.8500000000000001,-0.06499485753371104,-0.0399149668828903,0.521553467881118,0.8212066364096059,0.7743509189774646,-0.2734245672245542,0.8500000000000001,0.5742068669383904,-0.18238277550546247,-0.5444722667300204,0.8500000000000001,-0.008207070026554528,-0.0050401668800578005,0.521553467881118,0.5499523587895848,0.5497336193287282,0.0155095041173198,0.8500000000000001,0.6827812827935491,0.13054204208857173,-0.6701858364517636,0.0,0.0
0.9,0.02615846672640963,0.01906952224355262,0.5522330836388308,0.9223163868189264,0.29037700634745095,-0.8754134517925869,0.9,0.5736214285718333,-0.05688911327262591,-0.5707934583611178,0.9,-0.01171465137250416,-0.008539980850555535,0.5522330836388308,0.6335068501719575,0.37947008501566026,-0.5072803798620665,0.9,0.6759742669441876,0.2821003870101563,-0.6142968185001871,0.0,0.0
0.9500000000000001,0.10273653825187642,0.08808373948370257,0.5829126993965437,0.9984150149695247,-0.5165278269686417,-0.8544188352814146,0.9500000000000001,0.5720834136149766,0.07054930669260984,-0.5677166788624026,0.9500000000000001,-0.016533334861543576,-0.014175267976915927,0.5829126993965437,0.7230030275714503,-0.16523032585948738,-0.7038695314430444,0.9500000000000001,0.6673260204089069,0.4131775066453924,-0.5240308822169601,0.0,0.0
1.0,0.15918072055341997,0.15918072055341997,0.6135923151542565,1.0262553430258732,-1.0093343539834683,-0.1855914625135744,1.0,0.5696155537519354,0.19292066018361534,-0.5359510219697711,1.0,-0.02248622656297247,-0.02248622656297247,0.6135923151542565,0.788388695894146,-0.6836225515291046,-0.3927046509203944,1.0,0.6568508037048164,0.5160252720275624,-0.4064122254024152,0.0,0.0
1.05,0.19277442906901943,0.22316049845102365,0.6442719309119693,0.9972064758116259,-0.7798632349995791,0.6214773447975671,1.05,0.566251928644752,0.3037198276660799,-0.47790743138853586,1.05,-0.029251020914745497,-0.03386171308643226,0.6442719309119693,0.810041740249536,-0.7799863461547886,0.21860677198705253,1.05,0.6445748865161928,0.5852221798102758,-0.2701699179876841,0.0,0.0
1.1,0.20268357353112318,0.269771836369925,0.6749515466696822,0.920393081443666,-0.0009368864715478761,0.9203926046058314,1.1,0.5620392223823416,0.39736723209196867,-0.3974762513103327,1.1,-0.03635539718538246,-0.048389033653744064,0.6749515466696822,0.7795245184962055,-0.37344293884744684,0.6842505727887432,1.1,0.6305382635454743,0.6180271515746937,-0.12498376579145234,0.0,0.0
1.1500000000000001,0.1928625402702328,0.2933198159334904,0.705631162427395,0.8282684425517468,0.6867020360110466,0.4631078995929345,1.1500000000000001,0.5570381431546731,0.46954319955655854,-0.29970097877617285,1.1500000000000001,-0.043188945873959356,-0.06568498805605795,0.705631162427395,0.7013497479476474,0.23020925432197753,0.6624916363024876,1.1500000000000001,0.6147968495104961,0.6144927804969363,0.01933362059148899,0.0,0.0
1.2000000000000002,0.16859558817510026,0.2913331763665734,0.7363107781851077,0.7791795110836167,0.6884174417078197,-0.36496867871772865,1.2000000000000002,0.5513250093215833,0.5174122166727673,-0.19037821288481863,1.2000000000000002,-0.04903508047512757,-0.08473261906102049,0.7363107781851077,0.598121444827599,0.5683607784836338,0.18632039138036502,1.2000000000000002,0.5974253160520795,0.5773308187780345,0.15364287796383996,0.0,0.0
1.25,0.13475515186122203,0.2631936559789493,0.7669903939428205,0.8292389627818925,-0.03084920258453062,-0.8286649407905994,1.25,0.5449934923413072,0.5397217082694084,-0.07561999945203722,1.25,-0.05312447070623684,-0.10375873184811883,0.7669903939428205,0.5198907819720141,0.3819618418587184,-0.35269190030870806,1.25,0.5785207920381591,0.5115461871787157,0.27019771502249473,0.0,0.0
1.3,0.09932603927789464,0.21821930829353453,0.7976700097005334,0.9752979154156173,-0.8655182135402012,-0.4495378135866072,1.3,0.5381564860132123,0.5367716447877973,0.03858244147136872,1.3,-0.054708787406127696,-0.12019520593126255,0.7976700097005334,0.5330382281010858,-0.17315097566104706,-0.5041314235839427,1.3,0.5582077269011787,0.4238778352966453,0.3632126747739001,0.0,0.0
1.35,0.06346869494440381,0.15615679032383756,0.8283496254582462,1.1652198331230932,-1.0291852833415134,0.5463651819586033,1.35,0.5309480388681435,0.5102632942677523,0.1467555467467886,1.35,-0.05315036329301842,-0.13076982508706023,0.8283496254582462,0.6462756475327739,-0.6358772460148007,-0.11546575507283041,1.35,0.5366443170111501,0.32210322035370864,0.42922795624019416,0.0,0.0
1.4000000000000001,0.030145020155206828,0.08271793530588756,0.859029241215959,1.3525978848225244,-0.22348628006846036,1.3340070916781248,1.4000000000000001,0.523525238633391,0.4630465916804247,0.24426733187082333,1.4000000000000001,-0.04802065910787426,-0.131768688592007,0.859029241215959,0.7998518046933015,-0.5955302101444644,0.5339538166137793,1.4000000000000001,0.5140310150307906,0.21427615574817907,0.4672404236486469,0.0,0.0
1.4500000000000002,0.003337121066238155,0.0101736307105603,0.8897088569736719,1.5196381492162994,1.0236114558905751,1.1231739366291924,1.4500000000000002,0.5160698713064726,0.39879480403666134,0.327552768792511,1.4500000000000002,-0.039200368918782806,-0.11950722469502428,0.8897088569736719,0.9362770594070924,-0.021713827287863096,0.936025235598114,1.4500000000000002,0.49062176367054733,0.10797396788321457,0.4785930810686182,0.0,0.0
1.5,-0.018100654899112546,-0.06108971028450484,0.9203884727313847,1.6818820909017334,1.6756614589308831,-0.14452004272629618,1.5,0.5087895915468911,0.3216414922636579,0.3942253149163047,1.5,-0.026983185582584817,-0.09106825134122376,0.9203884727313847,1.0191276951031327,0.6935612199367429,0.7467222329126681,1.5,0.4667386626559506,0.009628597878985446,0.4666393353766376,0.0,0.0
1.55,-0.03056697473644027,-0.11382759304666153,0.9510680884890975,1.885307461940145,0.9857379839520977,-1.6070796038283994,1.55,0.5019182402619099,0.23581754959169712,0.44307110401399424,1.55,-0.01483356542975466,-0.05523834346472765,0.9510680884890975,1.0284823860477479,1.0264008216748064,0.06540161829611527,1.55,0.4427906528096551,-0.07599247154521145,0.4362209376956255,0.0,0.0
1.6,-0.03879924891621919,-0.15892172356083384,0.9817477042468103,2.1863230713024278,-0.8143913768831956,-2.02898379918805,1.6,0.4957148437537597,0.1453250130428543,0.4739344331254151,1.6,-0.02207384253309594,-0.09041445901556099,0.9817477042468103,0.9593551273179354,0.727756972303503,-0.6250856337933631,1.6,0.41929618226552545,-0.146105021820536,0.39301731649033667,0.0,0.0
1.6500000000000001,-0.04290104150764552,-0.19271684108253218,1.012427320004523,2.6172308808506757,-2.5087161343134037,-0.7458155543524245,1.6500000000000001,0.49046075593136906,0.05367946450959867,0.4875143774277152,1.6500000000000001,-0.025402546182131037,-0.11411141276840542,1.012427320004523,0.8244146227981467,0.029013596992403794,-0.8239039273319267,1.6500000000000001,0.39690813072492787,-0.19999686597519728,0.342837159356531,0.0,0.0
1.7000000000000002,-0.041312264898696244,-0.20296715744729468,1.043106935762236,3.1663118231923386,-2.6777269125264427,1.6897660026226105,1.7000000000000002,0.48645440796012,-0.03625538773289659,0.48510147173984974,1.7000000000000002,-0.02579154645547259,-0.12671386773573687,1.043106935762236,0.6636138729164481,-0.5248062769514498,-0.4061548276206082,1.7000000000000002,0.376435615197975,-0.23888071632468416,0.29092915934585123,0.0,0.0
1.75,-0.03798828575575979,-0.20359346897227512,1.0737865515199487,3.7862486458153475,-0.7639593040325958,3.7083749796535654,1.75,0.4840032682426477,-0.12232812452105717,0.46828943359927006,1.75,-0.02417360593975281,-0.12955541933336273,1.0737865515199487,0.5641082413808969,-0.49724100462276605,0.2664009972120799,1.75,0.35885087638235735,-0.2655300832497028,0.2413870882416701,0.0,0.0
1.8,-0.03513141008574848,-0.20488638362008516,1.1044661672776617,4.412216377599707,2.3583307212738913,3.729065509193268,1.8,0.4834129431207996,-0.20305443341032142,0.43869918013272685,1.8,-0.021421689100475434,-0.12493129083397275,1.1044661672776617,0.6240854451425754,0.08711931678837405,0.6179748113646165,1.8,0.345261197151293,-0.2837403204542027,0.19671483118181593,0.0,0.0
1.85,-0.02846766835421804,-0.1802466006432758,1.1351457830353744,4.975373989525556,4.79952449728664,1.311072437202794,1.85,0.4849738754004672,-0.27747815829453193,0.3977505895538341,1.85,-0.018164152434432267,-0.11500860165766222,1.1351457830353744,0.8077295692198746,0.7441405599554478,0.3141367282272429,1.85,0.33682191635556635,-0.29767612662792164,0.15760052973652622,0.0,0.0
1.9000000000000001,-0.022138292614686358,-0.15184654904413378,1.1658253987930873,5.411621022084605,4.858631683379978,-2.383136641471542,1.9000000000000001,0.48894674800950055,-0.3449617141164086,0.3465116710630902,1.9000000000000001,-0.014947232949442873,-0.1025230708002287,1.1658253987930873,1.0095819945647022,0.9008139929967149,-0.4558398334618825,1.9000000000000001,0.3345804004204904,-0.31117998223269316,0.12292706375406705,0.0,0.0
1.9500000000000002,-0.012529541508026605,-0.0929049840893288,1.1965050145508,5.668341152404466,2.216753694739446,-5.216904683516941,1.9500000000000002,0.49554829288131125,-0.4049379383062392,0.28564554380888607,1.9500000000000002,-0.012488812881281196,-0.09260298641308994,1.1965050145508,1.1604317241789566,0.3559048432459795,-1.1045060113168244,1.9500000000000002,0.3392820935814247,-0.3271216636606702,0.09002086529727421,0.0,0.0
2.0,0.0009337879216356485,0.007470303373085188,1.227184630308513,5.710324808484053,-1.7345523653826758,-5.440508938521634,2.0,0.5049394961152636,-0.4566609863556662,0.2154637748620551,2.0,-0.010988748476276997,-0.08790998781021597,1.227184630308513,1.223000483139755,-0.534873862070522,-1.0998364121240205,2.0,0.3512177993422526,-0.34686637186621805,0.055114994721775744,0.0,0.0
2.0500000000000003,0.014654919581190248,0.12625396405690167,1.2578642460662257,5.52502971690252,-4.719611502486502,-2.872493801255809,2.0500000000000003,0.5172179836462633,-0.4989952916955587,0.13608137812636437,2.0500000000000003,-0.010174843324403689,-0.08765754709515336,1.2578642460662257,1.1827743021644792,-1.113169653188693,-0.3997603945871025,2.0500000000000003,0.37019218112891433,-0.3699281849199072,0.013978160495781992,0.0,0.0
2.1,0.02884487888575402,0.267132423360968,1.2885438618239387,5.127178011501356,-5.041566729398565,0.9330376598211131,2.1,0.5324156489995526,-0.5302785828338984,0.047655512664194294,2.1,-0.010086023349649554,-0.09340666224110453,1.2885438618239387,1.0500074362579188,-0.9320592961789511,0.48350913600812756,2.1,0.3956251825058207,-0.3938573658350811,-0.03735853865202767,0.0,0.0
2.15,0.04127455381757658,0.4102019937967576,1.3192234775816514,4.563041338521296,-2.69078215045421,3.6852459450966415,2.15,0.5505015564652307,-0.5482876178524442,-0.04932191987680234,2.15,-0.010972784075867159,-0.10905164293999627,1.3192234775816514,0.8732237602667712,-0.13100993727295393,0.8633401020630145,2.15,0.4267213361087999,-0.4143861621761542,-0.10185876146604865,0.0,0.0
2.2,0.04697052451134688,0.5001421449968217,1.3499030933393643,3.9151297285419253,0.6731091401086929,3.8568335298292182,2.2,0.5713891697770448,-0.5503242481417613,-0.15371663945619446,2.2,-0.012681024021809022,-0.13502754378422252,1.3499030933393643,0.7671284788037726,0.6392744433531556,0.4240451497981119,2.2,0.462626587000746,-0.42583037718290595,-0.18080887386470512,0.0,0.0
2.25,0.04666792562563139,0.5315768403294576,1.380582709097077,3.3057238743270174,2.8608646843582624,1.6562800460934521,2.25,0.5949463303170913,-0.5334256650682422,-0.2634733303472613,2.25,-0.014784876044158908,-0.16840897869049756,1.380582709097077,0.8672691447221558,0.7104790933177,-0.49736830150860895,2.25,0.5025307407010882,-0.42171584433041165,-0.273300003641186,0.0,0.0
2.3000000000000003,0.036163248321191485,0.4399982423239369,1.41126232485479,2.882239237096123,2.6227774093816705,-1.195132495037104,2.3000000000000003,0.6210062684964625,-0.49468755158141386,-0.37541045779557924,2.3000000000000003,-0.016756468405428108,-0.20387595108884385,1.41126232485479,1.1393001114470322,-0.061427003564462214,-1.1376429436234867,2.3000000000000003,0.5457151404412686,-0.3955728341412686,-0.37593503081819585,0.0,0.0
2.35,0.022017508165997925,0.28574046878980036,1.4419419406125027,2.7398852622288636,0.4245241780833466,-2.7067970874082135,2.35,0.6493782005375175,-0.4316739024853927,-0.4851285285843082,2.35,-0.018164635909498773,-0.23573837425398642,1.4419419406125027,1.448176906935971,-1.1393465062881634,-0.8939272299195229,2.35,0.5915635021448068,-0.3418200900441815,-0.4828109393044202,0.0,0.0
2.4000000000000004,0.003301489426928405,0.04563978983785829,1.4726215563702154,2.8155144925567535,-1.9930568947642606,-1.9886794794611211,2.4000000000000004,0.6798565468399125,-0.3428741027415332,-0.5870624106091946,2.4000000000000004,-0.0186600613776172,-0.2579566884841803,1.4726215563702154,1.6953773355448736,-1.6861299468746465,0.1768335718457807,2.4000000000000004,0.6395539299286844,-0.2566459748279935,-0.5858003694876042,0.0,0.0
2.45,-0.011382333203158713,-0.16739001487730248,1.5033011721279284,2.9276918429862624,-2.9192944291683767,0.22158421269300776,2.45,0.7122283124021327,-0.22815797730669674,-0.6746948246270359,2.45,-0.018243306181446508,-0.2682883411176251,1.5033011721279284,1.8187523083408628,-1.2145928328849884,1.3537445140792392,2.45,0.6892439932148001,-0.13878883377181453,-0.6751258710810474,0.0,0.0
2.5,-0.02067325492081691,-0.32301960813776426,1.533980787885641,2.9074682607939017,-1.8797052465449113,2.218125306116733,2.5,0.7462785695133335,-0.08917421003164337,-0.7409316186937224,2.5,-0.01692630173577865,-0.2644734646215414,1.533980787885641,1.7815211561587376,-0.0026089860455395285,1.7815192457655291,2.5,0.7402550421702202,0.009876943481302003,-0.7401891470738419,0.0,0.0
2.5500000000000003,-0.026319002073395423,-0.43640524300474715,1.564660403643354,2.650646051243413,0.12681260181871398,2.647610819775495,2.5500000000000003,0.7817942351666234,0.07036235808031797,-0.778621451480206,2.5500000000000003,-0.014293002509343036,-0.23699763448335795,1.564660403643354,1.5731488531606004,1.0776616638406438,1.1460552571707558,2.5500000000000003,0.7922583396673579,0.18402856804366763,-0.7705885821346408,0.0,0.0
2.6,-0.028223366564029947,-0.4960538907293904,1.5953400194010667,2.1142519039623715,1.4971190304618127,1.4928816838710275,2.6,0.818566454397343,0.24454313013437487,-0.7811848038516364,2.6,-0.009934671841300164,-0.1746117922826917,1.5953400194010667,1.222547247836174,1.2219792556078803,-0.037262206802795954,2.6,0.8449637315911687,0.37491273287978927,-0.7572345412281986,0.0,0.0
2.6500000000000004,-0.02503275332697551,-0.46585015213251685,1.6260196351587797,1.3108498859841287,1.3108294606764168,-0.007317691396706113,2.6500000000000004,0.8563919247048051,0.4253349174012053,-0.743301645860488,2.6500000000000004,-0.004226477993800991,-0.07865317053538881,1.6260196351587797,0.8592322557808063,0.35103790986801525,-0.7842528005749602,2.6500000000000004,0.8981107649221552,0.5707204837831338,-0.6934558929444644,0.0,0.0
2.7,-0.020893339058973164,-0.41124359269776883,1.6566992509164924,0.41823692753385233,0.04244040986777071,-0.4160780445580041,2.7,0.8950734660800901,0.6028665756838798,-0.6615953458148107,2.7,0.002374850151743874,0.04674417553677468,1.6566992509164924,0.8715623190849626,-0.7683142142936058,-0.41147799961013404,2.7,0.9514618805968919,0.7573117717653387,-0.5759848874533234,0.0,0.0
2.75,-0.01049083426411913,-0.21817656883660252,1.6873788666742053,1.0980474550546817,-0.8477059138740823,0.697927572986603,2.75,0.9344200868217811,0.7659339269044073,-0.5352439801369269,2.75,0.009055951035158327,0.18833548168430833,1.6873788666742053,1.388393788393943,-1.0792524920921933,0.8734136305117269,2.75,1.004797262503237,0.9192471587719475,-0.4057119665769068,0.0,0.0
2.8000000000000003,0.0018529751293938086,0.0406765100404529,1.718058482431918,2.3591186967205773,-0.12657503804497783,2.3557206508753343,2.8000000000000003,0.9742467367379744,0.9027020650864789,-0.36645011356690593,2.8000000000000003,0.014125173297760207,0.31007580423243214,1.718058482431918,2.0538317268337765,-0.07685153704879029,2.052393384174255,2.8000000000000003,1.0579109688436317,1.0410511383251526,-0.1881173713179494,0.0,0.0
2.85,0.016419656211810178,0.3801006741042203,1.748738098189631,3.6015560251405287,2.139125157450107,2.897472927050415,2.85,1.014373886622844,1.0015626263348694,-0.16070683679151007,2.85,0.01628237179541417,0.37692265998851704,1.748738098189631,2.6692647055558396,1.718641378926251,2.042362817662077,2.85,1.1106080415153023,1.1086040208790282,0.06668843055063281,0.0,0.0
2.9000000000000004,0.02699695265591541,0.6584286783251212,1.7794177139473437,4.690441373583471,4.5055871064124045,1.3038117600151857,2.9000000000000004,1.0546270299648102,1.0520843943461011,0.07318879358067283,2.9000000000000004,0.015395566315684965,0.37548246687324077,1.7794177139473437,3.1229165739966653,3.0715934483700886,0.5638453831264534,2.9000000000000004,1.1627023565409587,1.110540215823041,0.34435040140184525,0.0,0.0
2.95,0.027740253710088987,0.712158195840546,1.8100973297050567,5.512901728541682,5.171188707778029,-1.9107309640833454,2.95,1.0948361700923122,1.045980741310765,0.32340458894299096,2.95,0.012156465317460912,0.31208533630435065,1.8100973297050567,3.331129464379605,2.9457321138754025,-1.555341062835129,2.95,1.2140150352311778,1.0395222309382344,0.6270773773248036,0.0,0.0
3.0,0.02201946908330917,0.5945256652493476,1.8407769454627694,5.974885698023924,3.3420153634436187,-4.952796423734541,3.0,1.1348353321539344,0.9780086017382983,0.5756304422377516,3.0,0.007364820468522065,0.19885015265009576,1.8407769454627694,3.231056324431344,1.3431119188853295,-2.938668975062682,3.0,1.2643732803931005,0.8932631021908468,0.894830052264895,0.0,0.0
3.0500000000000003,0.009961122891055621,0.2826232043668371,1.8714565612204823,6.008567861798861,-0.1047085806063773,-6.007655438104747,3.0500000000000003,1.1744621226853575,0.846712203354911,0.8139040006735853,3.0500000000000003,0.0016648219678677854,0.047235369386074734,1.8714565612204823,2.7829237802059366,-0.6173437680021592,-2.7135864531178284,3.0500000000000003,1.3136095359299544,0.675185487731984,1.1268072461793246,0.0,0.0
3.1,-0.0021214993813836397,-0.06320158807080002,1.902136176978195,5.579927794289358,-3.204169789067111,-4.568248039709811,3.1,1.2135573482839743,0.6549312757029746,1.0216586815958182,3.1,-0.004573321985278258,-0.13624383526342462,1.902136176978195,1.9732116728988707,-1.5224889750331383,-1.2552257274956182,3.1,1.3615608936859362,0.39463240595959426,1.303116775803837,0.0,0.0
3.1500000000000004,-0.012847312261575879,-0.4015539861337831,1.932815792735908,4.697104781733133,-4.334135611949582,-1.8105418602757244,3.1500000000000004,1.2519646976006051,0.4100078517118993,1.1829239897697434,3.1500000000000004,-0.011123314258026557,-0.34766892003459593,1.932815792735908,0.8180535024284882,-0.8178439757332182,0.018513891876096145,3.1500000000000004,1.4080686903627693,0.06658058016558595,1.4064936768875778,0.0,0.0
3.2,-0.021395451906940508,-0.7010861680866267,1.9634954084936207,3.4303374029379095,-3.4159206727865423,0.3141666042473895,3.2,1.2895304862936907,0.12364725471821311,1.2835888093472503,3.2,-0.01768054530711511,-0.579356108623548,1.9634954084936207,0.6617731945142401,0.6120687107816565,-0.2516260206331276,3.2,1.452978251409019,-0.28915035329373856,1.4239163852760865,0.0,0.0
3.25,-0.027356678763761827,-0.9391034881872614,1.9941750242513334,2.032802559345483,-1.9373788400712009,0.6155074941265258,3.25,1.3261034618993546,-0.18858409928345432,1.3126257765101603,3.25,-0.023762449602166714,-0.8157203402493792,1.9941750242513334,2.365537899034999,0.9892737488443558,-2.148745448306605,3.25,1.496138749236856,-0.6491545321776089,1.347972384851149,0.0,0.0
3.3000000000000003,-0.03284260559396787,-1.1802647172304237,2.024854640009046,1.7548291250444985,-1.7190249096913288,-0.35267352886934855,3.3000000000000003,1.3615346641206862,-0.5081109813910927,1.263170563380896,3.3000000000000003,-0.028734918799518658,-1.0326467768983023,2.024854640009046,4.233535750122249,-0.9618103901193831,-4.122832245073956,3.3000000000000003,1.5374031509139152,-0.9880805432481513,1.1778392456080213,0.0,0.0
3.35,-0.036522184129333855,-1.373065208161355,2.055534255766759,3.3954582208423663,-3.3258633774913022,-0.6839366372319562,3.35,1.3956773353905723,-0.8145072604626854,1.1333548196290952,3.35,-0.03203605564092604,-1.20440752534148,2.055534255766759,6.167179225090811,-4.757779940061618,-3.923981350151776,3.35,1.5766282363209307,-1.2805358646004426,0.919774154364236,0.0,0.1464466094067272
3.4000000000000004,-0.04002686590045959,-1.573215937351664,2.086213871524472,5.530531276837341,-5.372548737069567,1.3124390545424476,3.4000000000000004,1.4283868764127585,-1.0868855519500256,0.9268057324329004,3.4000000000000004,-0.03328858906492018,-1.308374704607623,2.086213871524472,8.068253374231254,-8.062458186976821,-0.3057457997168064,3.4000000000000004,1.613674672180811,-1.503105591393713,0.5870430382508629,0.0,0.5000000000000028
3.45,-0.03996805549262242,-1.6412332427282377,2.116893487282185,7.693459711529153,-5.374887152433542,5.504535441935776,3.45,1.459520841533545,-1.3054199359680532,0.6527479434268266,3.45,-0.03231547825111971,-1.3269906805996359,2.116893487282185,9.844220909797517,-8.032216002879023,5.691413831728351,3.45,1.6484071307340167,-1.636318750043128,0.19926619610974833,0.0,0.8535533905932768
3.5,-0.038857237901336446,-1.6660040750198002,2.1475731030398975,9.711338199877465,-1.6582792203420011,9.568709404082727,3.5,1.4889389691092458,-1.452885446736288,0.3256733522933694,3.5,-0.02906421943309375,-1.2461284081938946,2.1475731030398975,11.41597509122815,-3.328254352128666,10.92003709934532,3.5,1.6806944444392562,-1.6663923644979117,-0.2187928314914345,0.0,1.0
3.5500000000000003,-0.030985232132318262,-1.3862444272137704,2.1782527187976104,11.473880896349375,5.029668642081028,10.312728842284079,3.5500000000000003,1.5165032424275415,-1.5160895185520207,-0.03542112406387996,3.5500000000000003,-0.02359247119705466,-1.055500619826129,2.1782527187976104,12.724196418203134,4.575496802483941,11.873078939326257,3.5500000000000003,1.7104097901250428,-1.586595180609149,-0.6389189174092555,0.006155829702431202,1.0
3.6,-0.018694583833529812,-0.872214503337167,2.2089323345553233,12.907425704639758,11.473426412490683,5.912877867667851,3.6,1.5420779771615927,-1.4870724127146109,-0.4081912872538257,3.6,-0.01610492962531183,-0.7513915965985488,2.2089323345553233,13.733272174465718,11.825272009028225,6.983244699310477,3.6,1.7374308976616206,-1.3980990816115328,-1.031496525513418,0.02447174185242326,1.0
3.6500000000000004,-0.00619467332151906,-0.3012291539396726,2.2396119503130363,13.971552501804052,13.751303195721764,-2.471019977660932,3.6500000000000004,1.5655299317531137,-1.3639662226266642,-0.7684270367110061,3.6500000000000004,-0.007049893296370834,-0.34281604255928666,2.2396119503130363,14.432036024532273,14.28615641250622,-2.0468020839359924,3.6500000000000004,1.7616402795820327,-1.1102249318036612,-1.3677635305298272,0.05449673790581632,1.0
3.7,0.008856570520317481,0.44861186656564145,2.270291566070749,14.657012372503027,9.758433815534671,-10.936223349746303,3.7,1.5867284375173973,-1.151424797044335,-1.0917545837677134,3.7,0.002941514960710257,0.14899655730485667,2.270291566070749,14.830929513103577,10.073687339302063,-10.884727539659963,3.7,1.7829254792478395,-0.7400378744881438,-1.6220873000163119,0.09549150281252644,1.0
3.75,0.025014894373376312,1.3191448204710166,2.3009711818284617,14.981106182177767,0.8154324077058425,-14.958897433639551,3.75,1.6055455456313907,-0.8605683379839081,-1.355433006369704,3.75,0.013136840566725996,0.6927630767609412,2.3009711818284617,14.955732445396556,0.8926210011020366,-14.929070993423498,3.75,1.8011793362040496,-0.3113010419465178,-1.7740740295859903,0.14644660940672624,1.0
3.8000000000000003,0.03662748063018472,2.0098231171394967,2.3316507975861747,14.979921242948725,-8.80129792957223,-12.1216828534595,3.8000000000000003,1.6218561885030949,-0.5084241846629286,-1.5401046537932488,3.8000000000000003,0.022783331133788696,1.2501669459732536,2.3316507975861747,14.838795629637344,-8.753029383057584,-11.982250721691434,3.8000000000000003,1.816300268363477,0.14714835609338894,-1.8103298114311248,0.2061073738537638,1.0
3.85,0.045957684474269477,2.6226499457614585,2.3623304133438876,14.69818362334468,-14.227953915151437,-3.68807933942379,3.85,1.6355383533280714,-0.1168863863167221,-1.6313562694583048,3.85,0.031167272410013647,1.778611046895095,2.3623304133438876,14.509630365413374,-14.065355050815251,-3.5630268923250847,3.85,1.8281925716623544,0.6034853115878894,-1.725715375657029,0.2730047501302266,1.0
3.9000000000000004,0.05096259774474759,3.0230503356206833,2.3930100291016,14.178515616148527,-12.829033339219611,6.037069542299422,3.9000000000000004,1.6464732659203773,0.28874233305527364,-1.6209571494929504,3.9000000000000004,0.03764561010849286,2.233099946025688,2.3930100291016,13.98740570375804,-12.645444310008058,5.9783155256315945,3.9000000000000004,1.8367667388958946,1.0252874533352332,-1.5239743079027321,0.34549150281252683,1.0
3.95,0.04805534685761562,2.961645019916494,2.423689644859313,13.452625898116871,-5.684014097576066,12.192830979442029,3.95,1.6545455831661828,0.6815252717085731,-1.5076618953854606,3.95,0.04170160259059794,2.5700645549582277,2.423689644859313,13.277843236151295,-5.720178163136059,11.982515711894147,3.95,1.841939800639103,1.3820408019678778,-1.2176639318278273,0.42178276747988486,1.0
4.0,0.0432094136432877,2.765402473170413,2.454369260617026,12.53697148488964,3.176613125074594,12.127851543721162,4.0,1.6596435926951756,1.0348518679203687,-1.2974970004727848,4.0,0.04303159417561894,2.7540220272396123,2.454369260617026,12.375878929375865,2.7983351533306995,12.0553597890815,4.0,1.8436356925596393,1.6475567431772205,-0.8273749723620671,0.5000000000000001,1.0
4.05,0.036340503427382924,2.4141041852439757,2.4850488763747385,11.43435812698077,9.248730448759199,6.723505846078045,4.05,1.6616594186055713,1.3244316602139667,-1.0034903093022278,4.05,0.04158621246771672,2.7625772925069794,2.4850488763747385,11.273690602563192,8.7332133435314,7.129311642696422,4.05,1.841785655128699,1.8020979669897923,-0.3802858356672108,0.578217232520115,1.0
4.1000000000000005,0.028749261872899497,1.9814278775421068,2.5157284921324514,10.141066242083472,10.130082955311595,-0.47185150718262364,4.1000000000000005,1.660489232322717,1.5301622810456408,-0.644847179047011,4.1000000000000005,0.037546227303984527,2.587723532017918,2.5157284921324514,9.97234985624955,9.960623179417025,0.48347443893209274,4.1000000000000005,1.8363286738520737,1.8340303830263815,0.09184526415346494,0.6545084971874745,1.0
4.15,0.020648072601178152,1.475787436051232,2.5464081078901644,8.657435614922953,6.593341683021027,-5.610618225959934,4.15,1.65603346793065,1.6377167205815384,-0.24562326851108074,4.15,0.031276207614941424,2.2354161154405645,2.5464081078901644,8.495632566128853,7.218201785970135,-4.480327630395647,4.15,1.8272119708346901,1.740853474722083,0.555097077914884,0.7269952498697739,1.0
4.2,0.013651329022260253,1.0113996646012178,2.5770877236478773,6.999702167700039,1.6185297751364103,-6.810006740341855,4.2,1.6481970416058904,1.6397134692879938,0.16701265399346377,4.2,0.023255937988604508,1.722985933699731,2.5770877236478773,6.9076292419866805,3.079408640458095,-6.183250291701082,4.2,1.8143915619716369,1.5295105297494354,0.9760196102228059,0.7938926261462367,1.0
4.25,0.008234232034701236,0.632105968538862,2.60776733940559,5.214025692332522,-1.7970483018218024,-4.894556294621916,4.25,1.6368895751234438,1.536363731659609,0.5647955074084507,4.25,0.014075260896967222,1.0804961997937494,2.60776733940559,5.344561185306411,-0.014634053377869109,-5.344541150366942,4.25,1.797832898620285,1.2159387632807397,1.324271896293477,0.8535533905932737,1.0
4.3,0.003125991098900449,0.24853817430027797,2.6384469551633027,3.4097424872205093,-2.50619172047002,-2.312000624871072,4.3,1.6220256238246047,1.3355304751145232,0.9205028377924612,4.3,0.004402564706928787,0.350034712153787,2.6384469551633027,4.085998932500095,-1.2511076929962004,-3.88974508379632,4.3,1.7775116186596076,0.8238826890386883,1.5750444022859413,0.9045084971874736,1.0
4.3500000000000005,-0.0018693402066718415,-0.1538707667642535,2.6691265709210157,1.945609251526996,-1.5669558177834482,-1.1532756932936907,4.3500000000000005,1.6035249099743758,1.0521814633884368,1.210043926892779,4.3500000000000005,-0.005078107823073785,-0.4179936544771947,2.6691265709210157,3.6028332040047237,-1.5327955929171906,-3.2605129605957064,4.3500000000000005,1.753414439957685,0.3830568191173224,1.711060978334741,0.9455032620941842,1.0
4.4,-0.005929573372927435,-0.5051047781994508,2.6998061866787286,2.0040276210027512,-1.0259205723988198,-1.7215149389043434,4.4,1.581312563151339,0.7072687444067244,1.4143268170990724,4.4,-0.013745943008752416,-1.1709344092575662,2.6998061866787286,4.102583813006859,-2.2988539395442364,-3.398008903370891,4.4,1.725540240260707,-0.07319954901995553,1.7239869334720184,0.9755282581475768,1.0
4.45,-0.010272426518117118,-0.9052177812563134,2.730485802436441,3.3624854589180653,-2.1519894023727533,-2.5836505323883863,4.45,1.5553193702907706,0.32611605495072515,1.5207454298156067,4.45,-0.02107438020314066,-1.8570980921784837,2.730485802436441,5.118993841681304,-4.105018449345228,-3.058254646314857,4.45,1.6939013825520481,-0.5105870976536421,1.615116933699034,0.9938441702975689,1.0
4.5,-0.016706528005948445,-1.522382364542052,2.761165418194154,4.834654464521811,-4.4360113094419615,-1.9224170863326433,4.5,1.5254820393740822,-0.06356101732532489,1.524157291597386,4.5,-0.026651925744987846,-2.4286567335120175,2.761165418194154,6.164797521067309,-6.068463395504242,-1.085578414110546,4.5,1.6585253656907397,-0.8966120864781197,1.395275297215913,1.0,1.0
4.55,-0.024146114436719716,-2.2744764502741637,2.791845033951867,6.091812054650717,-6.02505889424456,0.8993550078096576,4.55,1.491743482727712,-0.43384344044778045,1.4272625853153431,4.55,-0.030175348634336192,-2.8424084557156695,2.791845033951867,6.985616051519364,-6.555032916527873,2.414616963926386,4.55,1.6194569090712867,-1.2032218763541138,1.0839270254964637,1.0,1.0
4.6000000000000005,-0.03071679750207103,-2.9898502016615867,2.82252464970958,7.018536620951102,-5.187762469994483,4.727258915539582,4.6000000000000005,1.4540531287843987,-0.7588259676801337,1.240344166794849,4.6000000000000005,-0.0314894206542395,-3.065054248801057,2.82252464970958,7.4587235753845595,-4.527700315847404,5.927266420861538,4.6000000000000005,1.5767606207304088,-1.4090868660151783,0.7075650211179656,1.0,1.0
4.65,-0.03495876486064855,-3.5149159033770863,2.8532042654672924,7.559639929126924,-1.6892558590277489,7.368484952878071,4.65,1.4123672754900494,-1.0166773325998668,0.9803818247258589,4.65,-0.03063615065706747,-3.080300279258353,2.8532042654672924,7.531626269286954,-0.4957320515921134,7.515294005774996,4.65,1.5305244560190594,-1.5013320381299022,0.2975016332008134,1.0,1.0
4.7,-0.03638267348291207,-3.77735830901638,2.8838838812250054,7.697376602979743,2.92439185986067,7.12022041920618,4.7,1.3666495051711405,-1.191367351759842,0.6696078726727042,4.7,-0.027844380157235164,-2.8908870810646268,2.8838838812250054,7.199730924519574,3.668701575971763,6.194897427072202,4.7,1.4808642563951309,-1.476565391570435,-0.1127545577134311,1.0,1.0
4.75,-0.035721636174125555,-3.8283547268488625,2.9145634969827183,7.44601760299111,6.30755638385567,3.9570077847453193,4.75,1.3168711910705455,-1.2739101716184074,0.33362045578578836,4.75,-0.02347898991168802,-2.5162873719416896,2.9145634969827183,6.496433196036599,5.920998615341742,2.673091780632958,4.75,1.4279297764113077,-1.3411084996672795,-0.49031769138205256,1.0,1.0
4.800000000000001,-0.03252320799094299,-3.5968066181343694,2.945243112740431,6.848135293058298,6.833537068843677,-0.4469095219057401,4.800000000000001,1.2630121424564387,-1.2630118962003467,-0.0007887007086390429,4.800000000000001,-0.017974074551035387,-1.9877888527481065,2.945243112740431,5.48596678159303,5.376334081640836,-1.091266865312685,4.800000000000001,1.3719127779946785,-1.1104015231933497,-0.8057003957520219,1.0,1.0
4.8500000000000005,-0.026175328102980046,-2.9861894032163896,2.9759227284981438,5.96974263242403,4.581342147380086,-3.8274183500134664,4.8500000000000005,1.2050614627725913,-1.1650604896965864,-0.3079077530812887,4.8500000000000005,-0.011797774879534598,-1.3459388240786856,2.9759227284981438,4.25639854824922,2.8332821610323444,-3.1763880111714875,4.8500000000000005,1.313058017786761,-0.8076255878772116,-1.035307813106849,1.0,1.0
4.9,-0.018294254471043995,-2.1523007442638553,3.0066023442558567,4.893939049082774,1.1514608692373602,-4.756550986035191,4.9,1.1430187421954197,-0.9934520906256438,-0.565282927958679,4.9,-0.005428712081094256,-0.6386825476286583,3.0066023442558567,2.9135808924095854,0.14524077703139304,-2.909958544945538,4.9,1.2516783064204082,-0.46165347159161046,-1.1634322734611051,1.0,1.0
4.95,-0.010073496206442793,-1.2217879119519046,3.0372819600135696,3.7134667728961874,-1.4806375498077449,-3.4055172763478008,4.95,1.0768957884992258,-0.7673059309351014,-0.755609785298726,4.95,0.0006566694880133688,0.07964571844373547,3.0372819600135696,1.5863799352356978,-1.0730552334958399,-1.1683979479550644,4.95,1.1881753139188702,-0.1044991110863464,-1.1835710846368162,1.0,1.0
5.0,-0.001475506805372201,-0.18443835067152511,3.067961575771282,2.522995491667354,-2.2218809642987503,-1.195303823912836,5.0,1.0067192510601295,-0.5096748579198082,-0.868167719775097,5.0,0.006033813834510434,0.7542267293138042,3.067961575771282,0.6110616357176906,-0.4711918624143972,0.38906882609691484,5.0,1.1230684594679765,0.23151776423375642,-1.0989459902542875,1.0,1.0
5.050000000000001,0.006024937139574272,0.7759373449800643,3.098641191528995,1.4130693323575858,-1.377792661007271,0.3137711288885842,5.050000000000001,0.9325347811749268,-0.24540508527591867,-0.899665194514986,5.050000000000001,0.010370673545449403,1.3356144155687586,3.098641191528995,1.1121723243851684,0.9694289482220878,0.5451007186541997,5.050000000000001,1.0570350277258636,0.5166477319793209,-0.9221703589250962,1.0,1.0
5.1000000000000005,0.011292281915268402,1.4979324883422693,3.129320807286708,0.4841524452479559,-0.16821308463300955,0.45399113251012174,5.1000000000000005,0.8544139513181088,0.0011670894111254597,-0.85441315422302,5.1000000000000005,0.013450613840567114,1.7842373765650688,3.129320807286708,1.921262444943815,1.7961131085388566,-0.6820755703632633,5.1000000000000005,0.9909653857896273,0.7263772226594326,-0.6740834712665443,1.0,1.0
5.15,0.015805139446151202,2.158837826446809,3.160000423044421,0.41635462048838184,0.2964240639714329,-0.2923763743887053,5.15,0.7724663912348079,0.2084756277649261,-0.7438025532460528,5.15,0.015173140907706873,2.0725125930819766,3.160000423044421,2.4981654715696067,1.1890926351764826,-2.1970183040456543,5.15,0.9260371267855987,0.8436467398749514,-0.3818441285180289,1.0,0.7499999999999978
5.2,0.0183316994594758,2.5775835975979735,3.1906800388021335,0.9103489437925927,-0.2096077048169036,-0.8858892761207118,5.2,0.6868624226238449,0.3597358691065111,-0.5851239971928005,5.2,0.015543625052396436,2.1855580313673584,3.1906800388021335,2.7863621020899036,-0.49631383710451815,-2.7418034829399165,5.2,0.8638092585330955,0.8604202865408743,-0.07644191020909978,1.0,0.2500000000000022
5.25,0.0172004619102113,2.4889605898510445,3.2213596545598464,1.203616641855062,-1.0225961204900988,-0.6348150871781923,5.25,0.5978784928334124,0.4445182689789055,-0.39982771381777704,5.25,0.014667783417561042,2.1224740973442624,3.2213596545598464,2.7880183155744884,-2.090080541944168,-1.845158382406556,5.25,0.8063280087621558,0.7784579369639139,0.2101620757706549,1.0,3.749399456654644e-33
5.300000000000001,0.01568956129516685,2.335814816940556,3.2520392703175593,1.2951216306640614,-1.261616410262753,0.29268425234313905,5.300000000000001,0.5059970156369615,0.4597320721468932,-0.21137502613373044,5.300000000000001,0.012746501944668719,1.8976609700164457,3.2520392703175593,2.536164339252843,-2.53351379659403,-0.11591979194905998,5.300000000000001,0.7562122420372932,0.6092107155596391,0.4480170298709439,1.0,0.0
5.3500000000000005,0.014183929986706968,2.1719905178381835,3.2827188860752723,1.2426758841668615,-0.5947737702663891,1.091094640850644,5.3500000000000005,0.41215233650064104,0.4099163709480903,-0.04287327036377394,5.3500000000000005,0.010061102242371365,1.5406603592876684,3.2827188860752723,2.0881420170778813,-1.6500042794131617,1.2797745744483031,5.3500000000000005,0.7166429330248593,0.37283242004803185,0.6120237577215454,1.0,0.0
5.4,0.010845889912681898,1.7078372092105427,3.313398501832985,1.1482909280799254,0.49904859729402146,1.0341772348343035,5.4,0.3184313281867214,0.3067967483415556,0.08528930752332105,5.4,0.006934456878416479,1.0919273179029727,3.313398501832985,1.5246918245717334,-0.20825975948642828,1.510401612980646,5.4,0.6911329138303444,0.09638039495937807,0.6843796636714862,1.0,0.0
5.45,0.009109357117727779,1.4746102048517362,3.3440781175906977,1.1428643291793807,1.1393353060503706,0.08974372010199247,5.45,0.23043833468677993,0.16813194720974173,0.1575864030323588,5.45,0.0036922441489053597,0.597695405989095,3.3440781175906977,0.9697773892612636,0.7140001549811347,0.656256019712816,5.45,0.6829726652581881,-0.18865012030167347,0.6564013967078659,1.0,0.0
5.5,0.008618017084295878,1.4338225923997268,3.3747577333484107,1.29422027828618,0.7649698396075171,-1.0439479264877185,5.5,0.16583411813795396,0.015940982494284366,0.16506616799244414,5.5,0.0006311839557090219,0.10501323063108851,3.3747577333484107,0.6930458733710472,0.5439212154594988,-0.4294907379323785,5.5,0.6944418496747068,-0.4492519269316894,0.5295490427975412,1.0,0.0
5.550000000000001,0.006499429824691554,1.1111027138215923,3.4054373491061236,1.5400824355789557,-0.41109770793389466,-1.4842009914126546,5.550000000000001,0.16475371876056186,-0.12573909261238939,0.10645876400957922,5.550000000000001,-0.001998144295011564,-0.3415905100413702,3.4054373491061236,0.9160555388089047,-0.4097565154003418,-0.8193029648850553,5.550000000000001,0.7261793442926465,-0.6540410403937672,0.3155420060117775,1.0,0.0
5.6000000000000005,0.006203567865668951,1.0894457742973187,3.436116964863836,1.7745466299335237,-1.5589563735021932,-0.8477445177205909,5.6000000000000005,0.2336469845351238,-0.2333664879545015,-0.011445334514023006,5.6000000000000005,-0.00400185896426322,-0.7027904638680499,3.436116964863836,1.2809789914599565,-1.2636655672041215,-0.20989642880347778,5.6000000000000005,0.7771387596776818,-0.7763259583492232,0.03553390193217765,1.0,0.0
5.65,0.005820622107514282,1.0498197721332545,3.466796580621549,1.91785094240589,-1.8619177716627617,0.45979826973743243,5.65,0.3352630079308038,-0.2864491059968266,-0.17420733096063726,5.65,-0.005251763434880366,-0.9472192131123219,3.466796580621549,1.5571478495793853,-1.2717627833976073,0.8985148013329969,5.65,0.8451314895055457,-0.7968350736644884,-0.2816045097862813,1.0,0.0
5.7,0.0025653406361148393,0.47508312842401546,3.497476196379262,1.9226648228742904,-1.1240168652666838,1.5598801581257082,5.7,0.4506854361429107,-0.26989827726638627,-0.3609325176261658,5.7,-0.005690499854691032,-1.0538407395897964,3.497476196379262,1.6822810897594045,-0.38175023240588374,1.638394465634007,5.7,0.9275481644400204,-0.7058493173333453,-0.6017660164682794,1.0,0.0
5.75,0.0017231730520676693,0.3275913519454271,3.5281558121369745,1.7679967141279982,0.10696711488702575,1.7647578920350928,5.75,0.5738029377338987,-0.17594959777284508,-0.5461607367759298,5.75,-0.005339412646381305,-1.015072401070646,3.5281558121369745,1.6471419104460243,0.7693515728648301,1.4564252917599965,5.75,1.0218889133703846,-0.5045325142914335,-0.8886528530827265,1.0,0.0
5.800000000000001,0.001873810633923716,0.36560294040612423,3.5588354278946874,1.4546583967705728,0.9797539993326808,1.075227023510268,5.800000000000001,0.7023260134935541,-0.005449658903092222,-0.7023048700155708,5.800000000000001,-0.004295885540343889,-0.8381788195475771,3.5588354278946874,1.470328552615821,1.3782396835575428,0.5121732395435543,5.800000000000001,1.1260115947614602,-0.20531629238510749,-1.1071347395951767,1.0,0.0
5.8500000000000005,0.0013639547919438262,0.273065965773691,3.5895150436524004,1.002036798426814,0.9921733013169322,0.14024936917975508,5.8500000000000005,0.8351965037125065,0.23164219322581253,-0.8024307410182703,5.8500000000000005,-0.0027195648728746778,-0.5444613068424291,3.5895150436524004,1.192385363167998,1.0886477931728746,-0.48644510144219566,5.8500000000000005,1.2381815962270293,0.16872537754299574,-1.2266317345512825,1.0,0.0
5.9,0.0020405054095833167,0.4190769605148121,3.6201946594101133,0.4485821818366098,0.35433165550999685,-0.27509098815635197,5.9,0.9718251694524438,0.5166220369753983,-0.8231317214715159,5.9,-0.0008148668692484027,-0.16735654273936773,3.6201946594101133,0.8791885423044604,0.22739059942175244,-0.8492738122737908,5.9,1.3570278461488832,0.5854911659185145,-1.2242241093259254,1.0,0.0
5.95,0.0044617953308923805,0.9398543197514092,3.650874275167826,0.23208684988721437,-0.20715071306975602,0.10465604600433744,5.95,1.1118269542673085,0.8232883235533539,-0.747231900106003,5.95,0.0011868117709836297,0.24999581714737532,3.650874275167826,0.6439616189078775,-0.48955436029097815,-0.4183576160972161,5.95,1.4814713254173717,1.0063498635050032,-1.0872061627204685,1.0,0.0
6.0,0.006687855243209096,1.4445767325331647,3.6815538909255388,0.8517792502202525,-0.0437031365934323,0.8506573499110387,6.0,1.2549146303272476,1.1199964363818404,-0.5660553964952109,6.0,0.0030484768993836167,0.6584710102668612,3.6815538909255388,0.6323598011477752,-0.5240151045030524,0.3539591619951501,6.0,1.6106562047124129,1.3893340065525916,-0.814840124205428,1.0,0.0
6.050000000000001,0.007231097074021325,1.6012911954437872,3.7122335066832517,1.462519288637491,0.881533155223466,1.1669884171997909,6.050000000000001,1.4008508873413548,1.372372814234344,-0.2810268088911935,6.050000000000001,0.004552919136698526,1.0082217473410975,3.7122335066832517,0.7986397500770896,0.09088976345060135,0.7934510075002047,6.050000000000001,1.7438933482833738,1.6927776961250742,-0.41912728578378505,1.0,0.0
6.1000000000000005,0.0072735694267283746,1.6509620620482335,3.7429131224409646,1.9986537392445933,1.9294730646104679,0.5212969042101485,6.1000000000000005,1.5494247374659846,1.5464737223841543,0.09558265034426323,6.1000000000000005,0.005528854729664858,1.2549449753940594,3.7429131224409646,0.9764500903174509,0.8173894944828642,0.5341621412923286,6.1000000000000005,1.8806170823764412,1.8791006083783095,0.07550837118058543,1.0,0.0
6.15,0.00479240721467335,1.1147540545434442,3.773592738198677,2.419990276447687,2.2428489569817196,-0.9088352404409528,6.15,1.7004390595221557,1.6121231932303925,0.5408805829360447,6.15,0.0058593743520842755,1.3629395465550014,3.773592738198677,1.0823459671811482,1.0594617132176722,-0.221390313471864,6.15,2.02035316379488,1.9184180107967481,0.6336396786081425,1.0,0.0
6.2,0.0018457387471036437,0.43989122411971726,3.80427235395639,2.697203470064111,1.3879620983878493,-2.3126754576387674,6.2,1.8537036612628286,1.546135481588438,1.0225861021706213,6.2,0.005489087523943943,1.3082032514065123,3.80427235395639,1.0899940353874964,0.6251586214002908,-0.8928962399233219,6.2,2.1626953719551683,1.7916607022276736,1.2112816352811357,1.0,0.0
6.25,-0.00047914985196862255,-0.11697994432827699,3.834951969714103,2.812570558919637,-0.29395367900170627,-2.7971672069261215,6.25,2.0090312578057445,1.3351229847669281,1.5012172429024322,6.25,0.004428644000115561,1.081211914090713,3.834951969714103,1.0016168254211482,-0.14880904273172954,-0.9905009509172645,6.25,2.3072884701671956,1.4929194623115642,1.7591962834254251,1.0,0.0
6.300000000000001,-0.005050484212271747,-1.262858425825914,3.865631585471816,2.7604539538101136,-1.88698692734566,-2.014791891767602,6.300000000000001,2.166235077628906,0.9776123222393157,1.93309300318318,6.300000000000001,0.002753007710370987,0.6883813189551344,3.865631585471816,0.8400802123448351,-0.6851699753432984,-0.48608319047402476,6.300000000000001,2.453815785458482,1.0307839155640672,2.226813065432219,1.0,0.0
6.3500000000000005,-0.008957365199630977,-2.2935143249644634,3.8963112012295285,2.5469614135999565,-2.512712819126384,-0.4162772284968624,6.3500000000000005,2.325127420565842,0.4852382918696674,2.2739308085275094,6.3500000000000005,0.0005950401551024168,0.15235876725364428,3.8963112012295285,0.6509351443479805,-0.6222982440314003,0.190948835091398,6.3500000000000005,2.601990116394889,0.42852170199639567,2.5664609322440115,1.0,0.0
6.4,-0.01094623559497998,-2.869489983810433,3.9269908169872414,2.1889492070341006,-1.9194417744663774,1.052255627406469,6.4,2.4855187960121885,-0.11714536230616712,2.4827566633522578,6.4,-0.0018651671147503442,-0.48894236812911435,3.9269908169872414,0.5149814477294279,-0.0794654728526197,0.5088134531729749,6.4,2.7515470398818684,-0.2769652635986526,2.7375721644264286,1.0,0.0
6.45,-0.012528871801414142,-3.3619489098132407,3.9576704327449543,1.7130094845621984,-0.6340976030949047,1.5913270323693196,6.45,2.647217427966313,-0.7925131298332371,2.5258034464246237,6.45,-0.004415166425280903,-1.1847486497899797,3.9576704327449543,0.5239270501916522,0.4616451959290313,0.24775646711674812,6.45,2.9022399545059385,-1.0373719663942815,2.7105084683265415,1.0,0.0
6.5,-0.014511299773364536,-3.9851657002602354,3.988350048502667,1.1571055044265066,0.42363583250884695,1.076766376605741,6.5,2.8100289998603896,-1.4938509879505337,2.380057185417106,6.5,-0.006828126802483705,-1.8751743231320874,3.988350048502667,0.6483872326299069,0.547515182586944,-0.3473228012587921,6.5,3.0538363888399056,-1.796274798863899,2.469678832716759,1.0,0.0
6.550000000000001,-0.014444140976926518,-4.058967916619966,4.01902966426038,0.5972644473259701,0.5870704429632574,0.1098777276727235,6.550000000000001,2.9737565610362564,-2.1673547872259387,2.0361240901759863,6.550000000000001,-0.008882399815308528,-2.4960553853995964,4.01902966426038,0.7857465838269423,0.10143667606510569,-0.7791715438493457,6.550000000000001,3.2061152380414244,-2.493244770885247,2.0156650098800624,1.0,0.0
6.6000000000000005,-0.013174227490895246,-3.787537706722421,4.049709280018092,0.44788002936945553,-0.10461295666197205,-0.43549127431720686,6.6000000000000005,3.138200545368574,-2.756429696888743,1.5001326571545093,6.6000000000000005,-0.010380936053681209,-2.9844775916891337,4.049709280018092,0.8758433421939902,-0.5349239507245922,-0.6935113027245721,6.6000000000000005,3.3588646870535634,-3.068489885266451,1.3661412115710871,1.0,0.0
6.65,-0.011672331752877041,-3.4325949447616733,4.080388895775806,0.9562997687718652,-0.9552378941737587,-0.04505344923094793,6.65,3.3031588698332053,-3.206197617922508,0.7944528646721685,6.65,-0.01116876803945877,-3.2845071167560205,4.080388895775806,0.8947914014712796,-0.8829802686092872,-0.14490513239222308,6.65,3.5118806456661895,-3.467674264011815,0.5554645516276323,1.0,0.0
6.7,-0.008877649136618046,-2.670068387276654,4.111068511533518,1.5436906278622757,-1.1186563532347347,1.0637615888522165,6.7,3.4684270915428796,-3.46816181736795,-0.0428963623123979,6.7,-0.011146946142805286,-3.3525889627485466,4.111068511533518,0.8392192414003579,-0.6994275301509929,0.4637780344124482,6.7,3.664965568092144,-3.646535523749229,-0.36708485304614424,1.0,0.0
6.75,-0.0050919395198371934,-1.5660100870149294,4.1417481272912315,2.0906723420229745,-0.20886535253813293,2.0802129953946906,6.75,3.6337986085831493,-3.5046474486290955,-0.9601763320132416,6.75,-0.01028201481675265,-3.1622015255959752,4.1417481272912315,0.7207348849960146,-0.1496201161801204,0.7050337547128263,6.75,3.8179275634702536,-3.57492530634299,-1.3403282933574094,1.0,0.0
6.800000000000001,-0.0032152906236567655,-1.0109902613776443,4.172427743048944,2.565263477549672,1.4021305057229285,2.1481635771447674,6.800000000000001,3.799064894401507,-3.2926367129989402,-1.8951088486114636,6.800000000000001,-0.008609037755363353,-2.7069569594944105,4.172427743048944,0.5657888425235862,0.340069121850242,0.4521835984289839,6.800000000000001,3.9705797279263537,-3.239931173790171,-2.295288514527609,1.0,0.0
6.8500000000000005,-0.0016334622766166302,-0.5250260156706253,4.2031073588066565,2.95147157070501,2.793766052621646,0.9518695687428856,6.8500000000000005,3.964015758427381,-2.8266493432717277,-2.779113963701762,6.8500000000000005,-0.006227744051391443,-2.001716043722193,4.2031073588066565,0.4231248787487094,0.4210042088033442,-0.04230980011746906,6.8500000000000005,4.122739646336328,-2.647799307293019,-3.1600856032348235,1.0,0.0
6.9,0.0007693006573871356,0.2527221896575906,4.23378697456437,3.2417360255062655,3.068676505984876,-1.0450248612744162,6.9,4.128439627570839,-2.120381377767292,-3.54231514285713,6.9,-0.0032941446076544534,-1.082156150915957,4.23378697456437,0.37166505493615193,0.08289077707069549,-0.3623037843265084,6.9,4.274229024702851,-1.8244623947325143,-3.865277574226615,1.0,0.0
6.95,0.0014969639032345339,0.5025343376051032,4.264466590322082,3.4350295555458064,1.9129244491024866,-2.8530944778431664,6.95,4.2921238445966186,-1.20690378347012,-4.118945296407852,6.95,-8.033291256290959e-06,-0.0026967949538036088,4.264466590322082,0.441151915077581,-0.358896914468183,-0.25653073297723017,6.95,4.424873423443963,-0.8145795899451843,-4.349248774805304,1.0,0.0
7.0,0.0008367540148108292,0.28700662708011443,4.295146206079795,3.53575944174179,-0.2045067135849459,-3.5298401994941497,7.0,4.454854980307454,-0.1373309984750858,-4.452737707571373,7.0,0.0034025340425666594,1.1670691766003642,4.295146206079795,0.5539456476812057,-0.5247828500822983,0.17736612090376927,7.0,4.5745020688503795,0.32089216311083235,-4.563233217530137,1.0,0.0
7.050000000000001,0.0018993004717953324,0.6655198709808232,4.325825821837508,3.5527578243220366,-2.297793077115446,-2.709655906760447,7.050000000000001,4.616419157131186,1.0220103438677612,-4.501868577752477,7.050000000000001,0.0066984889282414965,2.3471681039892576,4.325825821837508,0.6446453148393613,-0.26755898041507303,0.586497889121168,7.050000000000001,4.7229477251708225,1.508462377413607,-4.475575546298368,1.0,0.0
7.1000000000000005,0.004125898334007189,1.4767043986228474,4.356505437595221,3.498253413742666,-3.409912019316455,-0.7812022576025959,7.1000000000000005,4.776602382177762,2.193759840793228,-4.2430352435902705,7.1000000000000005,0.009647386154938903,3.452905626100338,4.356505437595221,0.6854643220167955,0.22510683599976272,0.6474474875571926,7.1000000000000005,4.870046613706448,2.6669674424833065,-4.074878977394015,1.0,0.0
7.15,0.0046722253799634066,1.707819270208332,4.387185053352934,3.386840394048075,-3.1017511396814976,1.3600837188350767,7.15,4.935190888173425,3.2947815508439477,-3.6743058711719074,7.15,0.012040134475052266,4.400980689111146,4.387185053352934,0.6686031855545672,0.5904747553809262,0.31363957497667677,7.15,5.015638368276265,3.7131972811191094,-3.3717642552252443,1.0,0.0
7.2,0.008492684124526594,3.1698773641113025,4.417864669110647,3.234487772823532,-1.6180149201177783,2.800703281467209,7.2,5.091971480929148,4.2421373460810035,-2.816459532743299,7.2,0.013705652599139173,5.1156074213234985,4.417864669110647,0.5988558119742605,0.5764637681628036,-0.16222764108157478,7.2,5.1595660186998415,4.567890841116392,-2.399061225764594,1.0,0.0
7.25,0.010974213220916369,4.18203259757702,4.448544284868359,3.0576336749194413,0.31665254832932427,3.041192998419849,7.25,5.246731892185906,4.959339176633553,-1.7126442945306326,7.25,0.014522519306577986,5.534214427627039,4.448544284868359,0.4917985455887279,0.22773040558253949,-0.43589525326206535,7.25,5.3016759957083055,5.161664229155212,-1.210368022102857,1.0,0.0
7.300000000000001,0.015480302288849088,6.022100755501207,4.479223900626073,2.872395643953451,1.9022297262824168,2.152249707596747,7.300000000000001,5.399261136818954,5.3824049367517715,-0.4263073074598392,7.300000000000001,0.014427578473330378,5.6125732949595655,4.479223900626073,0.3761340146872028,-0.16502232538020414,-0.3380006348083135,7.300000000000001,5.4418181520692395,5.440428668244161,0.12296627967592713,1.0,0.0
7.3500000000000005,0.016662951707134454,6.616281168200233,4.509903516383785,2.6938962789240475,2.6192716098044393,0.6296772154630413,7.3500000000000005,5.549349873490104,5.465240102412505,0.9625147486593544,7.3500000000000005,0.013420088991074724,5.328652667774458,4.509903516383785,0.3009302508323125,-0.3008273580237272,0.007868705767963838,7.3500000000000005,5.579845795790186,5.369882079273888,1.516260386441113,1.0,0.0
7.4,0.01621110554819662,6.569129034662428,4.540583132141498,2.5356515827985864,2.3684353729452896,-0.9055621643655853,7.4,5.696790767920247,5.183902677638718,2.362324719895952,7.4,0.011561080391322826,4.6848272404934015,4.540583132141498,0.3136355792561606,-0.09866058077397831,0.2977135643142393,7.4,5.7156157321196455,4.938716514796681,2.877037084176726,1.0,0.0
7.45,0.014433103793320608,5.967996407501389,4.571262747899211,2.408918897560432,1.388312743040562,-1.968623372444551,7.45,5.841378858020725,4.539380512895259,3.676374779871917,7.45,0.008968374230200315,3.708365570802113,4.571262747899211,0.38638252668094286,0.2538805195997403,0.291266439350838,7.45,5.848988311745866,4.160270040111624,4.111303621029391,1.0,0.0
7.5,0.010061445369272861,4.244672265161988,4.601942363656923,2.3219177799410806,0.0711731840981498,-2.320826696388993,7.5,5.982911920176297,3.5586130553570716,4.809522654778728,7.5,0.005807776360668345,2.450155652156958,4.601942363656923,0.46062100644340875,0.46057304912158054,-0.0066466532773230514,7.5,5.979827483141648,3.07245993260756,5.130139051785762,1.0,0.0
7.550000000000001,0.006027219245077692,2.5939275658824363,4.632621979414636,2.2789968512912417,-1.1890120221042157,-1.944242026983019,7.550000000000001,6.1211908360181715,2.293616720114347,5.675235641994502,7.550000000000001,0.002281190659978895,0.9817534579956249,4.632621979414636,0.5049127410427214,0.35092664763822234,-0.3630252939461287,7.550000000000001,6.108000847447546,1.7359565004633022,5.856118969156889,1.0,0.0
7.6000000000000005,0.00011110201952199616,0.0487711201216878,4.663301595172349,2.280074661065931,-2.0615233026105737,-0.974095546046954,7.6000000000000005,6.256019959065271,0.8187148836556587,6.202216673698504,7.6000000000000005,-0.0013874137297033781,-0.6090413294102702,4.663301595172349,0.5078580422291378,0.005039364725446966,-0.5078330393544482,7.6000000000000005,6.233379714648444,0.2306844983386118,6.229109673879324,1.0,0.0
7.65,-0.002265857762807615,-1.0144180060679013,4.693981210930062,2.3207734479569697,-2.2963974800252513,0.33548175878243724,7.65,6.387207480647639,-0.7739808469758291,6.3401398288488675,7.65,-0.004967144885145343,-2.2237764845380257,4.693981210930062,0.46957535719291005,-0.3206793012403592,-0.3430244916020488,7.65,6.35583916009693,-1.3491373592384632,6.210999904598994,1.0,0.0
7.7,-0.008507447034547483,-3.883930317023066,4.724660826687775,2.3933808499543594,-1.7652630996801222,1.6162048390708335,7.7,6.514565794559296,-2.3805533346452408,6.064036057985755,7.7,-0.008235367414392864,-3.7597169917950177,4.724660826687775,0.39887208707319355,-0.3987885893657414,-0.008161056169845967,7.7,6.475258080684073,-2.901098106597393,5.789006563078108,1.0,0.0
7.75,-0.010001308905067166,-4.655453024857124,4.755340442445488,2.4883316484917235,-0.5459902357193012,2.427692125329058,7.75,6.637911859919943,-3.8923223087391983,5.376960191870217,7.75,-0.010991813999561163,-5.116517669701978,4.755340442445488,0.3135837871125878,-0.20230596097299827,0.23959776646426498,7.75,6.5915192501643975,-4.32142823303079,4.977286816333995,1.0,0.0
7.800000000000001,-0.013959521892941565,-6.624519033339207,4.7860200582032,2.5957216247479957,1.0098862145632979,2.391213203965591,7.800000000000001,6.757067561756735,-5.203451028665043,4.310691293334494,7.800000000000001,-0.013070894166335221,-6.202818968422713,4.7860200582032,0.2445908192518831,0.08714283508818048,0.22854057660534055,7.800000000000001,6.7045093733147825,-5.512096020138794,3.8167058311632873,1.0,0.0
7.8500000000000005,-0.014647369093827026,-7.085468890577196,4.816699673960914,2.706518977084139,2.324021059293575,1.3871449416973494,7.8500000000000005,6.8718600688496245,-6.2185667149415025,2.924361266613894,7.8500000000000005,-0.014351586784852929,-6.942388154699358,4.816699673960914,0.23136464514262797,0.2313562011383298,-0.0019766681094332333,7.8500000000000005,6.814119138752908,-6.3876701383350944,2.3727388901732915,1.0,0.0
7.9,-0.016042514472568162,-7.909585293040535,4.847379289718626,2.8133625354099037,2.7974870451394054,-0.29845433138964295,7.9,6.982122188417126,-6.859830276842877,1.3010606545801509,7.9,-0.014764262716066314,-7.27935732526662,4.847379289718626,0.27380353262541657,0.12185977628698871,-0.24519088360182278,7.9,6.92024327036433,-6.881460593998477,0.7316194463441571,1.0,0.0
7.95,-0.017198165241561304,-8.641387957504238,4.878058905476339,2.910944203599312,2.1083290734531253,-2.007123482624006,7.95,7.087692717254393,-7.072919850584138,-0.45737603941814414,7.95,-0.014294095540842164,-7.182209458689611,4.878058905476339,0.3298168875794438,-0.14449115520715441,-0.2964818466609608,7.95,7.022780577392203,-6.950493802471743,-1.0050288254567945,1.0,0.0
8.0,-0.016100569136497184,-8.243491397886558,4.908738521234052,2.9959827999688184,0.43810916638459385,-2.9637768634023036,8.0,7.18841678897261,-6.83146311232334,-2.237062287230464,8.0,-0.012980952356142602,-6.646247606345012,4.908738521234052,0.36934120914931323,-0.35218620603660183,-0.11125558436959913,8.0,7.121634003332944,-6.5789536394266275,-2.7267269551062774,1.0,0.0
8.05,-0.015620330332265455,-8.14850347367089,4.9394181369917645,3.0667949579792486,-1.5330915182948945,-2.6560989648014237,8.05,7.284146217028332,-6.139560475237736,-3.919768268909114,8.05,-0.010915879318781773,-5.694378969920616,4.9394181369917645,0.3798276949927014,-0.33993390428006515,0.16945211301243815,8.05,7.216710673857109,-5.779823587068669,-4.321406281817041,1.0,0.0
8.1,-0.013345098828798224,-7.092132666675356,4.970097752749477,3.1225109290392625,-2.9088735633815483,-1.135133954310931,8.1,7.374739833274135,-5.032177405157164,-5.391101758593129,8.1,-0.008234501726311728,-4.37615183193283,4.970097752749477,0.3589154373861202,-0.12184381482931926,0.33760091229424805,8.1,7.307921944039393,-4.594588327628331,-5.68291133485241,1.0,0.0
8.15,-0.009270638961617356,-5.0185989838884355,5.00077736850719,3.162073684136149,-3.015296815965048,0.9522053851650918,8.15,7.460063821807827,-3.573339111627489,-6.5485723496621215,8.15,-0.005107834625514073,-2.7650924351176496,5.00077736850719,0.31132869633899796,0.13320346358055052,0.28139366455960757,8.15,7.3951834452363485,-3.090987643177144,-6.718223989896732,1.0,0.0
8.200000000000001,-0.004793904995073311,-2.643205809323582,5.031456984264903,3.183261589468166,-1.7627852196868907,2.6506117437747907,8.200000000000001,7.539992047947297,-1.8522231102579603,-7.308949967877383,8.200000000000001,-0.0017313168828836422,-0.9545927270817883,5.031456984264903,0.2484972318404693,0.23982973427079363,0.06505822616684584,8.200000000000001,7.478415131996578,-1.358951700214118,-7.353906659929847,1.0,0.0
8.25,4.3014963003239596e-05,0.02415357383511596,5.062136600022616,3.1820260858360423,0.28144425861620975,3.1695550382085207,8.25,7.614406382211913,0.022597763709140146,-7.6143728497194605,8.25,0.0016870990650116242,0.9473324859269178,5.062136600022616,0.19107368003465913,0.1388714312833815,-0.1312397682689677,8.25,7.557541329426645,0.4950249913032643,-7.541311636842563,1.0,0.0
8.3,0.005018960997470472,2.8697766518606493,5.092816215780329,3.1523852595542765,2.1690293112615864,2.2875411846660096,8.3,7.683197019249904,1.930369473988959,-7.436745936933854,8.3,0.0049404903921918975,2.824908179880229,5.092816215780329,0.16998017392418577,-0.06542611733513284,-0.1568842971675173,8.3,7.632490781467713,2.3547026309196126,-7.260185331596562,1.0,0.0
8.35,0.009796404815139374,5.7032991199416845,5.123495831538041,3.0869653706356273,3.052601493941892,0.45932485093589825,8.35,7.746262791714492,3.7463238862105728,-6.780091782410361,8.35,0.007836095139795862,4.5620403972598815,5.123495831538041,0.19610730220975597,-0.19604929260802392,-0.0047695752307707305,8.35,7.703196700563777,4.1016540147674245,-6.520404416193748,1.0,0.0
8.4,0.014215565541673095,8.425622558811812,5.154175447295755,2.978101751627779,2.6086113189617928,-1.436745290450907,8.4,7.803511479160537,5.350219841662554,-5.6806636101137515,8.4,0.01020713677894127,6.049810797425607,5.154175447295755,0.24023546693906364,-0.14437092462254203,0.19201592563915687,8.4,7.7695968192227065,5.623052562922878,-5.361708180037595,1.0,0.0
8.450000000000001,0.017767006650760697,10.719743450618953,5.184855063053467,2.8192832330351965,1.1667902690061063,-2.5665070458165604,8.450000000000001,7.854860112108071,6.634647147562659,-4.2047930517595145,8.450000000000001,0.011922698712871403,7.193573681447016,5.184855063053467,0.275759780996825,0.04975200413979996,0.2712345754130366,8.450000000000001,7.8316334439870765,6.81916258440722,-3.851428832056685,1.0,0.0
8.5,0.019760307298227062,12.135298719523695,5.21553467881118,2.606699572521115,-0.5156608505358545,-2.555186206249244,8.5,7.9002352715003115,7.512495890739783,-2.444610978596692,8.5,0.012895052599241326,7.919174177509079,5.21553467881118,0.2906749455528207,0.2368903974093075,0.16844840037054562,8.5,7.889253512343161,7.610021420842876,-2.080359333464166,1.0,0.0
8.55,0.019795473646895597,12.372693134927188,5.246214294568893,2.340733633888325,-1.6890068486523475,-1.6205831697328927,8.55,7.939573383871724,7.923051614681514,-0.5119361571299212,8.55,0.013084033429897234,8.177865985067486,5.246214294568893,0.2816000850176699,0.2789321221109176,-0.03867142532489703,8.55,7.942408653104128,7.9408562358159,-0.15702692446538366,1.0,0.0
8.6,0.017460869525612245,11.10609082698282,5.2768939103266055,2.0274380632030957,-1.9933363404602917,-0.3702908774532425,8.6,7.97282101263701,7.83627542253209,1.4692387150377444,8.6,0.012498264829846109,7.949596334612596,5.2768939103266055,0.250718613637364,0.15413776544480676,-0.19774066978728363,8.6,7.991055250807907,7.78586322792068,1.7992492372034485,1.0,0.0
8.65,0.012646818265706307,8.185205741282259,5.307573526084319,1.6804665962178968,-1.5738363614554944,0.5890730755727118,8.65,7.999935146015254,7.254959574687025,3.3711309541617,8.65,0.011193253996103967,7.2444376876181815,5.307573526084319,0.20495012020991302,-0.033320801232616166,-0.20222333193594225,8.65,8.035154514671692,7.150087985784324,3.666053718945148,1.0,0.0
8.700000000000001,0.007793832816595863,5.132262291226827,5.338253141842031,1.3250418734553857,-0.8908032660628947,0.9809207448014532,8.700000000000001,8.020883482215,6.214603686279057,5.070825658387022,8.700000000000001,0.009266524553940256,6.102034218343324,5.338253141842031,0.1569210941604471,-0.140747037609322,-0.06938660675311918,8.700000000000001,8.074672552644268,6.069274790809722,5.325808891245375,1.0,0.0
8.75,0.004164526861050152,2.7899076432425822,5.368932757599744,1.0081935732031686,-0.3761379753873161,0.9354007186867582,8.75,8.035644712626624,4.781022476939482,6.4585919535579634,8.75,0.0068503041719740485,4.589168615209177,5.368932757599744,0.1275170986349424,-0.09812761421363486,0.08143452445378234,8.75,8.10958045109441,4.607690859658682,6.673415919496584,1.0,0.0
8.8,0.0013096818615361654,0.892511517544774,5.399612373357457,0.8164751906592098,-0.17008810522121098,0.7985623165566049,8.8,8.044208803897979,3.045860614412152,7.445268860040085,8.8,0.004102515753483421,2.7957496155578547,5.399612373357457,0.13447896266251305,0.043610441117646746,0.12721132349091352,8.8,8.139854360669354,2.854069138591066,7.623091129263112,1.0,0.0
8.85,-8.580790991001723e-05,-0.059478106711756816,5.43029198911517,0.8376914593389945,-0.09836380493252901,0.8318963534772162,8.85,8.046577279908606,1.120341093231601,7.968201914883809,8.85,0.00119634277351579,0.8292499283764105,5.43029198911517,0.16414977055414542,0.1601914499205079,0.03583080441943768,8.85,8.165475588851697,0.9159407242935242,8.11394134694808,1.0,0.0
8.9,5.092492006747237e-05,0.03590048997504593,5.460971604872882,1.0253618487719935,0.1234313240704603,1.017905510917066,8.9,8.042763504806594,-0.8723005238609064,7.995319667800708,8.9,-0.001690856366087031,-1.1920013215440082,5.460971604872882,0.1929191567346696,0.15462511173812254,-0.11536410124119695,8.9,8.186430699736887,-1.0872635454464865,8.113908157253057,1.0,0.0
8.950000000000001,0.0006990856193596992,0.5011866271316049,5.491651220630596,1.2623882180078365,0.6238166567423314,1.0974865792964492,8.950000000000001,8.032792968430497,-2.805152136481616,7.527076747639755,8.950000000000001,-0.004388545747346588,-3.14622469725513,5.491651220630596,0.20846967971354818,0.030160564198166265,-0.2062763867414728,8.950000000000001,8.202711621546802,-3.03188077035354,7.621822415972402,1.0,0.0
9.0,0.00024906984129711713,0.18157191430559838,5.522330836388308,1.4768754349160045,1.244343394266557,0.7954687721108362,9.0,8.016703575606073,-4.556136984874981,6.596146753536454,9.0,-0.006743226717734705,-4.9158122772286,5.522330836388308,0.20654207364087146,-0.11857022361226725,-0.16911750428742767,9.0,8.214315762388301,-4.797941365791533,6.667438945700767,1.0,0.0
9.05,-0.0021679844616657607,-1.6069482937127992,5.553010452146021,1.6348466787950249,1.6337141775466009,0.06084118054703101,9.05,7.994545940982816,-6.016100795965575,5.264911776589156,9.05,-0.00862724742273081,-6.394667844963903,5.553010452146021,0.18759438718750174,-0.18391557385191679,-0.03696911953204272,9.05,8.221246134759241,-6.276825845751016,5.309458099505617,1.0,0.0
9.1,-0.005383406293849938,-4.056778864262791,5.583690067903734,1.7210387444320598,1.4938265407732916,-0.8546675528634411,9.1,7.966383691256952,-7.0959118433678885,3.620953497005461,9.1,-0.00994569500520047,-7.494787330763922,5.583690067903734,0.15566223295947737,-0.12822016687765658,0.08826278703845977,9.1,8.223511489298728,-7.378148052411901,3.6316762701703826,1.0,0.0
9.15,-0.008603839956572872,-6.591065165492177,5.6143696836614465,1.7310415827432462,0.799153077070439,-1.5355322597051133,9.15,7.932293776812862,-7.732090741827835,1.7708916742150929,9.15,-0.010640998687555338,-8.151652765462496,5.6143696836614465,0.11861614797000343,-0.007477103694463343,0.11838024953337441,9.15,8.22112645827326,-8.035415514575627,1.7375320863333543,1.0,0.0
9.200000000000001,-0.010637009461800127,-8.28291162379022,5.64504929941916,1.6681669912628512,-0.16530721088543543,-1.6599562153166063,9.200000000000001,7.892366795000261,-7.8906003787280605,-0.16697092573045708,9.200000000000001,-0.010695004082124253,-8.328071338701173,5.64504929941916,0.09044520401646201,0.07840961434956145,0.04508067553988606,9.200000000000001,8.214111709286223,-8.21010341601078,-0.25657956084063027,1.0,0.0
9.25,-0.010898375152069947,-8.62555307152811,5.675728915176872,1.5417001428142256,-0.9712518216954206,-1.1972924576755382,9.25,7.846707327444231,-7.568565277429539,-2.0706606491298643,9.25,-0.010128517327250841,-8.016246690269325,5.675728915176872,0.08867170249281359,0.06543088879991042,-0.059845380889654305,9.25,8.202494109694745,-7.893888391414846,-2.228774480171321,1.0,0.0
9.3,-0.01147947246376361,-9.233594032535509,5.706408530934585,1.365462930946641,-1.3010107305525418,-0.4145601220287994,9.3,7.795434293952038,-6.793842980660461,-3.8226291195267823,9.3,-0.00899851646912107,-7.238019711552818,5.706408530934585,0.10943739492787945,-0.028045163016399487,-0.10578285418717077,9.3,8.18630690221497,-7.108914208011854,-4.059428467208117,1.0,0.0
9.35,-0.011456850995781451,-9.36483430027088,5.737088146692298,1.1564414115213304,-1.1162135581272001,0.3023640701777627,9.35,7.738681325724054,-5.62252589937444,-5.317366939752591,9.35,-0.007393228590484444,-6.043227822322706,5.737088146692298,0.13314092314976655,-0.12143184630127873,-0.0545968142022468,9.35,8.165589892194056,-5.906094457878325,-5.6386972380258795,1.0,0.0
9.4,-0.009605055107166771,-7.977805091131006,5.767767762450011,0.9336033356238541,-0.6375020983506163,0.6820603073677194,9.4,7.676597160682295,-4.13459867151667,-6.468016526949206,9.4,-0.005425491828309438,-4.506326704724566,5.767767762450011,0.1484471782691736,-0.138467048406338,0.053511131942023636,9.4,8.140389647023847,-4.361588400660079,-6.87331726523667,1.0,0.0
9.450000000000001,-0.007657652516453822,-6.462359005888336,5.798447378207723,0.7173867029948188,-0.1673978312383532,0.6975827174826453,9.450000000000001,7.609346063780359,-2.428102539187742,-7.211550844136072,9.450000000000001,-0.0032248934851937527,-2.7215154268613184,5.798447378207723,0.15120028809341474,-0.06569896688293128,0.13618066261421669,9.450000000000001,8.110759708166123,-2.5717060392549955,-7.6922526668896145,1.0,0.0
9.5,-0.005641295545254951,-4.836705768112964,5.829126993965437,0.5308887244935077,0.10762578320474175,0.5198649137842536,9.5,7.53710827512866,-0.6122554898999181,-7.5121997022243985,9.5,-0.0009292269081538334,-0.7966959203783929,5.829126993965437,0.14104807452411736,0.04139637299263532,0.13483656636838381,9.5,8.07676081625132,-0.6465992598361736,-8.050836893150425,1.0,0.0
9.55,-0.0027123696739963575,-2.362430249089835,5.859806609723149,0.4030798948846496,0.19915229063252768,0.3504450981195734,9.55,7.460080488626781,1.19996170621956,-7.362940499582802,9.55,0.001324173008858368,1.1533333384258708,5.859806609723149,0.12023157269842379,0.10551730514301925,0.057634446200959775,9.55,8.038461149699376,1.2968292384917863,-7.933164033437039,1.0,0.0
9.600000000000001,0.0010812509302046136,0.9566216229855095,5.890486225480862,0.36171049071548483,0.2424218235841544,0.2684513709105803,9.600000000000001,7.378476363499496,2.899221580192931,-6.785014935552047,9.600000000000001,0.0034066744947254565,3.014007565765423,5.890486225480862,0.0933718674330567,0.08779434050677089,-0.03178772409150241,9.600000000000001,7.995936577290473,3.1423232059190283,-7.352605430566395,1.0,0.0
9.65,0.004045065760061472,3.6350260397287806,5.921165841238575,0.3976163885918245,0.34238585767145374,0.20216507350031512,9.65,7.292527070631554,4.386754385896536,-5.825576111743073,9.65,0.005205695058640757,4.678004812648344,5.921165841238575,0.06847543481700637,0.014063208313436961,-0.06701575445603045,9.65,7.949270925081281,4.781489106181747,-6.350454327668839,1.0,0.0
9.700000000000001,0.005725812789267974,5.225794735819572,5.9518454569962875,0.4699300207443466,0.46883588241327545,0.03204902117923978,9.700000000000001,7.202481874822362,5.580282709613326,-4.553700697008446,9.700000000000001,0.006630976146669305,6.051912892709117,5.9518454569962875,0.05830263891479598,-0.05030982848751869,-0.0294638568755948,9.700000000000001,7.898556258014603,6.120366294234577,-4.992825591327915,1.0,0.0
9.75,0.007155988583112104,6.63259510565042,5.982525072754001,0.551544579708608,0.4814572144742239,-0.26907317598873776,9.75,7.1086087529508655,6.418615715523707,-3.0551089504241498,9.75,0.007618960598681594,7.061705058643648,5.982525072754001,0.06797488349812515,-0.05370104886572456,0.04167471820306347,9.75,7.843893176501211,7.0849392005989,-3.3660506068951626,1.0,0.0
9.8,0.008485213105234134,7.986214692941527,6.013204688511713,0.6325904204013558,0.25954613038408536,-0.5768937910796158,9.8,7.011195046450213,6.864644232139501,-1.4260138658238541,9.8,0.00813485032948685,7.656456051310389,6.013204688511713,0.0845247702632161,0.0034409034663916566,0.08445470366642958,9.8,7.7853911281554,7.625259539613648,-1.5709016429719174,1.0,0.0
9.850000000000001,0.0073050415043048635,6.981220885111476,6.043884304269426,0.7091843109630922,-0.1709579192415741,-0.6882701335702337,9.850000000000001,6.910548144314189,6.906604343793445,0.23343541543178475,9.850000000000001,0.008172926055818026,7.810633524768457,6.043884304269426,0.09710806789742983,0.0733207845067869,0.06367133900022175,9.850000000000001,7.723168734731157,7.717947088740947,0.28395077130375473,1.0,0.0
9.9,0.0040646469869876824,3.9439229068271615,6.074563920027139,0.7774767202454709,-0.6177666133436445,-0.47205345244111746,9.9,6.806996189941536,6.557608013055649,1.8256435240722466,9.9,0.0077551240883301275,7.524789147782635,6.074563920027139,0.10146021097529379,0.10136964779594516,-0.0042858974412783805,9.9,7.657354134123549,7.366951261860365,2.0888038301269445,1.0,0.0
9.950000000000001,0.002006337854308601,1.9763930110408139,6.105243535784852,0.8321318820938244,-0.8319610614192088,0.016860055730451077,9.950000000000001,6.7008888012920975,5.853564237759451,3.2615481663936023,9.950000000000001,0.006928083022256908,6.824680517139348,6.105243535784852,0.09668653301327167,0.06856377506587112,-0.06817106728549217,9.950000000000001,7.588085337056045,6.602574299258907,3.7396593033604937,1.0,0.0
10.0,0.0002986532179519001,0.2986532179519001,6.135923151542564,0.8669871244714273,-0.6710846579254606,0.5489189884639644,10.0,6.592597788877682,4.849723899279265,4.465705286589613,10.0,0.0057589567278111715,5.758956727811172,6.135923151542564,0.08387981036468437,0.0029324358802967927,-0.0838285357537835,10.0,7.515510597753561,5.4788720451449064,5.1444009036889575,1.0,0.0
10.05,-0.001173090032742806,-1.190774511622658,6.166602767300278,0.8764240906267017,-0.19924056786897104,0.853476644522913,10.05,6.4825178498183185,3.6161679322860034,5.380182818336147,10.05,0.004330338151315245,4.395618540238591,6.166602767300278,0.06569980321523765,-0.04587027530302589,-0.04703596481571908,10.05,7.439788797483344,4.069652058770639,6.228032552235302,1.0,0.0
10.100000000000001,-0.0017823646532281717,-1.8363720845856393,6.19728238305799,0.8566281867159573,0.3467360720307575,0.7833172707332261,10.100000000000001,6.37106720833219,2.23261606102131,5.967069875337091,10.100000000000001,0.002734659799980402,2.8175227265796092,6.19728238305799,0.04672375487550682,-0.04618315423238536,0.007086997588129549,10.100000000000001,7.361089839308424,2.4633743042286564,6.936672881117842,1.0,0.0
10.15,-0.001337223435543132,-1.3983056290906597,6.227961998815704,0.8063899538251251,0.7008605149719628,0.39882238676298326,10.15,6.258688163379524,0.7829589898854336,6.209521136656558,10.15,0.001068446214538346,1.1172511013933593,6.227961998815704,0.03522975149556505,-0.006534341701374874,0.03461845994507758,10.15,7.2795950517145664,0.7573214784025705,7.240094494914921,1.0,0.0
10.200000000000001,-0.0006320830864080569,-0.6707716279609215,6.258641614573416,0.7273770727515974,0.7229199287470718,-0.08040014045392738,10.200000000000001,6.145847492581839,-0.6500897754243684,6.111368478987597,10.200000000000001,-0.0005730814407147267,-0.6081586095379938,6.258641614573416,0.03895120718713331,0.03496305503033437,0.017169196960859782,10.200000000000001,7.195497597909871,-0.9485593897054996,7.132700804444854,1.0,0.0
10.25,0.0003073058996783718,0.3309348423708291,6.2893212303311286,0.623929119875418,0.46449361504879955,-0.4165731966982649,10.25,6.0330366479255835,-1.9898630865416111,5.695434671035413,10.25,-0.0021011476381515557,-2.2627061932663026,6.2893212303311286,0.050414023586862755,0.0427985913285837,-0.02664309205977479,10.25,7.109002886520877,-2.557736593859947,6.63294094327636,1.0,0.0
10.3,0.0004954957970163867,0.5414416357863253,6.320000846088842,0.502475268838876,0.11272918125656371,-0.48966675146258964,10.3,5.920771663250602,-3.1698331139478757,5.000769452601351,10.3,-0.0034381394988879954,-3.7569478602013837,6.320000846088842,0.0602102726232085,0.011095858355629783,-0.05917904068766992,10.3,7.0203289780805465,-3.9827094506640797,5.781266677127814,1.0,0.0
10.350000000000001,-0.0005111169277775224,-0.5666844740420234,6.350680461846554,0.37069503186066555,-0.13821929327461532,-0.34396254681701277,10.350000000000001,5.809592676518591,-4.136712039563056,4.079090654642588,10.350000000000001,-0.004521355723172051,-5.012907909514407,6.350680461846554,0.06467788576890376,-0.03473632998495481,-0.054558375037309294,10.350000000000001,6.929706980078556,-5.149822569913069,4.636827183340285,1.0,0.0
10.4,-0.0008293055054570123,-0.9328559080903968,6.381360077604267,0.23655693009645812,-0.19786233504392337,-0.12965214054394472,10.4,5.7000629521670625,-4.85243661633702,2.9907484921168517,10.4,-0.005305670675138813,-5.968157938319346,6.381360077604267,0.06292490362565506,-0.06048324371555259,-0.017358592279993385,10.4,6.837381421377966,-6.003010028055629,3.2731720554330983,1.0,0.0
10.450000000000001,-0.001469261744002659,-1.6766717310142571,6.41203969336198,0.10745549997200554,-0.1072657513830429,0.006383028627925248,10.450000000000001,5.592767271854599,-5.295007713138063,1.800538551360773,10.450000000000001,-0.005765020988646229,-6.578846662157089,6.41203969336198,0.055464151351691804,-0.05005495091143468,0.02389087638445355,10.450000000000001,6.7436105944498275,-6.506284887456305,1.773285316251633,1.0,0.0
10.5,-0.0026022132431712712,-3.012387105626143,6.442719309119693,0.016649806798395887,0.0162183420673865,0.0037658262053832606,10.5,5.488309547682554,-5.458245593639942,0.5736695309092446,10.5,-0.005892699118979121,-6.821535817608205,6.442719309119693,0.04376296179978943,-0.015755497579638268,0.040828435207681445,10.5,6.648666851098703,-6.644882243785722,0.22430083174158777,1.0,0.0
10.55,-0.00333932373867657,-3.921172098473717,6.473398924877405,0.11789526372750347,0.06485810937952351,-0.0984516066760282,10.55,5.3873095034599086,-5.350598728991298,-0.6278510391694436,10.55,-0.005700513861493009,-6.693779234926112,6.473398924877405,0.030193168332202387,0.014220502181929844,0.02663465283480221,10.55,6.552836834117178,-6.425058311569116,-1.2877485264986552,1.0,0.0
10.600000000000001,-0.0034838256484551414,-4.1492920885204505,6.504078540635119,0.20820508835267657,-0.0020076720542726773,-0.20819540837604547,10.600000000000001,5.290398270548972,-4.993202683095494,-1.7482107500400281,10.600000000000001,-0.005216944818711603,-6.213464750202622,6.504078540635119,0.019051305825654417,0.01899742111535239,-0.0014318675317839327,10.600000000000001,6.456421623604428,-5.872637107814624,-2.682818216291503,1.0,0.0
10.65,-0.003685444448466865,-4.451831239483882,6.534758156392831,0.28561757325875625,-0.15323721126295922,-0.2410306105841584,10.65,5.198212759801473,-4.417422241569665,-2.7400358822191513,10.65,-0.004484471916177795,-5.41701616947,6.534758156392831,0.0181742461969174,-7.284026279342544e-05,-0.01817410022868485,10.65,6.359736772529748,-5.030473891706076,-3.891090366559304,1.0,0.0
10.700000000000001,-0.00332511080584986,-4.0734037169307316,6.565437772150545,0.3534128147450228,-0.3167892957511627,-0.15666894945547488,10.700000000000001,5.111388704899792,-3.6621228798775287,-3.5658309698097983,10.700000000000001,-0.0035562993347149213,-4.356619605897173,6.565437772150545,0.025649375893596553,-0.02329900697511426,-0.010725985162426292,10.700000000000001,6.263112201576838,-3.9550656295207145,-4.856339188702184,1.0,0.0
10.75,-0.0026719462324635702,-3.319350454757517,6.596117387908257,0.41573196834746867,-0.41422586145324347,0.03535541273099559,10.75,5.030552329452637,-2.7709075257873104,-4.198634090141292,10.75,-0.002492714013626893,-3.0966908293973967,6.596117387908257,0.03285974163630645,-0.030124025257010672,0.013126527443303313,10.75,6.166891918488977,-2.7125798265618952,-5.5382728913312045,1.0,0.0
10.8,-0.001812102687967353,-2.2827275012647306,6.62679700366597,0.47636081784190426,-0.3827194739675437,0.28362904121583626,10.8,4.956310673271154,-1.7895240987759806,-4.621971331572879,10.8,-0.0013573219954446608,-1.7098348055255848,6.62679700366597,0.03676854805584084,-0.01507689107465211,0.033535257292255156,10.8,6.071433522250262,-1.3745922505591441,-5.913780614785009,1.0,0.0
10.850000000000001,-0.0005430505396646926,-0.6936325486390933,6.657476619423683,0.5379031120161923,-0.19179052698701823,0.5025496509547551,10.850000000000001,4.889240722128554,-0.7636029860484735,-4.829242727241819,10.850000000000001,-0.00021339250761945674,-0.27256392933881185,6.657476619423683,0.03672409221251035,0.009916419484421716,0.03535991478273024,10.850000000000001,5.977107447788283,-0.013821287426469426,-5.977091467797698,1.0,0.0
10.9,0.0003855229182310889,0.4992633592738889,6.6881562351813955,0.6015838396500219,0.13415241953413976,0.5864352005645632,10.9,4.829877615137214,0.2631728184052818,-4.822702338404907,10.9,0.0008794878249443947,1.1389622384499147,6.6881562351813955,0.033001868742949025,0.02690434506360504,0.019112288121135763,10.9,5.884295902898159,1.2998764501828053,-5.738924941757316,1.0,0.0
10.950000000000001,0.0020975761470073116,2.7539756324336593,6.718835850939108,0.6675868904502951,0.49605205700135124,0.4467713207512569,10.950000000000001,4.778702344020153,1.2504223233097267,-4.612205557660284,10.950000000000001,0.0018682865975027986,2.452933959640019,6.718835850939108,0.026404298435776706,0.026354001808726907,-0.0016289765348767873,10.950000000000001,5.793391446338276,2.50302496838123,-5.224772766175162,1.0,0.0
11.0,0.004685805766913742,6.23680747576219,6.749515466696821,0.7355574560957241,0.7320577750747125,0.07166718335943373,11.0,4.736129492350999,2.1619607199915447,-4.213887565364146,11.0,0.0027088044022481037,3.605418659392226,6.749515466696821,0.018047472133929883,0.013039906319664936,-0.012476862329902421,11.0,5.704795155255865,3.541391121886041,-4.4724978127728034,1.0,0.0
11.05,0.006126221085605193,8.265697356661446,6.780195082454534,0.8049288680112664,0.6826031711424991,-0.4265716742871035,11.05,4.702495668959862,2.966296801166078,-3.648910632500904,11.05,0.003367290435830916,4.5432581138735415,6.780195082454534,0.00924978854543815,6.20914803657126e-06,-0.009249786461416255,11.05,5.618914332124967,4.372080192553661,-3.5294635657050346,1.0,0.0
11.100000000000001,0.005326411078189532,7.2845649092754305,6.810874698212247,0.8749588562882107,0.29094268471532303,-0.82516989426894,11.100000000000001,4.678049345392331,3.636832882754971,-2.94237867393675,11.100000000000001,0.003821372050560879,5.226226878880627,6.810874698212247,0.0029987158344082945,-0.0029168531525896662,0.0006958910415853609,11.100000000000001,5.536159707180121,4.964818221474828,-2.4494171411003505,1.0,0.0
11.15,0.005716433018258097,7.924095869623175,6.84155431396996,0.9445774748443412,-0.32190813254290657,-0.8880325220317388,11.15,4.66294279323826,4.151885727206984,-2.12247035343902,11.15,0.004060312917373506,5.6283890172723705,6.84155431396996,0.007456536890327998,0.0038371765402995506,0.006393435586239771,11.15,5.456942102887005,5.302435089778434,-1.2893406194436088,1.0,0.0
11.200000000000001,0.005562406915689487,7.814781223245801,6.872233929727672,1.0122461694286478,-0.8753025635282662,-0.508416885836629,11.200000000000001,4.6572267228800435,4.494648575035796,-1.219792988681556,11.200000000000001,0.004084686508073918,5.738690446415275,6.872233929727672,0.01217578944719957,0.011871949435912486,0.002703084396328315,11.200000000000001,5.381668543186555,5.380615411573769,-0.10646173706325637,1.0,0.0
11.25,0.004503352707782116,6.4120002421350835,6.902913545485386,1.0759929014682446,-1.0589942697818049,0.1905042271954964,11.25,4.660848053597326,4.653199038365143,-0.2669143834260239,11.25,0.0039056441963266604,5.560966052972921,6.902913545485386,0.014697574922194107,0.013146538523786187,-0.006571699432879962,11.25,5.31073781268669,5.207026133272164,1.0444208742269316,1.0,0.0
11.3,0.0025490298513265062,3.677987525389462,6.933593161243098,1.1336721586453484,-0.7155442503087637,0.8793230288907901,11.3,4.673651013722379,4.6206277856960165,0.702006171000047,11.3,0.0035436343712198157,5.113099403329959,6.933593161243098,0.014940492269492262,0.006572709188447977,-0.013417071333895842,11.3,5.244535499771886,4.799957843045522,2.1131865306577455,1.0,0.0
11.350000000000001,0.0006094924550090432,0.8911604792643184,6.964272777000811,1.1833754417958626,0.03679204221622655,1.1828033572302339,11.350000000000001,4.6953815089307875,4.395322682304291,1.6515889418467833,11.350000000000001,0.0030267155355939448,4.42546785465398,6.964272777000811,0.013224443836194786,-0.002282764933239768,-0.013025931791478148,11.350000000000001,5.1834285921498005,4.186630087822594,3.0561512524177608,1.0,0.0
11.4,0.0004199655782441194,0.6221974826541057,6.994952392758524,1.223842943550748,0.8333379498664925,0.896292034881082,11.4,4.725694443591554,3.9813974872433,2.5457144425023066,11.4,0.002388621032170104,3.5388471584854244,6.994952392758524,0.010110999277180042,-0.007045011620303776,-0.00725259385688459,11.4,5.127759732119807,3.401309796471726,3.8373182743649057,1.0,0.0
11.450000000000001,0.00037973365996258365,0.5700271681775511,7.0256320085162365,1.2547160417564154,1.24836337593864,0.1261000676287209,11.450000000000001,4.764163469722593,3.3892090590724124,3.348210793863002,11.450000000000001,0.0016667009077933738,2.5019241084975805,7.0256320085162365,0.006325373993505908,-0.006069900701113923,-0.001779511628604206,11.450000000000001,5.077841279236277,2.483377858585797,4.429142859357974,1.0,0.0
11.5,0.0009724705641113856,1.4790061691929035,7.056311624273949,1.276512329528633,1.0368809566569843,-0.7445546381298782,11.5,4.810292496748569,2.6358679795618065,4.023818323259182,11.5,0.0008998611512152474,1.3685763283544894,7.056311624273949,0.002933579378809047,-0.002903192850870095,-0.00042114040702649646,11.5,5.033949366424602,1.4754547525481478,4.812866037706611,1.0,0.0
11.55,0.001023587697923209,1.5771427734239205,7.086991240031662,1.290287172860568,0.2863696326580175,-1.2581070788847146,11.55,4.863528235224603,1.7456196460838433,4.5394624071615635,11.55,0.0001266084281893601,0.19507812371968436,7.086991240031662,0.002858809012827354,-0.001989072279961865,-0.0020533826815550527,11.55,4.996318167569501,0.42166538911930435,4.978493098438916,1.0,0.0
11.600000000000001,0.001634101693855233,2.5506627975318588,7.117670855789375,1.2970569267977983,-0.6206563526297054,-1.1389215790802014,11.600000000000001,4.923273066372995,0.7499601421280269,4.865817245981713,11.600000000000001,-0.0006167091600419897,-0.9626188610729018,7.117670855789375,0.004941973711743695,-0.004183962959236443,-0.002630125115522678,11.600000000000001,4.965134615399963,-0.6339100127000706,4.924501989525594,1.0,0.0
11.65,0.0023983968857432133,3.7922663084395505,7.148350471547088,1.2971723698864854,-1.2169320430004138,-0.44914647935362917,11.65,4.988897611965481,-0.31264406337074885,4.979091591075012,11.65,-0.001297396156063519,-2.051400150069006,7.148350471547088,0.006327418601446371,-0.006324702841143837,0.0001853648541569431,11.65,4.940533813792915,-1.648584212837182,4.657364539996325,1.0,0.0
11.700000000000001,0.0007848886951007787,1.2570879376264439,7.179030087304801,1.2898928146795594,-1.2086994282930206,0.45040999700948187,11.700000000000001,5.059752504000642,-1.397540787017889,4.862918377925151,11.700000000000001,-0.0018875928617739447,-3.023193266124354,7.179030087304801,0.006663634932264658,-0.0049271849877519786,0.004486298987692343,11.700000000000001,4.922595375259992,-2.5822226971435276,4.190951105762017,1.0,0.0
11.75,-0.001158530367746801,-1.879407787040252,7.209709703062513,1.2733672849721112,-0.6276618612165723,1.1079281702400179,11.75,5.135178997474497,-2.4552500178644574,4.5101896507663355,11.75,-0.002365125137698922,-3.8367872995518,7.209709703062513,0.006098122752203557,-0.00013459124010303388,0.006096637294364018,11.75,4.911340881195036,-3.3982465353990094,3.545869390706074,1.0,0.0
11.8,-0.0028237389924428984,-4.639493524231441,7.240389318820227,1.2450820302076706,0.20835437912089064,1.2275250362608507,11.8,5.214518211958582,-3.433411151242794,3.9246513283818425,11.8,-0.002714020398962186,-4.45922236414764,7.240389318820227,0.005055905190696682,0.004069447987133378,0.0030002950483793665,11.8,4.90673261077746,-4.064519780810873,2.7487640613672397,1.0,0.0
11.850000000000001,-0.0027836166961779235,-4.631956623900678,7.271068934577939,1.2026640333135494,0.8901633771705841,0.808708809751863,11.850000000000001,5.297118913881451,-4.279274427157708,3.1220632864941535,11.850000000000001,-0.002924708170684155,-4.8667337722100665,7.271068934577939,0.004288806085810878,0.0036723573902963528,-0.0022153213851773723,11.850000000000001,4.9086736182020045,-4.554162394783938,1.8315789832732263,1.0,0.0
11.9,-0.0033533950163423185,-5.651003792344405,7.301748550335652,1.144833960923047,1.1397720233366684,0.10753851822388877,11.9,5.382343852851677,-4.942627527101547,2.130741297921519,11.9,-0.0029939383323277055,-5.0452621261670245,7.301748550335652,0.00461700948146171,-0.0011899010929567887,-0.0044610438174139885,11.9,4.917009163314624,-4.846319583507539,0.8307620637892009,1.0,0.0
11.950000000000001,-0.002852721462790828,-4.868140292447738,7.332428166093365,1.072309724352158,0.9285665170394708,-0.5362950385500386,11.950000000000001,5.469574739180254,-5.378988251424188,0.991329016280317,11.950000000000001,-0.002924460224469778,-4.990561762897904,7.332428166093365,0.005922015400113117,-0.005837706128015636,-0.0009957176116277217,11.950000000000001,4.931529425299979,-4.926900413056206,-0.2136230147388836,1.0,0.0
12.0,-0.0032903226038086043,-5.685677459381268,7.3631077818510775,0.9885253380479511,0.43843953778596073,-0.8859757985796504,12.0,5.558215997251663,-5.552844495915024,-0.24430119993672963,12.0,-0.002724510929085287,-4.707954885459376,7.3631077818510775,0.007541949460080584,-0.005123836743633149,0.0055341935892236965,12.0,4.951973360479418,-4.789275317159567,-1.258921005998369,1.0,0.0
12.05,-0.006166122792176794,-10.788804159009166,7.39378739760879,0.9000577266543853,-0.08278828185276521,-0.8962421613035884,12.05,5.647697454398468,-5.440689150215576,-1.5150538297847551,12.05,-0.0024071615267699043,-4.211786752669226,7.39378739760879,0.009107165531701853,0.0015824450356881057,0.00896863042670643,12.05,4.978033510174604,-4.434896989846994,-2.261085208006845,1.0,0.0
12.100000000000001,-0.004639156221115197,-8.218548234235062,7.424467013366503,0.8165243827691664,-0.4629812400408013,-0.6725774594995361,12.100000000000001,5.737476132417639,-5.033584571287093,-2.7534812027254874,12.100000000000001,-0.001989566637997484,-3.524638662777462,7.424467013366503,0.010486257032058134,0.009174317881388987,0.005078727985786891,12.100000000000001,5.009361527561349,-3.8737858409701933,-3.1760803157525195,1.0,0.0
12.15,-0.002981297705087176,-5.347295438701165,7.455146629124216,0.7493206502382204,-0.6581881631778925,-0.35814770518033656,12.15,5.827037303867949,-4.339001721944385,-3.8893994134869105,12.15,-0.001492131382965761,-2.676306805744636,7.455146629124216,0.011623776020387104,0.010838179289131894,-0.004200718827624475,12.15,5.045574175476909,-3.1248032812281847,-3.961492548757988,1.0,0.0
12.200000000000001,-0.0024651342667273467,-4.47630912796832,7.485826244881929,0.7082722623536307,-0.7070314571373025,-0.041906040588835236,12.200000000000001,5.915894962283705,-3.381713617206815,-4.854052555954841,12.200000000000001,-0.0009376333316282062,-1.7025996099704155,7.485826244881929,0.012456986599146402,0.004084797149916472,-0.01176821768048787,12.200000000000001,5.086259549626065,-2.215626713528185,-4.578322233358268,1.0,0.0
12.25,-0.0017597322672847572,-3.234855336152881,7.516505860639642,0.6966854831072016,-0.6488019731299131,0.2538240769411887,12.25,6.003591838044765,-2.20357988284903,-5.584563604950773,12.25,-0.00035052614269917483,-0.6443601587877378,7.516505860639642,0.012901588462450797,-0.006531692863708585,-0.011126004367634494,12.25,5.130983300745864,-1.1823415277596396,-4.99290077452656,1.0,0.0
12.3,-0.0014423370412163568,-2.683997402877159,7.547185476397354,0.7086649428913252,-0.4813926210396501,0.520064559157554,12.3,6.089699072546089,-0.8621353303570691,-6.028362751719475,12.3,0.0002438199517226119,0.4537165021022017,7.547185476397354,0.01289259533367641,-0.012713970318897629,-0.0021386849155789357,12.3,5.179294660781544,-0.06857880594415354,-5.178840616448384,1.0,0.0
12.350000000000001,-0.0009159469217437218,-1.725326052489962,7.577865092155068,0.731985111933675,-0.1890888844419623,0.707140437164393,12.350000000000001,6.173815644359437,0.5720150910373586,-6.147259417509794,12.350000000000001,0.0008199270801818558,1.5444580018749088,7.577865092155068,0.012457980491540123,-0.00927482485267627,0.00831738551948705,12.350000000000001,5.230732117143278,1.0758472593209296,-5.118897455109434,1.0,0.0
12.4,0.0006243209220424368,1.190345253668239,7.60854470791278,0.753626032712458,0.19481567527100643,0.7280103363624865,12.4,6.255567623430082,2.018896850163781,-5.920826107875948,12.4,0.001353047400974079,2.5797526478348027,7.60854470791278,0.0117987510115424,0.0012070331729955542,0.011736847803037282,12.4,5.284828620966261,2.196812485726126,-4.806602589724051,1.0,0.0
12.450000000000001,0.0023408720306104126,4.517370660712397,7.639224323670493,0.7634541839628274,0.5569057067528546,0.5222244008052958,12.450000000000001,6.334607313630028,3.3937696866579685,-5.348792118956999,12.450000000000001,0.00182002574603694,3.512251331716131,7.639224323670493,0.011325210009942016,0.010103111264910161,0.005117374770146919,12.450000000000001,5.341116256022178,3.238233111687586,-4.247513293059187,1.0,0.0
12.5,0.002828683955537599,5.524773350659373,7.669903939428206,0.7552897074380569,0.7444878521683318,0.12728071391868365,12.5,6.410612330450399,4.612358290740424,-4.452201865275289,12.5,0.002200174186764789,4.297215208524978,7.669903939428206,0.01152031468458627,0.00971644949831828,-0.006189366654070876,12.5,5.399130331602084,4.144812721933165,-3.459932923876795,1.0,0.0
12.55,0.001961742763293047,3.877691339173318,7.7005835551859185,0.726614733238587,0.65801306070533,-0.30820088011001306,12.55,6.483284649266553,5.596366603251517,-3.273172877412131,12.55,0.0024761346459513723,4.894467333278149,7.7005835551859185,0.01256994197520522,-0.00015422269318669012,-0.012568995847756986,12.55,5.458412893496734,4.865057827540759,-2.474971444396032,1.0,0.0
12.600000000000001,0.0019429603719506776,3.88665129700121,7.731263170943632,0.6778537793773757,0.32792342731466995,-0.5932554020271473,12.600000000000001,6.552349650308518,6.278889816247129,-1.8731867539907106,12.600000000000001,0.002634694849837905,5.27038034493935,7.731263170943632,0.0141650748148954,-0.011659839692079343,-0.008043474551870915,12.600000000000001,5.518515671341984,5.354392374292262,-1.3358508588042086,1.0,0.0
12.65,0.0017567460408922507,3.5561540006078047,7.761942786701344,0.6115710140181176,-0.0864203441029733,-0.6054342485458453,12.65,6.617555178996488,6.609324178797794,-0.32995521911632947,12.65,0.002667513658081321,5.399806885031526,7.761942786701344,0.01575706157191129,-0.015094904824019453,0.004519827179748986,12.65,5.5790024980848445,5.578169460485849,-0.09640717680724376,1.0,0.0
12.700000000000001,0.001261023001581272,2.5830580790480515,7.792622402459057,0.5316737078628712,-0.384079655804231,-0.36764078885504137,12.700000000000001,6.678670634405051,6.557391934370832,1.2669855807832666,12.700000000000001,0.002571705600037129,5.267838032120856,7.792622402459057,0.016861523220357024,-0.006918052574353378,0.015376979998982951,12.700000000000001,5.6394512487356705,5.514360487225678,1.1812022704814322,1.0,0.0
12.75,0.0015804665105567236,3.2757884858103115,7.82330201821677,0.44265444889289607,-0.44130706148255794,-0.03451142724234075,12.75,6.735486094048961,6.115947061391765,2.8216953176025887,12.75,0.002350232491254931,4.871260784335279,7.82330201821677,0.01718966108483096,0.007034919847812642,0.015684207055066686,12.75,5.699455351810858,5.155700888627309,2.4295142836157617,1.0,0.0
12.8,0.0015180834491130175,3.1836517414742636,7.853981633974483,0.3489173365906304,-0.2817168761631592,0.20586138408737684,12.8,6.787811479702876,5.302304280132226,4.237918593469868,12.8,0.0020120531175770893,4.219581219633029,7.853981633974483,0.0166971827207872,0.015987177799407223,0.004817266530045383,12.8,5.75862492898205,4.511089182868636,3.579362437208489,1.0,0.0
12.850000000000001,0.0007288264251336914,1.546441491786173,7.884661249732195,0.2542827734286028,-0.04990743428921058,0.24933707479075445,12.850000000000001,6.8354757663685195,4.157933899052552,5.4254322080107995,12.850000000000001,0.001571990480006547,3.3354873247482226,7.884661249732195,0.015619140538120118,0.012875843935438456,-0.008841390959559471,12.850000000000001,5.816587617470522,3.606072436620052,4.563872598305142,1.0,0.0
12.9,7.0162397826702e-05,0.1506168476282051,7.915340865489909,0.16196469457522708,0.09267419544641685,0.13283092933201185,12.9,6.8783262346057175,2.7464812884367475,6.306204272138042,12.9,0.0010502897788179735,2.254645515000977,7.915340865489909,0.0144829664831405,0.00021043407967297984,-0.014481437623726565,12.9,5.872989126600002,2.48230473777094,5.322608803021485,1.0,0.0
12.950000000000001,0.0003100530531545416,0.6733569042991113,7.946020481247621,0.07729882893812033,0.07704493244407833,-0.0062599792245818485,12.950000000000001,6.9162277650975374,1.1501933389014871,6.819916552411233,12.950000000000001,0.0004718584317777489,1.0247573105849428,7.946020481247621,0.013984444863099233,-0.011744706949104474,-0.007591215766181304,12.950000000000001,5.927493575443078,1.1959326731293627,5.805594295871924,1.0,0.0
13.0,-6.883821859704049e-05,-0.15123756625769796,7.976700097005334,0.050775421772807694,-0.03416329582000981,-0.03756344865585445,13.0,6.949062173400374,-0.535044407815595,6.928433630442684,13.0,-0.00013479926427119662,-0.296153983603819,7.976700097005334,0.014557102284618878,-0.013142268763220995,0.006260191584937465,13.0,5.979783653298662,-0.18506158242074391,5.976919336160546,1.0,0.0
13.05,-0.0016244012240816015,-3.6101466425072486,8.007379712763047,0.12179429898692089,-0.10318898658275799,0.06469841044213427,13.05,6.976727582236624,-2.205746843593852,6.618867623598242,13.05,-0.0007389173280745358,-1.642205060850598,8.007379712763047,0.01596138296276459,-0.0025318863910199795,0.01575929241390614,13.05,6.0295606392975305,-1.5844489293055228,5.817656151182247,1.0,0.0
13.100000000000001,-0.001781457468535327,-4.004878501897053,8.03805932852076,0.20494568952846065,-0.027589316778872428,0.20308019414992495,13.100000000000001,6.999137828340263,-3.7575429024852944,5.904981090239498,13.100000000000001,-0.0013090150684935656,-2.9427849943447693,8.03805932852076,0.017511968178275418,0.011841112514119385,0.012901824828484386,13.100000000000001,6.076544312088059,-2.922086103618955,5.327832915905558,1.0,0.0
13.15,-0.002066542590110182,-4.699175000154012,8.068738944278472,0.28913096866177596,0.17463512430637929,0.2304328327252701,13.15,7.016221900700799,-5.09210173439947,4.8267866833328625,13.15,-0.001814590002316639,-4.126252231734127,8.068738944278472,0.018560174110217046,0.018552976948928532,-0.0005168262126650514,13.15,6.1204727755278325,-4.11873740858086,4.527271712094823,1.0,0.0
13.200000000000001,-0.0023097697364180187,-5.31239648112988,8.099418560036185,0.3725132657794092,0.3669569173295158,0.0640995632251864,13.200000000000001,7.027923407019144,-6.123782887438586,3.4483315621386974,13.200000000000001,-0.002227897252429743,-5.124092387876333,8.099418560036185,0.018716931711186255,0.012139871168043305,-0.014245948922571656,13.200000000000001,6.161102221731781,-5.101078456364673,3.4551670247095863,1.0,0.0
13.25,-0.0014613336975109435,-3.3993590138177616,8.130098175793899,0.4534255338942453,0.3848247233612453,-0.23980126579570504,13.25,7.034200065251717,-6.785531787540061,1.8537877220088181,13.25,-0.002525603036522264,-5.875065676067579,8.130098175793899,0.01790179449386291,-0.002495321757371766,-0.017727030643277162,13.25,6.198206648768736,-5.806543847883806,2.168366713322192,1.0,0.0
13.3,-0.0018960214649759175,-4.460650251296548,8.160777791551611,0.529721574895359,0.1547910570488393,-0.5066011010324813,13.3,7.035023217247258,-7.033588017298936,0.14209598909464408,13.3,-0.0026902008110133153,-6.329065965419933,8.160777791551611,0.016363573827638065,-0.013973306334871125,-0.008515471712383992,13.3,6.231577546772675,-6.1876739398113845,0.7384104116413921,1.0,0.0
13.350000000000001,-0.0025717871651108402,-6.118977012753458,8.191457407309324,0.59889713193685,-0.2390596014387806,-0.5491159090775973,13.350000000000001,7.030377361652189,-6.850653518954123,-1.579478461541366,13.350000000000001,-0.002711134281741018,-6.45052147919331,8.191457407309324,0.01470078474168185,-0.013513832745339176,0.005787002380530401,13.350000000000001,6.2610235632269715,-6.215635166926376,-0.7525260998473687,1.0,0.0
13.4,-0.0016786054117986944,-4.038899195750487,8.222137023067036,0.6583637211941298,-0.589802448388176,-0.29253352160033697,13.4,7.020259703458413,-6.24727523921513,-3.2024363209112447,13.4,-0.002585553026479801,-6.221109479225156,8.222137023067036,0.013766615256838786,-0.0019155326335878805,0.013632697105103096,13.4,6.286370155654026,-5.8826334981178245,-2.2165452534788628,1.0,0.0
13.450000000000001,-2.813881532252477e-05,-0.06846563842297686,8.252816638824749,0.705727348015138,-0.6864918946263824,0.16364586260813213,13.450000000000001,7.004679717779835,-5.261323995875802,-4.624284567270669,13.450000000000001,-0.002318645672238754,-5.641586342813204,8.252816638824749,0.014167557225037774,0.011140450733126766,0.00875271587494392,13.450000000000001,6.307459237852066,-5.203009077348202,-3.5654927539118026,1.0,0.0
13.5,0.000769621995213534,1.8935587164734988,8.283496254582463,0.7390157205327778,-0.4447588671229314,0.5901980898902566,13.5,6.983658725661804,-3.9555889286948887,-5.755415312876966,13.5,-0.0019235196870834032,-4.732579750107829,8.283496254582463,0.015647962263665462,0.014866401761444714,-0.004883525537192551,13.5,6.324148824114531,-4.212887510499476,-4.716612892047294,1.0,0.0
13.55,0.0006212956808259459,1.5456680152363598,8.314175870340176,0.7568344900559766,0.03292510417132717,0.756117968873639,13.55,6.95722947994472,-2.4136443503521545,-6.525133177692622,13.55,-0.0014206233229863024,-3.53424641407393,8.314175870340176,0.017359466279037724,0.005966285667550953,-0.016301978555568766,13.55,6.3363126744936,-2.9683634807057584,-5.598006480467903,1.0,0.0
13.600000000000001,0.0006142348298048064,1.5450806880414796,8.344855486097888,0.7584524263054954,0.507384222570727,0.5637475797331566,13.600000000000001,6.9254357594148495,-0.7342726148085424,-6.886399943724164,13.600000000000001,-0.0008367324885851365,-2.1047637588064134,8.344855486097888,0.018525056408860374,-0.00880413215953762,-0.016299232247834687,13.600000000000001,6.3438399430791135,-1.5422980365757941,-6.153504854128292,1.0,0.0
13.65,0.0004905359047034614,1.247581008821111,8.3755351018556,0.74382583976829,0.7358125524847898,0.10888878506448763,13.65,6.888331969678963,0.9751669883453349,-6.818956420842031,13.65,-0.00020355169695684397,-0.5176934634176973,8.3755351018556,0.01869092661410182,-0.018086512154114037,-0.004714744509814401,13.65,6.346634830412415,-0.01991394919708631,-6.346603588158898,1.0,0.0
13.700000000000001,0.0008780121699951555,2.2576792273535533,8.406214717613313,0.7135777619855703,0.6091719982124146,-0.37162171491212553,13.700000000000001,6.8459827493929515,2.6059555393227862,-6.3305983549786795,13.700000000000001,0.0004439978686587359,1.1416752515692468,8.406214717613313,0.017740526004545586,-0.014944534359311966,0.00955966294914743,13.700000000000001,6.34461624050117,1.5065341129337924,-6.1631574866944625,1.0,0.0
13.75,0.0017848746353715146,4.639976835311496,8.436894333371026,0.6689497020505056,0.21198624074180994,-0.6344726452807998,13.75,6.798462580657045,4.055307094572691,-5.456517005315978,13.75,0.0010697101498043367,2.780828533964008,8.436894333371026,0.015892052604763115,-0.002248796388786576,0.01573214069331757,13.75,6.337717442411047,2.9436636518778934,-5.61262030467536,1.0,0.0
13.8,0.002657341217189804,6.983684047342444,8.46757394912874,0.611745240522694,-0.2308265573977796,-0.5665256743538268,13.8,6.745855402561085,5.233220546820319,-4.256755550956646,13.8,0.0016381380157521061,4.30514465133367,8.46757394912874,0.013731897265244004,0.00978429806186479,0.009634963100074886,13.8,6.325885736052983,4.203041902731878,-4.72771288357051,1.0,0.0
13.850000000000001,0.003412232332522478,9.065419671983312,8.498253564886452,0.5442882658916425,-0.4873212488296829,-0.24242053713827472,13.850000000000001,6.688254227022673,6.06840790740757,-2.811969074260942,13.850000000000001,0.002116632473978009,5.623345598444108,8.498253564886452,0.012217356083859597,0.011803191324759325,-0.0031541186139629088,13.850000000000001,6.3090821215350985,5.207015149050848,-3.5625146250687583,1.0,0.0
13.9,0.003698689527431303,9.933270869970528,8.528933180644165,0.46943067046821596,-0.4511451115520376,0.12974298708962376,13.9,6.625760756208888,6.512885174197197,-1.2177981385435475,13.9,0.0024772586166358188,6.652972808750872,8.528933180644165,0.012244941685179981,0.002668029875401996,-0.01195074112586415,13.9,6.28728097128454,5.893878126488643,-2.189087170940298,1.0,0.0
13.950000000000001,0.0036244016461096967,9.839180817652021,8.559612796401877,0.39068113112528224,-0.19373998987494476,0.339258842980675,13.950000000000001,6.558485000969374,6.544911370074194,0.42173530302048623,13.950000000000001,0.0026984744544806738,7.325561756641653,8.559612796401877,0.013703867483141069,-0.009853621829833053,-0.009523766105387545,13.950000000000001,6.2604697040490205,6.222012842947144,-0.6928470953366384,1.0,0.0
14.0,0.003621198418671527,9.936568460834671,8.59029241215959,0.31263113490852007,0.09329397992344353,0.2983864270107362,14.0,6.486544899835412,6.17008350031585,2.001333139862251,14.0,0.0027664703350082473,7.59119459926263,8.59029241215959,0.015600451230249425,-0.015433405980763865,0.002276852744538597,14.0,6.228648459845874,6.172695458586207,0.8330020479504148,1.0,0.0
14.05,0.0031934649724330967,8.857091467551179,8.620972027917304,0.24210145505283517,0.22661604799505844,0.08519554759376417,14.05,6.410065938256729,5.420530677404739,3.4215190351820683,14.05,0.002676084355646979,7.422133675319221,8.620972027917304,0.0170136527107184,-0.009386137184919248,0.014190306808057811,14.05,6.1918297749260045,5.751362639223257,2.2935962490828907,1.0,0.0
14.100000000000001,0.0027081263342383067,7.591476610789843,8.651651643675017,0.19043635126492767,0.14726476619616863,-0.12074391297405723,14.100000000000001,6.329180767856195,4.352289126090486,4.595226714223711,14.100000000000001,0.0024312318255980316,6.815280109384742,8.651651643675017,0.017417718719698164,0.0037840915197136717,0.01700169335004472,14.100000000000001,6.150038255851774,4.987238238722393,3.5986699346655144,1.0,0.0
14.15,0.002334410781649211,6.613732112611943,8.682331259432729,0.17284337439709255,-0.04988969886743997,-0.16548670647483943,14.15,6.244028825582801,3.041070690380346,5.45341957223342,14.15,0.0020447980225115265,5.7932161946817455,8.682331259432729,0.016641531861783534,0.01415456719302953,0.008751503315703462,14.15,6.103310251843664,3.9313390987473875,4.668508211508259,1.0,0.0
14.200000000000001,0.0017501867940588757,5.01128884518725,8.713010875190442,0.19261158675648019,-0.19089215565825754,-0.025678945869966358,14.200000000000001,6.154755952736294,1.5767509803055608,5.949359392728624,14.200000000000001,0.0015380590716327848,4.403906083097294,8.713010875190442,0.01482526698022132,0.014285989604365156,-0.003962201668114747,14.200000000000001,6.05169352462456,2.6529962376600866,5.439173234871662,1.0,0.0
14.25,0.0008538550296104522,2.470749601541382,8.743690490948154,0.23359837000675565,-0.1501298969529095,0.17896707102347598,14.25,6.061514013923387,0.05699103087016237,6.0612460899876,14.25,0.0009396459623388356,2.7189977297408747,8.743690490948154,0.012435208830821094,0.00491844087133504,-0.011421180239419739,14.25,5.99524691507774,1.2351357435350527,5.86663662312498,1.0,0.0
14.3,-0.0008282706641727645,-2.4220348740686473,8.774370106705868,0.2801079806058516,0.0570418366093546,0.2742384175773333,14.3,5.9644605160863176,-1.4195379984366268,5.7930735468270385,14.3,0.0002839799230709228,0.8304160789034541,8.774370106705868,0.010338920251996061,-0.005930952504346977,-0.008468593411441749,14.3,5.934040006131517,-0.23134603332243125,5.929528632803397,1.0,0.0
14.350000000000001,-0.0022409974137782905,-6.622120185621208,8.80504972246358,0.3241536786616972,0.28163971823395895,0.16048263614175534,14.350000000000001,5.86375822782063,-2.7598377132465157,5.1736791890178475,14.350000000000001,-0.0003906908654541779,-1.1544867702903523,8.80504972246358,0.009667677531213326,-0.00952294014640203,0.0016666132771496504,14.350000000000001,5.868152781387176,-1.6537128590330696,5.6303153415746365,1.0,0.0
14.4,-0.002502464160250124,-7.4723179430803075,8.835729338221293,0.36234408835644094,0.3458260864890435,-0.10815524153055597,14.4,5.759574799271197,-3.8827004790878186,4.254096714708197,14.4,-0.0010445363373251958,-3.1189687906716377,8.835729338221293,0.010755841366855435,-0.0032549870955379634,0.010251496598879596,14.4,5.797675279115155,-2.9435887279059276,4.994829731132799,1.0,0.0
14.450000000000001,-0.003537705857195737,-10.673952403720785,8.866408953979006,0.39349995976063706,0.17403530173696444,-0.3529219914952123,14.450000000000001,5.652082382964736,-4.723841713916326,3.1034423992857345,14.450000000000001,-0.0016385371899069567,-4.9437880600556605,8.866408953979006,0.012626712946111198,0.007557209874236886,0.010115456427676838,14.450000000000001,5.722707241356257,-4.02278874512554,4.070202560360188,1.0,0.0
14.5,-0.003622715979715472,-11.04430250366008,8.897088569736718,0.41755055553875,-0.1424924783503356,-0.3924848532673559,14.5,5.5414572560042,-5.239707543926986,1.8036666472040324,14.5,-0.0021368768792267823,-6.514536275932749,8.897088569736718,0.01421101095451799,0.014160216830700675,0.0012004547708979576,14.5,5.6433577579786975,-4.828371491561017,2.92135508352189,1.0,0.0
14.55,-0.0029170492056893797,-8.985303167751484,8.92776818549443,0.43496085076349494,-0.3980963134567264,-0.17524345040276731,14.55,5.427879444116804,-5.409724113852904,0.44357668092918806,14.55,-0.0025091803033959748,-7.728956263264437,8.92776818549443,0.014905233118883582,0.011334985538108095,-0.009679053527031675,14.55,5.559744905658133,-5.3165636981422795,1.6263191137003974,0.9938441702975687,0.0
14.600000000000001,-0.002750486388019712,-8.559887705666117,8.958447801252145,0.44637413453612135,-0.4116002163932165,0.1727284859191695,14.600000000000001,5.311532348114015,-5.236874906529906,-0.8874216012803416,14.600000000000001,-0.0027324523463030104,-8.503763315214067,8.958447801252145,0.014480512504992797,0.0013043577242214277,-0.014421646692889015,14.600000000000001,5.471995381866057,-5.465293882130702,0.2707327854327509,0.975528258147576,0.0
14.65,-0.0029822315020707466,-9.376790815104071,8.989127417009858,0.4523954510258836,-0.15748654906034068,0.4240986099646844,14.65,5.192602373390242,-4.746617844086744,-2.105406955990999,14.65,-0.002792585456672534,-8.78050199735937,8.989127417009858,0.012987988678146758,-0.008330769812397979,-0.009964242281102308,14.65,5.380244134072901,-5.275176398701786,-1.0580836001023302,0.9455032620941837,0.0
14.700000000000001,-0.003189405679844331,-10.131220498356157,9.01980703276757,0.45352713263281597,0.20533609991635166,0.40438094181759593,14.700000000000001,5.071278563158659,-3.984275028477067,-3.1374223118041695,14.700000000000001,-0.002685330785660969,-8.53001500326014,9.01980703276757,0.010735521049938076,-0.010728749049267664,-0.0003812558871699399,14.700000000000001,5.284633984496423,-4.7689029515038595,-2.2770421579830993,0.9045084971874728,0.0
14.75,-0.0022223798078201485,-7.131720977348348,9.050486648525283,0.4502781783372192,0.43445137683497487,0.1183319020927124,14.75,4.947752236199568,-3.011135611562843,-3.92597943443364,14.75,-0.0024166605722918395,-7.755177057448839,9.050486648525283,0.008349688435726348,-0.005032120042373567,0.006662962168048426,14.75,5.1853152508552265,-3.9891160042759637,-3.3127704048396063,0.8535533905932737,0.0
14.8,-0.0009104871113293071,-2.9516098336104575,9.081166264282995,0.44344088087801353,0.37051151481319355,-0.2436411956642416,14.8,4.822216629981353,-1.8995986165190673,-4.43230169579955,14.8,-0.0020024883188056826,-6.491650611997712,9.081166264282995,0.006908649577548031,0.003338028242577399,0.006048719404726114,14.8,5.082445363722905,-2.9949486903018503,-4.106279729595597,0.7938926261462357,0.0
14.850000000000001,-0.0013366261148967055,-4.377128566471286,9.11184588004071,0.43448073676246446,0.054234745831196994,-0.43108247814342837,14.850000000000001,4.694866550109092,-0.727741577282972,-4.638120753066584,14.850000000000001,-0.0014677552460834501,-4.8065448853784005,9.11184588004071,0.007343533209891035,0.007276155425969249,-0.0009924929329273799,14.850000000000001,4.976188481223368,-1.8575103300305496,-4.616503782570738,0.7269952498697714,0.0
14.9,-0.001811902052110519,-5.99367958137694,9.142525495798422,0.4259185244637991,-0.2930650611659514,-0.30906222578182696,14.9,4.565898027164769,0.4262710749374717,-4.545956199210325,14.9,-0.0008449336932330391,-2.7949975655965384,9.142525495798422,0.008990464138278536,0.0036230514014014173,-0.008228119102472668,14.9,4.86671510196501,-0.6546684644566773,-4.8224812166912825,0.6545084971874732,0.0
14.950000000000001,-0.0010934381422348588,-3.6535730678534564,9.173205111556134,0.42147570056970557,-0.4196333098637128,0.03936561219578973,14.950000000000001,4.435507982130347,1.4895300425083382,-4.177921889170157,14.950000000000001,-0.00017203758350989914,-0.5748399086258975,9.173205111556134,0.010629118680641775,-0.00460670335567178,-0.009578958613545125,14.950000000000001,4.754201677285202,0.5344778048546898,-4.724062559325304,0.5782172325201137,0.0
15.0,-1.8790482619435702e-05,-0.06341787884059549,9.203884727313847,0.4256392493770035,-0.22393921583864407,0.3619668468517416,15.0,4.303893901735697,2.3990986483024193,-3.5732098165530712,15.0,0.0005097359783926504,1.720358927075195,9.203884727313847,0.011582497619303628,-0.010926993769665454,-0.003841231346699461,15.0,4.638830224071947,1.6350253317462657,-4.341133263597353,0.5000000000000001,0.0
15.05,0.0002845112376508364,0.9698597244204291,9.23456434307156,0.4424295102797268,0.1625443503093279,0.4114890104837277,15.05,4.171253525255009,3.1057927307630924,-2.7844941166200154,15.05,0.0011585839350483464,3.949453474111736,9.23456434307156,0.011587128224963663,-0.010606420399220733,0.004665338874802542,15.05,4.520787939653628,2.5812056907598744,-3.711455344916133,0.4217827674798836,0.0
15.100000000000001,0.00031327081437452435,1.0785760636215833,9.265243958829272,0.4738301362408118,0.4563955611235004,0.12735026421940193,15.100000000000001,4.037784544496104,3.5767931092323892,-1.8735674745040014,15.100000000000001,0.001734727806680237,5.972582836737531,9.265243958829272,0.01062954550350343,-0.004200117205260883,0.009764540597136226,15.100000000000001,4.4002668205091675,3.3204930481733594,-2.8873299099178555,0.3454915028125242,0.0
15.15,0.0016320233708939117,5.674979174811868,9.295923574586986,0.5189998364175489,0.4192887198320112,-0.3058721949165627,15.15,3.903684318998755,3.7969580642318044,-0.9065653428528148,15.15,0.0022029485629801635,7.660237862431211,9.295923574586986,0.008885626184163088,0.00323768756926845,0.008274764763332505,15.15,4.277463286861101,3.8166113623125995,-1.9313647712203241,0.27300475013022607,0.0
15.200000000000001,0.0020331963431692887,7.140195183512655,9.326603190344699,0.5748213752492239,0.03670397398733351,-0.5736483519866036,15.200000000000001,3.769149608794991,3.7688065493021266,0.050852408171381015,15.200000000000001,0.0025348225568096153,8.901810133584464,9.326603190344699,0.006721612472589635,0.0063496760670256145,0.002204923598566326,15.200000000000001,4.152577815587879,4.051262181359926,-0.9116892301631159,0.20610737385376204,0.0
15.25,0.0015660402397599154,5.554084057202271,9.357282806102411,0.6371268996219258,-0.45151034340792523,-0.44952096282320914,15.25,3.6343763275056475,3.511243845013828,0.9380074364235857,15.25,0.002710470101135332,9.612893969153106,9.357282806102411,0.004812746015621039,0.00358507984635291,-0.0032108763143650332,15.25,4.025814584348696,4.0244964413724835,0.10301194559313136,0.1464466094067263,0.0
15.3,0.002047375735375985,7.3328338441807155,9.387962421860124,0.7017245356914829,-0.7009496721655754,0.03296787955570771,15.3,3.4995593190778265,3.0571922995854552,1.7030826964947579,15.3,0.0027197716035500617,9.741071420528021,9.387962421860124,0.004274356440478885,-0.0019495012147818056,-0.0038038885359362976,15.3,3.8973811303798302,3.7537585827828197,1.0482729499634533,0.09549150281252565,0.0
15.350000000000001,0.0012187438204873157,4.40795920068656,9.418642037617836,0.7649434882442149,-0.49877865020458684,0.5799641353629703,15.350000000000001,3.3648921621402366,2.450363985860432,2.306125668655326,15.350000000000001,0.002562965052979864,9.269745779554734,9.418642037617836,0.005315582286169662,-0.005299276840356948,0.00041602885752934645,15.350000000000001,3.7674880281301144,3.2717306602454914,1.8680857927068921,0.054496737905815086,0.0
15.4,0.0012241343258920132,4.470861729619668,9.44932165337555,0.8238130489157348,0.07467885841861008,0.8204212379437359,15.4,3.230567006810856,1.7414644470994864,2.7210043669541095,15.4,0.002250588543244571,8.21974351530459,9.44932165337555,0.006720170571754745,-0.00365775501462772,0.0056375101566599655,15.4,3.63634859080028,2.6231902274411074,2.518313742263393,0.024471741852423023,0.0
15.450000000000001,0.0021383521925823594,7.8861437201608116,9.480001269133263,0.8760394599302983,0.6767235552073805,0.5563185824529432,15.450000000000001,3.096774449891675,0.98414405797889,2.936234402537837,15.450000000000001,0.0018027749307966633,6.648550341090679,9.480001269133263,0.007706292408793132,0.0016432045419216925,0.00752906511615025,15.450000000000001,3.5041786019977215,1.86116220806871,2.9690643155639975,0.0061558297024308685,0.0
15.5,0.0023513340648897542,8.756074140891334,9.510680884890975,0.9198869521848423,0.915531883140175,-0.0894056807687484,15.5,2.963703455805586,0.23101487642894122,2.9546861594461253,15.5,0.001247946889098613,4.647198221642098,9.510680884890975,0.007994575101991587,0.006516071861356721,0.00463185044652987,15.5,3.371196085197961,1.0426870509863286,3.2058956250257884,3.749399456654644e-33,0.0
15.55,0.0011243347249063765,4.227531030813158,9.541360500648688,0.9540282754822093,0.6092949116704137,-0.7341182881743928,15.55,2.831541332474769,-0.4699726779071888,2.7922664628458613,15.55,0.0006209983603903567,2.3349717663953977,9.541360500648688,0.0075394896621695795,0.0074998250732673,-0.0007723524042515182,15.55,3.2376211206301067,0.22454264859602616,3.2298252460019614,0.0,0.0
15.600000000000001,0.0003613037153018734,1.3716592056314774,9.5720401164064,0.9774136336097902,-0.08263918258501246,-0.9739138445817341,15.600000000000001,2.7004737737488234,-1.0785443387923936,2.4757424567115396,15.600000000000001,-3.891965372238167e-05,-0.14775519610610938,9.5720401164064,0.00643619434205341,0.004338503102304153,-0.004754154860748394,15.600000000000001,3.1036757217318596,-0.5407545273687162,3.0562047586505092,0.0,0.0
15.65,-0.00035462001940100634,-1.3592716996322778,9.602719732164113,0.9891972656371512,-0.7496006361536866,-0.6454534194053085,15.65,2.570684983155803,-1.5643211932956596,2.0399314907194293,15.65,-0.0006908668493824906,-2.64811828211487,9.602719732164113,0.004886965801827021,-0.00015970694104626217,-0.004884355478587575,15.65,2.969583786666305,-1.2083809210468899,2.7126082311460427,0.0,0.0
15.700000000000001,0.00010637588020636154,0.4116632741794372,9.633399347921827,0.9887464907811744,-0.98675993313823,0.06264548974286141,15.700000000000001,2.4423578979316427,-1.908130766257592,1.5245160151504764,15.700000000000001,-0.0012946778607969753,-5.01026479075319,9.633399347921827,0.003215664405208358,-0.002597376568548791,-0.001895819750946205,15.700000000000001,2.835571144859455,-1.7438405089725473,2.235952592705384,0.0,0.0
15.75,0.00021531137308321204,0.8412181703959051,9.66407896367954,0.9757372668857215,-0.6526981284041284,0.7252919185868305,15.75,2.3156745378416397,-2.1023756138041625,0.9707550379419423,15.75,-0.001813461038985362,-7.085163943987075,9.66407896367954,0.002067975377228593,-0.0016341905138388781,0.0012672582709545698,15.75,2.7018657245285795,-2.124647444329006,1.669117021268602,0.0,0.0
15.8,-0.0012398102343677382,-4.890198385139483,9.694758579437252,0.9503179585135744,0.04168231436995946,0.9494033952657698,15.8,2.1908165107339896,-2.150501591269835,0.41835378527098327,15.8,-0.0022158752171821693,-8.740103209634238,9.694758579437252,0.0023527102762328,0.0012628243529048016,0.001985074380873923,15.8,2.5686978753276706,-2.3409851437908347,1.0573539290433898,0.0,0.0
15.850000000000001,-0.0010992482843469402,-4.377071048512436,9.725438195194965,0.9133051703466618,0.6706494243188039,0.6199642601334385,15.850000000000001,2.067965716736613,-2.065676489578708,-0.09727716073034975,15.850000000000001,-0.002478043129399393,-9.867262012697298,9.725438195194965,0.0033263607414465266,0.0033256580461667245,-6.836916120013237e-05,15.850000000000001,2.4363008913951383,-2.395355626144721,0.44478473187551903,0.0,0.0
15.9,-0.0007882437129522582,-3.16848669983622,9.756117810952677,0.8663652049212471,0.8656229498330106,-0.03585494415881641,15.9,1.947305306451409,-1.8688450826176006,-0.5471891937071031,15.9,-0.002584984131333903,-10.390806428056132,9.756117810952677,0.0040939331017503635,0.0028027387718425533,-0.0029841152153390195,15.9,2.304911795479752,-2.3013130819768275,-0.1287496938404531,0.0,0.0
15.950000000000001,-0.0007187617719274728,-2.916533927340324,9.786797426710391,0.8121295518582875,0.5427888046594262,-0.6040982722520682,15.950000000000001,1.8290209666753632,-1.586364977272243,-0.9103646826531202,15.950000000000001,-0.002531480021186058,-10.272036795132092,9.786797426710391,0.004406158162902603,0.00017809252638404304,-0.004402557530408818,15.950000000000001,2.1747724662173122,-2.08144418209112,-0.6302581984043992,0.0,0.0
16.0,-0.0010748876621054,-4.402739863983719,9.817477042468104,0.7541852866943966,-0.05918226105512482,-0.7518596322736792,16.0,1.7133026317726232,-1.2474467963338265,-1.1744285411873596,16.0,-0.0023223240429249715,-9.512239279820683,9.817477042468104,0.004230016074089636,-0.0025163534879263467,-0.0034001472189976725,16.0,2.046131220597048,-1.7648093151799222,-1.0354231274972276,0.0,0.0
16.05,-0.0015142697214142466,-6.260778637865347,9.848156658225816,0.6968633679660472,-0.5480293728581981,-0.43044437514925493,16.05,1.600346752029016,-0.8816216614683089,-1.3356095884500379,16.05,-0.0019719422489540978,-8.153034913638479,9.848156658225816,0.0036288851656884388,-0.0034930625628445213,-0.0009835250265283913,16.05,1.9192450059005968,-1.384090195222843,-1.3295847938970924,0.0,0.0
16.1,-0.0013980189294557472,-5.834325835938011,9.878836273983529,0.6447272148538081,-0.6345920978819584,0.11386856844152991,16.1,1.490359294832822,-0.5164398700119035,-1.3980202746586596,16.1,-0.001503415796657335,-6.274176579289922,9.878836273983529,0.0027230348797489786,-0.002533634463656614,0.0009978052720350794,16.1,1.7943824152478929,-0.9726983777984671,-1.507868070481994,0.0,0.0
16.150000000000002,-0.0009690913134464574,-4.0820872284874286,9.909515889741241,0.601697820085276,-0.30695513802387714,0.5175121350616966,16.150000000000002,1.3835597132684956,-0.1755697689457385,-1.3723748527322779,16.150000000000002,-0.000946973189439622,-3.988919422447247,9.909515889741241,0.0016624037039033191,-0.0008662360498442698,0.0014188802559418712,16.150000000000002,1.6718278258951602,-0.5620864070723472,-1.574505366907918,0.0,0.0
16.2,-0.00024297609789011837,-1.033019683510579,9.940195505498954,0.5699521208386767,0.18492358361453778,0.5391184362194106,16.2,1.2801861919034578,0.12258098272773696,-1.2743039624099814,16.2,-0.00033805904311946474,-1.4372674874756115,9.940195505498954,0.0006024000961831501,7.650820750856202e-05,0.000597521857395439,16.2,1.5518870799688873,-0.1794706834847244,-1.5414745481985377,0.0,0.0
16.25,0.0003450519891470097,1.4806234768671491,9.970875121256668,0.5490926329213595,0.5106425448483959,0.2018586409328687,16.25,1.1805025701800438,0.36565359932767105,-1.1224454389859706,16.25,0.0002849203650426716,1.2225977382788076,9.970875121256668,0.0003248886964969548,-0.00017107653746012625,-0.0002761982683547173,16.25,1.4348952967056996,0.15387358133458298,-1.426620984520909,0.0,0.0
16.3,0.00037188646309770643,1.610546184401003,,,,,16.3,1.084807439554184,0.5475238059444149,-0.936496055964064,16.3,0.0008830305965606577,3.8241821069632786,,,,,16.3,1.3212276380979364,0.4236448072452613,-1.2514661597374406,0.0,
16.35,0.000995515807438401,4.351123711995116,,,,,16.35,0.9934459779521213,0.6679262553647456,-0.7353974629434585,16.35,0.0014192595697107764,6.20319026689755,,,,,16.35,1.2113141548989357,0.6228396207280205,-1.0389190481986066,0.0,
16.400000000000002,0.002181427379969,9.622154013109983,,,,,16.400000000000002,0.9068250387055649,0.7316050596260489,-0.5358037770984025,16.400000000000002,0.0018608290308569464,8.208012648684265,,,,,16.400000000000002,1.1056601985861942,0.7513989799350669,-0.8111005163912816,0.0,
16.45,0.003275126133526576,14.578932906558434,,,,,16.45,0.8254316561477568,0.7471128747032024,-0.35094126491985184,16.45,0.002181220726632884,9.709510208614201,,,,,16.45,1.004874193402028,0.8152637117989788,-0.5874667861157155,0.0,
16.5,0.004021908499856117,18.06691571991616,,,,,16.5,0.7498540645396845,0.7254027384845055,-0.18992626228582865,16.5,0.0023617901019850154,10.609456361879436,,,,,16.5,0.9097044915499443,0.8249746448454127,-0.3833785300565589,0.0,
,,,,,,,16.55,0.6808018181966896,0.6783641550671878,-0.05756030559247202,,,,,,,,16.55,0.821085719291336,0.7939850243129506,-0.20921170997564606,,
,,,,,,,16.6,0.6191165837948269,0.6174479614076184,0.04542421472467273,,,,,,,,16.6,0.7401904929008609,0.736868360999436,-0.07004987036978948,,
,,,,,,,16.650000000000002,0.5657569015274853,0.5525047856199028,0.12173468483996619,,,,,,,,16.650000000000002,0.6684709383451944,0.6676026933012146,0.03405934980397027,,
,,,,,,,16.7,0.5217306719434824,0.4909319581215417,0.17660324612403508,,,,,,,,16.7,0.6076515823552902,0.5980934509797357,0.10735301315770594,,
,,,,,,,16.75,0.48794786305106747,0.4371869044525824,0.21670423999375713,,,,,,,,16.75,0.5596033660074544,0.5370641838953465,0.1572195586550809,,
,,,,,,,16.8,0.4649919223020328,0.39268511990029736,0.24902988659000105,,,,,,,,16.8,0.526018349888951,0.48940103370264487,0.192826172058353,,
,,,,,,,16.85,0.45287222633536584,0.35606167639259084,0.2798452000489712,,,,,,,,16.85,0.5078883218480124,0.45598746967318327,0.22366487200863258,,
,,,,,,,16.900000000000002,0.45088282652156175,0.3237404486622082,0.31382709435621536,,,,,,,,16.900000000000002,0.5049985211095352,0.43401534589169877,0.25817471962476635,,
,,,,,,,16.95,0.45767009987829593,0.2907278924560351,0.3534674141567811,,,,,,,,16.95,0.5157894089114331,0.41771154833074126,0.30258185130033877,,
,,,,,,,17.0,0.47148649077822724,0.2515304519135183,0.39878809253355174,,,,,,,,17.0,0.5377318492428802,0.39938065019603175,0.36007032360243546,,
,,,,,,,17.05,0.4904966971643325,0.2010877086823118,0.4473820999392092,,,,,,,,17.05,0.567960935187208,0.37063645143125346,0.43035827489334516,,
,,,,,,,17.1,0.5130100010507214,0.13561734217377955,0.494759737326898,,,,,,,,17.1,0.6037992210695304,0.3236812358066519,0.5097096790829563,,
,,,,,,,17.150000000000002,0.537596318879821,0.053281951129291266,0.5349493768170872,,,,,,,,17.150000000000002,0.6430135281949251,0.2524918871999821,0.5913664213834576,,
,,,,,,,17.2,0.5631100442672751,-0.04539000653566726,0.5612777113527533,,,,,,,,17.2,0.6838589967599984,0.15378613778078595,0.6663429682048582,,
,,,,,,,17.25,0.5886637683587286,-0.15736895924360464,0.567238964498106,,,,,,,,17.25,0.7250186394134149,0.02766836081983037,0.7244905032548206,,
,,,,,,,17.3,0.6135840354826515,-0.27728371236782384,0.5473564756670863,,,,,,,,17.3,0.7655141676693008,-0.12211042187823576,0.7557122374099428,,
,,,,,,,17.35,0.6373664973030204,-0.39785426742265845,0.49794380584349157,,,,,,,,17.35,0.804623015371394,-0.2883029398515439,0.7511987831049194,,
,,,,,,,17.400000000000002,0.6596374268382729,-0.5105492680718369,0.41768526399327216,,,,,,,,17.400000000000002,0.8418120817174496,-0.4607090191292747,0.7045528941239313,,
,,,,,,,17.45,0.680123128429135,-0.6063977840153562,0.30797596881169026,,,,,,,,17.45,0.8766882510564069,-0.6270550397133873,0.6126861078157263,,
,,,,,,,17.5,0.6986265319678141,-0.6768711264444047,0.17298702077109118,,,,,,,,17.5,0.908962524930414,-0.7741197327696582,0.4763942810997067,,
,,,,,,,17.55,0.7150096033296833,-0.7147450260482283,0.01944943682959622,,,,,,,,17.55,0.9384243012129421,-0.8889930438602125,0.3005520538528275,,
,,,,,,,17.6,0.7291802114713075,-0.7148560217196908,-0.1438215874353976,,,,,,,,17.6,0.9649229366886654,-0.9603427585043619,0.09390452564232889,,
,,,,,,,17.650000000000002,0.7410823191102737,-0.6746776807446021,-0.30661544449513023,,,,,,,,17.650000000000002,0.9883544561294278,-0.979563918525218,-0.13152589279080087,,
,,,,,,,17.7,0.7506886215045108,-0.5946609143978698,-0.4581613289484741,,,,,,,,17.7,1.0086518831352793,-0.9416984473767076,-0.3613622220994381,,
,,,,,,,17.75,0.7579949814877716,-0.4783061778893394,-0.588030264657814,,,,,,,,17.75,1.0257781258870937,-0.8460354083895827,-0.580038663624685,,
,,,,,,,17.8,0.7630161842212742,-0.3319613661573418,-0.6870191764154365,,,,,,,,17.8,1.0397206762825955,-0.6963335274770246,-0.7721001898723647,,
,,,,,,,17.85,0.7657826660999572,-0.16436519478972283,-0.747935274232266,,,,,,,,17.85,1.0504876068660636,-0.5006438862677534,-0.92351497623044,,
,,,,,,,17.900000000000002,0.7663379678318636,0.014020667480385485,-0.7662096983359549,,,,,,,,17.900000000000002,1.058104505557357,-0.27074849032650966,-1.022878487244059,,
,,,,,,,17.95,0.7647367307220572,0.19182861303140672,-0.740286465186219,,,,,,,,17.95,1.0626120952901221,-0.021266134084375925,-1.0623992736245487,,
,,,,,,,18.0,0.7610431048805171,0.35767659732434787,-0.6717544634854717,,,,,,,,18.0,1.0640643597161714,0.23149270833288305,-1.0385779160019206,,
,,,,,,,18.05,0.755329473930626,0.5010541834280984,-0.5652144013182235,,,,,,,,18.05,1.0625270477135162,0.4708180810293291,-0.9525198484539107,,
,,,,,,,18.1,0.747675426835028,0.6131254476323772,-0.42789686766619167,,,,,,,,18.1,1.0580764657289288,0.6809238544677813,-0.8098570934097947,,
,,,,,,,18.150000000000002,0.7381669265593067,0.6873804391586578,-0.2690697740885508,,,,,,,,18.150000000000002,1.0507984928463987,0.8481850554619352,-0.6202899195209421,,
,,,,,,,18.2,0.726895639514652,0.7200822803143606,-0.099291390979709,,,,,,,,18.2,1.0407877721942813,0.9621818702791214,-0.3967936935679641,,
,,,,,,,18.25,0.7139584005248475,0.7104767847556753,0.0704225532286102,,,,,,,,18.25,1.028147046141057,1.0164624102252062,-0.1545655753644547,,
,,,,,,,18.3,0.6994567965063908,0.6607536806466197,0.22944363946496218,,,,,,,,18.3,1.012986613248175,1.0089634308225157,0.09019242697070584,,
,,,,,,,18.35,0.6834968589052436,0.575771010851374,0.36831467415312336,,,,,,,,18.35,0.9954238932602323,0.9420602551441567,0.321545024764938,,
,,,,,,,18.400000000000002,0.6661888607763558,0.46257494758134365,0.4794079850113219,,,,,,,,18.400000000000002,0.9755830933344956,0.8222510635747927,0.5250386275791766,,
,,,,,,,18.45,0.6476472196649177,0.3297642488222374,0.5574069082263007,,,,,,,,18.45,0.9535949748748889,0.6595132739372,0.6887565735492298,,
,,,,,,,18.5,0.6279905124975517,0.18676045066930846,0.5995770324593283,,,,,,,,18.5,0.9295967262640328,0.46639795306707726,0.804128735250549,,
,,,,,,,18.55,0.607341613786388,0.04305071602257575,0.6058138919557702,,,,,,,,18.55,0.9037319529556653,0.2569495644850929,0.8664342814685844,,
,,,,,,,18.6,0.5858279737775316,-0.09253027242617805,0.5784743413022099,,,,,,,,18.6,0.8761508032699944,0.04555106812664776,0.8749659023431587,,
,,,,,,,18.650000000000002,0.5635820588112113,-0.21241958788889898,0.5220178691338008,,,,,,,,18.650000000000002,0.8470102563300411,-0.15420248905275227,0.832855309581573,,
,,,,,,,18.7,0.5407419819798479,-0.31079853497691823,0.44249990026179153,,,,,,,,18.7,0.8164746084497769,-0.33050522556939016,0.7465903040587542,,
,,,,,,,18.75,0.5174523576870419,-0.38388607935118163,0.34697034535570415,,,,,,,,18.75,0.7847162065619513,-0.4741350249896045,0.6252803394630971,,
,,,,,,,18.8,0.49386541777974113,-0.4300389812626476,0.24283641710695383,,,,,,,,18.8,0.7519164926134446,-0.5789821587619707,0.4797479251642809,,
,,,,,,,18.85,0.4701424272222887,-0.44966286260172034,0.13724872265814148,,,,,,,,18.85,0.7182674418271917,-0.6422794732873225,0.3215356841514451,,
,,,,,,,18.900000000000002,0.44645542943735134,-0.44495563455485854,0.036564104692621544,,,,,,,,18.900000000000002,0.6839735005036199,-0.664530551967925,0.16192249656048524,,
,,,,,,,18.95,0.4229893277041922,-0.4195190496302333,-0.054071603906212524,,,,,,,,18.95,0.6492541547007177,-0.649160338364279,0.01103686961589723,,
,,,,,,,19.0,0.3999442563640662,-0.3778843720711368,-0.13099163921032744,,,,,,,,19.0,0.6143472862695181,-0.6019373473009063,-0.12285771473973171,,
,,,,,,,19.05,0.37753809363557433,-0.32500347958743253,-0.1921138995545221,,,,,,,,19.05,0.5795134885645095,-0.5302355641709384,-0.2338506572933556,,
,,,,,,,19.1,0.35600878779747896,-0.2657568147564258,-0.23688725672680072,,,,,,,,19.1,0.5450415012367663,-0.44221581720466446,-0.31861482872653424,,
,,,,,,,19.150000000000002,0.3356158770559583,-0.20452470890453742,-0.2660970882583166,,,,,,,,19.150000000000002,0.5112548422728025,-0.34600993212321146,-0.3763756642232316,,
,,,,,,,19.200000000000003,0.31664015974955106,-0.14485939397878367,-0.28156126640985396,,,,,,,,19.200000000000003,0.47851949131586047,-0.24898628688640354,-0.40864010144834223,,
,,,,,,,19.25,0.2993799505829805,-0.08928258196677168,-0.2857568465818703,,,,,,,,19.25,0.4472519834002371,-0.15716321778486206,-0.4187291005303476,,
,,,,,,,19.3,0.2841419110150451,-0.03921918563702067,-0.2814222469408748,,,,,,,,19.3,0.4179263175954706,-0.07481853357837873,-0.41117465142210696,,
,,,,,,,19.35,0.2712244681647086,0.004936928001242778,-0.2711795325483462,,,,,,,,19.35,0.39107647054381206,-0.004321164303688771,-0.39105259665685077,,
,,,,,,,19.400000000000002,0.26089296032851444,0.043642841388734845,-0.25721671630065873,,,,,,,,19.400000000000002,0.3672890332479933,0.0538129640847171,-0.363325472325658,,
,,,,,,,19.450000000000003,0.2533483822758249,0.07794099916687522,-0.2410614101233266,,,,,,,,19.450000000000003,0.3471782879913319,0.10066194738865984,-0.33226485820880136,,
,,,,,,,19.5,0.2486955711949904,0.10914469038696231,-0.22346571032786364,,,,,,,,19.5,0.33133611295435045,0.13847712215320107,-0.3010111399730341,,
,,,,,,,19.55,0.246919895898139,0.138514757987592,-0.20440914072023939,,,,,,,,19.55,0.32025512270708145,0.1701570357629376,-0.27131149404420407,,
,,,,,,,19.6,0.24788109069744202,0.16696695253329177,-0.18321318699018083,,,,,,,,19.6,0.31423765328597053,0.19868161860749567,-0.2434561914804786,,
,,,,,,,19.650000000000002,0.2513275810498686,0.19484448141016614,-0.1587487986108295,,,,,,,,19.650000000000002,0.3133201326943488,0.22657384747399126,-0.21641117621887482,,
,,,,,,,19.700000000000003,0.25692703341875833,0.2217819341930518,-0.129708419799767,,,,,,,,19.700000000000003,0.3172470330200675,0.25545096375099335,-0.18812358990494654,,
,,,,,,,19.75,0.2643036534733155,0.24667584472429446,-0.09490758067139961,,,,,,,,19.75,0.3255097118515577,0.2857157265816353,-0.15595863584172676,,
,,,,,,,19.8,0.2730726480880516,0.2677648669495919,-0.05357842066810317,,,,,,,,19.8,0.3374335851576469,0.3164215674472311,-0.11721269575681771,,
,,,,,,,19.85,0.2828660022213715,0.28281018906827776,-0.0056189119823958095,,,,,,,,19.85,0.3522777033296188,0.3453256738283285,-0.06964021293908987,,
,,,,,,,19.900000000000002,0.2933481591182327,0.2893556603455507,0.04823322800773616,,,,,,,,19.900000000000002,0.36931583490905967,0.36912305937880197,-0.01193117552503801,,
,,,,,,,19.950000000000003,0.30422314489322627,0.2850382795950007,0.10632450824832035,,,,,,,,19.950000000000003,0.3878864930196821,0.38383474553467484,0.05591797195391915,,
,,,,,,,20.0,0.31523576003282544,0.2679140596853093,0.16611935777148193,,,,,,,,20.0,0.40741477359865635,0.38530631199091664,0.13238520946995108,,
,,,,,,,20.05,0.32616930630423857,0.23676236706875484,0.2243434819980032,,,,,,,,20.05,0.427415213729083,0.3697609574002373,0.21438423288464473,,
,,,,,,,20.1,0.3368416727893852,0.19133378517091246,0.2772249901789562,,,,,,,,20.1,0.44748457438574973,0.33434503026960305,0.29741527372886184,,
,,,,,,,20.150000000000002,0.3471009323465468,0.13251212177509505,0.3208108396212703,,,,,,,,20.150000000000002,0.46729069781309324,0.2776043137359835,0.37589418891201454,,
,,,,,,,20.200000000000003,0.3568210826607245,0.06236977138237572,0.35132790473983383,,,,,,,,20.200000000000003,0.4865608900351139,0.19983608658862953,0.44362939285929187,,
,,,,,,,20.25,0.36589822734834965,-0.015893640103833866,0.36555287576616646,,,,,,,,20.25,0.5050714221695503,0.10327440429757441,0.4944001809358015,,
,,,,,,,20.3,0.3742472947893882,-0.09812765191282743,0.3611537090869346,,,,,,,,20.3,0.5226386864862956,-0.007917145166520227,0.522578716964758,,
,,,,,,,20.35,0.38179928864003926,-0.17950912832334237,0.3369676092069293,,,,,,,,20.35,0.5391120234769721,-0.12785147369709085,0.5237325410273047,,
,,,,,,,20.400000000000002,0.38849901678499055,-0.2548986010509732,0.2931862705263689,,,,,,,,20.400000000000002,0.5543680225598576,-0.2493088914643162,0.49514541406920104,,
,,,,,,,20.450000000000003,0.39430322951916175,-0.31924321667763,0.23142775420109085,,,,,,,,20.450000000000003,0.5683060397989634,-0.3642800819207081,0.4362015323079725,,
,,,,,,,20.5,0.39917909758184095,-0.36798979114346186,0.1546850528022802,,,,,,,,20.5,0.5808446857132409,-0.46461268735632316,0.3485908772025582,,
,,,,,,,20.55,0.40310296755292907,-0.39747008786698,0.06715304684817339,,,,,,,,20.55,0.591919071290654,-0.5427020954194498,0.23631043689377917,,
,,,,,,,20.6,0.40605934141219324,-0.4052226946246686,-0.026052955863523068,,,,,,,,20.6,0.6014786404002783,-0.5921618701831982,0.10545555632068117,,
,,,,,,,20.650000000000002,0.4080400364683068,-0.39022153050629077,-0.11926369309385437,,,,,,,,20.650000000000002,0.6094854535477633,-0.608410407011804,-0.03618417784133929,,
,,,,,,,20.700000000000003,0.4090434903848492,-0.35298949586141815,-0.20667605772735775,,,,,,,,20.700000000000003,0.6159128186724263,-0.5891176752868482,-0.17969130437957406,,
,,,,,,,20.75,0.40907418333371137,-0.2955862477961794,-0.2827904835455368,,,,,,,,20.75,0.6207441892589648,-0.534468614222978,-0.3157002516776619,,
,,,,,,,20.8,0.4081421553845536,-0.22147052421237612,-0.34282769127805945,,,,,,,,20.8,0.6239722692006548,-0.4472166104879902,-0.43513066547308255,,
,,,,,,,20.85,0.4062626022242317,-0.13524875465029954,-0.3830888621867613,,,,,,,,20.85,0.6255982786147136,-0.3325198648366844,-0.5299091862712761,,
,,,,,,,20.900000000000002,0.40345553637150966,-0.04233181862614249,-0.40122859688789125,,,,,,,,20.900000000000002,0.625631346138474,-0.1975734726407841,-0.5936154514327441,,
,,,,,,,20.950000000000003,0.3997455043914633,0.0514701953606759,-0.3964180713220819,,,,,,,,20.950000000000003,0.6240880019463332,-0.05106878056886255,-0.6219950271702948,,
,,,,,,,21.0,0.39516135338598757,0.14038023318210888,-0.369385821792854,,,,,,,,21.0,0.6209917524823375,0.09747273767589318,-0.6132942377530146,,
,,,,,,,21.05,0.3897360423849625,0.21907666405188042,-0.322334605653493,,,,,,,,21.05,0.6163727232206183,0.23843268274402793,-0.5683882385569626,,
,,,,,,,21.1,0.38350649630730166,0.2830704980225669,-0.25874374554597124,,,,,,,,21.1,0.6102673600514393,0.36283197523772787,-0.4906925804301935,,
,,,,,,,21.150000000000002,0.3765135020020521,0.3290068446059971,-0.1830762502135505,,,,,,,,21.150000000000002,0.6027181834643576,0.46300648451006987,-0.38586811734088816,,
,,,,,,,21.200000000000003,0.3688016475968882,0.3548674370863394,-0.10041791357099727,,,,,,,,21.200000000000003,0.5937735928209609,0.5331646409948738,-0.2613475561858567,,
,,,,,,,21.25,0.3604193080344671,0.36006038999762807,-0.016080832030714854,,,,,,,,21.25,0.5834877208967358,0.5697811097697977,-0.12572751244960217,,
,,,,,,,21.3,0.35141868130142734,0.3453937131858687,0.06479407734748614,,,,,,,,21.3,0.5719203417210161,0.5717961344348378,0.011918805295025182,,
,,,,,,,21.35,0.3418558814508327,0.3129394820082899,0.13760205043133975,,,,,,,,21.35,0.5591368377442338,0.5406082145740626,0.14274719492048163,,
,,,,,,,21.400000000000002,0.3317910960330409,0.2658049885479326,0.19857754019485688,,,,,,,,21.400000000000002,0.5452082357064336,0.4798666101279843,0.25880505552712674,,
,,,,,,,21.450000000000003,0.32128881684091476,0.2078348167850042,0.24501263795767472,,,,,,,,21.450000000000003,0.5302113244793583,0.3950879812376526,0.35359515789630325,,
,,,,,,,21.5,0.31041815365732855,0.1432729331336671,0.2753766452539151,,,,,,,,21.5,0.5142288728373382,0.29313661153178633,0.42249527883660654,,
,,,,,,,21.55,0.2992532404465782,0.07641615348012523,0.2893321160968472,,,,,,,,21.55,0.49734997083085347,0.18161875318438778,0.4630028315001964,,
,,,,,,,21.6,0.287873741266718,0.011289616140269767,0.2876522822407336,,,,,,,,21.6,0.4796705254436121,0.06824771541655444,0.47479054573545576,,
,,,,,,,21.650000000000002,0.27636545763893566,-0.04862867452321083,0.27205352081914685,,,,,,,,21.650000000000002,0.4612939497089752,-0.03976306321461612,0.45957698684975185,,
,,,,,,,21.700000000000003,0.26482102790668777,-0.10061313065470286,0.24496361926093108,,,,,,,,21.700000000000003,0.4423320944667668,-0.13622648686812852,0.42083253922543146,,
,,,,,,,21.75,0.25334068884817346,-0.142812290327018,0.20925141423086863,,,,,,,,21.75,0.4229064830391276,-0.2163849075872359,0.3633558382150854,,
,,,,,,,21.8,0.24203303576313703,-0.17428219674976653,0.1679455456295154,,,,,,,,21.8,0.4031499199155953,-0.2771602606605336,0.2927661999591756,,
,,,,,,,21.85,0.23101566366975584,-0.19493539962001624,0.12396945928639973,,,,,,,,21.85,0.38320855173339463,-0.3172372996410076,0.21496346163496563,,
,,,,,,,21.900000000000002,0.22041549365052115,-0.2054174560598502,0.07991657266864269,,,,,,,,21.900000000000002,0.36324445533907623,-0.336982455980128,0.1356073696234214,,
,,,,,,,21.950000000000003,0.21036848327790159,-0.20692920021659758,0.03788409764484335,,,,,,,,21.950000000000003,0.3434387996105723,-0.33821646681346124,0.05966431642254595,,
,,,,,,,22.0,0.20101829839926982,-0.20101733301575211,-0.0006229916308428425,,,,,,,,22.0,0.3239955494593345,-0.3238721963763328,-0.008939601994843102,,
,,,,,,,22.05,0.1925134188064435,-0.18935770660179682,-0.03471419552651243,,,,,,,,22.05,0.30514550862854883,-0.2975787870316355,-0.06753256210863247,,
,,,,,,,22.1,0.18500213247513117,-0.17355494599806248,-0.06406613567209742,,,,,,,,22.1,0.2871501668529083,-0.26321856105821834,-0.11476588098426317,,
,,,,,,,22.150000000000002,0.17862505010400564,-0.15497892538233293,-0.08881689710857842,,,,,,,,22.150000000000002,0.2703042467362866,-0.2245035575824946,-0.1505408198346045,,
,,,,,,,22.200000000000003,0.17350525451553728,-0.1346534952406185,-0.10941896345691682,,,,,,,,22.200000000000003,0.25493498904559553,-0.1846143210048454,-0.17581069682928227,,
,,,,,,,22.25,0.1697370085779466,-0.11320632669127856,-0.12647126028492572,,,,,,,,22.25,0.24139518676169414,-0.14593511722812522,-0.19228774727300368,,
,,,,,,,22.3,0.16737488445369592,-0.09088151460809726,-0.14055213356056273,,,,,,,,22.3,0.23004629217882974,-0.10990810509579729,-0.2020928127853108,,
,,,,,,,22.35,0.16642579204058577,-0.06760942858443866,-0.1520740261281393,,,,,,,,22.35,0.22122870485666854,-0.0770153961969017,-0.2073903773109862,,
,,,,,,,22.400000000000002,0.16684616087096218,-0.043121961592739275,-0.16117734898481645,,,,,,,,22.400000000000002,0.21522003369261813,-0.04688382886121539,-0.21005134965994374,,
,,,,,,,22.450000000000003,0.16854530325681003,-0.017096442273974225,-0.1676759699882566,,,,,,,,22.450000000000003,0.21218893727638735,-0.018494116624299804,-0.2113814389977735,,
,,,,,,,22.5,0.17139422033659044,0.010691472114269034,-0.17106043139433946,,,,,,,,22.5,0.21215891303301973,0.009534860857608693,-0.21194454653936834,,
,,,,,,,22.55,0.1752376675438942,0.040226346664987936,-0.17055814598022753,,,,,,,,22.55,0.21499697674897508,0.03862339890911678,-0.21149925075022505,,
,,,,,,,22.6,0.17990681696834934,0.07114188153900401,-0.16524314050142436,,,,,,,,22.6,0.22043313742436382,0.06991019024456885,-0.20905342229850402,,
,,,,,,,22.650000000000002,0.18523035554803688,0.10265553966760062,-0.1541821156684712,,,,,,,,22.650000000000002,0.2281029900692742,0.10397279289241107,-0.20302864925102368,,
,,,,,,,22.700000000000003,0.19104285716120387,0.13355901931860042,-0.13659927390352358,,,,,,,,22.700000000000003,0.23759748825974017,0.14062361923478808,-0.19151387453823474,,
,,,,,,,22.75,0.19719022096621958,0.16226838359910742,-0.11203997022866183,,,,,,,,22.75,0.24850556060399415,0.17880701270184093,-0.1725777096259801,,
,,,,,,,22.8,0.20353258176694863,0.18693091693887226,-0.08051300598730664,,,,,,,,22.8,0.26044271506192096,0.2166115945589298,-0.1446022991914816,,
,,,,,,,22.85,0.2099453449274677,0.2055793194383956,-0.04259332431214401,,,,,,,,22.85,0.273065772927603,0.2513992120529793,-0.10659902684213576,,
,,,,,,,22.900000000000002,0.2163189932359949,0.2163183458536057,0.0005292275448572065,,,,,,,,22.900000000000002,0.28607737420001883,0.28003884664074874,-0.05846801177820911,,
,,,,,,,22.950000000000003,0.22255818829184779,0.21752501682615238,0.04706393768621248,,,,,,,,22.950000000000003,0.29922437711772587,0.2992220933846404,-0.0011690560314115855,,
,,,,,,,23.0,0.22858053673396694,0.20804148707262826,0.09469847638794329,,,,,,,,23.0,0.3122933344150605,0.30582751104855493,0.06321914429919813,,
,,,,,,,23.05,0.2343152582925943,0.18733976153393017,0.14073895699888983,,,,,,,,23.05,0.32510504330948586,0.29729522231542205,0.13156306462562536,,
,,,,,,,23.1,0.2397018930052152,0.15563970087945797,0.18229997537146428,,,,,,,,23.1,0.337509234061547,0.2719712204986096,0.19986029695091717,,
,,,,,,,23.150000000000002,0.2446891177110289,0.11396593149960764,0.21652836022939004,,,,,,,,23.150000000000002,0.349379866716412,0.22938311094249278,0.2635330713233576,,
,,,,,,,23.200000000000003,0.24923370006805337,0.06413495947574588,0.24084049539613728,,,,,,,,23.200000000000003,0.3606111746936548,0.17041525518098263,0.31780349292532667,,
,,,,,,,23.25,0.25329959418711284,0.008670420800594925,0.25315115685790707,,,,,,,,23.25,0.37111443196353433,0.09736086805683564,0.3581156000271926,,
,,,,,,,23.3,0.2568571693018035,-0.04934867344384244,0.25207204099437197,,,,,,,,23.3,0.38081535421799234,0.013840582820250026,0.38056375586144664,,
,,,,,,,23.35,0.25988255720868164,-0.10649530007397139,0.2370605294085848,,,,,,,,23.35,0.3896520271111474,-0.07540984881023077,0.38228530828982227,,
,,,,,,,23.400000000000002,0.2623571025419417,-0.15924048975421884,0.20850351478341908,,,,,,,,23.400000000000002,0.39757325980353975,-0.16486702654343935,0.3617780541568792,,
,,,,,,,23.450000000000003,0.26426690042619555,-0.2042172506357125,0.16772688873182895,,,,,,,,23.450000000000003,0.4045372757950397,-0.24863523759715828,0.31910958326674654,,
,,,,,,,23.5,0.26560240756422165,-0.23847951579791338,0.11692800968417995,,,,,,,,23.5,0.4105106686356509,-0.3209133176072056,0.2559954133300555,,
,,,,,,,23.55,0.26635811472791165,-0.25973343514247027,0.05903548043761089,,,,,,,,23.55,0.41546756462752693,-0.37647112324674104,0.175735001120623,,
,,,,,,,23.6,0.2665322705887183,-0.26652061310972214,-0.002492800191661169,,,,,,,,23.6,0.419388947042848,-0.41109214844195036,0.0830080381113191,,
,,,,,,,23.650000000000002,0.26612664868129493,-0.25833707832094016,-0.06391672005772675,,,,,,,,23.650000000000002,0.4222621065326885,-0.42194143277410506,-0.016453386337132444,,
,,,,,,,23.700000000000003,0.2651463509729366,-0.23567745605928828,-0.12148548942028392,,,,,,,,23.700000000000003,0.4240801905114052,-0.4078244452508173,-0.11628942273505741,,
,,,,,,,23.75,0.2635996429983049,-0.20000045461397664,-0.17171077410295624,,,,,,,,23.75,0.4248418307070878,-0.3693124441315661,-0.2099973802887044,,
,,,,,,,23.8,0.2614978168281976,-0.1536187404756635,-0.211618502925865,,,,,,,,23.8,0.42455083311557285,-0.30872196257340406,-0.2914346577261405,,
,,,,,,,23.85,0.2588550792999264,-0.09952290901723773,-0.2389584538368915,,,,,,,,23.85,0.4232159185903093,-0.229949378153647,-0.35529564764431093,,
,,,,,,,23.900000000000002,0.25568846397679734,-0.041154939323784695,-0.2523546345523886,,,,,,,,23.900000000000002,0.4208505055014804,-0.1381747145611311,-0.3975209381111912,,
,,,,,,,23.950000000000003,0.25201776625616706,0.017849265181384768,-0.2513848806933955,,,,,,,,23.950000000000003,0.41747252851759037,-0.039460639105504715,-0.415603380674719,,
,,,,,,,24.0,0.24786550193725418,0.07392627757955637,-0.23658447230077748,,,,,,,,24.0,0.41310428977593056,0.05971805405711162,-0.40876510155700413,,
,,,,,,,24.05,0.24325689041266133,0.1238381802882333,-0.20937530856368078,,,,,,,,24.05,0.4077723406611772,0.1529732126032962,-0.37799137296256097,,
,,,,,,,24.1,0.23821986447357296,0.1648916142109684,-0.1719286462248471,,,,,,,,24.1,0.4015073942314037,0.23448699913318585,-0.3259202891199091,,
,,,,,,,24.150000000000002,0.23278510951530293,0.19510575630220453,-0.12697500175151155,,,,,,,,24.150000000000002,0.39434427013532364,0.2994390776925179,-0.2566001600529808,,
,,,,,,,24.200000000000003,0.22698613567191744,0.2133171320412876,-0.07757903689109565,,,,,,,,24.200000000000003,0.38632187576919386,0.34434168511317526,-0.17513821853395484,,
,,,,,,,24.25,0.2208593870338736,0.21921513056834604,-0.0268997280819224,,,,,,,,24.25,0.377483229547658,0.3672559284850019,-0.08727354457307814,,
,,,,,,,24.3,0.21444439249041328,0.2133084366640329,0.022043328208977066,,,,,,,,24.3,0.3678755346437013,0.36787392930194046,0.001086797745673104,,
,,,,,,,24.35,0.20778396267600632,0.19682871937054078,0.06657800219514622,,,,,,,,24.35,0.35755031454044184,0.34746391623655354,0.08432706766825354,,
,,,,,,,24.400000000000002,0.20092443663253548,0.17158325056799736,0.10454576682305985,,,,,,,,24.400000000000002,0.34656362540327096,0.3086878464149238,0.15753780475928666,,
,,,,,,,24.450000000000003,0.19391597955813908,0.13977218622823517,0.13441407324001514,,,,,,,,24.450000000000003,0.33497636481010473,0.255312423767084,0.2168518647638735,,
,,,,,,,24.5,0.1868129285257495,0.10378868052250982,0.15532861957721497,,,,,,,,24.5,0.32285470194605664,0.1918434316997556,0.2596752900880988,,
,,,,,,,24.55,0.17967417503397853,0.06602063575661012,0.16710501138037054,,,,,,,,24.55,0.3102706610843031,0.12311929023388013,0.2847973375963969,,
,,,,,,,24.6,0.1725635599195695,0.02867171593841845,0.17016496383586574,,,,,,,,24.6,0.2973028979472498,0.053902179934805776,0.2923757310826407,,
,,,,,,,24.650000000000002,0.16555023526600862,-0.006383558836984007,0.16542711559235254,,,,,,,,24.650000000000002,0.2840377168180227,-0.011496203496956344,0.2838049715567925,,
,,,,,,,24.700000000000003,0.15870891709624857,-0.037699938488404416,0.1541662576695511,,,,,,,,24.700000000000003,0.27057038351603835,-0.0695219754287879,0.2614861896324452,,
,,,,,,,24.75,0.15211991026016652,-0.06431107014033427,0.13785700328589087,,,,,,,,24.75,0.25700679207203947,-0.11759490256095255,0.2285255566951771,,
,,,,,,,24.8,0.14586873431883934,-0.08572822726794826,0.11801846762805876,,,,,,,,24.8,0.24346553396495074,-0.1542180316841879,0.1883939089575175,,
,,,,,,,24.85,0.14004512418039458,-0.10189286318731908,0.09607539351047392,,,,,,,,24.85,0.2300803844000058,-0.17897732411468364,0.14458250495271519,,
,,,,,,,24.900000000000002,0.13474114096450918,-0.11309212848654888,0.07324851904850807,,,,,,,,24.900000000000002,0.2170031358890238,-0.19243845259666068,0.10028859829448668,,
,,,,,,,24.950000000000003,0.13004814166715042,-0.1198497828856651,0.05048315256932912,,,,,,,,24.950000000000003,0.2044065356753438,-0.195957772825533,0.058159978473623926,,
,,,,,,,25.0,0.12605246783872878,-0.12280679851779232,0.028420325227627444,,,,,,,,25.0,0.19248676504380577,-0.19143230200763808,0.020120349526927497,,
,,,,,,,25.05,0.12282996480287302,-0.12260624680365521,0.0074100268687913055,,,,,,,,25.05,0.18146438102663656,-0.18101859347372626,-0.0127118211981668,,
,,,,,,,25.1,0.12043982955236236,-0.1197958008170748,-0.012438595145668007,,,,,,,,25.1,0.17158193161632335,-0.16685225163919726,-0.04000856633420717,,
,,,,,,,25.150000000000002,0.11891871174748476,-0.11475854319090216,-0.03117910788305552,,,,,,,,25.150000000000002,0.1630957595527247,-0.15079837745245495,-0.06212951103772763,,
,,,,,,,25.200000000000003,0.11827626430946894,-0.10767905754907062,-0.048933580130083414,,,,,,,,25.200000000000003,0.15625942239672155,-0.13425869764242432,-0.07994754026933619,,
,,,,,,,25.25,0.11849324734641814,-0.09854741403183533,-0.06579556865274026,,,,,,,,25.25,0.15129768995697598,-0.11805404499886016,-0.09462681145280302,,
,,,,,,,25.3,0.11952275901362812,-0.08719911124416542,-0.08174353136767144,,,,,,,,25.3,0.14837402207038847,-0.10239200332859158,-0.1073812277807523,,
,,,,,,,25.35,0.12129437210002958,-0.07338479295461629,-0.09657637840667113,,,,,,,,25.35,0.14755980782130704,-0.08691985727192902,-0.11924275783496689,,
,,,,,,,25.400000000000002,0.12372024254790459,-0.05686006417263884,-0.10988007789583941,,,,,,,,25.400000000000002,0.14881673293411737,-0.07085350950632713,-0.13086710889991124,,
,,,,,,,25.450000000000003,0.12670192419475051,-0.03748335003333566,-0.12103047576924887,,,,,,,,25.450000000000003,0.15200033107036942,-0.05316472628138985,-0.14239948217927903,,
,,,,,,,25.5,0.13013673985348492,-0.015308714703853019,-0.12923317806898368,,,,,,,,25.5,0.15688368919156556,-0.03280279302523762,-0.1534159988531156,,
,,,,,,,25.55,0.13392296440234155,0.009339014257999718,-0.13359694310499667,,,,,,,,25.55,0.1631917922190436,-0.008923033347145776,-0.16294766191495114,,
,,,,,,,25.6,0.1379635379286424,0.035817640225103024,-0.1332330080966914,,,,,,,,25.6,0.17063494411067004,0.018905983413582933,-0.16958433873095952,,
,,,,,,,25.650000000000002,0.14216838035596865,0.06315729907285532,-0.1273695565936432,,,,,,,,25.650000000000002,0.17893374834619039,0.050542310733480256,-0.1716471995779078,,
,,,,,,,25.700000000000003,0.1464555697956022,0.09009033655474036,-0.11546845969184885,,,,,,,,25.700000000000003,0.18783375048083686,0.08517815946305775,-0.16741027139988512,,
,,,,,,,25.75,0.15075170113968284,0.11512083624004613,-0.09733071693921057,,,,,,,,25.75,0.19711153830353065,0.12132830428224338,-0.1553460688668355,,
,,,,,,,25.8,0.1549917132592058,0.13662886355903106,-0.07317776179681604,,,,,,,,25.8,0.20657526685905106,0.1569037524595589,-0.1343672331411108,,
,,,,,,,25.85,0.15911841064127788,0.15300052614007342,-0.04369791306077488,,,,,,,,25.85,0.21606222061754704,0.1893657383831554,-0.104036052908537,,
,,,,,,,25.900000000000002,0.16308183875727272,0.1627718428028427,-0.010050538444270616,,,,,,,,25.900000000000002,0.2254351884779701,0.21594623691289433,-0.06471666684292396,,
,,,,,,,25.950000000000003,0.16683861619704887,0.16477248982023884,0.026175378755339318,,,,,,,,25.950000000000003,0.23457866583444204,0.23391369248607682,-0.017650352183339373,,
,,,,,,,26.0,0.17035128465498853,0.1582549601981065,0.06304702813218604,,,,,,,,26.0,0.24339537360494404,0.24085731428754523,0.03505798120943296,,
,,,,,,,26.05,0.173587709139732,0.14299559649296253,0.09841215447292088,,,,,,,,26.05,0.251803276319531,0.23496064585252302,0.09054493285554593,,
,,,,,,,26.1,0.1765205424370638,0.11935626052825161,0.130052239407814,,,,,,,,26.1,0.2597331221835919,0.2152354605558993,0.14537878551744268,,
,,,,,,,26.150000000000002,0.1791267568954298,0.08829886677969379,0.15585154847256508,,,,,,,,26.150000000000002,0.26712645684508757,0.18169034111591442,0.19581921226425428,,
,,,,,,,26.200000000000003,0.18138724055983654,0.05134929679887028,0.17396718298625619,,,,,,,,26.200000000000003,0.27393403833532926,0.1354142516776346,0.23812357674385767,,
,,,,,,,26.25,0.18328645173975014,0.010511913993735394,0.18298476181238718,,,,,,,,26.25,0.2801145790279679,0.07856342020788053,0.26887165412005715,,
,,,,,,,26.3,0.184812125019893,-0.03185944551279207,0.18204531657251166,,,,,,,,26.3,0.2856337483297153,0.014249126015469514,0.285278110959601,,
,,,,,,,26.35,0.1859550217034077,-0.0732239721227041,0.1709313312511439,,,,,,,,26.35,0.29046338059645854,-0.0536663848101616,0.28546259756565445,,
,,,,,,,26.400000000000002,0.18670871821278548,-0.111036582568294,0.15010337367366453,,,,,,,,26.400000000000002,0.29458084344719737,-0.12084960593989702,0.2686507883298201,,
,,,,,,,26.450000000000003,0.18706942676515176,-0.14293549342978956,0.12068311873756438,,,,,,,,26.450000000000003,0.2979685310397142,-0.18282731414992004,0.2352858233950605,,
,,,,,,,26.5,0.1870358435140483,-0.16691871997131985,0.08438333770447616,,,,,,,,26.5,0.3006134546667987,-0.23534086498064685,0.18703776730080038,,
,,,,,,,26.55,0.18660902021882575,-0.1814944062716665,0.04339017076626211,,,,,,,,26.55,0.30250690930549834,-0.2746916152954134,0.12670811601456952,,
,,,,,,,26.6,0.1857922563223852,-0.18579214071532513,0.00020726258637401943,,,,,,,,26.6,0.30364419972140777,-0.2980463159740261,0.0580361401091179,,
,,,,,,,26.650000000000002,0.18459100907336384,-0.17962583710222715,-0.042525278083121856,,,,,,,,26.650000000000002,0.30402441364213606,-0.3036747525039499,-0.014576994961563387,,
,,,,,,,26.700000000000003,0.18301282002088046,-0.16350303875825262,-0.08222194724532206,,,,,,,,26.700000000000003,0.3036502325981505,-0.29109797887298294,-0.08640272248589904,,
,,,,,,,26.75,0.18106725684744107,-0.13858022491202213,-0.11653700170156499,,,,,,,,26.75,0.30252777348162574,-0.26113360332900465,-0.1527491241878654,,
,,,,,,,26.8,0.1787658701011363,-0.10656842003468221,-0.1435284228448424,,,,,,,,26.8,0.3006664558571351,-0.21583395990448104,-0.2093227637636228,,
,,,,,,,26.85,0.17612216495481878,-0.0695976869314176,-0.16178744995261152,,,,,,,,26.85,0.29807889170514423,-0.15832273586519902,-0.2525567995289882,,
,,,,,,,26.900000000000002,0.17315158866903185,-0.03005252905458089,-0.17052365864018157,,,,,,,,26.900000000000002,0.2947807957005742,-0.09254479213300397,-0.27987707830925124,,
,,,,,,,26.950000000000003,0.16987153497446122,0.009607473012839542,-0.16959963106353493,,,,,,,,26.950000000000003,0.29079091541872365,-0.022951642835562027,-0.28988373286752067,,
,,,,,,,27.0,0.16630136711910606,0.047026508359733085,-0.15951379945689856,,,,,,,,27.0,0.2861309821048156,0.045849370991447085,-0.2824336631847467,,
,,,,,,,27.05,0.16246246183380364,0.08011603367952515,-0.1413346123656951,,,,,,,,27.05,0.28082568392373014,0.10945127734208814,-0.2586184112537545,,
,,,,,,,27.1,0.15837827692664314,0.10718987952111064,-0.11659334599582535,,,,,,,,27.1,0.2749026650086799,0.16397811430418147,-0.22064145861129378,,
,,,,,,,27.150000000000002,0.15407444556033817,0.127060854865246,-0.0871462789546318,,,,,,,,27.150000000000002,0.26839255524676603,0.20636197809353538,-0.17160797682279105,,
,,,,,,,27.200000000000003,0.14957890038569618,0.13909251526084213,-0.0550192660711357,,,,,,,,27.200000000000003,0.26132903768619176,0.23454388616968558,-0.11524769584860516,,
,,,,,,,27.25,0.14492203041045174,0.1432040015977716,-0.022248793780187903,,,,,,,,27.25,0.2537489628567443,0.2475833122989247,-0.055597118827925916,,
,,,,,,,27.3,0.14013687247065404,0.1398301522234215,0.009266690619154716,,,,,,,,27.3,0.24569252231997515,0.24566995885412804,0.0033296907607950933,,
,,,,,,,27.35,0.13525933696469272,0.129843031402297,0.03789294700060162,,,,,,,,27.35,0.23720349759128587,0.230040446299944,0.05785233215404317,,
,,,,,,,27.400000000000002,0.1303284633930179,0.1144442363756035,0.062354030589771826,,,,,,,,27.400000000000002,0.22832960539775202,0.20281124138766018,0.10489046223508301,,
,,,,,,,27.450000000000003,0.1253866942002748,0.09503955607415086,0.0817881767965368,,,,,,,,27.450000000000003,0.21912296621918964,0.16674649509532521,0.14216357022149104,,
,,,,,,,27.5,0.12048014408891063,0.07310857430306779,0.09576325747935625,,,,,,,,27.5,0.20964073024502844,0.12498483935246596,0.16830931557613515,,
,,,,,,,27.55,0.1156588247745425,0.05008157707492716,0.10425353416511335,,,,,,,,27.55,0.19994590296258025,0.08075212263061277,0.18291380156284553,,
,,,,,,,27.6,0.11097676063855208,0.027234700221304232,0.10758304934180929,,,,,,,,27.6,0.19010842048272378,0.037087320613153764,0.18645573787945827,,
,,,,,,,27.650000000000002,0.10649189853729754,0.005611817686716431,0.1063439323907534,,,,,,,,27.650000000000002,0.18020652965607226,-0.0033935225194164143,0.18017457460916916,,
,,,,,,,27.700000000000003,0.10226567767826905,-0.014021503002398841,0.10129988294440097,,,,,,,,27.700000000000003,0.17032852399691417,-0.038675187955613796,0.16587958260004548,,
,,,,,,,27.75,0.09836209123322222,-0.031190223045353165,0.09328596345728468,,,,,,,,27.75,0.1605748612486749,-0.06744941804870579,0.14572186544895077,,
,,,,,,,27.8,0.09484605745985544,-0.04569007431345966,0.08311553239262041,,,,,,,,27.8,0.15106061939830778,-0.08914337101651594,0.12195396728607145,,
,,,,,,,27.85,0.09178095196274394,-0.05754091947808558,0.07150374625712964,,,,,,,,27.85,0.14191809651895726,-0.10387248193229963,0.09670188010989321,,
,,,,,,,27.900000000000002,0.08922526622128932,-0.06692092252588995,0.0590147291830081,,,,,,,,27.900000000000002,0.1332990695872674,-0.1123273605531663,0.07177190274745494,,
,,,,,,,27.950000000000003,0.087228568761201,-0.07409090428280228,0.04603651931547606,,,,,,,,27.950000000000003,0.12537573918600722,-0.11561068714184258,0.048510256596195185,,
,,,,,,,28.0,0.08582722883265166,-0.07931887876792897,0.03278457991329063,,,,,,,,28.0,0.11833870130558882,-0.11504457575007873,0.027727131427137702,,
,,,,,,,28.05,0.08504062537100182,-0.08281428793828198,0.019331365103540974,,,,,,,,28.05,0.11238961452581121,-0.11197114511854182,0.009689587922243252,,
,,,,,,,28.1,0.08486866309740342,-0.08467995018743917,0.0056565017628731635,,,,,,,,28.1,0.10772620514543695,-0.10756888816835697,-0.005819757147878151,,
,,,,,,,28.150000000000002,0.08529123727426502,-0.08488739166460661,-0.008290108090649425,,,,,,,,28.150000000000002,0.10451894129407391,-0.10270492772118531,-0.01938831893228934,,
,,,,,,,28.200000000000003,0.08626984170999881,-0.08327830339610029,-0.02252131817046511,,,,,,,,28.200000000000003,0.10288280809464967,-0.09783869208919299,-0.031819216390674934,,
,,,,,,,28.25,0.08775097284360225,-0.07959168198023586,-0.03695128407181027,,,,,,,,28.25,0.10285270596184744,-0.09298644695338144,-0.043956794772369696,,
,,,,,,,28.3,0.08967058233674967,-0.07351311082328543,-0.051348182769160935,,,,,,,,28.3,0.10437284848817564,-0.08774913693478512,-0.05651354234814871,,
,,,,,,,28.35,0.09195872023952384,-0.06473995348536805,-0.0653080749280163,,,,,,,,28.35,0.1073056181451243,-0.08139886053740386,-0.06991939064894306,,
,,,,,,,28.400000000000002,0.09454367340061128,-0.053054245408872706,-0.07825441344854973,,,,,,,,28.400000000000002,0.11145607457473643,-0.07301277062116351,-0.08421158997329625,,
,,,,,,,28.450000000000003,0.0973552045401337,-0.03839399477119485,-0.08946472498454758,,,,,,,,28.450000000000003,0.1166019034441005,-0.06163793442478439,-0.09897862863584904,,
,,,,,,,28.5,0.1003267904914562,-0.020913551196710307,-0.0981228223537171,,,,,,,,28.5,0.12251917044980119,-0.0464672400614559,-0.11336552707405574,,
,,,,,,,28.55,0.10339695942919228,-0.0010246794555821303,-0.10339188194058245,,,,,,,,28.55,0.12899928077537517,-0.027005147236188562,-0.12614093888708716,,
,,,,,,,28.6,0.10650992216063884,0.020588116009402472,-0.10450116266266482,,,,,,,,28.6,0.13585731992004826,-0.0032030712447572735,-0.1358195556996832,,
,,,,,,,28.650000000000002,0.109615708136049,0.042981827134807034,-0.10083732447026272,,,,,,,,28.650000000000002,0.14293423187954737,0.02445265128475618,-0.14082706589339397,,
,,,,,,,28.700000000000003,0.11266998860142981,0.06499944556593609,-0.0920304210985,,,,,,,,28.700000000000003,0.15009549042337386,0.054912273180882376,-0.13969000858880803,,
,,,,,,,28.75,0.11563372552757355,0.08534219324329025,-0.07802479434007578,,,,,,,,28.75,0.15722822029681152,0.0865993758703731,-0.13122980361398298,,
,,,,,,,28.8,0.1184727420862739,0.10266388669663774,-0.059126279992746916,,,,,,,,28.8,0.16423793273823267,0.11751162230318771,-0.11473934448915592,,
,,,,,,,28.85,0.12115727557182554,0.11567929763282128,-0.03601923823687035,,,,,,,,28.85,0.17104545551922917,0.14537740170823069,-0.09012191146632614,,
,,,,,,,28.900000000000002,0.1236615482248336,0.12327660401469238,-0.009749739071769032,,,,,,,,28.900000000000002,0.17758428617756786,0.16785410747900845,-0.05797566126937924,,
,,,,,,,28.950000000000003,0.12596337424753037,0.12462322134733146,0.01832551098434703,,,,,,,,28.950000000000003,0.18379841385275547,0.18274905584307977,-0.0196122289210503,,
,,,,,,,29.0,0.12804381045116128,0.11925455551304681,0.04662154420692816,,,,,,,,29.0,0.18964057271997636,0.1882412122726998,0.022995495725576815,,
,,,,,,,29.05,0.1298868515617718,0.10713651303586473,0.07343270240938793,,,,,,,,29.05,0.19507086114013109,0.18308124326927122,0.06733423519228708,,
,,,,,,,29.1,0.13147916772420132,0.08869482491607349,0.09705668229728304,,,,,,,,29.1,0.20005565727644728,0.16674903084170417,0.11053065964547451,,
,,,,,,,29.150000000000002,0.1328098800952215,0.06480717670227572,0.11592451897155805,,,,,,,,29.150000000000002,0.20456676910504298,0.13955152544048305,0.14957584955235984,,
,,,,,,,29.200000000000003,0.13387036986593895,0.03675750940876697,0.12872513907589186,,,,,,,,29.200000000000003,0.20858076712271792,0.10264930783990975,0.18157383075071398,,
,,,,,,,29.25,0.1346541161224884,0.006155338842159347,0.134513355442747,,,,,,,,29.25,0.21207845835593536,0.05800694359493236,0.20399134048631706,,
,,,,,,,29.3,0.13515655834568188,-0.02517380102283168,0.1327914718869875,,,,,,,,29.3,0.21504446925684043,0.008269486010430503,0.2148854098329607,,
,,,,,,,29.35,0.1353749798876048,-0.05531796613868057,0.12355690106930164,,,,,,,,29.35,0.21746691243627458,-0.043425399634470604,0.2130870542082574,,
,,,,,,,29.400000000000002,0.1353084093458093,-0.08241771992883323,0.1073111600972867,,,,,,,,29.400000000000002,0.21933711802848485,-0.09368395565533073,0.19832319026732984,,
,,,,,,,29.450000000000003,0.13495753733091712,-0.1048026863265371,0.08502901752441551,,,,,,,,29.450000000000003,0.2206494150428248,-0.1391209671171675,0.1712644763724362,,
,,,,,,,29.5,0.13432464666688024,-0.12111420693569239,0.05809009881658408,,,,,,,,29.5,0.22140095158993028,-0.17662912932646532,0.13349356553145714,,
,,,,,,,29.55,0.13341355456748383,-0.13040377331201192,0.028178581375228804,,,,,,,,29.55,0.2215915456046006,-0.20362912607844438,0.08739560684590948,,
,,,,,,,29.6,0.13222956579991743,-0.1321990511862354,-0.0028405874557577687,,,,,,,,29.6,0.22122355981725614,-0.2182780366282974,0.035980024234493924,,
,,,,,,,29.650000000000002,0.13077943628342498,-0.1265321966988033,-0.03305849593048303,,,,,,,,29.650000000000002,0.22030179640535408,-0.21961744571357014,-0.017351052926930625,,
,,,,,,,29.700000000000003,0.12907134698758654,-0.11392851027554193,-0.06066058983875529,,,,,,,,29.700000000000003,0.21883340810837154,-0.20764813780457864,-0.0690674407417548,,
,,,,,,,29.75,0.12711488840052723,-0.09535696463337466,-0.0840550066860257,,,,,,,,29.75,0.21682782371320994,-0.18332497965809486,-0.11578539186601199,,
,,,,,,,29.8,0.12492105624145051,-0.07214745168223989,-0.1019804663072223,,,,,,,,29.8,0.21429668679143704,-0.1484728850235722,-0.15452790163127297,,
,,,,,,,29.85,0.12250225950106765,-0.045882411834445205,-0.11358524493578065,,,,,,,,29.85,0.21125380746462197,-0.10563191237363437,-0.18294827207871736,,
,,,,,,,29.900000000000002,0.11987234231004389,-0.018272581867655943,-0.11847147843589254,,,,,,,,29.900000000000002,0.20771512785198049,-0.05784588944231569,-0.19949793836827484,,
,,,,,,,29.950000000000003,0.11704662155391775,0.008972257979976065,-0.11670222878731494,,,,,,,,29.950000000000003,0.2036987027783632,-0.00841389041695647,-0.20352485833833517,,
,,,,,,,30.0,0.11404194255405888,0.03426653131626315,-0.1087720988721594,,,,,,,,30.0,0.19922469835775333,0.03937304181958802,-0.19529527391519433,,
