mea_k,mea_chik,mea_k3chik,mea_r,mea_chir_mag,mea_chir_re,mea_chir_im,mea_q,mea_chiq_mag,mea_chiq_re,mea_chiq_im,fit_k,fit_chik,fit_k3chik,fit_r,fit_chir_mag,fit_chir_re,fit_chir_im,fit_q,fit_chiq_mag,fit_chiq_re,fit_chiq_im,win_k,win_r
0.0,-2.070341114915876,-0.0,0.0,0.2529823302113801,-0.2529823302113801,0.0,0.0,0.14302536364579274,0.14260749323198746,0.010925086731916698,0.0,-0.014872934336372991,-0.0,0.0,0.4336726010296388,-0.4336726010296388,0.0,0.0,0.060418093908172696,0.06037965985325542,0.0021547035763533743,0.0,0.0
0.05,-2.002659176665455,-0.00025033239708318196,0.030679615757712823,0.2629475719922676,-0.2036216951138841,0.1663719654736854,0.05,0.1420354181149068,0.13801707480190395,0.03354619296137859,0.05,-0.014782342921740532,-1.847792865217567e-06,0.030679615757712823,0.4314957784061256,-0.38102844840596306,0.20249920564696683,0.05,0.061858503856453695,0.06092454439114062,0.010708612892939654,0.0,0.0
0.1,-1.9354101058924704,-0.0019354101058924708,0.06135923151542565,0.2900621235558483,-0.06936776047841076,0.2816454319316009,0.1,0.14067007608872373,0.12972378915747856,0.054404125150886926,0.1,-0.01469175150710807,-1.4691751507108073e-05,0.06135923151542565,0.4252146440891209,-0.23669494504613284,0.3532463680456544,0.1,0.06335716821556346,0.06021667304319362,0.019699823651604685,0.0,0.0
0.15000000000000002,-1.8680417694795626,-0.006304640971993527,0.09203884727313846,0.3282147457970292,0.11195687278362637,0.30852970358641224,0.15000000000000002,0.13900113542686804,0.11835786689450077,0.07288848327508363,0.15000000000000002,-0.014554059381372693,-4.9119950412132866e-05,0.09203884727313846,0.4155760333632739,-0.03798022811632085,0.4138368540598882,0.15000000000000002,0.06484815940781852,0.05804229986381247,0.028920152231637998,0.0,0.0
0.2,-1.800002034309374,-0.014400016274474996,0.1227184630308513,0.3713581797850592,0.2885717237775038,0.23373758347632592,0.2,0.13711324002168226,0.1046407718131305,0.08860219784856245,0.2,-0.014389422109360629,-0.00011511537687488506,0.1227184630308513,0.403813841353061,0.16367926282603326,0.3691540564439749,0.2,0.0662618025642593,0.054234276031400144,0.03806927609522901,0.0,0.0
0.25,-1.7307387672645462,-0.027042793238508535,0.15339807878856412,0.4148252060022328,0.40854961329484435,0.07188299528698053,0.25,0.1351036038467926,0.08931617933687677,0.1013686533453707,0.25,-0.014226403334309478,-0.0002222875520985856,0.15339807878856412,0.3916062246752624,0.3159581710756016,0.2313565848100567,0.25,0.06752798996161058,0.04870944022801873,0.046769860604116094,0.0,0.0
0.30000000000000004,-1.6596998352277217,-0.044811895551148506,0.18407769454627693,0.4552257723205517,0.43380898658447326,-0.13798647376969633,0.30000000000000004,0.13308120644112145,0.0730841486177871,0.11121742097638118,0.30000000000000004,-0.014102122946775797,-0.0003807573195629467,0.18407769454627693,0.38095812058976813,0.37916965681999354,0.036870869128576664,0.30000000000000004,0.06857915365476681,0.04149986680378822,0.05459726523619982,0.0,0.0
0.35000000000000003,-1.586328828381496,-0.06801384851685666,0.21475731030398976,0.4900631192250244,0.35061889184138884,-0.34238611757557713,0.35000000000000003,0.13116518258610435,0.05654481043456324,0.11835112815586254,0.35000000000000003,-0.014062165527876515,-0.0006029153470077058,0.21475731030398976,0.37395700639581153,0.33662242003210113,-0.16287783447801826,0.35000000000000003,0.0693529428910574,0.03277246115536718,0.061121162271918696,0.0,0.0
0.4,-1.5099056675937474,-0.09663396272599986,0.2454369260617026,0.5174461303687045,0.17381549769065172,-0.4873793908200237,0.4,0.12948209604505723,0.04015665329611161,0.1230977513697034,0.4,-0.014160041341237955,-0.0009062426458392293,0.2454369260617026,0.37238316338733934,0.19913544108835107,-0.3146653722240656,0.4,0.06979473196219291,0.022832548915677858,0.06595437301413402,0.0,0.0
0.45,-1.4294991463608717,-0.13026310971213445,0.2761165418194154,0.5359257547795471,-0.05647340218866734,-0.5329419944808855,0.45,0.12816182642980517,0.024212802491341025,0.12585385949321864,0.45,-0.014455956484259297,-0.0013172990346281286,0.2761165418194154,0.3772592305283133,0.0025067565781363974,-0.37725090217290796,0.45,0.06986013086256745,0.012108991090264079,0.06880269049180385,0.0,0.0
0.5,-1.3439913121343368,-0.1679989140167921,0.30679615757712825,0.5444185979275025,-0.2848706129796821,-0.4639400215867648,0.5,0.127331961181973,0.00883675044589559,0.1270249588860569,0.5,-0.015014627735302573,-0.0018768284669128216,0.30679615757712825,0.38853834548450306,-0.20148256681075602,-0.33221502251280616,0.5,0.06951770401227653,0.0011207671132141316,0.06950866889975973,0.0,0.0
0.55,-1.2512829335102875,-0.20818219806277416,0.3374757733348411,0.5421891166724404,-0.45506046634763997,-0.29476941870809736,0.55,0.12711090302812428,-0.006002975731291131,0.12696907478199068,0.55,-0.015901880405914927,-0.0026456753525340966,0.3374757733348411,0.40510655566134174,-0.3582937560149897,-0.1890420742598504,0.55,0.06875213671892833,-0.009572389676561432,0.06808249157675028,0.0,0.0
0.6000000000000001,-1.149721561727887,-0.24833985733322372,0.36815538909255385,0.5288794599656667,-0.5247084549309802,-0.06629117963589654,0.6000000000000001,0.12760034326026234,-0.02046153096245348,0.1259490903135443,0.6000000000000001,-0.017179805310613645,-0.003710837947092549,0.36815538909255385,0.4250814382980461,-0.4247441862654321,0.0169294246580171,0.6000000000000001,0.06756813221420703,-0.019430190781197985,0.06471414201797633,0.0,0.0
0.65,-1.0398227393430002,-0.28556131979207144,0.3988350048502667,0.5045947260896629,-0.47708587297496136,0.16433169933162944,0.65,0.12887817720981243,-0.03477364864343725,0.1240982591374536,0.65,-0.018900335833890832,-0.00519050472838227,0.3988350048502667,0.446221501560838,-0.38039809339078134,0.23326148203221925,0.65,0.06599536572452579,-0.0279956557949634,0.05976312871431553,0.0,0.0
0.7000000000000001,-0.9196687485839201,-0.31544638076428466,0.4295146206079795,0.47007827626441606,-0.32625120185462436,0.33842833673340333,0.7000000000000001,0.1309931366439163,-0.049201534054236655,0.12140185704725243,0.7000000000000001,-0.021097249022226598,-0.0072363564146237245,0.4295146206079795,0.466273356655444,-0.233265182450889,0.40373035281346925,0.7000000000000001,0.06409482396244023,-0.03495421094556657,0.05372475775607591,0.0,0.0
0.75,-0.7853651827645116,-0.33132593647877834,0.46019423636569234,0.4270631785017315,-0.11422452057882954,0.4115042130167543,0.75,0.1339622054241988,-0.06398008080711719,0.11769631150562872,0.75,-0.023776802937273182,-0.010030838739162124,0.46019423636569234,0.4831973847278241,-0.018245344314215862,0.48285279332179964,0.75,0.06196670068948097,-0.04017937517540151,0.04717509729565007,0.0,0.0
0.8,-0.6361718099665978,-0.32571996670289816,0.4908738521234052,0.37898862714244974,0.09937835612800792,0.3657271138931507,0.8,0.13777127082638382,-0.0792647309187423,0.11268551591706975,0.8,-0.026907496207024623,-0.01377663805799661,0.4908738521234052,0.4952960753289648,0.2114141953655729,0.4479087409665087,0.8,0.059759431975850104,-0.04375733359850948,0.04069994430493744,0.0,0.0
0.8500000000000001,-0.47287746162974986,-0.2904058711233702,0.521553467881118,0.3324039354305517,0.2528138943821007,0.21581823624771465,0.8500000000000001,0.14237867325124245,-0.09508683090643243,0.10597254920476148,0.8500000000000001,-0.03040976360677764,-0.018675396075012323,0.521553467881118,0.5012915716813786,0.39758892959124603,0.30531341749958174,0.8500000000000001,0.05767794372842936,-0.045984792012891566,0.03481585983816812,0.0,0.0
0.9,-0.297988742952293,-0.21723379361222162,0.5522330836388308,0.29900483208649875,0.29893336612981747,0.0065369890142033356,0.9,0.14772068524094778,-0.1113204975824602,0.09710379841205308,0.9,-0.034146777323168204,-0.024893000668589623,0.5522330836388308,0.5003909884418896,0.49230857642495857,0.08957347203431372,0.9,0.05598619122423081,-0.047337572132060315,0.029893274702483274,0.0,0.0
0.9500000000000001,-0.11497091885754782,-0.09857319155549009,0.5829126993965437,0.2950840049309472,0.21883953780072504,-0.19794905067024776,0.9500000000000001,0.1537177052306604,-0.12766391433343685,0.0856215970327878,0.9500000000000001,-0.03791786325959925,-0.03250982801219891,0.5829126993965437,0.49236688278745644,0.47050797534729916,-0.14507719462555863,0.9500000000000001,0.0549950265279374,-0.0484111269692521,0.026092445810530874,0.0,0.0
1.0,0.07187741281172692,0.07187741281172692,0.6135923151542565,0.3316635342678161,0.028771206744329394,-0.33041325279942063,1.0,0.160280099012737,-0.1436367545657979,0.07112097354042277,1.0,-0.041456303283110466,-0.041456303283110466,0.6135923151542565,0.4776750649561675,0.3371468723631664,-0.33838654544265445,1.0,0.05502519864997601,-0.04983809616962825,0.023322449628120277,0.0,0.0
1.05,0.24525981241545283,0.2839188903474386,0.6442719309119693,0.4048953747142291,-0.22190875790380465,-0.3386691123066386,1.05,0.1673129984444587,-0.15859418686758456,0.05330594094737578,1.05,-0.04443340151922323,-0.0514372164336908,0.6442719309119693,0.4576306916773426,0.12670573903479987,-0.4397402706834208,1.05,0.05634485741477861,-0.05219168049779098,0.021231378756647833,0.0,0.0
1.1,0.3838622997354638,0.5109207209479025,0.6749515466696822,0.5033584605019074,-0.4615618450223117,-0.20082430873390253,1.1,0.17471977509274586,-0.17175674710378422,0.03204090561745117,1.1,-0.046470565167060114,-0.06185232223735703,0.6749515466696822,0.4346536925233998,-0.10503378214344151,-0.4217721387584418,1.1,0.059103226120040396,-0.05588648223487526,0.01923258800077612,0.0,0.0
1.1500000000000001,0.47792886771573695,0.7268700666871716,0.705631162427395,0.6172217685825677,-0.6136405845024309,0.06639235395516388,1.1500000000000001,0.18240421813273705,-0.1822543273183797,0.0073931702496313634,1.1500000000000001,-0.047160720743818024,-0.07172556116125425,0.705631162427395,0.4125397735582717,-0.2950372680891046,-0.28834367550898,1.1500000000000001,0.06329676611278069,-0.06109007860702033,0.016567525347019673,0.0,0.0
1.2000000000000002,0.5230491282036065,0.9038288935358325,0.7363107781851077,0.7396835895649048,-0.6164882835457157,0.4087468763458379,1.2000000000000002,0.19027162345434542,-0.18918166040354004,-0.020336913701736004,1.2000000000000002,-0.0460996305320997,-0.07966016155946833,0.7363107781851077,0.39654091209097647,-0.38945268623854756,-0.07464114243179136,1.2000000000000002,0.06878569249344764,-0.06765863210498693,0.012400846482606332,0.0,0.0
1.25,0.5216209321546128,1.018790883114478,0.7669903939428205,0.8658384033645625,-0.4406729727172297,0.745307635716591,1.25,0.1982290666306399,-0.19166197750163722,-0.050600881784970846,1.25,-0.04292665895745418,-0.0838411307762777,0.7669903939428205,0.3927416277809846,-0.3582636411591725,0.16091348487752402,1.25,0.07534254936625588,-0.07510813057372936,0.005938726018796,0.0,0.0
1.3,0.48811144128831074,1.0723808365104188,0.7976700097005334,0.9917529349531733,-0.09933743085275254,0.9867654021193729,1.3,0.2061851282406576,-0.18891497004626123,-0.08260412338398516,1.3,-0.03737353335902348,-0.08210965278977458,0.7976700097005334,0.4062598550477251,-0.20430382289817242,0.35115098999232625,1.3,0.08270112901025077,-0.08262943580960873,-0.003442829847072463,0.0,0.0
1.35,0.4267073345853143,1.0498600583303428,0.8283496254582462,1.1139812145352868,0.35142517008448193,1.057097202800483,1.35,0.21404930347987838,-0.1803247839432577,-0.11532595811888365,1.35,-0.029319463984684886,-0.07213687620131909,0.8283496254582462,0.43902169389234336,0.035919287794890564,0.437549828559457,1.35,0.09058826664009834,-0.08915046851325549,-0.016075696461571875,0.0,0.0
1.4000000000000001,0.3529311770304715,0.968443149771614,0.859029241215959,1.2293384362110136,0.8228199162643656,0.9133676018692819,1.4000000000000001,0.22173128357031427,-0.1655035014151222,-0.14755796533252197,1.4000000000000001,-0.018854633073160366,-0.051737113152752055,0.859029241215959,0.48909054102678645,0.30014209777467404,0.3861661280657493,1.4000000000000001,0.0987382487600234,-0.09344304471576453,-0.0319004570883223,0.0,0.0
1.4500000000000002,0.2720782822495645,0.8294646532230788,0.8897088569736719,1.3348059113627218,1.212267882035679,0.558671104670356,1.4500000000000002,0.22914025686730957,-0.14434543623713594,-0.17795969306201767,1.4500000000000002,-0.006379277144105427,-0.019448023783448416,0.8897088569736719,0.5520412663819594,0.515338633564958,0.19792840257022087,1.4500000000000002,0.1068963804511853,-0.09426574721949539,-0.05040639894611345,0.0,0.0
1.5,0.19468150352155772,0.6570500743852573,0.9203884727313847,1.4275020114273285,1.4268027247228658,0.044676362346036495,1.5,0.2361843476263948,-0.11706761343466916,-0.20512976368244706,1.5,0.0015054217826601247,0.005080798516477921,0.9203884727313847,0.6227269598618876,0.6162466133876245,-0.08960456476716258,1.5,0.11481765432818652,-0.09052851155841918,-0.07062352540367901,0.0,0.0
1.55,0.12619131167122835,0.4699206707496955,0.9510680884890975,1.5046872810149616,1.4054588003108412,-0.537372658661574,1.55,0.24277029102904954,-0.08423208006266839,-0.2276891980192421,1.55,-0.007405744732115781,-0.02757806766430766,0.9510680884890975,0.6962524173568461,0.5628284780760874,-0.4098677017548553,1.55,0.12226399884255887,-0.0814600962105593,-0.09117421860558861,0.0,0.0
1.6,0.06595764826348478,0.2701625272872337,0.9817477042468103,1.5637876777676722,1.1351625660792357,-1.0755639682094291,1.6,0.2488034337529499,-0.04674626871009059,-0.2443725332539288,1.6,-0.013114027637203946,-0.053715057201987375,0.9817477042468103,0.7682425739588173,0.35213909756586076,-0.6827845256069957,1.6,0.12900168678105284,-0.06675698553625026,-0.11038541604066061,0.0,0.0
1.6500000000000001,0.019800994607005355,0.08894854289899395,1.012427320004523,1.6024273361090007,0.6559874018337905,-1.4620033844505085,1.6500000000000001,0.25418814965728237,-0.005838579126825563,-0.25412108613803136,1.6500000000000001,-0.016188725586890353,-0.07272177892700986,1.012427320004523,0.8348199315234511,0.021291495441536423,-0.8345483750452592,1.6500000000000001,0.1347994594201175,-0.04669207081529634,-0.12645451665692,0.0,0.0
1.7000000000000002,-0.014960887554401262,-0.07350284055477342,1.043106935762236,1.6184658618940126,0.05405274282395305,-1.6175629963341571,1.7000000000000002,0.2588287704190174,0.03699229350544124,-0.25617162726935183,1.7000000000000002,-0.017329680366724897,-0.08514071964171945,1.043106935762236,0.8925294272685405,-0.35967736956001684,-0.8168481917508883,1.7000000000000002,0.13942747293405272,-0.022163954569207316,-0.13765456522262573,0.0,0.0
1.75,-0.03826805689474078,-0.20509286742025137,1.0737865515199487,1.610036991091185,-0.5567096889229628,-1.510726128370478,1.75,0.2626311528541488,0.08005396091039438,-0.2501329362400248,1.75,-0.01726906515117018,-0.09255139604455269,1.0737865515199487,0.9382904930736001,-0.703729916700623,-0.6206071653895351,1.75,0.1426570216709704,0.005327091869236906,-0.14255752496535717,0.0,0.0
1.8,-0.054332496357200076,-0.31686711875519086,1.1044661672776617,1.5755864205426338,-1.0599376723655602,-1.1657635692105959,1.8,0.26550504145794074,0.12156037221014604,-0.2360423753221306,1.8,-0.01671503485750702,-0.09748208328898096,1.1044661672776617,0.9693907878967281,-0.9279354500507321,-0.2804537398541594,1.8,0.1442609792192768,0.033782965070059616,-0.14024956825737378,0.0,0.0
1.85,-0.06362433047140666,-0.4028454014210202,1.1351457830353744,1.5139071796958967,-1.3634857020888094,-0.6578918520046974,1.85,0.267367441664014,0.1597503209035621,-0.21439492492400294,1.85,-0.016092030498409883,-0.1018887026044945,1.1351457830353744,0.983520024822297,-0.9746628680391762,0.13169636628282122,1.85,0.1440149562356151,0.06088861387854178,-0.1305100927878606,0.0,0.0
1.9000000000000001,-0.06844159278623228,-0.46944088492076735,1.1658253987930873,1.4241712741617674,-1.420921718587789,-0.09615241959033707,1.9000000000000001,0.2681473040917009,0.1930169484234666,-0.18613821293044575,1.9000000000000001,-0.015709040938281807,-0.10774831179567494,1.1658253987930873,0.9788450191389914,-0.8274765663267413,0.5228958822493428,1.9000000000000001,0.14169929811093737,0.08425729465183937,-0.11392716701070656,0.0,0.0
1.9500000000000002,-0.06866687512971954,-0.5091562957274793,1.1965050145508,1.3059566146038863,-1.2424744258500215,0.40221882145954174,1.9500000000000002,0.26779194270797557,0.22003841514435177,-0.15262902882503576,1.9500000000000002,-0.015873630417161718,-0.11770098533945203,1.1965050145508,0.9541391929252164,-0.5174093974330184,0.8016664611445238,1.9500000000000002,0.1371022900651072,0.10171797397961842,-0.09192655606830087,0.0,0.0
2.0,-0.06444061169179399,-0.5155248935343519,1.227184630308513,1.159268549170343,-0.8924135904994205,0.7399334784880627,2.0,0.26627578169566196,0.23989804582228386,-0.11554964096995377,2.0,-0.016849835509978064,-0.1347986840798245,1.227184630308513,0.9090047394050561,-0.11748215957144022,0.9013809175056262,2.0,0.1300254721157495,0.11161468116003483,-0.06669922299747816,0.0,0.0
2.0500000000000003,-0.05709486812259891,-0.4918794257347051,1.2578642460662257,0.9845558492707464,-0.47306423164784484,0.8634584257905384,2.0500000000000003,0.26361225441730524,0.2521812016363981,-0.07678582043708576,2.0500000000000003,-0.01874170105058445,-0.1614620972634164,1.2578642460662257,0.844280372079386,0.27381662922202654,0.7986449775964246,2.0500000000000003,0.1202932861089627,0.1130823350532743,-0.04102267887147022,0.0,0.0
2.1,-0.04517718082621338,-0.41838587163156216,1.2885438618239387,0.7827225768294451,-0.09895798210004565,0.7764418523348762,2.1,0.25986995190611234,0.2570361864018546,-0.038272585275575616,2.1,-0.021322883615669832,-0.19747122516471832,1.2885438618239387,0.7628557422393922,0.5565586324704588,0.521719629772761,2.1,0.10777296494476547,0.1062619115858849,-0.01798382937806149,0.0,0.0
2.15,-0.03020721930678129,-0.30021067317803246,1.3192234775816514,0.5551449068806725,0.1327938728632157,0.5390284361381491,2.15,0.25519436910473886,0.25518789356671867,-0.001817965826624057,2.15,-0.024051042058068073,-0.23902827511385225,1.3192234775816514,0.6714062961146607,0.6552873524930629,0.14623576896587168,2.15,0.0924224784050303,0.09242037331327557,-0.0006237877548285312,0.0,0.0
2.2,-0.014204811346778833,-0.15125283122050107,1.3499030933393643,0.30377049252041116,0.16862384984520093,0.2526707529364574,2.2,0.24983661012643965,0.24789576430017754,0.03108089125976653,2.2,-0.026679876033794046,-0.2840873200078391,1.3499030933393643,0.5840249483020804,0.5403794173239819,-0.22152928829353793,2.2,0.07443041197681077,0.07394771685100694,0.008462942724672084,0.0,0.0
2.25,-0.002102735841741311,-0.02395147544733462,1.380582709097077,0.036574998983606076,0.014386475924844032,0.033626772980984494,2.25,0.2441896543431781,0.23685192576937963,0.059411720624613154,2.25,-0.029149211221030286,-0.3320277340645481,1.380582709097077,0.5277244854781619,0.23916032126656464,-0.4704205281499355,2.25,0.05473532471139829,0.05421448527860088,0.0075329514294582645,0.0,0.0
2.3000000000000003,0.003429917825583461,0.04173181018387399,1.41126232485479,0.26419011116561153,-0.2635273167131199,-0.01870209035592456,2.3000000000000003,0.23883014113436474,0.2240209070591228,0.08279172370876475,2.3000000000000003,-0.031162126640795085,-0.3791495948385539,1.41126232485479,0.5397571146911408,-0.16673133375915658,-0.513359917799002,2.3000000000000003,0.037495507100995557,0.03728732082029355,-0.00394572665111402,0.0,0.0
2.35,-0.0007151049570811023,-0.009280542744878911,1.4419419406125027,0.5726830253451031,-0.5529178325409487,0.1491566893459336,2.35,0.2345573324083283,0.2114286993183739,0.10156302127768575,2.35,-0.03220123506641034,-0.41790360353749006,1.4419419406125027,0.6395749686035053,-0.5580556110668115,-0.3124581178670549,2.35,0.03719488088918436,0.02751632673290254,-0.02502620481592774,0.0,0.0
2.4000000000000004,-0.012359627074060424,-0.1708594846718114,1.4726215563702154,0.8944121690245241,-0.7235488080886642,0.5257853653465713,2.4000000000000004,0.2324096525174321,0.20091557910722413,0.11682113103065853,2.4000000000000004,-0.03171709650247191,-0.43845714205017194,1.4726215563702154,0.8126101884564555,-0.8056324343745199,0.10626240664986358,2.4000000000000004,0.06056097188681688,0.029024544398519096,-0.053152677621491645,0.0,0.2499999999999989
2.45,-0.027710427527933987,-0.4075130110292383,1.5033011721279284,1.2255085500903982,-0.6617775846829228,1.031465770035975,2.45,0.23362646956410515,0.1938733611634121,0.13036275201217914,2.45,-0.02953532625406169,-0.43435019980801304,1.5033011721279284,1.0349221976252079,-0.8029290631471284,0.6529692754571724,2.45,0.09554087993184535,0.04514490869996773,-0.08420211966822966,0.0,0.7500000000000011
2.5,-0.04173329464095735,-0.6520827287649585,1.533980787885641,1.5620691570159262,-0.303799783237109,1.5322420641026442,2.5,0.239523785071446,0.19099282939799997,0.14454543484143226,2.5,-0.025734246316761814,-0.4020975986994033,1.533980787885641,1.289272040919105,-0.49594025404338354,1.1900696029708089,2.5,0.13699496724914803,0.07786178136337704,-0.1127171861541833,0.0,1.0
2.5500000000000003,-0.05023735382945152,-0.8330044028538219,1.564660403643354,1.9000342308929554,0.3408972859703947,1.8692028030641843,2.5500000000000003,0.2512900714375751,0.1920502597488804,0.16205985848904464,2.5500000000000003,-0.02031466587475527,-0.33684509286902026,1.564660403643354,1.5645617457149994,0.0971383512404452,1.5615433381347614,2.5500000000000003,0.1836357075305496,0.12732092266050554,-0.1323308570709157,0.006155829702431202,1.0
2.6,-0.05396388198871302,-0.94846918983362,1.5953400194010667,2.235222990641442,1.1824136766797484,1.8968710328044844,2.6,0.269776849966497,0.19576253710059496,0.18562483089765763,2.6,-0.013309900411308856,-0.23393480962916446,1.5953400194010667,1.8529068886963016,0.8820013984044751,1.6295206262550834,2.6,0.23506656546617377,0.19147227528045666,-0.1363622308375306,0.02447174185242326,1.0
2.6500000000000004,-0.053717669423961494,-0.9996656838538899,1.6260196351587797,2.5633902973957388,2.062645714666692,1.5219929278908444,2.6500000000000004,0.2953910202654166,0.199737906859977,0.21762496046326787,2.6500000000000004,-0.005066623716887946,-0.09428796738739088,1.6260196351587797,2.1479300238329584,1.702263671044099,1.3099243419093034,2.6500000000000004,0.29113015358888295,0.2659034866751737,-0.11854156276459442,0.05449673790581632,1.0
2.7,-0.05049650977385896,-0.9939228018788661,1.6566992509164924,2.88028945070871,2.785363546485378,0.7333602346557092,2.7,0.328134663733216,0.20054368151764776,0.25972021358889064,2.7,0.0038067540628076014,0.07492834021824203,1.6566992509164924,2.4439624106770785,2.369503189040744,0.5986709462870757,2.7,0.3517387020489665,0.34390865942626236,-0.07380344497869142,0.09549150281252644,1.0
2.75,-0.04314987551888877,-0.8973825674318899,1.6873788666742053,3.181737438217062,3.158339052320196,-0.3851591311928567,2.75,0.367739568139224,0.19390336220533222,0.3124641997104479,2.75,0.012727492131051971,0.2646920629129715,1.6873788666742053,2.73569489732259,2.703506917699982,-0.4184219367877344,2.75,0.41681814661018524,0.41681711404053257,0.0009277857896723528,0.14644660940672624,1.0
2.8000000000000003,-0.03205376698247537,-0.7036442927992995,1.718058482431918,3.4636808878139864,3.0384874241461572,-1.6627325298777114,2.8000000000000003,0.41380932151638056,0.17502411287680575,0.3749729516718964,2.8000000000000003,0.021102953171692196,0.4632520280249872,1.718058482431918,3.0180409606406164,2.574160764729402,-1.575521373207065,2.8000000000000003,0.4862858932458994,0.4745824335671694,0.10604472509005565,0.2061073738537638,1.0
2.85,-0.017621407686336597,-0.4079201692069667,1.748738098189631,3.7222614499909685,2.369719026117181,-2.8704811511917483,2.85,0.46591791571932395,0.13904217369942573,0.4446872812676092,2.85,0.02801797476418485,0.6485916000629606,1.748738098189631,3.2861028953421307,1.9355137614524414,-2.6556089166148236,2.85,0.5600405849121537,0.5066048391730855,0.2387404315887013,0.2730047501302266,1.0
2.9000000000000004,-0.0019141887157477506,-0.04668514858837191,1.7794177139473437,3.953879510838704,1.2042715537683448,-3.766018217031682,2.9000000000000004,0.523659280887357,0.08155976501990633,0.5172688345428917,2.9000000000000004,0.03157114587060606,0.7699886766382116,1.7794177139473437,3.5351902246544173,0.843770930965309,-3.4330191581973564,2.9000000000000004,0.6379568249859,0.5027326033671561,0.3927452610252248,0.34549150281252683,1.0
2.95,0.009394266328060317,0.24117312802383753,1.8100973297050567,4.155255243214127,-0.2984381081122732,-4.144524198491893,2.95,0.5866629640361412,-0.0007663149506919013,0.5866624635453226,2.95,0.030029204782908433,0.770921006138619,1.8100973297050567,3.760865192225892,-0.5458531404136073,-3.7210417013515045,2.95,0.7198822264025155,0.4543635727073805,0.5583763638325208,0.42178276747988486,1.0
3.0,0.01463321693144944,0.39509685714913484,1.8407769454627694,4.323486109770987,-1.8966001941138906,-3.8852850403889048,3.0,0.6545921612842343,-0.1096353784185826,0.645345629421769,3.0,0.023760111935727007,0.6415230222646292,1.8407769454627694,3.9590020005602775,-2.0040008444835626,-3.4143341160099503,3.0,0.8056356929746218,0.35554874524610874,0.7229342705589608,0.5000000000000001,1.0
3.0500000000000003,0.012138289528069975,0.3443951369213564,1.8714565612204823,4.456100060242501,-3.310303288636092,-2.983072222414048,3.0500000000000003,0.7271347681110849,-0.24457137911078564,0.6847698967651905,3.0500000000000003,0.01484242597988299,0.42111858641747774,1.8714565612204823,4.125852137043526,-3.2695128474819097,-2.516533647082304,3.0500000000000003,0.895006438592534,0.2039887072405489,0.8714500171785075,0.5782172325201158,1.0
3.1,0.005760100514452009,0.17159915442603985,1.902136176978195,4.551103829884544,-4.276614815649432,-1.5566347641491043,3.1,0.8039929762442566,-0.4025105702765862,0.6959812832725569,3.1,0.004716593434589422,0.1405120350098535,1.902136176978195,4.258111033554333,-4.100918634497059,-1.1462878902404607,3.1,0.987753505450559,0.0018124505981629028,0.9877518425964573,0.6545084971874737,1.0
3.1500000000000004,-0.0009081739821633782,-0.028385772464750787,1.932815792735908,4.607025959736808,-4.603937446964871,0.16866587717570108,3.1500000000000004,0.8848737808340943,-0.5775665571208103,0.6703868137897989,3.1500000000000004,-0.00594233956250241,-0.18573302257313007,1.932815792735908,4.352982926767822,-4.3263697261679654,0.4806093561609876,3.1500000000000004,1.0836056594396115,-0.24396230767378896,1.0557857820618892,0.7269952498697739,1.0
3.2,-0.007769208681208524,-0.254581430065841,1.9634954084936207,4.622954441209104,-4.2138169610816245,1.901434822442201,3.2,0.9694811585724561,-0.7610218414867972,0.6006159118829903,3.2,-0.0166677748375347,-0.5461696458763372,1.9634954084936207,4.408241817153952,-3.8812247856753226,2.0901411630711273,3.2,1.1822615975528055,-0.5213676926551838,1.0610929337732493,0.7938926261462367,1.0
3.25,-0.012731835991614352,-0.43706005739963644,1.9941750242513334,4.5985692673466625,-3.160706543406162,3.340175662005621,3.25,1.0575099768912437,-0.9415798055001243,0.4814092033798966,3.25,-0.026771708558459714,-0.9190225578583748,1.9941750242513334,4.42228721614267,-2.824803292137628,3.4025153317490435,3.25,1.283390430816957,-0.8138732227543692,0.9923212056566924,0.8535533905932737,1.0
3.3000000000000003,-0.015910409369881844,-0.5717723815254441,2.024854640009046,4.534170700098635,-1.6247175985318114,4.233083587959723,3.3000000000000003,1.1486414398920433,-1.1058907469065842,0.31045581544507106,3.3000000000000003,-0.03545372577171554,-1.2741005430581416,2.024854640009046,4.394194130100213,-1.3320795115923452,4.187422384690022,3.3000000000000003,1.3866324211351964,-1.1012345080021078,0.842633983250505,0.9045084971874738,1.0
3.35,-0.019011532602643797,-0.7147456975211196,2.055534255766759,4.430704818939902,0.1218499665058918,4.429028988191405,3.35,1.2425398187419259,-1.2393414716723283,0.08909499285754131,3.35,-0.04204891791194379,-1.580844837243744,2.055534255766759,4.323757620083788,0.3386047807820711,4.310478715834722,3.35,1.4915999581758894,-1.3607727688168434,0.6108747063652715,0.945503262094184,1.0
3.4000000000000004,-0.0210563359666415,-0.8275982288328776,2.086213871524472,4.289789039111337,1.767668190900458,3.908662068657058,3.4000000000000004,1.3388502322269193,-1.3270720090280892,-0.1771999638493949,3.4000000000000004,-0.04611449483556108,-1.812484105016893,2.086213871524472,4.211533485235683,1.8955271037517696,3.7608498103758206,3.4000000000000004,1.5978787663593834,-1.569011579497914,0.30235610690648534,0.9755282581475768,1.0
3.45,-0.023231884039138943,-0.953985374226687,2.116893487282185,4.113742010477522,3.02427938269177,2.788656942722272,3.45,1.437197283570684,-1.3551575670420763,-0.47862720398192354,3.45,-0.04743543000881516,-1.9478707095957328,2.116893487282185,4.058878429617903,3.071047138296294,2.653895925009049,3.45,1.7050293337728486,-1.7035573267283852,-0.07083405661065659,0.9938441702975689,1.0
3.5,-0.023201771009781057,-0.9947759320443629,2.1475731030398975,3.905625023028245,3.683688037712886,1.2978248191937791,3.5,1.5371844010780769,-1.311871408786676,-0.8012048987155705,3.5,-0.04594928665344836,-1.9700756652665983,2.1475731030398975,3.8679959833964004,3.6745409121653463,1.2079495073858637,3.5,1.8125885553969878,-1.7450774223951464,-0.490083728563652,1.0,1.0
3.5500000000000003,-0.02212779476423336,-0.9899726439826909,2.1782527187976104,3.669306401083746,3.6593527920455573,-0.27008629802812617,3.5500000000000003,1.6383937654166087,-1.18892737033223,-1.1272913725523237,3.5500000000000003,-0.041727182957870534,-1.8668272224543003,2.1782527187976104,3.641999378139331,3.6296125275323035,-0.30012059300860794,3.5500000000000003,1.9200715828668433,-1.6792089945155375,-0.9310918515758276,1.0,1.0
3.6,-0.015160317079624567,-0.7073197536669639,2.2089323345553233,3.409567377690029,3.001755491271627,-1.6169767078188524,3.6,1.7403867340080852,-0.9825914350490215,-1.4364748712315278,3.6,-0.03498188586996248,-1.6321148671489698,2.2089323345553233,3.385011266343582,2.9876524747544555,-1.5912994574769883,3.6,2.026973872409252,-1.4982234463097948,-1.3652653897163582,1.0,1.0
3.6500000000000004,-0.005949159462258118,-0.28929052081615836,2.2396119503130363,3.1322789385216394,1.8851778418894003,-2.5014547473731104,3.6500000000000004,1.8427046938048481,-0.6945517561710208,-1.706797716945441,3.6500000000000004,-0.02608303637050083,-1.2683430699678904,2.2396119503130363,3.1023359364165555,1.9148368639567792,-2.4408785399551847,3.6500000000000004,2.1327734217818657,-1.2022806088385625,-1.7616026243934535,1.0,1.0
3.7,0.005372306093263127,0.2721234205420572,2.270291566070749,2.8446948780326857,0.5685589012915268,-2.7872979253871604,3.7,1.9448702889852567,-0.3324466628678786,-1.9162462413076267,3.7,-0.015547446686171081,-0.7875248169946238,2.270291566070749,2.800768513594148,0.65535952087768,-2.7230145363430123,3.7,2.236933186097435,-0.8001305074459323,-2.0889378282079956,1.0,1.0
3.75,0.015835442279176527,0.8350721514409497,2.3009711818284617,2.5559226847675376,-0.6610452261686065,-2.468959290767872,3.75,2.046388981118919,0.090029526618391,-2.0444076272558256,3.75,-0.004022091068291036,-0.2121024586794101,2.3009711818284617,2.4891566945575385,-0.521191392668941,-2.433980398908015,3.75,2.338903661429242,-0.3091597955707457,-2.318381020938916,1.0,1.0
3.8000000000000003,0.028758012148439288,1.578009642609161,2.3316507975861747,2.2776258017299518,-1.5500874518931171,-1.6687744557577302,3.8000000000000003,2.146750907215,0.5534936249144753,-2.0741707414789796,3.8000000000000003,0.007721244465990418,0.4236801263378263,2.3316507975861747,2.1794079778202677,-1.3769897886218894,-1.6892951949904058,3.8000000000000003,2.4381256241142664,0.2452690229038572,-2.4257575446376265,1.0,1.0
3.85,0.03810355519947608,2.174441295735302,2.3623304133438876,2.0248852598737415,-1.9318502182210568,-0.6067248552789023,3.85,2.2454330066347152,1.0337277399019098,-1.993332974453066,3.85,0.018890040703144814,1.0779908690411015,2.3623304133438876,1.8881821123453886,-1.7553940799860845,-0.6955740890307095,3.85,2.534033012742721,0.8311783720696964,-2.3938391390136307,1.0,1.0
3.9000000000000004,0.046010335096756526,2.7292870676045013,2.3930100291016,1.816662765797262,-1.7599499095903492,0.45037753093052835,3.9000000000000004,2.341901391775854,1.5029935732798458,-1.7959711711163857,3.9000000000000004,0.028767537285777828,1.7064615442550555,2.3930100291016,1.639159058653774,-1.6121021491210898,0.29659581987258365,3.9000000000000004,2.6260559389821427,1.41196706881364,-2.214163225972557,1.0,1.0
3.95,0.049726886882389625,3.0646618227008124,2.423689644859313,1.67419892923754,-1.1149390400212538,1.2489407478726167,3.95,2.435613940216336,1.9317379656139868,-1.4834431900081921,3.95,0.03678390845504065,2.2669876800955984,2.423689644859313,1.4637715837028906,-1.0215342508879224,1.0483773287890765,3.95,2.7136238126647463,1.9489036183407702,-1.8882608090725728,1.0,1.0
4.0,0.050089397632663006,3.2057214484904324,2.454369260617026,1.6149782552155114,-0.18289879790870037,1.6045880451201455,4.0,2.526023088008336,2.2905816567756596,-1.0649076555241979,4.0,0.04255790413906563,2.7237058649002,2.454369260617026,1.3937559284062617,-0.15737085367599812,1.3848429522443648,4.0,2.7961685660019895,2.4039411466439273,-1.4281546180193174,1.0,1.0
4.05,0.046810719129321776,3.109641923100736,2.4850488763747385,1.643531154565859,0.7888919722150465,1.4418197225045994,4.05,2.6125788053314016,2.5524507240340606,-0.557282078883624,4.05,0.0458488871519388,3.045747304614188,2.4850488763747385,1.4416530960307814,0.7481956994219576,1.232301442286596,4.05,2.873127961416632,2.7426358105039084,-0.856045030133147,1.0,1.0
4.1000000000000005,0.042243867949695806,2.9114896229609855,2.5157284921324514,1.7475342703880132,1.5491030066487226,0.808799048572916,4.1000000000000005,2.6947317369695574,2.6946877412117805,0.015398428293804207,4.1000000000000005,0.046547146564263515,3.208075888355607,2.5157284921324514,1.5888310949599538,1.4573472830312502,0.6328689792943548,4.1000000000000005,2.943948967342177,2.9369301125852445,-0.20316750750327678,1.0,1.0
4.15,0.03754595666012163,2.6835362401026215,2.5464081078901644,1.9043120651919947,1.8994729197413511,-0.13567265312164495,4.15,2.7719364912626183,2.700970115627442,0.623211317356158,4.15,0.04468397119230966,3.193714229517146,2.5464081078901644,1.799824832946304,1.779972730537595,-0.2665830224015198,4.15,3.0080911864833544,2.967562433719166,0.4921237529093839,1.0,1.0
4.2,0.03256266847566235,2.4125029820248725,2.5770877236478773,2.090409819377878,1.7392163644609242,-1.1597153316839348,4.2,2.843655062463768,2.5628680334471823,1.2321045237358679,4.2,0.04047488785064857,2.9987034910788513,2.5770877236478773,2.0418567493391295,1.6158032488847904,-1.248342439283033,4.2,3.065030321523175,2.825885257176733,1.1869218108736772,1.0,1.0
4.25,0.027240171874549687,2.0911088190572285,2.60776733940559,2.2866612568699822,1.0870143875221236,-2.0117702217177063,4.25,2.9093603729751263,2.2808944607840624,1.8060726005901722,4.25,0.03431746520708999,2.6344016650380175,2.60776733940559,2.291321415851182,0.9763065300270448,-2.0729156736743577,4.25,3.114261664185356,2.5149160429235446,1.8367969430670128,1.0,1.0
4.3,0.021605559769962854,1.7177932406304364,2.6384469551633027,2.478897485425961,0.07600196540763271,-2.477732117180009,4.3,2.968539923899704,1.8649338199368817,2.3095997763773037,4.3,0.02674273063507325,2.1262342846027686,2.6384469551633027,2.5323807022867366,-0.01815519478382387,-2.532315622156256,4.3,3.1553035950258406,2.049503621947417,2.3990572482555335,1.0,1.0
4.3500000000000005,0.01576214910830833,1.2974278092835456,2.6691265709210157,2.656996568955012,-1.0767531132377548,-2.4290396251546635,4.3500000000000005,3.0206995449330787,1.3339820320366513,2.7101877571419797,4.3500000000000005,0.01831726835990174,1.5077470208500476,2.6691265709210157,2.7543782738918963,-1.1649290491716513,-2.4959046428266713,4.3500000000000005,3.18770108348394,1.455564686565318,2.835977722209519,1.0,1.0
4.4,0.009959014903976056,0.8483487255802966,2.6998061866787286,2.813792752188899,-2.1191209580727652,-1.8511499175721955,4.4,3.065367238052389,0.7151850995812781,2.9807694606362714,4.4,0.009581509061209413,0.8161912678700629,2.6998061866787286,2.9500001383233516,-2.2232949621845903,-1.9389327804832261,4.4,3.2110291807792257,0.7684234385280514,3.1177289521278837,1.0,1.0
4.45,0.004742140719516205,0.4178827751120775,2.730485802436441,2.9442604347470596,-2.819990043270116,-0.8463602445025129,4.45,3.1020971140366034,0.042221832168229695,3.1018097655727663,4.45,0.0010376259171979135,0.09143676315263699,2.730485802436441,3.1141867939174435,-2.966433894698917,-0.9478551238407803,4.45,3.2248965024854295,0.030365842591094313,3.2247535359072774,1.0,1.0
4.5,-0.0005570821835704218,-0.05076411397785468,2.761165418194154,3.0449745848013996,-3.0199932151875077,0.3892443991991087,4.5,3.130473426953989,-0.6468663708666691,3.0629116499022357,4.5,-0.006863599575432788,-0.6254455113113128,2.761165418194154,3.2435154605185557,-3.229767202624323,0.29832257620762587,4.5,3.2289487034604463,-0.71240891290955,3.1493782355229945,1.0,1.0
4.55,-0.008490053631963245,-0.7997322756865217,2.791845033951867,3.113765392571639,-2.665728762727997,1.609169066177161,4.55,3.1501147198955177,-1.3122448008167917,2.863780077315944,4.55,-0.013711145089862839,-1.2915401645641285,2.791845033951867,3.335843889338736,-2.945315165983289,1.566196994974584,4.55,3.22287195585829,-1.4131999465036214,2.8965098921046346,1.0,1.0
4.6000000000000005,-0.018181803632373178,-1.7697440383606762,2.82252464970958,3.1494946823283785,-1.8202124504636168,2.570241893128343,4.6000000000000005,3.1606781061205758,-1.9150601775289484,2.514444393291039,4.6000000000000005,-0.019178700855966405,-1.8667780265163465,2.82252464970958,3.390094577468904,-2.1549862274206157,2.6170165463388897,4.6000000000000005,3.206396452065393,-2.028301819584536,2.483338465954168,1.0,1.0
4.65,-0.025377810923001613,-2.5516024825741015,2.8532042654672924,3.15190501562621,-0.6477351950383717,3.0846303416516965,4.65,3.161863724389117,-2.4202028463708403,2.034699091764259,4.65,-0.023057936520401407,-2.318351580717565,2.8532042654672924,3.406113060285415,-1.0004429762042397,3.2558746951948994,4.65,3.1792999698803652,-2.5202959616560126,1.9380548403339066,1.0,1.0
4.7,-0.030435317395514725,-3.1598859579545255,2.8838838812250054,3.1215109879033123,0.6229643424523487,3.0587164425023166,4.7,3.1534194269479157,-2.7988322362967732,1.452787732367851,4.7,-0.025272381086287998,-2.623854421521679,2.8838838812250054,3.384564321906267,0.3076835906936176,3.370549874595941,4.7,3.1414115590306406,-2.8608567638007005,1.2976768319682304,1.0,1.0
4.75,-0.034694031297566756,-3.718224385468912,2.9145634969827183,3.059514436104238,1.7485730506254746,2.510601695083582,4.75,3.135145785347424,-3.0304546801704957,0.8034198944602103,4.75,-0.025873224322985718,-2.772881962989985,2.9145634969827183,3.3268477861716175,1.5340835800360204,2.952033834802518,4.75,3.092615439143276,-3.032829699111101,0.6051564017814112,1.0,1.0
4.800000000000001,-0.03615257990741773,-3.9981861171211435,2.945243112740431,2.967732917010016,2.5228045038308773,1.5629766799781182,4.800000000000001,3.1069015357375243,-3.1043750521670552,0.1252704604085841,4.800000000000001,-0.025007831462704973,-2.7656660971234697,2.945243112740431,3.2350203578367798,2.466729400219777,2.092988958812202,4.800000000000001,3.0328552441256327,-3.0313983956986013,-0.09399307621467547,1.0,1.0
4.8500000000000005,-0.0344523362764102,-3.9304646383000175,2.9759227284981438,2.8485356313828705,2.8183399313694064,0.41366082060850096,4.8500000000000005,3.068609635461934,-3.020392858813998,-0.5418413727976382,4.8500000000000005,-0.02289718642101451,-2.612205477803323,2.9759227284981438,3.1117220976444804,2.958224703162469,0.9652569702251763,4.8500000000000005,2.962138813737124,-2.8642348708495464,-0.7552648253807792,1.0,1.0
4.9,-0.03184139286721763,-3.7461080294352875,3.0066023442558567,2.704784175271443,2.6102112396796078,-0.7089814659418573,4.9,3.0202641723095667,-2.788675556542254,-1.1598639191217819,4.9,-0.019820675882782534,-2.3318826969334827,3.0066023442558567,2.9601021842476647,2.9520644119439763,-0.21799231390500826,4.9,2.8805438314016687,-2.550615483661423,-1.3386162329558124,1.0,1.0
4.95,-0.028033498588080925,-3.400109455814542,3.0372819600135696,2.539777904113069,1.9761475933232624,-1.5954035513385476,4.95,2.961938464864086,-2.4288117377435166,-1.6952737278211847,4.95,-0.01610579439331439,-1.9534295242548203,3.0372819600135696,2.783744836381938,2.48891845444376,-1.2468040107460308,4.95,2.7882247566386504,-2.1195767238660514,-1.8115164380093045,1.0,1.0
5.0,-0.022175113158664883,-2.77188914483311,3.067961575771282,2.357205886145092,1.0746996898448522,-2.097960954432767,5.0,2.8937948288050563,-1.9681182992319208,-2.121452066733381,5.0,-0.01209366488168136,-1.5117081102101702,3.067961575771282,2.5865964303115065,1.692564910375169,-1.9559409800571501,5.0,2.6854217316735136,-1.6072713747167233,-2.151317876316884,1.0,1.0
5.050000000000001,-0.015330549738297988,-1.9743850907397702,3.098641191528995,2.1611099362206367,0.10689406323484199,-2.158464689467194,5.050000000000001,2.8160966766197504,-1.4393422876965567,-2.4204739765007277,5.050000000000001,-0.008106968942942846,-1.04407727611037,3.098641191528995,2.3728965912554587,0.7395015520932084,-2.2547229735032888,5.050000000000001,2.572472506697713,-1.0537587917074134,-2.3467439584698937,1.0,1.0
5.1000000000000005,-0.009040123824032902,-1.1991814653817887,3.129320807286708,1.955866687034635,-0.7293596424202118,-1.8147862159109815,5.1000000000000005,2.7292238907144517,-0.8779535484769319,-2.584155686556693,5.1000000000000005,-0.004402504875037934,-0.5839966741786572,3.129320807286708,2.147118046447583,-0.18041196624982397,-2.139525047251085,5.1000000000000005,2.44982901580911,-0.49951599425165966,-2.398363187298164,1.0,1.0
5.15,-0.004405388235483231,-0.6017358337993607,3.160000423044421,1.7462018735563607,-1.2816275396785677,-1.186023538024944,5.15,2.6336927946068713,-0.3192631654897657,-2.614270217006193,5.15,-0.0011546978601342825,-0.1577211910763693,3.160000423044421,1.913923254845978,-0.9033759653014752,-1.6873097198664655,5.15,2.31808120084248,0.01801632511781378,-2.3180111875762295,1.0,1.0
5.2,-0.0003800544985194433,-0.053438702927821886,3.1906800388021335,1.5372577242977365,-1.4727652257211932,-0.44059493962080293,5.2,2.5301825844232853,0.20437907139935002,-2.5219145714501976,5.2,0.0015245402529423218,0.21436255588571398,3.1906800388021335,1.6781516845454556,-1.3227134506769345,-1.0327740332430262,5.2,2.1779922966176013,0.4675399346384053,-2.1272181020393583,1.0,1.0
5.25,0.0031285720953223486,0.4527141589809417,3.2213596545598464,1.3347435890327894,-1.3121219935076893,0.24469638864833956,5.25,2.419570816261066,0.6660595346088334,-2.326088483110414,5.25,0.0035785216391508207,0.5178232640652461,3.2213596545598464,1.4448628828858636,-1.4054642408397473,-0.33511045650949417,5.25,2.030552543929223,0.8263745496697831,-1.8547907529733652,1.0,1.0
5.300000000000001,0.004799244767376735,0.7144971632327466,3.2520392703175593,1.1452006834025064,-0.8865771210168588,0.7248900701175494,5.300000000000001,2.3029814955731003,1.0462269283495547,-2.0516171629591056,5.300000000000001,0.004986603011534434,0.7423904965482123,3.2520392703175593,1.219482437511634,-1.1919398210639691,0.2577147228260537,5.300000000000001,1.8770630376785702,1.0820767119990677,-1.5337782228107126,1.0,1.0
5.3500000000000005,0.00460403137748018,0.7050170513453067,3.2827188860752723,0.9763598547136572,-0.3345321887434752,0.9172604758687544,5.3500000000000005,2.181850413556705,1.3338973257921998,-1.7266120442595039,5.3500000000000005,0.00578061876457091,0.8851883191507803,3.2827188860752723,1.0081378681645425,-0.779577107848966,0.6392194413072791,5.3500000000000005,1.719269570534472,1.233054759764683,-1.1981084323163107,1.0,1.0
5.4,0.003850031751011456,0.606241399641268,3.313398501832985,0.8373293957670649,0.19024556569882495,0.8154306480305803,5.4,2.0580132861389533,1.5270311961974061,-1.3797080893306282,5.4,0.0060503294457402955,0.9527090758440501,3.313398501832985,0.8183217744985861,-0.2958107800891919,0.7629852613265466,5.4,1.5595799278464442,1.2881260614579444,-0.8792160150579401,1.0,1.0
5.45,0.004378509336814133,0.7087870709931339,3.3440781175906977,0.737706516316062,0.5560134754434173,0.4848297838834911,5.45,1.9338219579313003,1.632052297103343,-1.037339223444746,5.45,0.005927000093895243,0.959454625574633,3.3440781175906977,0.6599418900792015,0.13319555557872942,0.646360767880742,5.45,1.401418433615568,1.2650624409289077,-0.6029847814236324,1.0,1.0
5.5,0.0042803163924177955,0.7121376397885107,3.3747577333484107,0.6841589860074986,0.6828954174982284,0.041561603611133965,5.5,1.8122898929924327,1.6625592794376738,-0.7213122060510317,5.5,0.005562393693546591,0.9254432507638142,3.3747577333484107,0.5458850785631352,0.4106685654228282,0.3596412773465199,5.5,1.2497915359507046,1.188266454079741,-0.3873005518234901,1.0,0.7499999999999978
5.550000000000001,0.004070122714912213,0.6958032498397635,3.4054373491061236,0.6752754853318188,0.558568038397124,-0.3794716426444965,5.550000000000001,1.6972549244903883,1.63735847989728,-0.4469132880272664,5.550000000000001,0.005100331268106113,0.8719213940664043,3.4054373491061236,0.4881492496199658,0.48813011554067,0.004322060479430856,5.550000000000001,1.1121116173932866,1.0858057037472182,-0.24045420198266432,1.0,0.24999999999999567
5.6000000000000005,0.0057129985825439406,1.003293959072037,3.436116964863836,0.7003452592709859,0.2368127538157431,-0.6590927110912006,5.6000000000000005,1.5935153883952664,1.5780132042555919,-0.22173321863788417,5.6000000000000005,0.004662182336644556,0.8187538132321706,3.436116964863836,0.4863059283347344,0.37154834900430195,-0.3137599086653444,5.6000000000000005,0.9990817120989793,0.9860964912837596,-0.16055521582460644,1.0,3.749399456654644e-33
5.65,0.005398371039793513,0.9736616722756177,3.466796580621549,0.7447138466164056,-0.17986735215347355,-0.7226662085440979,5.65,1.5068361596834372,1.506154216670646,-0.04532866350071848,5.65,0.004341671240194879,0.7830730509329339,3.466796580621549,0.5225060508893922,0.11436351947390574,-0.5098367960725958,5.65,0.9246249358007333,0.9145653754573351,-0.13602002028780166,1.0,0.0
5.7,0.003994924128795281,0.7398319841839845,3.497476196379262,0.7956956580601358,-0.5686429153714836,-0.556575974197209,5.7,1.443646280828414,1.4408230088749077,0.09024212567515169,5.7,0.0042144237699083915,0.7804817812206448,3.497476196379262,0.5743508911062237,-0.1999393369771992,-0.5384266037665962,5.7,0.9026891018723542,0.8906236390783804,-0.14709571086167084,1.0,0.0
5.75,0.004592339125843824,0.8730467210022157,3.5281558121369745,0.8446851156412256,-0.8184331971023218,-0.20894986591692966,5.75,1.4102398735748305,1.3961206127787338,0.1990571164130715,5.75,0.004324729692097086,0.8221716588085194,3.5281558121369745,0.6258911820364302,-0.4808158312057639,-0.4006942827304505,5.75,0.9404420228276413,0.9252640982012944,-0.16827818301815434,1.0,0.0
5.800000000000001,0.0057621313195452915,1.1242609660191214,3.5588354278946874,0.8867398297079857,-0.8577508621702313,0.22487993249014523,5.800000000000001,1.4115007937885737,1.3794094955139191,0.29927234177552875,5.800000000000001,0.004670238003687657,0.9112194773755066,3.5588354278946874,0.6682236494918519,-0.6533736968820723,-0.14009160561169695,5.800000000000001,1.033840126053446,1.019533986951071,-0.17139386129572687,1.0,0.0
5.8500000000000005,0.005867122074081018,1.1746073733043905,3.5895150436524004,0.919608625508854,-0.6717311867013405,0.6280583069453765,5.8500000000000005,1.4496234647607258,1.3902661994164758,0.4105704377387145,5.8500000000000005,0.005192497760743576,1.0395464895097255,3.5895150436524004,0.6969666523774704,-0.6754659420927868,0.17177972988383008,5.8500000000000005,1.1711875492789792,1.1640565635113223,-0.12904492447326996,1.0,0.0
5.9,0.006054692611826929,1.2435067139244032,3.6201946594101133,0.9429439676848409,-0.30460163343302843,0.8923907054105624,5.9,1.5235806676587706,1.420312028845473,0.5513726431193355,5.9,0.005782449382575005,1.1875936717438722,3.6201946594101133,0.7103542903622119,-0.545530656018724,0.45497200043495234,5.9,1.3397967981207157,1.3396748536738412,-0.018076135883928694,1.0,0.0
5.95,0.008427488908840732,1.7752073477666426,3.650874275167826,0.9577688635879326,0.15252302261820846,0.9455463624962688,5.95,1.62968038234137,1.4539644799532694,0.7361015144818907,5.95,0.006314609853820343,1.3301402033317544,3.650874275167826,0.7081814792553449,-0.2999950677085752,0.6415013381987725,5.95,1.5294924559833476,1.5191826733846738,0.1772884028857166,1.0,0.0
6.0,0.010350227621722089,2.2356491662919713,3.6815538909255388,0.9661047280734856,0.5851077328906233,0.7687699828411216,6.0,1.7627790141924868,1.4700610260690175,0.9727848850133022,6.0,0.006664319562469001,1.4394930254933043,3.6815538909255388,0.6912461995441803,-0.001631506029358027,0.6912442741696664,6.0,1.7329861185631013,1.6700008694999817,0.4629665031097911,1.0,0.0
6.050000000000001,0.010909669182419774,2.4158930558095957,3.7122335066832517,0.9706625290113625,0.8839232692452637,0.40108029035780274,6.050000000000001,1.9174354813918253,1.4442179033604639,1.2612666145242277,6.050000000000001,0.006723192030662919,1.4888180996291545,3.7122335066832517,0.661046548591815,0.2776766141663455,0.599898522543826,6.050000000000001,1.9451712342129917,1.757560789751919,0.8334693760038839,1.0,0.0
6.1000000000000005,0.010487891504153385,2.38055210150424,3.7429131224409646,0.9745242956283906,0.9719561250456827,-0.0707028553609536,6.1000000000000005,2.08862092925938,1.3517083075538898,1.5922380592832572,6.1000000000000005,0.0064091944643769345,1.4547653687187414,3.7429131224409646,0.6196125465296392,0.4751919117347616,0.3976334428073257,6.1000000000000005,2.1623896998654537,1.7490816591497884,1.2714725965234286,1.0,0.0
6.15,0.009389517324656208,2.1840803669226285,3.773592738198677,0.980774303433654,0.8230749234642076,-0.5333534518873558,6.15,2.2719977693636757,1.17058473420071,1.9472301466569821,6.15,0.005666553953689836,1.3180879070176184,3.773592738198677,0.5694207440249072,0.5520951777171681,0.139394757675199,6.15,2.381910837409178,1.6173813446558727,1.7485928123283743,1.0,0.0
6.2,0.007261819458996367,1.7306949080236864,3.80427235395639,0.9920848269920055,0.468180263610779,-0.8746653901424812,6.2,2.4639379160318144,0.8847353297691127,2.299615935393895,6.2,0.00447143162105505,1.065667355382808,3.80427235395639,0.5133754693831211,0.5014052141980473,-0.11021426286715416,6.2,2.6015999268325776,1.344345958899012,2.227342838919767,1.0,0.0
6.25,0.0033017918079440794,0.8061015156113475,3.834951969714103,1.010317462417641,-0.01233785768715487,-1.010242125499483,6.25,2.661429577447208,0.4865581261914487,2.616575736635171,6.25,0.0028367094902780575,0.6925560278999163,3.834951969714103,0.45485947846748104,0.34756158448709773,-0.2934247606125408,6.25,2.819714057431727,0.9237048800750394,2.664123994900322,1.0,0.0
6.300000000000001,-0.0010004858714251232,-0.25016849069223784,3.865631585471816,1.0362406016463876,-0.5077371029303579,-0.9033258652382066,6.300000000000001,2.8619577115580244,-0.021038676271792348,2.861880381296041,6.300000000000001,0.0008169479183019883,0.20427537612765734,3.865631585471816,0.397855721412916,0.1383106979127676,-0.37304064913072804,6.300000000000001,3.034776775739331,0.36281277357929825,3.0130112794170727,1.0,0.0
6.3500000000000005,-0.0038792045478169344,-0.9932620811588623,3.8963112012295285,1.069449888343282,-0.902886075213915,-0.5731664669729649,6.3500000000000005,3.063394792082606,-0.623549058344191,2.999262279961008,6.3500000000000005,-0.0014917157635511815,-0.3819506513612826,3.8963112012295285,0.34707982772479096,-0.06862537563253696,-0.3402278128442232,6.3500000000000005,3.245500512153426,-0.3167753834944132,3.2300041688518175,1.0,0.0
6.4,-0.007202870131900881,-1.888189187857025,3.9269908169872414,1.1085071760355358,-1.1048270348537643,-0.09025177216275256,6.4,3.2639128313704697,-1.2948550254865265,2.9960770073142453,6.4,-0.003957743317808959,-1.037498664303712,3.9269908169872414,0.3078342879708494,-0.2204946173542094,-0.21481171422513395,6.4,3.45073808108375,-1.0800437534943317,3.277361559971593,1.0,0.0
6.45,-0.009802636914955656,-2.630401604541156,3.9576704327449543,1.1512316591381542,-1.0637633290053963,0.4401612350779476,6.45,3.461916689548937,-1.9983509679306548,2.826917150244783,6.45,-0.006423983885488882,-1.7237869428945307,3.9576704327449543,0.2849055959191531,-0.2822961843596302,-0.03847158538507864,6.45,3.649452109014591,-1.8805579055020007,3.1276193278666398,1.0,0.0
6.5,-0.011121374726212241,-3.0542075341860366,3.988350048502667,1.1950399156273899,-0.7837901591638798,0.9021049752332481,6.5,3.6559951219817908,-2.689166209006782,2.476829714027741,6.5,-0.008720144319556731,-2.3947696337582673,3.988350048502667,0.2801876680540136,-0.24437647526134137,0.13705935819340873,6.5,3.840695701566782,-2.6636772990185746,2.766905621579216,1.0,0.0
6.550000000000001,-0.01156690988777228,-3.250433252063985,4.01902966426038,1.2372505415396382,-0.32121564886302617,1.1948261000939147,6.550000000000001,3.8448855048987602,-3.31734017787546,1.943810353412546,6.550000000000001,-0.01067683177272078,-3.0003111770959547,4.01902966426038,0.29097801735403966,-0.12327419102903124,0.26357480989166193,6.550000000000001,4.023600271814947,-3.370693793713552,2.1972215401206716,1.0,0.0
6.6000000000000005,-0.01084692896284835,-3.1184486891030505,4.049709280018092,1.2753132453755338,0.22875073079832367,1.2546302152385418,6.6000000000000005,4.027448719035139,-3.8317093727685667,1.2403009582739575,6.6000000000000005,-0.012139898867741299,-3.4901723648801535,4.049709280018092,0.31141733922587705,0.04399682448942207,0.3082937537566598,6.6000000000000005,4.197367995166236,-3.943560207905746,1.4374390329569517,1.0,0.0
6.65,-0.008548511982399159,-2.513943198091951,4.080388895775806,1.3069592977973905,0.7535342456591245,1.0678617638617756,6.65,4.202651434851934,-4.184189136004945,0.3934975946574778,6.65,-0.012983784611603055,-3.8182665096609973,4.080388895775806,0.3354415173795148,0.21043043263092198,0.2612279552510303,6.65,4.361267281992674,-4.329809740174553,0.5228765809149812,1.0,0.0
6.7,-0.008368875535496687,-2.5170481126825903,4.111068511533518,1.3302884675007052,1.1478150095411528,0.6724493368555122,6.7,4.369553737907558,-4.334083834983978,-0.5556232354685045,6.7,-0.0131226743072293,-3.9468148926652065,4.111068511533518,0.35839785706537897,0.33140599514783886,0.13645178756295734,6.7,4.51463022501254,-4.4872387014959845,-0.49656309205720156,1.0,0.0
6.75,-0.007072579994600133,-2.1751498755267877,4.1417481272912315,1.3438111339025864,1.3356194808211328,0.14815183445250618,6.75,4.52730058489063,-4.252041617166986,-1.5545393760953752,6.75,-0.012518486067917962,-3.850021269919207,4.1417481272912315,0.3772039514859101,0.37578418404876784,-0.03269660586951805,6.75,4.656851330965506,-4.387934622112162,-1.5595813767753859,1.0,0.0
6.800000000000001,-0.004994085249836716,-1.5703002132766586,4.172427743048944,1.346460964697084,1.2851077026261497,-0.4018150346912639,6.800000000000001,4.67511599393949,-3.923286916210771,-2.5425438698040597,6.800000000000001,-0.011183317127579572,-3.5163927710591008,4.172427743048944,0.39000659669268856,0.3330386933434682,-0.20295411846003222,6.800000000000001,4.787387070187231,-4.021279098461467,-2.597766227371664,1.0,0.0
6.8500000000000005,-0.004219314545186566,-1.3561683892136394,4.2031073588066565,1.3375887420191235,1.0131667900219807,-0.8732907295814246,6.8500000000000005,4.812299173567728,-3.3498146357731646,-3.454991351925578,6.8500000000000005,-0.00917848747972149,-2.9501414145555374,4.2031073588066565,0.3958390542773328,0.21487167691456177,-0.33244355814348003,6.8500000000000005,4.905755922934931,-3.3956359848740636,-3.5406351737561867,1.0,0.0
6.9,-0.0027903131546616043,-0.9166429841247291,4.23378697456437,1.3169439233510436,0.5793643621618279,-1.182657276267329,6.9,4.938222010712599,-2.5513106099481235,-4.228102505693602,6.9,-0.006610709241834777,-2.1716774823259013,4.23378697456437,0.3943805521964258,0.05121235632638956,-0.39104132071976316,6.9,5.011538697346559,-2.5385438354213488,-4.321031741453227,1.0,0.0
6.95,-0.0006320897553207531,-0.2121940320743457,4.264466590322082,1.2846478342922187,0.07121999116565736,-1.2826721213973786,6.95,5.052327493336024,-1.5646668955848055,-4.803939071822214,6.95,-0.003625012166038755,-1.2169251935431045,4.264466590322082,0.3858014687943666,-0.11810443308501627,-0.36727934356502756,6.95,5.1043789586799475,-1.4953574634675089,-4.8804293469188345,1.0,0.0
7.0,-0.0004839266556805566,-0.1659868428984309,4.295146206079795,1.2411608019554805,-0.41543491730933235,-1.1695699918307412,7.0,5.154128754230715,-0.44207879849526976,-5.135134813333418,7.0,-0.0003949920196163135,-0.13548226272839553,4.295146206079795,0.37066480687754055,-0.2536824635081483,-0.2702547072041511,7.0,5.183983454044826,-0.3264160324498672,-5.173696649937085,1.0,0.0
7.050000000000001,0.00028046966171552714,0.09827730569798275,4.325825821837508,1.187244696704401,-0.7964001664212513,-0.8805093666605306,7.050000000000001,5.243208502987419,0.7521670887712574,-5.188976785105995,7.050000000000001,0.002888857409754208,1.0122632196285755,4.325825821837508,0.34986439094634686,-0.32625630318639437,-0.12634047919572622,7.050000000000001,5.250122448152669,0.8970575301081234,-5.1729173111768265,1.0,0.0
7.1000000000000005,0.001953885043024932,0.6993169496340965,4.356505437595221,1.1239219603047548,-1.0150103924548548,-0.4826535776972179,7.1000000000000005,5.3192186715357215,1.945989051950524,-4.9504761271319095,7.1000000000000005,0.006031850682336625,2.158865709565784,4.356505437595221,0.32459033305369656,-0.3233623022494158,0.02820825758296883,7.1000000000000005,5.302629908090706,2.0980101472102515,-4.86993196712037,1.0,0.0
7.15,0.003958313820056428,1.4468661226007185,4.387185053352934,1.0524320603578128,-1.050890779062822,-0.056936913770646636,7.15,5.381880141660917,3.064567634656816,-4.4241450102610855,7.15,0.008847930689669409,3.2341476072807644,4.387185053352934,0.29631905515420215,-0.25149578983430426,0.15669987282413014,7.15,5.341403491638257,3.1991651754577926,-4.277374596715077,1.0,0.0
7.2,0.006389909388128391,2.385020899300146,4.417864669110647,0.9741863049783047,-0.9203026361389439,0.3195027616828893,7.2,5.4309824548937975,4.035769363156452,-3.6342999425985782,7.2,0.011171648962940624,4.169795632119663,4.417864669110647,0.2668269766922622,-0.13346172169689305,0.23105108597977655,7.2,5.366404306062078,4.128731510687728,-3.428100244855136,1.0,0.0
7.25,0.010062987944663372,3.8347845778499217,4.448544284868359,0.890722017278603,-0.6688007548965315,0.5882952169741766,7.25,5.466383429303001,4.795503140885211,-2.6238325826772013,7.25,0.012868423695019438,4.9038747734035795,4.448544284868359,0.23821725000085875,-0.0018342949685867722,0.23821018777529196,7.25,5.377656413899067,4.825752961479567,-2.3730353686198966,1.0,0.0
7.300000000000001,0.01423088083385748,5.536054569344737,4.479223900626073,0.8036571893998341,-0.35857383498407697,0.7192285331790257,7.300000000000001,5.488008626192739,5.292573758512149,-1.451517031203732,7.300000000000001,0.013843182042872297,5.385233148772054,4.479223900626073,0.21290941809020172,0.10964252082509582,0.18250736406684182,7.300000000000001,5.3752460697968285,5.244663509596175,-1.1776141057139995,1.0,0.0
7.3500000000000005,0.015475935894308667,6.144958289349632,4.509903516383785,0.7146469370013702,-0.05379632093571456,0.7126192534721623,7.3500000000000005,5.495850624075685,5.492632588109982,-0.1880460959056117,7.3500000000000005,0.014046082379017683,5.57721296710555,4.509903516383785,0.19345120995249662,0.17446902468651757,0.08356991119428239,7.3500000000000005,5.3593206786040355,5.358679196889721,0.08291803744752435,1.0,0.0
7.4,0.017947303654704455,7.272678176173959,4.540583132141498,0.6253434490272226,0.1925801175568641,0.5949515337933393,7.4,5.489968068652506,5.380895873882685,1.0889026537098805,7.4,0.013474942228833709,5.460369989736911,4.540583132141498,0.18193843793784328,0.17954088143626282,-0.02943921011766904,7.4,5.3300874699724545,5.161753996338925,1.3289575308626285,1.0,0.0
7.45,0.015750935696322976,6.5129114982144864,4.571262747899211,0.5373619006127209,0.3478709418008821,0.40956515974956054,7.45,5.470484476669618,4.96340019375908,2.30018671548107,7.45,0.012174428388203944,5.034048526541356,4.571262747899211,0.179089513100707,0.12763396641658378,-0.12562891514065808,7.45,5.287811889020035,4.668946609669129,2.4823158803264285,1.0,0.0
7.5,0.013466957751704074,5.6813728015001566,4.601942363656923,0.4522565191665823,0.4030795220876118,0.2050923158050923,7.5,5.437586779006208,4.266684140285913,3.3708687939840916,7.5,0.010232170610727237,4.316696976400553,4.601942363656923,0.18370638128929118,0.03580640435501522,-0.18018306228270065,7.5,5.2328157062958045,3.915177155910013,3.471850811007933,1.0,0.0
7.550000000000001,0.00951652959945471,4.095618137621526,4.632621979414636,0.3715150592997721,0.37070445584998424,0.024528467124552648,7.550000000000001,5.391523594563082,3.3359147086870298,4.2355872942362955,7.550000000000001,0.007772173919613815,3.344901746088539,4.632621979414636,0.1932157206231376,-0.0696615764858781,-0.18022091847901708,7.550000000000001,5.1654748535129,2.9524856081396758,4.238509077022509,1.0,0.0
7.6000000000000005,0.004552886665581852,1.9986079769104594,4.663301595172349,0.2965900678043302,0.2782427820747285,-0.1026967504037607,7.6000000000000005,5.332603231780222,2.231605028637747,4.843201030697734,7.6000000000000005,0.004946080759006124,2.171210747265473,4.663301595172349,0.20477218791592236,-0.1603425467995554,-0.12736528816638465,7.6000000000000005,5.086216994366537,1.8460260470254326,4.739387212233943,1.0,0.0
7.65,0.0013898632859915714,0.6222377972814794,4.693981210930062,0.22901163364602373,0.15952917320399548,-0.16430694216030617,7.65,5.261191419107165,1.025185785749151,5.160341970565978,7.65,0.0019229610547369803,0.8609041356927138,4.693981210930062,0.2159989108184948,-0.21288219895440705,-0.03656089226362394,7.65,4.995518842292984,0.6691318313332296,4.950502105443536,1.0,0.0
7.7,-0.0010791431754580447,-0.4926644713213875,4.724660826687775,0.17069338013273347,0.046259744012828355,-0.16430540497806345,7.7,5.177708769642743,-0.20621408514193268,5.1736006662985154,7.7,-0.0011217422180234448,-0.5121123400208973,4.724660826687775,0.22518770623151652,-0.21456200974531747,0.0683567627368505,7.7,4.893903239298295,-0.5021418717953421,4.868073793216801,1.0,0.0
7.75,-0.004744719812603872,-2.2085929365200303,4.755340442445488,0.12466002709921536,-0.03834716110972683,-0.11861541885944576,7.75,5.082627988559138,-1.3853591062762631,4.890182759032851,7.75,-0.004017227323637978,-1.8699565499765471,4.755340442445488,0.23123071270293954,-0.16591269178168894,0.1610609238855398,7.75,4.781936012023408,-1.5945558767226085,4.508248393677497,1.0,0.0
7.800000000000001,-0.007124006658922252,-3.380711608004874,4.7860200582032,0.09602426517845858,-0.08263274783242706,-0.048913070734983015,7.800000000000001,4.976470834909452,-2.440426059275596,4.3370015701995035,7.800000000000001,-0.006606810954199962,-3.1352753519375014,4.7860200582032,0.23349456309845215,-0.07989202766304983,0.2194014013456239,7.800000000000001,4.6602226230378445,-2.5428649155859,3.905318542367068,1.0,0.0
7.8500000000000005,-0.008850210656084597,-4.2811710333134,4.816699673960914,0.0893479529152806,-0.08620476449100083,0.02349032288416401,7.8500000000000005,4.859804852046652,-3.3100154604372465,3.5583002756432163,7.8500000000000005,-0.008756437857637283,-4.235809696275691,4.816699673960914,0.23171266913403804,0.021977314856620567,0.23066807032815173,7.8500000000000005,4.529404636984619,-3.294234871814651,3.108620751210749,0.9938441702975689,0.0
7.9,-0.011230230386026482,-5.536941559296111,4.847379289718626,0.10004675308499561,-0.05704401629372895,0.08219083287040511,7.9,4.733239883196733,-3.9472687398410335,2.6120163260129137,7.9,-0.010361598131758893,-5.108671981284274,4.847379289718626,0.2259071053520334,0.11537974658693811,0.19422032418382135,7.9,4.390156022647777,-3.8115708440993594,2.178393353736245,0.9755282581475768,0.0
7.95,-0.0120606021046562,-6.059968625930291,4.878058905476339,0.11805522401636144,-0.007340112020767106,0.1178268164429298,7.95,4.597424390760683,-4.322783674055264,1.565200414030902,7.95,-0.011352230956376169,-5.704040547311901,4.878058905476339,0.2163345031733565,0.17934620497377707,0.12097750214303045,7.95,4.243179313293527,-4.075526043915852,1.1809564556433612,0.9455032620941842,0.0
8.0,-0.013680927589983558,-7.0046349260715814,4.908738521234052,0.13741354858606966,0.0505066050231163,0.12779501627236897,8.0,4.453041599690752,-4.426124907290668,0.48887400589267077,8.0,-0.011695423434604503,-5.988056798517506,4.908738521234052,0.20344963725181409,0.20121436391664266,0.030075482564967008,8.0,4.08920164875935,-4.085076946776144,0.18362043223533336,0.9045084971874743,0.0
8.05,-0.013846051862448534,-7.222933145321386,4.9394181369917645,0.15625201395508187,0.10659890910154646,0.11424256843829858,8.05,4.300805486812325,-4.265846043683811,-0.5472525623349581,8.05,-0.011395853874992022,-5.944762556910074,4.9394181369917645,0.1878834605633106,0.17924453274107702,-0.05631689121105727,8.05,3.928970723748746,-3.8566720372875625,-0.7502611177976288,0.8535533905932737,0.0
8.1,-0.013524037237938727,-7.187227873767394,4.970097752749477,0.1746101812806829,0.1544600991719681,0.0814296823686469,8.1,4.141456639255849,-3.868064169003574,-1.4797779155356525,8.1,-0.01049406338795165,-5.576975540956412,4.970097752749477,0.1704356949608096,0.12237696051785,-0.11862632781632718,8.1,3.7632506676538178,-3.422079132200104,-1.5657043145362695,0.793892626146238,0.0
8.15,-0.011979118118434131,-6.484816231756783,5.00077736850719,0.1932636011907537,0.19032640911395146,0.03356601762210502,8.15,3.9757580062326774,-3.2737458726564737,-2.255934326479372,8.15,-0.00906276190669706,-4.906066117392822,5.00077736850719,0.15208449999205687,0.047358376097649306,-0.14452293711112968,8.15,3.5928178820042596,-2.82515950212576,-2.2196427912612653,0.7269952498697739,0.0
8.200000000000001,-0.009356071886169912,-5.158638643733734,5.031456984264903,0.21313962738994613,0.2115324725544451,-0.026124965434006112,8.200000000000001,3.8044905692424167,-2.5349657311300464,-2.8369168534609535,8.200000000000001,-0.007201711796623863,-3.9707934298809073,5.031456984264903,0.1340141426684647,-0.025891729752631855,-0.1314891963835063,8.200000000000001,3.418456862374272,-2.117877258021857,-2.6833641646015125,0.6545084971874732,0.0
8.25,-0.006083992076337188,-3.416256613239524,5.062136600022616,0.23498563846485065,0.21495834971241393,-0.0949271203273809,8.25,3.628448956444397,-1.7104752611048344,-3.199986907890528,8.25,-0.005031549458883167,-2.8252936391231933,5.062136600022616,0.11764480889104995,-0.0794164840441971,-0.08679471827864557,8.25,3.240956032336205,-1.3559034269963484,-2.9436918826867724,0.5782172325201166,0.0
8.3,-0.002130804673487101,-1.2183664118391695,5.092816215780329,0.25919578438812857,0.19640061317177637,-0.16914270244479218,8.3,3.4484370273698053,-0.8609664151018434,-3.339229666225697,8.3,-0.002685810056565912,-1.5357112748136534,5.092816215780329,0.10459062719946259,-0.10154914926902513,-0.025039360629101882,8.3,3.061103617934826,-0.5941923171856492,-3.0028804255133488,0.5000000000000001,0.0
8.35,0.0016150916982913012,0.9402787282998623,5.123495831538041,0.2857698480524094,0.15131889002412882,-0.24241905778581596,8.35,3.2652634544026315,-0.04442552939527401,-3.264961224730756,8.35,-0.0003024184424750895,-0.1760628382931697,5.123495831538041,0.09636949673512683,-0.08940281631879092,0.03597521834888779,8.35,2.8796835923308843,0.11710729185681014,-2.877301422189492,0.4217827674798863,0.0
8.4,0.0045978761271219925,2.7251795720497136,5.154175447295755,0.3143682529724376,0.07683672035500885,-0.30483358883500467,8.4,3.079737327528338,0.6880488710564918,-3.0018945280621163,8.4,0.0019847072106274595,1.1763439025677378,5.154175447295755,0.09374656452103369,-0.04901313738701312,0.07991327000553856,8.4,2.697471721985046,0.7360893578785921,-2.5950965585362815,0.34549150281252683,0.0
8.450000000000001,0.007109489005534517,4.289518189664384,5.184855063053467,0.344413536639971,-0.025667697698090516,-0.3434557519036944,8.450000000000001,2.8926638087549432,1.2956448911697502,-2.5862730378802583,8.450000000000001,0.004053422844333855,2.445637233229532,5.184855063053467,0.09615074913663128,0.006757607998972577,0.09591298813856038,8.450000000000001,2.515231748443439,1.23163065120013,-2.1930519116979843,0.27300475013022607,0.0
8.5,0.008950512710447318,5.496733618303459,5.21553467881118,0.3751959680825695,-0.14837923413882567,-0.344609369201988,8.5,2.704839862375293,1.7502127551016298,-2.062259438813157,8.5,0.005800023592091362,3.5619394884931075,5.21553467881118,0.10191911147752392,0.0618933498300523,0.08097356686711234,8.5,2.3337117441449915,1.5848775570581057,-1.713001352566246,0.20610737385376435,0.0
8.55,0.009874079356307491,6.171560026535206,5.246214294568893,0.405960445015089,-0.27627888818011265,-0.29744555613222723,8.55,2.517050086897439,2.037474410749701,-1.4779171713903874,8.55,0.007144431813986895,4.465458318130905,5.246214294568893,0.10914064816411255,0.10145781648331155,0.040224278192669646,8.55,2.1536406878997503,1.789622301648915,-1.1980902428524112,0.1464466094067263,0.0
8.6,0.007987296613784193,5.080367934977118,5.2768939103266055,0.4359686351367125,-0.38846451070457316,-0.19789890031534924,8.6,2.330062674079713,2.1570306882709125,-0.8811416883776502,8.6,0.008033653638895426,5.109853598941268,5.2768939103266055,0.11624831578572974,0.1152945525984524,-0.014860587610906717,8.6,1.9757253179057814,1.851610340656314,-0.6892239680891187,0.09549150281252737,0.0
8.65,0.0061568482614323605,3.9848022387048476,5.307573526084319,0.4645390967108189,-0.46164063915681547,-0.05181208982265096,8.65,2.1446255201646975,2.121234311675503,-0.31588544871876434,8.65,0.008443378612498931,5.464678122421517,5.307573526084319,0.12215518135988124,0.10030015474539067,-0.06972637442973902,8.65,1.8006473412412958,1.7869109997703996,-0.22199082507819673,0.0544967379058164,0.0
8.700000000000001,0.002541769480421878,1.6737628281662487,5.338253141842031,0.49107064814261625,-0.4751787055922828,0.12391763078291901,8.700000000000001,1.9614625142810875,1.9530914646185529,0.18102189305175626,8.700000000000001,0.008377625262869726,5.516691368475505,5.338253141842031,0.12618150508521442,0.06079047871330535,-0.11057255501876205,8.700000000000001,1.6290611159807247,1.619557368151601,0.1757101330778169,0.024471741852423023,0.0
8.75,-0.0014257234497266097,-0.9551233266723186,5.368932757599744,0.5150538534533043,-0.4165796865007508,0.3028891492807791,8.75,1.7812700293851036,1.683430487038465,0.5822239370680703,8.75,0.007866695058923295,5.270071103927129,5.368932757599744,0.12795217371091808,0.006987630996396687,-0.12776122952761199,8.75,1.461591989774686,1.3787129958295585,0.4851820480028185,0.0061558297024313195,0.0
8.8,-0.004324665342655219,-2.9471383403899387,5.399612373357457,0.5360743032054992,-0.28588976134871835,0.45347844812431204,8.8,1.6047136426422808,1.3476275231653918,0.8712094660237394,8.8,0.0069639652404948444,4.745747320370504,5.399612373357457,0.12731727673910045,-0.04787496921243013,-0.11797320152970996,8.8,1.298835606399857,1.095648520262805,0.6975157722216824,3.749399456654644e-33,0.0
,,,5.43029198911517,0.5538103021891522,-0.09772779303106163,0.5451193715876533,8.85,1.4324251160181511,0.9822019172558242,1.042650999490528,,,,5.43029198911517,0.12429809481494011,-0.09101709393839277,-0.08465166853425647,8.85,1.1413587433480497,0.800809887291648,0.8132670566505058,,0.0
,,,5.460971604872882,0.5680268416326797,0.11992214097141028,0.5552235341914378,8.9,1.2649996766484297,0.6215879533635169,1.101749789268864,,,,5.460971604872882,0.11905096927230635,-0.11324247379872741,-0.03673248443299426,8.9,0.9897027660888276,0.5212328332066442,0.8413250850837929,,0.0
,,,5.491651220630596,0.5785672895749555,0.3302308996907586,0.47506595484789527,8.950000000000001,1.102993656213682,0.2953559760117082,1.062713438835605,,,,5.491651220630596,0.111842941650251,-0.11097455326260736,0.013910144684587953,8.950000000000001,0.8443919413666656,0.2785095639127096,0.7971387416592665,,0.0
,,,5.522330836388308,0.5853439751036751,0.4945834639531638,0.3130731006877808,9.0,0.946922593563491,0.02609928956845763,0.9465628480375881,,,,5.522330836388308,0.10303603230894433,-0.08676035959284321,0.055579348298539444,9.0,0.7059516171059712,0.08744876703898626,0.7005143816067568,,0.0
,,,5.553010452146021,0.588328679852984,0.5806930646838794,0.09447856987485997,9.05,0.7972600140491098,-0.1718702275199094,0.7785140685266011,,,,5.553010452146021,0.09307962848740763,-0.04821886372921539,0.07961632006075878,9.05,0.5749485389941332,-0.04450387104925696,0.5732235409969826,,0.0
,,,5.583690067903734,0.5875439208517916,0.5699118377096429,-0.14285781801607494,9.1,0.6544373880220997,-0.2929575658606664,0.5852043740832612,,,,5.583690067903734,0.08251252294073891,-0.005802245002854851,0.08230826443907568,9.1,0.4520870056379596,-0.11709315964663868,0.43665988209436335,,0.0
,,,5.6143696836614465,0.5830557759816791,0.46195567049121766,-0.3557400685986996,9.15,0.5188466338284364,-0.33987468115017483,0.3920293745985963,,,,5.6143696836614465,0.07197688784337322,0.02998836149886016,0.06543218289367404,9.15,0.3384677120598986,-0.13640859781768064,0.309762952188406,,0.0
,,,5.64504929941916,0.5749688513528466,0.2757884000120881,-0.5045096019351706,9.200000000000001,0.3908495760804721,-0.32248588018844554,0.2208308135233131,,,,5.64504929941916,0.06224120982502929,0.05119797076482588,0.03539401065219025,9.200000000000001,0.2364137176227557,-0.11350225470018624,0.20738535159983246,,0.0
,,,5.675728915176872,0.5634238195348372,0.046273914845014884,-0.5615203693759837,9.25,0.27081247968983047,-0.2560724742450994,0.08812654021205957,,,,5.675728915176872,0.054202670666621204,0.05418759024932596,0.0012785031737747553,9.25,0.15267083054599737,-0.06264884390784738,0.1392246560657085,,0.0
,,,5.706408530934585,0.54859778159984,-0.18280092866798572,-0.5172459245411101,9.3,0.15927549972573077,-0.15922499713822208,0.004010623295004522,,,,5.706408530934585,0.04877156252020391,0.040195013597733725,-0.027622928746607593,9.3,0.10937942773842613,0.0005517963762585098,0.10937803588081443,,0.0
,,,5.737088146692298,0.5307075448696332,-0.36784804427045237,-0.38254191209324645,9.35,0.05880704150918945,-0.051593313860637244,-0.02822052614572075,,,,5.737088146692298,0.04651059783036107,0.014634498208131567,-0.044148240879267005,9.35,0.13152823153789867,0.0610286896794185,0.11651255180237156,,0.0
,,,5.767767762450011,0.5100157848678823,-0.47471220804594905,-0.18645219319316583,9.4,0.04968175502683283,0.04827630693416336,-0.011733497830769811,,,,5.767767762450011,0.04720144895170754,-0.014595220887500614,-0.04488826472905495,9.4,0.18736116217520243,0.10586781654365322,0.15458399177121118,,0.0
,,,5.798447378207723,0.48683999163669256,-0.48591350937023775,0.030020640704600875,9.450000000000001,0.13260821037883824,0.12481132020120339,0.04480035501545604,,,,5.798447378207723,0.04989206601147607,-0.03929471336907973,-0.030743190337623592,9.450000000000001,0.24810846753506727,0.12556745261767838,0.21398744473848605,,0.0
,,,5.829126993965437,0.46156408679235444,-0.40422499000592477,0.22280835637643873,9.5,0.21066773375755687,0.16682625197037587,0.12864639792882476,,,,5.829126993965437,0.053431451614093656,-0.05305240030265602,-0.006353175876361011,9.5,0.3053950655235184,0.11482164124090874,0.2829878738547964,,0.0
,,,5.859806609723149,0.43465259642461934,-0.25174839420274914,0.35432418149909023,9.55,0.280824556931045,0.16837074371959712,0.22475258493469544,,,,5.859806609723149,0.056884281201634836,-0.05271891073521793,0.02136674749976678,9.55,0.3567653100988465,0.07278728517698325,0.34926136002496844,,0.0
,,,5.890486225480862,0.40666714399503373,-0.0646944613961018,0.40148822233005266,9.600000000000001,0.34278784224620784,0.12896670849059919,0.3176020983761157,,,,5.890486225480862,0.05962310919929509,-0.03894311723521346,0.045148076045336494,9.600000000000001,0.4013882815187445,0.0028459441892494837,0.4013781921607632,,0.0
,,,5.921165841238575,0.37828446795350384,0.11492497010599753,0.3604044810223661,9.65,0.39656874404945397,0.05325286457030135,0.39297697282667654,,,,5.921165841238575,0.06127303082906249,-0.015708395793725332,0.05922525313214723,9.65,0.43900279279064325,-0.08807758595083644,0.4300764942787009,,0.0
,,,5.9518454569962875,0.35031350256303473,0.24876845260778432,0.24664510346874904,9.700000000000001,0.4422805712624888,-0.04988667818166417,0.43945810159362464,,,,5.9518454569962875,0.061640322259638704,0.010933876809377184,0.06066283595571076,9.700000000000001,0.4695983692316595,-0.19053632873023046,0.4292068683269637,,0.0
,,,5.982525072754001,0.3237051106351184,0.3106139855934149,0.09112601497414505,9.75,0.4800972500652726,-0.16858565765525232,0.4495244660229107,,,,5.982525072754001,0.06065975797722851,0.03454809964709681,0.04986015491983761,9.75,0.49329793000580624,-0.29378986379577227,0.39627056877703504,,0.0
,,,6.013204688511713,0.2995404309674367,0.2918558532895207,-0.06741387605533065,9.8,0.5102395140229228,-0.2894942931784923,0.42016355849530024,,,,6.013204688511713,0.05835973445564637,0.049954541454431935,0.030172875133321314,9.8,0.5103071695025133,-0.3870957073944458,0.3325211580673633,,0.0
,,,6.043884304269426,0.2789730138270865,0.2028297870750202,-0.19153594941647314,9.850000000000001,0.5329682218995835,-0.39934217870952354,0.3529602666849834,,,,6.043884304269426,0.054838952022277454,0.054413115081099854,0.006820818577900464,9.850000000000001,0.5208894750924774,-0.46092097652284963,0.24264727211188536,,0.0
,,,6.074563920027139,0.2630942345833789,0.0697386398994133,-0.25368306679002833,9.9,0.5485799291912697,-0.486397791949772,0.25368706450642053,,,,6.074563920027139,0.05025014156498728,0.048088392110807815,-0.014580235646191,9.9,0.5253517899329786,-0.5079492684093387,0.13409714354974903,,0.0
,,,6.105243535784852,0.2527126863258175,-0.07201545101905896,-0.24223434241356562,9.950000000000001,0.557403249140671,-0.5416773913401695,0.13146857367251616,,,,6.105243535784852,0.044788626509647184,0.03373892860057394,-0.02945684574943564,9.950000000000001,0.5240356056777644,-0.5237870043010521,0.01613970704167407,,0.0
,,,6.135923151542564,0.2481053111044848,-0.18645741881912986,-0.163676132547054,10.0,0.5597954913608979,-0.5597904895653499,-0.0023664192728483245,,,,6.135923151542564,0.03868559907050407,0.015777467847841873,-0.035322048125131435,10.0,0.5173105483222874,-0.5073111381561477,-0.10122061305988873,,0.0
,,,6.166602767300278,0.24887221927635392,-0.24555968295288572,-0.0404700337980566,10.05,0.5561393831654822,-0.5393532999162929,-0.13560616275482598,,,,6.166602767300278,0.03220879106604414,-0.0010023544587223542,-0.032193190389819465,10.05,0.5055693750231702,-0.46064175155652587,-0.2083496332712271,,0.0
,,,6.19728238305799,0.25400434545818545,-0.23565850465145438,0.0947801492775869,10.100000000000001,0.5468397988958332,-0.48295053538503824,-0.25650057705147616,,,,6.19728238305799,0.025679482774624264,-0.012676788538517239,-0.022332372644256637,10.100000000000001,0.4892238111971429,-0.3887640882121123,-0.29698892430335294,,0.0
,,,6.227961998815704,0.2621319931135835,-0.1603061985485571,0.2074008305687573,10.15,0.5323204729681139,-0.39667442394749225,-0.35498519310940524,,,,6.227961998815704,0.019532300270104677,-0.01710099575427811,-0.009437515459785661,10.15,0.468700959922356,-0.2988607544409522,-0.36105794450077233,,0.0
,,,6.258641614573416,0.27181074432499003,-0.03897220979958358,0.269002318937667,10.200000000000001,0.5130206952685015,-0.2893128010086878,-0.4236606388918895,,,,6.258641614573416,0.014483483147323157,-0.014273521291797571,0.00245720858117403,10.200000000000001,0.4444401867764048,-0.1994425724395146,-0.3971772147550191,,0.0
,,,6.2893212303311286,0.2817275577598076,0.09800008197195535,0.2641333010712503,10.25,0.48939199856608284,-0.1712914540655721,-0.45843621805503854,,,,6.2893212303311286,0.011771960499214038,-0.006112579035562946,0.010060588030977712,10.25,0.41689050594174837,-0.09938342107590753,-0.4048711271004834,,0.0
,,,6.320000846088842,0.290801863041472,0.21689826037304877,0.19370304126558308,10.3,0.46189485312342393,-0.053496515617020686,-0.4587864188909119,,,,6.320000846088842,0.012356774934349854,0.004242755691006295,0.011605555175199957,10.3,0.38650862004952974,-0.006969100967227593,-0.3864457853364432,,0.0
,,,6.350680461846554,0.29821286023761706,0.28877293905676327,0.07443856312167375,10.350000000000001,0.4309953864259399,0.05389093229185784,-0.4276128980014046,,,,6.350680461846554,0.01517410394375994,0.013379914224857556,0.007157606152302973,10.350000000000001,0.3537579524321817,0.0709370781110933,-0.3465726761562002,,0.0
,,,6.381360077604267,0.303390927141588,0.2962579660040232,-0.06540085818237677,10.4,0.39716214720228915,0.1424237741284463,-0.37074686746261537,,,,6.381360077604267,0.018605816779982118,0.018538209114548596,-0.001584683209834528,10.4,0.319109352399972,0.12952729607930372,-0.29163926066206164,,0.0
,,,6.41203969336198,0.3059976004075034,0.23749677700872954,-0.19295028469949438,10.450000000000001,0.3608629332964114,0.20617770888458994,-0.29616348354648914,,,,6.41203969336198,0.021803736652824927,0.018272676960922284,-0.011895890412555132,10.450000000000001,0.2830448654614108,0.16642235100955194,-0.22894976948781062,,0.0
,,,6.442719309119693,0.3059055273513116,0.12631527391462755,-0.27860840482648164,10.5,0.32256170280153773,0.2422271499155439,-0.21300718287893525,,,,6.442719309119693,0.024407644841289843,0.012708182033892025,-0.020838311738046504,10.5,0.2460675780403824,0.1817577208579053,-0.16587158849905387,,0.0
,,,6.473398924877405,0.30318209579057026,-0.011311377157932718,-0.3029710150406364,10.55,0.28271558735435937,0.25077234440597035,-0.13054246287799914,,,,6.473398924877405,0.02626608230122409,0.003357695140101554,-0.02605058469211038,10.55,0.20872455258760844,0.17798805495126246,-0.10902381000296997,,0.0
,,,6.504078540635119,0.2980767798841907,-0.14357863311604074,-0.2612181900608333,10.600000000000001,0.24177202571764406,0.2349210651128192,-0.05714722728069744,,,,6.504078540635119,0.027327742818279318,-0.0074036631588773084,-0.026305727501285715,10.600000000000001,0.17166075520749613,0.1594461313203354,-0.06359517344410877,,0.0
,,,6.534758156392831,0.29101042821648515,-0.2404079666204988,-0.16398499600920563,10.65,0.20016603482412826,0.20016529503948338,0.0005442048977102399,,,,6.534758156392831,0.02759975537543202,-0.01703504027508917,-0.021715291838006193,10.65,0.13575454014540403,0.13171750531969278,-0.032860218539243126,,0.0
,,,6.565437772150545,0.2825632398750408,-0.2804372791005473,-0.034596488540913746,10.700000000000001,0.15831763439490343,0.15362442125046705,0.0382623908800451,,,,6.565437772150545,0.027128773397073116,-0.023495091663547744,-0.0135628541889689,10.700000000000001,0.10249128781208579,0.10090943021418085,-0.017937418187386096,,0.0
,,,6.596117387908257,0.27345616660594924,-0.2558264624568981,0.09659759915034095,10.75,0.11662944030674634,0.1031485108188442,0.054431710078957536,,,,6.596117387908257,0.025990251766500473,-0.02570339846364864,-0.003850778402477304,10.75,0.07504328788154857,0.07290061682387952,-0.01780435684799845,,0.0
,,,6.62679700366597,0.2645178403662779,-0.1738131400525388,0.19939578786202136,10.8,0.07548444241875417,0.05638627667208428,0.05018454792393149,,,,6.62679700366597,0.024280904594347726,-0.02369816227308803,0.005287667992433302,10.8,0.06038432720185472,0.052656556867068736,-0.02955594678784302,,0.0
,,,6.657476619423683,0.25662714965439926,-0.054740715045417034,0.25072085684293977,10.850000000000001,0.03524400216568289,0.019921622679311305,0.029073504062596404,,,,6.657476619423683,0.022112548099165436,-0.018482885277258408,0.012138687542959877,10.850000000000001,0.06554484921287869,0.043684083907952344,-0.048865407718159726,,0.0
,,,6.6881562351813955,0.2506238440901031,0.0728918062062612,0.23978969080110418,10.9,0.0037558120640732097,-0.0014292628169951629,-0.00347323078136091,,,,6.6881562351813955,0.019606715302432912,-0.011639985980045819,0.015777642768645565,10.9,0.08518172696144811,0.047680178173700426,-0.07058701876024287,,0.0
,,,6.718835850939108,0.2471909773305349,0.17913585145098898,0.1703341598111026,10.950000000000001,0.0411976471993501,-0.005089689813959742,-0.04088203997307123,,,,6.718835850939108,0.016889936905893996,-0.004844374768982695,0.016180296714916075,10.950000000000001,0.1102054727867234,0.06440608944305891,-0.08942651662006033,,0.0
,,,6.749515466696821,0.2467340368455879,0.2394657754880729,0.05944600329724272,11.0,0.0767995049537865,0.00907925849051804,-0.07626094037191669,,,,6.749515466696821,0.014089893123005215,0.0005775046381252299,0.01407805301207001,11.0,0.13618426880311313,0.09179148587378787,-0.1006005874263206,,0.0
,,,6.780195082454534,0.24929976759950107,0.24024139407504932,-0.06659164135266604,11.05,0.11030163645616818,0.038864660990416154,-0.10322785055889092,,,,6.780195082454534,0.011333010440633175,0.003927210669461787,0.010630810975892952,11.05,0.1613098537980823,0.12624751957866553,-0.10041131775150225,,0.0
,,,6.810874698212247,0.254571841615924,0.18155977415106372,-0.17844570870138016,11.100000000000001,0.14147411414511873,0.08005099147504215,-0.11664803357540503,,,,6.810874698212247,0.008744814655079128,0.005195706012925467,0.007033947851593503,11.100000000000001,0.18473963942013927,0.163145240104645,-0.08667390036383966,,0.0
,,,6.84155431396996,0.2619459578107716,0.07693268525564143,-0.2503937833748253,11.15,0.17011637333480562,0.12698360962997216,-0.11320222330824517,,,,6.84155431396996,0.006455950411693883,0.004919182403591671,0.004181021430038896,11.15,0.20601462224084233,0.19739901949428668,-0.058954657828972225,,0.0
,,,6.872233929727672,0.2706497655821231,-0.05003265595717376,-0.26598501639665584,11.200000000000001,0.19605767711530173,0.17327575358604666,-0.0917285450393472,,,,6.872233929727672,0.004618292688639686,0.003900292893069828,0.0024731240782079195,11.200000000000001,0.22485575403196914,0.2240852026930998,-0.0185992487826198,,0.0
,,,6.902913545485386,0.2798625448355196,-0.17110133380934373,-0.2214664253797328,11.25,0.21915736807732902,0.21257509414889428,-0.0533083607905046,,,,6.902913545485386,0.003417125172495578,0.002897383127872128,0.0018116057669440274,11.25,0.24108432361834398,0.23902482980895054,0.031444901483652886,,0.0
,,,6.933593161243098,0.2888058948388177,-0.2597292029893982,-0.126291670383055,11.3,0.23930489618176032,0.23930238876281137,-0.0010954765973610692,,,,6.933593161243098,0.002956598981571525,0.0023822133315369127,0.001751153100353473,11.3,0.2545870104603953,0.23926584458822137,0.08698506485970173,,0.0
,,,6.964272777000811,0.2967989616910943,-0.2967981093765376,-0.0007112885662482832,11.350000000000001,0.2564196257943383,0.2492809539331094,0.060083529346298174,,,,6.964272777000811,0.0029941544397602254,0.002434393417702007,0.0017431837243919559,11.350000000000001,0.26529881841353353,0.2234136947551573,0.14307265303847014,,0.0
,,,6.994952392758524,0.30328504048096494,-0.2745268693716159,0.128906220845079,11.4,0.2704504277645714,0.2401905463400774,0.12430581372926532,,,,6.994952392758524,0.003112315320310526,0.002790498464758499,0.0013782688312590089,11.4,0.2731938373847611,0.19177790943039985,0.19456645712844917,,0.0
,,,7.0256320085162365,0.30783962979276774,-0.19777882101604885,0.23589992714803878,11.450000000000001,0.2813750641526286,0.21180088407710262,0.18523582869157248,,,,7.0256320085162365,0.0030631749447654955,0.003014251668742931,0.0005452775620906767,11.450000000000001,0.2782796831919815,0.14632386274858322,0.23670426541945402,,0.0
,,,7.056311624273949,0.31016811345837714,-0.08259895048132117,0.2989676771587741,11.5,0.2891993746720134,0.16596585764231345,0.23683667876352035,,,,7.056311624273949,0.002770473441241605,0.002717179954559153,-0.0005407921811260042,11.5,0.28059376022597554,0.09044101109431396,0.2656186774117935,,0.0
,,,7.086991240031662,0.310098256060654,0.047569835851154645,0.306427869373778,11.55,0.29395627525227647,0.10638651394421186,0.27402956302375503,,,,7.086991240031662,0.002266122867683581,0.0017472589862339348,-0.0014430519347768532,11.55,0.28020046331083437,0.028558969078155468,0.2787412508488817,,0.0
,,,7.117670855789375,0.3075703392405213,0.16705922676453763,0.25824548076077564,11.600000000000001,0.29570458035997343,0.03817614829452758,0.29322991073091814,,,,7.117670855789375,0.0017177555474967485,0.00027850862599023747,-0.0016950271579549646,11.600000000000001,0.27718887939432624,-0.03434128566568122,0.275053360202544,,0.0
,,,7.148350471547088,0.3026263124691724,0.25335598164151646,0.1655096117002053,11.65,0.29452766185246765,-0.032718397334569535,0.2927047148102312,,,,7.148350471547088,0.0015899462114155156,-0.0012289774932703285,-0.0010087335010940854,11.65,0.2716707681717742,-0.0932636397333609,0.2551605372755116,,0.0
,,,7.179030087304801,0.2953985610568556,0.2915351313370388,0.04761908305245265,11.700000000000001,0.29053195818110134,-0.1001709871013919,0.2727170549629744,,,,7.179030087304801,0.0022589669866684547,-0.0021839364150127777,0.0005773678048169084,11.700000000000001,0.26377871774273565,-0.1437196241809098,0.22118743535585345,,0.0
,,,7.209709703062513,0.2860985283069077,0.27686687027635737,-0.07209094286214561,11.75,0.2838453487157479,-0.15853156737129187,0.23544834706229317,,,,7.209709703062513,0.0033806648912829704,-0.0020799822388067758,0.0026650645383182845,11.75,0.25366444283523604,-0.18218030060688623,0.17651058786853355,,0.0
,,,7.240389318820227,0.27500526334354636,0.2151666676563084,-0.17126353960003574,11.8,0.27461540885062746,-0.2032104411299565,0.18471366867117808,,,,7.240389318820227,0.004646150787996957,-0.0006980887176054906,0.00459340715451577,11.8,0.24149724794110883,-0.20640950881664946,0.12536361287550266,,0.0
,,,7.271068934577939,0.26245387189162156,0.12096797394758319,-0.2329136839044038,11.850000000000001,0.26300756241178214,-0.23112930402648796,0.12550785914044899,,,,7.271068934577939,0.005911013953057088,0.001775604198761274,0.0056380240938272794,11.850000000000001,0.22746273592427943,-0.21564543084705176,0.072362589705924,,0.0
,,,7.301748550335652,0.24882374392906637,0.01405170835351496,-0.24842665926833488,11.9,0.24920314880273714,-0.24099352825850537,0.0634375969809396,,,,7.301748550335652,0.007087437747733261,0.0047611358087606605,0.005250081869697966,11.9,0.21176192656859227,-0.21061533430726662,0.022006692133989245,,0.0
,,,7.332428166093365,0.2345262676016607,-0.08482845047038007,-0.2186474426696092,11.950000000000001,0.23339742346976225,-0.2333613117588168,0.004105539736481642,,,,7.332428166093365,0.008111401064942386,0.007428571440827973,0.0032574765670474876,11.950000000000001,0.194611096663363,-0.19338738855994161,-0.02178983456759093,,0.0
,,,7.3631077818510775,0.2199914842743494,-0.15808502373665834,-0.1529881643246022,12.0,0.21579751201642863,-0.21050848913313686,-0.0474841257197041,,,,7.3631077818510775,0.008935072229171738,0.0089349851229852,-3.9453675990598936e-05,12.0,0.17624294219123357,-0.16708145311475195,-0.056083533209717075,,0.0
,,,7.39378739760879,0.20565280912516007,-0.19446732041816636,-0.06689947077853259,12.05,0.1966203415047978,-0.1761104145676788,-0.08743386400167619,,,,7.39378739760879,0.00952554885960815,0.00868418610804702,-0.0039142039698494635,12.05,0.15691027767831872,-0.1354757500763801,-0.07916537363222183,,0.0
,,,7.424467013366503,0.19192864615035213,-0.1907047806944942,0.021640051602802232,12.100000000000001,0.176090579242127,-0.1347819006795495,-0.11332136315380195,,,,7.424467013366503,0.009865354753994093,0.006529102266976506,-0.0073956776572208765,12.100000000000001,0.13689489269025318,-0.10255677355303024,-0.09067700834869007,,0.0
,,,7.455146629124216,0.17919975657088985,-0.1514300019870829,0.09582018186821735,12.15,0.1544386252488494,-0.0915306617278199,-0.12439223019313528,,,,7.455146629124216,0.009953505360001717,0.0028515222021527494,-0.009536303795612473,12.15,0.11652764957761996,-0.07206463416289911,-0.09157172936584798,,0.0
,,,7.485826244881929,0.16778210671807187,-0.08755902218903207,0.1431232090475023,12.200000000000001,0.13189874616143238,-0.05118761653255409,-0.12156112517031985,,,,7.485826244881929,0.009806899473417483,-0.001511059879305172,-0.00968978716602539,12.200000000000001,0.09623514921241641,-0.04708491259346824,-0.0839298215773244,,0.0
,,,7.516505860639642,0.15789715803638305,-0.01360256431099104,0.15731014830624207,12.25,0.10870756149579465,-0.01787807044114272,-0.10722736835185089,,,,7.516505860639642,0.009462109946632897,-0.005476767913548922,-0.007715992344688414,12.25,0.07665467803470072,-0.029731302500458662,-0.07065401132440995,,0.0
,,,7.547185476397354,0.14964505072453838,0.05545120388302922,0.13899210479114413,12.3,0.08510352431623609,0.005408651609748814,-0.08493148025796177,,,,7.547185476397354,0.008977621190274412,-0.008012492692677486,-0.004049400336575041,12.3,0.05893347543611835,-0.020951780975682278,-0.055083367734068356,,0.0
,,,7.577865092155068,0.14298921147148722,0.10702503296268702,0.09482382040697078,12.350000000000001,0.06132995554346008,0.017106195476915248,-0.058896022983460895,,,,7.577865092155068,0.00843587406689053,-0.00842665648119885,0.00039424842460762677,12.350000000000001,0.04544625537300924,-0.020476177111360513,-0.04057201373278096,,0.0
,,,7.60854470791278,0.13776055836420928,0.13307403965181047,0.035626835553653695,12.4,0.03765676275060869,0.017187141129183046,-0.033505730266048146,,,,7.60854470791278,0.007942228979784256,-0.0065770862755974045,0.004452071123721311,12.4,0.04035920029639089,-0.026906568549721673,-0.03008158269511973,,0.0
,,,7.639224323670493,0.13368382637132223,0.13111631267229554,-0.02607446997541203,12.450000000000001,0.014626077272100602,0.007100152354420258,-0.012787101818374572,,,,7.639224323670493,0.007613697452486422,-0.002931733621711633,0.0070266156056329005,12.450000000000001,0.045896497846086286,-0.037935801487402256,-0.025833379183610724,,0.0
,,,7.669903939428206,0.13041997199295025,0.1041013848647895,-0.07856380059464349,12.5,0.01045943088555289,-0.010459291458339971,5.40059177705449e-05,,,,7.669903939428206,0.007549167233930942,0.0015393802757211797,0.007390550337598489,12.5,0.058406836694828,-0.05066539499071057,-0.029058154159058117,,0.0
,,,7.7005835551859185,0.12761277594217926,0.05927952263038161,-0.11300866683747278,12.55,0.032053352403564765,-0.03191393104385301,0.0029863699762932984,,,,7.7005835551859185,0.007788541386659748,0.005615074843697324,0.005397435634761125,12.55,0.07369896841265805,-0.06198366680155157,-0.039869323983787355,,0.0
,,,7.731263170943632,0.1249282779793381,0.006405548697108746,-0.12476395146344052,12.600000000000001,0.05346208221483227,-0.05326052661299323,-0.004637945628414014,,,,7.731263170943632,0.00829368565016376,0.008149955075860254,0.0015373528954641265,12.600000000000001,0.08963990746558385,-0.0689591733661905,-0.057270807739110155,,0.0
,,,7.761942786701344,0.12208096399154673,-0.044307003423979426,-0.11375698315572898,12.65,0.0739244119539981,-0.07056245567119918,-0.022039930408113095,,,,7.761942786701344,0.008971048902158017,0.008388014559867537,-0.0031813409355743016,12.65,0.10524691752838494,-0.06920400995603762,-0.0792951363907731,,0.0
,,,7.792622402459057,0.11884641123669853,-0.08407514763219755,-0.08399904174731192,12.700000000000001,0.09321766880465128,-0.0804224307266343,-0.04713561724846047,,,,7.792622402459057,0.009711326726208794,0.006175848728508481,-0.007494581994064605,12.700000000000001,0.12001018252574357,-0.06116609256817628,-0.10325285966889042,,0.0
,,,7.82330201821677,0.11506354384006069,-0.10695769985729371,-0.04242251244646692,12.75,0.11117755589071894,-0.08038233465205158,-0.07680578890760462,,,,7.82330201821677,0.010416212804468878,0.002015163075820338,-0.010219423025094505,12.75,0.13362561644936272,-0.04431859725478114,-0.1260621565293911,,0.0
,,,7.853981633974483,0.11063052983474822,-0.1105984643080305,0.0026634234027696543,12.8,0.1276652725047658,-0.06920666773099501,-0.10727935004131862,,,,7.853981633974483,0.011008121371276117,-0.0030619579304385428,-0.010573700854335273,12.8,0.1458917618909918,-0.019227136729892146,-0.14461923592948442,,0.0
,,,7.884661249732195,0.1054977607724647,-0.09625630471504852,0.04317987182250453,12.850000000000001,0.14256177679269869,-0.04702021562238464,-0.1345843955483536,,,,7.884661249732195,0.011431153881393763,-0.0077628737168261835,-0.008391011304766126,12.850000000000001,0.15666673667844463,0.012510464939029856,-0.15616643252787205,,0.0
,,,7.915340865489909,0.0996603636744655,-0.06820654365692924,0.07266399032603514,12.9,0.15576652126714657,-0.01528759775978952,-0.15501451061885563,,,,7.915340865489909,0.011649590757161054,-0.010877093307021747,-0.004171547194947574,12.9,0.16584858495250657,0.0484424273120615,-0.15861615418003436,,0.0
,,,7.946020481247621,0.09315188261629867,-0.03269186426520308,0.0872268034827955,12.950000000000001,0.1671972198206,0.023359627586218987,-0.16555735596696147,,,,7.946020481247621,0.011646400315366316,-0.011599326166927725,0.0010460749394715317,12.950000000000001,0.173365531456225,0.0855368154402127,-0.15079476350804205,,0.0
,,,7.976700097005334,0.08604033964087572,0.0033502827081466047,0.08597508738752607,13.0,0.17678984607128823,0.06542567079934274,-0.16423803236268333,,,,7.976700097005334,0.01142240490017016,-0.009745363504334553,0.005958122512320086,13.0,0.1791707430659141,0.12051813111999565,-0.13258029733763363,,0.0
,,,8.007379712763047,0.07842791251024647,0.033551794421070716,0.07088874770964065,13.05,0.18449862456942615,0.10694637011097845,-0.15034033520015735,,,,8.007379712763047,0.010996204654859636,-0.005802243854776983,0.009340796703775299,13.05,0.18323926196352494,0.15022758049414153,-0.10492045169466983,,0.0
,,,8.03805932852076,0.07045606848774061,0.053168228214790565,0.04622982906359425,13.100000000000001,0.190295932035674,0.14393192959773143,-0.12448349847108067,,,,8.03805932852076,0.010404899162727459,-0.0007990702057854831,0.010374170491791259,13.100000000000001,0.18556602699474034,0.1719660877936846,-0.06973101909155968,,0.0
,,,8.068738944278472,0.06231944242433246,0.059776569783118016,0.017620289698064312,13.15,0.1941720778881351,0.17280603675177544,-0.08854868431286847,,,,8.068738944278472,0.009705588290199638,0.003966637504395265,0.00885800378006158,13.15,0.1861644518144654,0.1837819433764616,-0.02968838843978364,,0.0
,,,8.099418560036185,0.054294351207399644,0.05353645286913883,-0.009040176282735636,13.200000000000001,0.19613495363205707,0.19079236638526775,-0.04546639380200425,,,,8.099418560036185,0.0089770844807032,0.007273302992758716,0.005261854174072989,13.200000000000001,0.1850652892121146,0.18467200455018962,0.01205869008550954,,0.0
,,,8.130098175793899,0.04679046488358205,0.03700387758058498,-0.028636701067385632,13.25,0.1962095498209356,0.19620641719754045,0.0011087341606188558,,,,8.130098175793899,0.00831934450819261,0.008297913257759804,0.0005967651235525141,13.25,0.1823156430162509,0.17467572518115004,0.05222436903274539,,0.0
,,,8.160777791551611,0.04042647702454,0.014550541688417032,-0.03771712848546795,13.3,0.19443734405046792,0.18862210413804087,0.047197273140914646,,,,8.160777791551611,0.007844133107073395,0.006830832649664148,-0.0038561832832176403,13.3,0.17797806166082522,0.1548537382005655,0.08772975662712869,,0.0
,,,8.191457407309324,0.03607063378747914,-0.008504325701472044,-0.03505377392227139,13.350000000000001,0.19087556634186342,0.1688971627684725,0.08892260812126018,,,,8.191457407309324,0.007648250951122868,0.003326279916322048,-0.006887060659644609,13.350000000000001,0.17212969315045884,0.1271558116349457,0.11601737297288425,,0.0
,,,8.222137023067036,0.03463127532297435,-0.02690356119899617,-0.021806504197315075,13.4,0.18559635036109018,0.13905750976543008,0.12291873024561333,,,,8.222137023067036,0.00777349206947986,-0.0012235981979365918,-0.007676586898112507,13.4,0.1648615170576421,0.09419526168582555,0.13530178299817805,,0.0
,,,8.252816638824749,0.036458374299324026,-0.036436443521370356,-0.001264373387729612,13.450000000000001,0.17868578073205446,0.10205642083578124,0.14667343045696368,,,,8.252816638824749,0.008184053674418146,-0.00555588643088231,-0.006009231274705193,13.450000000000001,0.15627770764480348,0.05895698033359788,0.14473008110499497,,0.0
,,,8.283496254582463,0.04100317211744326,-0.03473279233381316,0.021792045805497155,13.5,0.1702428486148724,0.06143798937267555,0.1587702773391461,,,,8.283496254582463,0.00878594645331638,-0.008472866131692899,-0.0023245202935130746,13.5,0.14649523707586384,0.02447303994781321,0.14443657709052196,,0.0
,,,8.314175870340176,0.047290224921547344,-0.02172771091785052,0.042003237391906555,13.55,0.16037833019967798,0.02094434550556443,0.15900485272148296,,,,8.314175870340176,0.009467538524138137,-0.009156958217358298,0.002405078358722239,13.55,0.1356439219770278,-0.006497316554631578,0.13548822253944773,,0.0
,,,8.344855486097888,0.05446446714258314,0.0002924038112798827,0.05446368222161138,13.600000000000001,0.1492136066430151,-0.015888493540000853,0.1483652795651523,,,,8.344855486097888,0.010128386368353868,-0.007381647203420213,0.006935091563266847,13.600000000000001,0.123867297307066,-0.03174783578568512,0.11972962150229262,,0.0
,,,8.3755351018556,0.06192863252743887,0.02708339635153025,0.05569241572049535,13.65,0.13687945103157012,-0.046101006228727814,0.12888243223730222,,,,8.3755351018556,0.010689612192061297,-0.0035642356662562726,0.010077898239814304,13.65,0.1113250750295942,-0.04983539166247648,0.09954750658952913,,0.0
,,,8.406214717613313,0.06928291116673921,0.05321936393811984,0.04436012941550358,13.700000000000001,0.12351482243378896,-0.06760642848661587,0.10336963861857365,,,,8.406214717613313,0.011094352963548397,0.0013509517445462766,0.011011793544364264,13.700000000000001,0.09819877088954344,-0.060198487372306944,0.07758312137509837,,0.0
,,,8.436894333371026,0.07625148339401666,0.07312023662967392,0.021626828593404347,13.75,0.10926573999851183,-0.07938172609561597,0.07508357676285134,,,,8.436894333371026,0.011305393776804598,0.006145277081954847,0.009489336016529959,13.75,0.08470403685556475,-0.06317330284675858,0.05642612574916514,,0.0
,,,8.46757394912874,0.08263561043465473,0.08214510878137506,-0.008990284489607429,13.8,0.09428439300884671,-0.08153458017947057,0.04734616140727935,,,,8.46757394912874,0.011302850798789045,0.009645551206521243,0.005892179401720787,13.8,0.07111819067106265,-0.05990823962895574,0.038324924903843434,,0.0
,,,8.498253564886452,0.0882880000614851,0.07754264715202278,-0.04221266193352045,13.850000000000001,0.07872887883622287,-0.07524198153796094,0.02317068356889382,,,,8.498253564886452,0.011082588770314426,0.011025736645121248,0.0011211178726297606,13.850000000000001,0.05784471155751769,-0.05218931861268317,0.024945654489635316,,0.0
,,,8.528933180644165,0.0930995336747684,0.05906698316497273,-0.07196259215903889,13.9,0.06276474506296491,-0.06257050965675351,0.004934019062903375,,,,8.528933180644165,0.010655412155378198,0.010012095132593664,-0.003646335044517399,13.9,0.04557145779743184,-0.042198549550679997,0.01720581824854361,,0.0
,,,8.559612796401877,0.0969925906195662,0.0291245026755318,-0.09251662541942232,13.950000000000001,0.04657274353984847,-0.046201416167058376,-0.0058693768823252675,,,,8.559612796401877,0.010047034128921068,0.006940477311091884,-0.00726447998702753,13.950000000000001,0.03563826745229233,-0.03223445194872345,0.015199546525030198,,0.0
,,,8.59029241215959,0.09991776995009834,-0.007595032602144719,-0.09962869180900216,14.0,0.030385713768505795,-0.029093810959805344,-0.008765943477839287,,,,8.59029241215959,0.009298967303772866,0.002654502061870404,-0.008912037461779578,14.0,0.030474546041272903,-0.024427527857979088,0.018220698097749094,,0.0
,,,8.620972027917304,0.1018522778050957,-0.04494719825220768,-0.09139822680644921,14.05,0.014771563024962221,-0.014125481760309248,-0.00432086093731351,,,,8.620972027917304,0.008470558485934376,-0.0017246647759913377,-0.008293123203841218,14.05,0.032226107448720696,-0.020483332383989975,0.02487880816565535,,0.0
,,,8.651651643675017,0.10279903077575585,-0.07646997575187019,-0.06870213633463798,14.100000000000001,0.007046313487259121,-0.0037525471039099117,0.005963968812264794,,,,8.651651643675017,0.007641941452509,-0.00509350430345998,-0.005696971394891327,14.100000000000001,0.03962148989180144,-0.021481952530326868,0.033292464263417136,,0.0
,,,8.682331259432729,0.1027859425045829,-0.09660980658053629,-0.03509266659897459,14.15,0.019859445421115153,0.00027384684918885943,0.01985755726008214,,,,8.682331259432729,0.006915396705513504,-0.006647791902245808,-0.001905144199020665,14.15,0.04979018222580501,-0.02775569588130327,0.041336226148784724,,0.0
,,,8.713010875190442,0.1018650875419093,-0.10179305888324934,0.003830042181514519,14.200000000000001,0.034807996418514155,-0.0028972043118409814,0.034687214097513575,,,,8.713010875190442,0.006406585242989752,-0.006078167922138427,0.0020248973272690885,14.200000000000001,0.06091470534276921,-0.03885746066085481,0.046911609202696464,,0.0
,,,8.743690490948154,0.10011156053268946,-0.09112568552366268,0.041453998481845895,14.25,0.04944635121198524,-0.013129558799027864,0.04767133660725137,,,,8.743690490948154,0.006212057772553734,-0.0036319226907225747,0.005039722148904615,14.25,0.07210783066830197,-0.05362170484171843,0.048210496922933076,,0.0
,,,8.774370106705868,0.09762191139799987,-0.06657655583380995,0.0713974775346197,14.3,0.06344502505879807,-0.029329471747494167,0.05625880634820166,,,,8.774370106705868,0.006358849614842797,-2.9769278931900668e-05,0.006358779931261834,14.3,0.08291080781276129,-0.07030936719220121,0.04394081174940739,,0.0
,,,8.80504972246358,0.09451205609907591,-0.03260430181901896,0.0887101361230451,14.350000000000001,0.07663901738831785,-0.04958578910128522,0.05843619174321467,,,,8.80504972246358,0.00678423442036957,0.0037354995549422265,0.005663204017652345,14.350000000000001,0.09305379734284767,-0.08681870802431058,0.03348911967958063,,0.0
,,,8.835729338221293,0.09091454403877758,0.004698554625245608,0.09079304985632111,14.4,0.08890460534027436,-0.07140298646024919,0.05296831482374545,,,,8.835729338221293,0.007372971565369576,0.0066619147787912916,0.0031590506776356833,14.4,0.1023588531655649,-0.10093686693150006,0.01700246204002004,,0.0
,,,8.866408953979006,0.0869750100427963,0.038771480885141325,0.07785515167230514,14.450000000000001,0.10013835770692131,-0.09199898415015947,0.03954589232244015,,,,8.866408953979006,0.008007919228342243,0.00799253780959819,-0.0004960944766844431,14.450000000000001,0.11069914484881362,-0.1106027451365961,-0.004618813538971394,,0.0
,,,8.897088569736718,0.08284756038301436,0.06382655623699972,0.052819399659048784,14.5,0.11025186608620519,-0.10863285119608175,0.018824920092804644,,,,8.897088569736718,0.008594730880957262,0.007395951060949434,-0.004378276695244526,14.5,0.11798052431107169,-0.11415102761914259,-0.02981521440823666,,0.0
,,,8.92776818549443,0.07868876898486307,0.0759158027080032,0.020705392137138658,14.55,0.11917021649379375,-0.11892473994063503,-0.007645046058069367,,,,8.92776818549443,0.00906493219582418,0.005030035334052152,-0.007541335442285846,14.55,0.12413256620156965,-0.1105097914378963,-0.05653742113096187,,0.0
,,,8.958447801252145,0.07464996367416786,0.07361651315942207,-0.01237845171268279,14.600000000000001,0.1268315658514699,-0.12113190664519849,-0.03759397942270366,,,,8.958447801252145,0.009371788645059097,0.0014783287469803039,-0.009254456576347974,14.600000000000001,0.12910390824669138,-0.09932984247740806,-0.08247061002553217,,0.0
,,,8.989127417009858,0.07086768807951097,0.05820810190099672,-0.040423335918971876,14.65,0.1331870626845541,-0.11435022405523387,-0.06828484403626585,,,,8.989127417009858,0.00948581367486074,-0.0024181419915382946,-0.009172417913665633,14.65,0.13285965779746367,-0.08103198597899025,-0.10528772919177179,,0.0
,,,9.01980703276757,0.06745277657612334,0.0333206994619364,-0.0586481717975567,14.700000000000001,0.13820084881967085,-0.09861948421882351,-0.09681772537552584,,,,9.01980703276757,0.009391437288550727,-0.005784687437214712,-0.007398411018489804,14.700000000000001,0.13537983305209217,-0.05676791585722372,-0.12290281903373704,,0.0
,,,9.050486648525283,0.0644794095609532,0.0041434849455776225,-0.06434614044241438,14.75,0.1418500387286571,-0.07492196644519149,-0.12044970913749488,,,,9.050486648525283,0.009084676994387492,-0.007931702085272262,-0.0044293857500607246,14.75,0.1366583344983717,-0.028300211048657545,-0.13369591782276036,,0.0
,,,9.081166264282995,0.06197653501526081,-0.023633352690827707,-0.05729359068071049,14.8,0.14412463255053473,-0.0450759116518474,-0.1368943822681614,,,,9.081166264282995,0.008571411152503821,-0.008512288577931723,-0.0010050036374461638,14.8,0.13670218895848543,0.0021840556262566328,-0.13668474079816983,,0.0
,,,9.11184588004071,0.0599244620883319,-0.04492251533894119,-0.039659913920714975,14.850000000000001,0.14502734371357562,-0.011537317950171181,-0.14456770289083334,,,,9.11184588004071,0.007865952278775032,-0.007581889336340422,0.002094793389204175,14.850000000000001,0.13553093196724714,0.03230436071289882,-0.1316247005650592,,0.0
,,,9.142525495798422,0.0582585488330102,-0.05616971469002956,-0.01546032547422311,14.9,0.14457333374873324,0.022866460997241607,-0.14275354213708408,,,,9.142525495798422,0.006989740065827229,-0.005550872958060738,0.004247855410827971,14.9,0.13317606057644593,0.059736029999506474,-0.11902718105777041,,0.0
,,,9.173205111556134,0.05687975960046307,-0.0559362987809092,0.010316856638498314,14.950000000000001,0.14278985304445618,0.05524057335521781,-0.1316716415476172,,,,9.173205111556134,0.005970063643408485,-0.003049634692444913,0.005132386204192375,14.950000000000001,0.1296805284007449,0.08244978872082788,-0.10009531350761255,,0.0
,,,9.203884727313847,0.05566956072989126,-0.045039700264272266,0.03271888433250076,15.0,0.13971579003604623,0.08292955350158417,-0.11244194564940808,,,,9.203884727313847,0.004838786728193954,-0.000747519400470354,0.004780697830533362,15.0,0.1250982832126031,0.09891512229131685,-0.07658576267710916,,0.0
,,,9.23456434307156,0.05450552565287762,-0.0262507587872561,0.04776766678193312,15.05,0.13540113404743098,0.10379304232796016,-0.08695097161985392,,,,9.23456434307156,0.0036311199218304123,0.0008236526596943001,0.003536471148318929,15.05,0.1194938743444246,0.10824551992325619,-0.05061317439545837,,0.0
,,,9.265243958829272,0.05327458490090081,-0.0036350503662922013,0.0531504261995876,15.100000000000001,0.12990635948761772,0.11642022084407927,-0.05763674534480567,,,,9.265243958829272,0.002384714743821272,0.0013953073110422214,0.001933903285366329,15.100000000000001,0.11294219159828223,0.11027057224782433,-0.02442006427428987,,0.0
,,,9.295923574586986,0.051882393611813,0.018310019244072186,0.048544062069142926,15.15,0.1233017420025838,0.12026021174911916,-0.027217660643941426,,,,9.295923574586986,0.0011415886786508202,0.0010075964140396007,0.0005366322554955704,15.15,0.10552845230724592,0.10552836156791195,-0.00013838769713745726,,0.0
,,,9.326603190344699,0.05025878448389285,0.03554099480491857,0.03553565964035479,15.200000000000001,0.1156666214050255,0.11565550542694122,0.0016035497161827406,,,,9.326603190344699,0.00021982385134107211,-3.136356991256314e-05,-0.00021757493444963171,15.200000000000001,0.09734865317451467,0.0951806393864133,0.02043052032831019,,0.0
,,,9.357282806102411,0.04836016694374384,0.04520440902231656,0.017183339366080155,15.25,0.10708863349168969,0.10377655187359071,0.026427309820437277,,,,9.357282806102411,0.0012611612080381358,-0.0012549323192041233,-0.0001251897235286131,15.25,0.08851090124789249,0.08086190077937645,0.03599350833220421,,0.0
,,,9.387962421860124,0.046170022729728435,0.046092652528367924,-0.002671775020988541,15.3,0.09766294710817416,0.08646676240036537,0.0454042975703048,,,,9.387962421860124,0.002305691900672512,-0.002181252823840827,0.000747229054114761,15.3,0.07913845623939156,0.06448067672816903,0.045881778350794704,,0.0
,,,9.418642037617836,0.04369859115183066,0.03875354503038248,-0.020192315771921023,15.350000000000001,0.0874915736479655,0.06601703792361577,0.05741538263557292,,,,9.418642037617836,0.003228521848139837,-0.0024489641050582677,0.0021037889951353076,15.350000000000001,0.06937625715998137,0.047996385807374066,0.05009403165006354,,0.0
,,,9.44932165337555,0.04098267633218491,0.025259109922212423,-0.032273164166009796,15.4,0.07668288964040655,0.04489649641506806,0.06216566715844486,,,,9.44932165337555,0.004003930263735788,-0.0019089535733120247,0.0035195672762143057,15.4,0.059404963121629614,0.03319738787181408,0.04926340509922661,,0.0
,,,9.480001269133263,0.03808636423412865,0.00870328755746022,-0.037078618181734774,15.450000000000001,0.06535170811145888,0.025470501012526216,0.0601838793304006,,,,9.480001269133263,0.004614465952033207,-0.0006504731186377107,0.0045683892943140765,15.450000000000001,0.04947226675663173,0.021505251948765364,0.044553667824988916,,0.0
,,,9.510680884890975,0.03510328030119353,-0.0074565333848072,-0.03430219231748049,15.5,0.053620825639011084,0.009737947211998938,0.0527291695962069,,,,9.510680884890975,0.005049197640152027,0.0010404309426718533,0.0049408400361525325,15.5,0.03996602403123227,0.013826809564851442,0.03749803213666509,,0.0
,,,9.541360500648688,0.03216059470058921,-0.020079860033726665,-0.02512176491653231,15.55,0.04162710881295504,-0.0008829842334431625,0.04161774293458368,,,,9.541360500648688,0.00530365828258026,0.0027734016460362314,0.004520733843984371,15.55,0.03158584836399203,0.010469748978904639,0.02980017069064913,,0.0
,,,9.5720401164064,0.029423598906300242,-0.026918194200611797,-0.011881035038117771,15.600000000000001,0.029545106612409413,-0.005697393369317336,0.028990568009852745,,,,9.5720401164064,0.005379882205392072,0.004167544614795465,0.003402161728604857,15.600000000000001,0.02566038519108412,0.011130011371706326,0.02312094753725498,,0.0
,,,9.602719732164113,0.027096037236794473,-0.026987336201359697,0.0024246481585032146,15.65,0.017709708602525853,-0.004789834326779017,0.017049670551315285,,,,9.602719732164113,0.005286380015046284,0.0049531729223771725,0.0018471306571302222,15.65,0.02407940477465362,0.01495095079025833,0.018875561045142087,,0.0
,,,9.633399347921827,0.025404875482288675,-0.020683506778493517,0.014751279456867626,15.700000000000001,0.007858829990571992,0.0010105976507625407,0.007793580769388806,,,,9.633399347921827,0.0050380901578624395,0.005034101541961675,0.00020043478732362168,15.700000000000001,0.027433088830000674,0.020646065794984216,0.01806417255076718,,0.0
,,,9.66407896367954,0.024554926623821652,-0.009639298040199367,0.022583807358226248,15.75,0.010621405989957398,0.010250578004572478,0.0027820704117038093,,,,9.66407896367954,0.004656450247359235,0.0044962652340721256,-0.0012108376650097302,15.75,0.034041433382996034,0.026670020694511475,0.02115488555684682,,0.0
,,,9.694758579437252,0.024656973959130753,0.003638887171225519,0.024386981465042826,15.8,0.021249681451568497,0.021043006729215823,0.002956489402536715,,,,9.694758579437252,0.004169894451619511,0.0035647199010852113,-0.0021635137541634046,15.8,0.04210497812911002,0.03141743156056131,0.028031663835567794,,0.0
,,,9.725438195194965,0.02567459071521432,0.016275478960142597,0.019856822329157427,15.850000000000001,0.03244737866249883,0.03130465430913395,0.00853527976420257,,,,9.725438195194965,0.0036154153156587676,0.0025256334228968566,-0.0025869680550494423,15.850000000000001,0.05061844449277193,0.033426059559569316,0.038012175223051343,,0.0
,,,9.756117810952677,0.02743970150790595,0.025576594393067777,0.00993856318063482,15.9,0.04339176381073726,0.03901306925789468,0.01899540980567466,,,,9.756117810952677,0.0030424443229983404,0.001638634300964735,-0.0025634634942293686,15.9,0.05907068592109275,0.031560913368310274,0.049932501264671275,,0.0
,,,9.786797426710391,0.029721701905923256,0.02952868140793612,-0.0033817951583692695,15.950000000000001,0.0538568457285033,0.04245306766037734,0.03314056242804621,,,,9.786797426710391,0.002520646752593107,0.0010657193477785817,-0.0022842728215186053,15.950000000000001,0.06717696053993004,0.025158287258323652,0.0622880775880183,,0.0
,,,9.817477042468104,0.032291987622782306,0.02715987095237395,-0.017467509109209568,16.0,0.06371368582070668,0.04042475430708131,0.04924706082673188,,,,9.817477042468104,0.002147659374539374,0.0008360888913451611,-0.0019782305615918673,16.0,0.07475831806196864,0.014113625175337879,0.07341397485400539,,0.0
,,,9.848156658225816,0.034955018376238954,0.018705142184370346,-0.02952915450102986,16.05,0.07286459984119849,0.0323897971651242,0.06526983184917895,,,,9.848156658225816,0.0020251953264773005,0.0008542473865597398,-0.0018362128179874343,16.05,0.08169073848578746,-0.001096281734500441,0.08168338215764524,,0.0
,,,9.878836273983529,0.03755364140991146,0.005550990346001108,-0.03714111588688228,16.1,0.08122828953157434,0.01854000663290523,0.07908415248504025,,,,9.878836273983529,0.002171110662773428,0.0009453206624308804,-0.0019545051433009115,16.1,0.08788266718398746,-0.0194586606086802,0.08570136357542804,,0.0
,,,9.909515889741241,0.03996380039542459,-0.010027014475399203,-0.03868545363254092,16.150000000000002,0.08873547459672966,-0.00021870608773898227,0.08873520507416456,,,,9.909515889741241,0.0024892731148686,0.0009208258739375297,-0.0023126954728832777,16.150000000000002,0.09326442411382806,-0.039531879867359246,0.0844717898439276,,0.0
,,,9.940195505498954,0.042087416728242906,-0.025285171055395794,-0.03364536775777842,16.2,0.09532745995118844,-0.022364243020826076,0.09266695880868686,,,,9.940195505498954,0.0028633418631997176,0.000643113262492691,-0.002790184932429755,16.2,0.09778288823473975,-0.05960158827738332,0.07751866811511204,,0.0
,,,9.970875121256668,0.043846547044350086,-0.03751511668957796,-0.02269660123189713,16.25,0.10095567473510363,-0.045926131632503676,0.08990460886124796,,,,9.970875121256668,0.0032140596967830688,6.856438010759503e-05,-0.003213328283923965,16.25,0.10139866910887976,-0.07786773101546204,0.06494849161878773,,0.0
,,,,,,,16.3,0.10558155219984772,-0.06870351660866972,0.08017038711726052,,,,,,,,16.3,0.10408450885153048,-0.09264103163263555,0.04744706777984646,,
,,,,,,,16.35,0.1091765146080985,-0.08850820045208066,0.06392033944455126,,,,,,,,16.35,0.10582431271648376,-0.1025267210813651,0.026211765034428944,,
,,,,,,,16.400000000000002,0.11172196466605613,-0.10340509834466124,0.04229873550325627,,,,,,,,16.400000000000002,0.10661250536412796,-0.10657500719387236,0.002827391313961903,,
,,,,,,,16.45,0.11320923912905571,-0.11192311749480204,0.017016098096345633,,,,,,,,16.45,0.10645355483412824,-0.10438178075019224,-0.020899836942941608,,
,,,,,,,16.5,0.113639503932844,-0.1132131469656706,-0.0098346432691958,,,,,,,,16.5,0.1053615813022193,-0.0961288630446926,-0.04313124742270851,,
,,,,,,,16.55,0.11302358169022869,-0.10713609371626569,-0.036002603257366456,,,,,,,,16.55,0.10336000986262128,-0.0825600334564913,-0.06218627271725012,,
,,,,,,,16.6,0.1113817086090635,-0.09427198408706318,-0.059318445941906106,,,,,,,,16.6,0.10048125351635831,-0.06489633574267077,-0.07671341418157077,,
,,,,,,,16.650000000000002,0.10874322176313975,-0.07585013121298396,-0.0779220499884372,,,,,,,,16.650000000000002,0.09676643391136974,-0.044700925082540206,-0.08582289920929388,,
,,,,,,,16.7,0.10514618058702653,-0.05360922412085689,-0.0904531391450807,,,,,,,,16.7,0.0922651701238502,-0.023709228702969074,-0.08916688899077575,,
,,,,,,,16.75,0.10063692933428035,-0.029603928558232764,-0.09618419287883008,,,,,,,,16.75,0.08703549760510997,-0.003643847752635757,-0.0869591870760342,,
,,,,,,,16.8,0.09526961087385898,-0.0059803481711141705,-0.09508172375282624,,,,,,,,16.8,0.08114403283197015,0.013964958471087596,-0.07993330969712595,,
,,,,,,,16.85,0.08910564789729133,0.015254142752820306,-0.08779024784150367,,,,,,,,16.85,0.07466659894299506,0.02793331987091718,-0.06924471560128682,,
,,,,,,,16.900000000000002,0.08221321798184052,0.032440936392099766,-0.0755420337092758,,,,,,,,16.900000000000002,0.06768972798398681,0.03753562994373687,-0.0563291732521699,,
,,,,,,,16.95,0.07466677001756764,0.044436994178426274,-0.06000400064364747,,,,,,,,16.95,0.06031388360707216,0.04256255958614418,-0.0427339803580637,,
,,,,,,,17.0,0.0665466764803737,0.050720527262895845,-0.04308002164295372,,,,,,,,17.0,0.05266022042094835,0.04331978222647341,-0.02994153106696089,,
,,,,,,,17.05,0.057939231378626284,0.05142482082456919,-0.026691615460794956,,,,,,,,17.05,0.044885035929697774,0.04056875985255144,-0.01920526423760606,,
,,,,,,,17.1,0.04893752049431595,0.04729772716661332,-0.012562082510642978,,,,,,,,17.1,0.03721193901863898,0.03541746247229334,-0.011416293511932794,,
,,,,,,,17.150000000000002,0.039644692449769404,0.03959276969732579,-0.002028355770402211,,,,,,,,17.150000000000002,0.030006015191781223,0.02917442866613932,-0.007015244806402264,,
,,,,,,,17.2,0.030184988273331253,0.029905424396270128,0.004098671582368679,,,,,,,,17.2,0.02393696890530076,0.02318351082949221,-0.005958465070146248,,
,,,,,,,17.25,0.020747100838300187,0.01997412860636024,0.0056103814140553675,,,,,,,,17.25,0.0202007914290127,0.018658563261537593,-0.007741446336032598,,
,,,,,,,17.3,0.011831601963503052,0.011469256960938732,0.002905675444148522,,,,,,,,17.3,0.020128751234002883,0.016537036430228802,-0.011475759336342761,,
,,,,,,,17.35,0.006559315150075435,0.005794316337308697,-0.0030741687366191606,,,,,,,,17.35,0.023621906201482412,0.01736900074081211,-0.016009755334086207,,
,,,,,,,17.400000000000002,0.011652289651228701,0.003921868443426818,-0.010972456517507116,,,,,,,,17.400000000000002,0.02923815984120273,0.02125384369526615,-0.020078449120310943,,
,,,,,,,17.45,0.020192565181697954,0.006282424261808037,-0.019190383894330157,,,,,,,,17.45,0.03576660955496202,0.027831274926278446,-0.02246487246870111,,
,,,,,,,17.5,0.029021431966215063,0.012718284560611064,-0.026086179314053864,,,,,,,,17.5,0.04254944009463728,0.036326987154498745,-0.022154116020369888,,
,,,,,,,17.55,0.037645715437571496,0.022506759878086324,-0.030176905914900756,,,,,,,,17.55,0.0492393564485301,0.045647078382034106,-0.0184623524679234,,
,,,,,,,17.6,0.045891597444408135,0.03444926028919269,-0.0303197490346978,,,,,,,,17.6,0.055633766251465634,0.05450984782045437,-0.011126205009508982,,
,,,,,,,17.650000000000002,0.05365423335343934,0.047015302367139064,-0.02585223588148249,,,,,,,,17.650000000000002,0.061600399558789126,0.06159944729291068,-0.00034251862779444316,,
,,,,,,,17.7,0.06085378196756295,0.05852437236330475,-0.016675749435540847,,,,,,,,17.7,0.06704500198305426,0.06572355128580035,0.013245644464899465,,
,,,,,,,17.75,0.06742398773004156,0.06734448368172795,-0.0032733223278915194,,,,,,,,17.75,0.07189662530691654,0.06595694186541402,0.028614796002864443,,
,,,,,,,17.8,0.0733085250148264,0.07208461098944444,0.013339741314954131,,,,,,,,17.8,0.07610051934517992,0.0617546936930963,0.044470741521566236,,
,,,,,,,17.85,0.07845971245343154,0.07175912903994347,0.03172623327317479,,,,,,,,17.85,0.07961449841167337,0.05302226124995802,0.05938946176960642,,
,,,,,,,17.900000000000002,0.0828380643557782,0.06590579221220323,0.05018537096698542,,,,,,,,17.900000000000002,0.08240698413554581,0.040134783266879595,0.07197298247562554,,
,,,,,,,17.95,0.08641215515723315,0.05464424551895647,0.0669407722586298,,,,,,,,17.95,0.08445589215667364,0.023903744053377463,0.08100252304842306,,
,,,,,,,18.0,0.08915859182188982,0.03866891830031058,0.08033659971112957,,,,,,,,18.0,0.08574795523605865,0.005495099328583644,0.08557169923832363,,
,,,,,,,18.05,0.09106200541966766,0.019177626267894304,0.0890197027729286,,,,,,,,18.05,0.0862782739911129,-0.013691591130161562,0.08518498045553588,,
,,,,,,,18.1,0.0921150205877213,-0.0022555551588924498,0.0920874013576315,,,,,,,,18.1,0.0860499850984503,-0.032169187899169296,0.07981067150044195,,
,,,,,,,18.150000000000002,0.09231818298314598,-0.023848397037577868,0.08918464479969448,,,,,,,,18.150000000000002,0.08507398911446157,-0.04851763558134016,0.06988292109982094,,
,,,,,,,18.2,0.09167983543439508,-0.04380040343919994,0.08054015696434348,,,,,,,,18.2,0.08336871038819511,-0.06152996161155568,0.05625305054724799,,
,,,,,,,18.25,0.09021593935122409,-0.0604830463638386,0.0669381566490555,,,,,,,,18.25,0.08095988189292545,-0.07033348065700984,0.04009618404270489,,
,,,,,,,18.3,0.08794984169226444,-0.07260912631510723,0.049629521753198264,,,,,,,,18.3,0.07788036513466896,-0.07447305381739423,0.022784106930508898,,
,,,,,,,18.35,0.08491199073725463,-0.07936263375148321,0.03019302129617955,,,,,,,,18.35,0.07417003514895863,-0.07394767608600912,0.0057389298197864525,,
,,,,,,,18.400000000000002,0.08113960694937991,-0.08047515106657988,0.010362715701543066,,,,,,,,18.400000000000002,0.06987578980840936,-0.06919701781283326,-0.009715900738451484,,
,,,,,,,18.45,0.07667631928743814,-0.07624101430647115,-0.008158779135974823,,,,,,,,18.45,0.06505179297537944,-0.06104021029624763,-0.022490631300643615,,
,,,,,,,18.5,0.07157178399803366,-0.06747043294252056,-0.023880137001491906,,,,,,,,18.5,0.05976015627242486,-0.05057449857057234,-0.031835457779649044,,
,,,,,,,18.55,0.0658813154290375,-0.05538674764272465,-0.035674303191813986,,,,,,,,18.55,0.054072457148748546,-0.03904578781435459,-0.03740664481157922,,
,,,,,,,18.6,0.05966558436062258,-0.041480202517909646,-0.0428879325238204,,,,,,,,18.6,0.04807290571299012,-0.02770609787653625,-0.03928582955908951,,
,,,,,,,18.650000000000002,0.052990498304994936,-0.027335330336244686,-0.04539573356627308,,,,,,,,18.650000000000002,0.04186491787573669,-0.017674193438285746,-0.037951208611165924,,
,,,,,,,18.7,0.04592752573166429,-0.014451782059480417,-0.04359453652853721,,,,,,,,18.7,0.03558512165572795,-0.009815055573968235,-0.0342047594251571,,
,,,,,,,18.75,0.03855514018167674,-0.0040788918684435726,-0.03833877248366579,,,,,,,,18.75,0.029434418164121023,-0.004651495357353335,-0.029064558548184728,,
,,,,,,,18.8,0.030963405199580876,0.002917568255283986,-0.030825642848595895,,,,,,,,18.8,0.023748414101246878,-0.0023173713305235646,-0.023635079065676277,,
,,,,,,,18.85,0.023269041073222037,0.006141888606119654,-0.022443829370615696,,,,,,,,18.85,0.019142212143850285,-0.0025570128664028505,-0.01897066079400556,,
,,,,,,,18.900000000000002,0.015676191449785784,0.005699114533492233,-0.014603529433136173,,,,,,,,18.900000000000002,0.016646016779506986,-0.004770133420212741,-0.015947905874345938,,
,,,,,,,18.95,0.00883735789547779,0.002167319104250735,-0.008567474684708058,,,,,,,,18.95,0.017187858962033436,-0.008096349109225144,-0.015161517958314804,,
,,,,,,,19.0,0.006344697673492174,-0.003484493225224134,-0.005302216096254859,,,,,,,,19.0,0.020420980538284183,-0.011528982482992448,-0.016855236843540188,,
,,,,,,,19.05,0.011368921563653722,-0.010022678021608876,-0.005366405015992456,,,,,,,,19.05,0.025176730617087594,-0.014044622327681375,-0.02089536666914916,,
,,,,,,,19.1,0.01837510630900223,-0.016104367758019048,-0.00884838239350052,,,,,,,,19.1,0.03057357643846112,-0.014733276798651987,-0.02678944066255822,,
,,,,,,,19.150000000000002,0.025570838319781207,-0.020443815117354353,-0.01535962876582063,,,,,,,,19.150000000000002,0.03613390019085185,-0.012914065582042082,-0.033747379944895864,,
,,,,,,,19.200000000000003,0.03259982084782815,-0.021970433808084704,-0.02408419310658049,,,,,,,,19.200000000000003,0.04159856146865032,-0.008223214521267392,-0.04077767844297044,,
,,,,,,,19.25,0.03932084360391121,-0.019960469865925815,-0.0338778450385309,,,,,,,,19.25,0.046811938682075116,-0.0006644174775917774,-0.04680722329501966,,
,,,,,,,19.3,0.045646328552373126,-0.014127433410095168,-0.043405102644211324,,,,,,,,19.3,0.051670047602264166,0.009383975936659864,-0.050810774593981874,,
,,,,,,,19.35,0.05150944177938861,-0.004661268073492588,-0.051298101060090556,,,,,,,,19.35,0.05609754326968917,0.021205511960755933,-0.05193515787380342,,
,,,,,,,19.400000000000002,0.056854847808026514,0.0077878341822235015,-0.05631894315436014,,,,,,,,19.400000000000002,0.060037044426240124,0.03382150075537319,-0.049603959419512275,,
,,,,,,,19.450000000000003,0.06163559150558763,0.022178734470468427,-0.05750695503617038,,,,,,,,19.450000000000003,0.06344389482542379,0.046097343333684024,-0.0435908560158652,,
,,,,,,,19.5,0.06581195297972307,0.037193515932779565,-0.054294157398041956,,,,,,,,19.5,0.06628345559846914,0.056867074639580135,-0.034053374399766204,,
,,,,,,,19.55,0.06935102767556153,0.051383258043129855,-0.046576022077133565,,,,,,,,19.55,0.0685296367942373,0.06506191653857521,-0.021523432242036993,,
,,,,,,,19.6,0.07222658846091094,0.06332869343501721,-0.034729766318180186,,,,,,,,19.6,0.07016405973156298,0.0698282995136341,-0.006855936482242572,,
,,,,,,,19.650000000000002,0.07441905125654735,0.0717974911749069,-0.019578443526332416,,,,,,,,19.650000000000002,0.0711755481427891,0.07062212583650315,0.008858554947597495,,
,,,,,,,19.700000000000003,0.0759154651925012,0.07588045707456811,-0.0023052309100145187,,,,,,,,19.700000000000003,0.07155979161803103,0.06726884354580821,0.02440709864825395,,
,,,,,,,19.75,0.07670948981495043,0.07509148403551869,0.015672104294364157,,,,,,,,19.75,0.07131909821263392,0.05998284746376394,0.03858071772274526,,
,,,,,,,19.8,0.07680134092561795,0.0694203147764693,0.03285218203268875,,,,,,,,19.8,0.07046219263056594,0.04934436202940167,0.05029964737667973,,
,,,,,,,19.85,0.07619769621914498,0.059332599605713486,0.04780932475085992,,,,,,,,19.85,0.06900403984899552,0.03623675905002059,0.0587235456101938,,
,,,,,,,19.900000000000002,0.07491155725153252,0.04571771802679078,0.0593433371851675,,,,,,,,19.900000000000002,0.06696569035403481,0.02175167749214271,0.06333457358244612,,
,,,,,,,19.950000000000003,0.07296206776736633,0.029790702675359097,0.06660313331216565,,,,,,,,19.950000000000003,0.06437415772638458,0.007072847515589872,0.06398442787899766,,
,,,,,,,20.0,0.07037429125008847,0.01295969574982691,0.06917071023940839,,,,,,,,20.0,0.061262356774399555,-0.006648212695336383,0.06090055521513237,,
,,,,,,,20.05,0.06717895359656749,-0.0033258847862844194,0.06709657440375127,,,,,,,,20.05,0.057669156843536,-0.018410703165068584,0.05465141956081369,,
,,,,,,,20.1,0.06341216103719001,-0.01772929780505207,0.06088328314690572,,,,,,,,20.1,0.05363965111948231,-0.027464150998072753,0.04607529253488077,,
,,,,,,,20.150000000000002,0.0591151105115077,-0.02916534372969748,0.0514196364817602,,,,,,,,20.150000000000002,0.049225830833845366,-0.03337831365965632,0.036181080670979984,,
,,,,,,,20.200000000000003,0.05433382323376687,-0.036908840651327025,0.039873573065041135,,,,,,,,20.200000000000003,0.04448803252510573,-0.03607605347216182,0.026032737155907867,,
,,,,,,,20.25,0.04911896059048513,-0.040661021560930245,0.027556371588276944,,,,,,,,20.25,0.03949791303625423,-0.03582613050386279,0.016630499311196097,,
,,,,,,,20.3,0.043525846745152405,-0.04056705050232944,0.01577383112702638,,,,,,,,20.3,0.03434458824150721,-0.03319742492244651,0.008802370135208045,,
,,,,,,,20.35,0.03761498739716008,-0.03718345469880418,0.005681370745734581,,,,,,,,20.35,0.02914767907172894,-0.028980437729105957,0.0031179198671417874,,
,,,,,,,20.400000000000002,0.03145384352956735,-0.03139993941059782,-0.0018406731902463316,,,,,,,,20.400000000000002,0.024086115807981687,-0.024085542328577923,-0.00016620906649888,,
,,,,,,,20.450000000000003,0.025122168036844608,-0.024325150763471023,-0.006277767692887491,,,,,,,,20.450000000000003,0.019462417720117555,-0.019429966585751798,-0.0011234331261425758,,
,,,,,,,20.5,0.018729457892387415,-0.017149908924815566,-0.00752816158256746,,,,,,,,20.5,0.015827185948911415,-0.01582660459707351,-0.00013565393216022993,,
,,,,,,,20.55,0.012486431664053879,-0.01100381489592409,-0.005901443335094086,,,,,,,,20.55,0.014054960299043686,-0.013887378134726543,0.002163940283559896,,
,,,,,,,20.6,0.007128706904177054,-0.006821686879583022,-0.0020695531504618184,,,,,,,,20.6,0.014813041859883025,-0.013952049275589294,0.004976598251232965,,
,,,,,,,20.650000000000002,0.006045354610942915,-0.00523496418484264,0.0030234851339908386,,,,,,,,20.650000000000002,0.01769171855459757,-0.016050350087585902,0.007441986796617102,,
,,,,,,,20.700000000000003,0.010528430310293012,-0.0065001975043789155,0.008282226584847984,,,,,,,,20.700000000000003,0.02173928828035412,-0.01990139984282996,0.008748196341655218,,
,,,,,,,20.75,0.016381276495874935,-0.010472384328046981,0.012596641858843988,,,,,,,,20.75,0.026273965267381648,-0.024950076035030414,0.008234983710838672,,
,,,,,,,20.8,0.022378371563835875,-0.016625715305891568,0.0149792224236287,,,,,,,,20.8,0.03092490186350061,-0.030435784977162414,0.005478370934053123,,
,,,,,,,20.85,0.02823854861944297,-0.02411886848487987,0.014686586095540145,,,,,,,,20.85,0.03548711496590892,-0.03548541874037624,0.00034696602685590426,,
,,,,,,,20.900000000000002,0.03384331990120537,-0.03189694088997492,0.011311740087040967,,,,,,,,20.900000000000002,0.03983523131129023,-0.03921959684516234,-0.006976308259167569,,
,,,,,,,20.950000000000003,0.03911816509983052,-0.03881800867445517,0.004836635538007973,,,,,,,,20.950000000000003,0.04388427169037593,-0.040859868388923415,-0.01600938652898941,,
,,,,,,,21.0,0.044006205978597904,-0.043789612498789016,-0.0043607340937835935,,,,,,,,21.0,0.04757202606159019,-0.03982454172668691,-0.026021213266563675,,
,,,,,,,21.05,0.0484604428836738,-0.045899464854186015,-0.015545213108257898,,,,,,,,21.05,0.05085076962934593,-0.0358022012322208,-0.03611098390828444,,
,,,,,,,21.1,0.05244105010631718,-0.04452546691751423,-0.02770463015509529,,,,,,,,21.1,0.053683158260441254,-0.028794592319610172,-0.04530731656104816,,
,,,,,,,21.150000000000002,0.055914354590511785,-0.03941259676932215,-0.039661848988320036,,,,,,,,21.150000000000002,0.05604009270076508,-0.01912409758372719,-0.05267599910318192,,
,,,,,,,21.200000000000003,0.058852449187304985,-0.030708091591986224,-0.050205815262004266,,,,,,,,21.200000000000003,0.05789955588080565,-0.007405078338549298,-0.0574240662614072,,
,,,,,,,21.25,0.061233058907089556,-0.018951143066789505,-0.05822664063451691,,,,,,,,21.25,0.05924594919497798,0.005517546878896608,-0.058988466435847355,,
,,,,,,,21.3,0.06303950377656438,-0.00501850553713256,-0.06283942742076223,,,,,,,,21.3,0.060069690215841506,0.018655436524247636,-0.057099407796551906,,
,,,,,,,21.35,0.0642606880530305,0.009967609347285024,-0.06348293308400939,,,,,,,,21.35,0.06036694788260995,0.030979774836348943,-0.051811407505981406,,
,,,,,,,21.400000000000002,0.06489108206869239,0.0247587705616221,-0.05998212910794952,,,,,,,,21.400000000000002,0.06013944902519718,0.04152843433777735,-0.04349876401125905,,
,,,,,,,21.450000000000003,0.06493067992349211,0.03811314532517554,-0.0525678737324331,,,,,,,,21.450000000000003,0.05939432160889353,0.04950537501625144,-0.032816204592868214,,
,,,,,,,21.5,0.06438492484828189,0.04892693083734718,-0.041851809836091346,,,,,,,,21.5,0.05814395906701036,0.05436128305518441,-0.02062936936942806,,
,,,,,,,21.55,0.06326459892367158,0.056349725526967126,-0.02875965768239422,,,,,,,,21.55,0.05640590360094607,0.055846663702539934,-0.007923137909605645,,
,,,,,,,21.6,0.06158567704533505,0.05987111011712342,-0.01443072383754846,,,,,,,,21.6,0.05420275877596242,0.05403178404222929,0.004301787086673134,,
,,,,,,,21.650000000000002,0.05936914767746476,0.059369071396721984,-9.517058131374042e-05,,,,,,,,21.650000000000002,0.0515621570669875,0.04929164264644854,0.015132415756101355,,
,,,,,,,21.700000000000003,0.05664080584128504,0.055115287657935566,0.013057026948473542,,,,,,,,21.700000000000003,0.048516831589660595,0.042258090765473995,0.02383561856458628,,
,,,,,,,21.75,0.0534310279070119,0.047737198313347974,0.024000721663982774,,,,,,,,21.75,0.04510488278748659,0.03374489583192799,0.029928789761118523,,
,,,,,,,21.8,0.04977454478134268,0.03814164181253162,0.031980001063702725,,,,,,,,21.8,0.04137041037897192,0.024654510999587483,0.033221468093625355,,
,,,,,,,21.85,0.04571024360888857,0.02740911656182137,0.03658096089613322,,,,,,,,21.85,0.03736484305620375,0.01587726520152263,0.03382371869465651,,
,,,,,,,21.900000000000002,0.04128105671166828,0.016670922399990632,0.03776514252012646,,,,,,,,21.900000000000002,0.03314964854177328,0.00819440681987029,0.03212087942932999,,
,,,,,,,21.950000000000003,0.036534062569339006,0.006983224140277093,0.035860456054364796,,,,,,,,21.950000000000003,0.028801904403590425,0.0021958521207776378,0.028718076724203484,,
,,,,,,,22.0,0.031521091877515034,-0.000787743375825815,0.03151124709567343,,,,,,,,22.0,0.02442610967224958,-0.001778313359616587,0.024361289689090224,,
,,,,,,,22.05,0.026300613387109137,-0.006056540928586926,0.02559376049974946,,,,,,,,22.05,0.02018015544858611,-0.0036663393521122385,0.01984430975580287,,
,,,,,,,22.1,0.020943276341839692,-0.008575536183708897,0.01910709300476034,,,,,,,,22.1,0.01633253716803552,-0.0036805629211292515,0.01591242366608149,,
,,,,,,,22.150000000000002,0.015549999302221177,-0.008452090519428766,0.013052380784763425,,,,,,,,22.150000000000002,0.013368264993163511,-0.002271406470665251,0.013173884073137316,,
,,,,,,,22.200000000000003,0.010326426266699695,-0.0061245398474086745,0.008314150052716678,,,,,,,,22.200000000000003,0.012029381838052612,-6.422238636427347e-05,0.012029210401799434,,
,,,,,,,22.25,0.006014602426666556,-0.0023002837714158897,0.005557349811000196,,,,,,,,22.25,0.012820476362137356,0.0022233739854018815,0.01262621171504584,,
,,,,,,,22.3,0.005577080081706501,0.002136432151522873,0.005151648270185644,,,,,,,,22.3,0.015342715013939558,0.0038739007032253976,0.014845598584783171,,
,,,,,,,22.35,0.009473377710246932,0.00623609082183451,0.0071313432467407425,,,,,,,,22.35,0.01880762262586896,0.004261346096826322,0.018318504258813303,,
,,,,,,,22.400000000000002,0.014428193186492477,0.009101796222336887,0.01119509107393959,,,,,,,,22.400000000000002,0.02266388416542213,0.0029308877292962563,0.022473574317004686,,
,,,,,,,22.450000000000003,0.019503712038152717,0.009999858783129072,0.016745077114921254,,,,,,,,22.450000000000003,0.026610124611085705,-0.0003421358664128288,0.026607925038725267,,
,,,,,,,22.5,0.024466423469991266,0.008450414007550698,0.022960757402880474,,,,,,,,22.5,0.030477763797353778,-0.005520676074553398,0.029973592073142357,,
,,,,,,,22.55,0.02921477448821657,0.004287809304213219,0.028898403758132598,,,,,,,,22.55,0.03416254146369969,-0.01230533261360104,0.03186939014991732,,
,,,,,,,22.6,0.03368453111051317,-0.0023159683317701273,0.03360481999388432,,,,,,,,22.6,0.03759318188372461,-0.0201645463150672,0.03172756523987162,,
,,,,,,,22.650000000000002,0.03782672865627137,-0.01086728206995414,0.03623207944967049,,,,,,,,22.650000000000002,0.040717182623053134,-0.02839203455707281,0.029185293119464183,,
,,,,,,,22.700000000000003,0.041600981005392994,-0.02060420105176099,0.03614012340363104,,,,,,,,22.700000000000003,0.043494082709759324,-0.03618479741365152,0.024132875230614005,,
,,,,,,,22.75,0.04497310269992138,-0.030580934013419787,0.03297554307853838,,,,,,,,22.75,0.04589210735481295,-0.04273272598907327,0.01673318998303847,,
,,,,,,,22.8,0.04791419493381415,-0.03977356604182377,0.026717663080296234,,,,,,,,22.8,0.04788641521425422,-0.04730958474511229,0.00741026000333295,,
,,,,,,,22.85,0.0504002920533286,-0.04719497590855171,0.017686822440790242,,,,,,,,22.85,0.04945814245630181,-0.04935505033080866,-0.0031916863992548193,,
,,,,,,,22.900000000000002,0.05241223517076501,-0.05200585770670152,0.006514073977618831,,,,,,,,22.900000000000002,0.05059385730073411,-0.04853857008846861,-0.014273948659493853,,
,,,,,,,22.950000000000003,0.053935634755586694,-0.05360930628097977,-0.005924101329328716,,,,,,,,22.950000000000003,0.05128523036101414,-0.04479792111442462,-0.02496639976063981,,
,,,,,,,23.0,0.054960859621021686,-0.05171837700411447,-0.018598536779594672,,,,,,,,23.0,0.051528818744039175,-0.03834825635991022,-0.03441846009499333,,
,,,,,,,23.05,0.055483022032108295,-0.046389163092938765,-0.030437005131125208,,,,,,,,23.05,0.05132590931075485,-0.029660781720559522,-0.041887790515866954,,
,,,,,,,23.1,0.055501943753821836,-0.038015882582175156,-0.040438328748239265,,,,,,,,23.1,0.05068239254755799,-0.019413633301500796,-0.046816831977181256,,
,,,,,,,23.150000000000002,0.05502209556168843,-0.027288777998161935,-0.04777817069924933,,,,,,,,23.150000000000002,0.049608654330558666,-0.008420628885399533,-0.04888876756130422,,
,,,,,,,23.200000000000003,0.05405250711357859,-0.015119813675360761,-0.05189474693729451,,,,,,,,23.200000000000003,0.0481194842937445,0.002453996202074941,-0.04805686913788834,,
,,,,,,,23.25,0.05260664698307557,-0.0025447366932955747,-0.052545062774381854,,,,,,,,23.25,0.046234010226349195,0.01238526046035787,-0.04454423671968415,,
,,,,,,,23.3,0.05070227507620785,0.009387351857577449,-0.04982567935317576,,,,,,,,23.3,0.04397568130837081,0.020671506879196732,-0.03881429311321689,,
,,,,,,,23.35,0.048361272336913945,0.0197244706509691,-0.044156063225611684,,,,,,,,23.35,0.04137234375669106,0.02680359875322572,-0.03151567739709699,,
,,,,,,,23.400000000000002,0.04560945649144269,0.027709951894068975,-0.036226800679513324,,,,,,,,23.400000000000002,0.038456489167017445,0.03051173977978369,-0.023408017743151505,,
,,,,,,,23.450000000000003,0.042476399178419916,0.032857540160000226,-0.026918888197666045,,,,,,,,23.450000000000003,0.035265826252549794,0.03178501971341739,-0.015277140540451211,,
,,,,,,,23.5,0.03899527256921665,0.03499529792903333,-0.01720349980689093,,,,,,,,23.5,0.03184447037096596,0.03086191539345352,-0.007849361213159052,,
,,,,,,,23.55,0.03520278064277706,0.03427382365912832,-0.008033727451591477,,,,,,,,23.55,0.02824535538843021,0.02819327274698405,-0.0017144890880055467,,
,,,,,,,23.6,0.03113929293510434,0.03113836368161149,-0.00024056543795300487,,,,,,,,23.6,0.02453517830389425,0.02438238373804007,0.002733923491036703,,
,,,,,,,23.650000000000002,0.026849458466639158,0.02626848029571556,0.005555210428542246,,,,,,,,23.650000000000002,0.02080486171598305,0.02010930559765181,0.005334613331950757,,
,,,,,,,23.700000000000003,0.022384036361473507,0.020492563198809138,0.009005550364890614,,,,,,,,23.700000000000003,0.017192480065385277,0.016048266624649345,0.006167212428872221,,
,,,,,,,23.75,0.017805209121442605,0.014687233956243472,0.010065318205246747,,,,,,,,23.75,0.013933322910930804,0.012787679419709442,0.005532878310518753,,
,,,,,,,23.8,0.013203869226151028,0.009673289167469736,0.008987193067015465,,,,,,,,23.8,0.011450011013858263,0.010761871983751463,0.003909586119120652,,
,,,,,,,23.85,0.008770603801378403,0.006120087886138772,0.006282357464096638,,,,,,,,23.85,0.01037535355987104,0.010202206851860218,0.001887574328121967,,
,,,,,,,23.900000000000002,0.005196767669272578,0.004469196170661962,0.002651920020765557,,,,,,,,23.900000000000002,0.011113347787508963,0.011112961681282915,9.263755430697092e-05,,
,,,,,,,23.950000000000003,0.005008685484449311,0.004885793202438294,-0.0011027035254958563,,,,,,,,23.950000000000003,0.013304512647349278,0.01327446024051116,-0.0008937349196295651,,
,,,,,,,24.0,0.008362661040807753,0.007243092471803307,-0.004179917598272733,,,,,,,,24.0,0.016284161801590348,0.016272803426816168,-0.0006081070732808617,,
,,,,,,,24.05,0.012596242138433748,0.011141215581875563,-0.005876957662619933,,,,,,,,24.05,0.01959152617896638,0.01955251442879964,0.0012357497856390017,,
,,,,,,,24.1,0.016937523422104226,0.015958013252612244,-0.005676399625095229,,,,,,,,24.1,0.022973621054466733,0.02248582401301983,0.004709032045945102,,
,,,,,,,24.150000000000002,0.02118592378638676,0.02092570646044434,-0.003310313552204135,,,,,,,,24.150000000000002,0.026287963961697247,0.02445047082934293,0.00965564733588296,,
,,,,,,,24.200000000000003,0.025253101394720295,0.025224328129213602,0.0012051557915006056,,,,,,,,24.200000000000003,0.029445909264528024,0.024906981061608734,0.01570680956819306,,
,,,,,,,24.25,0.0290831837939827,0.028081103848696463,0.007568565665520957,,,,,,,,24.25,0.03238658138759429,0.02346651667680964,0.022320691051853296,,
,,,,,,,24.3,0.03263368510662587,0.028864318213152152,0.015225259857496957,,,,,,,,24.3,0.035064987490335264,0.019941518665360612,0.028842489161243396,,
,,,,,,,24.35,0.03586962638152008,0.02716092755618569,0.023428916130232628,,,,,,,,24.35,0.037446361385346724,0.014373383186354179,0.03457796750504889,,
,,,,,,,24.400000000000002,0.038761422567201054,0.02282910761459989,0.03132538467368183,,,,,,,,24.400000000000002,0.03950333540870235,0.007034058709448223,0.03887204042090501,,
,,,,,,,24.450000000000003,0.041284061612283436,0.016019836800254116,0.038049159939478806,,,,,,,,24.450000000000003,0.041214460206027384,-0.0015985649476916452,0.041183447162448976,,
,,,,,,,24.5,0.043416782664178574,0.007165173617862344,0.042821458451743635,,,,,,,,24.5,0.04256339700118416,-0.010888630371665632,0.041147059347049986,,
,,,,,,,24.55,0.04514295851137673,-0.003065318487383011,0.04503876692062948,,,,,,,,24.55,0.043538457221798325,-0.020108174818832973,0.03861681709708368,,
,,,,,,,24.6,0.04645005942329854,-0.013834945973022204,0.044341879643870784,,,,,,,,24.6,0.04413232512631213,-0.02851341816153876,0.033684523238421415,,
,,,,,,,24.650000000000002,0.04732964248332103,-0.0242290085168883,0.04065772010193809,,,,,,,,24.650000000000002,0.04434187705547924,-0.03542288533496744,0.026672481237203734,,
,,,,,,,24.700000000000003,0.047777339259128325,-0.033352556928256276,0.034209371421136475,,,,,,,,24.700000000000003,0.04416805101003087,-0.04028862439039338,0.018100924693354455,,
,,,,,,,24.75,0.047792828126676845,-0.04042577026872566,0.025493362244440997,,,,,,,,24.75,0.04361574233465385,-0.04275262247445014,0.008634017081292866,,
,,,,,,,24.8,0.04737978445502122,-0.04486628845546374,0.01522695423370648,,,,,,,,24.8,0.04269371476843367,-0.0426822484221243,-0.0009894192035933677,,
,,,,,,,24.85,0.04654580577808705,-0.04634939071793466,0.0042715355093495225,,,,,,,,24.85,0.0414145259130048,-0.040180959087987696,-0.010032620962061959,,
,,,,,,,24.900000000000002,0.045302311678945405,-0.04483948040466165,-0.0064591362035705995,,,,,,,,24.900000000000002,0.039794475413525196,-0.03557331853912436,-0.017836459333389364,,
,,,,,,,24.950000000000003,0.043664420282361616,-0.040589622998883135,-0.016095468412048466,,,,,,,,24.950000000000003,0.037853595757317296,-0.029366273086037165,-0.02388549176371881,,
,,,,,,,25.0,0.041650805659341275,-0.03410950859825967,-0.02390253198423684,,,,,,,,25.0,0.03561572365538724,-0.02219127274838077,-0.02785726449786273,,
,,,,,,,25.05,0.03928354390230987,-0.02610575945736389,-0.02935449104786119,,,,,,,,25.05,0.03310872193407893,-0.01473393389248168,-0.029649597976366206,,
,,,,,,,25.1,0.03658796156337127,-0.01740157660234611,-0.032184842132833485,,,,,,,,25.1,0.030364983169396835,-0.007659265416201469,-0.02938312196077764,,
,,,,,,,25.150000000000002,0.033592511629807066,-0.00884497361815332,-0.03240714858318909,,,,,,,,25.150000000000002,0.027422471341081174,-0.0015408890143729208,-0.027379145266019596,,
,,,,,,,25.200000000000003,0.030328726564257332,-0.0012160329577269719,-0.03030433828439767,,,,,,,,25.200000000000003,0.024326827460864817,0.003197864818993485,-0.024115725054622145,,
,,,,,,,25.25,0.026831354307794295,0.004856383956660652,-0.026388200182200387,,,,,,,,25.25,0.021135677975102535,0.006324538131907764,-0.020167228388781613,,
,,,,,,,25.3,0.023138926890651702,0.008959225433469522,-0.02133406237178464,,,,,,,,25.3,0.01792773487526331,0.007815507012858118,-0.016134482572729068,,
,,,,,,,25.35,0.019295423321104375,0.010934108209004326,-0.015898384786336088,,,,,,,,25.35,0.014822688027584671,0.007849640497452202,-0.012573592343632757,,
,,,,,,,25.400000000000002,0.015355059137524647,0.010886409755790551,-0.01082884683361564,,,,,,,,25.400000000000002,0.012024447041647207,0.006778752620761799,-0.009931557761192013,,
,,,,,,,25.450000000000003,0.011397791907265378,0.009163977847268308,-0.006777253896387524,,,,,,,,25.450000000000003,0.009898140662572595,0.005078569392926366,-0.008495959127567915,,
,,,,,,,25.5,0.007592530965876479,0.006308297161716901,-0.004225152469114896,,,,,,,,25.5,0.008986650612499779,0.0032861097351288946,-0.008364291484628795,,
,,,,,,,25.55,0.004546740269374294,0.002984052903579419,-0.003430491997627901,,,,,,,,25.55,0.009631753350409715,0.0019308651196497553,-0.009436229781689755,,
,,,,,,,25.6,0.004402430611771048,-0.00010457250021754677,-0.00440118846263791,,,,,,,,25.6,0.011523316735787846,0.001467794633408534,-0.011429453508695215,,
,,,,,,,25.650000000000002,0.00727199550472661,-0.002301106848654169,-0.0068983205124030665,,,,,,,,25.650000000000002,0.014092891863004435,0.002219866507073877,-0.013916960650699141,,
,,,,,,,25.700000000000003,0.010911258168456913,-0.0030774326069544647,-0.01046828368780533,,,,,,,,25.700000000000003,0.016945681285593307,0.004336714525988551,-0.016381362011535765,,
,,,,,,,25.75,0.014651016978594285,-0.002098643570995505,-0.01449993081600658,,,,,,,,25.75,0.01986417090587117,0.007774077954940457,-0.018279742824453726,,
,,,,,,,25.8,0.01831467363194744,0.0007352276761805891,-0.01829991012297407,,,,,,,,25.8,0.022725507531855833,0.01229627882160148,-0.01911152060203141,,
,,,,,,,25.85,0.021824532659105972,0.005275251540599981,-0.021177392355334515,,,,,,,,25.85,0.025453104928291174,0.01750133922744761,-0.018481441386872507,,
,,,,,,,25.900000000000002,0.02513168620606437,0.011138846637734338,-0.02252837648702455,,,,,,,,25.900000000000002,0.027994292055583417,0.02286575678646303,-0.016150466069919486,,
,,,,,,,25.950000000000003,0.02819907725291788,0.01775232055529624,-0.02190988527624089,,,,,,,,25.950000000000003,0.030310091545270257,0.02780373115115894,-0.012068727503624286,,
,,,,,,,26.0,0.030996253483310043,0.02441570019954852,-0.019095583619449193,,,,,,,,26.0,0.03237034720654881,0.03173401841428397,-0.0063868187350517545,,
,,,,,,,26.05,0.0334974736591963,0.030382341158350357,-0.01410652640752357,,,,,,,,26.05,0.034151284977777654,0.03414676132780533,0.0005558385154703314,,
,,,,,,,26.1,0.03568096808918606,0.034944173461501325,-0.00721361385673093,,,,,,,,26.1,0.0356342358304148,0.03466268932777385,0.008264183673167627,,
,,,,,,,26.150000000000002,0.037528646427591995,0.03751285942168681,0.0010884303817774931,,,,,,,,26.150000000000002,0.03680493918672692,0.03307799093884348,0.016138465354192003,,
,,,,,,,26.200000000000003,0.039025989492722374,0.03768766512233951,0.010132509734141445,,,,,,,,26.200000000000003,0.0376531465364944,0.029389822237431452,0.023537157707567417,,
,,,,,,,26.25,0.04016201524167761,0.03530241179128877,0.019150122453682125,,,,,,,,26.25,0.03817238337126954,0.023799634307102295,0.029844735869016745,,
,,,,,,,26.3,0.04092926884302168,0.030446290839383373,0.027353764314039578,,,,,,,,26.3,0.038359794786690965,0.016694024052714335,0.0345366966718654,,
,,,,,,,26.35,0.041323812494039415,0.023456315777212213,0.03402144513688731,,,,,,,,26.35,0.038216034694116434,0.008605348314711686,0.0372345711419428,,
,,,,,,,26.400000000000002,0.041345202678282914,0.014882402180130854,0.03857382389467149,,,,,,,,26.400000000000002,0.03774517765231647,0.0001566037517863961,0.03774485277848964,,
,,,,,,,26.450000000000003,0.040996448718233006,0.005429147027740173,0.0406353684621893,,,,,,,,26.450000000000003,0.0369546439769454,-0.008003189373489063,0.03607762008939696,,
,,,,,,,26.5,0.04028394997316749,-0.004119026478689846,0.04007281180936163,,,,,,,,26.5,0.03585513724213116,-0.015265844533376734,0.032442947728818235,,
,,,,,,,26.55,0.039217411340490095,-0.012980872733685006,0.03700678715210325,,,,,,,,26.55,0.034460601262187314,-0.021125663325261293,0.02722571189921718,,
,,,,,,,26.6,0.03780973863246604,-0.020460144846915735,0.03179557843944064,,,,,,,,26.6,0.03278821363822812,-0.02522909571122445,0.020941816616042754,,
,,,,,,,26.650000000000002,0.0360769175078194,-0.026017117895434146,0.024993070105152868,,,,,,,,26.650000000000002,0.030858448480475507,-0.027407028509456956,0.014180924895928856,,
,,,,,,,26.700000000000003,0.03403788264449647,-0.029321943198388333,0.017285864224591205,,,,,,,,26.700000000000003,0.028695268356190243,-0.027686332206237896,0.007542243366506242,,
,,,,,,,26.75,0.031714388985506166,-0.03028408462399044,0.009416829997986629,,,,,,,,26.75,0.026326558076310316,-0.026279665399516112,0.0015706198250422343,,
,,,,,,,26.8,0.029130906820644384,-0.029054840152755293,0.0021038050981267956,,,,,,,,26.8,0.023785020006493792,-0.023554995617349174,-0.0032999027525021265,,
,,,,,,,26.85,0.026314583481477558,-0.026003017072509477,-0.004037376243358077,,,,,,,,26.85,0.021109981175563987,-0.01998856567417188,-0.006788854654651512,,
,,,,,,,26.900000000000002,0.023295362945570143,-0.021666857457230026,-0.0085569400309876,,,,,,,,26.900000000000002,0.01835108564439173,-0.01610686081736095,-0.008793826183065182,,
,,,,,,,26.950000000000003,0.02010647798849302,-0.01668795943218469,-0.01121527828863432,,,,,,,,26.950000000000003,0.015576081622116334,-0.012424310961929507,-0.009394190535650665,,
,,,,,,,27.0,0.01678588166716052,-0.011734912609776382,-0.012002401817337515,,,,,,,,27.0,0.012887817877593806,-0.009383866711619024,-0.00883396259809803,,
,,,,,,,27.05,0.013380350159163862,-0.007425445658870945,-0.011130881687853438,,,,,,,,27.05,0.010461166433908858,-0.007307178935200208,-0.0074860629951201815,,
,,,,,,,27.1,0.009958676529381628,-0.004255956053056969,-0.009003448022358116,,,,,,,,27.1,0.00860907026076979,-0.006359943245245024,-0.0058023454457773365,,
,,,,,,,27.150000000000002,0.006664882870114293,-0.0025463576216526933,-0.00615927970910513,,,,,,,,27.150000000000002,0.007799321649948783,-0.006536182264667984,-0.004255318977750024,,
,,,,,,,27.200000000000003,0.004008132799132658,-0.0024063556600522943,-0.0032053987229075384,,,,,,,,27.200000000000003,0.008334863083785579,-0.00766303857788685,-0.0032783810607172463,,
,,,,,,,27.25,0.0037997518647462764,-0.00372675713661016,-0.0007412121682541687,,,,,,,,27.25,0.009957396622694285,-0.009425293089475486,-0.0032114790485272063,,
,,,,,,,27.3,0.006237655519720991,-0.006196534841571925,0.0007150540817944751,,,,,,,,27.3,0.012175558098896037,-0.011406576215417031,-0.004258430938911111,,
,,,,,,,27.35,0.009376723761005614,-0.009343420320753968,0.000789585460814154,,,,,,,,27.35,0.014644548591957022,-0.013142357055814903,-0.006460747207534325,,
,,,,,,,27.400000000000002,0.012612648805373055,-0.012593135670225864,-0.000701315819701312,,,,,,,,27.400000000000002,0.017173888803372547,-0.014178488989608093,-0.009690867174931611,,
,,,,,,,27.450000000000003,0.015786822073272755,-0.015340288719866039,-0.0037281755812089397,,,,,,,,27.450000000000003,0.0196560401257253,-0.01412850244428271,-0.013665479578339742,,
,,,,,,,27.5,0.018830328717081273,-0.01702268151154621,-0.00805044059352024,,,,,,,,27.5,0.022024045342215148,-0.01272302759791407,-0.01797729517971671,,
,,,,,,,27.55,0.021700172811750292,-0.017190456036354225,-0.01324332742636831,,,,,,,,27.55,0.024231903069037476,-0.009845673185459394,-0.022141541181054984,,
,,,,,,,27.6,0.02436393054513597,-0.015562152924922235,-0.018746213162917566,,,,,,,,27.6,0.026245588031087435,-0.005551269135805545,-0.025651789451798735,,
,,,,,,,27.650000000000002,0.026795010608544285,-0.012061306055425826,-0.023926919771448833,,,,,,,,27.650000000000002,0.028038771688178206,-6.44157652524999e-05,-0.02803869769427551,,
,,,,,,,27.700000000000003,0.028970945472033542,-0.006829455863538493,-0.02815447058908266,,,,,,,,27.700000000000003,0.029590681349321243,0.006241463880410024,-0.028924946868518275,,
,,,,,,,27.75,0.0308727235027398,-0.00021417425791539924,-0.030871980595094134,,,,,,,,27.75,0.030884980133849414,0.01288215665452703,-0.028070127142506816,,
,,,,,,,27.8,0.03248452414893062,0.007266456641750017,-0.031661378950639904,,,,,,,,27.8,0.03190915681541859,0.01931343925489182,-0.025400499066328956,,
,,,,,,,27.85,0.03379361917727105,0.014978805499847864,-0.030292640738241172,,,,,,,,27.85,0.032654179310212264,0.02498884761407481,-0.02102029784146843,,
,,,,,,,27.900000000000002,0.03479034127079699,0.022241807493724373,-0.026752006376169746,,,,,,,,27.900000000000002,0.03311428721994677,0.02941792015174105,-0.015203354630834533,,
,,,,,,,27.950000000000003,0.03546807508382672,0.028400499914330395,-0.021246080927269595,,,,,,,,27.950000000000003,0.033286857883968006,0.03221838467101389,-0.008366038308426504,,
,,,,,,,28.0,0.035823248922397896,0.03289668000464493,-0.014181452958991073,,,,,,,,28.0,0.03317231074532106,0.03315648282410081,-0.0010246203781161315,,
,,,,,,,28.05,0.03585531600985879,0.03532876825898281,-0.006122239742931094,,,,,,,,28.05,0.03277403154173519,0.03217100102885415,0.006258101653066819,,
,,,,,,,28.1,0.03556671979711647,0.035494234026404524,0.0022695611922624193,,,,,,,,28.1,0.03209830800460142,0.02937844152986899,0.01293091450881679,,
,,,,,,,28.150000000000002,0.034962840883071535,0.03340995504817434,0.01030413248623816,,,,,,,,28.150000000000002,0.03115427609182382,0.025058906868939083,0.018510540384857027,,
,,,,,,,28.200000000000003,0.03405192514427838,0.02930840421973642,0.017336408166747648,,,,,,,,28.200000000000003,0.029953882646385672,0.019624440955305657,0.022629989014252012,,
,,,,,,,28.25,0.03284499433634705,0.02361029566543582,0.022833037282529285,,,,,,,,28.25,0.028511878912901346,0.013573524432709972,0.02507362505938409,,
,,,,,,,28.3,0.031355742233987585,0.016876966273215905,0.026426323627341836,,,,,,,,28.3,0.026845872537714803,0.007436941843574812,0.025795208243519104,,
,,,,,,,28.35,0.02960042192005429,0.009748019671048947,0.02794925920911095,,,,,,,,28.35,0.024976488916819202,0.0017211550148954796,0.02491711508234235,,
,,,,,,,28.400000000000002,0.02759773415242391,0.002871365851045283,0.027447954176902073,,,,,,,,28.400000000000002,0.022927737165901414,-0.003144467313651248,0.022711086650841608,,
,,,,,,,28.450000000000003,0.02536873502761253,-0.0031664249408619046,0.025170349024101802,,,,,,,,28.450000000000003,0.020727766264713114,-0.006850717495714237,0.01956292319972897,,
,,,,,,,28.5,0.022936798624853715,-0.007901652526253612,0.021532780092487856,,,,,,,,28.5,0.01841039097201228,-0.00923722839383341,0.015925329112533564,,
,,,,,,,28.55,0.02032771045645886,-0.011040098142852848,0.017068451757491186,,,,,,,,28.55,0.016018206651167627,-0.010303756630572083,0.012264401478158344,,
,,,,,,,28.6,0.0175700690728997,-0.012483672297948821,0.012363868859863073,,,,,,,,28.6,0.013609149819507322,-0.010203064678686388,0.00900591083524251,,
,,,,,,,28.650000000000002,0.014696461181671496,-0.012334367561566313,0.007990578709990776,,,,,,,,28.650000000000002,0.011270806677733008,-0.009216493472853676,0.0064874749503698705,,
,,,,,,,28.700000000000003,0.011746820866942356,-0.0108753849428005,0.004440022840700324,,,,,,,,28.700000000000003,0.009151576146048713,-0.007715269527253931,0.004921987614648652,,
,,,,,,,28.75,0.008779144550211929,-0.00853189267963781,0.0020688611206793393,,,,,,,,28.75,0.0075173759150654424,-0.006112178438575567,0.004376324414782106,,
,,,,,,,28.8,0.005912121440674901,-0.0058161628935093235,0.0010608624441713083,,,,,,,,28.8,0.0067719177081910125,-0.004809283344160179,0.0047675636505551235,,
,,,,,,,28.85,0.0035549296192162296,-0.0032635580414847594,0.0014095082502209799,,,,,,,,28.85,0.007193213249587513,-0.004147758491805962,0.005876939369067277,,
,,,,,,,28.900000000000002,0.003226829767131164,-0.0013668146073382373,0.002923054596686587,,,,,,,,28.900000000000002,0.008574306294386594,-0.00436560593621535,0.007379716338697501,,
,,,,,,,28.950000000000003,0.0052765314588447175,-0.0005161919834256531,0.0052512217694956525,,,,,,,,28.950000000000003,0.010487554234772467,-0.00556806789066787,0.008887373841141565,,
,,,,,,,29.0,0.007987196814257871,-0.000952313843591108,0.007930221389910614,,,,,,,,29.0,0.012627303697010981,-0.007714052570745186,0.009997109161769055,,
,,,,,,,29.05,0.010793558474321155,-0.0027370190496412298,0.01044076775244479,,,,,,,,29.05,0.014824309178311929,-0.01062003179692684,0.010342875192442676,,
,,,,,,,29.1,0.013550608535232388,-0.005745437332430958,0.012272283468622353,,,,,,,,29.1,0.016983322536100798,-0.013980858413186997,0.009642035179133483,,
,,,,,,,29.150000000000002,0.016196788454694022,-0.009680055283702832,0.012985857151168977,,,,,,,,29.150000000000002,0.019045277262031365,-0.017405020250317673,0.007732260734977874,,
,,,,,,,29.200000000000003,0.018694193939013982,-0.014105021620920456,0.012268710286857111,,,,,,,,29.200000000000003,0.020969723561724597,-0.020460213566047325,0.004594449595640446,,
,,,,,,,29.25,0.021014412580911714,-0.018496643488300622,0.00997395186410516,,,,,,,,29.25,0.022726802301214113,-0.02272396570891977,0.00035906169150941146,,
,,,,,,,29.3,0.02313419526777337,-0.02230420668404412,0.006141120002321187,,,,,,,,29.3,0.024293428202893954,-0.023833491229098416,-0.004704821960675262,,
,,,,,,,29.35,0.025033905280295563,-0.025014114682070022,0.0009952287450927986,,,,,,,,29.35,0.02565138435165193,-0.023529084880826737,-0.010216441837891709,,
,,,,,,,29.400000000000002,0.02669691391013616,-0.026210007757883475,-0.005075500532647951,,,,,,,,29.400000000000002,0.026786327234256134,-0.02168612015940329,-0.015723215928447148,,
,,,,,,,29.450000000000003,0.028109360857446725,-0.025622025778364553,-0.011560621212849263,,,,,,,,29.450000000000003,0.02768724578208362,-0.01833204132902932,-0.020748972015699186,,
,,,,,,,29.5,0.029260064642859938,-0.023159652575973647,-0.01788244601458479,,,,,,,,29.5,0.028346154875295442,-0.013646456396109716,-0.024845094567002794,,
,,,,,,,29.55,0.03014049405922672,-0.018924475577565374,-0.02345876395397705,,,,,,,,29.55,0.028757912423873933,-0.007944360130912268,-0.027638825392725615,,
,,,,,,,29.6,0.03074476033719621,-0.013201491570503291,-0.027766182822015054,,,,,,,,29.6,0.028920101757536235,-0.001644420714506315,-0.028873312352065757,,
,,,,,,,29.650000000000002,0.03106961046934823,-0.0064300245475865814,-0.030396964964194487,,,,,,,,29.650000000000002,0.028832948034384936,0.004774064691057434,-0.028434964369225803,,
,,,,,,,29.700000000000003,0.031114411809576525,0.000842382577491902,-0.031103006508198743,,,,,,,,29.700000000000003,0.028499252175870418,0.01082068861554262,-0.026365129858760817,,
,,,,,,,29.75,0.030881122969471386,0.008017842924396678,-0.029822105068142243,,,,,,,,29.75,0.027924334792247124,0.01604437629187373,-0.022854900196550048,,
,,,,,,,29.8,0.030374248783692784,0.014511220012464856,-0.026683693202469216,,,,,,,,29.8,0.02711598896070406,0.020079142365561166,-0.01822374547617891,,
,,,,,,,29.85,0.029600778895110796,0.019811357159583144,-0.021993549933848115,,,,,,,,29.85,0.0260844466145513,0.02268012388894097,-0.012884499818373463,,
,,,,,,,29.900000000000002,0.0285701109381074,0.023533625649867704,-0.016199373530715717,,,,,,,,29.900000000000002,0.024842370537775594,0.023745989188428122,-0.007298723956911622,,
,,,,,,,29.950000000000003,0.027293960812747434,0.02545801162175718,-0.00984123676751398,,,,,,,,29.950000000000003,0.023404895038563578,0.0233253895206071,-0.0019275153639155048,,
,,,,,,,30.0,0.025786264638208385,0.025548642091556304,-0.0034926109530369646,,,,,,,,30.0,0.021789757788793034,0.021606937035143825,0.0028167031177596387,,
