mea_k,mea_chik,mea_k3chik,mea_r,mea_chir_mag,mea_chir_re,mea_chir_im,mea_q,mea_chiq_mag,mea_chiq_re,mea_chiq_im,fit_k,fit_chik,fit_k3chik,fit_r,fit_chir_mag,fit_chir_re,fit_chir_im,fit_q,fit_chiq_mag,fit_chiq_re,fit_chiq_im,win_k,win_r
0.0,-2.0887312518824506,-0.0,0.0,0.23966819055044272,-0.23966819055044272,0.0,0.0,0.13303272355782791,0.13290106603517263,-0.005917109423371183,0.0,-0.014645028143072787,-0.0,0.0,0.39653103133482354,-0.39653103133482354,0.0,0.0,0.05987096851120384,0.05933236087180594,-0.008012728863960978,0.0,0.0
0.05,-2.019707436032455,-0.0002524634295040569,0.030679615757712823,0.24875166601014218,-0.19313095875175276,0.15677316133334201,0.05,0.13314037776538384,0.13200067273768654,0.017383399791389833,0.05,-0.01455440398239202,-1.819300497799003e-06,0.030679615757712823,0.3943869876637655,-0.348732319271953,0.18419246872145387,0.05,0.06234130696986485,0.062338833192055694,0.0005553656128846825,0.0,0.0
0.1,-1.9512900371365793,-0.0019512900371365799,0.06135923151542565,0.27354721245753744,-0.06658467543643314,0.26531972870541304,0.1,0.1326216413866973,0.12652186561042789,0.03975823545579665,0.1,-0.014463779821711254,-1.4463779821711258e-05,0.06135923151542565,0.38819385342029594,-0.2176711348945428,0.32142455548234017,0.1,0.06480369225999555,0.06398995153864864,0.010237413374950028,0.0,0.0
0.15000000000000002,-1.8828405998900355,-0.006354587024628873,0.09203884727313846,0.3086081799090461,0.10423957844445972,0.29047051312051536,0.15000000000000002,0.13149700302457434,0.11691207011421141,0.06019160793710886,0.15000000000000002,-0.014326158547734287,-4.8350785098603245e-05,0.09203884727313846,0.37866954604404873,-0.0371900692195753,0.3768388566120128,0.15000000000000002,0.06716171640279946,0.06387234438990995,0.02076101568581846,0.0,0.0
0.2,-1.8137206689880334,-0.01450976535190427,0.1227184630308513,0.3484675948339258,0.2704429976779039,0.21975042583879176,0.2,0.1298014082614205,0.10386578272534361,0.07784795928924326,0.2,-0.014161879202999819,-0.00011329503362399858,0.1227184630308513,0.36700705858946625,0.14604559974722942,0.33669699114925866,0.2,0.06932331510260144,0.061650214598758205,0.03170131001617486,0.0,0.0
0.25,-1.7432917891257842,-0.027238934205090378,0.15339807878856412,0.38885002786489453,0.38302533997063715,0.06705171967151233,0.25,0.12758618284156611,0.08825772518637919,0.09213472742135352,0.25,-0.013999752928232098,-0.00021874613950362653,0.15339807878856412,0.354843047063929,0.28455114558852135,0.21200055092823192,0.25,0.07120284989361875,0.05712085146842833,0.04250945965893887,0.0,0.0
0.30000000000000004,-1.670915504998499,-0.04511471863495949,0.18407769454627693,0.4266180962904005,0.4061155289162775,-0.1306643687295721,0.30000000000000004,0.12492141480573876,0.07106012314052196,0.10274151437623111,0.30000000000000004,-0.01387720171093011,-0.00037468444619511316,0.18407769454627693,0.344154567346414,0.3422904186830188,0.0357719932796746,0.30000000000000004,0.07272268611566655,0.05025860550355553,0.05256102785063986,0.0,0.0
0.35000000000000003,-1.5959528459633168,-0.06842647827067723,0.21475731030398976,0.4594408075547497,0.3268925542873311,-0.322842242586166,0.35000000000000003,0.12189879759239243,0.053252141841767915,0.10965184104124878,0.35000000000000003,-0.013840154762313301,-0.000593396635434183,0.21475731030398976,0.3370247907791746,0.30407440336638203,-0.14534258432106256,0.35000000000000003,0.07381456923891422,0.04124032898138362,0.061219489522812184,0.0,0.0
0.4,-1.5177413177792456,-0.09713544433787175,0.2454369260617026,0.48553489251214726,0.1595462138581804,-0.4585729358458719,0.4,0.11863482219937985,0.035730328552105346,0.11312632169321636,0.4,-0.013942495017335006,-0.0008923196811094406,0.2454369260617026,0.335248351184544,0.1796672796248082,-0.2830390884739709,0.4,0.0744210392324708,0.03044721646039587,0.06790771745725782,0.0,0.0
0.45,-1.4355856804397527,-0.13081774513007247,0.2761165418194154,0.5035146366378723,-0.05785730400814497,-0.5001794894650097,0.45,0.11527397438146568,0.019228878864582705,0.11365887289301267,0.45,-0.014244812811974464,-0.0012980585674911731,0.2761165418194154,0.3398595911990588,0.0015058724398382384,-0.3398562550228939,0.45,0.07449708561680113,0.018440728420464233,0.07217863465541365,0.0,0.0
0.5,-1.3486439931605037,-0.16858049914506296,0.30679615757712825,0.5123207527814334,-0.27291124281855955,-0.433580450751373,0.5,0.1119911815247578,0.00425766296045683,0.1119102186818809,0.5,-0.014812202999762832,-0.001851525374970354,0.30679615757712825,0.35080231897459624,-0.18344503431406056,-0.29901536145065777,0.5,0.07401224534771891,0.005913545978518369,0.07377562222964229,0.0,0.0
0.55,-1.2552882689886595,-0.20884858575298829,0.3374757733348411,0.51120334934054,-0.43243208805815303,-0.2726377699341234,0.55,0.10899213099184164,-0.008935702801174958,0.10862521730055062,0.55,-0.01571084485137918,-0.002613891812148212,0.3374757733348411,0.3669389564014433,-0.3256794198454531,-0.1690476655091971,0.55,0.07295338674750437,-0.0063801050407268235,0.0726738666757194,0.0,0.0
0.6000000000000001,-1.154062053297364,-0.24927740351223074,0.36815538909255385,0.49974896510058586,-0.49657860203291776,-0.056202492134599165,0.6000000000000001,0.10650934938247897,-0.020375723182367744,0.10454219918613963,0.6000000000000001,-0.017003142172764045,-0.0036726787093170356,0.36815538909255385,0.3863746743490537,-0.3859531744393933,0.018042619501961798,0.6000000000000001,0.07132850995500303,-0.017707340095823802,0.06909563256191956,0.0,0.0
0.65,-1.044614045720052,-0.28687713230586925,0.3988350048502667,0.4779582267434298,-0.4498257230711829,0.16155768435828516,0.65,0.1047915049468954,-0.03033949614967289,0.10030341211753062,0.65,-0.018741286146326055,-0.005146825707934793,0.3988350048502667,0.40688511216684586,-0.3456295309856244,0.21469914255460837,0.65,0.06917202970162845,-0.027442941801525057,0.06349531193970998,0.0,0.0
0.7000000000000001,-0.9233828951763682,-0.31672033304549435,0.4295146206079795,0.4464047374861505,-0.3058133856125586,0.32520049635611487,0.7000000000000001,0.10408411023778028,-0.03930930479599979,0.09637572599179518,0.7000000000000001,-0.020959246388394196,-0.007189021511219211,0.4295146206079795,0.4262623035888098,-0.21187173360214942,0.3698782501868128,0.7000000000000001,0.06655217141931852,-0.03514809957831401,0.05651373830016273,0.0,0.0
0.75,-0.7868488501872793,-0.33195185867275845,0.46019423636569234,0.40655227166233604,-0.10459684628658862,0.3928667068366899,0.75,0.10460254585935022,-0.047901600427001985,0.09298994180441941,0.75,-0.023663403827914778,-0.009982998489901546,0.46019423636569234,0.44252629431990803,-0.016260535102848063,0.44222744845009215,0.75,0.06358121367237042,-0.0406306216080101,0.048905248387042535,0.0,0.0
0.8,-0.6396956953917717,-0.3275241960405872,0.4908738521234052,0.36140291295183985,0.0972464549566726,0.34807354465462464,0.8,0.10650282413160858,-0.05677905806942812,0.09010543886334973,0.8,-0.026822312218293055,-0.013733023855766047,0.4908738521234052,0.45403701792470985,0.19293000214993442,0.4110080630795333,0.8,0.06042903782592462,-0.043977196231531394,0.04144484074261125,0.0,0.0
0.8500000000000001,-0.475210828437524,-0.29183885001419446,0.521553467881118,0.31679126276952657,0.24132768519403408,0.20522585735233373,0.8500000000000001,0.10985914338216182,-0.06655422441901294,0.08740461427548347,0.8500000000000001,-0.03035640217202792,-0.01864262548389665,0.521553467881118,0.459558094987145,0.36293756395864735,0.28190418112538973,0.8500000000000001,0.057338974141092486,-0.04555114961337661,0.034826006438474284,0.0,0.0
0.9,-0.29846032846367165,-0.21757757945001666,0.5522330836388308,0.2834034889585095,0.28331363380962304,0.007135996877999537,0.9,0.11465634322252992,-0.07769436861444373,0.08431881241315917,0.9,-0.034128796316276154,-0.024879892514565318,0.5522330836388308,0.4583117665522076,0.45014988334382544,0.08610898841436708,0.9,0.054640603518503736,-0.04595310574891323,0.029561928639645973,0.0,0.0
0.9500000000000001,-0.1168989949752547,-0.10022627581690903,0.5829126993965437,0.2768658993882591,0.20584395967933555,-0.1851566647668987,0.9500000000000001,0.12079916007842417,-0.09043737347476513,0.08008444639652944,0.9500000000000001,-0.03793874256211725,-0.03252772940419529,0.5829126993965437,0.45005161579830855,0.43169182301947906,-0.12723453470181398,0.9500000000000001,0.05274537649983869,-0.04594658337871871,0.02590340166719778,0.0,0.0
1.0,0.06818630278114206,0.06818630278114206,0.6135923151542565,0.3089875327687906,0.02498118235599812,-0.30797603142881236,1.0,0.1281329551856568,-0.10472782651771467,0.07382504017936589,1.0,-0.041519432690032644,-0.041519432690032644,0.6135923151542565,0.4351755221936848,0.3119171109157071,-0.3034558469275963,1.0,0.05210163616763824,-0.04635532397522347,0.02378580312911511,0.0,0.0
1.05,0.24089670411348038,0.27886804709936774,0.6442719309119693,0.37729384601086646,-0.21181576645758016,-0.3122254430978668,1.05,0.13646744987499745,-0.12018092012129229,0.06465223363646844,1.05,-0.04454207954920076,-0.05156302483814353,0.6442719309119693,0.4149032565754843,0.1219874865429198,-0.3965649574078415,1.05,0.053095069133511946,-0.04794343834591014,0.022814755880007274,0.0,0.0
1.1,0.3775932279145247,0.5025765863542325,0.6749515466696822,0.47099422545749176,-0.4361232861742004,-0.17785398413001346,1.1,0.14559683809533797,-0.13607945722014883,0.05177664131661822,1.1,-0.04662799791220232,-0.06206186522114131,0.6749515466696822,0.39153955412821084,-0.08755525805356545,-0.38162455271390977,1.1,0.055928974200742734,-0.05129270017909565,0.022295942758375282,0.0,0.0
1.1500000000000001,0.4716858372628209,0.7173751977470929,0.705631162427395,0.580475956307544,-0.5751694098682921,0.07831018964935682,1.1500000000000001,0.15531353691374336,-0.15140635895636032,0.03461804755087282,1.1500000000000001,-0.04737000454248251,-0.07204385565854811,0.705631162427395,0.3687959753193314,-0.2595232007721814,-0.26202705904676893,1.1500000000000001,0.06056552091550337,-0.056693001584115714,0.021309291286894787,0.0,0.0
1.2000000000000002,0.517253875716653,0.8938146972383769,0.7363107781851077,0.6991051256887331,-0.5707326160788168,0.40374776495739156,1.2000000000000002,0.1654158927347164,-0.1649118148195841,0.012903910342776078,1.2000000000000002,-0.046363697658471065,-0.08011646955383804,0.7363107781851077,0.35195977477411533,-0.3450050542325474,-0.06962180414958383,1.2000000000000002,0.06676959025165335,-0.06406177077376704,0.01882200062966232,0.0,0.0
1.25,0.5182322907768793,1.0121724429235923,0.7669903939428205,0.8221449116439441,-0.39564793406445325,0.7206836809672872,1.25,0.17571149326515478,-0.17521087364555837,-0.013254381231529265,1.25,-0.04324816173377937,-0.08446906588628783,0.7669903939428205,0.3473168686749379,-0.3166941895920629,0.14259662529243305,1.25,0.07420592945567356,-0.07290589703214942,0.013829321903767606,0.0,0.0
1.3,0.48323198855867566,1.0616606788634104,0.7976700097005334,0.9458221323807874,-0.06360989559194281,0.9436807125739732,1.3,0.1860178287197192,-0.18090413384661794,-0.04331658987967241,1.3,-0.03775463666407098,-0.08294693675096394,0.7976700097005334,0.3601842604671262,-0.1771135782426982,0.313629529684815,1.3,0.08251950224195978,-0.08233551740989475,0.005507342653741708,0.0,0.0
1.35,0.42394282855025495,1.0430583367943338,0.8283496254582462,1.066834996596536,0.3705798673837783,1.0004036544580155,1.35,0.19616162651164817,-0.1807115389614366,-0.07630677166467294,1.35,-0.029761497221443608,-0.07322444372620933,0.8283496254582462,0.3923862720457296,0.04059251473698206,0.39028096832573483,1.35,0.09137490087055036,-0.09113324715753092,-0.006641067054870479,0.0,0.0
1.4000000000000001,0.34814929198607064,0.955321657209778,0.859029241215959,1.182123838968702,0.8209381969285872,0.8505746572063749,1.4000000000000001,0.20597770542882304,-0.17360738019982308,-0.11084806120937375,1.4000000000000001,-0.019357462492590172,-0.053116877079667446,0.859029241215959,0.44162113466373415,0.27981625471825455,0.3416607823223686,1.4000000000000001,0.10046610139254422,-0.09787566209758765,-0.02266698696288985,0.0,0.0
1.4500000000000002,0.26959555477424124,0.8218957481736215,0.8897088569736719,1.2887746130574975,1.1885280708488999,0.4983382667081618,1.4500000000000002,0.21530783027949563,-0.15894366410889943,-0.14523902168254046,1.4500000000000002,-0.006939657001139159,-0.02115641182509788,0.8897088569736719,0.5031783293812216,0.4740956695680696,0.16858744691014518,1.4500000000000002,0.10951294494077041,-0.1010968202433585,-0.04210128319044763,0.0,0.0
1.5,0.19411631055998552,0.6551425481399511,0.9203884727313847,1.3839889142704762,1.3839785473420958,-0.005356801324856627,1.5,0.2239998174313626,-0.1365491668747373,-0.17756757371518855,1.5,0.0009452664150927181,0.0031902741509379235,0.9203884727313847,0.5718714360230881,0.5639657109668894,-0.09476083680888375,1.5,0.11825416923989376,-0.0994771926693816,-0.06394010229297548,0.0,0.0
1.55,0.12472245700830738,0.4644508395918107,0.9510680884890975,1.465088392326881,1.3490406300238742,-0.5714659883805453,1.55,0.23190701534602987,-0.10679283004320639,-0.20585469442805177,1.55,-0.007889551780713613,-0.02937970463740491,0.9510680884890975,0.6429441690412508,0.5128738384397351,-0.38773396852511793,1.55,0.1264410148604095,-0.0920364116855633,-0.08669849573652247,0.0,0.0
1.6,0.06542842764948001,0.26799483965227017,0.9817477042468103,1.5295374649918363,1.0719120136196283,-1.0910955466280514,1.6,0.2388882269897815,-0.07060262409739804,-0.22821668314319807,1.6,-0.01353971321874582,-0.055458665343982895,0.9817477042468103,0.7122315712648867,0.31803475486562893,-0.6372814965178328,1.6,0.13383250833407723,-0.0783054876357852,-0.10853290235275541,0.0,0.0
1.6500000000000001,0.020015168780620665,0.08991064005864563,1.012427320004523,1.5749757595585323,0.5923425582555703,-1.4593419533735819,1.6500000000000001,0.24480812734967655,-0.029434485293823934,-0.2430321589665514,1.6500000000000001,-0.0165732564024004,-0.07444913941663292,1.012427320004523,0.7760731472571051,0.013197994315265672,-0.7759609157938321,1.6500000000000001,0.14019242307522206,-0.05845414310780374,-0.12742459982764104,0.0,0.0
1.7000000000000002,-0.014368569619244593,-0.0705927825393487,1.043106935762236,1.59925532707266,-0.0051596301198093926,-1.5992470038700424,1.7000000000000002,0.24953824474852035,0.014809811115717124,-0.2490983843522258,1.7000000000000002,-0.017688009239504372,-0.086901189393685,1.043106935762236,0.8312099479896771,-0.3377841355745194,-0.759481306808256,1.7000000000000002,0.1452876268574128,-0.03335193005421956,-0.14140772001385662,0.0,0.0
1.75,-0.0374456158491259,-0.20068509744140914,1.0737865515199487,1.6004794908729674,-0.6088871332251796,-1.480132108866575,1.75,0.2529586139271971,0.059912257671535345,-0.24576122912426263,1.75,-0.017612472095390793,-0.09439184263623503,1.0737865515199487,0.874725801161241,-0.6554181804130954,-0.5792859708306096,1.75,0.14888752636466468,-0.004547756365178501,-0.148818054748178,0.0,0.0
1.8,-0.05312574464606573,-0.3098293427758554,1.1044661672776617,1.5770411524437717,-1.1044689170469342,-1.1257029838187123,1.8,0.2549602741522037,0.10350731995788423,-0.2330042405427486,1.8,-0.01705067044793729,-0.09943951005237028,1.1044661672776617,0.9040352321289721,-0.8637961374840932,-0.26671320514373875,1.8,0.15076441172546146,0.02583908150585416,-0.1485336652407739,0.0,0.0
1.85,-0.062063377427472116,-0.3929620321042182,1.1351457830353744,1.527658923945773,-1.4007554534731208,-0.6096113085208217,1.85,0.25544888639344654,0.14327691202604062,-0.21148489317191,1.85,-0.016423271669385654,-0.10398599748367396,1.1351457830353744,0.9169107032100233,-0.9099498011349723,0.11276789026812498,1.85,0.15069462837330394,0.05531305955937114,-0.14017609090978977,0.0,0.0
1.9000000000000001,-0.06677025139353616,-0.4579771543082647,1.1658253987930873,1.4514098013015944,-1.4508827673219535,-0.03911018796328574,1.9000000000000001,0.25434989812132314,0.1771551575715408,-0.18251005676436027,1.9000000000000001,-0.016034557072532287,-0.10998102696049898,1.1658253987930873,0.9115469235695316,-0.7784223320945529,0.47431684216940373,1.9000000000000001,0.14846067015665154,0.08126759689184375,-0.12424229665772794,0.0,0.0
1.9500000000000002,-0.06697222470491493,-0.4965906746588562,1.1965050145508,1.3477573457536411,-1.2632819172292915,0.46964737903493614,1.9500000000000002,0.25161592259137544,0.203523999780598,-0.14794780841504945,1.9500000000000002,-0.016188508055392483,-0.12003576366722837,1.1965050145508,0.886671993334506,-0.49709343634666114,0.7342243113006093,1.9500000000000002,0.14385456417602585,0.10129672076250017,-0.10214259638876629,0.0,0.0
2.0,-0.06358886436477404,-0.5087109149181923,1.227184630308513,1.2165745795608423,-0.8996486390127737,0.8189542319056079,2.0,0.24723736771372487,0.22137982018813887,-0.11007856833861396,2.0,-0.017145718321487802,-0.13716574657190242,1.227184630308513,0.8417382218415095,-0.13228499365346424,0.8312784819559623,2.0,0.13668348526394689,0.11352021542564589,-0.07612841672867322,0.0,0.0
2.0500000000000003,-0.05527730726806885,-0.4762209117778218,1.2578642460662257,1.058161121924651,-0.45995256087935105,0.9529683109596891,2.0500000000000003,0.2412579112243679,0.23045211627847634,-0.07139469049667915,2.0500000000000003,-0.0190073203861461,-0.16375044104169695,1.2578642460662257,0.7772772347881332,0.22623567195646715,0.7436244485318462,2.0500000000000003,0.12677989841936504,0.11688377349027886,-0.0491052557054508,0.0,0.0
2.1,-0.04340646397561661,-0.4019872628781854,1.2885438618239387,0.8732547969355335,-0.05773352100793163,0.8713442379008118,2.1,0.2337972394793566,0.23125807207568091,-0.03436354591724767,2.1,-0.021544683132564895,-0.1995253104906835,1.2885438618239387,0.6956339961214396,0.487160637706909,0.49656940061675253,2.1,0.11402224463248405,0.11139417221894983,-0.02433948780654559,0.0,0.0
2.15,-0.02893268129785951,-0.2875438364936145,1.3192234775816514,0.663040535466911,0.20856268875529793,0.6293841088964741,2.15,0.2250845374284274,0.22508147459030228,-0.001174217026039204,2.15,-0.02421617734292382,-0.2406694515004805,1.3192234775816514,0.6026322288532003,0.5813359512777606,0.1587895305256525,2.15,0.09838386584770767,0.09825255426258138,-0.005081401383303861,0.0,0.0
2.2,-0.014306871850067394,-0.15233957145951765,1.3499030933393643,0.42917537621112906,0.28125209678728247,0.32417396810774496,2.2,0.21550718506985614,0.21387064299690264,0.026508392648831834,2.2,-0.026776624351358892,-0.2851174960932696,1.3499030933393643,0.5114615092611537,0.4813665154053592,-0.17285587436416303,2.2,0.08007137034072308,0.07985661300515562,0.0058605211019188514,0.0,0.0
2.25,-0.0025752727292050605,-0.02933396593110139,1.380582709097077,0.17408657741452865,0.1595694940885871,0.06959678866310608,2.25,0.2056785196897822,0.20005743181817157,0.04775643868734096,2.25,-0.029166530129047123,-0.3322250072511774,1.380582709097077,0.44987212612439725,0.21190397055370924,-0.39683956094026,2.25,0.06001287289488062,0.05965445419979531,0.0065491226299117114,0.0,0.0
2.3000000000000003,0.002913788539441114,0.03545206515938004,1.41126232485479,0.1038755536077201,-0.09814710611131926,-0.034018762459615874,2.3000000000000003,0.19652207168020616,0.18630737112350945,0.06253389578882006,2.3000000000000003,-0.031092145756526964,-0.37829813741966367,1.41126232485479,0.45956220164632855,-0.1526280062500437,-0.43347676857030915,2.3000000000000003,0.04201134713281355,0.041848192913647796,-0.00369892386727276,0.0,0.0
2.35,-0.0003126129548880081,-0.0040570518519172085,1.4419419406125027,0.3940569182239328,-0.3874719866746754,0.07173781668355558,2.35,0.18934823524707775,0.17521892018396326,0.0717710540590607,2.35,-0.03204264873794286,-0.4158454899899302,1.4419419406125027,0.5610108313374763,-0.5032173929981175,-0.24800283922194202,2.35,0.0391928359606233,0.03096255005636887,-0.02402912575694711,0.0,0.0
2.4000000000000004,-0.011732456262888505,-0.16218947537817077,1.4726215563702154,0.6987591320316987,-0.5836509702167091,0.3842081071018506,2.4000000000000004,0.18585406872583143,0.1689968695878223,0.07734205150797756,2.4000000000000004,-0.031475289071591334,-0.4351143961256788,1.4726215563702154,0.7342100683754768,-0.7215426214155812,0.1357964284679589,2.4000000000000004,0.060622134496462025,0.03131109098796951,-0.051910102793678095,0.0,0.2499999999999989
2.45,-0.0253812164033574,-0.37325934107982445,1.5033011721279284,1.013532695669741,-0.5743859151130883,0.835062480124255,2.45,0.18793258114282407,0.16913035778281163,0.08193642127443865,2.45,-0.029219553784333413,-0.4297064103966303,1.5033011721279284,0.952775556168691,-0.709864269040033,0.6355108024045053,2.45,0.09524605511628519,0.04640837168927925,-0.08317496048910476,0.0,0.7500000000000011
2.5,-0.03841080734805774,-0.6001688648134021,1.533980787885641,1.3346139588153951,-0.29189188480434886,1.3023031700223515,2.5,0.19724171676807872,0.17610906575975588,0.08882506285303132,2.5,-0.02535882730766688,-0.396231676682295,1.533980787885641,1.2000329547691417,-0.41854373702004927,1.1246778350857853,2.5,0.13692185755085576,0.07838821160162185,-0.1122625643617506,0.0,1.0
2.5500000000000003,-0.047157735024962406,-0.7819400885995362,1.564660403643354,1.658105848587355,0.2637855695808411,1.6369887532907805,2.5500000000000003,0.21473143050105634,0.18921135523071428,0.10153152366032159,2.5500000000000003,-0.01990212426744935,-0.3300045857751781,1.564660403643354,1.4659176066696558,0.13570927838155264,1.4596223557157686,2.5500000000000003,0.18399224878794346,0.12749490806524236,-0.13265819247781074,0.006155829702431202,1.0
2.6,-0.050614943769050444,-0.8896082516848306,1.5953400194010667,1.979983969530713,1.0165470721655447,1.6991081689139917,2.6,0.24048683679196356,0.2063950717226198,0.12343011398690004,2.6,-0.012890889305631682,-0.22657027043578246,1.5953400194010667,1.7433771935997282,0.8660123970512038,1.5130718976034458,2.6,0.23593131640128798,0.1917141864319217,-0.13751093330928646,0.02447174185242326,1.0
2.6500000000000004,-0.050992751194287866,-0.9489559774439997,1.6260196351587797,2.296147381115605,1.8241948232246148,1.3944913204192293,2.6500000000000004,0.27397327802994476,0.2243153667296812,0.15730217202379002,2.6500000000000004,-0.004675856532106425,-0.08701593661630107,1.6260196351587797,2.0266525502935204,1.6279811687886097,1.2070616693777094,2.6500000000000004,0.29252259360327293,0.2666033864027357,-0.12038314718838009,0.05449673790581632,1.0
2.7,-0.04769714051977775,-0.9388228168507856,1.6566992509164924,2.6024786521418686,2.505475815356358,0.7039077166209716,2.7,0.31441154456748865,0.23848443483406329,0.20488971106229645,2.7,0.004134462527054615,0.08137862592001599,1.6566992509164924,2.3105507830885608,2.247210601400045,0.5372982730164039,2.7,0.35364373604434973,0.34536588758015785,-0.0760677049698193,0.09549150281252644,1.0
2.75,-0.04056591602305915,-0.8436442847920583,1.6873788666742053,2.894907150474923,2.878988852024886,-0.3031676100563326,2.75,0.3610354815090975,0.24357606763683004,0.26649074689955793,2.75,0.012963806477651548,0.2696066628399095,1.6873788666742053,2.5901493555299195,2.5563006735193174,-0.4173733945961831,2.75,0.4191962396021279,0.41919392214197954,-0.0013938923159947788,0.14644660940672624,1.0
2.8000000000000003,-0.029910876882315134,-0.656603569320582,1.718058482431918,3.169473375511931,2.805619302157308,-1.4744700096785062,2.8000000000000003,0.41319423037941544,0.23386425670027658,0.3406420136402211,2.8000000000000003,0.021228035151108,0.46599782763712294,1.718058482431918,2.8606901925809245,2.4335979627302833,-1.5037118519595776,2.8000000000000003,0.4890779401703342,0.47787830843597706,0.1040651425196071,0.2061073738537638,1.0
2.85,-0.016012588657074844,-0.3706774163962077,1.748738098189631,3.422392942797823,2.2248522425199595,-2.6005395505291298,2.85,0.47036250575504757,0.20377084846084548,0.4239319852732444,2.85,0.028016950544474208,0.6485678902728516,1.748738098189631,3.117562492455362,1.8349351073286908,-2.5203589121903125,2.85,0.563170626329339,0.5106555086432448,0.23747022098041856,0.2730047501302266,1.0
2.9000000000000004,-0.0014222531832027662,-0.03468733288513228,1.7794177139473437,3.6501190688057137,1.1761865694003373,-3.4554239060383543,2.9000000000000004,0.5321164445579933,0.148483757026489,0.5109799256999619,2.9000000000000004,0.03143555864686622,0.7666818398384206,1.7794177139473437,3.3563292857038483,0.8107181827534365,-3.2569437057195616,2.9000000000000004,0.6413338253195215,0.5072344685417204,0.3924567102524417,0.34549150281252683,1.0
2.95,0.009017928813925899,0.23151165023441095,1.8100973297050567,3.8494025198781947,-0.20017994031420663,-3.844194031463604,2.95,0.5981037282361557,0.0645958378147966,0.5946052871165826,2.95,0.029774457988583497,0.7643810509046615,1.8100973297050567,3.5727761949444625,-0.4964146890219828,-3.53812128052234,2.95,0.7234014441481819,0.45892085284276224,0.5591970137811422,0.42178276747988486,1.0
3.0,0.013367558702766466,0.3609240849746946,1.8407769454627694,4.017348087548822,-1.6847994179580774,-3.6469900709736374,3.0,0.6680179650332319,-0.04929347573957749,0.6661967838834497,3.0,0.023432457551679386,0.6326763538953435,1.8407769454627694,3.7629711218847293,-1.874039479443643,-3.2631162549969037,3.0,0.8091798932226651,0.3597373863357165,0.7248179857510375,0.5000000000000001,1.0
3.0500000000000003,0.010951666515111397,0.3107275271583126,1.8714565612204823,4.1514667650753365,-3.019020892651213,-2.8495945591014435,3.0500000000000003,0.7415792237679886,-0.19207514585067756,0.7162729113060002,3.0500000000000003,0.014500327274996672,0.41141234815075256,1.8714565612204823,3.923328384653037,-3.078727880470583,-2.431859422712859,3.0500000000000003,0.8984470737832624,0.20742851526685632,0.8741742134402584,0.5782172325201158,1.0
3.1,0.004786673784730135,0.14259979872089548,1.902136176978195,4.249722941300229,-3.9557595642311747,-1.553097340094,3.1,0.8185199633750269,-0.359785628005168,0.7352069316351568,3.1,0.004410449536924077,0.13139170215450519,1.902136176978195,4.050673232863771,-3.883600808161958,-1.151346343322813,3.1,0.9909519302041676,0.004237323379689571,0.990942870737734,0.6545084971874737,1.0
3.1500000000000004,-0.0027568109062600476,-0.08616653708470079,1.932815792735908,4.310576109230946,-4.310386468051577,0.04043376695841032,3.1500000000000004,0.898575083620757,-0.5454720221035573,0.7140710426885456,3.1500000000000004,-0.006173322767784235,-0.19295260476451814,1.932815792735908,4.142303991259969,-4.124829413941752,0.38008507191050206,3.1500000000000004,1.0864144141620806,-0.24264651163111822,1.0589707029433753,0.7269952498697739,1.0
3.2,-0.009042849483384042,-0.29631609187152835,1.9634954084936207,4.333016822532696,-4.0007000223873606,1.6641616854203525,3.2,0.9814749688822884,-0.7393060110203403,0.6455383308616781,3.2,-0.01679378631203597,-0.5502987898727948,1.9634954084936207,4.196049918508593,-3.7370958868932886,1.9081271579172172,3.2,1.1845257782714562,-0.5210470898697757,1.0637721793353299,0.7938926261462367,1.0
3.25,-0.014018320438770661,-0.4812226563121741,1.9941750242513334,4.316596946252684,-3.0669642662128136,3.0375548367349174,3.25,1.0669406751680837,-0.9289671653532564,0.5247689110681596,3.25,-0.026771370512526434,-0.9190109533753215,1.9941750242513334,4.210323508376519,-2.770066708000381,3.1707340598694014,3.25,1.2849491525129313,-0.8142187702626341,0.9940533781923907,0.8535533905932737,1.0
3.3000000000000003,-0.017266236482717547,-0.6204967404794207,2.024854640009046,4.261454676611397,-1.6670952215977066,3.9218349637560266,3.3000000000000003,1.1546806589883345,-1.1002942601573396,0.3501998933559908,3.3000000000000003,-0.03531586980310128,-1.269146413114051,2.024854640009046,4.184166574855559,-1.381786668846687,3.9494196444460137,3.3000000000000003,1.3873203754299943,-1.1017275335641472,0.843121738463599,0.9045084971874738,1.0
3.35,-0.020355317149902196,-0.7652657814945043,2.055534255766759,4.168335413663805,-0.04737786038706107,4.1680661534036325,3.35,1.2443886331654908,-1.2381791874548103,0.12415864893443444,3.35,-0.04177454293599261,-1.5705296071322432,2.055534255766759,4.117290181779765,0.19023508165864653,4.112893027381867,3.35,1.4912490619373593,-1.3607628024824894,0.6100396381457976,0.945503262094184,1.0
3.4000000000000004,-0.02262420126966348,-0.8892216067028536,2.086213871524472,4.038610472954462,1.5055615007971437,3.747487040614672,3.4000000000000004,1.3357422655684457,-1.3276538601718946,-0.14677406990538835,3.4000000000000004,-0.04571696114043992,-1.796859440663851,2.086213871524472,4.01010945139329,1.6746599084162495,3.6436920840401803,3.4000000000000004,1.5963198947471096,-1.5678017888091371,0.30039100747574465,0.9755282581475768,1.0
3.45,-0.02428722012001772,-0.9973212993008629,2.116893487282185,3.8742970165962944,2.7216163902136916,2.757350466902447,3.45,1.4284025260087676,-1.3550983884614438,-0.4517102322257339,3.45,-0.046937526963177864,-1.927425005643325,2.116893487282185,3.8637757475087855,2.819387581213532,2.6419342713125897,3.45,1.7020941289688771,-1.7005088133461028,-0.07344521497381246,0.9938441702975689,1.0
3.5,-0.024665998419128046,-1.057554682220115,2.1475731030398975,3.6780848241677075,3.400912943691461,1.40074948624109,3.5,1.5220135466871145,-1.3094809742029612,-0.7757479065389432,3.5,-0.04538006885903115,-1.9456704523309605,2.1475731030398975,3.680211094207454,3.441023549230639,1.3051094327939723,3.5,1.808111300499047,-1.7397204027576225,-0.4925844041595414,1.0,1.0
3.5500000000000003,-0.02191089936465582,-0.9802689878129164,2.1782527187976104,3.453379243661715,3.4529338046266767,-0.05546477638918134,3.5500000000000003,1.6162029019736588,-1.1835284191380697,-1.1006235966217597,3.5500000000000003,-0.041119558376739196,-1.8396427822721382,2.1782527187976104,3.462153762251627,3.460340205403726,-0.11204613487128665,3.5500000000000003,1.9138911290050535,-1.6713469115357635,-0.9325120669375293,1.0,1.0
3.6,-0.016053397307392914,-0.7489873047737239,2.2089323345553233,3.204375993932356,2.912682197620506,-1.3357798943518189,3.6,1.7105822404476188,-0.9747224755526691,-1.405705409033938,3.6,-0.034371548132086954,-1.6036389496506491,2.2089323345553233,3.2132313370381644,2.9162253395273128,-1.3492536434721523,3.6,2.0189356059947867,-1.4880156669224078,-1.3645183605019757,1.0,1.0
3.6500000000000004,-0.00682333725291093,-0.3317992735144565,2.2396119503130363,2.9361943830944677,1.9304567743817105,-2.212368436214742,3.6500000000000004,1.8047482203906597,-0.6860224944565818,-1.6692780703354437,3.6500000000000004,-0.025507582332666177,-1.2403603945383501,2.2396119503130363,2.9380915689223857,1.955169533584122,-2.1931014938477547,3.6500000000000004,2.122731257854582,-1.1902907057133973,-1.7576108866769111,1.0,1.0
3.7,0.004368308479695283,0.2212679294220052,2.270291566070749,2.6551139587101824,0.7375366494185567,-2.55062145848852,3.7,1.8982837122486755,-0.3262292210554598,-1.870041589783008,3.7,-0.015044058800421473,-0.7620267104177489,2.270291566070749,2.6426487230217863,0.7985763580264841,-2.5191006477887767,3.7,2.224751572978067,-0.7873301561382695,-2.080776486483753,1.0,1.0
3.75,0.015866890056591983,0.8367305303280929,2.3009711818284617,2.368988489170903,-0.4046797927938537,-2.334168101728871,3.75,1.9907592398910807,0.09007238942005356,-1.988720522314756,3.75,-0.0036246361170739053,-0.19114292023631924,2.3009711818284617,2.3345576591650405,-0.3050602733492874,-2.314540492968358,3.75,2.3244595812817663,-0.2968827909079478,-2.3054225108372894,1.0,1.0
3.8000000000000003,0.02712901735444603,1.4886234402731628,2.3316507975861747,2.0879446725067763,-1.2609510451955852,-1.6641861125095325,3.8000000000000003,2.081734638107234,0.5430231807303768,-2.009662889313758,3.8000000000000003,0.00798620717337462,0.4382191600174123,2.3316507975861747,2.02413252143396,-1.1328270110044723,-1.6774431219762036,3.8000000000000003,2.4213105735744014,0.25542265028020805,-2.4078006901375852,1.0,1.0
3.85,0.036681132318710466,2.0932684226072307,2.3623304133438876,1.8254579122859946,-1.671626115147482,-0.7334594199302913,3.85,2.1707609075641576,1.0084490694169141,-1.9222989861623827,3.85,0.01900606063218565,1.0846117348242015,2.3623304133438876,1.7260909215317648,-1.533622467811255,-0.7920808011932194,3.85,2.514754947462364,0.8374822555175224,-2.3712055831327072,1.0,1.0
3.9000000000000004,0.044166521224338444,2.6199138725065327,2.3930100291016,1.5996053239451244,-1.5845670751279086,0.2188249912925199,3.9000000000000004,2.257382251009538,1.4592282526329852,-1.7223320045480701,3.9000000000000004,0.028729348685474547,1.7041962346736652,2.3930100291016,1.4625227706787256,-1.4581180289625302,0.11342252143292693,3.9000000000000004,2.6042411657722337,1.4127408739223086,-2.1877466198469957,1.0,1.0
3.95,0.04856038041432021,2.9927701748870033,2.423689644859313,1.4331250159692726,-1.06283845036896,0.9613645197396437,3.95,2.3411382762582216,1.8669880538916104,-1.4125452329703763,3.95,0.03659683850565648,2.255458582498796,2.423689644859313,1.2660061243064957,-0.9662112238194583,0.8180509628054103,3.95,2.689218812886935,1.9427015808613592,-1.8595183223899114,1.0,1.0
4.0,0.04909456458792491,3.1420521336271943,2.454369260617026,1.3487003284267272,-0.2668567904663936,1.3220363191986584,4.0,2.421566352748881,2.204020269306009,-1.0031342149751372,4.0,0.0422355675833329,2.7030763253333054,2.454369260617026,1.1753260739918265,-0.21067042543862224,1.1562912055579038,4.0,2.7691417339587585,2.389737254354161,-1.399036024519725,1.0,1.0
4.05,0.04607635644327819,3.060858118071525,2.4850488763747385,1.357292767781718,0.584640345688896,1.2249242113964947,4.05,2.498204109422756,2.4452783303829984,-0.5115052876521238,4.05,0.045411765218507094,3.016709239936078,2.4850488763747385,1.2119613207240314,0.5991451090056078,1.0535062322007387,4.05,2.843471241715793,2.7199848707336516,-0.8288612703250113,1.0,1.0
4.1000000000000005,0.04193560411211062,2.890243771010777,2.5157284921324514,1.4489404923611942,1.2658016614284417,0.7051061652892396,4.1000000000000005,2.570592062531705,2.570304068238077,0.03847789949823589,4.1000000000000005,0.04602144353183666,3.1718439096577153,2.5157284921324514,1.3576647620747264,1.2453137043998466,0.5407840454500807,4.1000000000000005,2.9116793755589594,2.9060849791165424,-0.18040753922333522,1.0,1.0
4.15,0.03755101111010791,2.6838974987019095,2.5464081078901644,1.5986912361100747,1.5954520701006842,-0.1017170606466779,4.15,2.6382763628729333,2.564928339343734,0.6177740532957238,4.15,0.04410091926818278,3.152041540699554,2.5464081078901644,1.5711066064517374,1.5504912679011378,-0.2536785308192561,4.15,2.9732521979035926,2.9295309906765574,0.5080126051626807,1.0,1.0
4.2,0.03212780152022863,2.3802845590306987,2.5770877236478773,1.7799737763540686,1.4779028348212728,-0.9920231122990074,4.2,2.700811653003613,2.422599287837166,1.1938996086652196,4.2,0.03986910057171178,2.9538219231569824,2.5770877236478773,1.815499119864692,1.4174215680322177,-1.1344395764898894,4.2,3.027693113313349,2.782416141982657,1.193769660043104,1.0,1.0
4.25,0.026122693927626204,2.0053249260379302,2.60776733940559,1.9718125947490701,0.923838774400461,-1.7420008116316463,4.25,2.757764026339839,2.145214496669003,1.7330081327723985,4.25,0.03372355583486153,2.588809840885542,2.60776733940559,2.066183124515909,0.8503256517076162,-1.883098242281146,4.25,3.074526196984345,2.468409057591179,1.8329397317819391,1.0,1.0
4.3,0.020558565301556322,1.6345498514308383,2.6384469551633027,2.1594475804998443,0.04692947677119381,-2.15893758064855,4.3,2.8087140818308143,1.743367473712406,2.2021681691179573,4.3,0.02619183239487661,2.0824340182194545,2.6384469551633027,2.307592236147764,-0.0462406208296985,-2.307128893953418,4.3,3.113299520668252,2.0028486484246395,2.3835333429379086,1.0,1.0
4.3500000000000005,0.015549363019389625,1.2799127745446413,2.6691265709210157,2.3327940055221204,-0.9626856707604432,-2.124891567001115,4.3500000000000005,2.853260070282839,1.2359624632275894,2.57167062785319,4.3500000000000005,0.01783451359544125,1.468010088267357,2.6691265709210157,2.529661527068046,-1.0904858888504743,-2.282548568540488,4.3500000000000005,3.143588466316878,1.411920864365211,2.8086701334138007,1.0,1.0
4.4,0.010781669696612704,0.9184257514362568,2.6998061866787286,2.4849562146618083,-1.8817264113239842,-1.6229951021836457,4.4,2.891021131586521,0.6492011366810755,2.8171867292410364,4.4,0.009185480330956277,0.7824559565121798,2.6998061866787286,2.725633567072428,-2.0630849580694823,-1.7812239605786266,4.4,3.1649990207825986,0.7309575036472223,3.079435001654789,1.0,1.0
4.45,0.00550899951784271,0.4854592351367572,2.730485802436441,2.6112248110162137,-2.5039411353367402,-0.7407926865427451,4.45,2.9216406263259413,0.014996257789992163,2.921602139520461,4.45,0.0007406775788727027,0.0652693415125388,2.730485802436441,2.8908840807303067,-2.754605320709759,-0.8771318574407129,4.45,3.1771710490924514,0.0019740285741516052,3.177170435844199,1.0,1.0
4.5,-0.0008435077344601072,-0.07686464230267727,2.761165418194154,2.708463320829178,-2.6857881953018836,0.34973608657681965,4.5,2.944789570847763,-0.6310834843764056,2.8763725857964033,4.5,-0.007054960254205979,-0.6428832531645199,2.761165418194154,3.02230120515699,-3.010268003424131,0.2694273970001788,4.5,3.1797815495161235,-0.7293678488732579,3.0950013317724365,1.0,1.0
4.55,-0.008315365893335943,-0.7832773239508825,2.791845033951867,2.774738964286567,-2.3775193623602697,1.4305865935105462,4.55,2.9601701922761534,-1.252191033432848,2.682279848008148,4.55,-0.013797212210783394,-1.2996473753615314,2.791845033951867,3.1179463451468044,-2.7624429140560762,1.4458556490174563,4.55,3.1725479014260043,-1.4171326669472637,2.8384494343062516,1.0,1.0
4.6000000000000005,-0.01626044137541797,-1.5827263217176841,2.82252464970958,2.80909486688823,-1.6330284470394494,2.285657905798181,4.6000000000000005,2.967519629760146,-1.8127230753842367,2.349512248314809,4.6000000000000005,-0.019167122681835184,-1.86565105335911,2.82252464970958,3.1768568184619466,-2.04414995652593,2.431845019782963,4.6000000000000005,3.155231127610737,-2.0185440844044833,2.4250697408444544,1.0,1.0
4.65,-0.02339181288157701,-2.3519210542483306,2.8532042654672924,2.8114018649536376,-0.5967256488702621,2.74734398032812,4.65,2.966613821226893,-2.280791507055082,1.8970470910443513,4.65,-0.022963017937658453,-2.308808027410143,2.8532042654672924,3.198919631222639,-0.9811085069296149,3.044751698357672,4.65,3.1276392074456254,-2.4971923593297185,1.883124353954452,1.0,1.0
4.7,-0.02889474662312734,-2.99993927865295,2.8838838812250054,2.7822543914285185,0.5291179328379036,2.7314783015379454,4.7,2.9572716321714214,-2.6304478301574514,1.3513695716811813,4.7,-0.025112930393038958,-2.607299772196484,2.8838838812250054,3.184780173118074,0.2354257174845409,3.1760666684805092,4.7,3.0896304979258997,-2.825744800772127,1.2493930264825133,1.0,1.0
4.75,-0.032311553657160846,-3.462889789601035,2.9145634969827183,2.72289037855605,1.5288231661854006,2.253182580300131,4.75,2.9393593060307737,-2.8434796115724126,0.7446185792214115,4.75,-0.025668964364908828,-2.7509910402954634,2.9145634969827183,3.135766963301969,1.3887208996412022,2.811492256975961,4.75,3.04111734873056,-2.9879262232923125,0.566296400228828,1.0,1.0
4.800000000000001,-0.033460749854119475,-3.7004912478667826,2.945243112740431,2.635124056229224,2.2193822449726657,1.4206411378029464,4.800000000000001,2.9127953465212757,-2.9106297487070583,0.11229958440477804,4.800000000000001,-0.02477726521137518,-2.7401673142564054,2.945243112740431,3.0538225998281647,2.2806339295427076,2.03089668635306,4.800000000000001,2.9820700393491166,-2.9795967183918792,-0.12142946648974852,1.0,1.0
4.8500000000000005,-0.0324432404229638,-3.7012586958184563,2.9759227284981438,2.521285860987591,2.4879154992351804,0.4088506591425555,4.8500000000000005,2.8775559837942657,-2.832134634834492,-0.5092561732969783,4.8500000000000005,-0.022656354333001002,-2.584730359770379,2.9759227284981438,2.941435980053128,2.7702308632410673,0.9888713713611875,4.8500000000000005,2.9125212273316023,-2.8088309581813173,-0.7702262966293779,1.0,1.0
4.9,-0.029679611880825244,-3.49177665816721,3.0066023442558567,2.3841671236890454,2.3124978476247473,-0.5801780575052863,4.9,2.8336814322838006,-2.6175328390465795,-1.0854825176771512,4.9,-0.019582765098202476,-2.303892731038424,3.0066023442558567,2.801573706168939,2.799034793361933,-0.11924536320750086,4.9,2.8325711871437522,-2.494990099436466,-1.3410756630224034,1.0,1.0
4.95,-0.025619541565384017,-3.1073269451688184,3.0372819600135696,2.226969831419057,1.7623363580461975,-1.3614570103969827,4.95,2.7812832239977934,-2.28475695823253,-1.5860082010820744,4.95,-0.015880718282218355,-1.9261306335647737,3.0372819600135696,2.637610398976859,2.39816328527521,-1.098089920702707,4.95,2.7423942553869987,-2.0668664112780633,-1.8024398713716225,1.0,1.0
5.0,-0.02063179096088149,-2.578973870110186,3.067961575771282,2.053264342322396,0.9780594272201824,-1.8053515492220207,5.0,2.720553003888069,-1.858582566850381,-1.9867258213362624,5.0,-0.011887058085025014,-1.4858822606281268,3.067961575771282,2.453258986670129,1.6767126497820077,-1.790841798076744,5.0,2.642247107211046,-1.5600638756995295,-2.132526782786679,1.0,1.0
5.050000000000001,-0.014869675282044893,-1.9150301640957677,3.098641191528995,1.8669612848144421,0.13733183270932608,-1.861903436465138,5.050000000000001,2.6517733131461236,-1.3685641959334973,-2.2713286301024054,5.050000000000001,-0.007919571330071698,-1.0199427826180254,3.098641191528995,2.252503311810258,0.7948071878900859,-2.1076177793410342,5.050000000000001,2.5324798154029007,-1.013847448421073,-2.3206825217494074,1.0,1.0
5.1000000000000005,-0.00905678365091221,-1.201391408077156,3.129320807286708,1.6723091742708769,-0.5858719921108406,-1.5663243544076741,5.1000000000000005,2.575331073291598,-0.8466338381511337,-2.43218857845331,5.1000000000000005,-0.004230603419647832,-0.5611937742197047,3.129320807286708,2.0395370215013506,-0.07213756936390545,-2.0382608844701084,5.1000000000000005,2.4135511635754168,-0.4677427705499838,-2.367793470679923,1.0,1.0
5.15,-0.004262738699698741,-0.5822512088882135,3.160000423044421,1.473938508622686,-1.0588960406417771,-1.0252969824953333,5.15,2.4917347312658276,-0.32456822430785853,-2.4705055026787592,5.15,-0.0009918516697291224,-0.13547788743851188,3.160000423044421,1.818715311697343,-0.7698400521222925,-1.647747456120236,5.15,2.2860505277870904,0.04180799638992887,-2.285668197056059,1.0,1.0
5.2,-0.0007973450651202615,-0.11211309491642973,3.1906800388021335,1.2769893780062798,-1.2165845033956333,-0.3881031018150535,5.2,2.401636342986081,0.1684560943509389,-2.395721116538314,5.2,0.0016856160441523558,0.23701110073617446,3.1906800388021335,1.5945309250331352,-1.1944736566449476,-1.056296149035995,5.2,2.1507300311366597,0.48443250349089734,-2.0954629121973594,1.0,1.0
5.25,0.0015999035400538885,0.23151104194436034,3.2213596545598464,1.0873855916625887,-1.0706389551257651,0.19010432063108912,5.25,2.305860255909692,0.6080075716578542,-2.2242568000549374,5.25,0.0037442778720968195,0.54180870896076,3.2213596545598464,1.3716354846231247,-1.3090933147479453,-0.4094613485538661,5.25,2.008553001768952,0.8381868863694514,-1.8253021405875118,1.0,1.0
5.300000000000001,0.0033711159951533716,0.5018816360104488,3.2520392703175593,0.9123423728149676,-0.7008691703810087,0.5840813395778723,5.300000000000001,2.2054404569553006,0.9760582149284013,-1.97769511559441,5.300000000000001,0.005161974057995153,0.7684992118321446,3.2520392703175593,1.1549474925120804,-1.1445468075069527,0.1546490086796046,5.300000000000001,1.86076868682944,1.0910741958802916,-1.5073212016584698,1.0,1.0
5.3500000000000005,0.004083399926153361,0.6252925619668367,3.2827188860752723,0.7611219672175917,-0.2312910342549325,0.7251283379198887,5.3500000000000005,2.1016689420819104,1.2620131454841832,-1.6805758426018194,5.3500000000000005,0.005968482219129638,0.9139559203961539,3.2827188860752723,0.949930656627024,-0.7858182239253908,0.5337208740030629,5.3500000000000005,1.7090297496015114,1.2415876537927932,-1.1744116752537466,1.0,1.0
5.4,0.003942875904008057,0.6208610113487248,3.313398501832985,0.6454854861211655,0.20259043039414562,0.6128691787859724,5.4,1.9961572883487486,1.463025661585904,-1.3580131933707258,5.4,0.006250773868766817,0.9842718564714983,3.313398501832985,0.763205403708323,-0.3478969660800509,0.6793012507289239,5.4,1.5555796964237993,1.2982348658080414,-0.8569798277242798,1.0,1.0
5.45,0.003920939270481426,0.6347162578140365,3.3440781175906977,0.5775614719649952,0.487200245757353,0.31018248569567364,5.45,1.890912192721109,1.5835782042305613,-1.0333581139504655,5.45,0.006136728941510946,0.9934052430494975,3.3440781175906977,0.6037240465974805,0.052694811346618464,0.6014199708167173,5.45,1.4035525928149843,1.2780952503771883,-0.5800279405002292,1.0,1.0
5.5,0.004267521210726437,0.710008841434611,3.3747577333484107,0.562346063040132,0.5570953738838081,-0.07666706603226835,5.5,1.7884215491941817,1.6343782875900892,-0.726126194732159,5.5,0.00577375159509333,0.9606079216336528,3.3747577333484107,0.48423117309530445,0.3240481962671891,0.35982300578650606,5.5,1.2574410660091255,1.2045551497195712,-0.36083919655468094,1.0,0.7499999999999978
5.550000000000001,0.004698402686325454,0.8032101455377462,3.4054373491061236,0.5908190055021507,0.40807559676950067,-0.42724864491741366,5.550000000000001,1.6917380657662828,1.6306835039037157,-0.4503876033584226,5.550000000000001,0.005301260894508394,0.9062710923021765,3.4054373491061236,0.4194293997408768,0.41702177121742856,0.04487609271840521,5.550000000000001,1.1237661082481862,1.1044446218716495,-0.20749058596973366,1.0,0.24999999999999567
5.6000000000000005,0.0047664976023940545,0.8370732429420344,3.436116964863836,0.6450885894141373,0.09468118431126124,-0.6381024694590505,5.6000000000000005,1.6045292435915348,1.590224964323819,-0.2137724406506388,5.6000000000000005,0.004837028758928769,0.8494596425280349,3.436116964863836,0.41358709116480363,0.3319605185075528,-0.24669109455016872,5.6000000000000005,1.0118034024533922,1.004859066011277,-0.11834011437887382,1.0,3.749399456654644e-33
5.65,0.004563574579736933,0.8230960087973352,3.466796580621549,0.7087514599387993,-0.2866239093058823,-0.648209353974156,5.65,1.5310350463480324,1.5309385786917933,-0.017186663989087893,5.65,0.004472517791339321,0.8066728129462666,3.466796580621549,0.44976695140679196,0.11339441183815255,-0.4352378866110337,5.65,0.9336375509942947,0.9299817062028103,-0.08254152139822804,1.0,0.0
5.7,0.004377838834377975,0.8107451072549604,3.497476196379262,0.7709426423845824,-0.6239138177869401,-0.4528621267245111,5.7,1.4758484115442356,1.4687342955520128,0.1447345947829192,5.7,0.004282857560990877,0.7931552402925836,3.497476196379262,0.5033635724749629,-0.16506818380345936,-0.47552852784095356,5.7,0.9019195367033916,0.8982260417680668,-0.08154034937950463,1.0,0.0
5.75,0.004387782018100057,0.8341584970972405,3.5281558121369745,0.825552775618549,-0.8191003862287642,-0.10301428353087524,5.75,1.4434430779521359,1.4155324302510561,0.2824816068268418,5.75,0.004313550335345403,0.8200463582835549,3.5281558121369745,0.5570524968939191,-0.42133805185868856,-0.364392275373223,5.75,0.9245198974557112,0.9199899215017872,-0.09140888975725646,1.0,0.0
5.800000000000001,0.0045247816399720826,0.8828391953382333,3.5588354278946874,0.8696558091578788,-0.8128244723653305,0.3092209623005317,5.800000000000001,1.4374683463104374,1.3777731108872227,0.40994694969057704,5.800000000000001,0.004565278174220062,0.8907405551284251,3.5588354278946874,0.601637655217575,-0.5856638161981043,-0.13771623931829788,5.800000000000001,0.9999443151477888,0.9962570512710504,-0.08579347987517527,1.0,0.0
5.8500000000000005,0.005026810225549621,1.006375575721651,3.5895150436524004,0.9024055586239352,-0.5989998314656194,0.674933325699314,5.8500000000000005,1.4600117985854897,1.3555613617120232,0.542298669224148,5.8500000000000005,0.004984380955986298,0.9978811670075106,3.5895150436524004,0.6328023316778638,-0.616740433150665,0.1416687301209103,5.8500000000000005,1.1188886956356543,1.1182023635751808,-0.03918401863177336,1.0,0.0
5.9,0.006109582479281653,1.254779940012387,3.6201946594101133,0.9243906022107283,-0.22575530851092318,0.896399757995645,5.9,1.5111636135622792,1.3425500932504864,0.6936675818197906,5.9,0.005468074723255169,1.1230277185874236,3.6201946594101133,0.6488742429760835,-0.5096474141129362,0.4016183467992751,5.9,1.2697830083954202,1.2678619358326566,0.06982120076590308,1.0,0.0
5.95,0.007616259732639943,1.6043260793494742,3.650874275167826,0.9372536023239664,0.21710023445060403,0.9117630192493796,5.95,1.5891125153391454,1.326591632424204,0.8748904086739043,5.95,0.0058983079513268855,1.242448341118758,3.650874275167826,0.6496863647503208,-0.29434324247793947,0.5791842782310824,5.95,1.4426461919794658,1.4198248800404258,0.25558823378834244,1.0,0.0
6.0,0.00885493266091023,1.9126654547566098,3.6815538909255388,0.9434295908434254,0.6207202045954056,0.7104687329404658,6.0,1.6906964279088983,1.291111977146615,1.091551315244715,6.0,0.006158582295646355,1.3302537758596127,3.6815538909255388,0.6360106776772104,-0.025782824641219327,0.6354878661886036,6.0,1.630040114589872,1.5438035336306277,0.5231648160204876,1.0,0.0
6.050000000000001,0.009455863789098377,2.0939549387598646,3.7122335066832517,0.9459084560441917,0.8842562831529762,0.33590717902478684,6.050000000000001,1.8121040721443031,1.2170878972920725,1.3425417008596523,6.050000000000001,0.006148665593305516,1.3615920208927397,3.7122335066832517,0.6092628832047736,0.23134540121827177,0.5636315872856581,6.050000000000001,1.8266588834217519,1.6078490041425058,0.8668934515045975,1.0,0.0
6.1000000000000005,0.00924716884941239,2.098931632608474,3.7429131224409646,0.9479587260210294,0.9396636991183365,-0.12513144608233906,6.1000000000000005,1.9494514419585314,1.0854424863248433,1.619313290699221,6.1000000000000005,0.005793649202856361,1.3150482897135398,3.7429131224409646,0.5713417302370711,0.4191802718088427,0.3882258008383201,6.1000000000000005,2.0286867488195743,1.5819103407577073,1.270090389948672,1.0,0.0
6.15,0.008021347595958846,1.8658326296061443,3.773592738198677,0.9527799338549354,0.7683459782334419,-0.563412868231735,6.15,2.099127413726777,0.8796262339070309,1.9059364070403295,6.15,0.0050434089368863715,1.1731391572696166,3.773592738198677,0.5245474283169611,0.5004289325489998,0.15722877606152755,6.15,2.233289311024598,1.4413942086734877,1.70586162449926,1.0,0.0
6.2,0.005624180381260469,1.3403996619050451,3.80427235395639,0.963095890982609,0.40579591892353234,-0.8734319477856254,6.2,2.2579383779166973,0.5881232298938613,2.179999262598109,6.2,0.0038778260736539814,0.9241945324818062,3.80427235395639,0.47156359890730026,0.46612886186164515,-0.07138705732814936,6.2,2.4382727887944413,1.170372339041134,2.139019116460348,1.0,0.0
6.25,0.0025013615096805323,0.6106839623243487,3.834951969714103,0.9807593711703403,-0.06666926736528685,-0.9784907526018921,6.25,2.4231273378401994,0.2066189504942793,2.4143021154538995,6.25,0.0023112828551097976,0.5642780407982905,3.834951969714103,0.4155106941932019,0.33593200265524575,-0.24453798596731863,6.25,2.641868093585305,0.7641077040283042,2.528953625622393,1.0,0.0
6.300000000000001,-0.0010132910260493122,-0.25337038119055244,3.865631585471816,1.006478980114578,-0.5409074943675197,-0.8487750113837781,6.300000000000001,2.592332736175083,-0.2604117717294937,2.5792197898181723,6.300000000000001,0.00039735007622990583,0.0993561945110593,3.865631585471816,0.3600898798212257,0.1513308323726827,-0.3267471510557602,6.300000000000001,2.842595888710851,0.23062570355977388,2.833224871303616,1.0,0.0
6.3500000000000005,-0.004591896353500641,-1.1757453035340883,3.8963112012295285,1.0397599753318871,-0.9070399544950806,-0.5083102667187915,6.3500000000000005,2.7635274774331156,-0.7988918870932195,2.645535082221454,6.3500000000000005,-0.001771592377285123,-0.4536124635700542,3.8963112012295285,0.30980181985119265,-0.03605670464757084,-0.3076964114725238,6.3500000000000005,3.0391820474568707,-0.4088609688508815,3.011554453390218,1.0,0.0
6.4,-0.007355218756154644,-1.9281264656134036,3.9269908169872414,1.0790700551119419,-1.078669915985882,-0.029383604038640845,6.4,2.934958359419656,-1.385233263478783,2.5874909424535653,6.4,-0.0040704743837299785,-1.0670504368485116,3.9269908169872414,0.2700151455885675,-0.17794953567010172,-0.2030816131559194,6.4,3.2305042530135126,-1.1207629081674897,3.029859441032594,1.0,0.0
6.45,-0.00943437186534679,-2.5315827881561797,3.9576704327449543,1.122153686901403,-1.0123962918594318,0.4840275253078945,6.45,3.1050939303350646,-1.9873796553199115,2.3857766915250407,6.45,-0.006351039917399708,-1.7042134411553578,3.9576704327449543,0.24611026567385488,-0.24118757120040787,-0.0489777333949175,6.45,3.415557983787947,-1.8611363031806833,2.8639497205084665,1.0,0.0
6.5,-0.010680423474751012,-2.9331112967534967,3.988350048502667,1.1663843111150098,-0.7172658418262511,0.9197728379140773,6.5,3.2725826541849488,-2.5667608428085704,2.030156645260863,6.5,-0.00845382526660266,-2.3216317638407555,3.988350048502667,0.24085413018263516,-0.21503256466227913,0.10849750301641281,6.5,3.593434725298912,-2.5787800466543067,2.5025320369501123,1.0,0.0
6.550000000000001,-0.010985630404223477,-3.087087105132646,4.01902966426038,1.2090695321068163,-0.25225218407005173,1.1824626713350763,6.550000000000001,3.436220649436087,-3.0810293891743528,1.5214697679069666,6.550000000000001,-0.010221526739788583,-2.872365283747258,4.01902966426038,0.2518788815688565,-0.11245208827134465,0.22538300473592007,6.550000000000001,3.763308005582682,-3.2191676753101057,1.949216925619423,1.0,0.0
6.6000000000000005,-0.010384979563909753,-2.9856400847057993,4.049709280018092,1.2476732812113838,0.2873463349427754,1.2141337242839996,6.6000000000000005,3.594927406396815,-3.4873724107340993,0.8727753010446434,6.6000000000000005,-0.011512530870314789,-3.3098065750920216,4.049709280018092,0.273004785275939,0.034573421547497915,0.2708067416185583,6.6000000000000005,3.9244245026952944,-3.72889092616951,1.2233070497981708,1.0,0.0
6.65,-0.008699587275852641,-2.5583713637375163,4.080388895775806,1.2799566291933049,0.7912005005809072,1.0061266026183828,6.65,3.747727805431732,-3.7461281407054265,0.10948815927326307,6.65,-0.012213357707038497,-3.591699654476741,4.080388895775806,0.29781920394154227,0.18420791637453723,0.23401649895108986,6.65,4.0760984729736265,-4.060236247268095,0.3592497428645303,1.0,0.0
6.7,-0.006851937848858132,-2.0608093832361187,4.111068511533518,1.3040555851415054,1.1579232235436512,0.5998122852335003,6.7,3.893738964534798,-3.8243971593858483,-0.7315664639784802,6.7,-0.012248901758492647,-3.6840164395895245,4.111068511533518,0.32156238594681547,0.29585282834412946,0.1259899679204173,6.7,4.21770836345215,-4.175493448286044,-0.5952464216226203,1.0,0.0
6.75,-0.004708459569574389,-1.4480720266864484,4.1417481272912315,1.318515990566193,1.3162997555788973,0.07641577613087489,6.75,4.032160722551326,-3.6993252752762684,-1.604154793088183,6.75,-0.011589485768254111,-3.564310130883526,4.1417481272912315,0.34119121089283805,0.34031275134005884,-0.024467808767447235,6.75,4.348694856296081,-4.050609326686827,-1.5823119274446777,1.0,0.0
6.800000000000001,-0.002728026755484678,-0.8577789087805585,4.172427743048944,1.3223011649237655,1.239199372339786,-0.46137326141794105,6.800000000000001,4.162268826286793,-3.3607510968427086,-2.4555720000336714,6.800000000000001,-0.010252645381541416,-3.2237597926088313,4.172427743048944,0.35492451173242195,0.3065612067816639,-0.17886205725381796,6.800000000000001,4.468559837991547,-3.6778478067038236,-2.538003651777302,1.0,0.0
6.8500000000000005,-0.0015243768705821817,-0.4899638799127632,4.2031073588066565,1.3147826417838497,0.9474414639042309,-0.9115964390074847,6.8500000000000005,4.283410108242366,-2.8129556369745328,-3.2303069110853975,6.8500000000000005,-0.008301779813315171,-2.6683508035384262,4.2031073588066565,0.36184913328042684,0.2036138343456849,-0.29912572894828704,6.8500000000000005,4.576865944936709,-3.067197917495528,-3.3970573755579236,1.0,0.0
6.9,-0.0006175933764258751,-0.20288498249628786,4.23378697456437,1.295720207182716,0.5032659003765351,-1.1939909081813882,6.9,4.394999113883769,-2.0753205408592534,-3.874153051148957,6.9,-0.005842101173269316,-1.9191828143295302,4.23378697456437,0.36166532693257497,0.05731112241131568,-0.3570955669750067,6.9,4.673236442141958,-2.2463749774709703,-4.097918777227767,1.0,0.0
6.95,0.0002462145850938398,0.08265482097564161,4.264466590322082,1.265234800968043,-0.0046108187002045515,-1.2652263994762192,6.95,4.496515769142894,-1.1817900730567903,-4.338435926157621,6.95,-0.0030135805242321565,-1.01166613923848,4.264466590322082,0.35453163398446497,-0.09691452891049285,-0.341028229889773,6.95,4.757355262538736,-1.2593795482807773,-4.587634711632686,1.0,0.0
7.0,0.0003801624835989072,0.13039573187442516,4.295146206079795,1.2237763426484258,-0.48061874047368175,-1.1254484275751817,7.0,4.587503778305192,-0.17913232052633965,-4.58400507500889,7.0,1.8541093293137454e-05,0.006359594999546147,4.295146206079795,0.34096958830755386,-0.22327547841859835,-0.25769811968186496,7.0,4.828967083019375,-0.16370254074731924,-4.826191517857277,1.0,0.0
7.050000000000001,0.0009375473437213025,0.32851905030172174,4.325825821837508,1.1720877946566566,-0.8420962589067126,-0.8152690900055168,7.050000000000001,4.667569517055285,0.8759015668074571,-4.584648475271353,7.050000000000001,0.0030749323270201105,1.0774643590852055,4.325825821837508,0.3218051491362579,-0.2944694350223909,-0.1297933197364298,7.050000000000001,4.887877347390834,0.9736177166369022,-4.789928340276836,1.0,0.0
7.1000000000000005,0.0020107268627339793,0.7196612621679814,4.356505437595221,1.111166471976815,-1.0349193660714369,-0.40451555492427904,7.1000000000000005,4.7363812414249375,1.9203240306125842,-4.329626182659869,7.1000000000000005,0.005974195687986913,2.138230352883084,4.356505437595221,0.298136680988627,-0.29795199189885996,0.010492429385802181,7.1000000000000005,4.933952170776822,2.080780084905338,-4.473727557839731,1.0,0.0
7.15,0.003710080933908608,1.3561305796877614,4.387185053352934,1.0422235550916878,-1.0419419616877068,0.024225756176632276,7.15,4.7936684755198575,2.8892852226961265,-3.8250867121024417,7.15,0.00854485643233318,3.123366124177964,4.387185053352934,0.27132770961590824,-0.23822317439444407,0.12987857862961433,7.15,4.9671180777873545,3.086465864820206,-3.891784997142263,1.0,0.0
7.2,0.006327636144669779,2.361777535725706,4.417864669110647,0.9666428609003088,-0.883008835592215,0.39331134841956245,7.2,4.839221472818508,3.7207362328415043,-3.094218212829881,7.2,0.010636420433684068,3.9700226540317116,4.417864669110647,0.24302702895709374,-0.13477523109741227,0.20223198037489323,7.2,4.987361540054804,3.925121563802363,-3.0768808622680743,1.0,0.0
7.25,0.009240929232119556,3.5215159850338105,4.448544284868359,0.8859401394427101,-0.6072639724338145,0.6450739480553156,7.25,4.872890670221739,4.360011238753247,-2.176089493076848,7.25,0.012128682528670788,4.621975596746123,4.448544284868359,0.2152141500886788,-0.016444354062651167,0.21458497994467027,7.25,4.994728288881117,4.5418503193718935,-2.078197862613354,1.0,0.0
7.300000000000001,0.011817640392427543,4.597263012540987,4.479223900626073,0.8017245187851992,-0.28011887914981104,0.7511961245674879,7.300000000000001,4.894586072858009,4.7639578580128115,-1.1232445645065772,7.300000000000001,0.012939415515018609,5.033652605405996,4.479223900626073,0.19023533976482784,0.08623867289649362,0.1695652552632498,7.300000000000001,4.989322386674385,4.896514271691607,-0.9578548247467352,1.0,0.0
7.3500000000000005,0.01407259936625995,5.58774194458877,4.509903516383785,0.7156643145791604,0.03178549637126332,0.714958106033138,7.3500000000000005,4.904276522356384,4.904276199025027,0.0017808460541783374,7.3500000000000005,0.013029239498654647,5.173459867498121,4.509903516383785,0.17069607048142993,0.1486933307145448,0.08382983883329555,7.3500000000000005,4.971305047200327,4.966715448767344,0.2135685447233422,1.0,0.0
7.4,0.015295807132662816,6.198228149526158,4.540583132141498,0.6294604668359656,0.2741636234197972,0.5666169666562054,7.4,4.901988812940748,4.769787701817265,1.1307606297484103,7.4,0.012403357633832185,5.026138193812014,4.540583132141498,0.15893374165481144,0.1580337028810888,-0.01689032237969676,7.4,4.940893199865388,4.749416314782539,1.3621564819628764,1.0,0.0
7.45,0.014374350063716979,5.943702114865315,4.571262747899211,0.5448327713045954,0.4144318796819073,0.35367918484237476,7.45,4.887806629042149,4.36743982600445,2.1945667019114743,7.45,0.011110254711312606,4.594019495253978,4.571262747899211,0.1559729966322757,0.11559089549704187,-0.10472020128248337,7.45,4.898357797580273,4.261074738139997,2.416019699650775,1.0,0.0
7.5,0.011764142601617091,4.96299766005721,4.601942363656923,0.4635275352648184,0.445278193604908,0.1287831753321354,7.5,4.861869285734392,3.7219547813217377,3.1280705806237346,7.5,0.009237552613892516,3.897092508985905,4.601942363656923,0.1607454334654663,0.03576410791028203,-0.1567163774638195,7.5,4.844021871432527,3.5362917341342626,3.310466532380348,1.0,0.0
7.550000000000001,0.008455517959598575,3.638991751814735,4.632621979414636,0.3873611371865238,0.3823898111007656,-0.06186018888394805,7.550000000000001,4.824370259582419,2.8741410454613012,3.8747724645891086,7.550000000000001,0.006905414096813492,2.971875296254764,4.632621979414636,0.17059879581837117,-0.05831254868977507,-0.160323410018565,7.550000000000001,4.778258338569329,2.6250930884105723,3.9925729833387353,1.0,0.0
7.6000000000000005,0.005147512822239166,2.259634588655261,4.663301595172349,0.31832113269166507,0.25760475384555664,-0.18699768531796004,7.6000000000000005,4.775555502756796,1.8779958367027278,4.390792866583203,7.6000000000000005,0.0042580453143547916,1.8691796999142094,4.663301595172349,0.1825766081352588,-0.14103574185132925,-0.11594454432452207,7.6000000000000005,4.7014875724587855,1.589077204403669,4.424795931162139,1.0,0.0
7.65,0.0013588084679673562,0.6083346445346401,4.693981210930062,0.258740694347546,0.10963825549476804,-0.23436339271207476,7.65,4.7157215377329065,0.796825544751922,4.647913367595056,7.65,0.0014539574603163955,0.650932574855952,4.693981210930062,0.1942602922804877,-0.1908676316992304,-0.03614703758854172,7.65,4.6141747471317025,0.49675170608925695,4.5873572282486705,1.0,0.0
7.7,-0.001988559138952473,-0.9078428693833894,4.724660826687775,0.2114719040071574,-0.025189677049306712,-0.20996629813987774,7.7,4.645213333724433,-0.3013091611425082,4.635430908256843,7.7,-0.0013444113800326388,-0.6137681605604407,4.724660826687775,0.20395544502500879,-0.19550069448429602,0.058114559376350135,7.7,4.516826969157401,-0.5815570889501794,4.479231766899256,1.0,0.0
7.75,-0.004236219930855957,-1.9718941868770283,4.755340442445488,0.17961916365043037,-0.1201359396861763,-0.13353052065426652,7.75,4.5644219693185475,-1.3484630739266086,4.360687474728522,7.75,-0.003980869745573161,-1.853032665474532,4.755340442445488,0.21058516777477473,-0.1544448225133673,0.14315344803931374,7.75,4.409990213013042,-1.5788096521711374,4.117690343029945,1.0,0.0
7.800000000000001,-0.006500669211384434,-3.084905575600907,4.7860200582032,0.16491937451387206,-0.1618327184290598,-0.03175801215295819,7.800000000000001,4.473782088673872,-2.281607314893363,3.848245605151034,7.800000000000001,-0.0063140527221611726,-2.9963463474070298,4.7860200582032,0.21354103001851302,-0.07853689966865966,0.19857423521646095,7.800000000000001,4.294246077193305,-2.435968851952321,3.5364678881347396,1.0,0.0
7.8500000000000005,-0.008613952431378179,-4.166884277065425,4.816699673960914,0.16534348384061087,-0.15041692436829388,0.06865286965694378,7.8500000000000005,4.373769161177811,-3.04698668508136,3.13779043535526,7.8500000000000005,-0.008225002015395064,-3.978734715545407,4.816699673960914,0.2125664250776844,0.013333588854267352,0.2121478269475607,7.8500000000000005,4.170208379896165,-3.105962314142026,2.7827389447962423,0.9938441702975689,0.0
7.9,-0.010191209853473908,-5.024663914946922,4.847379289718626,0.17554998273636288,-0.09664329663397772,0.1465532997051049,7.9,4.2648965566857955,-3.603699271273381,2.2809415164475526,7.9,-0.009623174571221076,-4.744600367420269,4.847379289718626,0.20767655265962912,0.09931316789763807,0.1823909131692784,7.9,4.038519614427653,-3.5565994489931754,1.9131756415808558,0.9755282581475768,0.0
7.95,-0.011776395216324103,-5.917166068344807,4.878058905476339,0.19020394150905123,-0.017271623093933017,0.18941813641063968,7.95,4.147712450416858,-3.926232043808944,1.3372436238437837,7.95,-0.010450515986656816,-5.250964956341085,4.878058905476339,0.19910489615449245,0.16012063228206525,0.11833910085125231,7.95,3.8998472856088378,-3.772245328405574,0.9894311665765053,0.9455032620941842,0.0
8.0,-0.012736622062183699,-6.521150495838054,4.908738521234052,0.20591064599414852,0.06977342265230468,0.19372884045776562,8.0,4.0227965732843,-4.0057755584243235,0.3696680207405032,8.0,-0.010683456196485927,-5.469929572600795,4.908738521234052,0.18726780625046158,0.18363041727031734,0.03673011177480335,8.0,3.754880149457124,-3.754162114520609,0.07342856859086445,0.9045084971874743,0.0
8.05,-0.013007576587042734,-6.785534028343787,4.9394181369917645,0.22111596133228095,0.14919493148709986,0.16319663223994038,8.05,3.890756824916253,-3.850243686843402,-0.5600109128891436,8.05,-0.010332816907945875,-5.390218559801159,4.9394181369917645,0.1727431684663525,0.16741965602068382,-0.04255421283152285,8.05,3.6043243792698316,-3.519541702404592,-0.7771617824068819,0.8535533905932737,0.0
8.1,-0.01251949669632544,-6.653373843791887,4.970097752749477,0.23546505808340348,0.21033436860337915,0.10584539178650341,8.1,3.752225767882948,-3.4830314962703803,-1.3955965782249877,8.1,-0.00944174397036042,-5.017729857352311,4.970097752749477,0.15626329186083587,0.11876478933135796,-0.10155363705088527,8.1,3.448899681984498,-3.09936068660731,-1.5129019633491914,0.793892626146238,0.0
8.15,-0.011090979392525794,-6.004028216405364,5.00077736850719,0.24927913421999404,0.24733223317960001,0.03109426294128489,8.15,3.6078570227063023,-2.940646660939946,-2.0902702006663945,8.15,-0.008081887838605015,-4.375076438921894,5.00077736850719,0.13872582780234863,0.05223858612287772,-0.12851453388364123,8.15,3.2893353893606125,-2.535281481880581,-2.095727823772337,0.7269952498697739,0.0
8.200000000000001,-0.008491062914008944,-4.681700376771285,5.031456984264903,0.2631963925627779,0.257956191894443,-0.05225843588720572,8.200000000000001,3.458321584091306,-2.269438382421525,-2.60952823464008,8.200000000000001,-0.006348372648415383,-3.500289530411494,5.031456984264903,0.1212280857600229,-0.014352516957470866,-0.12037547106460261,8.200000000000001,3.126366549169757,-1.8758937734400616,-2.5010378546788177,0.6545084971874732,0.0
8.25,-0.005418878821040991,-3.042785127996095,5.062136600022616,0.27791645283736127,0.24195287688994246,-0.13673463395344132,8.25,3.3043040794939538,-1.5217153369345622,-2.9330543607472594,8.25,-0.0043538818463944974,-2.4447726861543604,5.062136600022616,0.10512008848974731,-0.0645806934761434,-0.08294315543932913,8.25,2.9607300422672562,-1.172633009399258,-2.7186125521028384,0.5782172325201166,0.0
8.3,-0.0020189288704855575,-1.1543972820683257,5.092816215780329,0.2940155311116799,0.199792490459156,-0.21570371645155134,8.3,3.146498991632988,-0.7515852718622742,-3.0554173992217692,8.3,-0.0022211653401494895,-1.2700334663480566,5.092816215780329,0.09201842640093542,-0.08737730521391197,-0.028854762706687426,8.3,2.7931607522584807,-0.4757245949038573,-2.752350467829401,0.5000000000000001,0.0
8.35,0.0014362525624844727,0.8361616460533274,5.123495831538041,0.31182922627624743,0.13238644729876792,-0.2823318879114679,8.35,2.985606866867481,-0.01086060184527951,-2.9855871132515652,8.35,-7.521212253973087e-05,-0.04378720973503282,5.123495831538041,0.08358531398207754,-0.07942863260716887,0.02603069410595645,8.35,2.624387815638931,0.16951615013681895,-2.6189073450041853,0.4217827674798863,0.0
8.4,0.004383437131593226,2.5980807216438317,5.154175447295755,0.33140644452756457,0.04188180442706946,-0.32874936643640007,8.4,2.8223305315043317,0.6546435634466438,-2.7453581613150955,8.4,0.0019643326288113255,1.164267806426988,5.154175447295755,0.08082926899127038,-0.0454866122501234,0.0668157079710308,8.4,2.455130982053809,0.7257445633307379,-2.3454131763585657,0.34549150281252683,0.0
8.450000000000001,0.0066658790061262865,4.021865597460178,5.184855063053467,0.35252708462262095,-0.06686113839297053,-0.346128492853912,8.450000000000001,2.6573713380748254,1.2081377239887978,-2.36685987508698,8.450000000000001,0.0037900447600135037,2.2867277697545036,5.184855063053467,0.08331033839696274,0.0033544171025483567,0.08324277968519897,8.450000000000001,2.286097117139142,1.1657929601487558,-1.9665113279763986,0.27300475013022607,0.0
8.5,0.008005478645808878,4.916364573357377,5.21553467881118,0.3747623884544139,-0.1848523158275021,-0.3260007195287557,8.5,2.491425463433732,1.6239991265584932,-1.8893987606599187,8.5,0.005312477757617349,3.2625254028967547,5.21553467881118,0.0893040611026039,0.052858617945608505,0.07198042677212887,8.5,2.11797688502586,1.4738923740380865,-1.521008663767638,0.20610737385376435,0.0
8.55,0.008340592040674338,5.213090008536535,5.246214294568893,0.3975520504661349,-0.29844608425266034,-0.26263580796243724,8.55,2.325180280195998,1.8888958840718864,-1.355926131671127,8.55,0.0064644830999310435,4.040472438198663,5.246214294568893,0.0967988842288198,0.08943534074500707,0.03703165961402401,8.55,1.9514416553080605,1.645871187372726,-1.0484429257941303,0.1464466094067263,0.0
8.6,0.0077712334641766145,4.94293967229032,5.2768939103266055,0.42027752510024535,-0.39032111225147736,-0.15582884019063023,8.6,2.1593108225452347,2.001855922465888,-0.8094418410542077,8.6,0.007203895317121494,4.582080839827029,5.2768939103266055,0.1041893636658736,0.10352803915129975,-0.011720435597135757,8.6,1.7871406924012867,1.6883827339515016,-0.5858631223511196,0.09549150281252737,0.0
8.65,0.005630768416984509,3.644315669460473,5.307573526084319,0.4423205608902936,-0.4421250585134974,-0.013149571123821344,8.65,1.9944763668390875,1.9733339791640891,-0.28963595176716017,8.65,0.007514504405737929,4.863497151020522,5.307573526084319,0.11039839627994996,0.09178231696481647,-0.06134991600446438,8.65,1.6256987079735572,1.6172952859129954,-0.1650825468379257,0.0544967379058164,0.0
8.700000000000001,0.0023307031120060225,1.5347749913653024,5.338253141842031,0.46310412642160587,-0.4383808968010603,0.14929039228502566,8.700000000000001,1.8313171467203109,1.8234128561021663,0.1699648436387998,8.700000000000001,0.007405258575863522,4.876384987981859,5.338253141842031,0.11476991073359785,0.05752699531693472,-0.09931151604725098,8.700000000000001,1.467713897569696,1.4554429842760948,0.1893932539472393,0.024471741852423023,0.0
8.75,-0.0007318880670363026,-0.4903078261590855,5.368932757599744,0.48211749538391646,-0.3707551353453431,0.3081848616825898,8.75,1.6704512216525613,1.579342638379131,0.5441361176380228,8.75,0.006907996793772405,4.627818164577998,5.368932757599744,0.11694795006061875,0.009553865768900445,-0.11655705329258632,8.75,1.313756656632948,1.2299801006182405,0.46163351798859326,0.0061558297024313195,0.0
8.8,-0.002705086670272241,-1.8434408233637654,5.399612373357457,0.4989289145484928,-0.24151616530560205,0.43657760326042194,8.8,1.5124715169943037,1.2726681870133825,0.8172427885782295,8.8,0.006074223456803846,4.139413207555032,5.399612373357457,0.11679135483862974,-0.04039106458059276,-0.10958459046366467,8.8,1.1643693120388552,0.969600580846788,0.6446941976157442,3.749399456654644e-33,0.0
,,,5.43029198911517,0.5131893190129656,-0.0650630261516866,0.5090482096785885,8.85,1.3579430530101708,0.9362175446779265,0.983618851108405,,,,5.43029198911517,0.11431913757967894,-0.08069543524652088,-0.08097599611820851,8.85,1.0200674857444523,0.7018795480957516,0.7402045497279194,,0.0
,,,5.460971604872882,0.5246300040683868,0.13320931687856288,0.5074366158108243,8.9,1.20740037981116,0.6012209299468986,1.0470668892491637,,,,5.460971604872882,0.10967531065451418,-0.10273850891706934,-0.0383858379179282,8.9,0.8813442968942695,0.45096509005735075,0.7572306499459857,,0.0
,,,5.491651220630596,0.5330565379888472,0.32080810518657843,0.4257128519780117,8.950000000000001,1.0613452355748034,0.2948030631799829,1.01958072903377,,,,5.491651220630596,0.10310560477086059,-0.10282029962490648,0.007664967071642638,8.950000000000001,0.7486799331659557,0.23580105649955074,0.7105768811881481,,0.0
,,,5.522330836388308,0.5383406888052464,0.46418199580829755,0.2726642110558935,9.0,0.9202444475952222,0.038044142715130964,0.9194577132934969,,,,5.522330836388308,0.09494244399426735,-0.08274145210403355,0.04656092541305978,9.0,0.6225623438346808,0.06900019710025364,0.6187267933111168,,0.0
,,,5.553010452146021,0.540411758827833,0.5356608643884384,0.07150040169134006,9.05,0.7845281024536842,-0.1552578924861245,0.7690119182173611,,,,5.553010452146021,0.08559755841860836,-0.04897950691411691,0.07019935832810044,9.05,0.5035334483554229,-0.043581734324514544,0.5016438637579161,,0.0
,,,5.583690067903734,0.5392484350857673,0.5197149513057295,-0.1438236563703347,9.1,0.6545880303983049,-0.27906267620311365,0.5921228861402744,,,,5.583690067903734,0.07556417273160222,-0.010762702354921666,0.07479377272628236,9.1,0.3923014122333041,-0.10258943417933139,0.3786499782582979,,0.0
,,,5.6143696836614465,0.5348720287549198,0.4169954032672576,-0.3349670443467252,9.15,0.5307767034093797,-0.3348124776100081,0.41185496684971085,,,,5.6143696836614465,0.06543282480693105,0.022401550384448014,0.061478655666723614,9.15,0.29005151122498807,-0.11431062137559139,0.26657636992919226,,0.0
,,,5.64504929941916,0.5273417626525043,0.24505513185813715,-0.4669446615900445,9.200000000000001,0.41340682222120767,-0.33048742271415166,0.24836115655793445,,,,5.64504929941916,0.055923350801020566,0.04308795358528983,0.03564897502938783,9.200000000000001,0.19947246726276396,-0.08935055420957778,0.17834164869243455,,0.0
,,,5.675728915176872,0.516752561269969,0.03538624651585084,-0.5155395456573555,9.25,0.3027525497861984,-0.2791283217899199,0.11724541089862528,,,,5.675728915176872,0.04791513552193178,0.047622235118808504,0.005289889826263913,9.25,0.12876332915872288,-0.041006583887993144,0.12205922748352373,,0.0
,,,5.706408530934585,0.5032356063481597,-0.17272604526904806,-0.4726645626470369,9.3,0.19905688696964707,-0.19700558006259067,0.02850343267483803,,,,5.706408530934585,0.04238117427551342,0.036690623256832366,-0.02121231005799774,9.3,0.10205578428070819,0.01647237533441743,0.10071764471031142,,0.0
,,,5.737088146692298,0.48696175714208323,-0.3402553875714799,-0.3483647860325255,9.35,0.10258075762563026,-0.10163460430586031,-0.01390032527099645,,,,5.737088146692298,0.040034113607301844,0.014815409651516776,-0.037191852456957476,9.35,0.13219777252489182,0.06955882701929086,0.11241806191285905,,0.0
,,,5.767767762450011,0.46814781712833853,-0.4366189288370683,-0.1688972754759513,9.4,0.01538423832570841,-0.009839822324144423,-0.011825932753549062,,,,5.767767762450011,0.040767709552515234,-0.011087238211603229,-0.0392311010678697,9.4,0.18508477916377136,0.10688945137879353,0.1510993734667439,,0.0
,,,5.798447378207723,0.44706557274237396,-0.4461388197084362,0.028771164047190042,9.450000000000001,0.06973439463567398,0.06394824791905628,0.027812000706292795,,,,5.798447378207723,0.043609200801072,-0.033635903642652225,-0.02775587110235298,9.450000000000001,0.23999483630723245,0.12034965348225961,0.20763786350479368,,0.0
,,,5.829126993965437,0.4240535321944745,-0.37128495914888215,0.20486306957678613,9.5,0.14411425229917663,0.10901283799314856,0.09426090848506756,,,,5.829126993965437,0.047342433531048396,-0.046877249864464864,-0.00662038199700474,9.5,0.2910568194387783,0.1057170449444276,0.27117886818488546,,0.0
,,,5.859806609723149,0.3995313084117669,-0.23192757749863602,0.32532270931619967,9.55,0.2112688749873952,0.11918458487881284,0.17444074141583057,,,,5.859806609723149,0.0510037462776008,-0.047670640787495895,0.018135383681064203,9.55,0.33646322101358184,0.06283150122559931,0.3305445530462905,,0.0
,,,5.890486225480862,0.37401648002130705,-0.06074648146499959,0.3690503926527531,9.600000000000001,0.2710798588302643,0.09314022391153955,0.25457648861028837,,,,5.890486225480862,0.05396941624929405,-0.0362553685920542,0.03997807072063202,9.600000000000001,0.3755943704352876,-0.004690046491599063,0.37556508699103897,,0.0
,,,5.921165841238575,0.3481431890781893,0.1041632501735129,0.3321952700066966,9.65,0.3235892361314235,0.03417354841521671,0.3217796797947797,,,,5.921165841238575,0.055877370882276844,-0.01592245173356247,0.05356077022885214,9.65,0.4082718093138988,-0.09013045543036152,0.3981989091953419,,0.0
,,,5.9518454569962875,0.3226799776960008,0.22779650728781806,0.22854128570864968,9.700000000000001,0.3688949439352538,-0.05050200592780703,0.365421711257366,,,,5.9518454569962875,0.0565439585348463,0.008054153569047895,0.05596739994922589,9.700000000000001,0.4345200444937186,-0.18464108913730642,0.39333870553126665,,0.0
,,,5.982525072754001,0.2985401635910431,0.28590652722225923,0.08592838278865898,9.75,0.4071363403909241,-0.15081648409135767,0.3781724312972003,,,,5.982525072754001,0.05590785055461363,0.029896594348345733,0.04724279204288707,9.75,0.4544752115627376,-0.2783789760396905,0.35923928463363874,,0.0
,,,6.013204688511713,0.27676994381977055,0.27009250172721844,-0.06042882021627979,9.8,0.438489371229445,-0.25513892377486724,0.3566189258244667,,,,6.013204688511713,0.053995067691222566,0.04480449006159196,0.030133453258802147,9.8,0.4683443168189917,-0.36167946528862216,0.29754724580339237,,0.0
,,,6.043884304269426,0.2584881613069082,0.1891759361695607,-0.17614935341975146,9.850000000000001,0.4631636167784373,-0.35165635627648784,0.3014271769393513,,,,6.043884304269426,0.05089641185192542,0.050063370335838304,0.009170806399522334,9.850000000000001,0.4763844411134523,-0.42613625769874086,0.21295545451922243,,0.0
,,,6.074563920027139,0.24474674838495863,0.06661023549124433,-0.23550806222465342,9.9,0.48139977012513846,-0.4296876807071324,0.2170581390435788,,,,6.074563920027139,0.04675184676360269,0.04553090608192874,-0.010614695811278416,9.9,0.4788907056675645,-0.46547854101301384,0.11254348417911114,,0.0
,,,6.105243535784852,0.23630591264664477,-0.06540553343268393,-0.22707399795694305,9.950000000000001,0.49346717781848265,-0.4807991227898783,0.11109482035010237,,,,6.105243535784852,0.041739163460840126,0.03343126910376202,-0.024990158313275623,9.950000000000001,0.47618842764772407,-0.4761632710725519,0.004894681511514832,,0.0
,,,6.135923151542564,0.2333901787427766,-0.17368031544631127,-0.15590421277199348,10.0,0.49966133527650614,-0.49961606101920564,-0.006726183312581516,,,,6.135923151542564,0.03606627988549166,0.017570703788127202,-0.03149677623453728,10.0,0.46862743473708035,-0.45763590004500254,-0.10090121693149655,,0.0
,,,6.166602767300278,0.23556181941528112,-0.2318130781081087,-0.041857706390596855,10.05,0.500301307673988,-0.4842633424201061,-0.12565991265478965,,,,6.166602767300278,0.02996873020389515,0.0022258993168250882,-0.029885952590894858,10.05,0.4565775814377824,-0.412251007632446,-0.1962452409043536,,0.0
,,,6.19728238305799,0.24180946429197198,-0.22619253328785963,0.08549125631309314,10.100000000000001,0.49572707493155876,-0.4364085608216731,-0.23514442553833867,,,,6.19728238305799,0.02371866436444852,-0.008981189614018285,-0.021952523143147128,10.100000000000001,0.44042500485894015,-0.3448811941486668,-0.27391813891669725,,0.0
,,,6.227961998815704,0.2508012711941087,-0.1588577513706441,0.19407599661484032,10.15,0.48629681060295005,-0.36092555914635044,-0.32591000100870754,,,,6.227961998815704,0.017667105558832573,-0.013932610406883754,-0.010863194101042627,10.15,0.42056890979636147,-0.26227443714562326,-0.3287709347056801,,0.0
,,,6.258641614573416,0.26115571839826557,-0.04662687838474603,0.25695961446151083,10.200000000000001,0.47238410940113684,-0.26523423134660257,-0.39089327103019067,,,,6.258641614573416,0.012396910740915897,-0.01239530249231124,-0.0001996798496060602,10.200000000000001,0.3974188228733612,-0.17224380565357775,-0.35815330821873,,0.0
,,,6.2893212303311286,0.271625590397208,0.08321152470106967,0.2585658591453154,10.25,0.45437518044948993,-0.1584037306651655,-0.42586977201940995,,,,6.2893212303311286,0.009149377086005444,-0.00587961047105127,0.007010084291263961,10.25,0.3713923734600324,-0.08278688452864359,-0.36204782393258106,,0.0
,,,6.320000846088842,0.2811818312428544,0.19955193452317957,0.1980965614268499,10.3,0.4326660244988473,-0.05012659828371738,-0.4297525019126008,,,,6.320000846088842,0.009487665328209636,0.0029382727317080527,0.00902121647751633,10.3,0.3429137950838554,-0.001234580333919601,-0.3429115726688317,,0.0
,,,6.350680461846554,0.2890314943092708,0.27485535527066846,0.08940770873747206,10.350000000000001,0.4076596139285981,0.050320510877960876,-0.40454197188103325,,,,6.350680461846554,0.012421196193812248,0.011038328412819537,0.00569573706695778,10.350000000000001,0.3124135574002376,0.06647952680856008,-0.3052584206255111,,0.0
,,,6.381360077604267,0.2946054166463705,0.2915185388340662,-0.04253578532756399,10.4,0.3797630946748741,0.1350181950356213,-0.35495083474526484,,,,6.381360077604267,0.015968652080569294,0.015885883513628362,-0.0016237469820451218,10.4,0.28032995382196096,0.11635600930583467,-0.2550414909544,,0.0
,,,6.41203969336198,0.29753712062219273,0.2457682724274921,-0.16770895747142217,10.450000000000001,0.34938502956422374,0.19815232380295927,-0.28775954450735547,,,,6.41203969336198,0.01924288566503892,0.016051285641062597,-0.010613429134204367,10.450000000000001,0.24711435773490203,0.14662421716181137,-0.19891416425287348,,0.0
,,,6.442719309119693,0.29764244454976485,0.1482389208659145,-0.2581012342823431,10.5,0.3169327032491352,0.236498458325603,-0.2109853492506468,,,,6.442719309119693,0.021919535257679357,0.011479154726201412,-0.018673377645315705,10.5,0.2132439285863405,0.1577752203553187,-0.14345714663538695,,0.0
,,,6.473398924877405,0.29490284778928627,0.02119018018264906,-0.29414055466402084,10.55,0.2828095108176551,0.24960387874271167,-0.13296286370831162,,,,6.473398924877405,0.02387259035268898,0.0033720740828656745,-0.0236332326719593,10.55,0.17925079759053175,0.15234318645420752,-0.0944584669461682,,0.0
,,,6.504078540635119,0.28945254519204544,-0.1068926912099378,-0.26899206026210143,10.600000000000001,0.24741245713130328,0.2396625559640057,-0.06143926442063585,,,,6.504078540635119,0.025063198644237224,-0.006241380907975516,-0.0242736295316966,10.600000000000001,0.14579136658998582,0.1344723891877008,-0.05632316679952545,,0.0
,,,6.534758156392831,0.2815686512664065,-0.20798636866414688,-0.18979614281087182,10.65,0.21112980759594419,0.21111149409039132,-0.0027807765863284463,,,,6.534758156392831,0.025502586675725143,-0.015108032986151985,-0.020545784639244544,10.65,0.11382383653753779,0.1093287896174717,-0.03167146231077332,,0.0
,,,6.565437772150545,0.27166311614049704,-0.260916885489713,-0.07565201608359949,10.700000000000001,0.17433897153014585,0.17000546017221266,0.03862927006588685,,,,6.565437772150545,0.025236350067429705,-0.02134479129495631,-0.013463775447496763,10.700000000000001,0.08510218443541478,0.08242943200956954,-0.02116058917561386,,0.0
,,,6.596117387908257,0.2602746819757784,-0.25598033099136147,0.04708481945537877,10.75,0.1374048365023215,0.12324836686535894,0.06074478709528577,,,,6.596117387908257,0.0243356359878502,-0.023870781720614413,-0.004733810196863689,10.75,0.06349316181408365,0.05896853142866409,-0.02353919918553023,,0.0
,,,6.62679700366597,0.2480578679518189,-0.19678901585683545,0.15101916795857465,10.8,0.10067934572520598,0.07777152785959947,0.06393684469880491,,,,6.62679700366597,0.02289079089687025,-0.02258123413627885,0.0037518225926598168,10.8,0.05619292709023856,0.043215866727701134,-0.035917042165835994,,0.0
,,,6.657476619423683,0.23576375657209822,-0.0990123959614263,0.21396517090163372,10.850000000000001,0.06450647829772437,0.03975077415006503,0.05080316620886248,,,,6.657476619423683,0.021006010734270917,-0.01824733881448711,0.010406109415031976,10.850000000000001,0.06623147435562307,0.038051670291241894,-0.05420958018068555,,0.0
,,,6.6881562351813955,0.22420432892471387,0.013588919086891667,0.22379214102964207,10.9,0.02927560830113731,0.01394622552644881,0.02574031924757437,,,,6.6881562351813955,0.018794535767299954,-0.012202153363666916,0.014294825217464866,10.9,0.08618758629775532,0.044684217135099694,-0.07369953032995721,,0.0
,,,6.718835850939108,0.21419018301461284,0.11482885234007505,0.1808086534712722,10.950000000000001,0.006521008265747499,0.0032316309464554068,-0.005663930634096689,,,,6.718835850939108,0.0163743321649362,-0.005923993988838921,0.015265158009921303,10.950000000000001,0.10932546822342412,0.06257400077976692,-0.0896468205163164,,0.0
,,,6.749515466696821,0.2064354588291267,0.18210228617360674,0.09723351290752534,11.0,0.0382671040616226,0.008356775557418025,-0.03734348076366199,,,,6.749515466696821,0.013864412767540612,-0.0006437528404578134,0.013849459327682999,11.0,0.132670538919196,0.0895643617297972,-0.09787592658587678,,0.0
,,,6.780195082454534,0.20143954210389992,0.20134982967087964,-0.006011257317453032,11.05,0.06937266046335251,0.02795926939256527,-0.06348893820814422,,,,6.780195082454534,0.011382131068072926,0.0029193593771551342,0.011001374844891311,11.05,0.1549485136862144,0.12219540816734728,-0.09527499208282504,,0.0
,,,6.810874698212247,0.19938037654052745,0.16989471130441214,-0.10434712080471108,11.100000000000001,0.09866786141294119,0.05881415138040429,-0.07922273962194351,,,,6.810874698212247,0.009042005418690501,0.004638197393037954,0.007761764421498781,11.100000000000001,0.17552801716763006,0.1561585251241704,-0.08015360155254211,,0.0
,,,6.84155431396996,0.20006877655348565,0.09659853721507831,-0.17520341880087756,11.15,0.1259153388344391,0.09628419256965527,-0.08114201633556528,,,,6.84155431396996,0.006956746514602898,0.004878260226708295,0.004959727737381912,11.15,0.19405020431660214,0.18683471928076475,-0.05242393982326075,,0.0
,,,6.872233929727672,0.20299255888322823,-0.0005817996513439756,-0.2029917251296874,11.200000000000001,0.15093498905789982,0.1349132345728979,-0.06767414616370541,,,,6.872233929727672,0.005239712613585965,0.0042743592444800345,0.0030305843202425393,11.200000000000001,0.21029248190535288,0.20985282595124763,-0.013591151025153446,,0.0
,,,6.902913545485386,0.20743167674557714,-0.09896724559318257,-0.18230026005790637,11.25,0.17357857579300512,0.1690913901660576,-0.03921254577349066,,,,6.902913545485386,0.003998145234542233,0.003469055964119298,0.001987665976541605,11.25,0.22411251059392362,0.22160374968458463,0.03343943077331747,,0.0
,,,6.933593161243098,0.21259281955718431,-0.17638610514841727,-0.11867455008486451,11.3,0.19372573191902365,0.19371567010622454,0.0019744272227158327,,,,6.933593161243098,0.0032801503652503945,0.002899591230943066,0.0015335439713586219,11.3,0.2354225427950505,0.21965413028628608,0.08471031049561,,0.0
,,,6.964272777000811,0.21771855474491242,-0.21604690471022173,-0.026927756039926514,11.350000000000001,0.2112828462975959,0.20477285992338087,0.05204341436159776,,,,6.964272777000811,0.0029724120703614435,0.002694624752435397,0.0012546836093585024,11.350000000000001,0.24417639467342453,0.2030160663972342,0.13567088302324037,,0.0
,,,6.994952392758524,0.2221542209564405,-0.20998538469141725,0.07251645402776184,11.4,0.226182487751592,0.19978259967791914,0.10604447478030796,,,,6.994952392758524,0.002822930603406067,0.0027002261296697186,0.0008232351063307697,11.4,0.2503621261287137,0.17224711037878854,0.18169239710523774,,0.0
,,,7.0256320085162365,0.22537798743056767,-0.16039485099838852,0.15833107399199267,11.450000000000001,0.2383828713903236,0.1780561371609547,0.1585004901936106,,,,7.0256320085162365,0.002613856491178433,0.0026103581549709928,0.00013518897607447267,11.450000000000001,0.25399746998833705,0.1293745747328202,0.21857935440745105,,0.0
,,,7.056311624273949,0.22700702976809514,-0.07866220760492125,0.21294235994478203,11.5,0.24786723235093372,0.1407480079755593,0.2040298094010374,,,,7.056311624273949,0.00224316538199816,0.0021444218447781386,-0.0006582141616778511,11.5,0.2551266511302963,0.07765799145301545,0.24302025528840865,,0.0
,,,7.086991240031662,0.2267911013866603,0.017545330294280435,0.22611139965300078,11.55,0.2546430664225306,0.090701429949367,0.2379418876158828,,,,7.086991240031662,0.001719796690310527,0.0012027173590750885,-0.0012292972017305204,11.55,0.25381793519325835,0.021221152359431054,0.25292925279276596,,0.0
,,,7.117670855789375,0.2246006293782286,0.10838516052655892,0.19671832577248224,11.600000000000001,0.2587412275994463,0.032110862473691625,0.2567409499298157,,,,7.117670855789375,0.0012294519135529155,-5.7659296872001284e-05,-0.0012280991056193926,11.600000000000001,0.25016157516583637,-0.03540134016258037,0.24764401628980598,,0.0
,,,7.148350471547088,0.2204130454858309,0.17616220380752937,0.1324718406681716,11.65,0.2602148843880788,-0.029955468828287084,0.258484924017589,,,,7.148350471547088,0.001332843065539427,-0.0012538505977936704,-0.0004520280033017785,11.65,0.24426799066647611,-0.08775002402827448,0.22796224368801715,,0.0
,,,7.179030087304801,0.2142989966415023,0.2089127931851998,0.04774415990582035,11.700000000000001,0.2591383420209997,-0.09011624945805105,0.2429644868885306,,,,7.179030087304801,0.002166546522742373,-0.0019044429147143476,0.0010329670952171645,11.700000000000001,0.23626610772140044,-0.13190413808343085,0.19601778494383515,,0.0
,,,7.209709703062513,0.20640903793127569,0.20252199470680574,-0.03986894279625879,11.75,0.25560574056031526,-0.14325677046636304,0.21168795979680793,,,,7.209709703062513,0.003286855567616389,-0.0016084563996265008,0.0028664067284444143,11.75,0.22630184796706176,-0.1648721605076179,0.15501515113967862,,0.0
,,,7.240389318820227,0.19696095893302737,0.1610220198942648,-0.11342631287751835,11.8,0.24972964062667624,-0.18506337502339565,0.1676795772671165,,,,7.240389318820227,0.0044816479696136394,-0.0002132945383762935,0.004476569441373706,11.8,0.21453680896878033,-0.1848684441586353,0.1088563308075028,,0.0
,,,7.271068934577939,0.1862277216920382,0.0951449129219054,-0.16008813157661086,11.850000000000001,0.24163950975409645,-0.2124553660911099,0.1151189388992643,,,,7.271068934577939,0.00565021780701199,0.0020887686489030116,0.0052499530281741825,11.850000000000001,0.20114724102369747,-0.19144905241768495,0.061704723480589065,,0.0
,,,7.301748550335652,0.17452590819582592,0.01957884013605632,-0.1734242245204072,11.9,0.2314801234326884,-0.2238701305905306,0.05886605281307242,,,,7.301748550335652,0.006722990686097054,0.0047737149737707135,0.0047339464629994514,11.9,0.18632352606302205,-0.18549643003313027,0.01753655637580148,,0.0
,,,7.332428166093365,0.16220447280067707,-0.050376562413334276,-0.1541833095894657,11.950000000000001,0.21940989597294405,-0.21937473982850975,0.0039275916325137395,,,,7.332428166093365,0.007645498468300977,0.007111681691358602,0.0028067116612839724,11.950000000000001,0.17027054894316176,-0.16905970503480386,-0.020270075750987188,,0.0
,,,7.3631077818510775,0.14963338718385893,-0.10198874192779211,-0.10949176717955034,12.0,0.2055991576711061,-0.20059719479351387,-0.04507526013282004,,,,7.3631077818510775,0.008375654972125997,0.008372106365526709,-0.00024378518496029054,12.0,0.15320972544089312,-0.14507328343449372,-0.04926421016528029,,0.0
,,,7.39378739760879,0.13719138356926838,-0.12744171987126468,-0.05079452492054853,12.05,0.19022839685887105,-0.1704905425725585,-0.08437901317751208,,,,7.39378739760879,0.008884036764603899,0.008047694600893742,-0.0037630733245021166,12.05,0.13538426660927033,-0.11698924410927253,-0.06813528020101652,,0.0
,,,7.424467013366503,0.125251424539751,-0.12493443798367615,0.008905366637029262,12.100000000000001,0.1734864893329165,-0.13296109063180597,-0.111440164927466,,,,7.424467013366503,0.009154917517394867,0.006028151482984844,-0.006890130945670847,12.100000000000001,0.11707116739817044,-0.0883675300301428,-0.07679087102216159,,0.0
,,,7.455146629124216,0.114161904216924,-0.09841713550364414,0.057853330186701225,12.15,0.15556894590666734,-0.09240597228883862,-0.12515124136765873,,,,7.455146629124216,0.009187536866627868,0.0026671448703075406,-0.008791881022650294,12.15,0.09860821538656647,-0.06247125041715752,-0.07629497370757972,,0.0
,,,7.485826244881929,0.10422148761292009,-0.05616034954156856,0.08779597724052564,12.200000000000001,0.1366762280623152,-0.053213943147929745,-0.1258914912612878,,,,7.485826244881929,0.008997601159500912,-0.0012838366428549448,-0.008905537047248476,12.200000000000001,0.08045731396079818,-0.04191234126512162,-0.06867849022410462,,0.0
,,,7.516505860639642,0.0956471323973341,-0.008583102675723578,0.09526124229869747,12.25,0.11701223137211404,-0.019285721141616356,-0.11541197186916512,,,,7.516505860639642,0.008619236939825749,-0.004862041998636891,-0.0071170073084371455,12.25,0.06336176934781416,-0.028385768496807403,-0.05664770040991302,,0.0
,,,7.547185476397354,0.0885395385910219,0.03411890891878435,0.08170159085417342,12.3,0.09678318142626482,0.0063736691503070994,-0.09657308397556597,,,,7.547185476397354,0.008107642492209598,-0.007151426184090309,-0.00381981286387045,12.3,0.048741151053369444,-0.02251933246302315,-0.043227068735078596,,0.0
,,,7.577865092155068,0.08285727009620761,0.06402089429662176,0.052598976237724276,12.350000000000001,0.07619768468752078,0.021947622392755755,-0.07296841113141936,,,,7.577865092155068,0.007542117565512448,-0.007540248705061558,0.00016788936186937773,12.350000000000001,0.03941544165410134,-0.0238523035201327,-0.03137904806668507,,0.0
,,,7.60854470791278,0.07841463768513937,0.07679761602626946,0.015842398049959464,12.4,0.05547082517911643,0.026956831586626342,-0.048480322573827436,,,,7.60854470791278,0.00702682449531428,-0.005904228241161422,0.003810032987287734,12.4,0.03894146159310726,-0.030941207344815258,-0.023644853965558727,,0.0
,,,7.639224323670493,0.07491184512242023,0.07213942958897833,-0.02019126638480892,12.450000000000001,0.034848563933857324,0.022252216198026167,-0.02681904701007184,,,,7.639224323670493,0.006681235512527449,-0.002660372708361859,0.006128729478975337,12.450000000000001,0.04696700580444365,-0.041576782024641074,-0.021846529031178525,,0.0
,,,7.669903939428206,0.07198993425958787,0.05328158123312229,-0.04841098776102358,12.5,0.01484315850417012,0.009857479653393428,-0.011097272154131045,,,,7.669903939428206,0.006608765642447271,0.0013279499308196106,0.006473973455153155,12.5,0.05950281460140525,-0.05308402795709572,-0.02688253933949481,,0.0
,,,7.7005835551859185,0.06929052476690555,0.025859721743984855,-0.06428414745329386,12.55,0.008104952298221559,-0.007316544519736548,-0.003486893753351255,,,,7.7005835551859185,0.006849783590218347,0.004972409831782417,0.004711122551751133,12.55,0.07362221365833414,-0.06266865939495257,-0.038637669101445865,,0.0
,,,7.731263170943632,0.06650170527606025,-0.0035782963861727144,-0.06640536574401713,12.600000000000001,0.026327925450114795,-0.025849928348744028,-0.004994082785817853,,,,7.731263170943632,0.007359856944844908,0.0072491443336110154,0.001271770686506469,12.600000000000001,0.08792190385646564,-0.06776901225624947,-0.056014481659280725,,0.0
,,,7.761942786701344,0.06338265892340489,-0.029044209640884583,-0.0563364476918542,12.65,0.04495003288944737,-0.04223891094948368,-0.015374649868012874,,,,7.761942786701344,0.008038131545900471,0.007477555690758293,-0.0029491896583313483,12.65,0.10171843165378056,-0.06637292628298437,-0.07707966005852873,,0.0
,,,7.792622402459057,0.059769831718821026,-0.04625682362189723,-0.03785153962666346,12.700000000000001,0.06280820058860656,-0.05331916634080671,-0.03319542983454234,,,,7.792622402459057,0.008772449460010306,0.005511400356119346,-0.006824978801652256,12.700000000000001,0.11463334031846457,-0.05726412440500209,-0.0993057036060737,,0.0
,,,7.82330201821677,0.055571459569877295,-0.05326913486600492,-0.015829920699545082,12.75,0.07967110308146683,-0.05663937111358388,-0.05603094061387363,,,,7.82330201821677,0.009465935920925374,0.0017882369721031418,-0.009295490917141961,12.75,0.1264298931987944,-0.04017147936575068,-0.11987814704868284,,0.0
,,,7.853981633974483,0.05075660541585165,-0.050517538238437694,0.004920500347367763,12.8,0.09538718916696111,-0.050744145616955914,-0.08076971921938814,,,,7.853981633974483,0.01004426938740194,-0.002778314637139946,-0.009652373558029842,12.8,0.1369469972303771,-0.015806194476578057,-0.13603177667951524,,0.0
,,,7.884661249732195,0.04534267704406875,-0.040366417867437394,0.020652134758279837,12.850000000000001,0.10983279333191102,-0.035336604952388044,-0.10399310958678533,,,,7.884661249732195,0.010454792632326779,-0.007036032661322244,-0.007732847688514299,12.850000000000001,0.1460702257205856,0.014215042646873349,-0.14537690120720828,,0.0
,,,7.915340865489909,0.03938350952576975,-0.02631712049837019,0.029299658551605347,12.9,0.12290311580594672,-0.011304954061630259,-0.12238208156619325,,,,7.915340865489909,0.01066410840659664,-0.009898067715839745,-0.003968811358618107,12.9,0.15371800976648362,0.04754994308017558,-0.1461787585103965,,0.0
,,,7.946020481247621,0.03295897529222239,-0.012095411831123205,0.030659338951595977,12.950000000000001,0.13451002731274989,0.019386855461705096,-0.13310558697133518,,,,7.946020481247621,0.010656247567679042,-0.01063168548603716,0.0007231016177912163,12.950000000000001,0.15983451739717716,0.08139116236172218,-0.13755926592198836,,0.0
,,,7.976700097005334,0.026166701838602896,-0.0008243037444500366,0.026153715002791282,13.0,0.14458148138191698,0.05392918388141381,-0.1341471128443481,,,,7.976700097005334,0.010431733768386287,-0.009053809910730435,0.005181659532895819,13.0,0.16438567783974128,0.1127765376250587,-0.1195997643816029,,0.0
,,,8.007379712763047,0.019117184711799864,0.005560215487258711,0.01829072866346015,13.05,0.15306135275169366,0.08898910607202885,-0.12453399819599305,,,,8.007379712763047,0.010007513309770955,-0.005580465096235074,0.00830714944821296,13.05,0.16735675947814785,0.13891313002939062,-0.09333502691093114,,0.0
,,,8.03805932852076,0.011939720100620261,0.006566814949737592,0.00997165269637177,13.100000000000001,0.1599093551572772,0.12108710790942788,-0.10444574747181803,,,,8.03805932852076,0.009417802287539407,-0.0011166749828486918,0.009351365510440834,13.100000000000001,0.16875074085701067,0.1574784175518952,-0.060641244587664164,,0.0
,,,8.068738944278472,0.004894537974268495,0.003074494501347383,0.003808409844376134,13.15,0.16510091843387079,0.14698480852790402,-0.07519161741659137,,,,8.068738944278472,0.008716002578184893,0.0031835767500206858,0.008113787033170974,13.15,0.16858709341283631,0.16686534813972081,-0.02403255407979289,,0.0
,,,8.099418560036185,0.0034040671381775417,-0.003013052007191592,0.0015840425130592168,13.200000000000001,0.16862697923823666,0.1640401617746365,-0.039062558185093105,,,,8.099418560036185,0.007977516342773978,0.0062228316203537465,0.00499170648415464,13.200000000000001,0.1669007797663444,0.16634498769484346,0.013609384828719375,,0.0
,,,8.130098175793899,0.010083585116258885,-0.00928113827469992,0.003941974267132891,13.25,0.17049366799779905,0.1704911668086739,0.0009235082894351425,,,,8.130098175793899,0.007301478073735133,0.0072492805358426934,0.0008715008742893949,13.25,0.16374136856008462,0.1561303086789986,0.0493412858540399,,0.0
,,,8.160777791551611,0.01689589548081834,-0.013367071518087274,0.010334054534841475,13.3,0.17072188696003107,0.16563793039935898,0.041352614188352586,,,,8.160777791551611,0.006804418069332293,0.006052562248552658,-0.0031091149045429315,13.3,0.15917222314163001,0.13733609895282936,0.08046485285059259,,0.0
,,,8.191457407309324,0.023454661963916927,-0.013462436307137591,0.019206352504259495,13.350000000000001,0.16934678024792993,0.1499048965172524,0.07878358953800291,,,,8.191457407309324,0.006593328252481061,0.003014773613442987,-0.005863711922038196,13.350000000000001,0.15326976001737339,0.11184170772897789,0.10480005604983768,,0.0
,,,8.222137023067036,0.029659282549642254,-0.008670887439048362,0.028363510931809322,13.4,0.16641710022726613,0.12477879005951721,0.11011314544292551,,,,8.222137023067036,0.00671791842536295,-0.000995681087249759,-0.00664372238600652,13.4,0.14612280770307243,0.08207406340940969,0.12089550465793705,,0.0
,,,8.252816638824749,0.03544042456671206,0.0008271625543369854,0.035430770462657316,13.450000000000001,0.16199447672321762,0.09263174481004778,0.13289684097929222,,,,8.252816638824749,0.0071402574225179136,-0.004857766969696378,-0.005233103871312801,13.450000000000001,0.13783213928419613,0.05073691803669313,0.12815406262696444,,0.0
,,,8.283496254582463,0.04074091295076051,0.013815044294073386,0.03832709927993815,13.5,0.1561525973711935,0.05645164809587486,0.14559136338749484,,,,8.283496254582463,0.007758148049069484,-0.00749578413208712,-0.002000520281434703,13.5,0.12851031893858347,0.020517689377337653,0.1268618401896785,,0.0
,,,8.314175870340176,0.045511389855033016,0.028265159498051452,0.03567025883122401,13.55,0.14897630906405998,0.019511568419192642,0.147693057928169,,,,8.314175870340176,0.00845418215302218,-0.00816208869151627,0.0022030669686373514,13.55,0.11828212396830662,-0.006194953431983419,0.11811978412793266,,0.0
,,,8.344855486097888,0.04970861538009612,0.04170341075936329,0.027051284147747046,13.600000000000001,0.14056065247115127,-0.014983797019729215,0.1397597325769741,,,,8.344855486097888,0.009126961140379397,-0.0066301597897525915,0.006272352096330645,13.600000000000001,0.10728604402307312,-0.02755159888081304,0.10368801589977295,,0.0
,,,8.3755351018556,0.053294669594546526,0.051649850074074674,0.013138294962341604,13.65,0.13100984459098888,-0.04423500447598426,0.12331603204273447,,,,8.3755351018556,0.009699480415125049,-0.003248440826147656,0.009139340923852853,13.65,0.09567786826554407,-0.04241497183932383,0.08576260630197856,,0.0
,,,8.406214717613313,0.05623670059216729,0.05606392669794928,-0.004404840144663411,13.700000000000001,0.12043622956162393,-0.06613116533420747,0.10065562260778031,,,,8.406214717613313,0.010117415239712572,0.0011570274889505985,0.0100510386787924,13.700000000000001,0.08363852234518106,-0.050447660200332055,0.06671158820172987,,0.0
,,,8.436894333371026,0.05850711735105208,0.05372251473327311,-0.02317270358553428,13.75,0.10895922851464683,-0.07944955041265149,0.07456461907456227,,,,8.436894333371026,0.01034557586674156,0.005503071411054089,0.00876054479238275,13.75,0.07139109377953282,-0.05210715473727158,0.048800949747152295,,0.0
,,,8.46757394912874,0.06008416250349037,0.04446753941877585,-0.040407233532938805,13.8,0.09670434284522733,-0.08395138294399518,0.04799890860132077,,,,8.46757394912874,0.010365110332823523,0.008732953266413719,0.005583103031311432,13.8,0.05923908105179219,-0.04855127805807165,0.033941746018562674,,0.0
,,,8.498253564886452,0.06095278744221263,0.029277661304594735,-0.053460834687731815,13.850000000000001,0.08380232367475117,-0.08036573601960616,0.023752429924425392,,,,8.498253564886452,0.010171760852086865,0.010087682413750743,0.0013051369090447584,13.850000000000001,0.047656369506036,-0.04146710657332248,0.023486349800097783,,0.0
,,,8.528933180644165,0.06110573303942874,0.01014439359560784,-0.06025779525391983,13.9,0.07038878290093407,-0.07026612293955932,0.004153640008181315,,,,8.528933180644165,0.009775004748700801,0.009294559750295514,-0.003026859244383494,13.9,0.037499800683460975,-0.03284482011520633,0.0180956581228492,,0.0
,,,8.559612796401877,0.060544707027517325,-0.010235167225587144,-0.0596733014078505,13.950000000000001,0.05660504631621591,-0.055856257626435944,-0.009176587188610178,,,,8.559612796401877,0.0091980047324875,0.006625768703733694,-0.0063798495392513414,13.950000000000001,0.030400888958601636,-0.02472364654636675,0.017690544110443705,,0.0
,,,8.59029241215959,0.05928154834051885,-0.028903528970383854,-0.05175797510246565,14.0,0.042603125813361495,-0.039691256841773596,-0.015480001918264388,,,,8.59029241215959,0.008478529849692397,0.0028149863879039214,-0.007997582137623884,14.0,0.028645630042445143,-0.018939613331405442,0.021491002009805988,,0.0
,,,8.620972027917304,0.05733928083100824,-0.04315172262186433,-0.03775873357228645,14.05,0.028568825458920213,-0.02436720632063932,-0.014913652947203877,,,,8.620972027917304,0.007671234986168354,-0.0011426125791897971,-0.007585662970821379,14.05,0.0328237931448094,-0.01690395495154207,0.028136412411845845,,0.0
,,,8.651651643675017,0.05475298446370111,-0.05100017199746934,-0.019921640592853767,14.100000000000001,0.014879393132164685,-0.012214840861000505,-0.008496705403975239,,,,8.651651643675017,0.006851551643611588,-0.004251884827503349,-0.005372637651910229,14.100000000000001,0.040798813003528916,-0.019436922015738316,0.03587128663779747,,0.0
,,,8.682331259432729,0.05157045349290158,-0.051558640047481,-0.0011037707723134686,14.15,0.005429703311438545,-0.005031855575366028,0.0020401243880961077,,,,8.682331259432729,0.006119574081680163,-0.005771309702367608,-0.002034986796155966,14.15,0.05040976129393198,-0.026674923494892318,0.04277373598661736,,0.0
,,,8.713010875190442,0.04785267499076162,-0.045190245295790826,0.015739130658258025,14.200000000000001,0.014994839327192911,-0.0038832914535881337,0.014483274972699389,,,,8.713010875190442,0.005595521734367314,-0.0053934134001825,0.001490287010783105,14.200000000000001,0.06047756226623608,-0.038060230372639524,0.04699951490864635,,0.0
,,,8.743690490948154,0.04367426505978685,-0.03343969614820324,0.028093204694878797,14.25,0.027903806008787158,-0.008991167002259987,0.026415550452593212,,,,8.743690490948154,0.005388311147899706,-0.003307960292728613,0.004253386383613777,14.25,0.07040850209100374,-0.05241289578863533,0.04701324836414232,,0.0
,,,8.774370106705868,0.03912418751437074,-0.01873228293562429,0.034348269602403,14.3,0.04062285466532719,-0.019724047278875476,0.035513071960912926,,,,8.774370106705868,0.005535502423584947,-0.00013580245070081198,0.005533836352468193,14.3,0.07987389320499297,-0.06807519975008501,0.041780449910318686,,0.0
,,,8.80504972246358,0.03430745727895192,-0.003898335280192189,0.03408525497910086,14.350000000000001,0.052812888738028425,-0.034685767909459445,0.03982585493603976,,,,8.80504972246358,0.00597311719114785,0.003244751652027513,0.00501494922166224,14.350000000000001,0.08866879399979276,-0.08311085505062882,0.030898880273094845,,0.0
,,,8.835729338221293,0.029349365808759742,0.008383054699884953,0.028126671812980862,14.4,0.06432343774175533,-0.05189136801367182,0.038010400794876546,,,,8.835729338221293,0.0065788593638800765,0.005930204361797725,0.0028485200994600337,14.4,0.09665280546093018,-0.09553530060983292,0.014655072188743058,,0.0
,,,8.866408953979006,0.02440573495367305,0.01610683726421688,0.01833602170518384,14.450000000000001,0.07504519023265566,-0.0690086762048661,0.029488695893637326,,,,8.866408953979006,0.007231945133313192,0.007220750109899854,-0.0004022415463793025,14.450000000000001,0.10372393300916549,-0.10355028428247921,-0.005999408629822398,,0.0
,,,8.897088569736718,0.019687351282094145,0.018321243810505993,0.007205818880638743,14.5,0.08488746679431307,-0.08363698464167403,0.014516777149353306,,,,8.897088569736718,0.007838733421165948,0.0067872887843872885,-0.003921537020791025,14.5,0.10980622109102602,-0.10575589907939645,-0.029548197917974625,,0.0
,,,8.92776818549443,0.01551537315706941,0.015282288767897821,-0.0026792637454521114,14.55,0.0937728200381942,-0.09359057381219246,-0.005843481104625096,,,,8.92776818549443,0.008333269380957294,0.004736721820084838,-0.00685615380331659,14.55,0.11484349724671412,-0.10131623152976547,-0.05407448648358106,,0.0
,,,8.958447801252145,0.012416336843462984,0.008350428762229153,-0.009188893301005972,14.600000000000001,0.1016354917241654,-0.0971548648816385,-0.029844688100957886,,,,8.958447801252145,0.008671359307484259,0.0015638596865927613,-0.008529174351608946,14.600000000000001,0.11879599521999243,-0.0900604151118365,-0.07747005944358216,,0.0
,,,8.989127417009858,0.011090146923997336,-0.00034706089066486266,-0.01108471504072245,14.65,0.10842097804682066,-0.0932866078838085,-0.055251400617194524,,,,8.989127417009858,0.008825368423738864,-0.001991840661024227,-0.00859765657582446,14.65,0.12163840247472733,-0.07250847206378276,-0.09766484749171213,,0.0
,,,9.01980703276757,0.011785481012623656,-0.008412171892112245,-0.00825426718470328,14.700000000000001,0.11408593934606326,-0.08173629031555597,-0.07959133371118225,,,,9.01980703276757,0.008780727642855935,-0.005142827083728671,-0.007117057504677142,14.700000000000001,0.12335863642519133,-0.04981998267809851,-0.11285088615795849,,0.0
,,,9.050486648525283,0.013823301562528293,-0.013719370700605294,-0.001691902381335914,14.75,0.11859819685266482,-0.06308005610153551,-0.10043126415081395,,,,9.050486648525283,0.008533646684621452,-0.007249900975093268,-0.004501339977083756,14.75,0.123956999747211,-0.02367234799993413,-0.12167562503024212,,0.0
,,,9.081166264282995,0.01634979175285221,-0.014884398434319457,0.00676538052219257,14.8,0.12193671726240682,-0.038658797824336365,-0.11564627260534266,,,,9.081166264282995,0.00808949115010781,-0.007968237779787763,-0.0013953686797529737,14.8,0.12344553316382444,0.003916774606213532,-0.1233833803021501,,0.0
,,,9.11184588004071,0.01884264817435448,-0.011554908235414873,0.014883866631142785,14.850000000000001,0.12409154341374727,-0.010432541080757857,-0.12365222696500142,,,,9.11184588004071,0.007461473398995265,-0.007308731217195696,0.0015020097465406378,14.850000000000001,0.12184747125848051,0.030802247020952488,-0.11788989706733338,,0.0
,,,9.142525495798422,0.021035307476600984,-0.004460856817958373,0.020556870313469887,14.9,0.12506365298028704,0.019232393949418728,-0.12357601838442611,,,,9.142525495798422,0.00666946496380386,-0.005604558469187831,0.003615340546734454,14.9,0.1191967560893921,0.05493520977033582,-0.10578274618161146,,0.0
,,,9.173205111556134,0.022793307138723656,0.004781707944519225,0.0222860969991049,14.950000000000001,0.12486473796308493,0.04781872232018052,-0.11534544890135602,,,,9.173205111556134,0.005738841155752766,-0.0033982402490375543,0.004624528194398098,14.950000000000001,0.11553759525229536,0.07457277562150187,-0.08824872266944353,,0.0
,,,9.203884727313847,0.02405208799675563,0.014063269252272642,0.019512237056313126,15.0,0.12351690337918393,0.07292693258720007,-0.09968995899188962,,,,9.203884727313847,0.004699341949125246,-0.0012842750965953115,0.0045204482334247975,15.0,0.1109240769943685,0.08845061769453205,-0.0669375760429695,,0.0
,,,9.23456434307156,0.024789796482844746,0.02127566214066144,0.012723215400883817,15.05,0.12105228684605317,0.09252733120808758,-0.07805350171624588,,,,9.23456434307156,0.003584028338277256,0.00024828239994021035,0.0035754181544896757,15.05,0.10541988357614185,0.09589997849156648,-0.04377837341113061,,0.0
,,,9.265243958829272,0.02501508204617691,0.024793618570155114,0.0033212660198517424,15.100000000000001,0.11751260305131149,0.10516766029348958,-0.05243066950066801,,,,9.265243958829272,0.002428756275183518,0.0009320064291269767,0.002242815431619218,15.100000000000001,0.09909818529150889,0.09689718940821238,-0.020769810130553547,,0.0
,,,9.295923574586986,0.02476130047398137,0.023833655815453113,-0.006714078613876077,15.15,0.11294861904503464,0.11011399076090347,-0.02514556785773643,,,,9.295923574586986,0.0012754911321174504,0.0007686235760133662,0.0010178877278495307,15.15,0.09204186811165627,0.09204157650307458,0.00023169012105943822,,0.0
,,,9.326603190344699,0.0240837000134441,0.018612314582194502,-0.015284186345075657,15.200000000000001,0.10741956839196105,0.10741043175563977,0.0014010080593090646,,,,9.326603190344699,0.00029980660923993894,7.212177732664603e-07,0.00029980574175434495,15.200000000000001,0.08434438159753276,0.0824657393482714,0.017702444486939837,,0.0
,,,9.357282806102411,0.023058233624101795,0.010274339871323979,-0.020642676136397163,15.25,0.10099251507555215,0.09785252072749644,0.024987442617453032,,,,9.357282806102411,0.0010212554494403198,-0.00097870322961333,0.00029172363866506807,15.25,0.07611176553248056,0.06968970649779957,0.030599765697172397,,0.0
,,,9.387962421860124,0.021781402210023473,0.0006151751740910903,-0.02177271323790394,15.3,0.09374168273740771,0.08287889681183765,0.04380172993950776,,,,9.387962421860124,0.0019968610235598914,-0.0017495037612442986,0.0009626476701289576,15.3,0.06746700142250843,0.055436557158335426,0.03845236548478343,,0.0
,,,9.418642037617836,0.02037055170720164,-0.008331768272234882,-0.01858873353172711,15.350000000000001,0.08574777371607284,0.06439491478114985,0.05662133562175375,,,,9.418642037617836,0.0028722080748581256,-0.001984458032596712,0.0020764165146093896,15.350000000000001,0.058559183761801636,0.04143109323525849,0.041384085300750224,,0.0
,,,9.44932165337555,0.018963240198806647,-0.01474477229416141,-0.011924603508333784,15.4,0.07709732111089809,0.044549224473997256,0.0629234735312851,,,,9.44932165337555,0.0036158746767896675,-0.0015337556750812055,0.0032744683854642694,15.4,0.04958327562594389,0.029204635188116345,0.040069820380522765,,0.0
,,,9.480001269133263,0.017712334334792218,-0.017398298560027038,-0.0033205413419532086,15.450000000000001,0.06788216087703702,0.02548922375730478,0.06291492062766976,,,,9.480001269133263,0.004209931345922102,-0.00045370113493945716,0.0041854124309955556,15.450000000000001,0.040824379350355613,0.019927874528995627,0.035630180551020914,,0.0
,,,9.510680884890975,0.01677098195470624,-0.01590015772791939,0.005333931003712702,15.5,0.058199224556267436,0.009123185958726462,0.05747971135029593,,,,9.510680884890975,0.004643404867163925,0.00102371450338158,0.0045291519488716465,15.5,0.03275933013329195,0.014290119276477227,0.0294782326784708,,0.0
,,,9.541360500648688,0.016262721137794815,-0.010737005087701411,0.012214451299684004,15.55,0.048151188124201515,-0.00308439685502978,0.04805229873599105,,,,9.541360500648688,0.004911608927529971,0.002567164377967592,0.004187310510755845,15.55,0.026268022136336982,0.012437664069118802,0.023136842901719346,,0.0
,,,9.5720401164064,0.016243816565351538,-0.0031295235281777805,0.01593949996378088,15.600000000000001,0.03784967850171114,-0.010261931395503195,0.036432004154546324,,,,9.5720401164064,0.005016053563876095,0.0038433659451347175,0.003223248604661575,15.600000000000001,0.022827468952221812,0.013977070669307555,0.018048125505709264,,0.0
,,,9.602719732164113,0.016682147964729117,0.005258920179282654,0.01583154506878749,15.65,0.027427872680445418,-0.01220863196163065,0.02456089382331544,,,,9.602719732164113,0.0049644041672786115,0.004606701208979543,0.001850300707258054,15.65,0.023718548114355868,0.01804166414168768,0.015397008789097813,,0.0
,,,9.633399347921827,0.01747236421622443,0.012686945130445378,0.012013531311045404,15.700000000000001,0.017101913992073645,-0.009393853360603192,0.014290940529992016,,,,9.633399347921827,0.004770451402301663,0.004756737915205696,0.0003614567578099273,15.700000000000001,0.028339843280372333,0.023412388918415128,0.01596893115674738,,0.0
,,,9.66407896367954,0.018475820906194988,0.017689477339673246,0.005332761911709396,15.75,0.007723882778716332,-0.0028794719550176754,0.007167077956853645,,,,9.66407896367954,0.0044541949029721,0.004350283667401428,-0.0009564958164064341,15.75,0.03499623547986493,0.0286781310951375,0.02005744985416303,,0.0
,,,9.694758579437252,0.019557286210377795,0.019347456919748592,-0.00285715849282216,15.8,0.007210436113461408,0.005824402565795351,0.0042504968765857245,,,,9.694758579437252,0.004042274562635185,0.003568547401804515,-0.0018988030653023821,15.8,0.04246543260231264,0.03241636267108273,0.027431594873036307,,0.0
,,,9.725438195194965,0.020604416755298557,0.01742404798878172,-0.010997478870662112,15.850000000000001,0.01611221244097073,0.014952743949773669,0.006001569637643048,,,,9.725438195194965,0.0035691805771663056,0.00265272796496046,-0.002387903753575076,15.850000000000001,0.050099494002570404,0.03337295170287494,0.03736583190497924,,0.0
,,,9.756117810952677,0.021532925591547937,0.012352401493948952,-0.017637603631543253,15.9,0.025791632750754655,0.022705062702129568,0.01223472303087262,,,,9.756117810952677,0.0030798866083853863,0.001829332677963428,-0.0024777496794161414,15.9,0.05755047909992109,0.030620401234297295,0.04872831489884601,,0.0
,,,9.786797426710391,0.022284717572350548,0.005093708703189556,-0.021694763629191267,15.950000000000001,0.03528375476154276,0.02746551679731335,0.022149237845334308,,,,9.786797426710391,0.0026340526786514137,0.0012477727559603521,-0.0023197621997510425,15.950000000000001,0.0646109546964505,0.023676543754324986,0.060116526368680964,,0.0
,,,9.817477042468104,0.022823805719869156,-0.003090139357530976,-0.022613649557056685,16.0,0.04437827778578474,0.027998526691319373,0.034431294520359694,,,,9.817477042468104,0.0023073611325969278,0.0009473760899856604,-0.0021038996982609363,16.0,0.07114351328318848,0.01257047782540203,0.07002415704252563,,0.0
,,,9.848156658225816,0.023132051346915698,-0.010892556706619079,-0.020406959790949558,16.05,0.05296228781334408,0.023597898924252205,0.047414587383887166,,,,9.848156658225816,0.002172434109176944,0.0008609147713880505,-0.0019945665481806525,16.05,0.07704977683786333,-0.0021512794691679583,0.07701973842730236,,0.0
,,,9.878836273983529,0.023205306946709157,-0.017192205795812588,-0.015585709171077725,16.1,0.0609511232440547,0.01417305248096461,0.0592803846823194,,,,9.878836273983529,0.002248087753669419,0.0008503134950353841,-0.0020810731626637073,16.1,0.0822560326855047,-0.019478557685127157,0.07991646078040487,,0.0
,,,9.909515889741241,0.023049998716662693,-0.021216126829126165,-0.009009905837942185,16.150000000000002,0.06827422735263954,0.0002632983809891716,0.06827371964791783,,,,9.909515889741241,0.002476246383421909,0.0007608555526109485,-0.0023564581429491105,16.150000000000002,0.08670616275244522,-0.03804454020436838,0.07791387309004551,,0.0
,,,9.940195505498954,0.022680059471452834,-0.02261613979888825,-0.0017015634651050568,16.2,0.07487122297007312,-0.0170206087968686,0.07291089702656499,,,,9.940195505498954,0.0027699571385878968,0.0004755972650679516,-0.0027288220519253235,16.2,0.09035795656784511,-0.05627338112860834,0.070695593154531,,0.0
,,,9.970875121256668,0.022114143546284982,-0.02146020334440208,0.00533807242388219,16.25,0.08069068200012315,-0.03612019271764853,0.07215481854793156,,,,9.970875121256668,0.003059381376781245,-4.70521631738187e-05,-0.0030590195328792148,16.25,0.09318107722983145,-0.07255135562032901,0.05847233492314435,,0.0
,,,,,,,16.3,0.08568975344927975,-0.055203518258330406,0.0655385796161355,,,,,,,,16.3,0.09515586753397519,-0.08540201615827263,0.04196587616439785,,
,,,,,,,16.35,0.08983408371094531,-0.07236974955974924,0.053223885097240915,,,,,,,,16.35,0.09627259376862266,-0.09364561636043267,0.022336312305591268,,
,,,,,,,16.400000000000002,0.09309782353009759,-0.08586060145690162,0.03598835733261933,,,,,,,,16.400000000000002,0.09653091936020337,-0.09652508492716488,0.001061306897035189,,
,,,,,,,16.45,0.09546363763971043,-0.09425480620833872,0.01514389705572676,,,,,,,,16.45,0.095939498683566,-0.09378482439777917,-0.02021865772823913,,
,,,,,,,16.5,0.09692267981813628,-0.09662393539905834,-0.007604010200385356,,,,,,,,16.5,0.09451563438527691,-0.08569409370684077,-0.03987138631919554,,
,,,,,,,16.55,0.09747451620697876,-0.09263254112955253,-0.030339637994978144,,,,,,,,16.55,0.09228497325236028,-0.07301306953047164,-0.05644119033053224,,
,,,,,,,16.6,0.0971269892979591,-0.08257205671577578,-0.05114203261322892,,,,,,,,16.6,0.08928123808734709,-0.056906141942964804,-0.0687955702322228,,
,,,,,,,16.650000000000002,0.09589602008180013,-0.0673254704660643,-0.06828856195624651,,,,,,,,16.650000000000002,0.0855460137092339,-0.038812854322744166,-0.07623439381841947,,
,,,,,,,16.7,0.09380534893867609,-0.048267589464666874,-0.0804343415263478,,,,,,,,16.7,0.08112863078706045,-0.02029149412964509,-0.07855004773626655,,
,,,,,,,16.75,0.09088621808582228,-0.02711286297149285,-0.08674789507205752,,,,,,,,16.75,0.07608623094144186,-0.0028531798688462124,-0.07603271600771891,,
,,,,,,,16.8,0.0871770004348292,-0.00572844201125915,-0.08698858750972942,,,,,,,,16.8,0.07048416720425985,0.012194924379150032,-0.06942119017897108,,
,,,,,,,16.85,0.08272278210329116,0.014066208241168192,-0.08151809900031208,,,,,,,,16.85,0.06439703053648832,0.023879960797190236,-0.05980572726956898,,
,,,,,,,16.900000000000002,0.07757490934711449,0.03069063358550133,-0.07124571264527801,,,,,,,,16.900000000000002,0.05791087451840554,0.031653246282195124,-0.048494756286481255,,
,,,,,,,16.95,0.07179051682044355,0.0429644970843564,-0.05751460941043344,,,,,,,,16.95,0.05112782440723405,0.03543039931232865,-0.036861107324467325,,
,,,,,,,17.0,0.06543206617802723,0.050221021647832466,-0.041942869107557214,,,,,,,,17.0,0.04417567178227924,0.03557823047238621,-0.02618548250213144,,
,,,,,,,17.05,0.05856695042215893,0.05236094274922568,-0.02623774678138221,,,,,,,,17.05,0.037228458497802264,0.03285097214186326,-0.017514900840630232,,
,,,,,,,17.1,0.05126728277462981,0.049842011868158245,-0.012004504822283466,,,,,,,,17.1,0.030552189440107683,0.0282841097109927,-0.011551857748464347,,
,,,,,,,17.150000000000002,0.04361015865242629,0.043606415671655595,-0.0005713579968646103,,,,,,,,17.150000000000002,0.024605455222270162,0.023058743012367756,-0.008586198075092562,,
,,,,,,,17.2,0.035679200078787617,0.03495542707434332,0.007150065476093508,,,,,,,,17.2,0.020215574153777227,0.018352539578592977,-0.008476657913531969,,
,,,,,,,17.25,0.027570102929712365,0.025386404730561297,0.010753651956943245,,,,,,,,17.25,0.018574403298307347,0.01519460844785513,-0.010683273468583512,,
,,,,,,,17.3,0.019411971093169573,0.01641127000782108,0.010367971761749905,,,,,,,,17.3,0.020284740270910134,0.01434090761139403,-0.014346046728619841,,
,,,,,,,17.35,0.011480648816784334,0.009377387910035104,0.006623435153986108,,,,,,,,17.35,0.02450491070120247,0.01618420862006631,-0.018400055429701256,,
,,,,,,,17.400000000000002,0.005340864057144447,0.005311188862200272,0.000562229265457811,,,,,,,,17.400000000000002,0.03000506663907124,0.020708497469392764,-0.021713179329044822,,
,,,,,,,17.45,0.008079605304868374,0.004801991013860088,-0.006497761474943824,,,,,,,,17.45,0.03599277575640832,0.027492482215905265,-0.023230224455635974,,
,,,,,,,17.5,0.015342353116241181,0.007938673412976958,-0.013128795206930766,,,,,,,,17.5,0.04204248709377188,0.035761209082058355,-0.022106710429624806,,
,,,,,,,17.55,0.022968548903256204,0.01430567760374416,-0.017969469302653446,,,,,,,,17.55,0.04791506561769398,0.044479308216675735,-0.01781697655927857,,
,,,,,,,17.6,0.030436809810213388,0.023037993543418244,-0.01989095887373259,,,,,,,,17.6,0.053461516215232666,0.05247471600839197,-0.010224377529717714,,
,,,,,,,17.650000000000002,0.03759142284115258,0.03292809352059026,-0.018134379733577597,,,,,,,,17.650000000000002,0.05857969807981145,0.058578371746421345,0.0003941962200868312,,
,,,,,,,17.7,0.044342177043685746,0.04257196848333014,-0.012403876991808518,,,,,,,,17.7,0.06319467281325826,0.06176372465223553,0.013371947840819428,,
,,,,,,,17.75,0.05062057808616673,0.05053713898764356,-0.002905255362494221,,,,,,,,17.75,0.06724932765438639,0.06127007949150315,0.027720920422523925,,
,,,,,,,17.8,0.05636949333152274,0.05553322149972633,0.009673731871150842,,,,,,,,17.8,0.07069965138245553,0.056695809929613955,0.04223773007662502,,
,,,,,,,17.85,0.06154003099653992,0.056565563282181694,0.024238656431918672,,,,,,,,17.85,0.07351222859931908,0.04805102937580341,0.055634039306563236,,
,,,,,,,17.900000000000002,0.0660905015085711,0.05305459510456975,0.03941020588559011,,,,,,,,17.900000000000002,0.07566284151451476,0.035764006968132186,0.06667684299390585,,
,,,,,,,17.95,0.0699860842546989,0.044907621913808426,0.05367827757438057,,,,,,,,17.95,0.07713564387209051,0.020640906067540068,0.07432267858650524,,
,,,,,,,18.0,0.07319874847396997,0.03253529400162502,0.06557065976779054,,,,,,,,18.0,0.07792263622239125,0.0037836986410141335,0.07783071925943578,,
,,,,,,,18.05,0.07570725701345792,0.016811334164699966,0.07381712408448708,,,,,,,,18.05,0.07802330049038472,-0.013524225104258101,0.07684224589860857,,
,,,,,,,18.1,0.07749718044641848,-0.0010194844494375921,0.07749047443784367,,,,,,,,18.1,0.07744431832576171,-0.029951696399505418,0.07141791318523501,,
,,,,,,,18.150000000000002,0.07856088838736863,-0.019474334705954954,0.07610889220040606,,,,,,,,18.150000000000002,0.07619933474697947,-0.04425758096070515,0.06202906692340989,,
,,,,,,,18.2,0.07889750220574057,-0.0369910333489269,0.06968844456639434,,,,,,,,18.2,0.07430875168675256,-0.055417394074028486,0.04950457566010726,,
,,,,,,,18.25,0.07851280179417715,-0.05209444432834614,0.058740351681723785,,,,,,,,18.25,0.07179955352504051,-0.06272478813466702,0.034939617053658334,,
,,,,,,,18.3,0.07741908362778338,-0.06355192787539973,0.04421387760744026,,,,,,,,18.3,0.06870518417886148,-0.06585697748945107,0.019577049037207136,,
,,,,,,,18.35,0.07563497019440286,-0.0705006213261931,0.02739180733228344,,,,,,,,18.35,0.06506551848552933,-0.064897354993868,0.004674934287306587,,
,,,,,,,18.400000000000002,0.07318517300872059,-0.07253270412773799,0.009750711780910396,,,,,,,,18.400000000000002,0.060927008009478666,-0.0603134512368791,-0.008624842310656182,,
,,,,,,,18.45,0.07010021346845713,-0.06972968375793095,-0.007197994952915573,,,,,,,,18.45,0.056343149208840655,-0.0528934289816473,-0.019412254720488176,,
,,,,,,,18.5,0.06641610835759577,-0.06264257242792788,-0.02206824798165257,,,,,,,,18.5,0.05137555439716717,-0.04364892071063545,-0.027096481513527605,,
,,,,,,,18.55,0.06217403073937841,-0.052220937380277714,-0.033742907365938185,,,,,,,,18.55,0.04609618072163107,-0.03369569024267018,-0.03145565666444262,,
,,,,,,,18.6,0.05741996408835716,-0.039699507943332164,-0.04148495323566765,,,,,,,,18.6,0.0405918742653812,-0.02412592712965494,-0.03264414030896045,,
,,,,,,,18.650000000000002,0.052204381861145795,-0.026455672806503787,-0.04500438714013939,,,,,,,,18.650000000000002,0.034973771555070345,-0.01588671895444187,-0.031157292206621955,,
,,,,,,,18.7,0.046582016581210264,-0.013854289954249198,-0.04447407018292499,,,,,,,,18.7,0.029397386183936735,-0.009678328712904164,-0.02775853504370303,,
,,,,,,,18.75,0.040611860506595945,-0.003097430330753316,-0.0404935691086046,,,,,,,,18.75,0.02410667127926433,-0.005883456988224617,-0.023377693086235402,,
,,,,,,,18.8,0.034357753345105865,0.004904127224411407,-0.03400595170098788,,,,,,,,18.8,0.01952663315441006,-0.00453498786554736,-0.01899271669367614,,
,,,,,,,18.85,0.02789058425087632,0.009623522568393982,-0.02617771004558729,,,,,,,,18.85,0.016397416317480647,-0.005325235597056364,-0.015508614629444641,,
,,,,,,,18.900000000000002,0.021295686754352543,0.010964685504198162,-0.01825601123283871,,,,,,,,18.900000000000002,0.01564779367549635,-0.007654943367452355,-0.013647537834789128,,
,,,,,,,18.95,0.01470169184133501,0.00925888624708945,-0.011419840999814062,,,,,,,,18.95,0.0175213221680469,-0.010715779389142348,-0.013862496261486381,,
,,,,,,,19.0,0.00844296733780809,0.0052121595525147155,-0.006642069727609296,,,,,,,,19.0,0.02121414031343535,-0.013596336294423677,-0.016284329541220305,,
,,,,,,,19.05,0.004581929440874328,-0.00018965065785432104,-0.004578002842848217,,,,,,,,19.05,0.025805771067745946,-0.015399081818035471,-0.020707633847505687,,
,,,,,,,19.1,0.007993056557525895,-0.005806759161319805,-0.005492768079414627,,,,,,,,19.1,0.030728155142568065,-0.0153546078477168,-0.026616828066254736,,
,,,,,,,19.150000000000002,0.013974137412205885,-0.010487388210411985,-0.009235323759312604,,,,,,,,19.150000000000002,0.035670971837722235,-0.012919988621393128,-0.03324894172557444,,
,,,,,,,19.200000000000003,0.020184123907026005,-0.013209320844880216,-0.015261477671287002,,,,,,,,19.200000000000003,0.040454486039148606,-0.007850016328231924,-0.03968554754993512,,
,,,,,,,19.25,0.026263666074530498,-0.013204823052897073,-0.02270270476873014,,,,,,,,19.25,0.04496361470261252,-0.00023329449391782541,-0.04496300947227733,,
,,,,,,,19.3,0.032088384678356764,-0.010054776113996602,-0.030472379437182198,,,,,,,,19.3,0.04911781552073966,0.009510742114850269,-0.04818823078257001,,
,,,,,,,19.35,0.037583575789009054,-0.0037415178146358048,-0.03739687438183772,,,,,,,,19.35,0.05285712557121346,0.020673321013165092,-0.04864657770015949,,
,,,,,,,19.400000000000002,0.04269223502712979,0.005345302633108054,-0.04235628254901717,,,,,,,,19.400000000000002,0.05613537575566141,0.03233139809857622,-0.04588966232410826,,
,,,,,,,19.450000000000003,0.04736684172717576,0.016450152621771758,-0.044418579152509303,,,,,,,,19.450000000000003,0.05891672284294242,0.04344758035823177,-0.03979306461642639,,
,,,,,,,19.5,0.0515667529981014,0.028535249901418182,-0.0429519444010491,,,,,,,,19.5,0.061173791265037074,0.0529834407724977,-0.030577569256655352,,
,,,,,,,19.55,0.055257300896389604,0.04039658287678579,-0.03770259134639311,,,,,,,,19.55,0.06288662981514286,0.060013339332401335,-0.018791681981155002,,
,,,,,,,19.6,0.05840948940311702,0.05079891735014563,-0.028829471871435884,,,,,,,,19.6,0.06404209375009534,0.06382591576102377,-0.005257589672340227,,
,,,,,,,19.650000000000002,0.06099991566990329,0.05861436179031382,-0.016892196531224462,,,,,,,,19.650000000000002,0.0646334525933774,0.06400192277556825,0.009013161219603296,,
,,,,,,,19.700000000000003,0.0630107689579569,0.0629488007817064,-0.00279382977614357,,,,,,,,19.700000000000003,0.06466011785749329,0.06045983778242499,0.022924634275551237,,
,,,,,,,19.75,0.06442984383746764,0.06324201983320384,0.012314694650583883,,,,,,,,19.75,0.06412743427172611,0.053464398857087085,0.03541025107401609,,
,,,,,,,19.8,0.06525053806331706,0.059330444073117584,0.02715752425459756,,,,,,,,19.8,0.06304650615697431,0.04359742823567033,0.045542575573159834,,
,,,,,,,19.85,0.06547182074783361,0.05146573138973683,0.04047020885238811,,,,,,,,19.85,0.06143404865041159,0.031694550986749885,0.05262696809934475,,
,,,,,,,19.900000000000002,0.06509816395775718,0.04028749656462321,0.05113402557227925,,,,,,,,19.900000000000002,0.05931226781336421,0.018755207978378926,0.05626888382447258,,
,,,,,,,19.950000000000003,0.06413943498174532,0.026753620562887066,0.0582933178550904,,,,,,,,19.950000000000003,0.05670878877526041,0.005836277198566523,0.05640766430919289,,
,,,,,,,20.0,0.06261074911290594,0.012036332372832111,0.06144292154097139,,,,,,,,20.0,0.05365667191223976,-0.006058663752458781,0.05331351643094255,,
,,,,,,,20.05,0.06053228478830347,-0.002603989813804459,0.06047624937727106,,,,,,,,20.05,0.050194591436584425,-0.01608205945399306,0.04754854754042301,,
,,,,,,,20.1,0.057929064912557435,-0.015952979423932673,0.05568912828499718,,,,,,,,20.1,0.04636731377404426,-0.023625766610953534,0.039896753485282835,,
,,,,,,,20.150000000000002,0.05483071075902633,-0.02696935385711403,0.04773950978874599,,,,,,,,20.150000000000002,0.04222673692057795,-0.028376119075657277,0.03127128358676407,,
,,,,,,,20.200000000000003,0.05127117892979604,-0.03489082072014475,0.03756813035440916,,,,,,,,20.200000000000003,0.037834009590993825,-0.030334985522162402,0.022609753096874147,,
,,,,,,,20.25,0.047288499382727694,-0.03930728913612342,0.026289526329689374,,,,,,,,20.25,0.03326381380241214,-0.029805049951933393,0.014769573658176445,,
,,,,,,,20.3,0.042924547947870755,-0.04019367702318335,0.015066026147762996,,,,,,,,20.3,0.028613189955391253,-0.02734161029921743,0.008435104366220393,,
,,,,,,,20.35,0.03822492138979465,-0.03789925043990138,0.004979099451669489,,,,,,,,20.35,0.024020311940098387,-0.02367694627488557,0.004046924856704843,,
,,,,,,,20.400000000000002,0.03323906878969413,-0.033095368071110014,-0.0030874433183088793,,,,,,,,20.400000000000002,0.019705167873734802,-0.019626332656445453,0.001760882560142178,,
,,,,,,,20.450000000000003,0.028021070624754178,-0.02668817182035483,-0.008539431119499695,,,,,,,,20.450000000000003,0.016051554158921528,-0.015986734306093004,0.001441081934929445,,
,,,,,,,20.5,0.022632216990956525,-0.019706638934393707,-0.011129493601920053,,,,,,,,20.5,0.013705887940553078,-0.013439904336951565,0.0026870682262623716,,
,,,,,,,20.55,0.017149483309796747,-0.013179063110180522,-0.010973471343694124,,,,,,,,20.55,0.013395971510009229,-0.012470953768252791,0.004891560569703745,,
,,,,,,,20.6,0.011699048385885345,-0.008012175414447278,-0.00852483303434226,,,,,,,,20.6,0.01519224019269225,-0.013311558662260177,0.007321650637230647,,
,,,,,,,20.650000000000002,0.006650191868752412,-0.00488663796588473,-0.004510634243828094,,,,,,,,20.650000000000002,0.018388878076637864,-0.01591404858651833,0.009213788281884194,,
,,,,,,,20.700000000000003,0.004183797376167646,-0.004180616043682193,0.00016312565749852795,,,,,,,,20.700000000000003,0.022266729496449745,-0.019959020792980675,0.009871409800703758,,
,,,,,,,20.75,0.0074594102668933265,-0.005929803832891491,0.004525508593877483,,,,,,,,20.75,0.026389478536906284,-0.024895263296991085,0.008753881586092305,,
,,,,,,,20.8,0.012460999851141517,-0.009828036344636106,0.00766069310824162,,,,,,,,20.8,0.030515396402266786,-0.030007087844492363,0.0055465391624323224,,
,,,,,,,20.85,0.01763255153049747,-0.015267955100954331,0.008820227917173752,,,,,,,,20.85,0.034501688676958034,-0.03450108639969837,0.00020385976131198302,,
,,,,,,,20.900000000000002,0.02269675583996648,-0.02141664047034318,0.00751466809800082,,,,,,,,20.900000000000002,0.03825535156739788,-0.037602176329743296,-0.007039052408677216,,
,,,,,,,20.950000000000003,0.02755003409969712,-0.02731719353887642,0.003574257412952037,,,,,,,,20.950000000000003,0.04171045823714177,-0.03864782400547393,-0.015687830506295655,,
,,,,,,,21.0,0.032129090439927746,-0.0320043835328827,-0.0028280536022506682,,,,,,,,21.0,0.04481748001882964,-0.03716963285732312,-0.02504046542079438,,
,,,,,,,21.05,0.036385569949305994,-0.034620986702043346,-0.011193613371596184,,,,,,,,21.05,0.047538034607040994,-0.03295300370667813,-0.03426316215716063,,
,,,,,,,21.1,0.040279213003987985,-0.034521483891918,-0.02075288293516543,,,,,,,,21.1,0.04984217778890959,-0.026068137775064937,-0.04248170052718588,,
,,,,,,,21.150000000000002,0.043775612289144575,-0.03135133663785002,-0.030551561700013115,,,,,,,,21.150000000000002,0.051706943451290864,-0.016868955484431805,-0.04887787170017992,,
,,,,,,,21.200000000000003,0.0468454142461506,-0.02509293461665396,-0.03955802659660589,,,,,,,,21.200000000000003,0.05311552123567839,-0.005960165554323766,-0.05278006273871654,,
,,,,,,,21.25,0.049464042056782655,-0.016073162408187947,-0.04677974889623904,,,,,,,,21.25,0.054056769357844724,0.0058636792358940535,-0.05373780400449729,,
,,,,,,,21.3,0.051611618529226654,-0.004931924796158324,-0.05137543464547478,,,,,,,,21.3,0.05452490613986292,0.01770016817605315,-0.05157198305378897,,
,,,,,,,21.35,0.053272961125555976,0.007444604820765955,-0.052750225081487814,,,,,,,,21.35,0.054519296871472306,0.028632771225717155,-0.04639523836877524,,
,,,,,,,21.400000000000002,0.05443759306470317,0.020018289840396192,-0.050623310940159864,,,,,,,,21.400000000000002,0.05404429146404749,0.0378257940860338,-0.03860045001825609,,
,,,,,,,21.450000000000003,0.05509974403157129,0.031710118078597783,-0.045060517127370636,,,,,,,,21.450000000000003,0.053109090756602,0.044609969030585526,-0.028818851192981106,,
,,,,,,,21.5,0.055258327462662696,0.041515497182554414,-0.03646842809412244,,,,,,,,21.5,0.051727634067237835,0.048549251079740806,-0.017852684554160198,,
,,,,,,,21.55,0.0549168880716124,0.04861081794125131,-0.025550987741230748,,,,,,,,21.55,0.04991851264581517,0.049481592387960065,-0.006590138050312894,,
,,,,,,,21.6,0.05408351697980888,0.0524394446352317,-0.01323372416418538,,,,,,,,21.6,0.04770492683683258,0.04752946424965138,0.004087795573247274,,
,,,,,,,21.650000000000002,0.05277073417507933,0.05276771646788387,-0.000564343992529026,,,,,,,,21.650000000000002,0.04511472331846427,0.04307933905389555,0.013398089669094372,,
,,,,,,,21.700000000000003,0.05099533986251777,0.04970500774051266,0.011398986499214335,,,,,,,,21.700000000000003,0.042180579754534625,0.03673283998374628,0.020734024576939868,,
,,,,,,,21.75,0.048778238141880724,0.04368599508254808,0.021699086383385188,,,,,,,,21.75,0.03894046127807058,0.029235418480135292,0.02572255490499103,,
,,,,,,,21.8,0.04614423891867475,0.035417548046561574,0.029578506989928356,,,,,,,,21.8,0.035438585729506776,0.02139087557282352,0.028254624413281148,,
,,,,,,,21.85,0.043121847962149136,0.0257966108344451,0.03455471952030425,,,,,,,,21.85,0.03172736896633399,0.013971532610136162,0.0284854738077111,,
,,,,,,,21.900000000000002,0.039743062483977215,0.015808634583006315,0.03646365434547522,,,,,,,,21.900000000000002,0.02787133523937588,0.007634221359178155,0.026805409757449033,,
,,,,,,,21.950000000000003,0.03604320500908784,0.006418198597347084,0.035467158810541154,,,,,,,,21.950000000000003,0.02395515120519332,0.0028514735261165507,0.023784834832168405,,
,,,,,,,22.0,0.03206086312918665,-0.001535798382125778,0.03202405764293306,,,,,,,,22.0,0.020100652015297545,-0.00013455292498550016,0.02010020166442275,,
,,,,,,,22.05,0.027838089449683332,-0.007428659583875488,0.026828608629510874,,,,,,,,22.05,0.01650335495676378,-0.0013305489227404318,0.016449631132433758,,
,,,,,,,22.1,0.023421258136288634,-0.010912387740090802,0.02072378166495156,,,,,,,,22.1,0.01350369653649163,-0.0009812659366728695,0.013467996781674011,,
,,,,,,,22.150000000000002,0.01886375553407756,-0.011945482368687203,0.014599545329523964,,,,,,,,22.150000000000002,0.011660645852927266,0.0004688506864318677,0.011651216277334406,,
,,,,,,,22.200000000000003,0.014234742342186434,-0.010787142714902026,0.009287919120921083,,,,,,,,22.200000000000003,0.011558119098431697,0.0024367993069258397,0.011298324045242166,,
,,,,,,,22.25,0.009654030193216843,-0.007957051328110334,0.005466775387132711,,,,,,,,22.25,0.01319062040735412,0.004277580556497516,0.012477771087561325,,
,,,,,,,22.3,0.005494866079314135,-0.00416580561656374,0.00358324110193594,,,,,,,,22.3,0.01595159897079508,0.005367146521785444,0.015021559437646848,,
,,,,,,,22.35,0.003811805562506479,-0.0002243415423144212,0.0038051980919194366,,,,,,,,22.35,0.01925791575564008,0.005182073858515806,0.018547599029961195,,
,,,,,,,22.400000000000002,0.00673931924248382,0.003057009945158488,0.006006089746858166,,,,,,,,22.400000000000002,0.022757857760476053,0.003366763733037788,0.022507443031405446,,
,,,,,,,22.450000000000003,0.010973452953700657,0.004968127355570358,0.00978439473375411,,,,,,,,22.450000000000003,0.026254598488271805,-0.0002195171478869653,0.026253680770553827,,
,,,,,,,22.5,0.015347622878143775,0.004985930983805625,0.014515165181094195,,,,,,,,22.5,0.029630427873324334,-0.005481068612971281,0.02911906837136409,,
,,,,,,,22.55,0.01963367858738338,0.002838578508399278,0.01942739835707114,,,,,,,,22.55,0.03280788239254964,-0.012092022016854772,0.030498199137445284,,
,,,,,,,22.6,0.023743066663825443,-0.001460167664965689,0.023698124925678143,,,,,,,,22.6,0.03573162564816148,-0.019529601467520606,0.029922294998548624,,
,,,,,,,22.650000000000002,0.02762131922550476,-0.007610128634035358,0.02655227331003268,,,,,,,,22.650000000000002,0.03835985301742553,-0.027130470947679432,0.027118552130886583,,
,,,,,,,22.700000000000003,0.031226876490700304,-0.01505732489881941,0.027356805044757043,,,,,,,,22.700000000000003,0.040660033250621945,-0.034163653677807236,0.02204729170044544,,
,,,,,,,22.75,0.03452519291054859,-0.02305608633903956,0.025698362364892986,,,,,,,,22.75,0.042606700528951255,-0.03991166806084759,0.014912735582865197,,
,,,,,,,22.8,0.03748676661951407,-0.03075339729553543,0.02143562983373403,,,,,,,,22.8,0.04418026008383746,-0.04375064578294533,0.006146248827599588,,
,,,,,,,22.85,0.04008642495814287,-0.037285744997065065,0.014720553180456812,,,,,,,,22.85,0.045366314541608596,-0.04522037303049659,-0.003635981032803128,,
,,,,,,,22.900000000000002,0.04230307064731837,-0.04187739166013804,0.005986138482812598,,,,,,,,22.900000000000002,0.04615526518768956,-0.04407639595873575,-0.01369597838179845,,
,,,,,,,22.950000000000003,0.04411960746612245,-0.04392890991744583,-0.004097637908558684,,,,,,,,22.950000000000003,0.04654206031045893,-0.040318411342932514,-0.02325057170747608,,
,,,,,,,23.0,0.04552293257932326,-0.04308600539069566,-0.014694676930594815,,,,,,,,23.0,0.046526022224787744,-0.03419187932404387,-0.03155291004569095,,
,,,,,,,23.05,0.04650394557468544,-0.039280953664395116,-0.024892240422046186,,,,,,,,23.05,0.04611071640296228,-0.026162834120347114,-0.03796978111585074,,
,,,,,,,23.1,0.047057550456942,-0.032742130763112255,-0.0337989042440565,,,,,,,,23.1,0.04530384465630155,-0.01686888366660514,-0.04204615445537017,,
,,,,,,,23.150000000000002,0.047182638811349084,-0.02397075211776647,-0.04063993661548722,,,,,,,,23.150000000000002,0.04411715665516251,-0.007052039465188681,-0.04354988232725286,,
,,,,,,,23.200000000000003,0.046882048337260826,-0.013687639174546556,-0.04483943565796384,,,,,,,,23.200000000000003,0.04256638436940541,0.0025189929129073203,-0.0424917845352332,,
,,,,,,,23.25,0.04616249427663302,-0.0027561856438968906,-0.0460801401748796,,,,,,,,23.25,0.04067121544582109,0.011128323021429689,-0.039119153781378174,,
,,,,,,,23.3,0.04503447338927376,0.007909679043081628,-0.044334419708445955,,,,,,,,23.3,0.03845533786924563,0.018185332583206,-0.03388372307577819,,
,,,,,,,23.35,0.043512141799510136,0.017442123367123728,-0.03986325145327101,,,,,,,,23.35,0.03594661567285458,0.02328211651091305,-0.027387994251207668,,
,,,,,,,23.400000000000002,0.041613169756528325,0.025109820376591322,-0.03318362273533381,,,,,,,,23.400000000000002,0.03317750613100159,0.026229722038551544,-0.020316215072029808,,
,,,,,,,23.450000000000003,0.03935857864638707,0.030392110838326745,-0.025008344844365406,,,,,,,,23.450000000000003,0.030185928836342,0.027069458328172268,-0.013357946156952743,,
,,,,,,,23.5,0.036772569344042785,0.03302883688873481,-0.01616532678110116,,,,,,,,23.5,0.027017005357991012,0.026058402550978577,-0.007132898078962594,,
,,,,,,,23.55,0.033882358015512884,0.03304058473469152,-0.007505594252360022,,,,,,,,23.55,0.023726544170792157,0.02363115062784335,-0.0021254689583078117,,
,,,,,,,23.6,0.030718050023394606,0.030717465534824965,0.00018949500419224524,,,,,,,,23.6,0.020388183867631818,0.02034252007557021,0.0013637882516671642,,
,,,,,,,23.650000000000002,0.027312615563765436,0.026578131286837222,0.006291415280657147,,,,,,,,23.650000000000002,0.017108484103193888,0.016798010226802197,0.003244546305646877,,
,,,,,,,23.700000000000003,0.02370211299204225,0.021304062069601632,0.010388796832265955,,,,,,,,23.700000000000003,0.014059055590290059,0.013580129417441416,0.0036382865605128494,,
,,,,,,,23.75,0.01992653622887766,0.01565689671063102,0.01232592517717861,,,,,,,,23.75,0.011537949098581574,0.011179069625595242,0.0028552883755503917,,
,,,,,,,23.8,0.01603240818366296,0.010388407134517878,0.012211433551188049,,,,,,,,23.8,0.010026913194753469,0.00993561365975748,0.0013500257105558235,,
,,,,,,,23.85,0.01208117127194362,0.006153439161348331,0.010396628578035314,,,,,,,,23.85,0.01000843855989299,0.010002675302708597,-0.00033960152493229514,,
,,,,,,,23.900000000000002,0.008182571605931806,0.0034356882745065365,0.007426339890324149,,,,,,,,23.900000000000002,0.011450928353463083,0.011329675854707063,-0.0016619883222852416,,
,,,,,,,23.950000000000003,0.004687245288056536,0.0024946106808643636,0.00396827241269115,,,,,,,,23.950000000000003,0.01383506268227213,0.013671307385754273,-0.002122336869259824,,
,,,,,,,24.0,0.0034179710177521497,0.003339276209997002,0.0007292189462306406,,,,,,,,24.0,0.016673828976664272,0.016619429114974212,-0.0013457892239858813,,
,,,,,,,24.05,0.005959678398968595,0.0057318416688388225,-0.001632102234082124,,,,,,,,24.05,0.019673634797676337,0.01965420834479797,0.0008740712165579634,,
,,,,,,,24.1,0.009575591278011997,0.00921992171837928,-0.0025855351149225323,,,,,,,,24.1,0.02266912390429038,0.02220844883914845,0.004546864716152813,,
,,,,,,,24.150000000000002,0.013315270652090707,0.013193847349762103,-0.0017941083160176187,,,,,,,,24.150000000000002,0.025560724311059498,0.023737589374223746,0.009480373305241097,,
,,,,,,,24.200000000000003,0.01698301127880492,0.01696200122299165,0.0008445037639020766,,,,,,,,24.200000000000003,0.028282541260865855,0.02378726280405696,0.015299289802579325,,
,,,,,,,24.25,0.02050171829377046,0.01983541760995405,0.005184270559668662,,,,,,,,24.25,0.030787304344935113,0.02205064092809948,0.021485514736391226,,
,,,,,,,24.3,0.023824009186474312,0.021211852150146905,0.0108462316994208,,,,,,,,24.3,0.03303918884584328,0.018409006603378752,0.0274353143861712,,
,,,,,,,24.35,0.026913838510202508,0.020649665326586013,0.017261113094272074,,,,,,,,24.35,0.035010244411752295,0.012950946295087012,0.03252676134865574,,
,,,,,,,24.400000000000002,0.02974130207996485,0.017923097781519987,0.023734102370340338,,,,,,,,24.400000000000002,0.036678537976450716,0.005968015900652339,0.036189749022333635,,
,,,,,,,24.450000000000003,0.0322808798290917,0.013052695706035781,0.029524266923090483,,,,,,,,24.450000000000003,0.03802714757129746,-0.0020725830418631052,0.037970624855851606,,
,,,,,,,24.5,0.03451079127971704,0.006307515115470885,0.03392948522775287,,,,,,,,24.5,0.0390435947406732,-0.01057517694912341,0.03758414456614188,,
,,,,,,,24.55,0.03641276266295399,-0.0018210365204260161,0.036367198280042014,,,,,,,,24.55,0.039719509126408994,-0.018877276916491777,0.034946928641312304,,
,,,,,,,24.6,0.03797195614773664,-0.010670643204260968,0.03644182799055219,,,,,,,,24.6,0.04005041751734654,-0.02631874995545857,0.030188728759188054,,
,,,,,,,24.650000000000002,0.03917696048159859,-0.019478884933195585,0.03399128232850393,,,,,,,,24.650000000000002,0.040035599600712894,-0.03231073520649752,0.023640338952819688,,
,,,,,,,24.700000000000003,0.04001979829357753,-0.027465329765582518,0.029107385941139374,,,,,,,,24.700000000000003,0.03967797949590549,-0.03639661949142453,0.015799624883963317,,
,,,,,,,24.75,0.04049592868913234,-0.03391561972068948,0.022128058644103204,,,,,,,,24.75,0.038984037838850606,-0.03829833815121551,0.00727959484285263,,
,,,,,,,24.8,0.0406042344803367,-0.03825809863797411,0.013602269896646186,,,,,,,,24.8,0.037963739709937216,-0.03794297112501364,-0.0012555775444971875,,
,,,,,,,24.85,0.04034698876428882,-0.040124442182000106,0.004231860339020984,,,,,,,,24.85,0.036630482547018985,-0.035466861238793626,-0.009159367090340945,,
,,,,,,,24.900000000000002,0.03972979854584236,-0.03938761993318485,-0.005203103736444032,,,,,,,,24.900000000000002,0.03500107808777344,-0.031197031432450388,-0.01586885935122989,,
,,,,,,,24.950000000000003,0.03876152500893995,-0.03617312699756855,-0.013926977570042054,,,,,,,,24.950000000000003,0.03309579659303223,-0.02561222909913441,-0.02096056947463061,,
,,,,,,,25.0,0.03745418154160564,-0.03084246628050006,-0.021249893851211808,,,,,,,,25.0,0.030938525502239744,-0.01928819021299655,-0.024190040896203607,,
,,,,,,,25.05,0.03582281216231013,-0.023950994282858785,-0.026638763936763673,,,,,,,,25.05,0.02855713885774596,-0.012833439957065212,-0.025511036799961428,,
,,,,,,,25.1,0.03388535506148325,-0.016185107925535465,-0.0297701120098927,,,,,,,,25.1,0.025984260994270814,-0.006822940109381799,-0.025072481083494164,,
,,,,,,,25.150000000000002,0.03166249935291756,-0.00828602583256333,-0.030559051706091897,,,,,,,,25.150000000000002,0.0232587894684983,-0.0017370509322272418,-0.023193834128896758,,
,,,,,,,25.200000000000003,0.029177549466165624,-0.0009688525847543094,-0.029161459454553316,,,,,,,,25.200000000000003,0.02042893896861465,0.00208741318694034,-0.020322014013634815,,
,,,,,,,25.25,0.026456324738319777,0.005153945965736753,-0.025949450083608647,,,,,,,,25.25,0.01755846922108084,0.004488703588974097,-0.016975022282105384,,
,,,,,,,25.3,0.02352715152274993,0.009636124711625912,-0.021463270005207192,,,,,,,,25.3,0.014739812689578803,0.005490939145217807,-0.013678876614232,,
,,,,,,,25.35,0.020421079392285893,0.012241322456662969,-0.016345351267502407,,,,,,,,25.35,0.012121914053874088,0.005293285973191505,-0.010905132916912301,,
,,,,,,,25.400000000000002,0.01717266066127391,0.012962159421778245,-0.011264222002058996,,,,,,,,25.400000000000002,0.009962947772093951,0.004239078679402949,-0.009016126677199204,,
,,,,,,,25.450000000000003,0.013822303186884929,0.012012954624449516,-0.006837030538259007,,,,,,,,25.450000000000003,0.008677651576489174,0.002768712017316374,-0.008224103030003512,,
,,,,,,,25.5,0.0104238338745915,0.00979725849894937,-0.003559499761180721,,,,,,,,25.5,0.008676313431051368,0.001361939730981032,-0.00856875340542705,,
,,,,,,,25.55,0.0070744099190682645,0.006854240812650004,-0.0017511877641231005,,,,,,,,25.55,0.009926963969965185,0.0004763669937104044,-0.009915527628335783,,
,,,,,,,25.6,0.004084535383408985,0.0037903326438866367,-0.0015221063520685172,,,,,,,,25.6,0.01198468448904824,0.0004892898388253408,-0.011974692386681828,,
,,,,,,,25.650000000000002,0.003015135123357624,0.0012041310467316762,-0.0027642554575150378,,,,,,,,25.650000000000002,0.014433309985801498,0.0016495847703929167,-0.01433873450592921,,
,,,,,,,25.700000000000003,0.005183206107570989,-0.0003867396145643923,-0.005168757880195956,,,,,,,,25.700000000000003,0.017021283344663872,0.004045142769422824,-0.016533629567469992,,
,,,,,,,25.75,0.008288714814448133,-0.0006084241290511438,-0.008266354296450177,,,,,,,,25.75,0.0196064512754418,0.007589518140192788,-0.018077946399299834,,
,,,,,,,25.8,0.011509159755859439,0.0007238365250043543,-0.011486375362618276,,,,,,,,25.8,0.022102984852573355,0.012029236495505876,-0.01854290723506637,,
,,,,,,,25.85,0.014671460450460765,0.0035829178599708997,-0.01422724328034549,,,,,,,,25.85,0.024453971506418485,0.016970833859415575,-0.01760646246560737,,
,,,,,,,25.900000000000002,0.01770758409503714,0.007732019415074216,-0.015930298498387518,,,,,,,,25.900000000000002,0.02661852078391354,0.021924450924735918,-0.015095168113422373,,
,,,,,,,25.950000000000003,0.020575990981394034,0.01275145051790254,-0.016148433811236672,,,,,,,,25.950000000000003,0.028565599845440093,0.02635893705398295,-0.011009084063352948,,
,,,,,,,26.0,0.023245223948258432,0.01808677728583273,-0.014601675377071376,,,,,,,,26.0,0.030270961515229334,0.029762136669526082,-0.00552687361181222,,
,,,,,,,26.05,0.025689243433148153,0.023112702037018196,-0.011213395235857888,,,,,,,,26.05,0.031715545338707955,0.03169947685591947,0.001009446973677008,,
,,,,,,,26.1,0.027885842491489468,0.02720529325006858,-0.0061230899583406915,,,,,,,,26.1,0.03288461108985071,0.03186420616515772,0.008128346202952795,,
,,,,,,,26.150000000000002,0.029816061669004246,0.029814283290098994,0.000325646046480312,,,,,,,,26.150000000000002,0.03376725036813065,0.030113618179320532,0.015277342621480856,,
,,,,,,,26.200000000000003,0.031463975116200346,0.030527197354933595,0.007620495506580253,,,,,,,,26.200000000000003,0.034356098570349394,0.026487211750933704,0.021880793464515016,,
,,,,,,,26.25,0.03281662377726928,0.029118057371604514,0.015135043146379973,,,,,,,,26.25,0.034647154392184513,0.021204804474993056,0.02740039369522243,,
,,,,,,,26.3,0.03386400508855411,0.025575200027969865,0.0221963957472142,,,,,,,,26.3,0.034639657003182944,0.014644889347718723,0.03139160800741555,,
,,,,,,,26.35,0.034599078898047704,0.020105148531863126,0.028158111852626976,,,,,,,,26.35,0.0343359941721136,0.0073057476016138755,0.033549762260989754,,
,,,,,,,26.400000000000002,0.03501777034018524,0.013112206068967966,0.03247020621435714,,,,,,,,26.400000000000002,0.03374162814998492,-0.00024624784733739925,0.03374072957435178,,
,,,,,,,26.450000000000003,0.035118960033629645,0.005156183500300665,0.03473838115909986,,,,,,,,26.450000000000003,0.03286503519904757,-0.007435298962375756,0.032012917205008505,,
,,,,,,,26.5,0.03490445679408872,-0.003106876354501254,0.03476590892538619,,,,,,,,26.5,0.03171766228765967,-0.013735245918873516,0.028589388250574665,,
,,,,,,,26.55,0.03437895072852573,-0.01099423536938144,0.0325735942419169,,,,,,,,26.55,0.03031391300185489,-0.01872246843412724,0.023841193284253537,,
,,,,,,,26.6,0.03354994628057926,-0.01786841278896764,0.028395751791998946,,,,,,,,26.6,0.028671186946448893,-0.022116820953949262,0.018245086785465624,,
,,,,,,,26.650000000000002,0.03242767612834877,-0.023203502446241905,0.022652850887081005,,,,,,,,26.650000000000002,0.02681001744175408,-0.02380620045193286,0.012330525344426723,,
,,,,,,,26.700000000000003,0.031024998194690016,-0.026638507998344697,0.015904100244988534,,,,,,,,26.700000000000003,0.024754390238383724,-0.023852232248451576,0.0066219976472446825,,
,,,,,,,26.75,0.029357279840261374,-0.028011878463158908,0.008785473498032477,,,,,,,,26.75,0.022532400675665733,-0.02247671182052964,0.0015831948539597991,,
,,,,,,,26.8,0.02744227626098811,-0.02737359875383583,0.0019402622627853951,,,,,,,,26.8,0.02017756205024189,-0.02003061301743331,-0.0024307514141089976,,
,,,,,,,26.85,0.02530001562864082,-0.024973754376955464,-0.0040499855714517695,,,,,,,,26.85,0.017731417104468815,-0.016949419315526112,-0.005207719020753675,,
,,,,,,,26.900000000000002,0.022952714916481428,-0.02122915222234769,-0.008726409224741829,,,,,,,,26.900000000000002,0.015248873820316887,-0.013700036447000147,-0.0066960551176654245,,
,,,,,,,26.950000000000003,0.02042477613741402,-0.01667203811027426,-0.011798924760885624,,,,,,,,26.950000000000003,0.012809436980618032,-0.010725435929775132,-0.007003334911077253,,
,,,,,,,27.0,0.017742976870928753,-0.011886929923542846,-0.013172476047998505,,,,,,,,27.0,0.010541004694250011,-0.00839336437222422,-0.006376849886838947,,
,,,,,,,27.05,0.01493714763445205,-0.007442863063290742,-0.012950759393738995,,,,,,,,27.05,0.008665015687926093,-0.006954918426956023,-0.005168327248384419,,
,,,,,,,27.1,0.012042202804800228,-0.0038287842246632767,-0.01141731403408473,,,,,,,,27.1,0.007538008531994496,-0.006517597198739547,-0.003787149242293499,,
,,,,,,,27.150000000000002,0.009104623966458406,-0.0013993879369558742,-0.008996437682355788,,,,,,,,27.150000000000002,0.0075174133761746935,-0.007035743486175988,-0.0026476059874955627,,
,,,,,,,27.200000000000003,0.0062078270162825655,-0.0003374259840719397,-0.006198649850520739,,,,,,,,27.200000000000003,0.008584238236080325,-0.008319270017555048,-0.0021163394030242603,,
,,,,,,,27.25,0.0036136442860911343,-0.0006365834877930653,-0.003557131778479442,,,,,,,,27.25,0.01035733192939093,-0.010059468352751328,-0.0024660537616960653,,
,,,,,,,27.3,0.002622862553721379,-0.002106632718515983,-0.0015625321004676335,,,,,,,,27.3,0.012474737084083266,-0.011868755312168883,-0.003840795836394484,,
,,,,,,,27.35,0.004441234533312133,-0.004400020843138287,-0.0006036395943217122,,,,,,,,27.35,0.014716531872203746,-0.013329643879106368,-0.0062367382822907415,,
,,,,,,,27.400000000000002,0.007116419986609129,-0.007056612196445365,-0.0009206832977676977,,,,,,,,27.400000000000002,0.016958340944993714,-0.014047207311499207,-0.009500594421109317,,
,,,,,,,27.450000000000003,0.009902334223149631,-0.009561264585699388,-0.002576517531322289,,,,,,,,27.450000000000003,0.01912512661206365,-0.013698947653856864,-0.013345759667563127,,
,,,,,,,27.5,0.012642039899380156,-0.011407500798944425,-0.005448862114203492,,,,,,,,27.5,0.021167179969948793,-0.012076318041182697,-0.017384247192455782,,
,,,,,,,27.55,0.015274844416811066,-0.012159896489345418,-0.009244338230841037,,,,,,,,27.55,0.023048807681018267,-0.00911313800424212,-0.02117069321567446,,
,,,,,,,27.6,0.01776412433730117,-0.011508009949659129,-0.013532546710417894,,,,,,,,27.6,0.024742922378069174,-0.004897664756308451,-0.024253352092895742,,
,,,,,,,27.650000000000002,0.020082314924659853,-0.009305697651659077,-0.017796161494803384,,,,,,,,27.650000000000002,0.02622834784826046,0.00033303606973486755,-0.02622623338997815,,
,,,,,,,27.700000000000003,0.022206657785254786,-0.005591369423397344,-0.02149121304074096,,,,,,,,27.700000000000003,0.02748841727555226,0.006215755770000402,-0.026776434873272182,,
,,,,,,,27.75,0.02411775748072374,-0.0005869389886913183,-0.024110614436852494,,,,,,,,27.75,0.028510214335241073,0.012298248389186129,-0.025721302610856752,,
,,,,,,,27.8,0.025799047499289334,0.005324334581467926,-0.02524365886980673,,,,,,,,27.8,0.029284146080438535,0.0180865583503001,-0.023031231376147765,,
,,,,,,,27.85,0.02723659358611913,0.011638519891950912,-0.024624721011619374,,,,,,,,27.85,0.029803691666554916,0.023097217826130174,-0.01883556650720571,,
,,,,,,,27.900000000000002,0.02841903103483733,0.0177855195868393,-0.022165663039602556,,,,,,,,27.900000000000002,0.030065245449549673,0.026908442557407358,-0.013410991875188651,,
,,,,,,,27.950000000000003,0.02933755395222008,0.02319118902027799,-0.017968328350883446,,,,,,,,27.950000000000003,0.030068010699443728,0.0292046036927826,-0.007153767578651916,,
,,,,,,,28.0,0.029985920084161604,0.027340023084112146,-0.012315784224073645,,,,,,,,28.0,0.029813920437541823,0.029809047966947548,-0.0005389908721807676,,
,,,,,,,28.05,0.03036045380569056,0.029831348195614976,-0.005643387291286091,,,,,,,,28.05,0.02930757373284795,0.028701683937602696,0.005928508855713919,,
,,,,,,,28.1,0.030460038570555084,0.03042273747858692,0.0015069817612321245,,,,,,,,28.1,0.02855618369461271,0.02601949128285339,0.011766125130304428,,
,,,,,,,28.150000000000002,0.030286094456140302,0.02905585306770716,0.008544291656659719,,,,,,,,28.150000000000002,0.027569539988068915,0.02204004323690344,0.016562488619442366,,
,,,,,,,28.200000000000003,0.029842538834482613,0.025861936139880335,0.014890848974600284,,,,,,,,28.200000000000003,0.026359996004496917,0.017150038773310807,0.02001813076765734,,
,,,,,,,28.25,0.029135729714122992,0.0211464799568996,0.020042882312852933,,,,,,,,28.25,0.02494250121331078,0.011802505667304838,0.02197337540636957,,
,,,,,,,28.3,0.028174392466953673,0.015354969316054791,0.023622474641428907,,,,,,,,28.3,0.023334716619799533,0.006467571862767963,0.022420515469682687,,
,,,,,,,28.35,0.026969531831220625,0.009023685223612656,0.025415128411644457,,,,,,,,28.35,0.021557283290361818,0.00158237450992497,0.02149912913983384,,
,,,,,,,28.400000000000002,0.025534332630589438,0.0027212188265968297,0.02538891708969407,,,,,,,,28.400000000000002,0.019634376898750514,-0.0024942874109010653,0.019475299394720695,,
,,,,,,,28.450000000000003,0.0238840551533195,-0.00301266854836502,0.023693288475526146,,,,,,,,28.450000000000003,0.0175948119987219,-0.00551754826380589,0.016707305899723652,,
,,,,,,,28.5,0.022035935789720826,-0.007723968730345443,0.02063789652996024,,,,,,,,28.5,0.015474244763949546,-0.0073784679382241005,0.013601855090362451,,
,,,,,,,28.55,0.020009113101244615,-0.011090808178172854,0.01665408601675196,,,,,,,,28.55,0.013319669082153337,-0.0081101524086739,0.010565936416908464,,
,,,,,,,28.6,0.017824621047316344,-0.012954217975784745,0.012243584120521579,,,,,,,,28.6,0.011198874193865524,-0.007877557479762848,0.00795982860136194,,
,,,,,,,28.650000000000002,0.015505544436837758,-0.013330040169278383,0.007920349573609431,,,,,,,,28.650000000000002,0.009220515320034633,-0.006952386417216213,0.006056585331083919,,
,,,,,,,28.700000000000003,0.013077579298754619,-0.012400886630072707,0.004152239287818,,,,,,,,28.700000000000003,0.0075726078558023355,-0.0056761698576451,0.005012532841280988,,
,,,,,,,28.75,0.010570711298769221,-0.010489337084346682,0.0013091007955374312,,,,,,,,28.75,0.006560670429084553,-0.004415927255066473,0.004852008136537445,,
,,,,,,,28.8,0.008024533410589334,-0.008015677252566888,-0.00037690136686703677,,,,,,,,28.8,0.006501660467282245,-0.003517607765515776,0.00546790859834031,,
,,,,,,,28.85,0.005508752201989432,-0.005445197896197576,-0.0008343684403001509,,,,,,,,28.85,0.007396329740290645,-0.0032627088366847606,0.006637802699246721,,
,,,,,,,28.900000000000002,0.0032350085430068497,-0.0032312094630224976,-0.0001567344231531932,,,,,,,,28.900000000000002,0.00891921485779837,-0.003833055389130381,0.008053575607357874,,
,,,,,,,28.950000000000003,0.0022572497181846734,-0.0017603515502919707,0.001412918507780772,,,,,,,,28.950000000000003,0.010751258713626975,-0.005287743863789488,0.00936105382733678,,
,,,,,,,29.0,0.003749315759824378,-0.001306449668947498,0.003514336058116017,,,,,,,,29.0,0.012697097099620299,-0.007554829515655655,0.010204941241700726,,
,,,,,,,29.05,0.006055129449857058,-0.0019981374599936964,0.005715946058658722,,,,,,,,29.05,0.014646381358191204,-0.010438627853973394,0.010273827690584538,,
,,,,,,,29.1,0.008470787834144664,-0.0038038441366310023,0.007568686564742339,,,,,,,,29.1,0.01653278389496242,-0.013641708306413253,0.009340060909879782,,
,,,,,,,29.150000000000002,0.010850718091360114,-0.006535733247176229,0.008661539933517882,,,,,,,,29.150000000000002,0.018312521434143983,-0.016798984295286253,0.007289894918495642,,
,,,,,,,29.200000000000003,0.013140254048505912,-0.009872001853746709,0.008672361607941494,,,,,,,,29.200000000000003,0.019954233910768625,-0.019519938042342998,0.0041404673394146154,,
,,,,,,,29.25,0.015306969868047991,-0.01339485744146527,0.007408179308315345,,,,,,,,29.25,0.021434153673547313,-0.02143411314661794,4.168116147247087e-05,,
,,,,,,,29.3,0.017326652414581388,-0.01663972008916199,0.004830382929960937,,,,,,,,29.3,0.022733704100168433,-0.022234662392468216,-0.0047372028040790675,,
,,,,,,,29.35,0.01917937194604288,-0.019149947904284804,0.001061980935720928,,,,,,,,29.35,0.023838253013240208,-0.02171498714477611,-0.00983471606226962,,
,,,,,,,29.400000000000002,0.020848156363257608,-0.020530792033951507,-0.0036238380490126766,,,,,,,,29.400000000000002,0.024736439120215392,-0.01979431518501479,-0.014834975790489691,,
,,,,,,,29.450000000000003,0.022318501414553146,-0.020496415522993378,-0.008832466025986559,,,,,,,,29.450000000000003,0.025419793754977542,-0.01652933964412384,-0.019311831748303712,,
,,,,,,,29.5,0.023578189566326107,-0.01890463756736465,-0.014090624601918629,,,,,,,,29.5,0.025882518953189017,-0.012110634545309142,-0.02287438126534035,,
,,,,,,,29.55,0.02461723134112819,-0.015775491826757058,-0.018898199293227527,,,,,,,,29.55,0.02612134937721846,-0.00684428940700362,-0.025208740464368492,,
,,,,,,,29.6,0.025427854468967018,-0.011291547727406108,-0.022783255535912244,,,,,,,,29.6,0.026135459176886155,-0.0011208697001615585,-0.026111412782573493,,
,,,,,,,29.650000000000002,0.02600450783247383,-0.005780022676111026,-0.025354008863941714,,,,,,,,29.650000000000002,0.02592639286077217,0.004624776264126207,-0.02551057214720738,,
,,,,,,,29.700000000000003,0.026343864473800823,0.00032122663845600294,-0.026341905945863737,,,,,,,,29.700000000000003,0.025498009698954657,0.009958338257575887,-0.023472963122615903,,
,,,,,,,29.75,0.026444815798857955,0.006509937531628026,-0.02563101628827519,,,,,,,,29.75,0.024856438095906236,0.014490480971143683,-0.02019575391117008,,
,,,,,,,29.8,0.02630845302362194,0.012272649684620725,-0.023270512891096776,,,,,,,,29.8,0.024010042062988495,0.017915968514882506,-0.015984373370270588,,
,,,,,,,29.85,0.025938034050112888,0.01713889045175247,-0.01946895077983515,,,,,,,,29.85,0.02296940813209998,0.020043187548005183,-0.011218927883468661,,
,,,,,,,29.900000000000002,0.0253389353000336,0.02073027476216031,-0.014571113561585747,,,,,,,,29.900000000000002,0.021747369795176223,0.02081089777900026,-0.0063130520859680265,,
,,,,,,,29.950000000000003,0.024518589052499068,0.022799079043425038,-0.009020155425323024,,,,,,,,29.950000000000003,0.020359101086436487,0.020290504347757532,-0.0016698593837123276,,
,,,,,,,30.0,0.02348640783654872,0.023252080213984477,-0.003309398553684447,,,,,,,,30.0,0.01882233758042368,0.018673791516389218,0.0023600640656261103,,
