mea_k,mea_chik,mea_k3chik,mea_r,mea_chir_mag,mea_chir_re,mea_chir_im,mea_q,mea_chiq_mag,mea_chiq_re,mea_chiq_im,fit_k,fit_chik,fit_k3chik,fit_r,fit_chir_mag,fit_chir_re,fit_chir_im,fit_q,fit_chiq_mag,fit_chiq_re,fit_chiq_im,win_k,win_r
0.0,0.16838754170182907,0.0,0.0,0.9164576392133197,0.9164576392133197,0.0,0.0,0.13174678205662804,0.03206276677152226,0.1277857330425882,0.0,-0.15913979320973698,-0.0,0.0,0.7331412168974881,0.7331412168974881,0.0,0.0,0.16460814917743632,0.03586226191971151,0.16065410341981043,0.0,0.0
0.05,0.1700267355943492,2.1253341949293654e-05,0.030679615757712823,0.8756227776869884,0.6532858349273317,-0.5830376203021347,0.05,0.1439688983518478,0.023447378957772526,0.1420466969438406,0.05,-0.15884705702319105,-1.9855882127898887e-05,0.030679615757712823,0.697219517873037,0.5414715460297089,-0.43923071493613364,0.05,0.17712654082039078,0.02236099345729241,0.17570941191239725,0.0,0.0
0.1,0.15475442518776764,0.00015475442518776767,0.06135923151542565,0.7601896664111066,0.06357008771626418,-0.7575270113111321,0.1,0.1590400562942006,0.00897076956266476,0.15878685335857015,0.1,-0.15855432083664517,-0.00015855432083664522,0.06135923151542565,0.5940996088529071,0.11024304260666166,-0.5837814803468871,0.1,0.19269767627231457,0.00271574844086973,0.19267853837715207,0.0,0.0
0.15000000000000002,0.12663635961240574,0.0004273977136918696,0.09203884727313846,0.5940968776956101,-0.4087104116555912,-0.4311692237300686,0.15000000000000002,0.1762460395156191,-0.012911727891471134,0.17577244871650896,0.15000000000000002,-0.15803025398286347,-0.0005333521071921645,0.09203884727313846,0.43883752440422913,-0.24124242019916917,-0.36657941502719416,0.15000000000000002,0.2106512162609003,-0.024607813842653762,0.20920896350319668,0.0,0.0
0.2,0.08973828799858502,0.0007179063039886803,0.1227184630308513,0.43307572841382563,-0.42091251722504336,0.101917807003699,0.2,0.1949885004604985,-0.04293989718987579,0.19020168385468286,0.2,-0.15721180424803205,-0.0012576944339842567,0.1227184630308513,0.2669704014066172,-0.2669640926822648,0.0018353325435634584,0.2,0.2303851795363511,-0.060290792126050416,0.22235636112962928,0.0,0.0
0.25,0.0481259594766269,0.0007519681168222953,0.15339807878856412,0.39224429079544154,0.0013867949981326516,0.3922418392538614,0.25,0.21478989513774197,-0.08087292919295312,0.19898308565562495,0.25,-0.15594076988706115,-0.0024365745294853305,0.15339807878856412,0.20076145368553064,0.014367646757839242,0.2002466779064497,0.25,0.25139087821157063,-0.103974160851611,0.2288815141578456,0.0,0.0
0.30000000000000004,0.005865123176852702,0.00015835832577502302,0.18407769454627693,0.5197427136695463,0.484510731899518,0.1881006089484491,0.30000000000000004,0.235272224500891,-0.12540705043374392,0.19906303354240854,0.30000000000000004,-0.1551408295650675,-0.004188802398256824,0.18407769454627693,0.3389639182658555,0.33514498486287186,0.05073831892570867,0.30000000000000004,0.27324793316729984,-0.15417198347472222,0.2256001606641076,0.0,0.0
0.35000000000000003,-0.03297847177041609,-0.0014139519771565901,0.21475731030398976,0.7015714056711448,0.5996436727069295,-0.3641838862963748,0.35000000000000003,0.2561320412414837,-0.17419912523842512,0.18777190236213875,0.35000000000000003,-0.1555986114715428,-0.0066712904668424,0.21475731030398976,0.5171064903658462,0.39063065715913814,-0.33883153936123317,0.35000000000000003,0.29560871226178836,-0.2082984549887579,0.20975286509215835,0.0,0.0
0.4,-0.06433907623485804,-0.004117700879030916,0.2454369260617026,0.8547301327682862,0.20170348468118926,-0.8305897327378646,0.4,0.27711956345375777,-0.22399907635136296,0.16315534389819275,0.4,-0.15595438157218772,-0.009981080420620016,0.2454369260617026,0.6615675175714184,0.08196078405175983,-0.656470875350331,0.4,0.31818182791672167,-0.2628119136245282,0.1793587847679611,0.0,0.0
0.45,-0.08418355318183564,-0.007671226283694773,0.2761165418194154,0.9416947561118145,-0.4504897740967418,-0.8269510125290109,0.45,0.29802318518144594,-0.2708835989840324,0.12425737284826334,0.45,-0.15603974482845612,-0.014219121747493065,0.2761165418194154,0.7462527356536689,-0.40015894918675504,-0.6298936107441769,0.45,0.34071819717473306,-0.3134677229994338,0.13351732667916363,0.0,0.0
0.5,-0.0926260239199643,-0.011578252989995538,0.30679615757712825,0.9458749345274436,-0.8893004197483144,-0.3222175588057977,0.5,0.3186585607453215,-0.310573647986227,0.07132522353842928,0.5,-0.1557105543197484,-0.01946381928996855,0.30679615757712825,0.758673772145079,-0.7187327831350165,-0.2429178441116187,0.5,0.3630003215156491,-0.35566108397988844,0.07262524879623732,0.0,0.0
0.55,-0.0979457490014952,-0.01629572399012377,0.3374757733348411,0.8656306569142798,-0.8001005028866351,0.3303870752169356,0.55,0.33886108232747325,-0.33880950282300804,0.005912183435306443,0.55,-0.15484103518113868,-0.025761677228261955,0.3374757733348411,0.6961667605845878,-0.6512656812075829,0.2459698579583722,0.55,0.384834410534671,-0.384831422601412,-0.001516479522161711,0.0,0.0
0.6000000000000001,-0.10818301338459077,-0.023367530891071617,0.36815538909255385,0.7152351400990904,-0.26906049437059143,0.662697333630986,0.6000000000000001,0.3584807456698211,-0.3517507081941101,-0.06913670733360774,0.6000000000000001,-0.15331402011297932,-0.03311582834440355,0.36815538909255385,0.5662308459002047,-0.2649616015378945,0.5004125503615345,0.6000000000000001,0.4060447327296802,-0.39689294350746024,-0.08572232131423775,0.0,0.0
0.65,-0.11065734553827233,-0.03038927351844804,0.3988350048502667,0.534010940722368,0.27892433369220454,0.4553777562480936,0.65,0.37737866327896336,-0.3463645193354715,-0.1498208104494332,0.65,-0.1509999234258217,-0.04146835397081628,0.3988350048502667,0.3903803832668905,0.1326361627670826,0.3671573122872923,0.65,0.42646962148315426,-0.3886519702070914,-0.17557330122239828,0.0,0.0
0.7000000000000001,-0.10962620989945522,-0.03760178999551315,0.4295146206079795,0.41813414631285195,0.40895033635460726,-0.08715381063517011,0.7000000000000001,0.3954247095673922,-0.3207660758580692,-0.23123543308730135,0.7000000000000001,-0.1477687575205165,-0.05068468382953717,0.4295146206079795,0.23251852612399454,0.2325017059622715,-0.0027967330062381025,0.7000000000000001,0.4459586831851438,-0.3581712794653849,-0.2656924569391397,0.0,0.0
0.75,-0.11599030737673385,-0.04893341092455959,0.46019423636569234,0.4917094240013376,0.018892526653727544,-0.49134634433194413,0.75,0.41249594703758413,-0.2744765222459322,-0.307921329333016,0.75,-0.14350606594073398,-0.06054162156874715,0.46019423636569234,0.27249858004921235,-0.0320212559100159,-0.27061063411991454,0.75,0.4643708714661463,-0.30504492545842954,-0.3501255485083734,0.0,0.0
0.8,-0.10966444778314098,-0.0561481972649682,0.4908738521234052,0.6893558640737513,-0.5723063342379602,-0.38428760990171984,0.8,0.42847559626219484,-0.20857151302430477,-0.3742849990942673,0.8,-0.13810826959071862,-0.07071143403044795,0.4908738521234052,0.4631722994896723,-0.42824906988442546,-0.17644067886311016,0.8,0.4815731857757932,-0.23055384870105822,-0.4227974173376372,0.0,0.0
0.8500000000000001,-0.10713488995956467,-0.06579421429641767,0.521553467881118,0.8902867173109089,-0.8659793027018471,0.20661627794599569,0.8500000000000001,0.4432523890467614,-0.12570151055593617,-0.42505506777312674,0.8500000000000001,-0.1314855400833779,-0.08074855730370448,0.521553467881118,0.6527927804912079,-0.6028236851521248,0.25048357008205996,0.8500000000000001,0.4974398227735085,-0.13768235325112724,-0.47800622054966124,0.0,0.0
0.9,-0.10959545974374922,-0.0798950901531932,0.5522330836388308,1.034583133313461,-0.5735587080734784,0.8610416181171389,0.9,0.4567201955327755,-0.029976261864225678,-0.45573540649388217,0.9,-0.12357129494686622,-0.09008347401626549,0.5522330836388308,0.7922057412876647,-0.36038600537814147,0.7054869691615321,0.9,0.5118516595751056,-0.030987500031964304,-0.5109128068971837,0.0,0.0
0.9500000000000001,-0.09741913861334263,-0.08352473396861466,0.5829126993965437,1.0926919995955489,0.14698592853621914,1.082760796664002,0.9500000000000001,0.46877785058399324,0.07328211881020026,-0.4630144752173914,0.9500000000000001,-0.11433000368366313,-0.0980236869082807,0.5829126993965437,0.8584543138511679,0.17518610090844702,0.840388980781028,0.9500000000000001,0.5246959838895005,0.08367343315888354,-0.5179813047718776,0.0,0.0
1.0,-0.08388150506615143,-0.08388150506615143,0.6135923151542565,1.0526917879732238,0.7979273644185388,0.6866381300061534,1.0,0.4793291283645939,0.17790100333952288,-0.4450928513350359,1.0,-0.10375606094270756,-0.10375606094270756,0.6135923151542565,0.8404405136389216,0.6471060662118027,0.5362779093320369,1.0,0.5358664117465104,0.19953920541306736,-0.49732978670214634,0.0,0.0
1.05,-0.07927716889133853,-0.09177323263783577,0.6442719309119693,0.9196616611695666,0.9185406480715198,-0.04539437041659749,1.05,0.4882828304063133,0.2773066573482488,-0.40189692740793814,1.05,-0.09187872361027094,-0.1063611074193399,0.6442719309119693,0.7378717519256293,0.7378654516375057,0.0030491916268060265,1.05,0.5452629520972079,0.3094345281495113,-0.44895652319423013,0.0,0.0
1.1,-0.06242221643038074,-0.08308397006883679,0.6749515466696822,0.7224337900579141,0.4456012420763059,-0.5686388256859495,1.1,0.49555296423315126,0.3650250354370973,-0.33515587994903023,1.1,-0.07876341004033609,-0.10483409876368736,0.6749515466696822,0.562706685690809,0.41746137452084026,-0.37731262224355233,1.1,0.5527921914333033,0.4063141175045798,-0.37481734861944194,0.0,0.0
1.1500000000000001,-0.05308936495871165,-0.0807422879315806,0.705631162427395,0.5410031630129218,-0.22447450711755762,-0.4922353279116764,1.1500000000000001,0.5010589985070614,0.43519201371242006,-0.24833048782988382,1.1500000000000001,-0.06451443193877585,-0.09811838667488575,0.705631162427395,0.34799677134715823,-0.028843751480407645,-0.3467993524627501,1.1500000000000001,0.5583675824643995,0.48381518533171797,-0.2787422170923761,0.0,0.0
1.2000000000000002,-0.03445998043820349,-0.05954684619721566,0.7363107781851077,0.5413383611936142,-0.530081636719754,0.10982112598354998,1.2000000000000002,0.5047261879159418,0.48302894177450023,-0.14639523959598244,1.2000000000000002,-0.04928570101890024,-0.08516569136065966,0.7363107781851077,0.2223326377110284,-0.22110309277697668,0.023350035460338366,1.2000000000000002,0.561909830147855,0.536770459313913,-0.16619305408085552,0.0,0.0
1.25,-0.01967432405097769,-0.038426414162065804,0.7669903939428205,0.7599553244882105,-0.17812636021106268,0.7387848773600743,1.25,0.5064859676101792,0.5052411473310803,-0.03548828580803907,1.25,-0.03328364727367736,-0.0650071235814011,0.7669903939428205,0.3834105821070505,0.013974499071222543,0.3831558271087309,1.25,0.5633473771047821,0.5616358934735557,-0.043879271336228494,0.0,0.0
1.3,-0.004769151271829649,-0.01047782534420974,0.7976700097005334,1.0434411877434586,0.615145830742594,0.8428316078550233,1.3,0.5062764237671773,0.500302651015603,0.07754401749485444,1.3,-0.016768571946144485,-0.03684055256567943,0.7976700097005334,0.6245852095718305,0.49740631158410903,0.37774812403528846,1.3,0.5626169997513731,0.5567935197930193,0.08073948678148285,0.0,0.0
1.35,0.011183534642465416,0.027515689045955853,0.8283496254582462,1.2919612315163478,1.2688579357150664,0.24323520040104937,1.35,0.5040428547396988,0.4685994484559618,0.18567109716084904,1.35,-5.0049259260614206e-05,-0.0001231399462533337,0.8283496254582462,0.8312078089313804,0.8286025056281183,-0.06575948064963916,1.35,0.5596645375342124,0.5226999488321711,0.20002289385025288,0.0,0.0
1.4000000000000001,0.02375960010668072,0.0651963426927319,0.859029241215959,1.4542106092050273,1.267865338090147,-0.7122120333117197,1.4000000000000001,0.4997384473694819,0.4124155661029058,0.2822267113780695,1.4000000000000001,0.016521299462960777,0.045334445726364386,0.859029241215959,0.9645811814732352,0.6978436061064826,-0.6659062674795928,1.4000000000000001,0.5544457920415389,0.46186404399479725,0.30674377121197,0.0,0.0
1.4500000000000002,0.035099437399001045,0.10700502234052961,0.8897088569736719,1.5009088923988827,0.5556456312903498,-1.3942687817311228,1.4500000000000002,0.49332510704204824,0.33575970174661346,0.36143475748891885,1.4500000000000002,0.03256219693327978,0.09926992762572011,0.8897088569736719,1.0038285556871755,0.13867614662881744,-0.9942035483587772,1.4500000000000002,0.5469276526975043,0.37865216880676017,0.3946547761565021,0.0,0.0
1.5,0.046034759110022624,0.15536731199632636,0.9203884727313847,1.418978591289219,-0.4128270518609203,-1.3575986401690883,1.5,0.4847745003932226,0.24404443765024272,0.4188658838858512,1.5,0.0476815878249308,0.16092535890914145,0.9203884727313847,0.9408759129556884,-0.48254043180943423,-0.8077141915612013,1.5,0.5370895346207266,0.2789348362982925,0.45897769586152387,0.0,0.0
1.55,0.054884068903025045,0.2043814120862524,0.9510680884890975,1.2110943026285246,-1.0060129686828982,-0.6743050620461738,1.55,0.47406940020815463,0.1436434958975453,0.45178351264743094,1.55,0.06148497914577555,0.22896237671647496,0.9510680884890975,0.7816753853337669,-0.7414663326195122,-0.247475424291916,1.55,0.5249252573990509,0.16960318319332485,0.49677085875295807,0.0,0.0
1.6,0.059735856731474905,0.24467806917212126,0.9817477042468103,0.8969987663996414,-0.8885864130655423,0.12256008093091203,1.6,0.4612054695224383,0.04136405071316136,0.4593468193271961,1.6,0.07356581618693278,0.30132558310167673,0.9817477042468103,0.5517155201455874,-0.4867482040409234,0.25974256684735314,1.6,0.5104455596999324,0.057996093967545397,0.5071401408899565,0.0,0.0
1.6500000000000001,0.05902988411503078,0.2651696181802327,1.012427320004523,0.5235052970353928,-0.2706847834773348,0.44809323139045876,1.6500000000000001,0.4461936973499997,-0.0561203803354455,0.4426503343112575,1.6500000000000001,0.08351760280074486,0.3751715114812961,1.012427320004523,0.3310894834195242,0.03346461184120872,0.3293939370803971,1.6500000000000001,0.49368154821220944,-0.04871218377161571,0.49127242360772133,0.0,0.0
1.7000000000000002,0.06346219184258473,0.3117897485226188,1.043106935762236,0.2867360526153152,0.2620245320143607,0.11645045509601094,1.7000000000000002,0.42906382111744906,-0.14282633358021643,0.40459411887463104,1.7000000000000002,0.09095203484180718,0.4468473471777988,1.043106935762236,0.3652675953478676,0.3574619008888455,-0.07510929119720648,1.7000000000000002,0.4746895446328445,-0.14410938165392,0.45228602665024054,0.0,0.0
1.75,0.06140967238429353,0.32911746293457317,1.0737865515199487,0.5576911810776378,0.2119012748360476,-0.5158655863445714,1.75,0.40986927499642944,-0.21395576867659227,0.34959369507487864,1.75,0.09554977186700231,0.5120870585997155,1.0737865515199487,0.6268381787460607,0.17208974225710363,-0.6027530364449125,1.75,0.4535580624141194,-0.2230731126167057,0.39490923312622705,0.0,0.0
1.8,0.05829979684935813,0.34000441522545666,1.1044661672776617,0.9365284407998375,-0.4302967639465617,-0.8318234279966463,1.8,0.3886945506847974,-0.26628448338338273,0.2831537173361874,1.8,0.09709694146244134,0.566269362608958,1.1044661672776617,0.893522782053056,-0.43073070615777315,-0.78284993505822,1.8,0.4304180857037362,-0.28218007855868765,0.32501404856633764,0.0,0.0
1.85,0.051885054285801896,0.32851670684234047,1.1351457830353744,1.2478049129392474,-1.1642288241746401,-0.4489859081488611,1.85,0.3656664608068458,-0.29840634582984676,0.21134240778292085,1.85,0.09549909525465557,0.6046644589917586,1.1351457830353744,1.0873994378865963,-1.0117668808654994,-0.39845365640157443,1.85,0.4054585533691928,-0.3199571419913496,0.24904631253838289,0.0,0.0
1.9000000000000001,0.04773852996946837,0.3274385770605836,1.1658253987930873,1.4398380675059725,-1.365457104732456,0.45679377817018496,1.9000000000000001,0.3409718619241231,-0.3108084636584978,0.14021379940022852,1.9000000000000001,0.09075359291753181,0.6224788938213508,1.1658253987930873,1.1699043595606573,-1.1226134173703544,0.3292648260277524,1.9000000000000001,0.3789501569861455,-0.3369485433636817,0.17340386559969598,0.0,0.0
1.9500000000000002,0.03940371595574542,0.2921736283473579,1.1965050145508,1.4863584108600896,-0.7865870874740734,1.2611669514198292,1.9500000000000002,0.31488629373032356,-0.305767393668231,0.07523083774993224,1.9500000000000002,0.0828800333060502,0.6145450869601992,1.1965050145508,1.1196719991658424,-0.664423256752654,0.9012253445183568,1.9500000000000002,0.3512824954831095,-0.3355900419343501,0.10382059230876112,0.0,0.0
2.0,0.02832814500397865,0.2266251600318292,1.227184630308513,1.382363555197178,0.21798024936456095,1.365069086026178,2.0,0.28782132408460076,-0.28707283573242603,0.020743711875079417,2.0,0.07193838055757798,0.5755070444606238,1.227184630308513,0.931296171233821,0.02047881130397086,0.9310709837828429,2.0,0.3230224590936225,-0.3198986009371909,0.044815111260811294,0.0,0.0
2.0500000000000003,0.015460566672083028,0.13319471445082934,1.2578642460662257,1.1517187604931125,0.9335719944672866,0.6744623298733325,2.0500000000000003,0.2604038358988194,-0.2596015068631044,-0.020425850905771762,2.0500000000000003,0.0581035360911862,0.5005692263675807,1.2578642460662257,0.6173778018331484,0.41022028197560245,0.4613834310551121,2.0500000000000003,0.29500476490490113,-0.29500383279688697,-0.0007415873126865771,0.0,0.0
2.1,-0.002363292496256855,-0.021886451807834738,1.2885438618239387,0.8750250014748168,0.8251816878049743,-0.29110811619969856,2.1,0.23360733777699536,-0.2287785730304311,-0.04725201355937016,2.1,0.04193202003581381,0.38833243755167174,1.2885438618239387,0.23018836033727777,0.2236824213899078,-0.054340183988574715,2.1,0.26846451355685413,-0.26656314349179006,-0.03189491450205908,0.0,0.0
2.15,-0.011989341745900006,-0.11915457427390895,1.3192234775816514,0.7647177349706629,-0.03204083564696541,-0.7640462021564567,2.15,0.2089544485406273,-0.19997573880440148,-0.06059426915601395,2.15,0.02437733060885129,0.24227105308974242,1.3192234775816514,0.35037687458427097,-0.33357022269298087,-0.1072140885145096,2.15,0.24520069991141177,-0.2401148596262106,-0.04968135891590913,0.0,0.0
2.2,-0.02740777930588378,-0.29183803404905057,1.3499030933393643,1.0186017537863283,-0.9712697458712062,-0.3068951181949082,2.2,0.1887600074466107,-0.17790268990821595,-0.06309495490659843,2.2,0.006521362602798092,0.0694394689945941,1.3499030933393643,0.8358204284061427,-0.7082182024736695,0.44387246617242704,2.2,0.22768074390952195,-0.22043133668166187,-0.05699602579065616,0.0,0.0
2.25,-0.035905137196249465,-0.40898195337602905,1.380582709097077,1.4665303947448973,-1.2070343773739536,0.832934217419417,2.25,0.17618417920455243,-0.16605121561013123,-0.058888528563545844,2.25,-0.010558336206726002,-0.12026604835473838,1.380582709097077,1.2969481380060388,-0.43395633163020536,1.222193264142536,2.25,0.2188338479577593,-0.21093625936982707,-0.05825931251795498,0.0,0.0
2.3000000000000003,-0.051891332922475095,-0.6313618476677546,1.41126232485479,1.9179819344181026,-0.4189281117527801,1.8716714289472545,2.3000000000000003,0.17453625093296776,-0.16624858873172602,-0.05314423425401204,2.3000000000000003,-0.025786940419542763,-0.31374970408457686,1.41126232485479,1.6652058681863116,0.47243941269883416,1.596781633402297,2.3000000000000003,0.22123367656181633,-0.21324665114254615,-0.05890844949196657,0.0,0.0
2.35,-0.05710230639517716,-0.7410665946083098,1.4419419406125027,2.272663453765895,0.9931868724760725,2.0441572861265653,2.35,0.18564920540307872,-0.1783687021957555,-0.05148041903283616,2.35,-0.038139859781776066,-0.4949743327654171,1.4419419406125027,1.8880806079208967,1.478756595478965,1.1739366734770678,2.35,0.23595102119073474,-0.22689062707167085,-0.06475745322335137,0.0,0.0
2.4000000000000004,-0.060896547522964195,-0.8418338729574575,1.4726215563702154,2.4695700075640055,2.1821704622225835,1.156247419916238,2.4000000000000004,0.20883361766777092,-0.20023658402304587,-0.05930253187672867,2.4000000000000004,-0.04694840171867003,-0.6490147053588948,1.4726215563702154,1.9254534047707623,1.9208153592168116,0.13356335478009013,2.4000000000000004,0.2621569037425948,-0.24923729835270467,-0.08128352409774686,0.0,0.0
2.45,-0.05995155600113403,-0.8816550764971774,1.5033011721279284,2.4723739170758536,2.4564796014533243,-0.27989418264893823,2.45,0.2417630549853828,-0.2277452183955183,-0.08112638444946808,2.45,-0.05213601867810896,-0.7667188076826053,1.5033011721279284,1.7536199525677123,1.5205147359843498,-0.8736234175535983,2.45,0.29788368953024524,-0.27565660238141604,-0.1129076173324255,0.0,0.0
2.5,-0.06113946740594643,-0.955304178217913,1.533980787885641,2.2688329782449332,1.7615845551129037,-1.4298331855008286,2.5,0.28197112543503017,-0.25518444744485996,-0.11995254628960164,2.5,-0.053827560173086,-0.8410556277044687,1.533980787885641,1.3690409068029397,0.6280860331354378,-1.216462469408738,2.5,0.3410248718557537,-0.29990572895349904,-0.16234074339211216,0.0,0.0
2.5500000000000003,-0.05633646339216741,-0.9341360256793002,1.564660403643354,1.8745481827060293,0.678825541854194,-1.7473198828528327,2.5500000000000003,0.32754738508104947,-0.27576174594073116,-0.1767561850379017,2.5500000000000003,-0.05209089809118974,-0.8637387153368016,1.564660403643354,0.7923662422696206,-0.028458567281474677,-0.7918550194554335,2.5500000000000003,0.3898418867806616,-0.3147170612005628,-0.2300649214417256,0.0,0.0
2.6,-0.04942705468039001,-0.8687299130625349,1.5953400194010667,1.3458430918601598,-0.049805191856310285,-1.344921213592778,2.6,0.37716589969986763,-0.28227561418757696,-0.25014914257585774,2.6,-0.04709944335704435,-0.8278198164434115,1.5953400194010667,0.16029183855867432,0.07932626972351806,-0.1392868135907767,2.6,0.44303944885787205,-0.3125420990195823,-0.31400858202399606,0.0,0.0
2.6500000000000004,-0.03622653818712074,-0.674162290710497,1.6260196351587797,0.8509254595923094,-0.09656516680707945,-0.8454284750006377,2.6500000000000004,0.4299213025076281,-0.26788597346799214,-0.3362579836508892,2.6500000000000004,-0.039205440561335514,-0.7295985468062437,1.6260196351587797,0.8209764522492325,0.8201727087631049,-0.03631890620499801,2.6500000000000004,0.49967674652619065,-0.2863885928610287,-0.40946113966783093,0.0,0.0
2.7,-0.026882532889814882,-0.5291288948702264,1.6566992509164924,0.871387430038238,0.22777917312510626,-0.8410901863171916,2.7,0.48517744697152826,-0.22691385408942846,-0.4288440950649684,2.7,-0.028878700637396185,-0.5684194646458692,1.6566992509164924,1.6820576763367125,1.445241640227284,-0.8605780777340369,2.7,0.559060320528879,-0.23067578594692298,-0.5092515329065022,0.0,0.0
2.75,-0.010324940780337768,-0.21472650279108701,1.6873788666742053,1.423434189181927,0.2720056463838864,-1.3972035711618025,2.75,0.5424648579714112,-0.1555961048557101,-0.5196710250607341,2.75,-0.01663840071443346,-0.3460267398579834,1.6873788666742053,2.4942113397308567,1.1430786836066507,-2.2168584371416418,2.75,0.6206608781476625,-0.1420265733943192,-0.6041923353642411,0.0,0.0
2.8000000000000003,0.008297149196816565,0.18213901916851727,1.718058482431918,2.037544781928692,-0.38219284411788007,-2.001378866749104,2.8000000000000003,0.60141706984811,-0.05272065408112211,-0.5991018482177677,2.8000000000000003,-0.0030878847720350777,-0.06778524651571405,1.718058482431918,3.1701350452195665,-0.2960346768085987,-3.156282572118043,2.8000000000000003,0.6840565044963776,-0.019916367115134122,-0.6837665096103624,0.0,0.0
2.85,0.025778371392198823,0.5967467416544346,1.748738098189631,2.5270340024335183,-1.5447077988599083,-1.999944665633663,2.85,0.6617318857861062,0.07992567986387335,-0.6568873376495652,2.85,0.0110491209266838,0.25577748147191914,1.748738098189631,3.6323187115657762,-2.233273803112969,-2.8646513474976665,2.85,0.7488955592356198,0.13289325668657453,-0.7370101362736254,0.0,0.0
2.9000000000000004,0.04329853870142263,1.056008060388997,1.7794177139473437,2.808049406169969,-2.557135825745286,-1.1602576593935883,2.9000000000000004,0.7231476694996015,0.23735196343092496,-0.6830860834171559,2.9000000000000004,0.02488703039266162,0.6069697842466245,1.7794177139473437,3.8190143823981213,-3.5882016525051954,-1.3075472281805687,2.9000000000000004,0.8148726915195673,0.3101928530469613,-0.7535236541097632,0.0,0.2499999999999989
2.95,0.060359225781671806,1.549564678976747,1.8100973297050567,2.8440313647079773,-2.8415133192111077,0.1196514111433422,2.95,0.7854286160187051,0.4114372138367344,-0.6690422482409641,2.95,0.03748350408646719,0.9622905732218183,1.8100973297050567,3.693685936075989,-3.628500074944719,0.690871189507655,2.95,0.881713282461194,0.5024709880723359,-0.7245282731640662,0.0,0.7500000000000011
3.0,0.07188695770607037,1.9409478580639,1.8407769454627694,2.6577279123756457,-2.3946355776328607,1.1529258894463006,3.0,0.8483554420289294,0.591297825456333,-0.6083369441606453,3.0,0.04796649043418354,1.2950952417229555,1.8407769454627694,3.2598193805167446,-2.5367150242069756,2.047315139287349,3.0,0.9491632665191969,0.6973779553555391,-0.6438749054696259,0.0,1.0
3.0500000000000003,0.08178503727598761,2.3204561932426184,1.8714565612204823,2.3850033272190196,-1.7799213254915913,1.5874888805613883,3.0500000000000003,0.9117194094100273,0.7639373590370908,-0.4976263587898092,3.0500000000000003,0.0556270524460393,1.578285498906806,1.8714565612204823,2.5996315640736416,-1.2717169530132775,2.2673377031987525,3.0500000000000003,1.0169824104917913,0.8804899129377607,-0.5089113247556483,0.0,1.0
3.1,0.08520940495354384,2.538473382971025,1.902136176978195,2.363111031748641,-1.5722051614620693,1.76421786598032,3.1,0.9753184444640174,0.9151422583293015,-0.33728432387476387,3.1,0.05997882844803706,1.7868292782954722,1.902136176978195,2.0165662877823185,-0.7707084981588633,1.863477395592946,3.1,1.084939845282822,1.0363283866880753,-0.3211198262748731,0.0,1.0
3.1500000000000004,0.0825343452367539,2.5796831779268263,1.932815792735908,2.965235038212167,-1.6988207039029353,2.4303553336563453,3.1500000000000004,1.0389546052433685,1.0305634279503713,-0.13177895403888934,3.1500000000000004,0.06072130393993651,1.8978974857836637,1.932815792735908,2.2251191725578066,-1.0877347992237898,1.9411306856164838,3.1500000000000004,1.1528110897030102,1.1495648831696121,-0.08645222915274069,0.0,1.0
3.2,0.0696264801415201,2.281520501277331,1.9634954084936207,4.155959572449661,-1.2881186302710392,3.951297301163838,3.2,1.102432435874889,1.096903896177378,0.1102683917536159,3.2,0.05773895944350429,1.891990223044749,1.9634954084936207,3.4046619783695102,-1.1964433100327843,3.1875141713932473,3.2,1.220376079915875,1.2063198843104934,0.18468923397955714,0.0,1.0
3.25,0.049367071608494136,1.6946790050603378,1.9941750242513334,5.689069244641903,0.7007398993246122,5.645748175735872,3.25,1.1655579173368857,1.103118863818517,0.37636954041798165,3.25,0.051124490026708574,1.7550078841981054,1.9941750242513334,5.0372388977652385,0.257846716470334,5.030635226685058,3.25,1.2874178887901218,1.1954517444479351,0.47784929326431264,0.0,1.0
3.3000000000000003,0.028728680466832322,1.0324225899365536,2.024854640009046,7.375555143236136,4.426525706216204,5.899549461028712,3.3000000000000003,1.2281378277268844,1.0415277575671829,0.6508013937529529,3.3000000000000003,0.041235676920157394,1.4818865214796968,2.024854640009046,6.81959540469439,3.708751520882987,5.722940122006954,3.3000000000000003,1.3537219268405096,1.1097254726363808,0.7752886111576407,0.0,1.0
3.35,0.0023683171502667647,0.08903777138321038,2.055534255766759,9.085002241895745,8.504442084090202,3.195579849355389,3.35,1.2899793892419185,0.9087393622225269,0.9155542562930653,3.35,0.028679737578054545,1.0782254891485525,2.055534255766759,8.59973597121116,7.861545135464939,3.48590976039121,3.35,1.41907548502855,0.9467549163062773,1.0570857868020498,0.0,1.0
3.4000000000000004,-0.017579456920245543,-0.690942974793331,2.086213871524472,10.721324173521417,10.416823022546836,-2.5370435847010784,3.4000000000000004,1.350890119661674,0.7063009499231578,1.1515394407214965,3.4000000000000004,0.01425305241261965,0.5602019720256028,2.086213871524472,10.281097013564327,10.090310675551974,-1.9714426882776004,3.4000000000000004,1.4832675241648412,0.7096245878397028,1.302503548008768,0.0,1.0
3.45,-0.03930468519286201,-1.6139928535027386,2.116893487282185,12.214922776109065,7.976085543332408,-9.251291684502858,3.45,1.41067783226028,0.44100011014684554,1.3399741972444965,3.45,-0.0011257819307554447,-0.04622868703631756,2.116893487282185,11.800190354276104,8.006036475173667,-8.668787248245257,3.45,1.5460886449415236,0.40711864137953946,1.491524223691454,0.0,1.0
3.5,-0.05037793121404128,-2.1599538008020196,2.1475731030398975,13.521158421560095,0.9988679357839303,-13.48421254311086,3.5,1.469150745220741,0.12477258248181922,1.4638427903444675,3.5,-0.016542815040705098,-0.7092731948702311,2.1475731030398975,13.121708850354944,1.2680985922116723,-13.060289779094262,3.5,1.6073311922149869,0.05351291392093169,1.6064401419010115,0.0,1.0
3.5500000000000003,-0.05657230015669992,-2.5309810651730786,2.1782527187976104,14.618888967822286,-7.982263359508476,-12.247260359483038,3.5500000000000003,1.5261176730770796,-0.22580093800141063,1.5093207374431332,3.5500000000000003,-0.03110230894696961,-1.3914823121898552,2.1782527187976104,14.235222410723269,-7.627616836876921,-12.019193753016452,3.5500000000000003,1.666789460471736,-0.33208056398766367,1.6333736879726255,0.006155829702431202,1.0
3.6,-0.05699752328496509,-2.6592764463833314,2.2089323345553233,15.50652373205916,-14.668480956641758,-5.0287120296903085,3.6,1.5813882804878026,-0.5903935495146253,1.4670461309569276,3.6,-0.04392721938756401,-2.049468347746187,2.2089323345553233,15.149188005342458,-14.319694860154174,-4.944111278408479,3.6,1.7242599766015687,-0.7267911718480569,1.5636006713460346,0.02447174185242326,1.0
3.6500000000000004,-0.0538886856059542,-2.6204518510464365,2.2396119503130363,16.194975436149562,-15.260369908790606,5.422023572833848,3.6500000000000004,1.6347733840192415,-0.9461781909961606,1.3331282188825484,3.6500000000000004,-0.0541958477609594,-2.6353882635531436,2.2396119503130363,15.881598018529404,-14.929548507420375,5.41606286768711,3.6500000000000004,1.779541842553979,-1.105428348283336,1.3945599077171216,0.05449673790581632,1.0
3.7,-0.04873405549995733,-2.468526113239339,2.270291566070749,16.69835422649744,-8.755235483432951,14.219032509394633,3.7,1.6860852913973943,-1.2693423511915667,1.1097989031072708,3.7,-0.0612204928917135,-3.1010016264439644,2.270291566070749,16.448675953341745,-8.429563151828194,14.124496652531842,3.7,1.8324371250653868,-1.4421878829877575,1.1304512052632747,0.09549150281252644,1.0
3.75,-0.042831071008598016,-2.258669760219036,2.3009711818284617,17.02449349773392,2.1768681023557597,16.8847453080978,3.75,1.7351381703970241,-1.5367674061335734,0.805636648753159,3.75,-0.06459490029937305,-3.4063716954747507,2.3009711818284617,16.854524328808626,2.4737243831517857,16.67200281989546,3.75,1.8827512830106514,-1.7125062352660534,0.7823520868848901,0.14644660940672624,1.0
3.8000000000000003,-0.037312415141610565,-2.0474068436504553,2.3316507975861747,17.16804519113283,12.406985761928887,11.866274899397574,3.8000000000000003,1.7817484415235199,-1.7277504148599592,0.43532288341268094,3.8000000000000003,-0.06424372889922153,-3.5251818921580846,2.3316507975861747,17.085033534114295,12.604685071251922,11.533442032471006,3.8000000000000003,1.9302936254520224,-1.8949255722361389,0.36781864572946016,0.2061073738537638,1.0
3.85,-0.03189311154281843,-1.8200322364971908,2.3623304133438876,17.108437299431902,17.04296330464491,1.4953356229020303,3.85,1.8257351901394276,-1.8256370908718784,0.018926091680964,3.85,-0.06039540553555682,-3.446561959420545,2.3623304133438876,17.108202103252673,17.07239872640451,1.106246325372781,3.85,1.974877795406116,-1.9728248444367495,-0.09002466307204822,0.2730047501302266,1.0
3.9000000000000004,-0.027230600769031298,-1.615292007018168,2.3930100291016,16.813459300127565,14.050311692961042,-9.23477963828528,3.9000000000000004,1.8669205948542344,-1.8192356737377307,-0.4192541841066277,3.9000000000000004,-0.05345836089285008,-3.171096509802975,2.3930100291016,16.880763432283945,13.904342558251304,-9.572326367165742,3.9000000000000004,2.0163222759173713,-1.935876169075027,-0.5638607792425413,0.34549150281252683,1.0
3.95,-0.021326519786366935,-1.314350748618821,2.423689644859313,16.247376387133986,5.254491491375567,-15.374249855920151,3.95,1.905130369946237,-1.70389286318894,-0.852215252894057,3.95,-0.043966021509560985,-2.709620409881555,2.423689644859313,16.358938640433088,5.005662843222976,-15.574280495144281,3.95,2.0544509163545244,-1.781101194425268,-1.0239370600416944,0.42178276747988486,1.0
4.0,-0.01681526062856647,-1.0761766802282542,2.454369260617026,15.381237344113577,-4.833444551689605,-14.60206410072549,4.0,1.9401942204025953,-1.4821343244010017,-1.252050900449347,4.0,-0.032562585366413474,-2.0840054634504623,2.454369260617026,15.510279575387814,-5.076760095153374,-14.655895722982978,4.0,2.089093478041406,-1.513428166403971,-1.4400856728438944,0.5000000000000001,1.0
4.05,-0.013609641048456035,-0.9040901560540653,2.4850488763747385,14.202891666206327,-11.598289491037205,-8.197671167111368,4.05,1.9719463089126232,-1.1638021858348124,-1.591897206945295,4.05,-0.019971026619333164,-1.3266777947006292,2.4850488763747385,14.3240008650825,-11.763623289417435,-8.172769903010845,4.05,2.1200861994810403,-1.1456854093398305,-1.7838639062596076,0.578217232520115,1.0
4.1000000000000005,-0.01023832763637451,-0.7056357790265678,2.5157284921324514,12.724958240231892,-12.72482035265339,0.05923857141751607,4.1000000000000005,2.0002257348837267,-0.7656583507732935,-1.847882647892518,4.1000000000000005,-0.006944650705999023,-0.47863227130815883,2.5157284921324514,12.81833255032236,-12.818104598923346,0.07644515494049778,4.1000000000000005,2.147272382608336,-0.6980083822136176,-2.030655801329218,0.6545084971874745,1.0
4.15,-0.00548026532675284,-0.39169305879850336,2.5464081078901644,10.990164766090729,-9.045700847937745,6.241715930370464,4.15,2.0248770263183817,-0.3104626587897204,-2.0009347588587665,4.15,0.005787876504997316,0.41367906789536263,2.5464081078901644,11.044743340660276,-9.131805500993009,6.212606840376535,4.15,2.17050300278481,-0.19668228678530453,-2.161573353639145,0.7269952498697739,1.0
4.2,0.0013643201368402603,0.10107975029822122,2.5770877236478773,9.075037094550487,-3.507545270434543,8.369792377551525,4.2,2.045750646243509,0.1744241032683722,-2.0383012384838404,4.2,0.01755173247629974,1.3003727557040952,2.5770877236478773,9.090453076286089,-3.6473260027441503,8.326665008385145,4.2,2.1896373467060357,0.32751308229996107,-2.1650050556551195,0.7938926261462367,1.0
4.25,0.010695860373521581,0.8210744064861176,2.60776733940559,7.095780555641938,0.8895248561754815,7.039804487631187,4.25,2.0627035163751155,0.658823857085433,-1.954660308545027,4.25,0.027736044769386042,2.1291748117499005,2.60776733940559,7.083562692508009,0.6922315594199798,7.049657856012184,4.25,2.2045436841173434,0.8413485158926233,-2.037681410325704,0.8535533905932737,1.0
4.3,0.02157039349750818,1.7149972758063827,2.6384469551633027,5.227674884560844,2.784345223735096,4.4244780905471535,4.3,2.0755995618961265,1.1117901999841977,-1.752722480189745,4.3,0.035762324796056094,2.8433551575600315,2.6384469551633027,5.212624704768718,2.582832493472511,4.5277403440819946,4.3,2.215099981333157,1.3114388946846471,-1.7851599235952118,0.9045084971874736,1.0
4.3500000000000005,0.032558941963413114,2.6800201199666795,2.6691265709210157,3.7635484532900128,2.7897980946115752,2.52612817401716,4.3500000000000005,2.0843102827053723,1.5037768525160145,-1.4432617685050686,4.3500000000000005,0.04120475901945144,3.3916821785732303,2.6691265709210157,3.783291724307721,2.6455765637275177,2.704481635484144,4.3500000000000005,2.2211946671660425,1.7066193427061376,-1.4216737208474166,0.9455032620941842,1.0
4.4,0.042027657774708065,3.580083999880733,2.6998061866787286,3.1474502091231558,2.4867290511471247,1.9294096105001441,4.4,2.088715358367241,1.8087658784421268,-1.0445562910933393,4.4,0.04387177677415733,3.737173432729819,2.6998061866787286,3.2223385011860026,2.4184121044710887,2.1294948483556784,4.4,2.222727465169983,2.0002265997833786,-0.9693353052169317,0.9755282581475768,1.0
4.45,0.048182440441054124,4.245890856911186,2.730485802436441,3.4793091856286096,2.9776829590158282,1.7997212575247208,4.45,2.088703296397,2.00619411541493,-0.5812629625687508,4.45,0.04381928229239054,3.861404452298034,2.730485802436441,3.562326308728464,2.955915855096535,1.988147425984271,4.45,2.2196103103229214,2.172109962998576,-0.4567365086503832,0.9938441702975689,1.0
4.5,0.04984657138871486,4.542268817796641,2.761165418194154,4.1834999192942695,4.079972843768755,0.9249287371709572,4.5,2.0841721366504875,2.0825269379849862,-0.0827952157865175,4.5,0.04130752931290827,3.764148608638766,2.761165418194154,4.225032827522767,4.073965881396768,1.1196894171421303,4.5,2.21176837373149,2.210211732643512,0.08296647469795247,1.0,1.0
4.55,0.0469569114890835,4.423170843467517,2.791845033951867,4.78270399226557,4.652587723479688,-1.1080094552661137,4.55,2.0750302287177336,2.0323512285816827,0.41868715501540577,4.55,0.0366964785975632,3.4566752591555368,2.791845033951867,4.762600686350621,4.6833355360888405,-0.8652939119367818,4.55,2.199141226063666,2.1115856682351892,0.6143517704675012,1.0,1.0
4.6000000000000005,0.039917178571530945,3.8853784934385374,2.82252464970958,5.080481873216139,3.6782712166212503,-3.5045137923902363,4.6000000000000005,2.061197104724701,1.858892820715718,0.8905341013218135,4.6000000000000005,0.030406359118700387,2.9596333711778215,2.82252464970958,4.994256679708563,3.821024104685974,-3.215956245694638,4.6000000000000005,2.1816841797884012,1.8827616374412823,1.1022497343698525,1.0,1.0
4.65,0.030164763646472338,3.0329048490481947,2.8532042654672924,5.0185907250202435,1.2015699465751866,-4.872625835085895,4.65,2.0426044773591343,1.5739053830917513,1.3019427391411609,4.65,0.0229091566338417,2.3033925628158767,2.8532042654672924,4.871353877736033,1.521145797519033,-4.627764478106473,4.65,2.1593698627309865,1.5394126122458707,1.51429422944459,1.0,1.0
4.7,0.019244979070311016,1.998071462016901,2.8838838812250054,4.607758982043453,-1.5998407654348037,-4.321105455997933,4.7,2.0191974030188873,1.1969246923197778,1.6262009203273204,4.7,0.014758746533209492,1.5322973413174092,2.8838838812250054,4.411565960035974,-1.1338472194147937,-4.2633677653673585,4.7,2.1321900920551258,1.1053328832233191,1.8233139625207913,1.0,1.0
4.75,0.00838539343709581,0.8986783372662526,2.9145634969827183,3.901702751167251,-3.2371863725857453,-2.1780515943409693,4.75,1.9909356638382323,0.7539309535190231,1.8426646289731834,4.75,0.006542773829277107,0.7012013389845575,2.9145634969827183,3.6723820603633905,-2.7774544563264323,-2.4025271570392928,4.75,2.100158140107848,0.6107898025719982,2.009378020815226,1.0,1.0
4.800000000000001,-0.0013654714125198785,-0.1510102144533985,2.945243112740431,2.9851583763957557,-2.9776519805214003,0.21156373758923105,4.800000000000001,1.957795441592537,0.275508497174772,1.9383131994352758,4.800000000000001,-0.0011902712200449533,-0.13163447476721155,2.945243112740431,2.7369039608344776,-2.7258363850008673,-0.24588471493131958,4.800000000000001,2.0633115137704494,0.09036134304532162,2.0613319069331726,1.0,1.0
4.8500000000000005,-0.009565361311326735,-1.0912558755115636,2.9759227284981438,1.9720419891846077,-1.3480659697717787,1.4393289228840147,4.8500000000000005,1.9197713834957928,-0.2053669082872196,1.9087552482887635,4.8500000000000005,-0.007987575492452596,-0.9112555609278989,2.9759227284981438,1.7054477544359565,-1.4193387312087233,0.9455313898551747,4.8500000000000005,2.0217154100516144,-0.41958574945027705,1.977695881094567,1.0,1.0
4.9,-0.015982787563231213,-1.8803589740265896,3.0066023442558567,1.052508361590807,0.28631788895807997,1.0128158360142052,4.9,1.8768791982393431,-0.6557510956790168,1.7585977440277036,4.9,-0.013537572099543576,-1.5926818199392025,3.0066023442558567,0.7138881072163648,-0.04007655672675085,0.7127623020515966,4.9,1.9754670667991987,-0.8835909619063497,1.7668438369153177,1.0,1.0
4.95,-0.020299820553608336,-2.462111947918202,3.0372819600135696,0.8158715193729273,0.7320367705811807,-0.36023395542475545,4.95,1.8291589756198083,-1.0451829122505958,1.501137981009697,4.95,-0.017638267719720057,-2.1392991912720816,3.0372819600135696,0.5191197937474501,0.3715556583342721,-0.362535174872978,4.95,1.9247013042988002,-1.269764236515691,1.4464348911842615,1.0,1.0
5.0,-0.022258650359801235,-2.7823312949751546,3.067961575771282,1.3810489328419016,-0.19310924497385673,-1.3674812519407284,5.0,1.7766795028895488,-1.347975799566163,1.1573898650721879,5.0,-0.020181202901222536,-2.522650362652817,3.067961575771282,1.2324293238585888,-0.36776217930608873,-1.1762793111240946,5.0,1.8695976588253038,-1.5522132838162779,1.0421273086477219,1.0,0.7500000000000043
5.050000000000001,-0.02221750974349322,-2.8613403132788524,3.098641191528995,1.9401253000654768,-1.5996488160187712,-1.0978204977881858,5.050000000000001,1.719543967958284,-1.5451696549267273,0.7545079159527346,5.050000000000001,-0.021151891574787,-2.724101880174328,3.098641191528995,1.8107400278160195,-1.541203612770954,-0.9505108480795565,5.050000000000001,1.810389652786738,-1.7130417461090988,0.5856608839633871,1.0,0.2500000000000022
5.1000000000000005,-0.020763154907641482,-2.754253261653551,3.129320807286708,2.2785749782125846,-2.2590326384568002,0.29778426708506195,5.1000000000000005,1.6578976128782585,-1.625985676015458,0.32372067617003014,5.1000000000000005,-0.02064414432683043,-2.738466389098384,3.129320807286708,2.1541591396582906,-2.142310046681935,0.22563081097002802,5.1000000000000005,1.7473769396824566,-1.7437552266291014,0.11244500405850938,1.0,3.749399456654644e-33
5.15,-0.018346618868164456,-2.5059807244940933,3.160000423044421,2.3551400711407786,-1.5583748584741641,1.7658291409897564,5.15,1.591938160016887,-1.5886623255884844,-0.10207409354846146,5.15,-0.018862531512476053,-2.5764496840041784,3.160000423044421,2.24840279683132,-1.6458675881580969,1.5318077617800316,5.15,1.6809413171940992,-1.6459549028357223,-0.34116882870696263,1.0,0.0
5.2,-0.015319322525823366,-2.1540193017109717,3.1906800388021335,2.1849932249091135,0.03915075172180065,2.184642444780918,5.2,1.5219302227224856,-1.4405963746601294,-0.4908703374132594,5.2,-0.016092853443956324,-2.2627839370478107,3.1906800388021335,2.109757578902325,-0.36434044141340044,2.0780599328427676,5.2,1.6115679231437199,-1.4312515627141167,-0.7407227113665149,1.0,0.0
5.25,-0.01184412286380946,-1.7138815912771783,3.2213596545598464,1.834677188415152,1.3583123662120316,1.2332995992403464,5.25,1.4482254987691823,-1.1977658510940856,-0.8140725159579504,5.25,-0.012661856854107043,-1.8322102550919581,3.2213596545598464,1.7778946145711148,0.8397549086578393,1.5670740103473215,5.25,1.5398732983078294,-1.1203925200643403,-1.0563760579572552,1.0,0.0
5.300000000000001,-0.00810912026675372,-1.2072614979534941,3.2520392703175593,1.455653205639108,1.4118380561465829,-0.3544567086452865,5.300000000000001,1.3712914222569497,-0.8834676593405831,-1.0487731211538363,5.300000000000001,-0.008888408159100095,-1.3232795415023453,3.2520392703175593,1.3124746943709202,1.2254478494685705,0.4699653089291765,5.300000000000001,1.4666423368368604,-0.7416554536085308,-1.2653011231857068,1.0,0.0
5.3500000000000005,-0.0046357838332895035,-0.7098793168105594,3.2827188860752723,1.3413824795052718,0.15809354392783787,-1.3320335535158443,5.3500000000000005,1.2917522329237614,-0.526457329760866,-1.1796043875827955,5.3500000000000005,-0.005070950371842327,-0.7765165320466052,3.2827188860752723,0.7997743234978602,0.7049043488416232,-0.37782115810344313,5.3500000000000005,1.3928762242659465,-0.32862198900327694,-1.353555231406864,1.0,0.0
5.4,-0.0018345460352091538,-0.2888749568881742,3.313398501832985,1.6852426783867402,-1.4443187793522632,-0.8683237579765408,5.4,1.210448196997673,-0.15862747661418228,-1.2000092338302795,5.4,-0.0014830980130959032,-0.23353454553413336,3.313398501832985,0.44405787496255555,-0.14762589631284925,-0.41880065789595955,5.4,1.319852753082907,0.08250487514962049,-1.3172715116471148,1.0,0.0
5.45,0.0003426981050733756,0.05547549803938358,3.3440781175906977,2.2747596770406746,-2.120535209505236,0.8233237598531807,5.45,1.1285208486211098,0.18759890388876496,-1.1128189237392774,5.45,0.0016340048599777042,0.26451045997650835,3.3440781175906977,0.6252851003824319,-0.5775689697241675,0.23957366710895342,5.45,1.2491977972253692,0.4558358055982406,-1.1630601252417339,1.0,0.0
5.5,0.0020751969034358817,0.3452608848091448,3.3747577333484107,2.873651024591207,-1.1985424847928656,2.6117745161634143,5.5,1.0475336884146316,0.4819575252704596,-0.9300772936690459,5.5,0.004078475369360232,0.6785563395773087,3.3747577333484107,0.9887163556538846,-0.22854909528204123,0.9619383259769096,5.5,1.182960223994295,0.7587544265925742,-0.9075718217743464,1.0,0.0
5.550000000000001,0.003617659893548616,0.6184529772342237,3.4054373491061236,3.354996398188028,0.9008865194970492,3.231780362407559,5.550000000000001,0.969635535578447,0.6989002131125425,-0.6721097856509339,5.550000000000001,0.005713087120116601,0.9766743813965237,3.4054373491061236,1.2678479498394173,0.6203161724794201,1.1057333630095891,5.550000000000001,1.123669371745722,0.9646654870121212,-0.5762407093976376,1.0,0.0
5.6000000000000005,0.004747788363256618,0.8337876012016744,3.436116964863836,3.650629572881244,2.9453424850336876,2.156862054988839,5.6000000000000005,0.8977588654087054,0.8198118356723737,-0.3658955240385142,5.6000000000000005,0.0064793912668504716,1.1378847767192126,3.436116964863836,1.4063104853128,1.3109761989587398,0.508970123744427,5.6000000000000005,1.0743329648282887,1.0553076790178877,-0.2012884048389766,1.0,0.0
5.65,0.004886224436559361,0.8812898226047742,3.466796580621549,3.727360196211219,3.726963383425836,-0.054387231063728156,5.65,0.8357994265618964,0.834699890467184,-0.04285760487085073,5.65,0.0063995374140402034,1.154234167013296,3.466796580621549,1.3937532028369402,1.329632637545563,-0.4178816095401407,5.65,1.0383103640043165,1.022435927553715,0.18086786902640012,1.0,0.0
5.7,0.004216530461487414,0.7808719257542387,3.497476196379262,3.57925177323822,2.8529628593654457,-2.1613991254070313,5.7,0.7886242483151159,0.7432071058212696,0.26376391505919417,5.7,0.005571570820523728,1.0318159149652508,3.497476196379262,1.24307843722825,0.6852519000975976,-1.0371469686184598,5.7,1.0189961467140767,0.8687230564256253,0.532609987000484,1.0,0.0
5.75,0.0031528141501327,0.5993795275728837,3.5281558121369745,3.223613467015091,0.9472396078599945,-3.0813018206631915,5.75,0.7616318930275154,0.5548474464772067,0.5217542061300512,5.75,0.004153822662745606,0.789680630275403,3.5281558121369745,0.9853632949057761,-0.1311553554200739,-0.976595666431201,5.75,1.0193133890406887,0.6077887285398399,0.8182864086232516,1.0,0.0
5.800000000000001,0.00166311804770079,0.32449428852299667,3.5588354278946874,2.6970810290514966,-0.840458914237679,-2.5627865480269523,5.800000000000001,0.7596416013230965,0.28842515481979175,0.7027562113050995,5.800000000000001,0.002347055345609525,0.4579386625925659,3.5588354278946874,0.6710181797470812,-0.5471124433973911,-0.38850144379502977,5.800000000000001,1.041154033886969,0.2633302384995158,1.0073027885253252,1.0,0.0
5.8500000000000005,-0.00042652059629105603,-0.08539011647343842,3.5895150436524004,2.0510333541803893,-1.6309805481161104,-1.2436399284468678,5.8500000000000005,0.7854113373255179,-0.029339483109349557,0.7848631495555991,5.8500000000000005,0.00037405040548336727,0.07488549900967906,3.5895150436524004,0.39882776306209655,-0.34254816387367976,0.20426536665790032,5.8500000000000005,1.0850184681987938,-0.13259988569251654,1.0768854844628506,1.0,0.0
5.9,-0.0032646314065160062,-0.670486733638851,3.6201946594101133,1.3468890750962084,-1.3428652873130478,-0.10403365197456547,5.9,0.8387655092407924,-0.3658899705824267,0.7547530118649125,5.9,-0.0015459967015743494,-0.3175152565726384,3.6201946594101133,0.3934042953151647,0.2129881263346097,0.3307612395866445,5.9,1.150044416344556,-0.5420558328661856,1.014286761040011,1.0,0.0
5.95,-0.006032215183117021,-1.2706552132207871,3.650874275167826,0.6560566788151566,-0.6078606527941739,0.24681124893856504,5.95,0.9170437033351359,-0.685472446302996,0.6091770507709618,5.95,-0.00320989813194353,-0.6761485907659784,3.650874275167826,0.6081543802375203,0.6035228368562876,-0.07491285333653579,5.95,1.2343844735920266,-0.9242247741191065,0.8182381044351034,1.0,0.0
6.0,-0.0074742799475057235,-1.6144444686612363,3.6815538909255388,0.20818042423481023,-0.19549307415280795,-0.07156498440487706,6.0,1.0163958324388775,-0.9521378681372926,0.355659905328237,6.0,-0.004442937233766801,-0.9596744424936291,3.6815538909255388,0.8107234738970324,0.48016894239389585,-0.6532306927020497,6.0,1.3357092880047934,-1.23879265792699,0.49951181440327913,1.0,0.0
6.050000000000001,-0.007779191910329543,-1.722664124981915,3.7122335066832517,0.59769599798475,-0.41270496796439066,-0.432336807852972,6.050000000000001,1.1329437594371756,-1.1328766933402992,0.012327194895462875,6.050000000000001,-0.005111651812600118,-1.1319503745977102,3.7122335066832517,0.9287028092621894,-0.08101823065106642,-0.9251621232160627,6.050000000000001,1.451626135077108,-1.4493913975345247,0.08051715836900757,1.0,0.0
6.1000000000000005,-0.007153527427499414,-1.623714809021245,3.7429131224409646,0.9696990142052833,-0.9274578426483274,-0.28308678574036,6.1000000000000005,1.2633692662411373,-1.2006371052807812,-0.3931570224549679,6.1000000000000005,-0.005132038921789504,-1.1648753265067038,3.7429131224409646,0.9429632586401672,-0.6636576428698183,-0.6698792728587439,6.1000000000000005,1.5799299502258832,-1.5268551518047506,-0.40606895107611196,1.0,0.0
6.15,-0.005121166860381761,-1.1912263014972537,3.773592738198677,1.182014895915677,-1.1172051453066305,0.386020566119138,6.15,1.4050463137351707,-1.1369786794683174,-0.8254905366963771,6.15,-0.004476496391182255,-1.041270551246269,3.773592738198677,0.8558166541745368,-0.8520048279699444,-0.0806840670665793,6.15,1.7187072671930799,-1.4520200132460046,-0.9195610645494826,1.0,0.0
6.2,-0.002066622114889461,-0.4925339153973755,3.80427235395639,1.2269708280088842,-0.6375427025212458,1.0483304418200938,6.2,1.55596077954986,-0.934133656637205,-1.2443505370413164,6.2,-0.00317693292766936,-0.7571520707855833,3.80427235395639,0.6852847484785576,-0.5512631053363198,0.40709234234050323,6.2,1.8663484462034952,-1.2178288248891112,-1.4142664091024035,1.0,0.0
6.25,0.0012214424729224656,0.29820372874083634,3.834951969714103,1.128924155731747,0.25199705359673424,1.1004395641620681,6.25,1.714574428922722,-0.5962866915956299,-1.607547092231396,6.25,-0.0013229214727416595,-0.3229788751810692,3.834951969714103,0.466824164773982,-0.04228776332802975,0.46490487832419913,6.25,2.0215161300465874,-0.8305494753342909,-1.8430179144708456,1.0,0.0
6.300000000000001,0.004794555257496014,1.1988641584711062,3.865631585471816,0.95610397260575,0.8682875244795272,0.40026438920507434,6.300000000000001,1.8796987926474487,-0.13993862108304514,-1.8744825241675773,6.300000000000001,0.0009447341988399758,0.2362279522173395,3.865631585471816,0.2824658065613941,0.2565469870758749,0.11819718820119943,6.300000000000001,2.1830994718557393,-0.3099777824431009,-2.16098058260792,1.0,0.0
6.3500000000000005,0.008331402648934344,2.1332379440290103,3.8963112012295285,0.8575939447743283,0.6554558772782453,-0.553032518985095,6.3500000000000005,2.0503964872596696,0.40671330453008636,-2.009654209779635,6.3500000000000005,0.0034447431984022496,0.8820191758715997,3.8963112012295285,0.3169955072972671,0.12108400432907565,-0.29295872668737505,6.3500000000000005,2.35016876470333,0.31142942186238776,-2.3294430531321506,1.0,0.0
6.4,0.010971894710031231,2.876216366866428,3.9269908169872414,1.01207026085391,-0.32329455069397267,-0.9590447572436251,6.4,2.2259091417535606,1.0053719381504245,-1.9859251681072303,6.4,0.0059696837497917885,1.564916776905419,3.9269908169872414,0.504156270634371,-0.31383963465138087,-0.3945608051262122,6.4,2.5219362102725955,0.9904645419179489,-2.3192977902562166,1.0,0.0
6.45,0.012565886401334886,3.3718812641243985,3.9576704327449543,1.3910477421615357,-1.3498103696393924,-0.3361930799208591,6.45,2.405606245626767,1.610130415500995,-1.7872944508606021,6.45,0.008302885698615474,2.2279641746843946,3.9576704327449543,0.6790780247217126,-0.6752244244671616,-0.07224223323606088,6.45,2.697724139438036,1.6760151400251064,-2.1139273362425004,1.0,0.0
6.5,0.013049900740680234,3.5838289909093093,3.988350048502667,1.8545612559937457,-1.5321718864407972,1.0449147154833014,6.5,2.5889491940411977,2.1707004410617228,-1.4109278948624582,6.5,0.010236452242177266,2.811185697007932,3.988350048502667,0.7911886414351018,-0.6513809397733284,0.44909056729788666,6.5,2.876940134063421,2.3126624837924346,-1.7112500609331946,1.0,0.0
6.550000000000001,0.012168879376734009,3.419593525865168,4.01902966426038,2.3113476884455597,-0.4729688177362375,2.262438647639272,6.550000000000001,2.775466016809402,2.636160131639158,-0.8682576638418253,6.550000000000001,0.011589198265812067,3.2566965398234657,4.01902966426038,0.8237392958836657,-0.23110622643230927,0.7906556391294098,6.550000000000001,3.059057901411766,2.8447859775613793,-1.1247346291725457,1.0,0.0
6.6000000000000005,0.010515186648050097,3.0230741005678117,4.049709280018092,2.7115353841572873,1.3627081720049061,2.3442377391143703,6.6000000000000005,2.964733533182094,2.9589544367752603,-0.1850231441263043,6.6000000000000005,0.012223582544471302,3.5142310872053226,4.049709280018092,0.7750209539879402,0.2983138991091003,0.7153085325359277,6.6000000000000005,3.243602705976214,3.220879846816908,-0.3832643038229754,1.0,0.0
6.65,0.008548670152560252,2.5139897127136117,4.080388895775806,3.0294177544743683,2.8714923332846456,0.9653515996837767,6.65,3.1563646652858237,3.098851400699822,0.599798213273131,6.65,0.012055488430379381,3.545273516797807,4.080388895775806,0.6547628706841992,0.5812725091855716,0.3013912521818159,6.65,3.43014031885695,3.39776233124369,0.4701848013595334,1.0,0.0
6.7,0.005897445333782385,1.7737333509243915,4.111068511533518,3.2570868463165272,3.0076054519141704,-1.2501696565123868,6.7,3.3499993542985664,3.0265492698003604,1.4361389874492358,6.7,0.011059695562182989,3.3263472163688426,4.111068511533518,0.4834048193185535,0.4649795429530366,-0.1321901810861477,6.7,3.6182686470592342,3.344354803235983,1.3809992586400148,1.0,0.0
6.75,0.0032482862394891993,0.9990002820604048,4.1417481272912315,3.401099715470792,1.4920207829802745,-3.056362749696186,6.75,3.545298014034404,2.7266439540877503,2.2659547118053815,6.75,0.009271496935172586,2.8514199089844063,4.1417481272912315,0.29809577536068393,0.10235462092290347,-0.27997253948131423,6.75,3.8076113934537332,3.0447294733694736,2.286378568293958,1.0,0.0
6.800000000000001,0.00114274226640972,0.35931473631174116,4.172427743048944,3.4786956993363707,-0.9474401344753326,-3.3471900095702254,6.800000000000001,3.7419367896449804,2.199703214538245,3.0271102896407154,6.800000000000001,0.006783936198032715,2.133086626619823,4.172427743048944,0.1998772362954324,-0.18322931854668734,-0.07986192092616286,6.800000000000001,3.9978132539945714,2.500168699039563,3.119562034991047,1.0,0.0
6.8500000000000005,-0.0008983321227800647,-0.288741124863361,4.2031073588066565,3.5124231864250812,-2.979649235676008,-1.859786835331378,6.8500000000000005,3.939604114343882,1.4632510766613172,3.657783053217446,6.8500000000000005,0.0037410173583705218,1.2024345259372649,4.2031073588066565,0.29897271012941373,-0.15552955374654767,0.2553335843823256,6.8500000000000005,4.188536280772065,1.7300436590964174,3.814549136262917,1.0,0.0
6.9,-0.002385305639592465,-0.7835943703568812,4.23378697456437,3.5233779174519055,-3.464803061997548,0.6397903490676785,6.9,4.137998209730579,0.5515396995995826,4.101077071148393,6.9,0.0003274945600196637,0.10758491041749972,4.23378697456437,0.44714387467728134,0.15801642029866655,0.4182923087715186,6.9,4.379457132248408,0.7714010026078083,4.310984257263893,1.0,0.0
6.95,-0.0031919893391974146,-1.0715584021432527,4.264466590322082,3.5246505542426725,-2.132557497373017,2.8063071909399575,6.95,4.336825279435832,-0.4859287389430839,4.30951583881796,6.95,-0.0032439511236592488,-1.0890020965963285,4.264466590322082,0.5604466364015197,0.5015013616494882,0.2501935581054926,6.95,4.570265001541449,-0.32276255493066786,4.55885364071378,1.0,0.0
7.0,-0.00413945912531401,-1.4198344799827054,4.295146206079795,3.517541257557123,0.27903363088916716,3.506456435127828,7.0,4.535798217441366,-1.587076639430721,4.249076747943906,7.0,-0.006747206122570301,-2.314291700041613,4.295146206079795,0.6161584348525097,0.5993316539239173,-0.14301323520820086,7.0,4.7606600653529805,-1.4864623038186553,4.522644588863111,1.0,0.0
7.050000000000001,-0.005582912692922184,-1.9562672627457527,4.325825821837508,3.4923838295415517,2.4885180871890116,2.4503107032734555,7.050000000000001,4.73463570215601,-2.680978563470965,3.9024516876368227,7.050000000000001,-0.00995782042166445,-3.4892464150298315,4.325825821837508,0.6085302121962194,0.3695462256692331,-0.48347141202888094,7.050000000000001,4.950352334551273,-2.644756347316672,4.184644799684367,1.0,0.0
7.1000000000000005,-0.007736402774037552,-2.7689436532585545,4.356505437595221,3.4334733848472365,3.4213207764330917,0.2886236809438973,7.1000000000000005,4.933061582196282,-3.6924159207316203,3.271262942973026,7.1000000000000005,-0.012667862943505534,-4.53396749397301,4.356505437595221,0.5417979055680778,-0.02193081137190825,-0.5413538676231339,7.1000000000000005,5.139060815966945,-3.718594360178323,3.5471117905497156,1.0,0.0
7.15,-0.010597215401037158,-3.8735564320275837,4.387185053352934,3.325646552819907,2.7708449059868983,-1.839114868965337,7.15,5.130804484510516,-4.546964359144186,2.3770296117099003,7.15,-0.01470038323045797,-5.373370443148477,4.387185053352934,0.42865068556733726,-0.29928930649237173,-0.30686694389696556,7.15,5.326512916239826,-4.630166628459841,2.6331154246569852,1.0,0.0
7.2,-0.013483193083285362,-5.032574851950096,4.417864669110647,3.160071075380799,1.0552294260807544,-2.9786809261469482,7.2,5.327597593146233,-5.176270205622219,1.260762813888977,7.2,-0.01592101851375886,-5.942488318223468,4.417864669110647,0.2917151512667566,-0.29134417165608556,0.014707247214079924,7.2,5.512444034479602,-5.30838999881566,1.4859457775247478,1.0,0.0
7.25,-0.015291382271900331,-5.827211284834019,4.448544284868359,2.9380871534114963,-0.798838393928049,-2.827403993317567,7.25,5.523178559717015,-5.523146435556585,-0.01883756662380201,7.25,-0.016246302008124543,-6.1911103074398355,4.448544284868359,0.18005083904683097,-0.054442866409288485,0.17162248960613583,7.25,5.696597302480868,-5.694146627391554,0.16707786327845467,1.0,0.0
7.300000000000001,-0.015637114290418825,-6.0831032899158615,4.479223900626073,2.6730780650925343,-2.0233628413096167,-1.7468111387572274,7.300000000000001,5.717289515927546,-5.546118670394919,-1.388512550476924,7.300000000000001,-0.01564845821341132,-6.087516268806634,4.479223900626073,0.19468890767782895,0.1851814856745,0.060096490215079665,7.300000000000001,5.878723440292267,-5.7448976812799,-1.2472128603676989,1.0,0.0
7.3500000000000005,-0.01505299213528078,-5.977021967067315,4.509903516383785,2.3906682467681377,-2.3574442654800403,-0.3971790544083555,7.3500000000000005,5.909677165362414,-5.2230782935690465,-2.764730970285136,7.3500000000000005,-0.014156512407083335,-5.6210609076106985,4.509903516383785,0.2978394739242114,0.21554072462630458,-0.20554938154861607,7.3500000000000005,6.058580701831142,-5.438327529774689,-2.670392068497705,1.0,0.0
7.4,-0.012528916961816612,-5.077017846935175,4.540583132141498,2.1268595711814515,-2.0082787032032874,0.7002487313706968,7.4,6.100092936829052,-4.5537517022128755,-4.058876602281107,7.4,-0.011853788522974276,-4.8034396004337285,4.540583132141498,0.3937871294237744,0.0015773888985226186,-0.39378397014616945,7.4,6.235934890510539,-4.774732634357183,-4.0110861657525145,1.0,0.0
7.45,-0.009236265415565059,-3.8191368681441276,4.571262747899211,1.921836152996885,-1.3428990639510376,1.374800459341389,7.45,6.288293185354464,-3.5607688803300452,-5.18300647943339,7.45,-0.008872094464295337,-3.668554501383912,4.571262747899211,0.45218402194229396,-0.2969522703704218,-0.34101281328091015,7.45,6.410559428908883,-3.7779496214383124,-5.179031651713155,1.0,0.0
7.5,-0.006083747640985788,-2.5665810360408794,4.601942363656923,1.8061771385728942,-0.5927865990035353,1.7061300958441563,7.5,6.474039429813115,-2.289206120781937,-6.055800679955496,7.5,-0.005383083716072219,-2.2709884427179676,4.601942363656923,0.4640477687346283,-0.45803164064588775,-0.07448051983454065,7.5,6.582235469662593,-2.4947136066186153,-6.091159807379567,1.0,0.0
7.550000000000001,-0.0019091559699585502,-0.8216413069905952,4.632621979414636,1.7840024711137388,0.20847645155708563,1.7717794405868053,7.550000000000001,6.657098618355388,-0.8045807131168465,-6.6082987137832685,7.550000000000001,-0.0015874870093541145,-0.683204998292845,4.632621979414636,0.4297171242964466,-0.3704674860312971,0.21773986476357154,7.550000000000001,6.750752037219896,-0.992444189932167,-6.677402758400788,1.0,0.0
7.6000000000000005,0.001942628227617175,0.8527671688464772,4.663301595172349,1.8310185448386376,1.0546190147437393,1.4967991332453219,7.6000000000000005,6.837243414489115,0.8106173133785063,-6.789020332877622,7.6000000000000005,0.0022967828821998733,1.0082325624965718,4.663301595172349,0.35641935975118927,-0.1127006925602945,0.3381320953442274,7.6000000000000005,6.915906192024244,0.6444346811228108,-6.885816029973893,1.0,0.0
7.65,0.005605129189362109,2.509400223330997,4.693981210930062,1.9136668669209482,1.7628803575207326,0.7445627727858896,7.65,7.014252497969376,2.4616672586778443,-6.568099604362218,7.65,0.006047679612734593,2.707528775542391,4.693981210930062,0.2581246821727076,0.11764661871813344,0.2297555758865309,7.65,7.077503210222015,2.319431198635854,-6.686650178190689,1.0,0.0
7.7,0.00932917038025961,4.259074141211061,4.724660826687775,2.0097785416418024,1.961882020352555,-0.43615218062188654,7.7,7.187910875667876,4.047351111220952,-5.94011883206414,7.7,0.009452343608770591,4.315306784742865,4.724660826687775,0.16132477745729396,0.16100354288647867,0.010175608072604302,7.7,7.235356773203781,3.9298777124184543,-6.075067802171637,1.0,0.0
7.75,0.011960027257997163,5.567205813171773,4.755340442445488,2.1163814619984134,1.3308543796399497,-1.6455689328872571,7.75,7.358010198392241,5.466319744823672,-4.925409884161426,7.75,0.01231960577886399,5.734583996220892,4.755340442445488,0.1306969754853907,0.014466858384604039,-0.12989383899750068,7.75,7.389289162262046,5.373405538544861,-5.072288166287356,1.0,0.0
7.800000000000001,0.013737459486103913,6.5191388740495855,4.7860200582032,2.246145812726968,-0.07515837047109085,-2.244888022013352,7.800000000000001,7.5243490802587205,6.623680714767933,-3.56968946414133,7.800000000000001,0.014490973335024115,6.876720378082366,4.7860200582032,0.19305016689045632,-0.17675190655663597,-0.07763459579998634,7.800000000000001,7.539131454433896,6.554582312875075,-3.7250441327559844,1.0,0.0
7.8500000000000005,0.014944881934355203,7.2293867479484595,4.816699673960914,2.416958157572605,-1.6865120083542129,-1.7312896872371768,7.8500000000000005,7.68673341772782,7.437370918221523,-1.942005267759679,7.8500000000000005,0.015849478079598352,7.66697303423639,4.816699673960914,0.2691106221893317,-0.24094211339345611,0.11986419385548029,7.8500000000000005,7.684723716235594,7.391272204652277,-2.1033482335572677,1.0,0.0
7.9,0.016033483339583286,7.905132592264804,4.847379289718626,2.6393287331591906,-2.6357258257001908,-0.13786055787188,7.9,7.844976705820064,7.8438814639028775,-0.13108430531635556,7.9,0.01632591580759372,8.049313203860201,4.847379289718626,0.3224836192546046,-0.11455149618379924,0.3014525491841159,7.9,7.825915192518979,7.8202896529960215,-0.2966788562448208,1.0,0.0
7.95,0.01706059794251545,8.57226590962157,4.878058905476339,2.9081717642668745,-2.2491244418879166,1.8436111996246582,7.95,7.998900349360526,7.802935991609988,1.7597149513024581,7.95,0.01590217553124186,7.990205129655844,4.878058905476339,0.3424960091547346,0.11429029086827051,0.32286412885324717,7.95,7.962564488110622,7.801957082229375,1.5911941787133557,1.0,0.0
8.0,0.01639033336419464,8.391850682467656,4.908738521234052,3.2029225120105504,-0.5131902428882315,3.1615420909025227,8.0,8.148333967372507,7.3007855438492655,3.6185462393837327,8.0,0.014611537788381942,7.481107347651554,4.908738521234052,0.3273610429343927,0.28146888315609425,0.16715418106034402,8.0,8.094539740253099,7.323243893590268,3.4484304373917056,1.0,0.0
8.05,0.01401005723952252,7.308488210826474,4.9394181369917645,3.493569381634786,1.8093790714412545,2.988507052045627,8.05,8.293115688965871,6.351869085159878,5.33193463534223,8.05,0.012536022590037596,6.539543111321837,4.9394181369917645,0.2809688364105982,0.276657829676623,-0.04902991242645816,8.05,8.22171878016764,6.399253623726075,5.1619969739810925,1.0,0.0
8.1,0.011480034816975999,6.100961183168541,4.970097752749477,3.7476758618192414,3.5362339837630477,1.2410171543302368,8.1,8.43309243925364,4.998693319986422,6.791915280811447,8.1,0.00980118103569184,5.208749450789106,4.970097752749477,0.21225672773351448,0.12429454232499827,-0.17205750555078528,8.1,8.343989282310575,5.072932596904285,6.624765053236205,1.0,0.0
8.15,0.008999850503867974,4.87200944625934,5.00077736850719,3.935699617103552,3.7132367108440745,-1.304455673953288,8.15,8.568120213989312,3.3099016460635218,7.9029889975096275,8.15,0.006568416109495916,3.555768545118889,5.00077736850719,0.13760903634671365,-0.043562663607934836,-0.13053176327489438,8.15,8.461248900111029,3.412989565272783,7.742366251797264,1.0,0.0
8.200000000000001,0.005342360238276543,2.9456064798580615,5.031456984264903,4.034317806659322,2.1699885034607203,-3.40101015287764,8.200000000000001,8.698064341752849,1.3766220794900044,8.58843611745078,8.200000000000001,0.0030251411398611833,1.6679660200029813,5.031456984264903,0.09652590848471143,-0.09522520076276465,0.015792787863137155,8.200000000000001,8.573405387161475,1.510133902958676,8.439358715432364,1.0,0.0
8.25,0.001193042162623514,0.6699118155968942,5.062136600022616,4.028257806603363,-0.36131525873440146,-4.012020967077144,8.25,8.822799732630031,-0.6927003633526118,8.795564866949007,8.25,-0.0006264296282876597,-0.3517500242464629,5.062136600022616,0.13076321417161568,-0.00041970874841792537,0.13076254060340955,8.25,8.680376702991406,-0.5281481028999794,8.664294506031007,1.0,0.0
8.3,-0.0033690750151319604,-1.9263932956772587,5.092816215780329,3.9110672563797584,-2.6457248942235974,-2.8803796395634076,8.3,8.942211112431307,-2.7786779827379893,8.499534590054745,8.3,-0.004181155217405011,-2.3907301982943596,5.092816215780329,0.18945299419340073,0.15284166382169856,0.11194580299886019,8.3,8.782091102692018,-2.583961052188677,8.393346735167938,1.0,0.0
8.35,-0.008424868315066865,-4.904814057162033,5.123495831538041,3.685069587254618,-3.6276558997553368,-0.6479587455071664,8.35,9.056193241585401,-4.7581686566918915,7.705482922141349,8.35,-0.0074427925873602595,-4.333066386538085,5.123495831538041,0.23564102044797924,0.23347778959395193,-0.03185611847176738,8.35,8.878487209779776,-4.536116652047261,7.632246121112881,1.0,0.0
8.4,-0.01257337218889735,-7.452287989848216,5.154175447295755,3.3606524705746343,-2.988816256879654,1.5365423556125246,8.4,9.164651117921807,-6.511826703477467,6.448793925774276,8.4,-0.010235077503201254,-6.066371376457396,5.154175447295755,0.25830847348547115,0.1712909050609352,-0.19334604551890902,8.4,8.969514071791785,-6.267550562112874,6.4163847013274875,1.0,0.0
8.450000000000001,-0.01527022015843339,-9.213304511588468,5.184855063053467,2.95502076285816,-1.26066908358139,2.672613172650483,8.450000000000001,9.267500162626407,-7.931535909054358,4.79346402799288,8.450000000000001,-0.012411428354602152,-7.48844926060611,5.184855063053467,0.2546450666420353,0.00802827912331233,-0.2545184800745219,8.450000000000001,9.05513119819833,-7.6725692596043364,4.809062483806931,1.0,0.0
8.5,-0.01739329481614542,-10.681657178965306,5.21553467881118,2.4905798646625716,0.5488414506742687,2.4293540549463755,8.5,9.364666388717486,-8.927246856834966,2.8286463421759223,8.5,-0.013862736792681482,-8.513453232805515,5.21553467881118,0.2264077119400528,-0.14049077231499818,-0.1775465992923133,8.5,9.13530858029911,-8.663464413418541,2.897972949272828,1.0,0.0
8.55,-0.01702530459293125,-10.641264412990672,5.246214294568893,1.9932016037914075,1.5610534347193084,1.2393404727142938,8.55,9.45608655144586,-9.432774954206913,0.6635733054622094,8.55,-0.014522799148243419,-9.077132506479673,5.246214294568893,0.17904591947116774,-0.1767106001844885,-0.028823689245371344,8.55,9.210026692841323,-9.176070749701742,0.7901375065884338,1.0,0.0
8.6,-0.0156002802644535,-9.922651863887234,5.2768939103266055,1.4908693473814751,1.4899651198696222,-0.05191678469982909,8.6,9.541708280073717,-9.410179343476024,-1.578835528370354,8.6,-0.014371170373323859,-9.140869142974879,5.2768939103266055,0.12221751466935415,-0.09396793532681327,0.07814824388538515,8.6,9.279276477160616,-9.173909723470038,-1.3944003461015881,1.0,0.0
8.65,-0.013047507088107526,-8.444537407214355,5.307573526084319,1.014207177259103,0.7050187874221371,-0.7290848426525525,8.65,9.621490190532555,-8.852432048685467,-3.7692864457242568,8.65,-0.013433764554887283,-8.694528888729666,5.307573526084319,0.07635442150710729,0.025005017631843207,0.07214393097770747,8.65,9.343059305700708,-8.650651050077348,-3.5297299612911264,1.0,0.0
8.700000000000001,-0.00948726565315602,-6.2473928944002015,5.338253141842031,0.6061078231395806,-0.09862069734912252,-0.5980306441357114,8.700000000000001,9.6954019785013,-7.784195347445309,-5.779889472778672,8.700000000000001,-0.011780521052565043,-7.757508454677241,5.338253141842031,0.08162124520211732,0.07779862974189501,-0.024686046233200015,8.700000000000001,9.401386927815256,-7.630731305333523,-5.491631443596567,1.0,0.0
8.75,-0.006329922053397673,-4.24055325061602,5.368932757599744,0.3762574509547955,-0.376172440635833,-0.007997768756414027,8.75,9.763424492482057,-6.2606462479919704,-7.491913398985775,8.75,-0.009520410191618247,-6.377931046338006,5.368932757599744,0.12273012439008796,0.022387056204663896,-0.12067105347719345,8.75,9.454281396796091,-6.168086240768016,-7.16506446979041,1.0,0.0
8.8,-0.004258943393935262,-2.9023506725518518,5.399612373357457,0.4641383181084168,-0.04680156982609006,0.4617726620300552,8.8,9.82554978648245,-4.364412051223259,-8.803029935981275,8.8,-0.006794226426028937,-4.630075070998793,5.399612373357457,0.16090887306299353,-0.09453994958944152,-0.1302070019700493,8.8,9.501774978106216,-4.343073399667208,-8.451120705543644,1.0,0.0
8.85,-0.002604422547959876,-1.8052662323613982,5.43029198911517,0.6710819564835033,0.5282413295761932,0.41389864706870244,8.85,9.881781151940524,-2.2008019711871953,-9.63359068148868,8.85,-0.0037656566148858003,-2.6101804159416284,5.43029198911517,0.18362568409220653,-0.17929105958692998,-0.03966242315500599,8.85,9.543910038823688,-2.2577761647339813,-9.273007366497595,1.0,0.0
8.9,-0.0013454224635332298,-0.9484811286945576,5.460971604872882,0.8556159450164899,0.8460991203514462,-0.12725927827459207,8.9,9.932133128550616,0.10837133639404746,-9.9315418811331,8.9,-0.0006112091206668432,-0.4308834825873838,5.460971604872882,0.18735265619951388,-0.16627641751201644,0.08633174829912134,8.9,9.580738918324247,-0.029982046790851574,-9.580692005171812,1.0,0.0
8.950000000000001,0.00036205377847417963,0.25956264447254046,5.491651220630596,0.9922777899824861,0.6164737278786924,-0.7775444394553116,8.950000000000001,9.976631493665781,2.4319968913477386,-9.675668818271886,8.950000000000001,0.002490352563524093,1.7853770226662142,5.491651220630596,0.17246300011075555,-0.06664711226394149,0.15906492018694773,8.950000000000001,9.612323780246138,2.2137897124233046,-9.353924500735193,1.0,0.0
9.0,0.003600005054278472,2.6244036845690064,5.522330836388308,1.0821508663066892,-0.06186120264441604,-1.0803812702262587,9.0,10.015313229965047,4.637449215499241,-8.876968168692414,9.0,0.005368413098661359,3.9135731489241308,5.522330836388308,0.14211496656131237,0.045057550744487446,0.13478308811431378,9.0,9.63873644579016,4.345778493179918,-8.603455675460786,1.0,0.0
9.05,0.006304174058756416,4.672764923418042,5.553010452146021,1.13347532554739,-0.7926499808977844,-0.8102297954330633,9.05,10.048226471080556,6.598467651174023,-7.5780657077208025,9.05,0.00787014371511088,5.8334892329231645,5.553010452146021,0.10208137569795277,0.09179957430055272,0.04464801700662509,9.05,9.66005820841187,6.244528326865019,-7.370386052635636,1.0,0.0
9.1,0.008547527578648588,6.441168904969794,5.583690067903734,1.1560385725333158,-1.1517759368880436,-0.09918352882679572,9.1,10.075430424881423,8.202643997838925,-5.85072044207748,9.1,0.009868790966830413,7.43683467766536,5.583690067903734,0.06291212771788146,0.052523199940239976,-0.0346301787755796,9.1,9.676379629960662,7.80202747820077,-5.723695482161658,1.0,0.0
9.15,0.010410677346352986,7.975212597289848,5.6143696836614465,1.1583932679654776,-0.9450768594898028,0.6698542325943985,9.15,10.096995274106655,9.358058660365216,-3.791576410214585,9.15,0.011269817200820605,8.633366025950684,5.6143696836614465,0.05029825382424351,-0.026408179299560453,-0.04280797126529466,9.15,9.687800318312902,8.930008935410545,-3.756117066997703,1.0,0.0
9.200000000000001,0.011743146477661564,9.14424724439733,5.64504929941916,1.1464381324004091,-0.29841776582867163,1.1069178959884793,9.200000000000001,10.113002054029439,9.99866210311205,-1.5164322248602309,9.200000000000001,0.012015092854348028,9.35600862456656,5.64504929941916,0.07470303178892221,-0.07222231029506013,0.019091381670816147,9.200000000000001,9.694428686533064,9.565035653053338,-1.5786198130308913,1.0,0.0
9.25,0.013082742107891163,10.354377124859548,5.675728915176872,1.1232460368585395,0.4491472987335038,1.0295379368235114,9.25,10.12354250681847,10.088080223711383,0.8466110602417675,9.25,0.01208492944449325,9.564655174248697,5.675728915176872,0.1040505568303977,-0.04396070281793085,0.09430787339596514,9.25,9.696381693578308,9.672073847902524,0.6861526275404092,1.0,0.0
9.3,0.013615905899934591,10.952049221953692,5.706408530934585,1.0899295381938907,0.9538331486991004,0.5273980685121131,9.3,10.128718912239437,9.621623659600477,3.1646966610045215,9.3,0.011497853263631104,9.248378757574526,5.706408530934585,0.12427129897347615,0.038015056915609545,0.11831403634505105,9.3,9.693784566538882,9.246354589532523,2.9110798730193377,1.0,0.0
9.35,0.012792512116078864,10.456604200874906,5.737088146692298,1.046994731282449,1.038726651743325,-0.1313198777463225,9.35,10.128643894310631,8.626395160799305,5.307987722997703,9.35,0.010308216741673024,8.425940230224807,5.737088146692298,0.1315465982545545,0.11180228594095286,0.06931634995239275,9.35,9.686770504378797,8.313431834869819,4.971958762045003,1.0,0.0
9.4,0.010360062816621997,8.604902414481165,5.767767762450011,0.9955213128502695,0.7409369828944017,-0.6648872624125577,9.4,10.123440203491572,7.159508411415561,7.1571978357831725,9.4,0.008601864707985945,7.1445711966177985,5.767767762450011,0.12550346152300265,0.1242543456734803,-0.017662854681819613,9.4,9.6754803631101,6.927456828181797,6.7546474482837775,1.0,0.0
9.450000000000001,0.0076603480046963015,6.464633751664751,5.798447378207723,0.9376990705384501,0.24039602175914007,-0.9063604689145772,9.450000000000001,10.113240473942495,5.304548259085752,8.61042395302455,9.450000000000001,0.0064901755711437355,5.477115142252501,5.798447378207723,0.10789411855572294,0.07097712099783682,-0.08126123992270133,9.450000000000001,9.660062322299572,5.167797226806483,8.161536368437197,1.0,0.0
9.5,0.004232522276053516,3.6288587864313833,5.829126993965437,0.8765741433880796,-0.25668069631380314,-0.838151089599248,9.5,10.09818695534597,3.1665087382323067,9.588879089644312,9.5,0.0041028777840432205,3.5177048400940563,5.829126993965437,0.08224351409599134,-0.003863786995663337,-0.08215270391721548,9.5,9.640671532770638,3.134227604776747,9.116971258275939,1.0,0.0
9.55,0.00034535335329042525,0.3007972018931387,5.859806609723149,0.8151634446075696,-0.6036031225782834,-0.5478637712408295,9.55,10.078431218731142,0.8655348929290049,10.04119640181472,9.55,0.0015800679787880269,1.3762137309282139,5.859806609723149,0.054398659982233054,-0.04474268870055147,-0.030940362242678227,9.55,9.617469745326435,0.9410001444686816,9.571323995685196,1.0,0.0
9.600000000000001,-0.0039907557864816146,-3.5307653115085995,5.890486225480862,0.7553528255020397,-0.7381057242589016,-0.16049246340609652,9.600000000000001,10.054133835686185,-1.4701381865552183,9.94606962062512,9.600000000000001,-0.0009362727949322048,-0.8283542474971396,5.890486225480862,0.03674943726600176,-0.027670891957239176,0.024183524922115784,9.600000000000001,9.590624920284435,-1.2898344355128797,9.503494804046877,1.0,0.0
9.65,-0.007204067437797555,-6.473806430271322,5.921165841238575,0.6971556176516761,-0.6653911397183776,0.2080398673513528,9.65,10.025464030287955,-3.7116143213341264,9.313100888118038,9.65,-0.0033104035421977224,-2.9748349697326666,5.921165841238575,0.044679099462350026,0.02445069946573973,0.03739498929539413,9.65,9.560310817579856,-3.4354486528894914,8.921728278875914,1.0,0.0
9.700000000000001,-0.009998984571487865,-9.125803245813547,5.9518454569962875,0.6388084621384768,-0.43455446617989757,0.46822928915524914,9.700000000000001,9.992599303020768,-5.736685070572679,8.181838743937677,9.700000000000001,-0.005419985194096068,-4.946674147051242,5.9518454569962875,0.06353289060299858,0.06353287909942519,3.823232147241898e-05,9.700000000000001,9.526706567167528,-5.379184526260035,7.862729287553878,1.0,0.0
9.75,-0.011514403552543136,-10.672232880207911,5.982525072754001,0.5777418940042557,-0.12521473748934395,0.5640097211955653,9.75,9.95572502590106,-7.436665139371906,6.619099062274509,9.75,-0.007162119826278811,-6.638277905859887,5.982525072754001,0.07872217005115623,0.05541273881877533,-0.05591608385934541,9.75,9.489996219431553,-7.017020783411557,6.389166422155195,1.0,0.0
9.8,-0.011105363811742347,-10.452279576701406,6.013204688511713,0.5119655907584101,0.16464261088028834,0.48476961208715397,9.8,9.915034007974619,-8.722322366889756,4.7147631867727915,9.8,-0.008458011313573972,-7.9606125842453155,6.013204688511713,0.08593081451168763,0.005011041731820042,-0.08578458103531207,9.8,9.450368275302312,-8.263196216302736,4.585744086810833,1.0,0.0
9.850000000000001,-0.009860404309686443,-9.42330860979505,6.043884304269426,0.4412649341260696,0.34434468466338525,0.2759374571046097,9.850000000000001,9.870726030311209,-9.528574636384116,2.576334171709987,9.850000000000001,-0.009256079542759386,-8.845772577758124,6.043884304269426,0.0842818700432805,-0.05053388016076703,-0.06745191304840553,9.850000000000001,9.408015195784534,-9.054684034712428,2.5541039437807855,1.0,0.0
9.9,-0.007671621665961418,-7.443766830860699,6.074563920027139,0.3678565682758163,0.36671697433740374,0.028932949322187623,9.9,9.823007349591965,-9.817708660753828,0.3225988882451885,9.9,-0.009533456773184908,-9.250303573564544,6.074563920027139,0.074585987140086,-0.07276036893680186,-0.016401164283109705,9.9,9.363132890621388,-9.354288210432363,0.40687787308001633,1.0,0.0
9.950000000000001,-0.005571284505909804,-5.488132388248538,6.105243535784852,0.2964905988709687,0.25155426031814015,-0.15693033274245946,9.950000000000001,9.772090169372913,-9.580970666866131,-1.9232127700817367,9.950000000000001,-0.009295886576812783,-9.157144307668034,6.105243535784852,0.058863517730721064,-0.0510911808940201,0.029233627118259345,9.950000000000001,9.31592018586217,-9.152220149328592,-1.7387453084273115,1.0,0.0
10.0,-0.0042040356990068984,-4.204035699006899,6.135923151542564,0.23412660909588567,0.07405515412064752,-0.22210606303049182,10.0,9.718192078118433,-8.838480118722442,-4.040362169181371,10.0,-0.00857612827523874,-8.57612827523874,6.135923151542564,0.04034279205009272,-0.008184460625369655,0.039503866578713506,10.0,9.266578270169049,-8.466106797563997,-3.7675600233320634,1.0,0.0
10.05,-0.002610946532308899,-2.6503068776517726,6.166602767300278,0.18891620171889925,-0.07921431154851516,-0.1715063384187028,10.05,9.661535453138146,-7.637518224274458,-5.917227618244956,10.05,-0.00743104749390161,-7.543071463753115,6.166602767300278,0.025024461255395952,0.020488187753164057,0.014368640287581544,10.05,9.215310119795905,-7.339473600245409,-5.572617686089144,1.0,0.0
10.100000000000001,-0.0020506949355300953,-2.1128330427715936,6.19728238305799,0.16710212544240105,-0.15674779776015899,-0.05790723810291969,10.100000000000001,9.602346829635918,-6.049336799900552,-7.457250761372311,10.100000000000001,-0.00593776450825217,-6.117684710616722,6.19728238305799,0.024454570778979036,0.01483307610727764,-0.019442373445127642,10.100000000000001,9.162319902303578,-5.8388319936069095,-7.060888537753631,1.0,0.0
10.15,-0.0027524484674980717,-2.8781758407646243,6.227961998815704,0.1686219766587517,-0.15700771212032957,0.061497555618449704,10.15,9.540856234198245,-4.164714557364051,-8.583885503507107,10.15,-0.004188986333560231,-4.3803324221744715,6.227961998815704,0.03555967460344785,-0.016191580163787717,-0.0316594881465688,10.15,9.107812359245427,-4.049576370897762,-8.158013066150989,1.0,0.0
10.200000000000001,-0.003007093306003739,-3.1911514730776167,6.258641614573416,0.1895247383489366,-0.10415653320240849,0.15833838144141948,10.200000000000001,9.477296482218781,-2.0885525078421843,-9.244300786639442,10.200000000000001,-0.0022874717135777656,-2.4274832822224344,6.258641614573416,0.0460803469749766,-0.04446935517600973,-0.01207786519067553,10.200000000000001,9.051992168268315,-2.0709556889784357,-8.81190698706465,1.0,0.0
10.25,-0.002485729907676265,-2.6768592338586856,6.2893212303311286,0.22901183977516404,-0.011858699421456596,0.22870459987773956,10.25,9.411902438984226,0.06615528391714742,-9.411669936805426,10.25,-0.0003401239279964788,-0.36627626939758307,6.2893212303311286,0.05194552387988019,-0.04628976372284851,0.023571067554060025,10.25,8.995063285330676,-0.010427186462961919,-8.995057241668135,1.0,0.0
10.3,-0.0009196870666459252,-1.0049668892748023,6.320000846088842,0.28881581186459526,0.12594540162656986,0.2599083088170274,10.3,9.344910244442273,2.1846167020115077,-9.085967055959124,10.3,0.0015479165159488363,1.6914501707232246,6.320000846088842,0.05225453602507886,-0.020165274267702486,0.048206827824537474,10.3,8.937228268043285,2.022277564672024,-8.70542604164415,1.0,0.0
10.350000000000001,0.0009902203774069696,1.097875032620354,6.350680461846554,0.36836613771354665,0.30379080662318525,0.20833808395305467,10.350000000000001,9.276556502042276,4.156442963098789,-8.29327935319252,10.350000000000001,0.003278853609200565,3.6353236060289325,6.350680461846554,0.047361746454868646,0.014167219845508661,0.04519319538497237,10.350000000000001,8.878687581491336,3.921041190892051,-7.965960654500894,1.0,0.0
10.4,0.0031542816703672106,3.548137896855942,6.381360077604267,0.4632114879757051,0.462602392472606,0.023746769702168352,10.4,9.207077432489898,5.881417577227466,-7.083727982506428,10.4,0.0047671969232293025,5.362448199851406,6.381360077604267,0.03840797948106375,0.0328512611951198,0.01989893277811225,10.4,8.819638888297916,5.588886679467876,-6.822783581797348,1.0,0.0
10.450000000000001,0.004766485079534833,5.439351308083084,6.41203969336198,0.566374720392705,0.4882965183493889,-0.2869613807950115,10.450000000000001,9.136707993794023,7.274533312281141,-5.528164076108049,10.450000000000001,0.00594385356255326,6.782924337546351,6.41203969336198,0.027173172234519285,0.026323315571535364,-0.006742725458463634,10.450000000000001,8.760276325137353,6.942857342620821,-5.342206773682405,1.0,0.0
10.5,0.006017477258699916,6.96598211160249,6.442719309119693,0.6701924292134857,0.2774606261530585,-0.6100602372797507,10.5,9.06568096960975,8.270052052849385,-3.713867322065511,10.5,0.006759161594145575,7.824574440422771,6.442719309119693,0.016504418783489697,0.004802414757645868,-0.015790270798069068,10.5,8.700789768397813,7.9180139766069155,-3.6067710296210405,1.0,0.0
10.55,0.006559144558858626,7.7020189256179235,6.473398924877405,0.7678629180130568,-0.16263152006128587,-0.7504428356257937,10.55,8.994226028596179,8.824407976848132,-1.7395188161144026,10.55,0.007184743098827888,8.436622615389423,6.473398924877405,0.012642235969596058,-0.011892206526749235,-0.004289703280658379,10.55,8.6413640922196,8.470370381380828,-1.710555166175204,1.0,0.0
10.600000000000001,0.00781264141932685,9.30498093268099,6.504078540635119,0.8547206155504806,-0.6588094642565833,-0.5445341315775772,10.600000000000001,8.922568758308083,8.91784649450484,0.29025359116332006,10.600000000000001,0.007214126545978882,8.592140142285588,6.504078540635119,0.018023266025966052,-0.010588793748881595,0.014584771687838933,10.600000000000001,8.582178422689662,8.578652803168971,0.24597268458343519,1.0,0.0
10.65,0.008004794955913455,9.669389065197551,6.534758156392831,0.9292200961044079,-0.9292183319485926,0.001810683561615863,10.65,8.850929678018916,8.554765243093149,2.2704510126407595,10.65,0.006862159297072316,8.28914274958877,6.534758156392831,0.02446373700666539,0.00608933970385698,0.02369376226567492,10.65,8.52340539254187,8.244835854135111,2.1612776832188807,1.0,0.0
10.700000000000001,0.008777839570532336,10.753230921003647,6.565437772150545,0.9934349595093254,-0.7468449345933877,0.6550844697040935,10.700000000000001,8.779523235816352,7.7627946777055605,4.101103149157,10.700000000000001,0.006163297481925575,7.5503044371505545,6.565437772150545,0.028441477665303673,0.0238103939684316,0.015555796053370064,10.700000000000001,8.465210401281967,7.49347317896536,3.937974968698911,1.0,0.0
10.75,0.008938048779798827,11.103710067741645,6.596117387908257,1.05273297241536,-0.11483431491036063,1.0464510458351826,10.75,8.708556796302565,6.590720519617862,5.69221964673849,10.75,0.005168918570769088,6.421331387595904,6.596117387908257,0.029207392430426814,0.029030061805216344,-0.0032136092124389836,10.75,8.407750886208305,6.36990209087588,5.4876791375946565,1.0,0.0
10.8,0.00817132561671019,10.293516935277228,6.62679700366597,1.1143017217260407,0.6750838639949877,0.8865269897838507,10.8,8.638229626245801,5.105405317127863,6.968059100179419,10.8,0.003943848724522135,4.968113564465228,6.62679700366597,0.026893161513008326,0.01917985456701956,-0.018851400875073743,10.8,8.351175610314687,4.937454667168888,6.735256155779604,1.0,0.0
10.850000000000001,0.006649950996791803,8.493910089985082,6.657476619423683,1.1846030656383089,1.1715245059948434,0.17554131984583468,10.850000000000001,8.568731886537858,3.38790930469033,7.870529631896657,10.850000000000001,0.0025623303638901795,3.27283670845422,6.657476619423683,0.022084234632013915,0.003010146835397227,-0.021878126869345805,10.850000000000001,8.295623973518307,3.273851143942167,7.622288094615699,1.0,0.0
10.9,0.002941116216425389,3.8088307926411558,6.6881562351813955,1.2666412748235654,1.0273241492246175,-0.7409353625698958,10.9,8.500243639778533,1.5290402194272743,8.361589438795066,10.9,0.001103674229364455,1.429290133579621,6.6881562351813955,0.015623075628594914,-0.007787595663798089,-0.013543775170682271,10.9,8.241225354031092,1.466983401688014,8.109608809005325,1.0,0.0
10.950000000000001,-0.000183159990398834,-0.2404766811993184,6.718835850939108,1.358433485266842,0.2400156582127319,-1.3370617105081308,10.950000000000001,8.432933883692753,-0.37542270934042454,8.424573085684807,10.950000000000001,-0.000352155657735045,-0.4623565640797599,6.718835850939108,0.008459171986984187,-0.00790283007250424,-0.0030170958802299658,10.950000000000001,8.188098486963803,-0.3896838302907952,8.17882041278746,1.0,0.0
11.0,-0.0038846045989696805,-5.170408721228645,6.749515466696821,1.4534534818865272,-0.7979314616525955,-1.2148384281512592,11.0,8.366959621345627,-2.2295833350013887,8.064426294381532,11.0,-0.001728785548876502,-2.301013565554624,6.749515466696821,0.001660882291775102,-0.0012571222398298132,0.0010854370830487544,11.0,8.136350887397025,-2.201858706009088,7.832753283591814,1.0,0.0
11.05,-0.00696258614632751,-9.394148382998102,6.780195082454534,1.5425700155130806,-1.4978649902175725,-0.3686769912003421,11.05,8.302464979709157,-3.942124786034233,7.306885582149999,11.05,-0.002957273516410451,-3.9900499093894544,6.780195082454534,0.004703220301348858,0.0038434566093261263,-0.002710742056199254,11.05,8.086078325151782,-3.8790833664109763,7.094883714122673,1.0,0.0
11.100000000000001,-0.008441251177328113,-11.54451678890043,6.810874698212247,1.6163996448402185,-1.4199443394956914,0.7723379341801934,11.100000000000001,8.239580388507136,-5.430631285411089,6.196686922911768,11.100000000000001,-0.003979367063008449,-5.44230575574931,6.810874698212247,0.009213949217304429,0.002175556448295297,-0.008953424725731806,11.100000000000001,8.037364358328535,-5.339092994269198,6.007770953280047,1.0,0.0
11.15,-0.00836590792759311,-11.59678705985937,6.84155431396996,1.667289051865643,-0.5541738138366878,1.572496157874077,11.15,8.178421831379332,-6.625349096535107,4.794927841065336,11.15,-0.00475019612881751,-6.584702279207802,6.84155431396996,0.011972136663463511,-0.004727605868251802,-0.010999172652664306,11.15,7.990279932345088,-6.511678407554692,4.6306174225282986,1.0,0.0
11.200000000000001,-0.007297350336702016,-10.252251813842093,6.872233929727672,1.6906457472313514,0.6473953323172925,1.5617817793549895,11.200000000000001,8.119090181226193,-7.472235817786912,3.1757388517108773,11.200000000000001,-0.005240086986235355,-7.361944929397667,6.872233929727672,0.01292342879018663,-0.011048615658378962,-0.006703961793480622,11.200000000000001,7.944883050685465,-7.341887913499853,3.0360909990766,1.0,0.0
11.25,-0.00592510338560028,-8.436328843950399,6.902913545485386,1.6856017450795426,1.5219036846778224,0.7246119082510765,11.25,8.061670631093335,-7.935186888873411,1.422442407580825,11.25,-0.005435449250172697,-7.739145514406047,6.902913545485386,0.012263475422547947,-0.01224876334551914,0.0006005213942103382,11.25,7.901218522874298,-7.792439572418306,1.306575545623409,1.0,0.0
11.3,-0.0044614233611608755,-6.437374383548945,6.933593161243098,1.6550393009832334,1.5839919912196272,-0.4797128928339846,11.3,8.006232231114662,-7.997369557921687,-0.37660946956595137,11.3,-0.005338756992405775,-7.703276448071316,6.933593161243098,0.010384342755036174,-0.008565667034966768,0.005870598155227104,11.3,7.859317794322887,-7.845253914563599,-0.46996511379558975,1.0,0.0
11.350000000000001,-0.0031975377600099546,-4.675233071808816,6.964272777000811,1.6049713091672595,0.8126641131595296,-1.3840194877358853,11.350000000000001,7.952827540851845,-7.661635770941872,-2.1323234294908358,11.350000000000001,-0.00496766978183899,-7.2634057193453225,6.964272777000811,0.00786218785055443,-0.003824320817064868,0.006869393574804839,11.350000000000001,7.819198861669939,-7.502057788830614,-2.2043139003749874,1.0,0.0
11.4,-0.002643589857329849,-3.916594691587894,6.994952392758524,1.543252933566646,-0.3414088955903489,-1.5050148115463307,11.4,7.901492404859228,-6.950024896350957,-3.7590871450592815,11.4,-0.004353385326118789,-6.449731909599335,6.994952392758524,0.0055722157767805055,-0.0013665820091541916,0.0054020405658656125,11.4,7.780866276085629,-6.7840508290540065,-3.8103194557856024,1.0,0.0
11.450000000000001,-0.002522485290724955,-3.7865622636222245,7.0256320085162365,1.4776901115205914,-1.2304653931835658,-0.818243840101073,11.450000000000001,7.852245857496094,-5.902403655944862,-5.178744644105683,11.450000000000001,-0.0035383535011415455,-5.31150603416504,7.0256320085162365,0.004839364575435086,-0.0011785850337457239,0.004693653887133839,11.450000000000001,7.744311235752003,-5.73066561728182,-5.2090141196870166,1.0,0.0
11.5,-0.0022020181657869562,-3.348994377891237,7.056311624273949,1.413876660014894,-1.3917846643523386,0.24896316556575288,11.5,7.805090160948516,-4.574323214880052,-6.32415998740898,11.5,-0.0025735100418499382,-3.9139870848985248,7.056311624273949,0.005923492816518237,-0.0006761598990581711,0.005884774841763175,11.5,7.70951176741162,-4.397489807366942,-6.3323498865715,1.0,0.0
11.55,-0.0017622996264363927,-2.7153492818261147,7.086991240031662,1.353464381637622,-0.8006886781174118,1.091221092673846,11.55,7.760010978170309,-3.0342015018396875,-7.142225957469947,11.55,-0.0015152058591953036,-2.3346274832415324,7.086991240031662,0.007379805217955307,0.0020565694077784693,0.0070874570422648836,11.55,7.676432995529377,-2.8534522223175514,-7.1263899661612085,1.0,0.0
11.600000000000001,-0.0012017360372403945,-1.8757849735843835,7.117670855789375,1.2936957910812674,0.15200466135525922,1.2847347519187216,11.600000000000001,7.716977680078938,-1.359962133343464,-7.596199543897488,11.600000000000001,-0.0004220144197342015,-0.6587206197054365,7.117670855789375,0.008265263448705689,0.005990630338778642,0.005694464682532956,11.600000000000001,7.645027496281248,-1.1774043749108183,-7.553817866273795,1.0,0.0
11.65,-0.00020977922235779843,-0.3316960099002159,7.148350471547088,1.2285431218330993,0.9248407973814072,0.8086950610102304,11.65,7.67594378392835,0.3647203973359471,-7.667274092256998,11.65,0.0006484048139982724,1.0252363755858083,7.148350471547088,0.008218617922794536,0.008092316622704463,0.001435302141982869,11.65,7.615235732309849,0.5457467843021965,-7.5956550544421475,1.0,0.0
11.700000000000001,0.0009312403890157909,1.4914867131727483,7.179030087304801,1.1509513929621773,1.1509355441541207,0.006040046707949206,11.700000000000001,7.6368475174107715,2.0544064605704393,-7.355328279482126,11.700000000000001,0.0016422232505237599,2.6302061069411113,7.179030087304801,0.0071309978670386345,0.0064819804142563844,-0.0029723829647113416,11.700000000000001,7.586986563010009,2.229180495053376,-7.252111377231325,1.0,0.0
11.75,0.001757223092109529,2.8506277045638693,7.209709703062513,1.0552402589433674,0.8189196782735791,-0.6655092521003467,11.75,7.599612500797833,3.6259372614808854,-6.6788239337541455,11.75,0.0025119994586632406,4.0750518718249005,7.209709703062513,0.005043827808809807,0.002611079473536516,-0.004315375180421676,11.75,7.560197824063116,3.7883915727663604,-6.54252859606754,1.0,0.0
11.8,0.002332408470252298,3.8322217536955745,7.240389318820227,0.9389997066296875,0.21559259839283085,-0.9139148103455085,11.8,7.564148537396628,5.002367844134135,-5.67385751035152,11.8,0.003218763147127261,5.2885308511507985,7.240389318820227,0.002147022634565994,0.00016827941572535572,-0.0021404177703387337,11.8,7.5347769690568915,5.145315612858757,-5.504415610898406,1.0,0.0
11.850000000000001,0.0029976200328335925,4.988059593867818,7.271068934577939,0.8044511745090199,-0.30175680551817513,-0.7457107498838996,11.850000000000001,7.5303525008370915,6.1166170062307375,-4.392403121976895,11.850000000000001,0.0037335484250090125,6.212649313973315,7.271068934577939,0.0016434272192664603,0.0015749000328814855,0.000469619964924604,11.850000000000001,7.5106217653295495,6.232160091954851,-4.191613041549429,1.0,0.0
11.9,0.004103163720553999,6.914483272165057,7.301748550335652,0.6599222726136641,-0.5332033191794041,-0.38883367434887856,11.9,7.49810930627925,6.914672852248288,-2.8998176693185416,11.9,0.004038333093955258,6.80523335827655,7.301748550335652,0.005370316791572958,0.005355060212406187,-0.000404515220176777,11.9,7.487621035678847,6.994761091367112,-2.671663535821294,1.0,0.0
11.950000000000001,0.004928419568681826,8.410298093707405,7.332428166093365,0.5229306117123449,-0.5152268268276537,-0.08943009327376401,11.950000000000001,7.467292951571038,7.358207513870102,-1.2717099541200683,11.950000000000001,0.004126375461815642,7.041617946036844,7.332428166093365,0.009039502320108575,0.007051302547719662,-0.0056561236351206565,11.950000000000001,7.46565543728335,7.395302746611238,-1.0225010485093518,1.0,0.0
12.0,0.004842619608275543,8.368046683100138,7.3631077818510775,0.42591462530441987,-0.4218480605756958,0.058715260680068986,12.0,7.43776761372148,7.4264753950318765,0.4096953535375415,12.0,0.004001972447871658,6.9154083899222245,7.3631077818510775,0.01215994797161975,0.0031664793266842836,-0.011740431991463532,12.0,7.444598269092973,7.414261478813557,0.6713941554433581,1.0,0.0
12.05,0.004265666720472065,7.463594937351109,7.39378739760879,0.4099153111694824,-0.38666016352237825,0.13610466662102846,12.05,7.409388785782943,7.117396050911216,2.0595425786711625,12.05,0.0036796666830677467,6.438276458655142,7.39378739760879,0.014323679304030971,-0.00529219200084744,-0.013310165011407317,12.05,7.424316299049225,7.051469112263857,2.3231994893070946,1.0,0.0
12.100000000000001,0.0035554552886976954,6.29870592670058,7.424467013366503,0.4778093732460717,-0.3904413651735958,0.275422107905634,12.100000000000001,7.382004439346483,6.44775511410809,3.5945018474086448,12.100000000000001,0.003182922209874045,5.638740853046675,7.424467013366503,0.015200350569079766,-0.013009591339892075,-0.007861373327347371,12.100000000000001,7.4046706027756946,6.3262272775772095,3.8481157945218607,1.0,0.0
12.15,0.0028808904172220743,5.167203584238843,7.455146629124216,0.5874984856115196,-0.29638674648681107,0.5072567073019258,12.15,7.355456198316631,5.452493823099269,4.936906622007232,12.15,0.0025426469262785014,4.560525534875759,7.455146629124216,0.014582695848384461,-0.014487766578273905,0.0016612157535789906,12.15,7.385517405814902,5.276448788286189,5.167683768980847,1.0,0.0
12.200000000000001,0.002235820642217362,4.059910441529113,7.485826244881929,0.7029486009879327,0.004070837303331353,0.702936813600299,12.200000000000001,7.329580510405327,4.183098579531561,6.018674001176227,12.200000000000001,0.0017954816273688,3.2603217220943814,7.485826244881929,0.012428313656294957,-0.008749489328416871,0.008826631114483433,12.200000000000001,7.366708922052853,3.9568482987894407,6.21383552104658,1.0,0.0
12.25,0.0014445025699905722,2.6553794196378253,7.516505860639642,0.8058285803916037,0.45757695753153843,0.6633121655089163,12.25,7.304209803817969,2.7051450416924645,6.784811800013115,12.25,0.0009818905044365256,1.8049755618195749,7.516505860639642,0.008900975273120278,-0.0005031357817232012,0.008886743790492016,12.25,7.34809418163971,2.436252465687675,6.932471566885658,1.0,0.0
12.3,0.0003203135755911311,0.5960609624695414,7.547185476397354,0.8882187315290382,0.8405965051658418,0.2869321009263802,12.3,7.279173617841825,1.0950946429342094,7.196327972077234,12.3,0.0001441611558697326,0.26826473763984177,7.547185476397354,0.00453329973663197,0.003511892919672343,0.0028666033250002963,12.3,7.329519842455127,0.7941466982224856,7.286370299583035,1.0,0.0
12.350000000000001,-0.0007272769000322881,-1.3699372236669076,7.577865092155068,0.9478593977864698,0.8946096322845755,-0.3132268248343135,12.350000000000001,7.254299697429599,-0.5635171217730639,7.232379453098114,12.350000000000001,-0.000675603296644363,-1.2726020920836327,7.577865092155068,0.003045783483168375,0.0001512132032797269,-0.003042027546472116,12.350000000000001,7.3108309799517635,-0.8833811466473994,7.257264454818385,1.0,0.0
12.4,-0.0014714721247989122,-2.8055440684726016,7.60854470791278,0.9858007724505315,0.5130021585034769,-0.8418027965829279,12.4,7.22941504334112,-2.1843242036756974,6.891528831988111,12.4,-0.001437420548030693,-2.740620514968472,7.60854470791278,0.007695877683028844,-0.007262240570206542,-0.0025468402408842924,12.4,7.291871851013658,-2.508102694117518,6.846956693843317,1.0,0.0
12.450000000000001,-0.0021454447837606933,-4.1402388484310935,7.639224323670493,1.0049056029876577,-0.1560109479169674,-0.9927214387964215,12.450000000000001,7.204346910909866,-3.6825986166264477,6.192017590540058,12.450000000000001,-0.0021052193724091168,-4.06261260885946,7.639224323670493,0.012606718527847538,-0.011435655975241528,0.005306140259764827,12.450000000000001,7.272486628263572,-3.9942907876503435,6.077392768446355,1.0,0.0
12.5,-0.0025996233142528426,-5.077389285650083,7.669903939428206,1.0086389001972342,-0.7721613508617311,-0.6489370379524294,12.5,7.178923751989843,-4.979716431347951,5.171012521764683,12.5,-0.002648415831367757,-5.172687170640151,7.669903939428206,0.016552008083935425,-0.007133075130036423,0.014936137747085739,12.5,7.252520102024179,-5.263297711888676,4.989663818965386,1.0,0.0
12.55,-0.0027002626456646404,-5.337491372727378,7.7005835551859185,1.0000762322311292,-0.9997257664479599,0.02647380164710939,12.55,7.152976096070701,-6.007383609061546,3.88283520182579,12.55,-0.0030432156363590017,-6.015391588108703,7.7005835551859185,0.018974460446417325,0.004196536062840333,0.018504573334879572,12.55,7.231818347865075,-6.2478216985625386,3.64196658956244,1.0,0.0
12.600000000000001,-0.0026245150851985687,-5.250016988069174,7.731263170943632,0.9812521156384991,-0.7126407261867448,0.6745360700696884,12.600000000000001,7.126337367891515,-6.711387081167709,2.396240331799409,12.600000000000001,-0.0032735927108669036,-6.548416292593095,7.731263170943632,0.01953605528419731,0.015156221274503006,0.012326654564216367,12.600000000000001,7.21022935833746,-6.895622333948266,2.1066086554899788,1.0,0.0
12.65,-0.0024697624892276505,-4.999502234345262,7.761942786701344,0.9529773965748743,-0.07436238172568449,0.9500716575957358,12.65,7.098844640110583,-7.054653004971685,0.7908642132950037,12.65,-0.0033319055083186827,-6.744725092442319,7.761942786701344,0.01812666270311603,0.018126062033162457,0.00014756667131892657,12.65,7.187603638101469,-7.172468331858648,0.46620176633544,1.0,0.0
12.700000000000001,-0.002332885794667939,-4.778643602739298,7.792622402459057,0.9151354009033605,0.559682291450168,0.7240362799084337,12.700000000000001,7.070339320682858,-7.019424225390184,-0.8469838567526274,12.700000000000001,-0.0032191257939022853,-6.594002551090947,7.792622402459057,0.014895844703589888,0.011418000466317933,-0.009566371035279282,12.700000000000001,7.163794762181361,-7.064137456176962,-1.1907633664564898,1.0,0.0
12.75,-0.002379254740008556,-4.931414383076172,7.82330201821677,0.8673098425915757,0.8539543652875418,0.15161894691157715,12.75,7.040667775547428,-6.608411738650063,-2.428970361717906,12.75,-0.0029446692605413897,-6.1033331575011855,7.82330201821677,0.010324649596449,0.0007901455616944199,-0.010294370271210818,12.75,7.138659897538119,-6.577336724060369,-2.774726428144901,1.0,0.0
12.8,-0.0025441333069846695,-5.335434253009515,7.853981633974483,0.8095068799570063,0.684547734879242,-0.4320830792445198,12.8,7.009681888031482,-5.844828549318719,-3.869576126717942,12.8,-0.002525833249317427,-5.297056250472542,7.853981633974483,0.005750688812224033,-0.00506449167303596,-0.00272421473250331,12.8,7.1120602885273305,-5.739469078183659,-4.199987648579586,1.0,0.0
12.850000000000001,-0.0025986756662990597,-5.513932721803796,7.884661249732195,0.7427520399272368,0.19441802111861195,-0.7168557915511282,12.850000000000001,6.977239557035767,-4.771276028035053,-5.090854240750044,12.850000000000001,-0.0019868635461186422,-4.215775005237586,7.884661249732195,0.005931299626160425,-0.0015139874410309052,0.005734819725474506,12.850000000000001,7.083861707114801,-4.597237393931786,-5.389480961035368,1.0,0.0
12.9,-0.0022704694007038943,-4.873991687327643,7.915340865489909,0.669429765722742,-0.31273928311282617,-0.5918871108865954,12.9,6.943205136585859,-3.4475192616994885,-6.026832377702508,12.9,-0.0013576891222937576,-2.914536304247665,7.915340865489909,0.010721151657782311,0.008192028094884842,0.0069161961049254385,12.9,7.053934868956898,-3.2141442833626264,-6.27911408251302,1.0,0.0
12.950000000000001,-0.0016058352532118164,-3.4874684958452233,7.946020481247621,0.5933168602231549,-0.5630630564572447,-0.18704248468753926,12.950000000000001,6.907449819722821,-1.9472549404347566,-6.627296674281397,12.950000000000001,-0.000672380015251808,-1.4602395331255744,7.946020481247621,0.015515809735515243,0.015450598670470037,-0.0014210392228151574,12.950000000000001,7.022155816622805,-1.6670125751823435,-6.821417842876466,1.0,0.0
13.0,-0.0006980437270452316,-1.5336020683183738,7.976700097005334,0.5192875160005358,-0.46490006015345664,0.2313600188954849,13.0,6.869851969977817,-0.3540387509736107,-6.860723187260738,13.0,3.2601576237024536e-05,0.07162566299274291,7.976700097005334,0.018983672782066,0.013229683976874313,-0.013614525117263123,13.0,6.9884062713477215,-0.04171235742097018,-6.988281784004602,1.0,0.0
13.05,0.0005481094715861281,1.2181445933665955,8.007379712763047,0.4526195715695536,-0.13558155021989465,0.4318357555920728,13.05,6.8302974038409126,1.2434052536360545,-6.716167508344783,13.05,0.0007202679530490171,1.6007578016173998,8.007379712763047,0.020579275515628066,0.0018322699520050734,-0.020497545403562547,13.05,6.9525739547667165,1.5716680129755034,-6.772602472719784,1.0,0.0
13.100000000000001,0.0015872903642298185,3.5683731822117783,8.03805932852076,0.3977765706980594,0.1980960614301208,0.34494079295174995,13.100000000000001,6.788679627708457,2.756227251917905,-6.203981175297754,13.100000000000001,0.0013550377582235915,3.046248188922633,8.03805932852076,0.02008819882459942,-0.011177639823263068,-0.016691198279274056,13.100000000000001,6.914552882095261,3.0839311386792216,-6.188732527034641,1.0,0.0
13.15,0.00208688171652953,4.745424767689496,8.068738944278472,0.3567574500809039,0.3486038543459671,0.07583687047448916,13.15,6.744900032789885,4.100551864600216,-5.3552918555437,13.15,0.0019046932264455705,4.331140735017949,8.068738944278472,0.017587824968637034,-0.016881529465924697,-0.004934120997556548,13.15,6.874243628201844,4.411861908628466,-5.271688530164396,1.0,0.0
13.200000000000001,0.002526310676066715,5.810433713011813,8.099418560036185,0.3278757544454724,0.2684639517466169,-0.18822756696556925,13.200000000000001,6.698868051386988,5.202331092839942,-4.2202588037185675,13.200000000000001,0.002342053952616606,5.386649145291712,8.099418560036185,0.013467107101280719,-0.012031316281537717,0.006050653040042125,13.200000000000001,6.831553567967066,5.482998447865034,-4.075150570557262,1.0,0.0
13.25,0.002721007474515426,6.329616090366143,8.130098175793899,0.30630039795820563,0.04975887752667018,-0.3022316791745051,13.25,6.650501277839018,6.001653701785941,-2.8651911088752047,13.25,0.002646331221674951,6.1559039576453385,8.130098175793899,0.008602327589620243,-0.0015612418480358574,0.008459465931788082,13.25,6.7863970922489685,6.239794722676275,-2.668360416537947,1.0,0.0
13.3,0.002438086864059366,5.735933365600035,8.160777791551611,0.28634201210477533,-0.15937532983580785,-0.23788915934934643,13.3,6.599725557267466,6.456242601374628,-1.3686887533127252,13.3,0.0028041182752073625,6.5970724066290245,8.160777791551611,0.005641217596979752,0.005422806320810834,0.001554512008138911,13.3,6.738695800681799,6.642919777544743,-1.1320944851165977,1.0,0.0
13.350000000000001,0.0018179504677348062,4.325395691098819,8.191457407309324,0.26378100235240787,-0.2537860052379222,-0.07192413188505173,13.350000000000001,6.5464750450648035,6.543917610908203,0.18296944362845252,13.350000000000001,0.002809970149269895,6.685678730792191,8.191457407309324,0.008394087376397573,0.002950065569834803,-0.00785861412822085,13.350000000000001,6.6883786724304715,6.673488302853258,0.4460528416046037,1.0,0.0
13.4,0.0011674819592653511,2.809083012116199,8.222137023067036,0.23704536630256806,-0.2206371281894783,0.08665889077191322,13.4,6.490692239861654,6.263862304812298,1.7009158647481262,13.4,0.0026665503351953825,6.415997427714951,8.222137023067036,0.013052227299143637,-0.007066557865147268,-0.010973805055997472,13.4,6.63538221591042,6.334080890892928,1.976794480679601,1.0,0.0
13.450000000000001,0.0007834952705060383,1.9063526051730655,8.252816638824749,0.20744907767857795,-0.11858878366034196,0.1702111048658497,13.450000000000001,6.432327992484284,5.636606739689049,3.0989527045421146,13.450000000000001,0.002384345640097337,5.801443472271181,8.252816638824749,0.016912889946753103,-0.016413169294870637,-0.00408089696621931,13.450000000000001,6.579650598366337,5.648486068418873,3.3743750727298227,1.0,0.0
13.5,0.0008138088609870498,2.002274976351013,8.283496254582463,0.17909029739798596,-0.017226966103054634,0.17825982795061612,13.5,6.37134149318594,4.702718138517409,4.29865496783031,13.5,0.0019809738462646153,4.873938527003303,8.283496254582463,0.01914335575569354,-0.01717376249177278,0.008457538144473448,13.5,6.521135756087255,4.660175350546165,4.561576180607052,1.0,0.0
13.55,0.0010902112968751215,2.7122427910476716,8.314175870340176,0.15834716791578446,0.05168209842543429,0.14967560352072531,13.55,6.307700239206843,3.5202738064229853,5.23399986965058,13.55,0.00148012981753443,3.6822874968633736,8.314175870340176,0.019422909217789917,-0.008040200180264797,0.017680627351533047,13.55,6.45979748592219,3.429602018910297,5.474195242317637,1.0,0.0
13.600000000000001,0.0014109489832833358,3.5491800856939677,8.344855486097888,0.15143462771120936,0.09846618642548115,0.11505153888955579,13.600000000000001,6.241379984493301,2.1612691525620042,5.855231828118979,13.600000000000001,0.0009102335120184055,2.289652349207771,8.344855486097888,0.017747831880458018,0.004681369634198791,0.0171192965627973,13.600000000000001,6.395603518652776,2.030488832089595,6.064722538629711,1.0,0.0
13.65,0.0015229781150557257,3.873393476349722,8.3755351018556,0.15948464123020833,0.14246932566603263,0.07167874184578163,13.65,6.172364673189897,0.7071832932966586,6.131718963596156,13.65,0.0003028571269478454,0.7702571745378499,8.3755351018556,0.014407561546254827,0.012096191583676974,0.007826875422549097,13.65,6.328529574678753,0.5453344097065524,6.304989846080138,1.0,0.0
13.700000000000001,0.0010555685302646662,2.7142393070016406,8.406214717613313,0.17741334927685357,0.17740812680887763,-0.0013612655126865035,13.700000000000001,6.10064635831289,-0.7560195744689325,6.053620436748256,13.700000000000001,-0.00030898220042578894,-0.7945023080114538,8.406214717613313,0.010046443073962196,0.009703405967063537,-0.0026028697771342127,13.700000000000001,6.258559402380307,-0.9395818307673953,6.187628930084183,1.0,0.0
13.75,0.00018649690628502866,0.4848191059870569,8.436894333371026,0.19891990999864106,0.16818477109230703,-0.10622152967499451,13.75,6.02622510682002,-2.1431370227502744,5.632260002857206,13.75,-0.0008925733163530259,-2.320341961066167,8.436894333371026,0.006193924355856173,0.0007770270387422306,-0.00614499209984291,13.75,6.185684799439151,-2.339384069961307,5.726253453281983,1.0,0.0
13.8,-0.0007592163736643893,-1.9952752935689193,8.46757394912874,0.22007629491436176,0.08295031134878937,-0.20384509174952445,13.8,5.949108892113069,-3.3748903561824126,4.899184798919687,13.8,-0.0014172151461509651,-3.7245434435752602,8.46757394912874,0.006485189233721679,-0.006452740047159569,-0.0006479392571550963,13.8,6.109905617328693,-3.5756496921229233,4.954359285708493,1.0,0.0
13.850000000000001,-0.0016488649788416031,-4.380608223293233,8.498253564886452,0.23957959840369666,-0.0669833571021127,-0.23002524609835204,13.850000000000001,5.869313474846064,-4.382673603271431,3.903973969328867,13.850000000000001,-0.0018557883561639468,-4.930350173011084,8.498253564886452,0.010225348588391674,-0.00545310322576779,0.008649937512100567,13.850000000000001,6.031229749122828,-4.581009155653749,3.923020188900477,1.0,0.0
13.9,-0.0022635402331583456,-6.079006657434483,8.528933180644165,0.2579001700335026,-0.21540833050934552,-0.14181589773536002,13.9,5.786862272764094,-5.1125884598349955,2.710943415916763,13.9,-0.002186117818800952,-5.8710795504103945,8.528933180644165,0.013913723580755665,0.003467529290901708,0.01347471500620384,13.9,5.9496731007233485,-5.303011059041114,2.6975328938047496,1.0,0.0
13.950000000000001,-0.0025685689842092616,-6.972906743206683,8.559612796401877,0.2762939004450483,-0.2733405666490531,0.04028962704112343,13.950000000000001,5.701786220165875,-5.528511421475466,1.394965075938741,13.950000000000001,-0.0023920613191544112,-6.493740524407413,8.559612796401877,0.016352255611035173,0.013547118719312365,0.009158156909197822,13.950000000000001,5.865259545567281,-5.707015978498901,1.3532324848400354,1.0,0.0
14.0,-0.002687454323352344,-7.374374663278832,8.59029241215959,0.2958709812060265,-0.1869620290343407,0.22931384000792282,14.0,5.614123617467014,-5.614003813258288,0.0366766536411106,14.0,-0.0024642747651733373,-6.761969955635638,8.59029241215959,0.017126022926048107,0.017038260421951973,-0.0017315724233396563,14.0,5.778020862847676,-5.7779468324484595,-0.02924881026317075,1.0,0.0
14.05,-0.0027037976831943795,-7.498996731302739,8.620972027917304,0.31691470945491546,0.01841147742465213,0.31637944081108527,14.05,5.523919971240339,-5.3729526712931195,-1.2826033840248525,14.05,-0.002400602498958543,-6.658083333949327,8.620972027917304,0.016163318067798603,0.011310132718758926,-0.011547023375956401,14.05,5.687996659264065,-5.520798907166749,-1.3689723965170333,1.0,0.0
14.100000000000001,-0.0027330854883715213,-7.6614426357983065,8.651651643675017,0.3386510606055165,0.24163984007535103,0.23726510181145474,14.100000000000001,5.431227825023959,-4.828915132693841,-2.4859232346464184,14.100000000000001,-0.002206060114553718,-6.18407404037939,8.651651643675017,0.013663028972866371,0.0007664068102366357,-0.013641516826020807,14.100000000000001,5.595234274311414,-4.95989413088437,-2.589613251983383,1.0,0.0
14.15,-0.002556291045457501,-7.242351821464971,8.682331259432729,0.35947020620096737,0.3590292357317186,0.01779991674317763,14.15,5.3361065811163835,-4.023225270725867,-3.505380416734588,14.15,-0.0018926172007063468,-5.362065346678236,8.682331259432729,0.010103835579241651,-0.006796818143981636,-0.007476012073959719,14.15,5.499788669118609,-4.136946150363116,-3.6239966823882774,1.0,0.0
14.200000000000001,-0.0018510352743293652,-5.30004708856398,8.713010875190442,0.37739001637488506,0.2965926684482816,-0.23335812281162135,14.200000000000001,5.238622313520404,-3.0120041617303475,-4.286139833630365,14.200000000000001,-0.0014785964228429447,-4.23364739436913,8.713010875190442,0.006467749579988351,-0.006351878044489111,0.0012187821533714226,14.200000000000001,5.401722298858519,-3.1080796461243736,-4.417968391391313,1.0,0.0
14.25,-0.0012985642355595895,-3.757578226187298,8.743690490948154,0.3905242747034137,0.07655654310489697,-0.3829468694746771,14.25,5.1388475721525095,-1.8622856857658543,-4.789535091677411,14.25,-0.0009877034439936267,-2.8580588109923704,8.743690490948154,0.005209407188756017,0.0005959552491023982,0.00517520633398613,14.25,5.301104968770993,-1.9400138831754266,-4.933361939186614,1.0,0.0
14.3,-0.00037518737646418103,-1.0971255525681936,8.774370106705868,0.397425032929865,-0.19143537845330294,-0.3482802789072975,14.3,5.0368611784018045,-0.6475271628975168,-4.995065475426834,14.3,-0.00044775524066279935,-1.3093290090328427,8.774370106705868,0.007612117065431492,0.007495692505653757,0.0013262428429663433,14.3,5.1980136738670994,-0.7056722331867038,-5.1498905670915605,1.0,0.0
14.350000000000001,0.0011545625534529372,3.4117183463824694,8.80504972246358,0.39727228335847414,-0.3700484162128993,-0.14453178468136557,14.350000000000001,4.93274801210069,0.5571884804191146,-4.90117781233976,14.350000000000001,0.00011083121941544589,0.32750490954410727,8.80504972246358,0.01070592188757893,0.008116422756978,-0.00698143574724793,14.350000000000001,5.092532422416829,0.5204871193784659,-5.065864154507869,1.0,0.0
14.4,0.001799212842090358,5.372420759076336,8.835729338221293,0.3899326064268546,-0.36981853649142027,0.12361912320585493,14.4,4.826598789958242,1.6799362527961839,-4.524806080459966,14.4,0.0006567118739548735,1.960931148239269,8.835729338221293,0.012963429903777886,0.0014331995732171988,-0.01288396110881637,14.4,4.984752043362761,1.6671109973425104,-4.697711555252076,1.0,0.0
14.450000000000001,0.002302636648436624,6.947506372945972,8.866408953979006,0.3759183494479173,-0.19680102343379746,0.3202873126226769,14.450000000000001,4.718509835505227,2.6564020014833076,-3.8997260768257864,14.450000000000001,0.0011593596898624452,3.4980155637341723,8.866408953979006,0.013895595500510196,-0.00776735041293987,-0.01152197213485617,14.450000000000001,4.874769977848324,2.6702612919058297,-4.078368174880825,1.0,0.0
14.5,0.0029365492643740544,8.952437501102352,8.897088569736718,0.3562746974394056,0.053844157583913664,0.35218243387429005,14.5,4.608582840606536,3.4337165660664772,-3.0738617962838934,14.5,0.0015907822685993184,4.849698593608597,8.897088569736718,0.013383148356651213,-0.012845385517437217,-0.003755626558185766,14.5,4.762690055100473,3.4771232525130027,-3.2546628777473003,1.0,0.0
14.55,0.0030606324421228737,9.427578500867433,8.92776818549443,0.33241577969331637,0.2525659637940673,0.21612654747135834,14.55,4.496924618611272,3.973430884023073,-2.105748806330841,14.55,0.0019271134693614868,5.9360324560511275,8.92776818549443,0.011549453467531218,-0.010529700632332259,0.004745026869484565,14.55,4.648622252962774,4.048886292040037,-2.2839020655165956,0.9938441702975687,0.0
14.600000000000001,0.002429438648100512,7.560743476544937,8.958447801252145,0.3059267072584965,0.30589229941211316,-0.004588177677023683,14.600000000000001,4.383646849232472,4.253455507609937,-1.060413100432313,14.600000000000001,0.002149983986383981,6.691042563449098,8.958447801252145,0.00873836178734226,-0.0032695463970874444,0.00810364319820264,14.600000000000001,4.532682443435136,4.362632419811522,-1.229897761049502,0.975528258147576,0.0
14.65,0.002176679179130453,6.843957392350862,8.989127417009858,0.2783485419801487,0.20329664587044438,-0.19012728525990613,14.65,4.268865815276391,4.268862935976702,-0.004958092348652658,14.65,0.002247586363163363,7.066905151940623,8.989127417009858,0.005614842524220975,0.00297261918789717,0.00476340127803083,14.65,4.414992123640913,4.41213827769955,-0.15871758021639173,0.9455032620941837,0.0
14.700000000000001,0.0019606017159329928,6.227896444500619,9.01980703276757,0.250971057155036,0.016459969292589915,-0.2504307108571218,14.700000000000001,4.1527021313750705,4.031531778874316,0.995834578558879,14.700000000000001,0.00221536621136813,7.037161723833727,9.01980703276757,0.003869828337625987,0.0035306049126271823,-0.001584424284598642,14.700000000000001,4.295678132710323,4.207572507999804,0.8655542789276062,0.9045084971874728,0.0
14.75,0.0010408279010365978,3.3400655232343035,9.050486648525283,0.22467618803911713,-0.14572672663089586,-0.17100617128405882,14.75,4.035280464914685,3.5686921846695148,1.8835935128367811,14.75,0.0020562925901659733,6.5987393105577725,9.050486648525283,0.005390841189698039,-0.0014381839933363329,-0.005195459126377199,14.75,4.174872355141161,3.7741454062054136,1.78476486813823,0.8535533905932737,0.0
14.8,0.0007774274072307397,2.5202579493413544,9.081166264282995,0.1998985336208921,-0.1993643360863867,-0.014604288432415295,14.8,3.9167292493956545,2.9205064147500757,2.609867869160258,14.8,0.001780685371764418,5.772611592702917,9.081166264282995,0.007918057344738615,-0.007378926647546732,-0.002871771865015377,14.8,4.052711411273892,3.149837212839347,2.550097118872549,0.7938926261462357,0.0
14.850000000000001,0.0008666633501793542,2.8381137143029114,9.11184588004071,0.17678304541187753,-0.13008163210233722,0.11971221380748975,14.850000000000001,3.79718039050808,2.1368816798523587,3.1388398500672916,14.850000000000001,0.001405604438758955,4.603015961966393,9.11184588004071,0.009873106738524255,-0.0091561478319745,0.0036936693881994536,14.850000000000001,3.9293363355986872,2.3823901928506594,3.1247241489874136,0.7269952498697714,0.0
14.9,0.0008017366290750332,2.652103880412127,9.142525495798422,0.15561115660195787,0.0038144360738362974,0.15556439867925334,14.9,3.676768965257582,1.273760029441972,3.4490818214819576,14.9,0.0009538329853091119,3.1552308699202913,9.142525495798422,0.010789760284199366,-0.005088733859858037,0.009514395130223481,14.9,3.804892243697668,1.5257939098450544,3.4855642198689174,0.6545084971874732,0.0
14.950000000000001,0.0004876466075228091,1.6294040266731065,9.173205111556134,0.13752946605665461,0.10988825308542854,0.08269779844506937,14.950000000000001,3.5556329145317527,0.38915908066693233,3.5342722918354825,14.950000000000001,0.0004525131938138812,1.5120105600007858,9.173205111556134,0.010544017730155189,0.0019459861887111609,0.010362887997424868,14.950000000000001,3.67952798871782,0.6365200265659473,3.624054149090255,0.5782172325201137,0.0
15.0,4.028496031959306e-05,0.13596174107862657,9.203884727313847,0.12542090019010685,0.11902242478728509,-0.03954825662721189,15.0,3.433912729556382,-0.46075399785833754,3.4028609121835878,15.0,-6.848466075144509e-05,-0.23113573003612717,9.203884727313847,0.009207904305006816,0.007007510030241887,0.005973299328363044,15.0,3.553395808370498,-0.2302289293679605,3.545929555282664,0.5000000000000001,0.0
15.05,-0.00023338536879629192,-0.7955786609115209,9.23456434307156,0.12389322608243994,0.028307057589907557,-0.12061609328657695,15.05,3.311751132753479,-1.2252847162030345,3.0767471344803754,15.05,-0.0005783652477971268,-1.9715676768144896,9.23456434307156,0.0070101881550053225,0.007010109556231484,-3.319605712954712e-05,15.05,3.4266509635648226,-1.024003183416888,3.2700694650804905,0.4217827674798836,0.0
15.100000000000001,-0.000467215975170949,-1.6086017089307945,9.265243958829272,0.13654114258962982,-0.09631280315809898,-0.09678495527462364,15.100000000000001,3.1892927535805904,-1.8622901930456328,2.5891047690133595,15.100000000000001,-0.0010472977707250892,-3.6057949070157176,9.265243958829272,0.00434725909707415,0.0029273221591061553,-0.0032139456488714975,15.100000000000001,3.299451369908455,-1.7020964451340246,2.826525611745433,0.3454915028125242,0.0
15.15,-0.0007776019504291049,-2.703928726560568,9.295923574586986,0.16263055744139399,-0.16059900382048362,0.025625342642915844,15.15,3.0666838000039247,-2.340522646791347,1.9815406301823186,15.15,-0.0014482175134474737,-5.035837339088254,9.295923574586986,0.002195363815619629,-0.0013003522617194428,-0.0017688149361572865,15.15,3.171957223455491,-2.2318618939765598,2.2539088521159925,0.27300475013022607,0.0
15.200000000000001,-0.0009103890313320758,-3.1971114833442353,9.326603190344699,0.19821892921569695,-0.10299163622820763,0.16936194013548034,15.200000000000001,2.9440717263380916,-2.6411051098564675,1.3008159472090612,15.200000000000001,-0.0017584130351380465,-6.175208964102074,9.326603190344699,0.003095206685430258,-0.002059114674123524,0.002310919986572737,15.200000000000001,3.0443306222551194,-2.592226405418193,1.5963430711012327,0.20610737385376204,0.0
15.25,-0.0011005423054164024,-3.903159266026882,9.357282806102411,0.2389924007897897,0.060847951153772346,0.23111662526883608,15.25,2.821604898275097,-2.7580744822911853,0.5953816860672091,15.25,-0.0019608320600125176,-6.954244090839082,9.357282806102411,0.005249107615315957,0.0011675670620310144,0.005117608612704595,15.25,2.9167351854670986,-2.774337929594644,0.9002184149162332,0.1464466094067263,0.0
15.3,-0.001905435730331602,-6.82446478673387,9.387962421860124,0.28126787129877273,0.2395139745729488,0.14746074531620884,15.3,2.6994322560285173,-2.6979969197536873,-0.08801775892867979,15.3,-0.002045031336028194,-7.324437197397852,9.387962421860124,0.006944326662116143,0.005656515237402171,0.004028338138639082,15.3,2.7893356720761093,-2.781345191361669,0.21097966254025488,0.09549150281252565,0.0
15.350000000000001,-0.0025899699379062524,-9.367417192507752,9.418642037617836,0.321942749810336,0.31661186625900256,-0.058344325340448214,15.350000000000001,2.5777029766406314,-2.4787275764272287,-0.7074335570505325,15.350000000000001,-0.0020077178310745694,-7.261524642913846,9.418642037617836,0.007830017171705403,0.007821744421335318,-0.00035983762520243545,15.350000000000001,2.6622976015787616,-2.6273706767454996,-0.42982769379126995,0.054496737905815086,0.0
15.4,-0.002387932780642657,-8.721360929161074,9.44932165337555,0.35835800128950085,0.22303507872974812,-0.28049208677647386,15.4,2.4565661366488487,-2.127445973856862,-1.228287756207835,15.4,-0.00185285420369992,-6.7671127054218845,9.44932165337555,0.007819051031205055,0.006051616033389641,-0.004951313200859974,15.4,2.5357868794661123,-2.3357927407406747,-0.9870599629078525,0.024471741852423023,0.0
15.450000000000001,-0.0026214427073656035,-9.667759135358793,9.480001269133263,0.38827097156646606,-0.013439126058405764,-0.3880383193087427,15.450000000000001,2.3361703764945827,-1.6781455453157406,-1.6252752249227744,15.450000000000001,-0.0015913282328840128,-5.8687447250294404,9.480001269133263,0.006961972678641133,0.0017674984685789538,-0.006733870561699018,15.450000000000001,2.4099694309276556,-1.9369968041321501,-1.433874485018687,0.0061558297024308685,0.0
15.5,-0.0022257560126982055,-8.28843717178653,9.510680884890975,0.40990456588633467,-0.2750704645758098,-0.30390457820262046,15.5,2.216663568300299,-1.1687880465243938,-1.8834892825103906,15.5,-0.0012402121729965174,-4.618395105717406,9.510680884890975,0.00541261047023991,-0.0019499565541005778,-0.005049160478700484,15.5,2.2850108470288597,-1.4657861176934193,-1.752924878087136,3.749399456654644e-33,0.0
15.55,-0.0015766964754689728,-5.928424274874068,9.541360500648688,0.4220236792416828,-0.4181475035662949,-0.05706707546354736,15.55,2.098192488964868,-0.6383486112987878,-1.9987302897593504,15.55,-0.0008216622419077231,-3.0894737550702747,9.541360500648688,0.0033983971288353678,-0.0028667318239901153,-0.0018250895031747835,15.55,2.1610760487674012,-0.9586576965195649,-1.9368079691750353,0.0,0.0
15.600000000000001,-0.001090563718250112,-4.140233548984218,9.5720401164064,0.42400556359689445,-0.35795354155220216,0.22726631965902025,15.600000000000001,1.9809025009736216,-0.1239747148963601,-1.9770192180224033,15.600000000000001,-0.00036152924148587267,-1.3725153968448311,9.5720401164064,0.001195184325905549,-0.0011780799690282982,0.0002014774415774267,15.600000000000001,2.0383289760518704,-0.45114822480905514,-1.987775212106315,0.0,0.0
15.65,-0.00018699040553439293,-0.7167411664321336,9.602719732164113,0.4158842587313706,-0.12245398880645167,0.3974477793194107,15.65,1.864937243949145,0.3415369890217571,-1.8333966862080298,15.65,0.00011223251828931886,0.4301914092352007,9.602719732164113,0.0010119884689175434,0.0009598686664668616,-0.00032058197759263137,15.65,1.9169323110172876,0.024561309054516492,-1.9167749547402815,0.0,0.0
15.700000000000001,0.00036214374541727716,1.4014575453841034,9.633399347921827,0.3983588105459248,0.16078655206107112,0.36446869085818123,15.700000000000001,1.7504383408790465,0.7317759759896767,-1.5901378261596524,15.700000000000001,0.0005712601327407463,2.2107155888724854,9.633399347921827,0.0028404702888881715,0.0013571704645685277,-0.00249526747908101,15.700000000000001,1.7970472485834736,0.441622937309325,-1.7419379997243636,0.0,0.0
15.75,0.0004223897318411348,1.6502700824637537,9.66407896367954,0.3727624340370625,0.3389415889450426,0.15514648404860845,15.75,1.637545124303211,1.0281408263972118,-1.2745510877263715,15.75,0.0009884783113676733,3.8619693175398844,9.66407896367954,0.004196764762429704,-0.0004931510673524983,-0.004167689587282232,15.75,1.678833332403103,0.7799617554683386,-1.4866543034594342,0.0,0.0
15.8,0.0007726929313230455,3.0477420013326646,9.694758579437252,0.3409956418940108,0.3244517343594725,-0.10492425773785002,15.8,1.526394389780192,1.2205784599262517,-0.9165522660036927,15.8,0.0013396958163482747,5.284178284772296,9.694758579437252,0.0049594357444147155,-0.0032235299728835924,-0.0037689331934778903,15.8,1.5624483823698483,1.0271066177257964,-1.1774111191058245,0.0,0.0
15.850000000000001,0.0014384187418866323,5.727605965280292,9.725438195194965,0.3054295625696316,0.14502460325233263,-0.26880305456408043,15.850000000000001,1.4171201871073154,1.307624430672889,-0.5462123881920612,15.850000000000001,0.0016050084923157027,6.390945798478391,9.725438195194965,0.0051016951829899685,-0.004886109574546433,-0.0014673878034346373,15.850000000000001,1.4480485524069946,1.1783897769710794,-0.8415712350467086,0.0,0.0
15.9,0.0014082820753586343,5.66084188439552,9.756117810952677,0.2687822091028234,-0.0783847795143636,-0.2570986236265735,15.9,1.3098536647758068,1.295783926133146,-0.19146968402747563,15.9,0.0017699280786650515,7.114542729320256,9.756117810952677,0.004678635188593669,-0.004525504390646477,0.0011871972195833236,15.9,1.3357885773497795,1.236543269173854,-0.5052641555057963,0.0,0.0
15.950000000000001,0.0012662647334582909,5.138147575965285,9.786797426710391,0.23395108836377485,-0.21064269477469605,-0.10179767622420967,15.950000000000001,1.2047229912991753,1.1983423353589755,0.12382702875878632,15.950000000000001,0.0018261733781800686,7.410100011837157,9.786797426710391,0.0038178821756108057,-0.0027550026953141837,0.002643139129077068,15.950000000000001,1.2258223007397637,1.210764691326425,-0.19154418609854632,0.0,0.0
16.0,0.0014807967061575599,6.065343308421365,9.817477042468104,0.203738770653238,-0.18659263799572512,0.08180876550278095,16.0,1.1018533907309587,1.0337341999310146,0.38141119354090264,16.0,0.0017720811980930045,7.258444587388946,9.817477042468104,0.0027146071155488964,-0.0010227978888635633,0.002514552896704489,16.0,1.1183036311286771,1.1153619158843042,0.0810605205416226,0.0,0.0
16.05,0.00127304482984309,5.263429469013457,9.848156658225816,0.18035839401387455,-0.045885017411133426,0.17442395325311255,16.05,1.0013673533718928,0.823627249041028,0.5695390513706127,16.05,0.0016126145542100945,6.667387328249541,9.848156658225816,0.0016774948861315612,-0.0003477753711542596,0.0016410488671017864,16.05,1.0133881717967868,0.9681126811062253,0.2995219915447779,0.0,0.0
16.1,0.0007624384694177652,3.1818699780902415,9.878836273983529,0.164710747446456,0.10199136391672671,0.12933441928108708,16.1,0.9033851251887596,0.5908923235752764,0.6833380908101945,16.1,0.0013589762427362515,5.671389733262587,9.878836273983529,0.001321697452806546,-0.0006224500808974824,0.0011659502791911969,16.1,0.9112359447045661,0.788489285487442,0.4567664541022319,0.0,0.0
16.150000000000002,0.0008868961566071483,3.735857935827689,9.909515889741241,0.15585811476232408,0.15580584048199453,-0.0040363360817780875,16.150000000000002,0.8080256590304161,0.3576297583098096,0.7245732686366545,16.150000000000002,0.0010278852585730955,4.329743986095028,9.909515889741241,0.001815404450730302,-0.0009565369350804157,0.0015429615716401864,16.150000000000002,0.8120159605719104,0.5959002123261281,0.5516093338343703,0.0,0.0
16.2,0.0005192117000398155,2.2074430806468763,9.940195505498954,0.15136185125582877,0.08921093540696885,-0.12227763090363364,16.2,0.7154083668584124,0.14340883582034716,0.7008873213146843,16.2,0.0006405131098067375,2.7231594207104184,9.940195505498954,0.0023815418983183356,-0.0006019318397226347,0.0023042178442529747,16.2,0.7159140391706491,0.4080898716150503,0.5882138796108483,0.0,0.0
16.25,-5.5877331729452156e-05,-0.23977050353438747,9.970875121256668,0.14837238012587556,-0.038457923889668386,-0.1433016094617007,16.25,0.6256563361055006,-0.03614904353467426,0.6246111570893426,16.25,0.00022115255526507658,0.9489690701511196,9.970875121256668,0.0026886015331106083,0.00042013903627455507,0.0026555717640544007,16.25,0.6231466371565904,0.2398161892563525,0.5751520901206294,0.0,0.0
16.3,-0.00015293209189204537,-0.6623101981651999,,,,,16.3,0.5389023908360541,-0.1703481963631184,0.5112702600823243,16.3,-0.000204292829827929,-0.8847405598988141,,,,,16.3,0.533986419334142,0.10189573148264375,0.5241743564301053,0.0,
16.35,-0.00010190644416592937,-0.44540482662593794,,,,,16.35,0.4553010985891999,-0.2539036918234673,0.37793121815344405,16.35,-0.0006099045870950523,-2.665723930383776,,,,,16.35,0.4488123149932104,0.0006702635015802017,0.4488118145018056,0.0,
16.400000000000002,-0.0004644552639992245,-2.048686160005796,,,,,16.400000000000002,0.3750543651213571,-0.2869237071511625,0.2415379122854592,16.400000000000002,-0.0009713320334161,-4.284491204804547,,,,,16.400000000000002,0.36821450436706776,-0.06208970408622713,0.3629418546720261,0.0,
16.45,-0.0008192758579338453,-3.646933668450638,,,,,16.45,0.2984717793561208,-0.2744219674096714,0.11737966976872151,16.45,-0.0012672639731606393,-5.641112948438971,,,,,16.45,0.2932326433013204,-0.08886646078155243,0.27944254372883204,0.0,
16.5,-0.001137301191903273,-5.108899116678491,,,,,16.5,0.2261337477852744,-0.22543092172626578,0.017814921191527267,16.5,-0.0014806990553384092,-6.6514852439620515,,,,,16.5,0.22593820481363222,-0.0857176575951073,0.20904677842725722,0.0,
,,,,,,,16.55,0.15942236377975835,-0.15181648534900732,-0.04865434049907833,,,,,,,,16.55,0.17086699376929812,-0.06132322539293342,0.1594835150953378,,
,,,,,,,16.6,0.10269183628263029,-0.06691544237154222,-0.07789696278623034,,,,,,,,16.6,0.13741871102883482,-0.025858982785335785,0.1349637549497424,,
,,,,,,,16.650000000000002,0.07200564635616383,0.015874331968000293,-0.07023402801875066,,,,,,,,16.650000000000002,0.1364170951138836,0.010191383292890373,0.1360358759514848,,
,,,,,,,16.7,0.08962984575953215,0.08442311010599976,-0.03010394875938645,,,,,,,,16.7,0.16406840384226168,0.03717493209436312,0.15980133154366066,,
,,,,,,,16.75,0.13357249978215663,0.12900355870311125,0.034636606935252265,,,,,,,,16.75,0.2059459222062249,0.04725780507547025,0.20045054934527193,,
,,,,,,,16.8,0.18279752476789402,0.14313806500299894,0.11369445636646529,,,,,,,,16.8,0.2525153384091462,0.03518080048330641,0.2500526092830055,,
,,,,,,,16.85,0.23156192145638416,0.12409670605731399,0.19550174171678683,,,,,,,,16.85,0.29951570984990156,-0.001275595863567811,0.29951299354465954,,
,,,,,,,16.900000000000002,0.278197211525661,0.07301707766719126,0.2684440255800019,,,,,,,,16.900000000000002,0.34506353195195033,-0.06114587874961292,0.3396027423256359,,
,,,,,,,16.95,0.3220843049978916,-0.0053480399527911955,0.32203990124616266,,,,,,,,16.95,0.3882555234074912,-0.14045311814557782,0.36196031973078113,,
,,,,,,,17.0,0.36295224091506434,-0.10321637782885931,0.3479665336395974,,,,,,,,17.0,0.4286230792439207,-0.2326721170962817,0.35997420739057745,,
,,,,,,,17.05,0.40067272958327177,-0.2106283110059071,0.34084358705205015,,,,,,,,17.05,0.46591033334961546,-0.3294279403836261,0.3294687706240941,,
,,,,,,,17.1,0.43518660756416516,-0.31647735030468704,0.2987130230628238,,,,,,,,17.1,0.4999759258267123,-0.42135656394228055,0.2691367169841992,,
,,,,,,,17.150000000000002,0.46647325154642316,-0.4096183147926848,0.22318183303014066,,,,,,,,17.150000000000002,0.5307457546455536,-0.49904254908873347,0.18068644186351482,,
,,,,,,,17.2,0.4945363094540999,-0.47994925150105244,0.11922616051882548,,,,,,,,17.2,0.5581885175486272,-0.5539447756595867,0.06869939332035119,,
,,,,,,,17.25,0.5193964007386654,-0.5193692125213719,-0.005314337701949518,,,,,,,,17.25,0.5823022159124203,-0.5792254202696194,-0.05978112720581312,,
,,,,,,,17.3,0.5410870774334892,-0.5225284892858267,-0.14049627486231206,,,,,,,,17.3,0.6031062751379461,-0.5704088880063553,-0.19588486310616574,,
,,,,,,,17.35,0.5596524248127381,-0.48730927948144803,-0.27520992483929335,,,,,,,,17.35,0.6206367017333941,-0.5258150271487654,-0.3297096795107009,,
,,,,,,,17.400000000000002,0.5751455351213002,-0.41500091370479686,-0.39820425436470475,,,,,,,,17.400000000000002,0.634942958882859,-0.4467329177221426,-0.45120091008150826,,
,,,,,,,17.45,0.5876274677869273,-0.31016223727159614,-0.4991046257733487,,,,,,,,17.45,0.6460858528975165,-0.3373257468136097,-0.5510338191535541,,
,,,,,,,17.5,0.5971664903872791,-0.18019194378402087,-0.5693317843198258,,,,,,,,17.5,0.6541360342016437,-0.20428155871512105,-0.6214201445157491,,
,,,,,,,17.55,0.6038374858519998,-0.03465311221978793,-0.6028423269259938,,,,,,,,17.55,0.659172882585542,-0.05624685591163508,-0.6567687418994516,,
,,,,,,,17.6,0.6077214597070263,0.1155812520357401,-0.5966291534666149,,,,,,,,17.6,0.6612836387459019,0.09690176026255871,-0.6541453200406145,,
,,,,,,,17.650000000000002,0.6089051078994524,0.25928089199803084,-0.5509435991739529,,,,,,,,17.650000000000002,0.6605626973350612,0.24487996135460177,-0.6134956247908704,,
,,,,,,,17.7,0.6074804210985738,0.3858220317481264,-0.4692268340960993,,,,,,,,17.7,0.6571110084774151,0.37783777486705566,-0.5376183528728513,,
,,,,,,,17.75,0.603544310497481,0.4860765648900461,-0.3577643187890215,,,,,,,,17.75,0.6510355542954265,0.48714748931365137,-0.4318965346146679,,
,,,,,,,17.8,0.5971982457391234,0.553150207709492,-0.22510129369870865,,,,,,,,17.8,0.6424488795265321,0.5660704200548786,-0.3038171198991093,,
,,,,,,,17.85,0.5885478991311633,0.5829087568450374,-0.08127736932922419,,,,,,,,17.85,0.6314686637153738,0.6102482040813039,-0.1623262229894578,,
,,,,,,,17.900000000000002,0.5777027926237572,0.574252160567917,0.06304738446888358,,,,,,,,17.900000000000002,0.6182173284672856,0.6179813289617608,-0.017080464627276172,,
,,,,,,,17.95,0.5647759455871283,0.5291196476248823,0.19749498021761291,,,,,,,,17.95,0.6028216779508917,0.5902774023000719,0.12233790803102576,,
,,,,,,,18.0,0.5498835225349842,0.45223347941665765,0.3128206649986314,,,,,,,,18.0,0.5854125750185378,0.5306723949374014,0.24717340520621914,,
,,,,,,,18.05,0.5331444807838179,0.35061181427561855,0.40163963086404453,,,,,,,,18.05,0.5661246596223677,0.44484787892027344,0.3501535304015588,,
,,,,,,,18.1,0.5146802187496953,0.23290069776388747,0.4589694897848097,,,,,,,,18.1,0.545096121311887,0.34008440426035363,0.4259957505047952,,
,,,,,,,18.150000000000002,0.494614226272386,0.10858968027637914,0.48254690359436025,,,,,,,,18.150000000000002,0.5224685443515356,0.22460417914854136,0.4717269788191284,,
,,,,,,,18.2,0.47307173913356426,-0.012816132214919127,0.47289810437546137,,,,,,,,18.2,0.4983868536221202,0.1068641062904857,0.4867951506024813,,
,,,,,,,18.25,0.4501794009444743,-0.12259322836073203,0.43316554963987974,,,,,,,,18.25,0.4729994039068102,-0.005137559640910413,0.47297150186574016,,
,,,,,,,18.3,0.42606493703591797,-0.21349680508572103,0.3687145844547112,,,,,,,,18.3,0.4464582776331751,-0.10448115313690995,0.43406068965798184,,
,,,,,,,18.35,0.4008568472542434,-0.2802997720655514,0.2865628199376391,,,,,,,,18.35,0.41891989219795706,-0.18582105145305047,0.3754522778144124,,
,,,,,,,18.400000000000002,0.37468412830596964,-0.32013160166695676,0.1946893772617121,,,,,,,,18.400000000000002,0.39054607749401143,-0.24571851955006416,0.30355995749782794,,
,,,,,,,18.45,0.3476760427372013,-0.332594291349921,0.10129001952237983,,,,,,,,18.45,0.36150588517968174,-0.28278976759659624,0.22520313577347967,,
,,,,,,,18.5,0.31996196322874415,-0.3196534741886197,0.014046862722246862,,,,,,,,18.5,0.3319785673482947,-0.2976644392438258,0.14698860768197297,,
,,,,,,,18.55,0.2916713427193458,-0.2853230282153922,-0.06052224164474256,,,,,,,,18.55,0.30215847865402656,-0.29276699116766497,0.07474781003580099,,
,,,,,,,18.6,0.2629339041072344,-0.23517957913404847,-0.11757892450351877,,,,,,,,18.6,0.2722632409920681,-0.27194896266954605,0.013078000552944042,,
,,,,,,,18.650000000000002,0.23388023406844566,-0.17575749914823421,-0.15430251255591848,,,,,,,,18.650000000000002,0.24254762015908388,-0.24001261670713628,-0.034975589576567746,,
,,,,,,,18.7,0.20464316984163516,-0.11388420012508006,-0.1700271035003039,,,,,,,,18.7,0.21332770745235208,-0.20217482269030368,-0.06807387044248753,,
,,,,,,,18.75,0.17536086788621724,-0.05601900848708692,-0.16617251479691525,,,,,,,,18.75,0.18502410625375446,-0.16352370777810737,-0.08656741239924388,,
,,,,,,,18.8,0.14618380163731998,-0.0076565324006158675,-0.14598315441425985,,,,,,,,18.8,0.1582400954135591,-0.12851933438369076,-0.09231851648540161,,
,,,,,,,18.85,0.11729215047658928,0.02715243566811762,-0.11410606382095387,,,,,,,,18.85,0.13389961999740627,-0.10058372615836668,-0.08838564514415505,,
,,,,,,,18.900000000000002,0.0889456416140886,0.04612193285251898,-0.07605323446172176,,,,,,,,18.900000000000002,0.1134579542289274,-0.0818156387481944,-0.07860603433603769,,
,,,,,,,18.95,0.06166152252019156,0.048869069070355084,-0.03760262554270586,,,,,,,,18.95,0.09905896682810457,-0.07285257601278622,-0.06712064568635144,,
,,,,,,,19.0,0.03710059028445686,0.036862503911001314,-0.004196379971659761,,,,,,,,19.0,0.09307986485951546,-0.07288795193005525,-0.057889616562105645,,
,,,,,,,19.05,0.023631582307157267,0.013192019694379312,0.019606690152166345,,,,,,,,19.05,0.09652176927148963,-0.07983638086278658,-0.05424577618608443,,
,,,,,,,19.1,0.03538485585402608,-0.017813561059012193,0.03057392788319891,,,,,,,,19.1,0.10788295653103501,-0.09062622593102473,-0.058528791917961634,,
,,,,,,,19.150000000000002,0.0578220653577578,-0.051079417229256414,0.02709768214730473,,,,,,,,19.150000000000002,0.12441862209848416,-0.10158699699919069,-0.0718336659622202,,
,,,,,,,19.200000000000003,0.08187151308377201,-0.08133868501296859,0.009325394092869754,,,,,,,,19.200000000000003,0.1437832221144802,-0.10889097400820993,-0.09389553099676949,,
,,,,,,,19.25,0.10577561583995074,-0.10369279625804266,-0.020887434272999907,,,,,,,,19.25,0.1644391834223509,-0.10900421730567073,-0.12311915226392552,,
,,,,,,,19.3,0.1290253941992772,-0.11412434061330617,-0.06019291675817799,,,,,,,,19.3,0.18544820179203253,-0.09910221055909815,-0.15674752760473956,,
,,,,,,,19.35,0.15139430931720235,-0.10991424720195025,-0.10411097519311455,,,,,,,,19.35,0.20623016588359128,-0.07740965873932919,-0.19115079401936622,,
,,,,,,,19.400000000000002,0.17274790856125824,-0.0899250855405612,-0.1474968437045742,,,,,,,,19.400000000000002,0.22641028937110566,-0.04343194563877782,-0.22220550225216756,,
,,,,,,,19.450000000000003,0.19299107293373025,-0.05472562324814615,-0.1850693394169179,,,,,,,,19.450000000000003,0.2457338837217268,0.001943375368515913,-0.2457261990532149,,
,,,,,,,19.5,0.2120496222008609,-0.006547150158217279,-0.2119485246476927,,,,,,,,19.5,0.2640196677797385,0.056483992991775096,-0.2579068504523069,,
,,,,,,,19.55,0.22986279980410979,0.05092197386358595,-0.22415142049877917,,,,,,,,19.55,0.28113369171695546,0.11678478698931526,-0.2557292829268178,,
,,,,,,,19.6,0.2463798265395424,0.11288204794517354,-0.2189992287140723,,,,,,,,19.6,0.29697430880859027,0.17855728107408478,-0.23729946790452403,,
,,,,,,,19.650000000000002,0.26155817145904964,0.17387376792005096,-0.19539854115700522,,,,,,,,19.650000000000002,0.31146321001430355,0.23700869054975265,-0.20207971643959163,,
,,,,,,,19.700000000000003,0.27536261536955736,0.22829234121611455,-0.15397135085861888,,,,,,,,19.700000000000003,0.32453988821754254,0.2872745444618316,-0.15099495073843414,,
,,,,,,,19.75,0.2877647047949798,0.2709151865659145,-0.09702312617978048,,,,,,,,19.75,0.33615810360986514,0.32486421564098267,-0.08640319449273813,,
,,,,,,,19.8,0.29874240685814135,0.297393863965895,-0.028353400692509672,,,,,,,,19.8,0.34628355114740506,0.34607787853893673,-0.011933137946343276,,
,,,,,,,19.85,0.30827986970939836,0.3046648834280326,0.047072145413470844,,,,,,,,19.85,0.35489226918563693,0.34835644379425046,0.06779609719411432,,
,,,,,,,19.900000000000002,0.3163672378715675,0.29124215816698085,0.12355660445611273,,,,,,,,19.900000000000002,0.36196951563405005,0.330532546817194,0.14754716446915622,,
,,,,,,,19.950000000000003,0.3230004944241328,0.25736527886295224,0.19517282760166463,,,,,,,,19.950000000000003,0.36750894477993157,0.2929600374461674,0.22189466183934892,,
,,,,,,,20.0,0.32818131391063454,0.20499138376580942,0.2562840365334702,,,,,,,,20.0,0.3715119806381918,0.2375107223903119,0.28567430494768753,,
,,,,,,,20.05,0.33191691648552923,0.1376328979012707,0.302036462806331,,,,,,,,20.05,0.3739873205318577,0.16743928418189322,0.3344108282206987,,
,,,,,,,20.1,0.3342199176439613,0.060057467897462295,0.32877964337787335,,,,,,,,20.1,0.3749505260753192,0.08712921176521532,0.3646867113857193,,
,,,,,,,20.150000000000002,0.33510817016853384,-0.022121253228422646,0.3343772358718623,,,,,,,,20.150000000000002,0.37442367368943846,0.0017431445848767675,0.37441961602732743,,
,,,,,,,20.200000000000003,0.3346045963460391,-0.10292381340628194,0.31838172769460976,,,,,,,,20.200000000000003,0.37243504660512405,-0.08319068771469389,0.3630250313922129,,
,,,,,,,20.25,0.33273700941584095,-0.17651214388298758,0.2820591790685581,,,,,,,,20.25,0.36901885701601367,-0.16221897014162576,0.33145123707658036,,
,,,,,,,20.3,0.3295379238135503,-0.2376779562940838,0.2282639531840559,,,,,,,,20.3,0.36421499185562184,-0.23039194560701792,0.2820852915197877,,
,,,,,,,20.35,0.32504435418689137,-0.28226905285898696,0.16117696481465246,,,,,,,,20.35,0.35806877939875886,-0.2836430832430363,0.21854027571251264,,
,,,,,,,20.400000000000002,0.3192976034559985,-0.3075166086043186,0.08593308446251885,,,,,,,,20.400000000000002,0.3506307770832337,-0.3190876729936438,0.14534441434569736,,
,,,,,,,20.450000000000003,0.312343040412119,-0.31223609463286733,0.008172888247230883,,,,,,,,20.450000000000003,0.3419565840674369,-0.33521606714191177,0.06756103697383098,,
,,,,,,,20.5,0.3042298675259418,-0.2968864333632968,-0.06643988244776493,,,,,,,,20.5,0.3321066855177804,-0.3319671503968459,-0.009626090743589241,,
,,,,,,,20.55,0.2950108797910576,-0.2634850778822295,-0.1326914953133367,,,,,,,,20.55,0.3211463399659555,-0.31067858690322936,-0.08132519482510708,,
,,,,,,,20.6,0.2847422155776793,-0.21538976823354206,-0.18624010597179824,,,,,,,,20.6,0.30914552698042214,-0.27392144582079286,-0.1433108452680722,,
,,,,,,,20.650000000000002,0.27348310063664993,-0.15696954381775008,-0.22394992441946357,,,,,,,,20.650000000000002,0.29617898089327044,-0.2252369390087981,-0.19232865108694344,,
,,,,,,,20.700000000000003,0.261295586600147,-0.09319712432839322,-0.2441099743837456,,,,,,,,20.700000000000003,0.28232634905012005,-0.16880131030453652,-0.2263057334833605,,
,,,,,,,20.75,0.2482442856143832,-0.029201182794988907,-0.24652082318451132,,,,,,,,20.75,0.2676725326990185,-0.10905067570918518,-0.2444514980295217,,
,,,,,,,20.8,0.23439610318082768,0.030180203984369443,-0.23244502247589444,,,,,,,,20.8,0.25230829974826047,-0.05030035426873326,-0.2472435084735249,,
,,,,,,,20.85,0.2198199720033723,0.08080471266035198,-0.20442949518951842,,,,,,,,20.85,0.23633130904419758,0.003607236849977255,-0.23630377795721377,,
,,,,,,,20.900000000000002,0.2045865908830324,0.11955405288149454,-0.16601958200390124,,,,,,,,20.900000000000002,0.21984776933290956,0.049595612312904845,-0.21418057082743114,,
,,,,,,,20.950000000000003,0.1887681749584599,0.14455776698601316,-0.12139388733031516,,,,,,,,20.950000000000003,0.20297509725274843,0.08556392955066693,-0.18405896898714605,,
,,,,,,,21.0,0.17243822789404753,0.15529519774704353,-0.07495561350523468,,,,,,,,21.0,0.18584618164186487,0.11049747405122369,-0.14942928581493045,,
,,,,,,,21.05,0.15567135528567266,0.15256989928470527,-0.030919196120420395,,,,,,,,21.05,0.16861628428716158,0.12447260907534947,-0.11374542152009515,,
,,,,,,,21.1,0.13854315714800944,0.13836267205280597,0.007069467797911126,,,,,,,,21.1,0.15147434131409263,0.12855982410030828,-0.08010522894191129,,
,,,,,,,21.150000000000002,0.12113028033623313,0.11558048312716439,0.03624495460647862,,,,,,,,21.150000000000002,0.1346616589629393,0.12463788202892609,-0.050981965026806006,,
,,,,,,,21.200000000000003,0.10351082071549095,0.08772778009227851,0.05493929927907101,,,,,,,,21.200000000000003,0.11850280865481053,0.1151399976066457,-0.028030280237990098,,
,,,,,,,21.25,0.08576557513924309,0.05853330042146323,0.06268641496158386,,,,,,,,21.25,0.10345504431004425,0.10275877262502818,-0.011982522346775689,,
,,,,,,,21.3,0.0679816729042429,0.03156885814829367,0.06020726738585954,,,,,,,,21.3,0.09017848771403747,0.09013977283890096,-0.0026421580085493925,,
,,,,,,,21.35,0.050264346242286526,0.009896502874788821,0.049280459961467085,,,,,,,,21.35,0.07960055808281932,0.0795939159774544,0.0010282929885116478,,
,,,,,,,21.400000000000002,0.032786667385200745,-0.004223034796024252,0.032513559253630704,,,,,,,,21.400000000000002,0.07286000121459518,0.07285627996966096,0.0007363735283070563,,
,,,,,,,21.450000000000003,0.016153323875812756,-0.009534186802359425,0.013039522777104146,,,,,,,,21.450000000000003,0.07092715685479858,0.07091382952920773,-0.0013749039994365808,,
,,,,,,,21.5,0.008284498979232462,-0.005885095553544792,-0.0058308295861353235,,,,,,,,21.5,0.07397829414732973,0.07391742363107003,-0.003000414753625007,,
,,,,,,,21.55,0.02174964863313034,0.0057863927364863125,-0.020965802507029556,,,,,,,,21.55,0.08120859216011134,0.0811850116410376,-0.0019568662376071144,,
,,,,,,,21.6,0.037954593694286776,0.023575725512022586,-0.02974451796684829,,,,,,,,21.6,0.09136301606197512,0.09129396838943508,0.0035513433584421225,,
,,,,,,,21.650000000000002,0.054126819311639957,0.044829766700175175,-0.030331577380722965,,,,,,,,21.650000000000002,0.10330469549806762,0.1022519081449805,0.01471079170741477,,
,,,,,,,21.700000000000003,0.0699440556714784,0.06643735238548641,-0.02186890787811714,,,,,,,,21.700000000000003,0.11620469009193085,0.11172785798355268,0.03194394699733853,,
,,,,,,,21.75,0.08528541933785588,0.08516303542746133,-0.004567291146280174,,,,,,,,21.75,0.12950253993777197,0.11732004614192179,0.05483534100916636,,
,,,,,,,21.8,0.10007373312882291,0.09799107632076633,0.020310121216689354,,,,,,,,21.8,0.1428214708804536,0.11683327252217328,0.08214596141147688,,
,,,,,,,21.85,0.11424757564141219,0.10244619405152505,0.050569614041412976,,,,,,,,21.85,0.1559016417343272,0.10853815281520139,0.11191421392710804,,
,,,,,,,21.900000000000002,0.12775372911863303,0.0968602068510079,0.08330135432570726,,,,,,,,21.900000000000002,0.16855718815479548,0.09138649297056306,0.14163345149078432,,
,,,,,,,21.950000000000003,0.1405446131105175,0.08055917888859139,0.11516512914585292,,,,,,,,21.950000000000003,0.1806501389186957,0.06516143815319043,0.1684887523520546,,
,,,,,,,22.0,0.15257729013872426,0.05395349245924819,0.1427194805116887,,,,,,,,22.0,0.19207470175968838,0.030547407941991546,0.18963002643067578,,
,,,,,,,22.05,0.16381305532071155,0.018522625694019634,0.16276249393182002,,,,,,,,22.05,0.20274768048370231,-0.010887443532982115,0.20245514445140084,,
,,,,,,,22.1,0.1742172672203326,-0.023303561378664316,0.17265167310162852,,,,,,,,22.1,0.21260251202344613,-0.056795157149641964,0.2048759093769373,,
,,,,,,,22.150000000000002,0.18375928421387105,-0.06835548837464697,0.1705725703149769,,,,,,,,22.150000000000002,0.2215854694344492,-0.10422902425698885,0.19554137865659343,,
,,,,,,,22.200000000000003,0.19241244689096826,-0.1130063648987635,0.15573089356623235,,,,,,,,22.200000000000003,0.22965318557147846,-0.14988525653498966,0.17399711352941538,,
,,,,,,,22.25,0.20015407824257445,-0.15349986503231236,0.12845017116452784,,,,,,,,22.25,0.23677099844571303,-0.19038310823026833,0.1407649736460096,,
,,,,,,,22.3,0.2069654873335581,-0.18629225340090858,0.09016600950485097,,,,,,,,22.3,0.24291181776741608,-0.22255774531866715,0.09733550847322704,,
,,,,,,,22.35,0.2128319688469021,-0.2083771240143128,0.043317677116535246,,,,,,,,22.35,0.24805532786441511,-0.24373902779651382,0.04607311592168187,,
,,,,,,,22.400000000000002,0.2177427942996642,-0.21756275826531637,-0.008852721921159963,,,,,,,,22.400000000000002,0.25218741096086605,-0.25199073816800627,-0.009957817265247864,,
,,,,,,,22.450000000000003,0.22169119257162534,-0.2126767182127967,-0.06257474246102926,,,,,,,,22.450000000000003,0.2552997166069946,-0.24628849905046446,-0.06723035426859746,,
,,,,,,,22.5,0.22467431843274888,-0.19367920487347393,-0.11387236259426234,,,,,,,,22.5,0.257389329030359,-0.22662030815667902,-0.12203484186768235,,
,,,,,,,22.55,0.2266932083795865,-0.1616752603478184,-0.1589053835365428,,,,,,,,22.55,0.25845850070139237,-0.19400073374605253,-0.17077620411171132,,
,,,,,,,22.6,0.22775272348239708,-0.11882526588679172,-0.19429837683465728,,,,,,,,22.6,0.2585144311782719,-0.15039768633266856,-0.2102623291823947,,
,,,,,,,22.650000000000002,0.22786147920339667,-0.06816250827175133,-0.21742751935038815,,,,,,,,22.650000000000002,0.25756907752640557,-0.09857857950159497,-0.23795817565541058,,
,,,,,,,22.700000000000003,0.22703176232637445,-0.013334993207602489,-0.22663980025841132,,,,,,,,22.700000000000003,0.25563898764557597,-0.04188988741293742,-0.2521835231274763,,
,,,,,,,22.75,0.22527943526939254,0.0417045882952244,-0.22138552633454214,,,,,,,,22.75,0.25274515153715116,0.0160100538130008,-0.2522375661998869,,
,,,,,,,22.8,0.2226238281530633,0.09303238606761373,-0.2022531680940774,,,,,,,,22.8,0.24891286847480038,0.07144118859656853,-0.23844029161251837,,
,,,,,,,22.85,0.21908761907756136,0.13708026622265043,-0.17090460919882153,,,,,,,,22.85,0.24417163061944022,0.12098926545711486,-0.21208814875778456,,
,,,,,,,22.900000000000002,0.21469670312842914,0.17092689355813848,-0.12991794099654458,,,,,,,,22.900000000000002,0.23855502618882055,0.16176577389134963,-0.17532921866386564,,
,,,,,,,22.950000000000003,0.20948005068857156,0.1925275393018925,-0.08255324492014078,,,,,,,,22.950000000000003,0.2321006681995494,0.19161818088702104,-0.13097019864162307,,
,,,,,,,23.0,0.20346955568433803,0.20086307904080486,-0.03246357294921973,,,,,,,,23.0,0.22485015845692513,0.20927317266627757,-0.08223340537941204,,
,,,,,,,23.05,0.19669987443931833,0.1959962975378449,0.01662203224338623,,,,,,,,23.05,0.21684910144013136,0.2144019209832221,-0.03248613664467595,,
,,,,,,,23.1,0.1892082558523974,0.1790322443370241,0.06121453724691854,,,,,,,,23.1,0.20814718985942043,0.20760359962377767,0.015033232174879837,,
,,,,,,,23.150000000000002,0.18103436365885917,0.15198817645459184,0.09835158892146036,,,,,,,,23.150000000000002,0.1987983942699767,0.19031080020539098,0.05746825984406404,,
,,,,,,,23.200000000000003,0.17222009157801535,0.11758676802012046,0.12582969414936354,,,,,,,,23.200000000000003,0.18886130535790005,0.16462745138281998,0.09255482112071316,,
,,,,,,,23.25,0.16280937220317926,0.07899301901815112,0.14236219520501703,,,,,,,,23.25,0.17839970292057222,0.13311570005228252,0.1187714797488824,,
,,,,,,,23.3,0.15284798055898488,0.03952005327606868,0.14765050135375943,,,,,,,,23.3,0.16748346613379195,0.09855244627276674,0.1354183398282613,,
,,,,,,,23.35,0.14238333335499778,0.0023313499645353565,0.14236424559777391,,,,,,,,23.35,0.1561900056266659,0.06367847245909374,0.14261966906052745,,
,,,,,,,23.400000000000002,0.13146428513914235,-0.029833277699986477,0.1280345024156427,,,,,,,,23.400000000000002,0.1446065065646671,0.030963198300506128,0.14125268879508326,,
,,,,,,,23.450000000000003,0.1201409228764468,-0.054883396574602304,0.10687213916657265,,,,,,,,23.450000000000003,0.13283345259609886,0.0024060548506523757,0.13281165998757674,,
,,,,,,,23.5,0.10846436112150164,-0.07153578252023172,0.08153005245131162,,,,,,,,23.5,0.12099019971325199,-0.02060846957899918,0.11922214311219233,,
,,,,,,,23.55,0.09648654133894384,-0.07939149874513682,0.05483286046298021,,,,,,,,23.55,0.1092238499680101,-0.037390503364336816,0.10262455680779282,,
,,,,,,,23.6,0.08426004217048814,-0.07892715013507748,0.029500164035601215,,,,,,,,23.6,0.09772337693287446,-0.047953991736771444,0.08514853537010672,,
,,,,,,,23.650000000000002,0.07183791582098271,-0.07140336915518802,0.007889551494891383,,,,,,,,23.650000000000002,0.08674168575750622,-0.05295699961472494,0.06869989985334754,,
,,,,,,,23.700000000000003,0.05927359017957017,-0.05870129191326396,-0.008216861961199588,,,,,,,,23.700000000000003,0.07662784096453017,-0.053581180020964916,0.05478031725397616,,
,,,,,,,23.75,0.046620960330180455,-0.04310434749019248,-0.017763140757000074,,,,,,,,23.75,0.06786555521719755,-0.05136407115053625,0.044356124490098764,,
,,,,,,,23.8,0.03393515794838347,-0.0270475134153687,-0.020494559351866632,,,,,,,,23.8,0.06109100782423704,-0.0480020880050275,0.03778770678591898,,
,,,,,,,23.85,0.021276787985973256,-0.01285885915341928,-0.016951443840351216,,,,,,,,23.85,0.05701569481857611,-0.045144507338010675,0.03482474569689356,,
,,,,,,,23.900000000000002,0.008754216136769521,-0.0025184892943397063,-0.00838412260427841,,,,,,,,23.900000000000002,0.05617217884022933,-0.04419920587141976,0.034666177695191036,,
,,,,,,,23.950000000000003,0.004246250225283652,0.002542084287985794,0.0034012421919788695,,,,,,,,23.950000000000003,0.05859346793185222,-0.04616938742639554,0.036077446541466635,,
,,,,,,,24.0,0.01632649229720853,0.001581338108185693,0.01624972985985949,,,,,,,,24.0,0.06376714582152786,-0.05153719734456355,0.037552179378719276,,
,,,,,,,24.05,0.02841121849262983,-0.005382959055006157,0.027896614275715943,,,,,,,,24.05,0.07092971943456655,-0.06020531287110235,0.03750127199388051,,
,,,,,,,24.1,0.04025693557437527,-0.017582313969149357,0.036214404555779414,,,,,,,,24.1,0.07936814344785716,-0.07150179047539643,0.03444990788336218,,
,,,,,,,24.150000000000002,0.0518031846397295,-0.033582192746583944,0.03944371013417971,,,,,,,,24.150000000000002,0.08853617851093304,-0.08424720769226401,0.0272224705230134,,
,,,,,,,24.200000000000003,0.06300269079119797,-0.05143378801262576,0.03638549845204234,,,,,,,,24.200000000000003,0.09804628041052575,-0.09687705439361456,0.015096669644530589,,
,,,,,,,24.25,0.07381248224941048,-0.06887750011114466,0.0265362490615913,,,,,,,,24.25,0.10762724934578173,-0.10760698072399577,-0.002088660145805953,,
,,,,,,,24.3,0.08419240190214239,-0.08357795178651672,0.01015315287103247,,,,,,,,24.3,0.11708608425977984,-0.11462439486410252,-0.023883032247320957,,
,,,,,,,24.35,0.09410478662617638,-0.09336750550855553,-0.011756690906374863,,,,,,,,24.35,0.12628135805055596,-0.1162874004378783,-0.04923638787008298,,
,,,,,,,24.400000000000002,0.10351442973434734,-0.09647461001861979,-0.03752181745308135,,,,,,,,24.400000000000002,0.1351060931281759,-0.11131139241867764,-0.07657303910760295,,
,,,,,,,24.450000000000003,0.11238862726903491,-0.09171490488741067,-0.06495829247225693,,,,,,,,24.450000000000003,0.14347699545997036,-0.09892483899903068,-0.10392076046313466,,
,,,,,,,24.5,0.12069724946470933,-0.07862668532744838,-0.09157330606003417,,,,,,,,24.5,0.15132767421786192,-0.07897873523506513,-0.12908301346364995,,
,,,,,,,24.55,0.12841281662931156,-0.057537708560439806,-0.11480097372534386,,,,,,,,24.55,0.15860431792394203,-0.051998629552283376,-0.14983815331484593,,
,,,,,,,24.6,0.13551057102549396,-0.029556886303399237,-0.1322478934868279,,,,,,,,24.6,0.16526288966209973,-0.019173569721691118,-0.16414687607016712,,
,,,,,,,24.650000000000002,0.1419685409427943,0.0035084713227952224,-0.14192518186144057,,,,,,,,24.650000000000002,0.17126727290204616,0.017717728587014068,-0.17034835150661382,,
,,,,,,,24.700000000000003,0.14776759508120077,0.039302189314252674,-0.14244507738489368,,,,,,,,24.700000000000003,0.1765880212427082,0.05643728247146597,-0.1673265143175197,,
,,,,,,,24.75,0.1528914862579497,0.07512163137178889,-0.13316361015760234,,,,,,,,24.75,0.1812014978223007,0.0944633022867552,-0.15463074511275676,,
,,,,,,,24.8,0.1573268839022104,0.10815417577595451,-0.11425595240775652,,,,,,,,24.8,0.185089269822805,0.12919499642076412,-0.13253939302478288,,
,,,,,,,24.85,0.16106339505571027,0.1357258658239829,-0.08671739487093685,,,,,,,,24.85,0.18823767210637266,0.15816827827670057,-0.10205986942481592,,
,,,,,,,24.900000000000002,0.16409357375439454,0.1555393007269992,-0.05228983531093804,,,,,,,,24.900000000000002,0.1906374841900799,0.17926292961705445,-0.06486487835056766,,
,,,,,,,24.950000000000003,0.16641291877390646,0.16587893793958428,-0.013320566162379829,,,,,,,,24.950000000000003,0.19228368384998293,0.19088257394530733,-0.02317019721397435,,
,,,,,,,25.0,0.16801985980281628,0.16576510189625165,0.027433634128262097,,,,,,,,25.0,0.1931752529716972,0.19209132840938453,0.020435261451647244,,
,,,,,,,25.05,0.16891573217347078,0.15504282769120525,0.06703913899517909,,,,,,,,25.05,0.19331501941450394,0.1826949861648078,0.06319207831263914,,
,,,,,,,25.1,0.16910474033713596,0.13439774596236817,0.10263361576367136,,,,,,,,25.1,0.19270952419972615,0.163259652523032,0.10238772668315124,,
,,,,,,,25.150000000000002,0.16859391032086346,0.1052979607294329,0.1316671791431037,,,,,,,,25.150000000000002,0.19136890725018352,0.13506643953122438,0.1355695967925237,,
,,,,,,,25.200000000000003,0.167393031450059,0.06986765266462071,0.15211488450896696,,,,,,,,25.200000000000003,0.18930680782711817,0.10000658504956124,0.16073503176475973,,
,,,,,,,25.25,0.16551458766396168,0.03070432710091432,0.16264170137714165,,,,,,,,25.25,0.1865402781638579,0.06042667203513149,0.17648198968792292,,
,,,,,,,25.3,0.1629736787917308,-0.009343348216804772,0.16270562935255123,,,,,,,,25.3,0.18308971090248002,0.01893799713762164,0.18210764537154706,,
,,,,,,,25.35,0.1597879321948212,-0.04741675923067861,0.1525904132609799,,,,,,,,25.35,0.178978783075905,-0.021792817703670683,0.177647059890859,,
,,,,,,,25.400000000000002,0.15597740521701153,-0.0808857602038123,0.1333658304607413,,,,,,,,25.400000000000002,0.17423442182541526,-0.05925342639622307,0.16384952001499462,,
,,,,,,,25.450000000000003,0.1515644789168083,-0.10756296233454743,0.10678014985539383,,,,,,,,25.450000000000003,0.16888680014524546,-0.09127728634075949,0.14209577144154248,,
,,,,,,,25.5,0.14657374358818856,-0.12587505949113645,0.07509548393584599,,,,,,,,25.5,0.16296937517476445,-0.11620074809538311,0.11426462001392403,,
,,,,,,,25.55,0.1410318766046286,-0.1349765450967052,0.040881811265895414,,,,,,,,25.55,0.15651898762059818,-0.13297272951567796,0.0825617749986476,,
,,,,,,,25.6,0.1349675131484237,-0.13479665920284836,0.006788981751417523,,,,,,,,25.6,0.14957604988965564,-0.14120851721169558,0.049326963898734213,,
,,,,,,,25.650000000000002,0.12841111041248013,-0.1260166593608921,-0.0246822778707122,,,,,,,,25.650000000000002,0.1421848642249729,-0.14118445927381743,0.016836985307167263,,
,,,,,,,25.700000000000003,0.12139480588566266,-0.10998094316900088,-0.05138960046229894,,,,,,,,25.700000000000003,0.13439413347074783,-0.133775742872281,-0.012877644595287499,,
,,,,,,,25.75,0.11395227035625301,-0.08855156486663875,-0.07171987366841948,,,,,,,,25.75,0.12625776088049243,-0.12034458335722308,-0.03818643003911193,,
,,,,,,,25.8,0.10611855629302797,-0.063920729947442,-0.0847070733333571,,,,,,,,25.8,0.11783608966726744,-0.1025905168931326,-0.057970077381974974,,
,,,,,,,25.85,0.09792994229371982,-0.03839946471900256,-0.09008748363088721,,,,,,,,25.85,0.10919782105295366,-0.0823776931000644,-0.07168040040502349,,
,,,,,,,25.900000000000002,0.0894237743345965,-0.014202525031983593,-0.08828872917287188,,,,,,,,25.900000000000002,0.10042299253493049,-0.06155582762417517,-0.07934517953331216,,
,,,,,,,25.950000000000003,0.08063830463169397,0.0067504203152145914,-0.080355261180845,,,,,,,,25.950000000000003,0.0916076262926076,-0.041791655053932376,-0.08151941341066667,,
,,,,,,,26.0,0.0716125290812049,0.02299919230802706,-0.06781881357399881,,,,,,,,26.0,0.0828710017180524,-0.024426327769251084,-0.07918937704934012,,
,,,,,,,26.05,0.06238602461040946,0.03365851289464776,-0.05252733170846816,,,,,,,,26.05,0.07436694325853326,-0.010371390843406453,-0.07364018265587892,,
,,,,,,,26.1,0.05299878872051557,0.038474718107329595,-0.03644952225205939,,,,,,,,26.1,0.0663007570749126,-5.2012492720163094e-05,-0.06630073667318619,,
,,,,,,,26.150000000000002,0.0434910863383388,0.03781977391591393,-0.02147415404242962,,,,,,,,26.150000000000002,0.058952268643431775,0.00659854822616618,-0.058581815775155935,,
,,,,,,,26.200000000000003,0.03390331916266087,0.032624592997075264,-0.009223393194504697,,,,,,,,26.200000000000003,0.05269907902608245,0.010094246792697813,-0.051723293706853135,,
,,,,,,,26.25,0.02427597858149222,0.02425937154583147,-0.0008977907831847802,,,,,,,,26.25,0.048015674609629015,0.011307153535676115,-0.04666533281932552,,
,,,,,,,26.3,0.014650058871801864,0.014373575906470735,0.0028327620105092596,,,,,,,,26.3,0.04539595523672604,0.011343950088709606,-0.04395574533823422,,
,,,,,,,26.35,0.005073958838890892,0.004711857624345404,0.0018824069768934362,,,,,,,,26.35,0.04516471399667451,0.0114011836917943,-0.04370199538725172,,
,,,,,,,26.400000000000002,0.004479932158479252,-0.0030757653498553602,-0.003257216550554431,,,,,,,,26.400000000000002,0.04728542508987145,0.012614296662213267,-0.04557182183814379,,
,,,,,,,26.450000000000003,0.013858717146841946,-0.00761082899903765,-0.011581853172250913,,,,,,,,26.450000000000003,0.051369452629164244,0.015915839386678583,-0.04884164944017964,,
,,,,,,,26.5,0.023095979393090972,-0.007933289957830604,-0.021690716322221054,,,,,,,,26.5,0.05687950098591493,0.021917181837511297,-0.052487282009151155,,
,,,,,,,26.55,0.03214450439747395,-0.0036042728990388273,-0.03194179675328982,,,,,,,,26.55,0.0633175456963342,0.030825581363319622,-0.055307279146788006,,
,,,,,,,26.6,0.040967903817327095,0.005244974579686375,-0.04063076894232015,,,,,,,,26.6,0.07029654088001942,0.042404891268234324,-0.0560662898382394,,
,,,,,,,26.650000000000002,0.04953190245202763,0.017922325565096604,-0.04617574695503978,,,,,,,,26.650000000000002,0.07753607558854327,0.05598385620203303,-0.05364374019792415,,
,,,,,,,26.700000000000003,0.057803818317562115,0.03324098639306259,-0.04728972653448059,,,,,,,,26.700000000000003,0.08483579289539311,0.07051125614946493,-0.0471728153963125,,
,,,,,,,26.75,0.06575255409853933,0.049635980502601186,-0.04312386589844117,,,,,,,,26.75,0.09205048346421127,0.08465257899516365,-0.036155668649087515,,
,,,,,,,26.8,0.07334867131404103,0.06531941992246468,-0.033367663456225875,,,,,,,,26.8,0.09907211942476742,0.09691885664635888,-0.02054312716403988,,
,,,,,,,26.85,0.08056448029443895,0.07845942247135465,-0.01829629772862619,,,,,,,,26.85,0.10581797745213803,0.10581517143432678,-0.0007706142908279965,,
,,,,,,,26.900000000000002,0.08737412992516339,0.08736533756180276,0.0012395050994598066,,,,,,,,26.900000000000002,0.11222300182404724,0.10999441821533806,0.022253765970491786,,
,,,,,,,26.950000000000003,0.09375369209668234,0.0906614060854226,0.02388020578583054,,,,,,,,26.950000000000003,0.1182349057819997,0.10840136733617338,0.04720843679816513,,
,,,,,,,27.0,0.09968123888311438,0.08743213738559424,0.04787453119832181,,,,,,,,27.0,0.12381100102363628,0.10039295703975315,0.07245976919152544,,
,,,,,,,27.05,0.10513691152010385,0.07732541641889905,0.07123587677308396,,,,,,,,27.05,0.128916116496259,0.08582295927531207,0.09619659429369183,,
,,,,,,,27.1,0.11010298067248625,0.06060338793072997,0.09192331436737544,,,,,,,,27.1,0.13352120964966083,0.0650824940144706,0.11658551539177188,,
,,,,,,,27.150000000000002,0.11456389768030069,0.038136112891486905,0.10803019737661397,,,,,,,,27.150000000000002,0.13760242337065234,0.03909199463502359,0.1319327210093521,,
,,,,,,,27.200000000000003,0.11850633658266241,0.01133838418250119,0.11796267568334179,,,,,,,,27.200000000000003,0.1411404336333953,0.009244758920112815,0.14083734035663928,,
,,,,,,,27.25,0.1219192267928107,-0.01794458532214469,0.12059141644152406,,,,,,,,27.25,0.14411998922076136,-0.022693270121269878,0.1423221233125597,,
,,,,,,,27.3,0.12479377635433725,-0.04759212700377034,0.11536236849178044,,,,,,,,27.3,0.14652957978947254,-0.054718783719869254,0.13592929213932356,,
,,,,,,,27.35,0.12712348575681998,-0.07538950112049282,0.10235625897700457,,,,,,,,27.35,0.14836119052183558,-0.08474949251321742,0.1217726010718688,,
,,,,,,,27.400000000000002,0.128904152332799,-0.09921906221105829,0.08229130077107541,,,,,,,,27.400000000000002,0.14961011567230958,-0.11079153665082214,0.10054064908300218,,
,,,,,,,27.450000000000003,0.13013386529900733,-0.1172437216441172,0.05646886427666974,,,,,,,,27.450000000000003,0.15027481250076136,-0.1311010232918724,0.07345094256687867,,
,,,,,,,27.5,0.13081299154394654,-0.1280660098104088,0.026667131227728715,,,,,,,,27.5,0.15035678321971568,-0.1443253538952176,0.042158682180551715,,
,,,,,,,27.55,0.13094415230165576,-0.13084837054795412,-0.00500748908581091,,,,,,,,27.55,0.14986047680158715,-0.14961187893959144,0.008628336303371118,,
,,,,,,,27.6,0.13053219088800866,-0.12538396487048342,-0.03629757858839778,,,,,,,,27.6,0.14879320550892824,-0.14667442490818475,-0.025020613171451888,,
,,,,,,,27.650000000000002,0.1295841317111851,-0.112111869797112,-0.06498442768800208,,,,,,,,27.650000000000002,0.14716507329436299,-0.13581209047974974,-0.056680110067425786,,
,,,,,,,27.700000000000003,0.12810913080207512,-0.09207569418115748,-0.08907309322079904,,,,,,,,27.700000000000003,0.144988915092544,-0.11787904283856876,-0.08441751452853727,,
,,,,,,,27.75,0.12611841814327726,-0.06682981491391586,-0.10695621175758925,,,,,,,,27.75,0.1422802477433016,-0.09420845633696223,-0.1066228664616646,,
,,,,,,,27.8,0.1236252321070352,-0.03830218205773971,-0.11754208124384258,,,,,,,,27.8,0.1390572350643283,-0.0664978165319049,-0.12212679894365924,,
,,,,,,,27.85,0.12064474634296532,-0.008626513948592868,-0.12033593842760847,,,,,,,,27.85,0.13534067166734318,-0.036666189649896666,-0.13027926904893733,,
,,,,,,,27.900000000000002,0.11719398948586067,0.02004064770812138,-0.11546776005037505,,,,,,,,27.900000000000002,0.13115399277559825,-0.006696426685246884,-0.1309829290046256,,
,,,,,,,27.950000000000003,0.11329175808243547,0.0457013605592418,-0.10366488360309511,,,,,,,,27.950000000000003,0.12652332096099916,0.021523574779045453,-0.12467913408317709,,
,,,,,,,28.0,0.10895852316406351,0.06667987981293301,-0.08617281124708985,,,,,,,,28.0,0.12147756598940564,0.04634658162580113,-0.11228888373438109,,
,,,,,,,28.05,0.10421633092122608,0.08175399107889444,-0.06463225644641034,,,,,,,,28.05,0.11604860180323012,0.06648617080056987,-0.09511502022689222,,
,,,,,,,28.1,0.09908869796600253,0.09024281022535954,-0.04092438475074996,,,,,,,,28.1,0.1102715566243771,0.08110133098760436,-0.07471539541755937,,
,,,,,,,28.150000000000002,0.09360050170455887,0.09204395751629468,-0.016998935380889788,,,,,,,,28.150000000000002,0.10418527074697918,0.08983897871676075,-0.05275915601818103,,
,,,,,,,28.200000000000003,0.08777786638762707,0.08761778959494107,0.005298752122976304,,,,,,,,28.200000000000003,0.09783300595600748,0.09283183049701044,-0.030879577409066307,,
,,,,,,,28.25,0.08164804547462759,0.07792129864486433,0.024385949793369117,,,,,,,,28.25,0.09126353747436053,0.09065322477571881,-0.010536892810359607,,
,,,,,,,28.3,0.07523930105912253,0.06429890235515039,0.03907177472022629,,,,,,,,28.3,0.08453283491107882,0.08423442003600895,0.007096665364868284,,
,,,,,,,28.35,0.06858078130969891,0.04834122443229471,0.04864616722245712,,,,,,,,28.35,0.07770665963072329,0.0747532447805195,0.021219739530654355,,
,,,,,,,28.400000000000002,0.06170239729685651,0.03172575040277902,0.0529212867715789,,,,,,,,28.400000000000002,0.07086459402704942,0.06350543708657252,0.03144598777367167,,
,,,,,,,28.450000000000003,0.05463470149266585,0.016054690427867405,0.05222257675046346,,,,,,,,28.450000000000003,0.06410628674911728,0.05177136822760538,0.03780663212455908,,
,,,,,,,28.5,0.04740877243802651,0.0027053709203412463,0.04733151880368889,,,,,,,,28.5,0.05756099081938269,0.040690985118869524,0.04071254590620682,,
,,,,,,,28.55,0.04005611599832783,-0.0072929711598535224,0.03938660940640917,,,,,,,,28.55,0.05140144669314415,0.031158734110711052,0.04088082693349232,,
,,,,,,,28.6,0.03260861185263459,-0.013344849823701639,0.02975292506861521,,,,,,,,28.6,0.0458615735466057,0.02374806178104869,0.039234085815961335,,
,,,,,,,28.650000000000002,0.025098601253015745,-0.015329250379481466,0.019873446295523352,,,,,,,,28.650000000000002,0.0412509839289095,0.018672046232291812,0.03678312608523516,,
,,,,,,,28.700000000000003,0.017559538988816816,-0.013592403842632366,0.011116832609991514,,,,,,,,28.700000000000003,0.037943470594519225,0.01578309413532276,0.03450508513643584,,
,,,,,,,28.75,0.01003015542448633,-0.008894229512745107,0.004636453301173917,,,,,,,,28.75,0.03629963186348067,0.014610794367448674,0.03322932381762156,,
,,,,,,,28.8,0.002632440361243436,-0.0023144671075008816,0.001254186694156805,,,,,,,,28.8,0.03651592324648828,0.014433315920171967,0.03354239171692939,,
,,,,,,,28.85,0.005063366541460446,0.004871697864813549,0.0013799422622531054,,,,,,,,28.85,0.03850509774892514,0.014374525792351142,0.035721360009094164,,
,,,,,,,28.900000000000002,0.012379269121328088,0.01133590493642356,0.004974290225814641,,,,,,,,28.900000000000002,0.041939714084833886,0.013516581678853766,0.039701909742939176,,
,,,,,,,28.950000000000003,0.019610208612195455,0.015842598691360073,0.011557350410813926,,,,,,,,28.950000000000003,0.04641049260645273,0.011016346378844603,0.0450840763067729,,
,,,,,,,29.0,0.026698084495696137,0.017384321435518272,0.020262603089581322,,,,,,,,29.0,0.051550675163259,0.006213699917407935,0.05117481844739904,,
,,,,,,,29.05,0.033610732956194954,0.015293085900434173,0.029929966480011148,,,,,,,,29.05,0.0570772989851984,-0.001279293433923199,0.05706296055897951,,
,,,,,,,29.1,0.04031998442635341,0.009317009576127843,0.03922874554073484,,,,,,,,29.1,0.0627843444861972,-0.011517466752652446,0.06171889396419079,,
,,,,,,,29.150000000000002,0.046799516421496,-0.00034518296779979454,0.046798243407254234,,,,,,,,29.150000000000002,0.06852314095341432,-0.02419618012103036,0.06410901429340606,,
,,,,,,,29.200000000000003,0.05302445854981851,-0.013055080970594143,0.051392198487247576,,,,,,,,29.200000000000003,0.07418472388453783,-0.0386624024919487,0.0633134416326871,,
,,,,,,,29.25,0.05897133144613771,-0.02778983645257281,0.05201291111319848,,,,,,,,29.25,0.07968715470984843,-0.053962490672946894,0.058635247301631103,,
,,,,,,,29.3,0.06461807356014664,-0.0432363930957872,0.04802197145777218,,,,,,,,29.3,0.08496709035050544,-0.0689223368491687,0.049690219619968244,,
,,,,,,,29.35,0.06994409391916202,-0.05791562816116727,0.039216785804932645,,,,,,,,29.35,0.08997431700811996,-0.08225240732632648,0.03646805739413247,,
,,,,,,,29.400000000000002,0.07493033121797016,-0.0703245036615237,0.025865396211831992,,,,,,,,29.400000000000002,0.09466821345056857,-0.0926677676198305,0.01935860228114378,,
,,,,,,,29.450000000000003,0.07955931185347596,-0.07908262948258359,0.008696080537750455,,,,,,,,29.450000000000003,0.099015443385577,-0.0990117089555702,-0.0008599526381510201,,
,,,,,,,29.5,0.08381520373421668,-0.08306924289651692,-0.01115747559297013,,,,,,,,29.5,0.10298842971500022,-0.1003711941122903,-0.02307032829490036,,
,,,,,,,29.55,0.08768386434244403,-0.08153753479924773,-0.03225043387127672,,,,,,,,29.55,0.10656433004720858,-0.09617305883915232,-0.04589879292455682,,
,,,,,,,29.6,0.09115288224600171,-0.07419540715440204,-0.05295176577741256,,,,,,,,29.6,0.10972433727007912,-0.08625166615002575,-0.06782389162900176,,
,,,,,,,29.650000000000002,0.09421161160541883,-0.06124491798572582,-0.07158832154906276,,,,,,,,29.650000000000002,0.11245319355341028,-0.07088134438891738,-0.0873015220828391,,
,,,,,,,29.700000000000003,0.09685119940868601,-0.04337655529350676,-0.08659462614833795,,,,,,,,29.700000000000003,0.11473884615005199,-0.05077019499417101,-0.10289504417657419,,
,,,,,,,29.75,0.0990646052783365,-0.02171871032066727,-0.09665450657346276,,,,,,,,29.75,0.11657219839151435,-0.027015424602563287,-0.1133986078899287,,
,,,,,,,29.8,0.10084661377072529,0.00225310496351684,-0.100821441306129,,,,,,,,29.8,0.1179469251544018,-0.001023903380119394,-0.11794248079146988,,
,,,,,,,29.85,0.1021938391434482,0.026839021929326655,-0.09860652950364945,,,,,,,,29.85,0.11885933232294753,0.025595153675012028,-0.11607079300413778,,
,,,,,,,29.900000000000002,0.10310472261235959,0.050258348163384786,-0.09002600882444814,,,,,,,,29.900000000000002,0.11930824651802051,0.05115593897171772,-0.10778463524606206,,
,,,,,,,29.950000000000003,0.1035795221589842,0.0708007778330781,-0.07560401622212018,,,,,,,,29.950000000000003,0.1192949259075536,0.07402912913297453,-0.09354660542800089,,
,,,,,,,30.0,0.10362029498463776,0.08697153733208828,-0.05633042895981283,,,,,,,,30.0,0.11882298606917957,0.09277054238310325,-0.0742464038478719,,
