mea_k,mea_chik,mea_k3chik,mea_r,mea_chir_mag,mea_chir_re,mea_chir_im,mea_q,mea_chiq_mag,mea_chiq_re,mea_chiq_im,fit_k,fit_chik,fit_k3chik,fit_r,fit_chir_mag,fit_chir_re,fit_chir_im,fit_q,fit_chiq_mag,fit_chiq_re,fit_chiq_im,win_k,win_r
0.0,-0.8547589419030804,-0.0,0.0,0.17093311253678004,-0.17093311253678004,0.0,0.0,0.36033581062215386,0.3281899896168333,0.1487724004378083,0.0,-0.05498461999765992,-0.0,0.0,0.1345491208379588,-0.1345491208379588,0.0,0.0,0.3844526710908737,0.33288142827716255,0.19233775244882073,0.0,0.0
0.05,-0.8318694497041583,-0.00010398368121301981,0.030679615757712823,0.16463005755479623,-0.12034944552125494,0.11233461983387849,0.05,0.37111262675342593,0.2953711017563832,0.22467864603261242,0.05,-0.054352926775336506,-6.794115846917065e-06,0.030679615757712823,0.1339805856561953,-0.08617129265905527,0.10259291230023902,0.05,0.3964315323613156,0.28799402277967484,0.2724287112136328,0.0,0.0
0.1,-0.8084263509137276,-0.0008084263509137278,0.06135923151542565,0.14611030109297313,-0.007970516633521373,0.14589273782499945,0.1,0.38148870635703996,0.24408381598088294,0.29318377147137314,0.1,-0.0537212335530131,-5.3721233553013114e-05,0.06135923151542565,0.13127834195242621,0.02158421600559644,0.12949179389135784,0.1,0.40775029608123126,0.22285128691350561,0.34146391884842847,0.0,0.0
0.15000000000000002,-0.7837682704581371,-0.002645217912796214,0.09203884727313846,0.11686947569342583,0.08001716827835811,0.08518055605341615,0.15000000000000002,0.39139721000333405,0.17609505221938287,0.34954586048506825,0.15000000000000002,-0.05265344897942693,-0.00017770539030556598,0.09203884727313846,0.12427284212985629,0.10619562603949487,0.06454632678248966,0.15000000000000002,0.4183449595330359,0.14039207643261778,0.3940844706933216,0.0,0.0
0.2,-0.7572338332637362,-0.006057870666109891,0.1227184630308513,0.08118572970657484,0.08055551925548551,-0.010096089612722898,0.2,0.40077544441871454,0.09445066370652036,0.38948687907863594,0.2,-0.05112931775908042,-0.00040903454207264346,0.1227184630308513,0.11152654205124897,0.10537073128190722,-0.03654009538883427,0.2,0.4281553629433027,0.04502294867571757,0.425781574178187,0.0,0.0
0.25,-0.7281616642568737,-0.011377526004013651,0.15339807878856412,0.05457481524087292,0.004943116453023245,-0.054350492714484805,0.25,0.4095647352478459,0.003338969866629098,0.4095511245728278,0.25,-0.049124872525367735,-0.0007675761332088709,0.15339807878856412,0.09471422493456089,0.026326987873009893,-0.09098172406856767,0.25,0.43712505411987845,-0.0576464662932361,0.43330727880247927,0.0,0.0
0.30000000000000004,-0.6958903883638988,-0.01878904048582528,0.18407769454627693,0.07083833423644624,-0.07050201188665456,-0.006894629600529068,0.30000000000000004,0.41771035253826533,-0.09214872311173752,0.40741938030304625,0.30000000000000004,-0.04661682955978523,-0.0012586543981142019,0.18407769454627693,0.08181211697970076,-0.06025895193344054,-0.05533607500160761,0.30000000000000004,0.44520122192863504,-0.16118403281189075,0.4149985970738276,0.0,0.0
0.35000000000000003,-0.6598260725544702,-0.02829004286077292,0.21475731030398976,0.11511644902573484,-0.06733557134041525,0.09336871889746831,0.35000000000000003,0.42516148753381083,-0.18634532356035238,0.3821488072324057,0.35000000000000003,-0.04358818594984071,-0.0018688434725994208,0.21475731030398976,0.08649649880374577,-0.07709731427985402,0.03921286059623566,0.35000000000000003,0.45233468851602215,-0.2588025103801621,0.37098238644956294,0.0,0.0
0.4,-0.6198186833980536,-0.03966839573747544,0.2454369260617026,0.1608712118068474,0.029210967882031622,0.1581969220421133,0.4,0.4318712791619326,-0.27339885601132585,0.33431402497750856,0.4,-0.040034871115244064,-0.002562231751375621,0.2454369260617026,0.1111325063761737,-0.0029723537720510226,0.11109274992772508,0.4,0.45847995296246247,-0.3438756229601382,0.30323822846441817,0.0,0.0
0.45,-0.5758927128452737,-0.052478223458025566,0.2761165418194154,0.19722748097946485,0.1552616394618213,0.12162443243498641,0.45,0.4377968890011092,-0.34769624034639524,0.2660327808147547,0.45,-0.035973163084382434,-0.0032780544860643497,0.2761165418194154,0.1432958673547725,0.10870991423460881,0.09335877113619565,0.45,0.463595281526614,-0.4104589079068503,0.21550886286567497,0.0,0.0
0.5,-0.5277583696743567,-0.06596979620929459,0.30679615757712825,0.21750207753346681,0.2174512749347684,-0.00470071915965718,0.5,0.4428996243273606,-0.4042849727353386,0.18086939500563287,0.5,-0.03144738593236588,-0.003930923241545735,0.30679615757712825,0.1712816507467544,0.1708671605065165,-0.011908708703023532,0.5,0.4676428419189748,-0.45376970924778215,0.11306139291216304,0.0,0.0
0.55,-0.47464970546504065,-0.07896984474674616,0.3374757733348411,0.21707760351844757,0.16757858292849417,-0.13798588512232013,0.55,0.44714510995537105,-0.43925671064515387,0.0836199229263006,0.55,-0.026537167651792884,-0.004415121268067043,0.3374757733348411,0.1871912703014482,0.13134733718315156,-0.13337334325855874,0.55,0.4705888812425295,-0.4705831811513194,0.0023161965806147806,0.0,0.0
0.6000000000000001,-0.41672405426047965,-0.09001239572026365,0.36815538909255385,0.19354334739064546,0.04255689043428074,-0.18880661639820964,0.6000000000000001,0.45050351096033014,-0.45005906378850646,-0.020006311239140897,0.6000000000000001,-0.02136327836491455,-0.004614468126821545,0.36815538909255385,0.18597370402472552,0.01492325345009366,-0.18537398710482675,0.6000000000000001,0.4724039494848821,-0.4595077803105129,-0.10962705561594017,0.0,0.0
0.65,-0.3553193502846228,-0.09757957657191454,0.3988350048502667,0.1471388844813347,-0.06373429702228056,-0.1326189681361127,0.65,0.4529498099824863,-0.43570738736061726,-0.12378450210973682,0.65,-0.016090823887644656,-0.004418942510144414,0.3988350048502667,0.16527218920859676,-0.09518361450605564,-0.13511097681300657,0.65,0.4730631728812821,-0.42111391311342133,-0.2155268839815758,0.0,0.0
0.7000000000000001,-0.2909490665687763,-0.09979552983309029,0.4295146206079795,0.08140334635424394,-0.07557532384184179,-0.03024690436837695,0.7000000000000001,0.4544641446978898,-0.3968766230921028,-0.22141952230775294,0.7000000000000001,-0.010928393155399693,-0.0037484388523020954,0.4295146206079795,0.12581065834182795,-0.12247631948316552,-0.028772780857291676,0.7000000000000001,0.4725465842545191,-0.35790226912543166,-0.30855508429692163,0.0,0.0
0.75,-0.2249725132041065,-0.09491027900798243,0.46019423636569234,0.020908333214571695,0.002382099572938428,0.02077219293758289,0.75,0.4550322132263843,-0.33586351909879214,-0.30700164757257736,0.75,-0.006121719595907493,-0.0025826004545234735,0.46019423636569234,0.0732248298169093,-0.05786791431710706,0.04486847662115667,0.75,0.4708395207736901,-0.27411274218596526,-0.3828211839667297,0.0,0.0
0.8,-0.1591299741500597,-0.08147454676483058,0.4908738521234052,0.09323531735660513,0.08697037234915768,-0.03360027880889893,0.8,0.4546457577945155,-0.25642094816132466,-0.375434498181236,0.8,-0.0019405954761634774,-0.0009935848837957007,0.4908738521234052,0.04133363156896022,0.03260350362603595,0.025406311223505187,0.8,0.46793310370763397,-0.17538936993115142,-0.4338201913934079,0.0,0.0
0.8500000000000001,-0.09075190300015279,-0.055733012429968844,0.521553467881118,0.17727833609465038,0.08309360883594938,-0.15659840554458418,0.8500000000000001,0.4533031399324185,-0.1634774744863989,-0.4227988316068749,0.8500000000000001,0.001341748685940343,0.0008240014117531134,0.521553467881118,0.09210842491016462,0.06016352113199276,-0.06974462462750584,0.8500000000000001,0.46382481999888886,-0.06833002500169491,-0.4587640693540302,0.0,0.0
0.9,-0.025773031582934175,-0.018788540023959015,0.5522330836388308,0.2489443290572291,-0.036942108378593845,-0.24618805738357452,0.9,0.4510100239039791,-0.06276570243902521,-0.4466212134003529,0.9,0.0034767648970869744,0.0025345616099764047,0.5522330836388308,0.15807324717306653,-0.014884332425331758,-0.1573709252692174,0.9,0.4585192322636043,0.0400396281742255,-0.45676768113700306,0.0,0.0
0.9500000000000001,0.031890286409823956,0.02734193431062282,0.5829126993965437,0.29799544212568635,-0.20568635471250132,-0.2156256177098778,0.9500000000000001,0.44778018895610155,0.039608732748292866,-0.4460249386655821,0.9500000000000001,0.004274991805964861,0.003665271099639124,0.5829126993965437,0.21403598658408246,-0.14895035603296375,-0.15370489579279795,0.9500000000000001,0.4520288526672086,0.1428212128111194,-0.42887315702290574,0.0,0.0
1.0,0.08024794683518771,0.08024794683518771,0.6135923151542565,0.31631270158105546,-0.3094056465444454,-0.06574093905565655,1.0,0.44363649525386006,0.13762023297849116,-0.42175112494938766,1.0,0.003644046231906792,0.003644046231906792,0.6135923151542565,0.25035894829634736,-0.2468185864575281,-0.04195459892742223,1.0,0.4443752277186895,0.23377821411642494,-0.37791148383526546,0.0,0.0
1.05,0.11815368624031185,0.136777661033941,0.6442719309119693,0.29859494314529683,-0.2774273552903947,0.11042192992571788,1.05,0.4386120328189086,0.22575907779627186,-0.37604966975934473,1.05,0.0016258877777616844,0.00188216833873137,0.6442719309119693,0.26068438773152414,-0.23548267012226706,0.11182245784746093,1.05,0.4355902962129538,0.3078023415605328,-0.3082152246154332,0.0,0.0
1.1,0.14317172908263462,0.19056157140898675,0.6749515466696822,0.24315368449215097,-0.14129213407230926,0.19788948211413632,1.1,0.4327514869088224,0.29941245556790713,-0.3124516456551201,1.1,-0.0015724520822434848,-0.002092933721466079,0.6749515466696822,0.24165021769298287,-0.1222012648082096,0.20847464735631488,1.1,0.42571810230701224,0.3612703702835335,-0.22521017336497556,0.0,0.0
1.1500000000000001,0.1533717106351989,0.23325920041230816,0.705631162427395,0.15257113813202722,-0.013935666636218966,0.1519333715360332,1.1500000000000001,0.4261127560910721,0.3551583813217241,-0.23544554589217076,1.1500000000000001,-0.005561498106474494,-0.008458343432684399,0.705631162427395,0.19326982121887368,0.010013774364453103,0.19301022801124612,1.1500000000000001,0.4148169710118584,0.39226055444922975,-0.13492507870161055,0.0,0.0
1.2000000000000002,0.15127228253502684,0.2613985042205265,0.7363107781851077,0.03858800416878485,-0.0010670504394581705,0.03857324810136954,1.2000000000000002,0.41876885901829974,0.3909485781551328,-0.15008852894864627,1.2000000000000002,-0.009772263258884632,-0.016886470911352654,0.7363107781851077,0.11916127176618585,0.06743128860837039,0.09824678114599715,1.2000000000000002,0.40296228480335694,0.40061114908931245,-0.043466196052592894,0.0,0.0
1.25,0.13729446520823113,0.26815325235982646,0.7669903939428205,0.11291153264004643,-0.11219292928265272,-0.012718522795590567,1.25,0.41081015959567574,0.4061670995030957,-0.061589564930001825,1.25,-0.013485292780006191,-0.02633846246094959,0.7669903939428205,0.028041447173795454,0.02061062698672014,0.01901380590032002,1.25,0.39025003690891674,0.3878187876268599,0.04349343940232155,0.0,0.0
1.3,0.11532107973826723,0.2533604121849731,0.7976700097005334,0.2584550627457459,-0.2430245746389726,0.08796633208480335,1.3,0.40234692295727487,0.4015634636441129,0.02509643559014921,1.3,-0.015888998944520533,-0.034908130681111614,0.7976700097005334,0.07909685388170465,-0.070578106551176,0.03570774663339291,1.3,0.3768013752028695,0.3567899699469716,0.12116184919360033,0.0,0.0
1.35,0.09006713771925745,0.2215989339660181,0.8283496254582462,0.39783932452595566,-0.24857590336184457,0.31062219561247,1.35,0.3935121789025849,0.379071188468848,0.10562608114227796,1.35,-0.016166406450263168,-0.03977542227006625,0.8283496254582462,0.1799809398808056,-0.10357617138424487,0.14719074509547025,1.35,0.36276837947387425,0.31147319698704784,0.18597135452743388,0.0,0.0
1.4000000000000001,0.06399509949687603,0.17560255301942787,0.859029241215959,0.5159995330498147,-0.055882796408028866,0.512964551575687,1.4000000000000001,0.38446480436035846,0.34153365075205666,0.17654447370512877,1.4000000000000001,-0.013604457367859792,-0.03733063101740728,0.859029241215959,0.26791297061578634,-0.01621906962279003,0.2674215802898978,1.4000000000000001,0.3483413083530236,0.2564109141687247,0.23578615353802096,0.0,0.0
1.4500000000000002,0.040547132601863274,0.12361300212835548,0.8897088569736719,0.6000900296656465,0.268712043907634,0.5365648899835865,1.4500000000000002,0.37539262805536516,0.2923680343495036,0.23545818671033975,1.4500000000000002,-0.0077153655733260135,-0.023521256370981028,0.8897088569736719,0.3316317345792045,0.1593591792811994,0.2908337314666827,1.4500000000000002,0.333757456753242,0.19625820772243308,0.26995695182745433,0.0,0.0
1.5,0.020531880314364828,0.06929509606098129,0.9203884727313847,0.6403172051278477,0.5524397476799586,0.32375368471423127,1.5,0.36651519403922717,0.23520386106777869,0.2810916775723205,1.5,0.001642070673347061,0.005541988522546331,0.9203884727313847,0.3623451265217776,0.3164855828057025,0.1764394133696262,1.5,0.31931147872626653,0.13531830596695865,0.28922098215134306,0.0,0.0
1.55,0.005087803819415897,0.018946345448027375,0.9510680884890975,0.631075860663765,0.6302855832361365,-0.031572543090397705,1.55,0.3580855875543027,0.1735345984526582,0.3132268046543668,1.55,0.014142392481377108,0.05266450180158819,0.9510680884890975,0.3546744556564601,0.3543054913740214,-0.0161736909028064,1.55,0.30536638364110724,0.07714299309828221,0.2954616504284207,0.0,0.0
1.6,-0.005880159736663852,-0.024085134281375143,0.9817477042468103,0.5717596341513187,0.45975119389699415,-0.3399086920852986,1.6,0.35039043972180156,0.11041885804347355,0.33253742050604274,1.6,0.02877993042638593,0.11788259502647679,0.9817477042468103,0.30755860156432335,0.2565787313495038,-0.1695866976365816,1.6,0.29236317167896647,0.024239164571992534,0.2913566320766299,0.0,0.0
1.6500000000000001,-0.012951124589205314,-0.05817807054528394,1.012427320004523,0.46715752319993625,0.15270811328319686,-0.4414933562578097,1.6500000000000001,0.34374694623747315,0.048261882895017184,0.3403421127439505,1.6500000000000001,0.021840874326453638,0.09811193758372058,1.012427320004523,0.2250081022324266,0.10577417531106677,-0.19859624847287988,1.6500000000000001,0.28082505275628505,-0.022088444338929012,0.27995501581907106,0.0,0.0
1.7000000000000002,-0.016234976247457282,-0.07976243830375765,1.043106935762236,0.32771636952164657,-0.09970468070216704,-0.31218103001067715,1.7000000000000002,0.33849559446978816,-0.01130108418908042,0.338306891699839,1.7000000000000002,0.015080935991792138,0.0740926385276748,1.043106935762236,0.11855894874133265,0.018991203945023603,-0.11702802441880518,1.7000000000000002,0.27134962116061634,-0.06174278051121009,0.2642318034581654,0.0,0.0
1.75,-0.01728787515909077,-0.09265220593075209,1.0737865515199487,0.1726683587070731,-0.1555803540127995,-0.07489402875961773,1.75,0.33498751102826374,-0.06740946939953345,0.32813502705469355,1.75,0.010676970826526331,0.05722189052341455,1.0737865515199487,0.06084993243646863,0.05457805151408821,-0.026906329561059247,1.75,0.26458059364131437,-0.0956889699843168,0.24667085671990283,0.0,0.0
1.8,-0.016443129688401684,-0.09589633234275863,1.1044661672776617,0.09024138793817793,-0.012789819286974513,0.08933044620741161,1.8,0.33356615744475177,-0.11987274314815574,0.31128267995921843,1.8,0.007805684018396191,0.045522749195286594,1.1044661672776617,0.1676516953025024,0.16372113473295924,-0.03608990135142119,1.8,0.2611528253468105,-0.12567502999845678,0.22892484579334915,0.0,0.0
1.85,-0.014417409578222098,-0.0912856309207105,1.1351457830353744,0.21019026993322443,0.20001777845279603,0.06459750674298469,1.85,0.33454460171412687,-0.16897184878924326,0.2887362201955426,1.85,0.005655146719813049,0.0358062683498363,1.1351457830353744,0.28335670523072976,0.22782753123418056,-0.16848037989912398,1.85,0.2616137718948152,-0.1538510737781553,0.21159303566597135,0.0,0.0
1.9000000000000001,-0.011161363485738927,-0.07655579214868333,1.1658253987930873,0.34513109185905455,0.3197345186065789,-0.12994348071081663,1.9000000000000001,0.338181469275808,-0.21519328947109714,0.2608803448482711,1.9000000000000001,0.0035775651570568202,0.024538519412252737,1.1658253987930873,0.3731336024933741,0.1547160501257103,-0.33954621061525925,1.9000000000000001,0.266340322088079,-0.18233125925634355,0.19414551003816108,0.0,0.0
1.9500000000000002,-0.0070733756036977,-0.052448195929468,1.1965050145508,0.4495819396823254,0.2586133166946736,-0.36775409299789247,1.9500000000000002,0.344660126150925,-0.2589310774017375,0.2274759321641456,1.9500000000000002,0.0012296049286801228,0.009117366845547028,1.1965050145508,0.42218549868942423,-0.04231325964832233,-0.420059737848763,1.9500000000000002,0.27548155287825893,-0.21275032252056375,0.1750068177060913,0.0,0.0
2.0,-0.002119471879671087,-0.016955775037368698,1.227184630308513,0.5133924331936761,0.049890249754912006,-0.510962575380933,2.0,0.35407569656026716,-0.3001966902153802,0.18775395089949362,2.0,-0.0017546447118046808,-0.014037157694437447,1.227184630308513,0.42108976205429327,-0.2481310124277867,-0.340216972502112,2.0,0.2889516660214619,-0.24586882879785982,0.15179454641767323,0.0,0.0
2.0500000000000003,0.003680896078710013,0.03171137983009661,1.2578642460662257,0.5356973266332535,-0.19465896694342708,-0.499078663489567,2.0500000000000003,0.3664327379885918,-0.3383778054428193,0.1406179656143462,2.0500000000000003,-0.0054688306900192414,-0.04711465999835203,1.2578642460662257,0.36618904804241476,-0.33364492167126897,-0.15091549009025795,2.0500000000000003,0.30647327881006076,-0.2812778632834254,0.12169073198604684,0.0,0.0
2.1,0.009131579842123044,0.08456756091790152,1.2885438618239387,0.5236426231425448,-0.37189991519455834,-0.3686353887649497,2.1,0.38165342838884164,-0.37208266624386593,0.08493426211966836,2.1,-0.009718682104025057,-0.09000471496537606,1.2885438618239387,0.2608986100793833,-0.2606817789172864,0.010634607744205155,2.1,0.3276481103396731,-0.31724493010551835,0.08190811029137092,0.0,0.0
2.15,0.013705702144718777,0.13621240755251945,1.3192234775816514,0.4914705495697152,-0.4481232003541994,-0.20181401933133372,2.15,0.3995933712810612,-0.3990987025328445,0.0198768208817239,2.15,-0.014355666746388333,-0.14267199950063714,1.3192234775816514,0.12226172605296748,-0.11883826664553944,0.028729706544525203,2.15,0.3520269211244403,-0.3507290546231106,0.03020071918898635,0.0,0.0
2.2,0.01604752429338445,0.17087403867595766,1.3499030933393643,0.45668272285084255,-0.4530668743935701,-0.05735430827497139,2.2,0.42006079273645364,-0.416482180609562,-0.05471437497661867,2.2,-0.01920882480955237,-0.2045355665721137,1.3499030933393643,0.11058084298058601,-0.05955831887678172,-0.09317150576688456,2.2,0.37916132838395444,-0.37757572754689206,-0.034639326051758935,0.0,0.0
2.25,0.014902352580743135,0.16974710986502728,1.380582709097077,0.4309941510301539,-0.4272490127469319,0.05669426186992081,2.25,0.4428352283771876,-0.4207812740211655,-0.1380078219703533,2.25,-0.023993984083857826,-0.27330647495519306,1.380582709097077,0.2851444878824122,-0.17432341258904452,-0.2256517821623239,2.25,0.4086338299149164,-0.3928830293817264,-0.11235894345698684,0.0,0.0
2.3000000000000003,0.01015305935491521,0.1235322731712534,1.41126232485479,0.41036303821446524,-0.3804076959259658,0.15390844035628654,2.3000000000000003,0.4676831510731699,-0.40837943966171203,-0.22793368127443456,2.3000000000000003,-0.02837285850965951,-0.34521256948702733,1.41126232485479,0.46262352220042363,-0.4125080461410971,-0.20942214582507832,2.3000000000000003,0.44007047689596707,-0.3915109263821968,-0.20095078790290408,0.0,0.0
2.35,0.002321178046150818,0.03012395853568955,1.4419419406125027,0.376419147167461,-0.3019396066179154,0.22477510607204068,2.35,0.4943695154240083,-0.37593092622338026,-0.32105631357972114,2.35,-0.031821922173996674,-0.4129809282338571,1.4419419406125027,0.6088958185767427,-0.6086702270735581,0.016573248156732983,2.35,0.4731426609504212,-0.3686883073233774,-0.2965348371680266,0.0,0.0
2.4000000000000004,-0.006442152672262126,-0.08905631854135167,1.4726215563702154,0.31202223520253125,-0.208482298273194,0.23214867341320453,2.4000000000000004,0.5226653328219779,-0.3208472443417798,-0.41259677159691305,2.4000000000000004,-0.03382366768652334,-0.4675783820984989,1.4726215563702154,0.7023135438690863,-0.6049423779050367,0.3567758866803567,2.4000000000000004,0.5075633306180116,-0.3206586913598613,-0.3934444538221757,0.0,0.0
2.45,-0.01421946627264321,-0.20911324843877518,1.5033011721279284,0.2351802286829513,-0.170201889220659,0.1622992817885643,2.45,0.5523519907792512,-0.24178396307803204,-0.4966218248487302,2.45,-0.03409868651206943,-0.5014595461823071,1.5033011721279284,0.7273089768594322,-0.37602994098888776,0.6225590986406091,2.45,0.5430810565988996,-0.24529723629050215,-0.4845268825409162,0.0,0.0
2.5,-0.02071263987532062,-0.32363499805188467,1.533980787885641,0.28211115080237176,-0.2689409760155664,0.0851906850942819,2.5,0.5832232006712836,-0.1390724528582736,-0.5663992890684447,2.5,-0.032943615382846535,-0.5147439903569772,1.533980787885641,0.6769493571926108,-0.055759321994993116,0.674649042253932,2.5,0.5794738067870836,-0.1426298030740621,-0.5616463585098442,0.0,0.0
2.5500000000000003,-0.024363261836025014,-0.40397638072631936,1.564660403643354,0.526658353447979,-0.5043320330262783,0.15171757221929597,2.5500000000000003,0.615085380846307,-0.015041939715366106,-0.6149014276942654,2.5500000000000003,-0.03047945491730289,-0.5053912717793934,1.564660403643354,0.5586679659907636,0.1631498206758326,0.5343145442880071,2.5500000000000003,0.6165432889752082,-0.01518988637339696,-0.616356142609393,0.0,0.0
2.6,-0.02535189222706141,-0.44558485778283136,1.5953400194010667,0.8802223862752871,-0.7264826687100551,0.49700541381767394,2.6,0.6477571065176984,0.12581627454738253,-0.6354207535981167,2.6,-0.02615964892799657,-0.4597819895584677,1.5953400194010667,0.41352377974055515,0.18348804967787843,0.3705860926105074,2.6,0.654110161156476,0.13183895797869463,-0.6406860323803251,0.0,0.0
2.6500000000000004,-0.023359520543493707,-0.4347119174942143,1.6260196351587797,1.2931740841786752,-0.6765327064237099,1.102090154719824,2.6500000000000004,0.6810680729269268,0.2768786429158166,-0.6222474885907483,2.6500000000000004,-0.019352854276805734,-0.36014936077100107,1.6260196351587797,0.3755425205603073,0.08999795456637835,0.3645991674738944,2.6500000000000004,0.6920101345221505,0.2907297989717426,-0.6279762816151698,0.0,0.0
2.7,-0.017251835062886346,-0.339567869542792,1.6566992509164924,1.729824011965062,-0.1437205208876858,1.7238432423647678,2.7,0.7148578634379438,0.4296329669559381,-0.5713468986733888,2.7,-0.010846565093432145,-0.21349294073402494,1.6566992509164924,0.559776884652923,0.09142596913678053,0.5522603124968626,2.7,0.7300908777440931,0.45158048782244303,-0.5736791374829529,0.0,0.0
2.75,-0.0076537839538988765,-0.1591747881662407,1.6873788666742053,2.153762105309052,0.852258165640838,1.9779654257250792,2.75,0.7489746994463587,0.5741357487859062,-0.4809690659250448,2.75,-0.002504705219317568,-0.05209004135799505,1.6873788666742053,0.8492137168041612,0.3530109045340951,0.7723647053616304,2.75,0.7682095950124018,0.6029308409514279,-0.47604661840908225,0.0,0.0
2.8000000000000003,0.004472069427344558,0.09817086806906776,1.718058482431918,2.5275252541437228,1.991618719372767,1.5562258149054946,2.8000000000000003,0.783274270454643,0.6996621156185119,-0.35212427738581353,2.8000000000000003,0.00426253630374005,0.0935711969397016,1.718058482431918,1.145675003726121,0.8462429904570209,0.7722978798787458,2.8000000000000003,0.806231151095617,0.7325913206273323,-0.33662832016701266,0.0,0.0
2.85,0.01633226913390377,0.37807773971438013,1.748738098189631,2.815451367396324,2.779638480051547,0.4476341389913839,2.85,0.8176186921520566,0.7955064743390552,-0.18886443561741775,2.85,0.008997122851788362,0.20827552153640527,1.748738098189631,1.3980397358696917,1.339584317264418,0.40003619837437226,2.85,0.8440266319988626,0.8286227239413555,-0.16051584623130402,0.0,0.0
2.9000000000000004,0.02413940580770269,0.5887359682440612,1.7794177139473437,2.98757877383704,2.8162956834482045,-0.9970484207262164,2.9000000000000004,0.8518756096197878,0.851873961761484,0.0016755709113181337,2.9000000000000004,0.011605987747416698,0.28305843517174595,1.7794177139473437,1.572694519767654,1.5502216309936094,-0.2649168686715238,2.9000000000000004,0.8814722488893553,0.8803878507152151,0.04370992879314268,0.0,0.0
2.95,0.025648272022289018,0.6584520574582122,1.8100973297050567,3.024153987540332,2.0433463713790037,-2.229404168590422,2.95,0.8859174452188255,0.8607891315473857,0.20950367718240265,2.95,0.011937596541574528,0.30646645501400444,1.8100973297050567,1.650411145905481,1.3480491247114634,-0.9521662186266119,2.95,0.9184485111786008,0.8795839825455255,0.26434765997742643,0.0,0.0
3.0,0.020915442778842115,0.5647169550287371,1.8407769454627694,2.921029584134399,0.7937455990963003,-2.8111175278354397,3.0,0.9196207814922198,0.81694073496472,0.4222679449208336,3.0,0.0098933851955615,0.2671214002801605,1.8407769454627694,1.6325157527024121,0.8510752024057322,-1.393118330462838,3.0,0.9548396103087947,0.8211607287480525,0.48725120726029847,0.0,0.0
3.0500000000000003,0.011380104298355141,0.3228834317181186,1.8714565612204823,2.697279934005486,-0.4098448322164565,-2.665960662855719,3.0500000000000003,0.9528658652488194,0.7183809895542062,0.6260048809741828,3.0500000000000003,0.005995669138818793,0.1701128720997786,1.8714565612204823,1.554252224772465,0.32574057161950626,-1.519734535440698,3.0500000000000003,0.9905329685627097,0.7040321635391918,0.6967741919101041,0.0,0.0
3.1,7.53654813147702e-05,0.0022452130538483197,1.902136176978195,2.408071857145871,-1.184922442753707,-2.0963704047320815,3.1,0.9855362177649241,0.567004848043902,0.8060937531212503,3.1,0.0011929040496073823,0.035537804541853533,1.902136176978195,1.5041028305167605,-0.0414503667349614,-1.5035315732853993,3.1,1.0254189173395554,0.531505199299852,0.8769185704243301,0.0,0.0
3.1500000000000004,-0.01010829847265349,-0.31594371352394846,1.932815792735908,2.1640418285677794,-1.5207973608146177,-1.539562412872655,3.1500000000000004,1.0175183364112712,0.3687492492290153,0.9483499122824859,3.1500000000000004,-0.003981337767409437,-0.12444019559092848,1.932815792735908,1.615319537078443,-0.318908859707528,-1.5835259221330606,3.1500000000000004,1.059390477234785,0.31136701453411764,1.0126000027236106,0.0,0.0
3.2,-0.01863814463843422,-0.6107347235122127,1.9634954084936207,2.127457355442774,-1.738348013222238,-1.226466870385768,3.2,1.0487014741784644,0.13347322229800773,1.0401729091230318,3.2,-0.00933148303541293,-0.30577403610441095,1.9634954084936207,1.9685003080559618,-0.7894120884858565,-1.8032809036222877,3.2,1.0923432183662038,0.05560152270529695,1.0909272099381737,0.0,0.0
3.25,-0.025134086605126647,-0.8628060667416132,1.9941750242513334,2.4047454580981364,-2.1904395656334463,-0.9923584168792916,3.25,1.0789774850625686,-0.12549454887883163,1.0716545765654362,3.25,-0.014649411313619362,-0.5028868227503397,1.9941750242513334,2.5222830285909117,-1.6883373811090592,-1.8738806162260033,3.25,1.1241751840888916,-0.2202638736099866,1.1023854455242128,0.0,0.0
3.3000000000000003,-0.03056077199424292,-1.0982624631571083,2.024854640009046,2.9372013674437887,-2.9101545388975643,-0.39768383503427357,3.3000000000000003,1.108240724820678,-0.3921256155004587,1.0365495674686513,3.3000000000000003,-0.019489559162005368,-0.7003962876049872,2.024854640009046,3.1839600788993434,-2.9003074319648863,-1.3137041463411618,3.3000000000000003,1.1547868648565798,-0.4981473159706967,1.0418166608556803,0.0,0.0
3.35,-0.03450077902420159,-1.297069725206993,2.055534255766759,3.5886614030300636,-3.4743225728799287,0.8986508360729976,3.35,1.1363879980760148,-0.6487352517337145,0.9330167497581202,3.35,-0.02327087541529772,-0.8748772878163986,2.055534255766759,3.8687785591938355,-3.864452344472302,0.18290876791576208,3.35,1.1840812117705621,-0.7586721758366616,0.909101119611734,0.0,0.1464466094067272
3.4000000000000004,-0.036944026685614466,-1.4520480248513914,2.086213871524472,4.244770052954264,-3.2193490354645244,2.766561871766287,3.4000000000000004,1.1633185440800773,-0.8772292196844924,0.7640542723735845,3.4000000000000004,-0.02553256934120112,-1.0035321053865691,2.086213871524472,4.508388987788986,-3.8224710266583135,2.390457386270405,3.4000000000000004,1.2119636815058616,-0.9826054010248132,0.7094664129936722,0.0,0.5000000000000028
3.45,-0.037118332312331664,-1.5242132786989706,2.116893487282185,4.8264624405193635,-1.702657529934848,4.516159543849208,3.45,1.188934054603964,-1.0604618327244109,0.5375731462152897,3.45,-0.026019535802579548,-1.0684564608712008,2.116893487282185,5.048625845376505,-2.3040331717239337,4.492221507249991,3.45,1.2383423059691596,-1.1523626119912003,0.45337851430988024,0.0,0.8535533905932768
3.5,-0.03406695072514417,-1.4606205123405565,2.1475731030398975,5.2813620084395,0.8883715004512585,5.206109943266094,3.5,1.2131387184336604,-1.1835986651863197,0.2660822240060886,3.5,-0.024646550419529616,-1.0567208492373323,2.1475731030398975,5.448953408209422,0.4548045287695296,5.4299397865397925,3.5,1.263127781339064,-1.2534571095196971,0.1560034185044428,0.0,1.0
3.5500000000000003,-0.02691831467995104,-1.2042951156769948,2.1782527187976104,5.578191710061265,3.676939241619474,4.19479922852513,3.5500000000000003,1.2358392877974982,-1.2353712060012942,-0.03401071370517356,3.5500000000000003,-0.02141400086922191,-0.9580383081380105,2.1782527187976104,5.683346246214865,3.4697145661515116,4.50127819444662,3.5500000000000003,1.2862335721540616,-1.2757693353183406,-0.16373577861175329,0.006155829702431202,1.0
3.6,-0.016425003810893228,-0.7663249778010346,2.2089323345553233,5.704294483306297,5.476371995439933,1.5963474934486874,3.6,1.2569451627757542,-1.2091142556347558,-0.34344411342484477,3.6,-0.01641127838699339,-0.7656846044235637,2.2089323345553233,5.7412839813253465,5.436802427345716,1.8448634421633343,3.6,1.3075760269134404,-1.2145234501746738,-0.48444592591386826,0.02447174185242326,1.0
3.6500000000000004,-0.0033525605226084323,-0.1630253796029456,2.2396119503130363,5.6640373728882585,5.41387960806246,-1.6647002585692086,3.6500000000000004,1.276368490351276,-1.1034900281759887,-0.6414251950755839,3.6500000000000004,-0.009873381922312768,-0.4801141769090434,2.2396119503130363,5.628026337545791,5.4194744181033405,-1.5178858612005537,3.6500000000000004,1.3270745022921622,-1.0708780496142016,-0.7838028690228644,0.05449673790581632,1.0
3.7,0.010131709881868706,0.5132015006462957,2.270291566070749,5.476840013331965,3.431322957026989,-4.268699953875142,3.7,1.2940242752742146,-0.922824990443523,-0.9071344233419147,3.7,-0.002220554818041895,-0.11247776319827613,2.270291566070749,5.363712827200974,3.3891352685878435,-4.157304105293991,3.7,1.3446514935808391,-0.8520671839965613,-1.0402255299430752,0.09549150281252644,1.0
3.75,0.02243119032623799,1.1828948023602066,2.3009711818284617,5.174257130123727,0.35502928034544895,-5.162062674816494,3.75,1.3098305003501298,-0.6770148689651431,-1.1212969307224476,3.75,0.006003644237654867,0.31659842659508086,2.3009711818284617,4.981037293757485,0.27837097586034315,-4.973252670194975,3.75,1.3602327693763763,-0.5710635210328047,-1.234552405461567,0.14644660940672624,1.0
3.8000000000000003,0.032525403679312725,1.7847339506912483,2.3316507975861747,4.795891183485543,-2.5155204626178445,-4.083225323930248,3.8000000000000003,1.3237082541337915,-0.3809876924758103,-1.267695515588774,3.8000000000000003,0.014192216471029848,0.77875530219835,2.3316507975861747,4.52134301169858,-2.5043988228048946,-3.7643763315812415,3.8000000000000003,1.3737475088906481,-0.245774768658647,-1.3515831388686566,0.2061073738537638,1.0
3.85,0.039348855497603,2.245506380860899,2.3623304133438876,4.38413187657201,-4.059817934833423,-1.6548385562282768,3.85,1.3355818643341988,-0.053751389320016774,-1.3344997956105433,3.85,0.02172953514325512,1.2400312334444612,2.3623304133438876,4.029049889752089,-3.8164316194168846,-1.2915466342437425,3.85,1.3851284405320528,0.10217595482058618,-1.3813547230987622,0.2730047501302266,1.0
3.9000000000000004,0.042746693562449596,2.5356911154309483,2.3930100291016,3.9780581951046154,-3.8529458512820347,0.9898258789946576,3.9000000000000004,1.345379035521502,0.2829117935534065,-1.3152967977947647,3.9000000000000004,0.02804408978985435,1.6635473622443706,2.3930100291016,3.5445780822440276,-3.338835341806255,1.1900472013455,3.9000000000000004,1.394311980662611,0.4489986975368137,-1.3200401770512662,0.34549150281252683,1.0
3.95,0.04239832186286103,2.6130032766178926,2.423689644859313,3.607571163167707,-2.2716377204408817,2.802540234214195,3.95,1.353030989984355,0.6060100871016347,-1.209729157369166,3.95,0.032654575443273826,2.0124974027470355,2.423689644859313,3.096829987525933,-1.6355939681895644,2.629674569763678,3.95,1.4012383716536758,0.7704970784553116,-1.1703859304889455,0.42178276747988486,1.0
4.0,0.039259814681423214,2.5126281396110857,2.454369260617026,3.2899074330795384,-0.17841085374048415,3.2850662832733817,4.0,1.3584726108268896,0.8930474979075287,-1.0236767071922308,4.0,0.035212654878723236,2.253609912238287,2.454369260617026,2.698151209564629,0.28106222285947724,2.6834723729817602,4.0,1.4058518185668676,1.0439025687219865,-0.941640463650223,0.5000000000000001,1.0
4.05,0.033839045725502705,2.2479320374258602,2.4850488763747385,3.031062321669514,1.5791271822739814,2.587217837764733,4.05,1.3616425866278938,1.1237354611539918,-0.768953280156686,4.05,0.03555179538801693,2.361710211600388,2.4850488763747385,2.3463700792215163,1.5693772426332957,1.744278538241728,4.05,1.4081006239832516,1.249635091023379,-0.6489680319900307,0.578217232520115,1.0
4.1000000000000005,0.027765125901955134,1.9136002422886504,2.5157284921324514,2.8326431977525877,2.5408630281532436,1.2521511721585117,4.1000000000000005,1.3624835572212595,1.2815722198769572,-0.4625300951699738,4.1000000000000005,0.0336911883478889,2.3220303921248515,2.5157284921324514,2.037225013226046,1.9637005315809246,0.5423707005200932,4.1000000000000005,1.4079373207026502,1.3728450986482943,-0.3123841131439183,0.6545084971874745,1.0
4.15,0.02146936725906609,1.5344881371199532,2.5464081078901644,2.7004674648883693,2.695316806197913,-0.16670885743624717,4.15,1.360942260407835,1.355158483167387,-0.125336832828399,4.15,0.029823061423802557,2.1315548527914747,2.5464081078901644,1.7855077662255343,1.7466518993818219,-0.3704660924262453,4.15,1.4053188022464183,1.4046073974193596,0.044710122591207505,0.7269952498697739,1.0
4.2,0.015325163801978235,1.1354107357609635,2.5770877236478773,2.6480087373410024,2.274724941055601,-1.3555724678429713,4.2,1.3569696796880077,1.3391364756393411,0.21927200278380024,4.2,0.02426580838554465,1.7978052116682324,2.5770877236478773,1.6442021407470246,1.376012678421071,-0.8999943269052142,4.2,1.4002064513327313,1.3426634259641599,0.39728205463119665,0.7938926261462367,1.0
4.25,0.009511577644384319,0.73016220260719,2.60776733940559,2.689391656508245,1.49358516185779,-2.2365220424521643,4.25,1.350521193428399,1.2346681361334448,0.5472678389198772,4.25,0.01742765093518751,1.3378445163215038,2.60776733940559,1.688109765938266,1.0779745877774094,-1.2991094526491103,4.25,1.3925662667674816,1.191644468761253,0.7205721805686311,0.8535533905932737,1.0
4.3,0.005136501162780935,0.40838779794922375,2.6384469551633027,2.825193802152437,0.43521058105678473,-2.7914712554236987,4.3,1.3415567262667427,1.0494047450564117,0.8357775606252107,4.3,0.00979792320669888,0.7790034803950078,2.6384469551633027,1.939350425768703,0.7082780705011668,-1.8053870080335668,4.3,1.3823689895244256,0.9627504431469799,0.9919957698594661,0.9045084971874736,1.0
4.3500000000000005,0.0004915733739207617,0.04046281768086793,2.6691265709210157,3.033606806376332,-0.8602764979537685,-2.909071089327521,4.3500000000000005,1.3300409040453836,0.7969416998084452,1.0648439949308477,4.3500000000000005,0.0019152290371233882,0.15764800832910789,2.6691265709210157,2.335631178057544,-0.039965279882179815,-2.3352892275515704,4.3500000000000005,1.369590229199198,0.6729039608956574,1.1928862709113752,0.9455032620941842,1.0
4.4,-0.004178861842064515,-0.35597216715442376,2.6998061866787286,3.2748374747861733,-2.2255483353755032,-2.4023936174513967,4.4,1.3159432141857756,0.49579505457688133,1.2189724389085659,4.4,-0.005683051676032063,-0.48410507397111546,2.6998061866787286,2.7869247585992434,-1.2690130757707554,-2.4812407024745298,4.4,1.3542105925459953,0.3434434835039008,1.3099362208147698,0.9755282581475768,1.0
4.45,-0.009309271429457408,-0.820343471294145,2.730485802436441,3.50276823848113,-3.295851641137321,-1.1860637807995944,4.45,1.2992381742298649,0.16797712106760276,1.2883336214560235,4.45,-0.012515905675349494,-1.1029156885056823,2.730485802436441,3.2160053784978673,-2.653461347474693,-1.8170947889378246,4.45,1.336215816488699,-0.0015412526235971643,1.3362149276126618,0.9938441702975689,1.0
4.5,-0.01484434763234145,-1.3526911779971147,2.761165418194154,3.675016624484338,-3.634972988202511,0.541034717254231,4.5,1.2799055123591456,-0.16271667510928658,1.2695201472244173,4.5,-0.018191195971890763,-1.6576727329385457,2.761165418194154,3.5640243659960373,-3.5530586802583506,-0.27936301840838795,4.5,1.3155969089047863,-0.33709724046196493,1.2716763256398056,1.0,1.0
4.55,-0.020102958889292297,-1.8936258541453606,2.791845033951867,3.7587697513514438,-2.98960612191441,2.2782899902089895,4.55,1.2579303651742617,-0.4725715124634727,1.1657894189069642,4.55,-0.02241742711878231,-2.1116403714159877,2.791845033951867,3.7885311431220385,-3.40011382407734,1.670985998063343,4.55,1.2923503017037947,-0.6393652543229006,1.1231123603088435,1.0,1.0
4.6000000000000005,-0.02502163480385695,-2.435505845268221,2.82252464970958,3.733536272681053,-1.4910479845390687,3.4228743779500745,4.6000000000000005,1.233303500047773,-0.739814673041971,0.986768348084741,4.6000000000000005,-0.024996955387629853,-2.43310364961034,2.82252464970958,3.8625601689605533,-2.0929857044398315,3.246349010789056,4.6000000000000005,1.2664780223990153,-0.8874444217727349,0.9035535288427449,1.0,1.0
4.65,-0.02842143836092833,-2.857622861960154,2.8532042654672924,3.5921057883577476,0.3535934421881605,3.574660217754236,4.65,1.2060215722049226,-0.9463202469336314,0.7476403031318631,4.65,-0.025859578221978728,-2.600041594987019,2.8532042654672924,3.774579202681386,-0.1145550999872607,3.7728404798482744,4.65,1.2379878927041559,-1.0650093696804326,0.6311648477022183,1.0,1.0
4.7,-0.029746591336356685,-3.08838035231456,2.8838838812250054,3.340352706893246,1.8962777263992268,2.749924906394939,4.7,1.1760874307289433,-1.0790139166533288,0.4678788437053443,4.7,-0.025070427257820948,-2.6028869691887446,2.8838838812250054,3.528306062369695,1.7170616150082334,3.082311321073856,4.7,1.2068937659817407,-1.1615449146079222,0.327728506105379,1.0,1.0
4.75,-0.02877393318114463,-3.0837563701479844,2.9145634969827183,2.996175904515684,2.668314215615138,1.362779988679959,4.75,1.1435104935259675,-1.1308586254826625,0.16963200752058888,4.75,-0.022820187541816712,-2.445682286708138,2.9145634969827183,3.1419169678499457,2.7058995840274678,1.5967935602398247,4.75,1.1732158200951701,-1.1730949551759984,0.016840031538123332,1.0,1.0
4.800000000000001,-0.025822993137699406,-2.855816457084454,2.945243112740431,2.5878179469451683,2.5877893958579468,-0.012156036223548126,4.800000000000001,1.1083072198584782,-1.1013364774203631,-0.12410824748474705,4.800000000000001,-0.01938883799044944,-2.1442503710397856,2.945243112740431,2.6467046041221334,2.6461021130952953,0.05647006776966947,4.800000000000001,1.1369809291012287,-1.1024630713733243,-0.2780302310864587,1.0,1.0
4.8500000000000005,-0.021186181291407532,-2.4170069547215993,2.9759227284981438,2.151874705210084,1.9355077431376784,-0.9404118901721077,4.8500000000000005,1.0705017218674935,-0.9963845449281172,-0.39139720891909424,4.8500000000000005,-0.015104462019709516,-1.7231793331142935,2.9759227284981438,2.0859542931372363,1.8720361028350765,-0.9201554992172393,4.8500000000000005,1.0982231474214994,-0.9588488977855752,-0.5354464237883858,1.0,1.0
4.9,-0.015187825274646398,-1.7868324557368744,3.0066023442558567,1.7312348913517657,1.1369087664460515,-1.305608174687903,4.9,1.0301265760054994,-0.827788810089713,-0.6131284110878168,4.9,-0.010318481901689375,-1.2139590772518536,3.0066023442558567,1.516661260891151,0.9826278478438056,-1.1552938556617476,4.9,1.0569843555210785,-0.7569526269659279,-0.737725320390788,1.0,1.0
4.95,-0.008738078477663207,-1.0598186010997666,3.0372819600135696,1.3721483193138002,0.50790506278785,-1.2746856308086936,4.95,0.9872239255883816,-0.6120872367860718,-0.7745710385869883,4.95,-0.0053924854147939134,-0.65404040068614,3.0372819600135696,1.0231153136563582,0.4453012859559158,-0.9211252410851393,4.95,1.0133151397917914,-0.5156258294576861,-0.8723173599827824,1.0,1.0
5.0,-0.0022195734404844127,-0.27744668006055156,3.067961575771282,1.115519504245888,0.1267277541222056,-1.1082977220440966,5.0,0.9418470137399164,-0.36907587815636117,-0.8665210865604536,5.0,-0.0006756145034428837,-0.08445181293036046,3.067961575771282,0.7536620548087282,0.34563425845389223,-0.669733866727331,5.0,0.9672760165053916,-0.25618612897036735,-0.9327333806773064,1.0,1.0
5.050000000000001,0.004065415575958819,0.5235752166657436,3.098641191528995,0.9740139000921638,-0.11183452426099828,-0.9675722798613362,5.050000000000001,0.8940623641036157,-0.12004714686333486,-0.8859662484748047,5.050000000000001,0.0035312004069672554,0.45477491381234647,3.098641191528995,0.8153798502422401,0.425749869875687,-0.695400135520474,5.050000000000001,0.9189391694070536,-0.000542648033031928,-0.9189390091859403,1.0,1.0
5.1000000000000005,0.008983056820195102,1.1916114702557008,3.129320807286708,0.9111328809605783,-0.3353291982440042,-0.8471820675466146,5.1000000000000005,0.8439529569096913,0.11408629069299696,-0.8362062614884704,5.1000000000000005,0.006999700431874132,0.9285172619885358,3.129320807286708,1.0228547965619545,0.34573675342567917,-0.9626515632254842,5.1000000000000005,0.868390968823501,0.23070411925250914,-0.8371848565843404,1.0,1.0
5.15,0.012477962947122005,1.7043758771649737,3.160000423044421,0.8642638635218005,-0.5637502778134346,-0.6550859867642604,5.15,0.7916229712613023,0.31461739113001175,-0.7264178039029041,5.15,0.009591789345946521,1.3101508995785134,3.160000423044421,1.1945731579017949,-0.041255618706620055,-1.1938605460876077,5.15,0.8157357064416336,0.4200218246891988,-0.699289932394702,1.0,0.7499999999999978
5.2,0.014134912279156078,1.987481745747578,3.1906800388021335,0.7860774191112335,-0.7044194175160323,-0.348871026402239,5.2,0.7372050592507293,0.46665899708781616,-0.5707019185370458,5.2,0.011246652818276751,1.5813693594722575,3.1906800388021335,1.2679633809428685,-0.5943439496354708,-1.120038572971386,5.2,0.761101269581325,0.5544110276139249,-0.5214437218131756,1.0,0.2500000000000022
5.25,0.01441086061148273,2.085296564420962,3.2213596545598464,0.6568754760873614,-0.65682734913375,-0.007951384466154664,5.25,0.680871838931025,0.5604026120786431,-0.3866980390753869,5.25,0.01197039629067858,1.7321537507495988,3.2213596545598464,1.2307798059518886,-1.0156716426922123,-0.6951474987151084,5.25,0.7046479998165861,0.6264467240940613,-0.32263494156295985,1.0,3.749399456654644e-33
5.300000000000001,0.013177772371940927,1.9618672174174503,3.2520392703175593,0.4780137418448747,-0.4270180178095687,0.21483191070817526,5.300000000000001,0.622854659060099,0.5919082746277525,-0.1938879076685011,5.300000000000001,0.011831078010944955,1.7613754010354528,3.2520392703175593,1.0929396617116052,-1.0860579304079514,-0.12245519972739258,5.300000000000001,0.6465829508928844,0.6348053300548082,-0.12284830206134778,1.0,0.0
5.3500000000000005,0.011133369779248519,1.7048570893099935,3.2827188860752723,0.2637024483952978,-0.15102689482821047,0.21617090074342413,5.3500000000000005,0.5634753709501583,0.563353026771515,-0.011741417920817248,5.3500000000000005,0.01095667430761506,1.67779964547796,3.2827188860752723,0.8775689023507173,-0.822081257951119,0.307098654667435,5.3500000000000005,0.5871836340535593,0.584231286858449,0.058808362977258284,1.0,0.0
5.4,0.009090230151836841,1.4313840006288365,3.313398501832985,0.03504568493124539,-0.006101086246455012,0.034510531420327874,5.4,0.5032022979151339,0.4827133539805374,0.14212800750004062,5.4,0.009524063805120515,1.499697183009497,3.313398501832985,0.6183901484815142,-0.446497467322284,0.42783920742935083,5.4,0.5268390905473,0.4849473184175766,0.20587745308388639,1.0,0.0
5.45,0.007246261475600354,1.1730148440606565,3.3440781175906977,0.18502969114802795,-0.0807241908247964,-0.1664920166915413,5.45,0.44275298016327175,0.3629076837917668,0.2536300741007531,5.45,0.007733934441407793,1.2519586732152368,3.3440781175906977,0.3684075040963344,-0.21065541406561658,0.30223895447035654,5.45,0.466123891466488,0.35156223941104053,0.3060644932300324,1.0,0.0
5.5,0.005710983799872414,0.9501649297037729,3.3747577333484107,0.37384399766615234,-0.30728162134846465,-0.21292566724673875,5.5,0.3832899880561519,0.22047410349389704,0.31353211100722594,5.5,0.005784146815776522,0.9623374264748189,3.3747577333484107,0.2591302257212066,-0.21282984961879212,0.14782397976500902,5.5,0.40593698022847363,0.20157567885591293,0.35235220676304846,1.0,0.0
5.550000000000001,0.004551477573361668,0.7780927281417742,3.4054373491061236,0.5132231638606057,-0.511201719907105,-0.045506235694770386,5.550000000000001,0.32680101254965777,0.07390149850278538,0.3183354682132112,5.550000000000001,0.0038487998335105487,0.6579672456379834,3.4054373491061236,0.3809590754732876,-0.3467936553849229,0.15768315626669008,5.550000000000001,0.34777042307345923,0.05361606802571904,0.3436125498496152,1.0,0.0
5.6000000000000005,0.0036193604532517827,0.6356176053582653,3.436116964863836,0.5907040020319648,-0.539087846482939,0.24148604885369016,5.6000000000000005,0.27680298401402975,-0.058234610907074484,0.2706078750730896,5.6000000000000005,0.0020732466695370755,0.3640952871174231,3.436116964863836,0.5414125759117692,-0.40713811285618157,0.35688392288715437,5.6000000000000005,0.29422712222813663,-0.0744266230280105,0.2846581761328792,1.0,0.0
5.65,0.0024013370600745733,0.43311025499630273,3.466796580621549,0.6012745933248894,-0.3676711177122583,0.47576158501735916,5.65,0.23932800921241265,-0.15916026225198182,0.1787341794773933,5.65,0.0005698019200879767,0.10277068513614768,3.466796580621549,0.6522879413061842,-0.2593172714739137,0.5985266168590871,5.65,0.2499000036324436,-0.1672009902277572,0.18572517514422424,1.0,0.0
5.7,0.001489551466669483,0.2758545047669216,3.497476196379262,0.5488190899120102,-0.11158551605279261,0.5373556234553418,5.7,0.2228171427686008,-0.21563909631422248,0.056100438967520656,5.7,-0.0005821998543338188,-0.10781933762364292,3.497476196379262,0.6931453947529038,0.058275449070412294,0.6906913278033833,5.7,0.22212276517796065,-0.21345914582895822,0.06143057766515788,1.0,0.0
5.75,0.0008756233139329661,0.16646420094722497,3.5281558121369745,0.4492195273512445,0.07307681472975293,0.4432357870283365,5.75,0.2335977158065296,-0.21939096947849202,-0.08022153913579293,5.75,-0.0013389305859363453,-0.2545432568607424,3.5281558121369745,0.6624173227435156,0.3715381750843987,0.5484123393265706,5.75,0.21896712874730595,-0.20723806175989137,-0.07070353053308377,1.0,0.0
5.800000000000001,0.00046390581091778303,0.09051359057979053,3.5588354278946874,0.3417984226143001,0.11260160130915502,0.3227182069301913,5.800000000000001,0.26988332233559903,-0.16805384762971234,-0.21117507421982898,5.800000000000001,-0.0017020972413954436,-0.33209959696314795,3.5588354278946874,0.5686129942329781,0.5086147383128284,0.2542278214152924,5.800000000000001,0.24277352800526678,-0.14854197375163633,-0.1920267375499887,1.0,0.0
5.8500000000000005,0.00016540447642724574,0.0331142449630088,3.5895150436524004,0.3132751243312741,0.07044005243088898,0.3052531777693868,5.8500000000000005,0.32435380377383327,-0.06558876900943689,-0.3176531180429071,5.8500000000000005,-0.0017175139597049704,-0.3438490856931197,3.5895150436524004,0.4273690533062456,0.42720796294325725,-0.011733035487422395,5.8500000000000005,0.28797343828412764,-0.04345444224325124,-0.28467597827444135,1.0,0.0
5.9,-0.00015253537917298406,-0.0313275636391683,3.6201946594101133,0.4193303800217144,0.09105734702132771,0.4093244766228779,5.9,0.3903467250359227,0.07792342694360048,-0.3824898760485506,5.9,-0.0014704537651693667,-0.30200032383671943,3.6201946594101133,0.26046887040416533,0.236040831974604,-0.11013064101492659,5.9,0.3470913175041704,0.09634035681417456,-0.33345302268190397,1.0,0.0
5.95,0.00023847064179241843,0.05023261853153376,3.650874275167826,0.5887666901952335,0.2768391164023689,0.5196213228044109,5.95,0.4636502049205715,0.24709032898192845,-0.3923236952396456,5.95,-0.0010702572663101476,-0.22544420807974275,3.650874275167826,0.10947762321028637,0.10185534541891937,-0.04013525374737345,5.95,0.41480823255726706,0.25459394127282103,-0.3274870911417046,1.0,0.0
6.0,0.0008296277806032745,0.1791996006103073,3.6815538909255388,0.7580070164805195,0.5934865373404516,0.47153829858171575,6.0,0.5418333890858092,0.42256236748045656,-0.3391525720343655,6.0,-0.0006308936813966405,-0.13627303518167436,3.6815538909255388,0.141350386572652,0.12030308869026028,0.07420982843142497,6.0,0.48799604894515586,0.4120027644300623,-0.26152220916792046,1.0,0.0
6.050000000000001,0.0004530584706308463,0.10032758966115662,3.7122335066832517,0.8960694523818625,0.877805901254194,0.1799923976595768,6.050000000000001,0.6234683374537389,0.5828231427395147,-0.22142708076151046,6.050000000000001,-0.0002568157452643616,-0.05687059481203473,3.7122335066832517,0.26668511070492235,0.25084041690482317,0.09055403645730653,6.050000000000001,0.5648518629424023,0.5480609202501971,-0.13669987111921306,1.0,0.0
6.1000000000000005,0.0003461233681216163,0.07856342821961261,3.7429131224409646,0.9864176914247443,0.9445466651037158,-0.28434391042744533,6.1000000000000005,0.707667101719797,0.7062625737224953,-0.044563480736745376,6.1000000000000005,-2.979199142102984e-05,-0.006762216004736776,3.7429131224409646,0.3624764374488216,0.3602883714448326,-0.03976753836007156,6.1000000000000005,0.644289432809283,0.6430928117681076,0.0392493144130797,1.0,0.0
6.15,-0.0003400222143380666,-0.0790920147410794,3.773592738198677,1.0210986210552129,0.714763394273298,-0.7292158007940934,6.15,0.7938381276483707,0.7733496117436115,0.1791908226563969,6.15,-7.485868287135551e-06,-0.0017412756577346344,3.773592738198677,0.4113658261422645,0.33416102767169037,-0.23991300611494068,6.15,0.7256098629561144,0.6802822040684202,0.25243968793952243,1.0,0.0
6.2,-0.0016925676042040467,-0.4033862519747421,3.80427235395639,0.9993029267141778,0.2724500861692112,-0.9614454170081164,6.2,0.881558785382109,0.7687067263333562,0.4315505311944753,6.2,-0.00022228929938076982,-0.052977764142820113,3.80427235395639,0.4098362229112038,0.16603631673761643,-0.37469677224967907,6.2,0.8083307491953853,0.6475099648878784,0.48386924418242516,1.0,0.0
6.25,-0.003115124077581784,-0.7605283392533652,3.834951969714103,0.9270162632263816,-0.19041574935297076,-0.9072491359513939,6.25,0.9705066929126287,0.6828911028981975,0.6895962460532182,6.25,-0.0006778106712963497,-0.16548112092196038,3.834951969714103,0.3612374283852771,-0.04213401770319398,-0.3587717996423286,6.25,0.8920958533752943,0.5388252761416508,0.7109868728747869,1.0,0.0
6.300000000000001,-0.0045123451386464945,-1.1282983648831404,3.865631585471816,0.8172379067039874,-0.49868756758283117,-0.6474476859887867,6.300000000000001,1.0604212740550083,0.5137076576645319,0.9276840630975974,6.300000000000001,-0.0013470087199885625,-0.3368154894069802,3.865631585471816,0.27422230187364727,-0.16351102721419966,-0.22014089766383477,6.300000000000001,0.9766255816818101,0.35540337652593346,0.9096625565281334,1.0,0.0
6.3500000000000005,-0.0059806897134192455,-1.5313428921553573,3.8963112012295285,0.6912448494578524,-0.5979808124538878,-0.3467540768887906,6.3500000000000005,1.1510814025160545,0.26691521453532463,1.1197074008275059,6.3500000000000005,-0.002174072404625276,-0.5566666193004423,3.8963112012295285,0.1617630152725963,-0.14448292551481953,-0.0727458407385696,6.3500000000000005,1.0616887441016682,0.1058847773538342,1.0563954767400827,1.0,0.0
6.4,-0.006704519608991947,-1.7575495883795853,3.9269908169872414,0.5812023255357849,-0.5656681195122304,-0.13347554748230656,6.4,1.2422919393616796,-0.04376329313228223,1.2415208563601423,6.4,-0.003079778529591665,-0.8073454628612776,3.9269908169872414,0.04773683067562136,-0.04105649161258515,-0.024355071328548184,6.4,1.1470858412661125,-0.19395702763067388,1.1305691481134,1.0,0.0
6.45,-0.007209115354742725,-1.9344660789696635,3.9576704327449543,0.5278683434087059,-0.5275151962433416,-0.01930558741401585,6.45,1.3338753759835882,-0.3973569465390333,1.2733149554185463,6.45,-0.003969121629507665,-1.0650587177157727,3.9576704327449543,0.09917981149331351,0.031123986499607775,-0.09416970039360556,6.45,1.232638841807204,-0.5222144087228824,1.1165530106779598,1.0,0.0
6.5,-0.007320066076615179,-2.0102731462904435,3.988350048502667,0.554120705399802,-0.5476170161474007,0.08464844817592129,6.5,1.4256665127487886,-0.7670564906316254,1.2017276504071905,6.5,-0.004740717309696953,-1.3019194911755259,3.988350048502667,0.2032704682467184,-0.009896309559361246,-0.2030294222972263,6.5,1.3181847505693596,-0.8524471941725125,1.0054575166465343,1.0,0.0
6.550000000000001,-0.007113353059463099,-1.9989331241001829,4.01902966426038,0.6375934346576951,-0.5761628711521655,0.2730599454777094,6.550000000000001,1.5175090013955457,-1.1222225774292505,1.021494031321063,6.550000000000001,-0.005297095829128709,-1.4885441824502241,4.01902966426038,0.2828723913097865,-0.14971339496678293,-0.2400056022946902,6.550000000000001,1.4035714665259424,-1.1557684910938533,0.7963743194254964,1.0,0.0
6.6000000000000005,-0.0063556249282424385,-1.8272167443699887,4.049709280018092,0.7378822438218764,-0.49349020194825777,0.5485778215792858,6.6000000000000005,1.609253065265398,-1.430841975089223,0.7364690559615188,6.6000000000000005,-0.005554853009074244,-1.5969980206968095,4.049709280018092,0.32857592418890236,-0.29215162051557836,-0.15036478506190473,6.6000000000000005,1.4886550662846354,-1.4032504490122466,0.4969729205116115,1.0,0.0
6.65,-0.0052565415916172665,-1.545841780059709,4.080388895775806,0.8260982790975349,-0.21564084375698017,0.7974568284438264,6.65,1.7007539835039645,-1.6622368219162726,0.35990673829520464,6.65,-0.005453605596279989,-1.6037942886519208,4.080388895775806,0.3368977014461764,-0.3360673558330198,0.02363881518011156,6.65,1.5732979996241143,-1.5684529729807657,0.12337693126771038,1.0,0.0
6.7,-0.00349842207314327,-1.0521959179847893,4.111068511533518,0.8867573822288157,0.21928531219162847,0.8592162747494497,6.7,1.7918710824521331,-1.7898032127922816,-0.08606065074472764,6.7,-0.004962809611012718,-1.4926295070370184,4.111068511533518,0.3089169805967369,-0.25246811399183483,0.1780155957168096,6.7,1.6573678827956748,-1.6298617943112654,-0.30069724037157364,1.0,0.0
6.75,-0.0018758274951109091,-0.5769048841604378,4.1417481272912315,0.9131611098310688,0.650446291716235,0.6409234229613611,6.75,1.8824670707994187,-1.7935449665188616,-0.5717330895785192,6.75,-0.004085818065426936,-1.2565805778405998,4.1417481272912315,0.24978251778869184,-0.1030253296332988,0.22754579241728087,6.75,1.7407366920759213,-1.5730235458948212,-0.7454939001761881,1.0,0.0
6.800000000000001,-0.0002704359003536719,-0.08503370102000578,4.172427743048944,0.9042745820851198,0.8832630719664606,0.1938010977925285,6.800000000000001,1.9724076120240077,-1.6621776783870732,-1.0618649412434746,6.800000000000001,-0.002860323472950316,-0.899377230246714,4.172427743048944,0.16815205273602657,0.011058658792371986,0.16778801776364533,6.800000000000001,1.823280230367746,-1.3921848039744433,-1.177358174062805,1.0,0.0
6.8500000000000005,0.0008110075098808589,0.2606733241943346,4.2031073588066565,0.8629027472201833,0.8078645441174971,-0.30324252590619327,6.8500000000000005,2.0615610632388246,-1.3946068038177961,-1.5182575144577763,6.8500000000000005,-0.001354771877556869,-0.4354495914589361,4.2031073588066565,0.0772776124440634,0.027097068181630192,0.07237111496318782,6.8500000000000005,1.9048777830737036,-1.0912781592985432,-1.5613043737483638,1.0,0.0
6.9,0.0016620195752863971,0.5459883886577591,4.23378697456437,0.7944513990907927,0.4666307375201678,-0.6429687242150292,6.9,2.149798332306704,-1.0006295836744907,-1.9027278591180876,6.9,0.000337279594987049,0.1107993824696005,4.23378697456437,0.04699244105300603,-0.035083886916519876,0.03126356337574289,6.9,1.9854119069165006,-0.6841485413849313,-1.8638136208984755,1.0,0.0
6.95,0.002548696122301475,0.8556033414098957,4.264466590322082,0.7059502161613154,0.027170800035413993,-0.7054271438806728,6.95,2.236992819918486,-0.5007706326170669,-2.180221468079599,6.95,0.002104659128146919,0.7065390678843501,4.264466590322082,0.12436237811063379,-0.09481402717681554,0.08047547042326829,6.95,2.0647683131062697,-0.19397329071431674,-2.0556367746509037,1.0,0.0
7.0,0.0034585152224862097,1.18627072131277,4.295146206079795,0.6052346532876862,-0.3177283196089974,-0.5151288192857283,7.0,2.3230204231814895,0.07476975395355533,-2.321816825335718,7.0,0.0038273398245469363,1.3127775598195992,4.295146206079795,0.19364592532989075,-0.07760994150349287,0.17741319391943217,7.0,2.142835817925801,0.34810499869063666,-2.114371834014143,1.0,0.0
7.050000000000001,0.004023147880906136,1.4097215782326977,4.325825821837508,0.5002723602197222,-0.454820961054666,-0.20835145256302268,7.050000000000001,2.407759583927073,0.6880026504926516,-2.3073704875697265,7.050000000000001,0.005385710391470655,1.8871670586610956,4.325825821837508,0.23965572143203379,0.02631000043714799,0.23820715499771591,7.050000000000001,2.219506341630876,0.9050484202539073,-2.026597088109914,1.0,0.0
7.1000000000000005,0.004897216348365973,1.752767600460014,4.356505437595221,0.3986549475617945,-0.3942053798219147,0.059396007735849146,7.1000000000000005,2.4910913695221897,1.2957504820118058,-2.1275730068963816,7.1000000000000005,0.006669615680037447,2.387128817657883,4.356505437595221,0.2578804513045201,0.15643705352222484,0.20501164710890826,7.1000000000000005,2.294674941899401,1.4365521381984128,-1.7893716895096408,1.0,0.0
7.15,0.005711097309288816,2.0875538411879404,4.387185053352934,0.30729570881551543,-0.23342720227144587,0.19985593285203107,7.15,2.572899577161383,1.852775279557156,-1.7852271557477293,7.15,0.007586491649853999,2.773058998493077,4.387185053352934,0.24773866666409736,0.2307863620070541,0.09006720863918073,7.15,2.368239871759845,1.9020375418909052,-1.41096182777235,1.0,0.0
7.2,0.007309040072449247,2.728084588961537,4.417864669110647,0.23236889250673984,-0.07792457086066348,0.21891336976299608,7.2,2.6530708548731807,2.3152019295872113,-1.2956176080206545,7.2,0.008068027481462667,3.011375121400978,4.417864669110647,0.21194103768339648,0.2088582736481106,-0.03601700963497428,7.2,2.440102654528527,2.2637819610572167,-0.9107097218263929,1.0,0.0
7.25,0.008797033408146675,3.352356996738895,4.448544284868359,0.17930753146420594,0.022095415798899072,0.1779409549273606,7.25,2.731494834093335,2.6439724022864226,-0.6859110471674432,7.25,0.008074917875144036,3.0771745633888736,4.448544284868359,0.15598529003361,0.11983780918770508,-0.09985144063037159,7.25,2.5101681701385896,2.4899400432306518,-0.3180295953106494,1.0,0.0
7.300000000000001,0.00983909960030428,3.8275770092115713,4.479223900626073,0.1517741897874609,0.07884633890202485,0.12968677468187434,7.300000000000001,2.8080642698327765,2.8080569813717005,0.0063978809880095916,7.300000000000001,0.007599892784712431,2.9564874914304764,4.479223900626073,0.0877902495583964,0.03637577642923582,-0.07989950442083962,7.300000000000001,2.5783447485829045,2.5572146851979976,0.32941568929355586,1.0,0.0
7.3500000000000005,0.009696535902880835,3.850158664478343,4.509903516383785,0.1487299436019029,0.12489172490139697,0.08076294431841251,7.3500000000000005,2.8826751853324315,2.7871605404264788,0.7359024025106492,7.3500000000000005,0.006668423374467726,2.6478000278417935,4.509903516383785,0.02513557419102298,0.01699157680669424,-0.018522510832352908,7.3500000000000005,2.644544267173937,2.4529577326657748,0.9882371895439455,1.0,0.0
7.4,0.009233763489632573,3.74174257632287,4.540583132141498,0.16454760961452258,0.1644605842117917,0.005350894370990801,7.4,2.9552270187405316,2.573695343297115,1.4523976770102582,7.4,0.005336678343216959,2.1625501449517492,4.540583132141498,0.06469120904143483,0.06285167800696248,0.015317281056105525,7.4,2.7086822490512423,2.1765209786215376,1.6123634689317543,1.0,0.0
7.45,0.007462981527960636,3.085895285304482,4.571262747899211,0.19417576723444036,0.16107106127839438,-0.10844510961650268,7.45,3.0256227698329226,2.173844351436725,2.1044699762786094,7.45,0.00368727016054939,1.5246627050398993,4.571262747899211,0.12254392788638728,0.12111341492824909,-0.018669627372871016,7.45,2.7706779609139027,1.7397332865113024,2.156382260847692,1.0,0.0
7.5,0.004986209066310355,2.103556949849681,4.601942363656923,0.23480774801872156,0.07150233159060532,-0.22365619845363233,7.5,3.0937691451668736,1.607606672362651,2.643294972295308,7.5,0.0018232059816035886,0.7691650234890139,4.601942363656923,0.16502543580425388,0.1295717160321756,-0.10219865393859728,7.5,2.830454508371416,1.166445685909079,2.5789294650657224,1.0,0.0
7.550000000000001,0.002044297619193741,0.879802066537589,4.632621979414636,0.28393208427153466,-0.10302512928554224,-0.264581275252946,7.550000000000001,3.1595767003448274,0.9077943694828351,3.0263566062341645,7.550000000000001,-0.0001394456291904584,-0.06001305855836476,4.632621979414636,0.18736639844489258,0.06601925679877103,-0.17535000712274912,7.550000000000001,2.8879389276276077,0.4911578826181796,2.8458663327796905,1.0,0.0
7.6000000000000005,-0.0006279617429217505,-0.2756601340608184,4.663301595172349,0.3381431523820953,-0.2930000415893403,-0.1687950447481969,7.6000000000000005,3.2229599782884177,0.11803129310374176,3.2207979811681975,7.6000000000000005,-0.002079591947693059,-0.9128909548305085,4.663301595172349,0.1881582271690486,-0.035810990797907706,-0.18471895243713207,7.6000000000000005,2.9430622724632816,-0.2431888470350267,2.932997566360141,1.0,0.0
7.65,-0.002938962649549399,-1.3157651286856487,4.693981210930062,0.39326237030851713,-0.38913690986967325,0.05681335474829012,7.65,3.2838376426008806,-0.7101165774478777,3.2061385043999926,7.65,-0.0038792563336944395,-1.7367319077330414,4.693981210930062,0.16858716493845952,-0.11409186933810248,-0.12411558134627863,7.65,2.9957596956825645,-0.9881016175656955,2.8281144509443297,1.0,0.0
7.7,-0.005085697595186435,-2.321788780223249,4.724660826687775,0.44491720432703996,-0.30895238574090933,0.3201558090230277,7.7,3.342132605239238,-1.5206798912644692,2.9761355848326367,7.7,-0.0054312436573130925,-2.4795419606041182,4.724660826687775,0.13207172634243097,-0.12676918161240494,-0.03704747619462171,7.7,3.0459705243484447,-1.6929031838970858,2.5321957359474894,1.0,0.0
7.75,-0.007024530837752094,-3.2698093466792595,4.755340442445488,0.48911226474459085,-0.05714195974895784,0.4857629092053357,7.75,3.397772147834827,-2.2572390899467107,2.5396313235228924,7.75,-0.006645754923383719,-3.093495076914443,4.755340442445488,0.0838216733663082,-0.08169659072876945,0.01875473244874491,7.75,3.0936383282643045,-2.308331484931299,2.0596611036238035,1.0,0.0
7.800000000000001,-0.007869055582183693,-3.734276064636437,4.7860200582032,0.5226815896626723,0.2632630295180966,0.4515402766766792,7.800000000000001,3.4506880360982013,-2.8670011230165087,1.920300102352062,7.800000000000001,-0.007455578927867989,-3.538059891377611,4.7860200582032,0.031139104889163514,-0.02703443783268161,0.015452605746902376,7.800000000000001,3.138710981267451,-2.7901056360504692,1.4376429193677724,1.0,0.0
7.8500000000000005,-0.009154328441782553,-4.428283944569403,4.816699673960914,0.5436140814750927,0.5004220803743237,0.2123535049200805,7.8500000000000005,3.500816626826846,-3.304694889657018,1.1552959538326466,7.8500000000000005,-0.007819785795234258,-3.782716788809562,4.816699673960914,0.0288204488472768,-0.011620579524026182,-0.02637385833139099,7.8500000000000005,3.18114071499294,-3.10219198700722,0.7043160684905547,1.0,0.0
7.9,-0.00975268244024172,-4.808452797654338,4.847379289718626,0.5512516836715181,0.5355650606784506,-0.13056984541298597,7.9,3.5480989671049254,-3.5359901088979586,0.2928826217904377,7.9,-0.007725648484067944,-3.809046002936375,4.847379289718626,0.07447790407661033,-0.04745446674007208,-0.05740236739072842,7.9,3.2208841648453346,-3.2195237747697063,-0.09360270852946284,1.0,0.0
7.95,-0.009640943122256784,-4.844187076091253,4.878058905476339,0.5463533237367392,0.3479399370843983,-0.4212359843839164,7.95,3.5924808853463057,-3.5401767883977238,-0.61079228749924,7.95,-0.007188707272470609,-3.6120369575371734,4.878058905476339,0.11042032788202681,-0.10290964747181154,-0.04002815592557045,7.95,3.2579024079853527,-3.1299667974229446,-0.9040110325580738,1.0,0.0
8.0,-0.009075440529627714,-4.6466255511693895,4.908738521234052,0.5310142935844937,0.024745571585732064,-0.5304374012811826,8.0,3.633913073887111,-3.3118954933871563,-1.4955508916280702,8.0,-0.006251045140034351,-3.2005351116975875,4.908738521234052,0.13198201647473695,-0.13001187917024398,0.022719241786635706,8.0,3.2921609931999027,-2.8353784586520074,-1.673007173134394,1.0,0.0
8.05,-0.008321167711554684,-4.3408213885555815,4.9394181369917645,0.5084302341664064,-0.287371217765083,-0.419427092847756,8.05,3.672351162883836,-2.8617781986508324,-2.301388408170394,8.05,-0.004977953649591427,-2.5967999230900705,4.9394181369917645,0.13749089568720868,-0.1027635365558405,0.09134222436205139,8.05,3.3236299625794987,-2.351674275112086,-2.3486473196144724,1.0,0.0
8.1,-0.006756659529865434,-3.5907658972112153,4.970097752749477,0.4824985698136657,-0.45807114214213257,-0.1515773683926299,8.1,3.707755785318673,-2.2159403061098195,-2.9727195500622,8.1,-0.0034532626656268483,-1.8352053642833976,4.970097752749477,0.12727187280790342,-0.03637073331139566,0.12196433645300776,8.1,3.352283864977762,-1.7078893786050682,-2.8846006624554184,1.0,0.0
8.15,-0.004902845338865343,-2.6541228428443837,5.00077736850719,0.45727127683927576,-0.4323481750305233,0.1489029085343787,8.15,3.7400926329560518,-1.4143502030395902,-3.4623556152212327,8.15,-0.0017736782186971868,-0.9601689530735232,5.00077736850719,0.10341902522521466,0.026307964870170876,0.10001692738193592,8.15,3.3781017612747526,-0.9442970507796672,-3.2434356151180816,1.0,0.0
8.200000000000001,-0.0025069112089139197,-1.3822306194364504,5.031456984264903,0.43633757633978504,-0.24373362445793276,0.3619176713489922,8.200000000000001,3.7693325031342617,-0.5081868968035574,-3.7349181513256178,8.200000000000001,-4.256677478883201e-05,-0.023469957481768732,5.031456984264903,0.06949160138327522,0.048756319591492264,0.049516703875604286,8.200000000000001,3.4010672215099227,-0.10971620575726691,-3.3992970743116073,1.0,0.0
8.25,-3.2711894699129364e-05,-0.018368239996915812,5.062136600022616,0.4223268818243199,0.01717882402954768,0.4219773490561014,8.25,3.7954513363139473,0.44362770589048445,-3.7694356745929056,8.25,0.0016362080807636754,0.9187564031000657,5.062136600022616,0.03046401735443126,0.027900664330457937,0.012231487370316062,8.25,3.4211683139922573,0.7418003260844985,-3.3397791706766413,1.0,0.0
8.3,0.002295806767518316,1.3127124641789956,5.092816215780329,0.4167820969912691,0.25287445129715047,0.33130322704979004,8.3,3.8184302443415956,1.378473259399842,-3.5609297948741134,8.3,0.003164870484188142,1.8096317995424855,5.092816215780329,0.015766989411633785,-0.0061141049340630365,0.014533261022972028,8.3,3.4383975865351384,1.5546593789348813,-3.066857052192109,1.0,0.0
8.35,0.004431617045789273,2.5800115526166056,5.123495831538041,0.42048552423242885,0.396904194692214,0.1388349247298589,8.35,3.8382555294213443,2.2343602533388314,-3.1208716358468123,8.35,0.004457830909812905,2.5952728153387428,5.123495831538041,0.05065498551917387,-0.015679063879062278,0.04816735942341036,8.35,3.4527520400020135,2.2755379150444415,-2.596810321708781,1.0,0.0
8.4,0.006044453311744461,3.5825716556841893,5.154175447295755,0.43395213328991866,0.42394308947601433,-0.09266450708012997,8.4,3.854918693822681,2.954230883249624,-2.4764729000006667,8.4,0.005446672037946534,3.228264303579063,5.154175447295755,0.08020995854985728,0.014328686557082897,0.0789197452613647,8.4,3.464233094386463,2.8570375580942646,-1.9591445387926767,1.0,0.0
8.450000000000001,0.0075952701768905355,4.582614805905855,5.184855063053467,0.45761227238685104,0.337881714844051,-0.3086177872597446,8.450000000000001,3.868416440385171,3.4899205854943673,-1.668861906565348,8.450000000000001,0.0060838503402104145,3.670697947097588,5.184855063053467,0.09962436736730577,0.06571467747290127,0.07487720439471857,8.450000000000001,3.472846547686965,3.260922819967212,-1.1945900995732224,1.0,0.0
8.5,0.008416871483256592,5.169011199654955,5.21553467881118,0.4914696355103392,0.1565657983837931,-0.46586430793216077,8.5,3.878750663914393,3.8054948886688234,-0.7502768589872687,8.5,0.00634491417431676,3.8965704173022804,5.21553467881118,0.10719384037411392,0.10249572962854954,0.031387016775448535,8.5,3.4786025278728787,3.460714246739945,-0.352324352457723,1.0,0.0
8.55,0.008367852330506225,5.230128408671609,5.246214294568893,0.5345026679229146,-0.0920012139407649,-0.5265252877594191,8.55,3.8859284335959026,3.8797230412844854,0.21951973477427067,8.55,0.00622914875473536,3.8933822655080066,5.246214294568893,0.10275814603423991,0.09933589403684642,-0.026298607040955484,8.55,3.4815154382740223,3.4434559284643793,0.5133819393627655,1.0,0.0
8.6,0.007626411979535404,4.85082509805537,5.2768939103266055,0.5842827869079806,-0.36223911139976844,-0.4584421460220066,8.6,3.8899619665864784,3.7075142071606826,1.177345533473941,8.6,0.0057586701386890295,3.662836693733989,5.2768939103266055,0.08753580777730863,0.060312343585463134,-0.06344240580601408,8.6,3.4816038967621012,3.2105378696857767,1.3468527318391432,1.0,0.0
8.65,0.006231588114690048,4.033174964803576,5.307573526084319,0.6370525661894055,-0.5860075859966599,-0.24986212446642284,8.65,3.8908685929741123,3.300218859723021,2.0609254925204916,8.65,0.004976095458396195,3.2206017560700966,5.307573526084319,0.06390580410212147,0.014201899023182082,-0.06230776726921023,8.65,3.478890669128143,2.777522895479429,2.094766538980997,1.0,0.0
8.700000000000001,0.004110132337094492,2.7065344743737354,5.338253141842031,0.6881678285208304,-0.6846322050786051,0.06966852933916237,8.700000000000001,3.8886707123304296,2.684781425937767,2.8131314586908345,8.700000000000001,0.003940974503104771,2.5951435332180024,5.338253141842031,0.03517970116958127,-0.008680495496897324,-0.034091939990405114,8.700000000000001,3.473402597096449,2.1729998127660073,2.70972275615703,1.0,0.0
8.75,0.002442637777381955,1.636376479769552,5.368932757599744,0.7326800597811121,-0.5999284627522167,0.42060184210321305,8.75,3.8833957421114325,1.9018138622785565,3.385833209579929,8.75,0.0027252596883276118,1.8257110802663492,5.368932757599744,0.00815078516297358,0.0007617081533400266,-0.008115115492837152,8.75,3.465170521452486,1.436554062093212,3.153366323379951,1.0,0.0
8.8,0.001101258714602207,0.7504769787573954,5.399612373357457,0.7658982137964158,-0.3293807598123429,0.6914538227257001,8.8,3.875076058194757,1.002737383226304,3.7430912621888717,8.8,0.001408466147537721,0.9598302424948261,5.399612373357457,0.026636668266819652,0.02540385517420455,-0.008009758962954989,8.8,3.4542292007998943,0.6160089611959558,3.398857503836393,1.0,0.0
8.85,-0.0002270837466845066,-0.15740403573482079,5.43029198911517,0.7838616972698241,0.05765146760549647,0.7817387471077929,8.85,3.8637489278741577,0.046205253024780825,3.863472641580579,8.85,7.253366710065743e-05,0.050277010552197486,5.43029198911517,0.05044497711023339,0.03728338117274939,-0.03398007068826441,8.85,3.4406172265006942,-0.23585959808739126,3.4325234375431997,1.0,0.0
8.9,-0.0005499367247679858,-0.38768834292296217,5.460971604872882,0.7837061359003911,0.43834466346022694,0.6496531870651161,8.9,3.8494564356646586,-0.9059313705461317,3.7413370874515524,8.9,-0.0012032722146628066,-0.8482696098986242,5.460971604872882,0.06740190656488493,0.020211607659936154,-0.06430013938073764,8.9,3.424376934393174,-1.0648979493950623,3.254589028768177,1.0,0.0
8.950000000000001,-0.0008268468503027645,-0.5927808734460761,5.491651220630596,0.7639189146097403,0.6854194083964041,0.33730156046488585,8.950000000000001,3.8322454023048738,-1.7928235063502378,3.3870176702469212,8.950000000000001,-0.0023470675913959257,-1.6826535365711401,5.491651220630596,0.07581885308024117,-0.01821194548496041,-0.07359907284780173,8.950000000000001,3.4055543139240894,-1.8191855116071056,2.878951937675544,1.0,0.0
9.0,-0.0017254232969897048,-1.2578335835054948,5.522330836388308,0.724485326465767,0.7231652736815666,-0.04371470239260244,9.0,3.812167297376488,-2.5586921224004953,2.8259005867072546,9.0,-0.003298385798532643,-2.4045232471302964,5.522330836388308,0.07528115082435877,-0.05369029659947598,-0.05276934451459626,9.0,3.3841989153762584,-2.452430540315106,2.3320348933417785,1.0,0.0
9.05,-0.0024541508895849036,-1.81905989376976,5.553010452146021,0.6669309963786774,0.5604080015222589,-0.36157962575411134,9.05,3.78927814599478,-3.1564802253239543,2.0964878856918,9.05,-0.00401131544312844,-2.9732577058814855,5.553010452146021,0.06644086207664654,-0.06470079216997861,-0.01510614596994227,9.05,3.360363755919781,-2.9269199621825797,1.6508131654055898,1.0,0.0
9.1,-0.003264142600597759,-2.4597632036750534,5.583690067903734,0.5942768913484439,0.2819514949198545,-0.5231332316945937,9.1,3.7636384300585415,-3.550841171529387,1.2475981752092045,9.1,-0.004456582121556368,-3.3583510459233534,5.583690067903734,0.05086860356362222,-0.04857332650855921,0.015107838376348154,9.1,3.3341052252655135,-3.2158290338794577,0.8801711640361293,1.0,0.0
9.15,-0.0040729431576738044,-3.120122399192858,5.6143696836614465,0.5109434897774384,0.0032791781506079113,-0.5109329669698403,9.15,3.7353129845827664,-3.720267796099819,0.33491882314257504,9.15,-0.004622489918711639,-3.541108671806918,5.6143696836614465,0.03090181914214797,-0.0220752582331113,0.02162418553923996,9.15,3.3054829917536854,-3.304746244686112,0.06978586537355003,1.0,0.0
9.200000000000001,-0.004463878138582094,-3.4759683399762142,5.64504929941916,0.42267810001004025,-0.1858769821870621,-0.37961365059903757,9.200000000000001,3.7043708896731586,-3.6582327321455708,-0.5828352818049553,9.200000000000001,-0.004514718537163531,-3.5155571482667964,5.64504929941916,0.010526430262823109,-0.007125268001903938,0.0077483088463949365,9.200000000000001,3.274559909769409,-3.1923277201375817,-0.7292368133262541,1.0,0.0
9.25,-0.004149353698284014,-3.2840189512371896,5.675728915176872,0.33664078237998585,-0.25792373914593797,-0.21633853366052738,9.25,3.6708853587378116,-3.373283948429044,-1.4478793873339697,9.25,-0.00415505249178388,-3.2885292791613887,5.675728915176872,0.01578373190011799,-0.013634819957445846,-0.007950967074692148,9.25,3.241401929441029,-2.8900588381981267,-1.46773511913319,1.0,0.0
9.3,-0.004021288747195397,-3.2345517528278487,5.706408530934585,0.26178757319764034,-0.24565396783144,-0.09048127745218745,9.3,3.634933623568396,-2.888115391085798,-2.2071547149036466,9.3,-0.0035791500549844646,-2.87891440077714,5.706408530934585,0.03365837750529219,-0.032850323460576605,-0.007330936149241102,9.3,3.206078009647737,-2.4211640742676837,-2.1016423885671665,1.0,0.0
9.35,-0.004128157946636422,-3.3743578536398413,5.737088146692298,0.20890167812354357,-0.20771301085905708,-0.022253454623896912,9.35,3.596596816960731,-2.237704981636945,-2.815703300940861,9.35,-0.002833547016806846,-2.316142394118047,5.737088146692298,0.04741511093821478,-0.04557037883769348,0.013097072874207933,9.35,3.1686600354405794,-1.8187646272574,-2.594706467181894,1.0,0.0
9.4,-0.0035337576439847997,-2.9350825589714713,5.767767762450011,0.1862648661638906,-0.18576329490421187,0.013660111031133442,9.4,3.5559598535827397,-1.466675823580406,-3.239400022969827,9.4,-0.001972146334081982,-1.6380331907471488,5.767767762450011,0.05526268055157868,-0.0378776861214377,0.040239840405146714,9.4,3.129222741067062,-1.1234330161509787,-2.920604941006772,1.0,0.0
9.450000000000001,-0.0022777565322407572,-1.9222183832080662,5.798447378207723,0.1893800258182636,-0.18084253053947694,0.056220755304465034,9.450000000000001,3.5131113098361024,-0.6260868433922707,-3.4568723349046953,9.450000000000001,-0.0010524501659522096,-0.8881717724297513,5.798447378207723,0.05665899955073537,-0.01176879078596746,0.05542326040144479,9.450000000000001,3.08784363988513,-0.38033123121542467,-3.0643313298240464,1.0,0.0
9.5,-0.0014535032521340438,-1.2461973507984259,5.829126993965437,0.2027739155874412,-0.16198538284359604,0.12197539336963156,9.5,3.468143303496362,0.23010708748807326,-3.4605012211924464,9.5,-0.00013179169867998732,-0.11299490765575412,5.829126993965437,0.051887763387815075,0.017127206810591274,0.0489795750926559,9.5,3.0446029625587188,0.3638581536777152,-3.022782566382103,1.0,0.0
9.55,0.00018692458225199506,0.16280829698259894,5.859806609723149,0.21369802530772672,-0.09815285452865705,0.18982324190756542,9.55,3.4211513739541304,1.0486702057851536,-3.256465495442376,9.55,0.0007361911331980051,0.6412106059334398,5.859806609723149,0.041932020640222466,0.03208844786720276,0.026993070748728337,9.55,2.9995836050455718,1.0639914246904971,-2.8045363345557273,1.0,0.0
9.600000000000001,0.0012497112600235536,1.1056645413481994,5.890486225480862,0.21642940136841377,0.010600523856095244,0.2161696432681201,9.600000000000001,3.3722343639168852,1.7805244729049072,-2.863860542444171,9.600000000000001,0.001504628117750532,1.3311986623861354,5.890486225480862,0.028338428714430965,0.027776971814459993,0.005613054321987313,9.600000000000001,2.9528710880199887,1.6793058806298928,-2.428863812926985,1.0,0.0
9.65,0.0018422519084728877,1.6555067472962968,5.921165841238575,0.21026062600969195,0.12532220328942067,0.16883091012214757,9.65,3.321494303465588,2.383781955523587,-2.312986812862213,9.65,0.0021358668386341484,1.919358555918837,5.921165841238575,0.013264770411621845,0.01314197454944055,-0.0018007329104826164,9.65,2.9045535295197715,2.1758599991939582,-1.9240749646917168,1.0,0.0
9.700000000000001,0.002904230226360483,2.6506125133831024,5.9518454569962875,0.1975887686064978,0.18969587054021025,0.055288318652532004,9.700000000000001,3.2690362973917706,2.8261787815665596,-1.642958249100644,9.700000000000001,0.0026032759198734677,2.375939643618678,5.9518454569962875,0.006532185353008677,0.0032813060390293187,0.005648227701172361,9.700000000000001,2.854721632768917,2.5284223595387756,-1.3253361733474271,1.0,0.0
9.75,0.0030953236641682613,2.8689297567937047,5.982525072754001,0.18268981827330122,0.16652765909876077,-0.07512728170124842,9.75,3.214968416767009,3.0867684999363303,-0.8988226458040468,9.75,0.002892216090575582,2.6806775980758273,5.982525072754001,0.01853363185612861,0.007347954654941683,0.01701478980673655,9.75,2.8034686913061555,2.7217047311032667,-0.6721309841273088,1.0,0.0
9.8,0.0034377721979685816,3.235603690550446,6.013204688511713,0.17039917002970828,0.06438815525327894,-0.15776578402775768,9.8,3.1594015957155195,3.1567908960812217,-0.1284121545200732,9.8,0.0029998708188865085,2.8234544157694312,6.013204688511713,0.02917802750011226,0.02205016966593059,0.019108827972981014,9.8,2.750890613744168,2.7508850106885694,-0.005552184679387869,1.0,0.0
9.850000000000001,0.0031229866133237164,2.984549691608324,6.043884304269426,0.1640844663674766,-0.06401021058027144,-0.15108409924465532,9.850000000000001,3.1024495343686667,3.039694092666617,0.6208485614963035,9.850000000000001,0.0029343796243023914,2.8043033439239573,6.043884304269426,0.03593187731955975,0.035245465591063785,0.006989775602766592,9.850000000000001,2.6970859706940398,2.621417669221305,0.634383272800403,1.0,0.0
9.9,0.0025748397883534,2.498364471799516,6.074563920027139,0.16364257638485066,-0.15143192367707478,-0.062026327453205556,9.9,3.0442286089735027,2.7503483651006646,1.304956587124969,9.9,0.0027133595493794675,2.632770057403348,6.074563920027139,0.03822400310742148,0.03603708125244998,-0.012743750953329431,9.9,2.64215606661142,2.3481791900502342,1.2112155760831989,1.0,0.0
9.950000000000001,0.0018466240489069814,1.8190629541490393,6.105243535784852,0.16559531924650545,-0.1550663123111141,0.05810549494311259,9.950000000000001,2.98485779010038,2.313545086695502,1.8859706145510404,9.950000000000001,0.0023619657037571413,2.326713070382854,6.105243535784852,0.03613466645034323,0.023101826863743305,-0.027785242756455966,9.950000000000001,2.586205039549553,1.9540400968028637,1.6941616825669736,1.0,0.0
10.0,0.0011430152929000732,1.1430152929000732,6.135923151542564,0.1653099610386713,-0.08020906764223534,0.14454718498321,10.0,2.924458569840286,1.7619197710875611,2.3341158169557583,10.0,0.0019106689965995892,1.9106689965995893,6.135923151542564,0.03026487226737571,0.005026095762643019,-0.029844611820985533,10.0,2.529339992031007,1.4679906110173628,2.0597486160335885,1.0,0.0
10.05,0.0008301076728599038,0.8426216497917262,6.166602767300278,0.15901080191741723,0.025723324474928935,0.15691636531725306,10.05,2.8631548987916284,1.133471373824652,2.6292391711661676,10.05,0.0013929290520789466,1.4139276316551685,6.166602767300278,0.021639690113367634,-0.006925758727177887,-0.020501464685614545,10.05,2.471671156460325,0.922971554048808,2.292876319406402,1.0,0.0
10.100000000000001,-9.404035829568262e-05,-0.09688987519240014,6.19728238305799,0.1445392632136291,0.10401528314822661,0.100361444200116,10.100000000000001,2.801073133497189,0.4688690016738622,2.7615525630465765,10.100000000000001,0.0008429268751515389,0.868468402395506,6.19728238305799,0.011714692159838943,-0.00743051634279988,-0.009056568846929607,10.100000000000001,2.4133120986726806,0.3535745290644082,2.387270478600366,1.0,0.0
10.15,-0.0005705787018088468,-0.5966418097170846,6.227961998815704,0.12134209264771524,0.12002072624884266,0.017858575498260733,10.15,2.7383419947900927,-0.191258720626458,2.731654623523134,10.15,0.0002935000743872748,0.3069066808476647,6.227961998815704,0.004755420973348771,-0.000413844963035655,-0.0047373791256701625,10.15,2.354379963317197,-0.20622463080062786,2.3453307684249207,1.0,0.0
10.200000000000001,-0.0003652719415349361,-0.3876295065324066,6.258641614573416,0.09019915103550816,0.08096805226533624,-0.039749985658918074,10.200000000000001,2.6750925372245478,-0.808866670035685,2.549873485649798,10.200000000000001,-0.00022553272177511008,-0.23933712860952108,6.258641614573416,0.010927451211169618,0.004987662805653424,-0.00972277788029706,10.200000000000001,2.2949957647623993,-0.7251470522437075,2.1774221714907775,1.0,0.0
10.25,-7.986591171231999e-05,-0.0860068515800751,6.2893212303311286,0.05288850534903305,0.02644043182079081,-0.04580499495889951,10.25,2.611458129379854,-1.350706799193704,2.2350178308273128,10.25,-0.0006887107736454854,-0.7416661754753203,6.2893212303311286,0.018348344207921016,0.0020370865652307446,-0.018234911941057055,10.25,2.2352847270203386,-1.176376795140588,1.9006934120749588,1.0,0.0
10.3,-0.0005753600726193746,-0.6287114860731515,6.320000846088842,0.01184398371485511,-0.00041855912213010224,-0.011836585592941687,10.3,2.547574444306836,-1.790083924735933,1.812659673432187,10.3,-0.0010760560497378832,-1.1758354990619282,6.320000846088842,0.02343923163676911,-0.008576874677466458,-0.021813637947145647,10.3,2.1753766757249937,-1.5389121521997229,1.537534737526389,1.0,0.0
10.350000000000001,-0.0007849801141499831,-0.8703214840776271,6.350680461846554,0.03021387831920228,0.018601126371975175,0.023809169258530865,10.350000000000001,2.48357945870068,-2.10806612827569,1.313097150441164,10.350000000000001,-0.0013737371316907706,-1.523086913456787,6.350680461846554,0.02562048347412578,-0.019894553062799466,-0.016143603435398446,10.350000000000001,2.115406484345217,-1.7984386683755962,1.1138056159407723,1.0,0.0
10.4,-0.0011172547914700922,-1.2567596937522139,6.381360077604267,0.0705230723025613,0.06647064638139293,0.023561767689036086,10.4,2.419613458493272,-2.294106650673382,0.7691579576770486,10.4,-0.0015742894125461903,-1.7708614857543579,6.381360077604267,0.024870364447815464,-0.02453680353826871,-0.00405959356236156,10.4,2.0555145753946795,-1.9476985989300395,0.656970575738313,1.0,0.0
10.450000000000001,-0.0010554050427402258,-1.2043924829293233,6.41203969336198,0.10664368812449643,0.10387231781319109,-0.024154043324261167,10.450000000000001,2.355819047415562,-2.3460787995124233,0.214003856610837,10.450000000000001,-0.00167641865750857,-1.9130721832667577,6.41203969336198,0.02155197556127112,-0.020316811614660226,0.007191301440492887,10.450000000000001,1.9958474751978532,-1.986369311107808,0.19427841913794103,1.0,0.0
10.5,-0.0013602551131088362,-1.5746653253126166,6.442719309119693,0.13662227453300863,0.09556308712889057,-0.09763883590543697,10.5,2.2923411536351113,-2.269766801570616,-0.32091530212355124,10.5,-0.0016844380830053993,-1.9499476358391254,6.442719309119693,0.01634616642667112,-0.011351435482689997,0.011761890550874747,10.5,1.9365584174919257,-1.920497564880659,-0.24889276334656682,1.0,0.0
10.55,-0.001584289368252917,-1.8603381261751872,6.473398924877405,0.15915236605083355,0.03288837711633455,-0.15571714828570513,10.55,2.2293270277713835,-2.0778907905605997,-0.807631635868381,10.55,-0.0016074106610848395,-1.8874881048619214,6.473398924877405,0.010279473679386164,-0.004291800957355641,0.009340665054889515,10.55,1.8778079864226507,-1.7615652722851356,-0.6504234200516507,1.0,0.0
10.600000000000001,-0.0011996713548934157,-1.428827778419737,6.504078540635119,0.17364155177062549,-0.060864573029948923,-0.16262500499982413,10.600000000000001,2.1669262233784967,-1.78877096354486,-1.2230567025057295,10.600000000000001,-0.001458083172663798,-1.7366003879733467,6.504078540635119,0.005563627655985554,-0.003069283843602039,0.004640414785539198,10.600000000000001,1.8197647828792323,-1.5252833938840518,-0.9924990848101819,1.0,0.0
10.65,-0.0007872035387886644,-0.9509022194784402,6.534758156392831,0.18020257870366144,-0.14396678270409333,-0.1083814322164164,10.65,2.105290548316843,-1.4247529100058347,-1.5499443339236867,10.65,-0.0012517058200835806,-1.5119975759802788,6.534758156392831,0.007064339959069243,-0.006325245059666575,0.0031458184932487785,10.65,1.7626060890886928,-1.2302229331608083,-1.2622724587099863,1.0,0.0
10.700000000000001,-0.0004247327424874793,-0.5203158730550893,6.565437772150545,0.17957776331033518,-0.17907308058543026,-0.013453805602384818,10.700000000000001,2.044573972285602,-1.0105226310177713,-1.7773932430243586,10.700000000000001,-0.0010048308263563878,-1.2309609700121087,6.565437772150545,0.01141758248822305,-0.009177968999890866,0.006791617989287964,10.700000000000001,1.7065184943941452,-0.8963951266559719,-1.452129866305588,1.0,0.0
10.75,-7.758843218393315e-05,-0.09638786683824957,6.596117387908257,0.17301388615720753,-0.1517622485415126,0.08307842512255105,10.75,1.984932472167716,-0.5714361036403152,-1.9008991815775542,10.75,-0.000734175900997138,-0.9120644275090539,6.596117387908257,0.014889772450248362,-0.00746925989564078,0.012880818305975261,10.75,1.6516984296511252,-0.5438872294668955,-1.5595814772351002,1.0,0.0
10.8,0.00018644053213955303,0.23486137562258066,6.62679700366597,0.1621101804817454,-0.0755734721699811,0.14341673863254997,10.8,1.926523792816596,-0.13197547776454752,-1.9219980222563346,10.8,-0.00045562482454921424,-0.5739560589825399,6.62679700366597,0.016710095577236846,-0.0009471680742786829,0.01668323010808931,10.8,1.5983525383478832,-0.19164676894935642,-1.5868214621671821,1.0,0.0
10.850000000000001,0.00012936551285239168,0.16523716271640768,6.657476619423683,0.14866361977380457,0.016879242111971934,0.14770227835065974,10.850000000000001,1.8695070966483114,0.2855761586974034,-1.8475667895916603,10.850000000000001,-0.00018341923956605603,-0.23427940001349318,6.657476619423683,0.01677163072772057,0.0069193950326759375,0.015277747531910597,10.850000000000001,1.5466977894623877,0.14351264534412164,-1.5400253804902595,1.0,0.0
10.9,0.000521468488723422,0.6753168154830045,6.6881562351813955,0.13452969610344326,0.08990705701954037,0.10007477320368963,10.9,1.814042471180429,0.6621748537050427,-1.6888678309350034,10.9,7.042511907264056e-05,0.09120257152752265,6.6881562351813955,0.015278323266660223,0.01192875520244577,0.009546306152679901,10.9,1.496961211062233,0.4476349277459672,-1.428466254024494,1.0,0.0
10.950000000000001,0.0007830571181265607,1.0281010418625611,6.718835850939108,0.12149666979436488,0.11916774431308363,0.023674659162329248,10.950000000000001,1.7602902599344983,0.9827321963278531,-1.4604311793168816,10.950000000000001,0.0002964660981646284,0.38923993837026877,6.718835850939108,0.012660761181818456,0.01229012580469234,0.0030410000670628907,10.950000000000001,1.449379096859041,0.7100516300412396,-1.2635372764931425,1.0,0.0
11.0,0.0013604191108827423,1.81071783658493,6.749515466696821,0.11113450911289137,0.09892066325109823,-0.050651569548496304,11.0,1.7084101795588673,1.236497881680897,-1.1788716343262382,11.0,0.000487955438176057,0.6494686882123318,6.749515466696821,0.009555875648810505,0.009505512709694887,-0.0009797895393188092,11.0,1.4041955143389944,0.9235215703120672,-1.0577679101098154,1.0,0.0
11.05,0.0008673868053843789,1.17030657631913,6.780195082454534,0.10455973176346267,0.04135680451776115,-0.09603307881416151,11.05,1.6585601855338783,1.4171245303243332,-0.8617307900912043,11.05,0.000640757982903243,0.8645315752622479,6.780195082454534,0.006892207258807489,0.00664844184295651,-0.0018167944185250285,11.05,1.3616599291286622,1.0841065756086672,-0.8239118249647366,1.0,0.0
11.100000000000001,0.0009315077008312557,1.2739588083955515,6.810874698212247,0.10214699947157085,-0.029498037640111913,-0.09779506775102534,11.100000000000001,1.6108950515254543,1.5224530842208532,-0.5264213838510057,11.100000000000001,0.0007531094023770357,1.0299757650823083,6.810874698212247,0.0058992341365681775,0.005761087109324856,-0.0012691882117409788,11.100000000000001,1.322023765028657,1.1908293841471354,-0.5741708919409795,1.0,0.0
11.15,0.0010412662278018068,1.443398949755675,6.84155431396996,0.10340876347275225,-0.08623843673831998,-0.05706403764100823,11.15,1.5655646346558492,1.5540738130333804,-0.18933359165502597,11.15,0.0008252586194770942,1.1439700941273427,6.84155431396996,0.006732900283484057,0.006522321499680482,-0.001670708975897793,11.15,1.2855357539437766,1.245173677171736,-0.3196008265734168,1.0,0.0
11.200000000000001,0.0013240987662761113,1.860263431506765,6.872233929727672,0.10723547613740066,-0.10676767222527742,0.010005573947093203,11.200000000000001,1.5227118119796357,1.5167282678194796,0.13485779154215027,11.200000000000001,0.0008590433598818905,1.206894069512145,6.872233929727672,0.008013000144053569,0.0070153107070114835,-0.0038721553420146436,11.200000000000001,1.252436006366577,1.2504937657740498,-0.06972296467948239,1.0,0.0
11.25,0.000481128837627144,0.6850447707620859,6.902913545485386,0.11234562053871747,-0.08173752345054637,0.07707474109201326,11.25,1.4824700933612118,1.417621140663897,0.4336679366210871,11.25,0.0008575090043647284,1.220945437855248,6.902913545485386,0.008811375617398805,0.005634928270392058,-0.006774062566763505,11.25,1.222948859366631,1.2114023767226254,0.16765498589937047,1.0,0.0
11.3,0.0004750302333688407,0.6854196986372002,6.933593161243098,0.11765722114907332,-0.018918605930277315,0.1161262590380695,11.3,1.4449609431953023,1.2657082549628111,0.6970615042296149,11.3,0.0008245299835725746,1.1897118397069173,6.933593161243098,0.008859109489171157,0.002417610206233091,-0.008522850569606395,11.3,1.1972747345836943,1.133199574232268,0.38642659721124506,1.0,0.0
11.350000000000001,0.0003449388991229982,0.5043473666212923,6.964272777000811,0.12249572527926188,0.05774048030635781,0.10803351167893925,11.350000000000001,1.4102908773535583,1.0710186783447428,0.9175180376337839,11.350000000000001,0.000764447611881718,1.1177258956665306,6.964272777000811,0.008210742546971028,-0.0011836872825936656,-0.008124972467009738,11.350000000000001,1.1755814480192668,1.0213949609041009,0.582017246107696,1.0,0.0
11.4,-0.00015897515908266382,-0.2355286930879661,6.994952392758524,0.12670548301609938,0.11568134246788228,0.051692421409444377,11.4,1.3785484401952413,0.8440564935103586,1.0899378136975202,11.4,0.0006817700238279457,1.0100722881821502,6.994952392758524,0.007094841755686638,-0.0036326675584177634,-0.006094301104167219,11.4,1.1579956222700694,0.8813601985613955,0.7511045610222741,1.0,0.0
11.450000000000001,0.0003304039980288979,0.49597724723563225,7.0256320085162365,0.13071251957799734,0.12654002332528222,-0.0327625589853017,11.450000000000001,1.3498012054354913,0.5953126340527054,1.2114314516027456,11.450000000000001,0.0005809491518814583,0.8720764968129706,7.0256320085162365,0.005843639751527349,-0.004464484584019189,-0.003770477813843443,11.450000000000001,1.1445950095769708,0.7181311712494255,0.8912829835851429,1.0,0.0
11.5,-0.0002994251628488335,-0.45538824454771965,7.056311624273949,0.13550738624208106,0.07952888394417046,-0.10971512359176015,11.5,1.324092978364629,0.3349010658682094,1.2810400038386198,11.5,0.00046624000638266093,0.7090927697072295,7.056311624273949,0.004825614741263297,-0.004337235264356101,-0.002115407264032979,11.5,1.1354025847199072,0.5363605407209932,1.000727934928435,1.0,0.0
11.55,-6.925512422360232e-05,-0.10670821749171172,7.086991240031662,0.14245820540145093,-0.010929831984219337,-0.1420383013802922,11.55,1.3014413984970967,0.07231810626527883,1.2994305696066577,11.55,0.00034163854901586495,0.5263962919802772,7.086991240031662,0.00429082674293256,-0.004146361091843214,-0.0011040307214538884,11.55,1.1303831684210213,0.3404037960620767,1.0779106470742716,1.0,0.0
11.600000000000001,-0.0004207340647835453,-0.656722118784377,7.117670855789375,0.1528972293075931,-0.10814311010261124,-0.10808621774894897,11.600000000000001,1.2818361444938737,-0.18368972397250602,1.2686063166474553,11.600000000000001,0.00021088660319616917,0.32917205538248784,7.117670855789375,0.004156911714295727,-0.004155024123077019,-0.00012525788237507208,11.600000000000001,1.1294430873172354,0.13450681247427448,1.1214051921079635,1.0,0.0
11.65,-0.0006759025366784376,-1.0687148707000524,7.148350471547088,0.16760495758461366,-0.167020638674196,-0.013983134977672377,11.65,1.2652379223042414,-0.42517407504802146,1.1916601889564882,11.65,7.752611585751403e-05,0.12258174572284238,7.148350471547088,0.004096627182469265,-0.003929014116304873,0.0011598285847585885,11.65,1.1324330047527953,-0.07694822677925113,1.129815684370231,1.0,0.0
11.700000000000001,-0.0003961808556054173,-0.6345284086887594,7.179030087304801,0.18648599168606256,-0.15384285489670854,0.10540114369571363,11.700000000000001,1.2515783716592719,-0.6449802809463608,1.072589789992254,11.700000000000001,-5.501888918435815e-05,-0.08811896816322744,7.179030087304801,0.0038483564850408723,-0.0030086821344531165,0.002399516503335365,11.700000000000001,1.1391536462654344,-0.2891879493818939,1.1018354503881826,1.0,0.0
11.75,-0.0006514748080674475,-1.0568448280935405,7.209709703062513,0.20860726269093963,-0.06329929525242077,0.19877170137611025,11.75,1.2407609587988684,-0.8367227493855471,0.9161783655709068,11.75,-0.00018335590018501356,-0.29744624413919785,7.209709703062513,0.0033279712859024197,-0.001552455303905954,0.0029436839859545514,11.75,1.1493637881687444,-0.4968341991352939,1.0364327745315647,1.0,0.0
11.8,-0.0009474446832946882,-1.5566819328830384,7.240389318820227,0.23247298589722187,0.07557772003928817,0.21984471202563163,11.8,1.2326628428256612,-0.9947705893005733,0.7279348588614442,11.8,-0.00030405541396645147,-0.4995727749201268,7.240389318820227,0.0026003463609282173,-0.0002778173190009951,0.002585462963195513,11.8,1.1627896530179633,-0.6937773822904947,0.933141318872862,1.0,0.0
11.850000000000001,-0.0010876590830648947,-1.8098719199614108,7.271068934577939,0.2563192820545891,0.20863286648852508,0.14890232158620387,11.850000000000001,1.2271376208766442,-1.114267780188077,0.5140759229972999,11.850000000000001,-0.0004136195529562597,-0.6882656763487548,7.271068934577939,0.001871841423731637,0.00023411316981306914,0.0018571433276184579,11.850000000000001,1.179134796040612,-0.8731728685400686,0.7924190866449673,1.0,0.0
11.9,-0.0010188305454050146,-1.7168914630641692,7.301748550335652,0.27832835093584823,0.27829309803623853,0.004429731375740411,11.9,1.2240187857377174,-1.1912033198603973,0.28152555584245675,11.9,-0.0005085019245537633,-0.8569065946790952,7.301748550335652,0.0015526693087495906,0.00015184730178647985,0.0015452263197580792,11.9,1.1980896583038678,-1.0275829948636441,0.6160292346973014,1.0,0.0
11.950000000000001,-0.0007396547800004197,-1.262213393066069,7.332428166093365,0.29676892471429195,0.2489172497235968,-0.1615920711734262,11.950000000000001,1.2231236789213902,-1.2225362143279244,0.037904334777747746,11.950000000000001,-0.0005851863145077677,-0.9986145206960715,7.332428166093365,0.0019011222551995428,0.0002686369179989573,0.0018820467676184398,11.950000000000001,1.2193401572692306,-1.1492709223757303,0.40739018902152047,1.0,0.0
12.0,-0.0009278137726557611,-1.6032621991491551,7.3631077818510775,0.3100971176469677,0.12430047075959413,-0.28409437752602673,12.0,1.2242576986013431,-1.2063691284371536,-0.20851963585820787,12.0,-0.0006403244514934412,-1.1064806521806665,7.3631077818510775,0.0025309490941270185,0.0012002092212170033,0.0022282731301095137,12.0,1.2425749227179235,-1.2306351066300614,0.1718419998052603,1.0,0.0
12.05,-0.0003905025466880024,-0.6832584497273494,7.39378739760879,0.31704082651570625,-0.05157386157474971,-0.31281787429753866,12.05,1.227218525857584,-1.14215423622737,-0.44894210191954015,12.05,-0.0006709255804072457,-1.1739118626484515,7.39378739760879,0.003114369087578151,0.002655279182026121,0.0016275095327404562,12.05,1.2674910127585475,-1.264756117655934,-0.08321917012069537,1.0,0.0
12.100000000000001,-0.0006388433266949874,-1.131749922683099,7.424467013366503,0.3166757659377325,-0.2121973570521989,-0.23506557041028184,12.100000000000001,1.2318001603034174,-1.0309064215501642,-0.6742133081823287,12.100000000000001,-0.0006745836266211794,-1.1950660441606435,7.424467013366503,0.003531827338584605,0.0035249962485720443,-0.00021955818619816752,12.100000000000001,1.293798126658102,-1.2460126173711001,-0.3483764485381218,1.0,0.0
12.15,-0.0002725412705671905,-0.4888336681288068,7.455146629124216,0.308491504241814,-0.2973744065861702,-0.08206991225108184,12.15,1.2377965999799632,-0.8753933940473202,-0.8751153230176412,12.15,-0.0006497163561545893,-1.165339946355135,7.455146629124216,0.003741371312449122,0.0028102186953839034,-0.002469925136867929,12.15,1.3212214550436736,-1.1707119309884377,-0.6124211850589799,1.0,0.0
12.200000000000001,-0.00034532246363255765,-0.6270531049422526,7.485826244881929,0.2924412856064659,-0.2798229712846572,0.08497652775083506,12.200000000000001,1.2450050518994515,-0.6802701214514402,-1.0427224660069423,12.200000000000001,-0.0005957805458250317,-1.0818469125752925,7.485826244881929,0.003723762626069906,0.000602525200893917,-0.0036746933855224964,12.200000000000001,1.3495033758831296,-1.037674002665589,-0.8627815631502207,1.0,0.0
12.25,-0.00031805971089388866,-0.5846782332336735,7.516505860639642,0.26896853979097096,-0.17634879278016385,0.20308909050529025,12.25,1.2532286109964939,-0.45212651104908813,-1.1688300002253451,12.25,-0.0005135227304169695,-0.943991182981657,7.516505860639642,0.0034643242355767755,-0.0017964517983837306,-0.0029621450581105023,12.25,1.3784042277363133,-0.8487063731003297,-1.0861379780213132,1.0,0.0
12.3,-0.00027671375150058436,-0.514927488613638,7.547185476397354,0.2390050841937584,-0.03769422934841693,0.23601393040304738,12.3,1.2622783906563988,-0.1994224140854894,-1.2464258647342101,12.3,-0.0004051631929575537,-0.7539548153893443,7.547185476397354,0.0029540277873753343,-0.0028267872560895514,-0.0008576444352966545,12.3,1.4077023840780323,-0.6089124589486138,-1.2691932947648787,1.0,0.0
12.350000000000001,0.00022532679474486186,0.4244374647356941,7.577865092155068,0.20394153721356612,0.07777325181254927,0.1885297639725202,12.350000000000001,1.2719751239953037,0.06770765694299323,-1.2701717951734552,12.350000000000001,-0.0002744730568481171,-0.5170119626419944,7.577865092155068,0.002205924483818564,-0.0019491478373975229,0.0010329208760978534,12.350000000000001,1.4371938269455862,-0.32678565144606864,-1.3995489395585523,1.0,0.0
12.4,0.00014430499226600959,0.2751353615741883,7.60854470791278,0.165582581858919,0.13250217210777282,0.09930138872033845,12.4,1.2821502804821736,0.33778695245312806,-1.2368546060442773,12.4,-0.00012673753980307402,-0.24164083508949621,7.60854470791278,0.001307406259839651,-0.00015128471354179554,0.0012986239115758194,12.4,1.4666913847545142,-0.01405689387679911,-1.4666240219796112,1.0,0.0
12.450000000000001,0.0005405232972018533,1.043091656562902,7.639224323670493,0.12613251533161368,0.12499941651949519,0.01686882609032152,12.450000000000001,1.292646757840574,0.5984606775636893,-1.1457663190920553,12.450000000000001,3.1404729837892744e-05,0.06060425487688974,7.639224323670493,0.0008237978779000504,0.0008199114365573988,-7.99260898268454e-05,12.450000000000001,1.4960237645935581,0.31471768740373274,-1.4625456852570207,1.0,0.0
12.5,0.000679110162053319,1.3263870352603888,7.669903939428206,0.088375853561693,0.08411834183783945,-0.027099742788635393,12.5,1.3033192160209945,0.8370739864663573,-0.9989735331984029,12.5,0.00019224531883639873,0.37547913835234126,7.669903939428206,0.001655845952782226,-7.596796847863306e-05,-0.0016541023810848308,12.5,1.5250344775837468,0.642821322388627,-1.3829356114084517,1.0,0.0
12.55,0.0007878319545701734,1.5572730554298437,7.7005835551859185,0.056740268060301365,0.04698538722352357,-0.03180929749319218,12.55,1.3140341204169406,1.0413340124379182,-0.801441915649455,12.55,0.0003474000421718442,0.6866905080342447,7.7005835551859185,0.0027946809276362494,-0.0022278344143061646,-0.0016873041544804286,12.55,1.5535807288260322,0.9522637677962822,-1.2275205894493393,1.0,0.0
12.600000000000001,0.0007686562762034346,1.5376015671667222,7.731263170943632,0.04077943152327223,0.03486211921348012,-0.021156433520476678,12.600000000000001,1.3246695574457332,1.200016248081755,-0.560990588836624,12.600000000000001,0.0004882902534690491,0.9767641040734029,7.731263170943632,0.0038060494611653704,-0.003790278036598143,0.0003461284532062186,12.600000000000001,1.5815323215752801,1.2248410664166511,-1.0005042959461075,1.0,0.0
12.65,0.0007822346472550146,1.5834655695806246,7.761942786701344,0.04779767780409097,0.04209410975244578,-0.02264296640488477,12.65,1.3351148789070655,1.3036684969278376,-0.2880628230038387,12.65,0.0006066791279507464,1.228091231019104,7.761942786701344,0.004518299740222353,-0.003184473795015608,0.0032053329298767507,12.65,1.608770608296105,1.443300385500557,-0.7106524237145495,1.0,0.0
12.700000000000001,0.0009725329308815712,1.9921199225579862,7.792622402459057,0.0640246962673189,0.04449953070876547,-0.04603209205350194,12.700000000000001,1.3452702235710545,1.3452620583487835,0.004687088020229559,12.700000000000001,0.0006952241868754537,1.4240854055845031,7.792622402459057,0.004817675531572758,-0.00046723217695540653,0.004794965236613542,12.700000000000001,1.6351875085335927,1.5925295676467908,-0.37106301922318286,1.0,0.0
12.75,0.0007024690450403704,1.4559878327132838,7.82330201821677,0.07896128300804496,0.02060268207380206,-0.07622606972448734,12.75,1.3550459562414057,1.3207402007709155,0.3029766749995569,12.75,0.0007480039433596703,1.5503667357906816,7.82330201821677,0.004644571750630623,0.0025948691762461332,0.0038521034130619756,12.75,1.6606846043027435,1.6606840283649726,0.001383076876583802,1.0,0.0
12.8,0.0006590667110744978,1.3821630712633055,7.853981633974483,0.09000679152106325,-0.029488536171799827,-0.08503910132615818,12.8,1.3643620567468309,1.229418415879577,0.5916199629716649,12.8,0.0007609766573513384,1.5958837189176744,7.853981633974483,0.004007188313270176,0.0038721314568722427,0.0010315794485688061,12.8,1.6851723172185469,1.6401632981941892,0.38687219333584344,1.0,0.0
12.850000000000001,0.0007767160955156338,1.6480549497408765,7.884661249732195,0.09718272059670079,-0.0811440044681808,-0.05348019933998251,12.850000000000001,1.373147484313422,1.0741991891705471,0.8553537956083541,12.850000000000001,0.0007323328164238889,1.5538814374174041,7.884661249732195,0.0030061924336312585,0.0025812901851499635,-0.001540822484282436,12.850000000000001,1.70856916719756,1.5283561229770952,0.7637644666103458,1.0,0.0
12.9,0.0004478646844407763,0.9614261915774858,7.915340865489909,0.10145163943135903,-0.1008162823991999,0.011336328617116621,12.9,1.3813395367350472,0.8615755179105938,1.0797159546308865,12.9,0.0006627098558729977,1.4226319577941497,7.915340865489909,0.0019386299624231005,-4.2018919994167155e-05,-0.0019381745384683795,12.9,1.7308011097186953,1.3280863399449099,1.109891505983896,1.0,0.0
12.950000000000001,0.00031108000323798734,0.6755871804470907,7.946020481247621,0.10403512202820975,-0.06976495426721793,0.07717614768513316,12.950000000000001,1.3888832187213944,0.6014113372951181,1.2519189265358992,12.950000000000001,0.0005552472691119016,1.2058567991696911,7.946020481247621,0.0016967643674942756,-0.001696750627615359,6.828358890310632e-06,12.950000000000001,1.751800946905208,1.0477109308012276,1.4039616672322677,1.0,0.0
13.0,0.00021298244964128735,0.4679224418619083,7.976700097005334,0.10590160837534461,0.0006425003656099301,0.10589965934678473,13.0,1.395730629711291,0.3065023586714302,1.361660858967139,13.0,0.0004154718817100427,0.9127917241169639,7.976700097005334,0.002674896704551973,-0.000862536854582206,0.0025320155122965657,13.0,1.7715078067512646,0.7008454133438251,1.6269774479001233,1.0,0.0
13.05,6.404469474330642e-05,0.14233597972611137,8.007379712763047,0.10738698409337882,0.07335107426656949,0.07843203590760477,13.05,1.4018403781928688,-0.008063561585607348,1.4018171866925018,13.05,0.00025101574875170896,0.5578693546508323,8.007379712763047,0.0038660976436684,0.0019464315336505684,0.003340376516979643,13.05,1.7898666844176725,0.3057183657876192,1.7635642967605292,1.0,0.0
13.100000000000001,-0.0001281464624520869,-0.2880849089203746,8.03805932852076,0.1080926894165859,0.1077591617765242,0.008484842870164782,13.100000000000001,1.4071770270526809,-0.32571269143941545,1.3689625371426764,13.100000000000001,7.118187600509201e-05,0.16002333481016337,8.03805932852076,0.004780677824362978,0.00455314801690846,0.001457300105152846,13.100000000000001,1.806828039481313,-0.11581559771696685,1.8031123957150723,1.0,0.0
13.15,-5.046185554229615e-05,-0.11474677132741709,8.068738944278472,0.10709719229638112,0.08524646033144323,-0.0648293883877344,13.15,1.4117105725615604,-0.6293118050385721,1.263682473060849,13.15,-0.00011361747457790568,-0.2583582833822273,8.068738944278472,0.005220314558712895,0.00484276774077887,-0.0019491753899486119,13.15,1.8223474432115747,-0.5395487719788963,1.7406427911653293,1.0,0.0
13.200000000000001,-0.000445582559172411,-1.024825627454652,8.099418560036185,0.10332636100826563,0.020987197310383846,-0.10117249837908251,13.200000000000001,1.4154159581818833,-0.9021584472762988,1.0906477298761301,13.200000000000001,-0.00029252654879800697,-0.6728017013858547,8.099418560036185,0.005099868291720723,0.0024642013540254995,-0.004465016044732352,13.200000000000001,1.836385270273041,-0.9404005704129577,1.5773261007295778,1.0,0.0
13.25,-0.000436222580070924,-1.0147423289565463,8.130098175793899,0.0958908400159224,-0.046098102915005476,-0.08408339970884138,13.25,1.4182726233482474,-1.128972894969677,0.8584389533117113,13.25,-0.0004549443147428647,-1.0582928866558354,8.130098175793899,0.004425806509965126,-0.0008665554243408686,-0.004340143426223965,13.25,1.8489064296537734,-1.294008465509521,1.3206048147741847,1.0,0.0
13.3,-0.00046959581448335793,-1.1047884881986838,8.160777791551611,0.08430085747941395,-0.07867400712302743,-0.030282588643811344,13.3,1.4202640866452527,-1.2968279054175016,0.5791264624801127,13.3,-0.0005911940531198982,-1.390865003549838,8.160777791551611,0.0033062189481682406,-0.00271852819813399,-0.001881671642231202,13.3,1.8598801300501602,-1.5783219102803316,0.9838973755857089,1.0,0.0
13.350000000000001,-0.0007655827840641656,-1.821528437733892,8.191457407309324,0.06856860144876213,-0.06461529370828478,0.0229459565856662,13.350000000000001,1.421377562310829,-1.395955032108707,0.2676260879866771,13.350000000000001,-0.0006931349057730037,-1.6491553471841247,8.191457407309324,0.0020369631672116613,-0.0018761975817866428,0.0007931592391663328,13.350000000000001,1.8692796753747327,-1.775087971221014,0.5858917981978676,1.0,0.0
13.4,-0.00046875728696789827,-1.127878783202608,8.222137023067036,0.0492743740533674,-0.023091814596895896,0.043528519811426525,13.4,1.4216036086735957,-1.4203732490136236,-0.05913250950426995,13.4,-0.0007546767600894316,-1.815830771158222,8.222137023067036,0.0016112916441180089,0.0006993174680885645,0.0014516252413177156,13.4,1.877082286475152,-1.8711220435817493,0.1494664116825011,1.0,0.0
13.450000000000001,-0.00039473583409610724,-0.9604470046108307,8.252816638824749,0.0279559011297496,0.010686512022164776,0.025832747991192555,13.450000000000001,1.4209358069422067,-1.3682964125685015,-0.3831755404545928,13.450000000000001,-0.0007721653684098416,-1.8787853827653407,8.252816638824749,0.002690728739061184,0.0026495172370696435,-0.0004691263770889787,13.450000000000001,1.8832689455504892,-1.859269665156229,-0.2996969027278987,1.0,0.0
13.5,-0.0006258229116880616,-1.5397590463445145,8.283496254582463,0.01326375507017755,0.011204143437634569,-0.007098899097083354,13.5,1.4193704686675839,-1.2422899838757628,-0.6865334101757858,13.5,-0.0007446133481653986,-1.8320280664924427,8.283496254582463,0.004015365833138999,0.0021121717186928955,-0.0034149514498296968,13.5,1.8878242601196535,-1.7389853223154486,-0.7347179634851406,1.0,0.0
13.55,-0.0006055117521534723,-1.5064005384829697,8.314175870340176,0.02883095813839452,-0.019152402571577357,-0.021550165264194475,13.55,1.4169063701679092,-1.0491634915542891,-0.9523022785922614,13.55,-0.0006737628957647878,-1.676196680543818,8.314175870340176,0.005020655225476791,-0.000787869426672775,-0.00495845143765891,13.55,1.8907363437342126,-1.5164799086169034,-1.1292354087074523,1.0,0.0
13.600000000000001,-0.0001948103055766389,-0.4900367520245899,8.344855486097888,0.05210405407529544,-0.05208404124106481,0.0014439872161384406,13.600000000000001,1.4135445122201795,-0.7996023437276507,-1.1656518262041342,13.600000000000001,-0.0005639769882701301,-1.4186592990060287,8.344855486097888,0.005498288038220052,-0.004038053916243312,-0.0037316607456661646,13.600000000000001,1.8919967109339217,-1.2044183330451281,-1.4591189236006683,1.0,0.0
13.65,-0.0002615006295326757,-0.6650751067792918,8.3755351018556,0.07449007847626755,-0.054118414314461454,0.05118563297927254,13.65,1.409287903365588,-0.5075596262287518,-1.3147150339123321,13.65,-0.00042196682814028466,-1.0731891306886958,8.3755351018556,0.0053597348556216114,-0.00533612589951794,-0.0005025117979302291,13.65,1.8916001842192742,-0.8211805197156955,-1.70405804213878,1.0,0.0
13.700000000000001,-7.055610840220276e-05,-0.18142466100832932,8.406214717613313,0.09421821287286067,-0.011565306010346256,0.09350569679887283,13.700000000000001,1.4041413652374284,-0.18944429066180418,-1.3913029268662074,13.700000000000001,-0.00025637361262223035,-0.65922705793701,8.406214717613313,0.004607409915709092,-0.0039003471560653787,0.0024526553352534415,13.700000000000001,1.8895448110633533,-0.3897303503619709,-1.8489158572047508,1.0,0.0
13.75,8.001618307993786e-05,0.20801081968632285,8.436894333371026,0.11031907069339963,0.057812303375470615,0.09395762309189104,13.75,1.3981113583915423,0.1368444341371496,-1.3913982073113098,13.75,-7.723174557205188e-05,-0.2007723698367208,8.436894333371026,0.003330946700174717,-0.0010509314347598847,0.00316081461633522,13.75,1.885831789207587,0.06383437101502638,-1.8847511003480022,1.0,0.0
13.8,-6.059453529923929e-05,-0.15924680157294244,8.46757394912874,0.12221512532135843,0.11473566422561286,0.04209826851573314,13.8,1.3912058271947232,0.4529763932418023,-1.315395773440907,13.8,0.00010465218330683498,0.27503347268756045,8.46757394912874,0.0017332454442524025,0.0008810755971098779,0.0014925969188629529,13.8,1.8804653986851956,0.5119542730052817,-1.8094344248974332,1.0,0.0
13.850000000000001,-3.4225515843312454e-05,-0.09092835257802521,8.498253564886452,0.12965606657106726,0.1233896235312265,-0.03982080365215173,13.850000000000001,1.3834340624021628,0.7412773633077426,-1.1680743450919862,13.850000000000001,0.00027836536209896603,0.7395448444465207,8.498253564886452,0.0008938384359694143,0.0004242970351250993,-0.0007867141638487889,13.850000000000001,1.8734529391947146,0.92738962249409,-1.6278127667110809,1.0,0.0
13.9,0.00015922338266990111,0.42761334174255716,8.528933180644165,0.1326812394146139,0.07462258526313889,-0.10970770739215936,13.9,1.3748065801284637,0.9857752761437273,-0.9583007031763464,13.9,0.00043355791857297506,1.1643713837200347,8.528933180644165,0.0023869597425334,-0.0018808350960646941,-0.001469706145420379,13.9,1.8648046716063578,1.2849881974891328,-1.351407338872527,1.0,0.0
13.950000000000001,0.00017961170341274706,0.4875927668616387,8.559612796401877,0.13157419529911635,-0.008052356640277319,-0.13132756154420822,13.950000000000001,1.365335015986527,1.1731402627345937,-0.69848523952188,13.950000000000001,0.000561073700204105,1.5231495091783729,8.559612796401877,0.003961288507568476,-0.003948581148496421,0.0003170387262350882,13.950000000000001,1.8545337625283909,1.5633177495677661,-0.9976638162447735,1.0,0.0
14.0,0.00022229259587531374,0.6099708830818609,8.59029241215959,0.1268105857526015,-0.08318576044583925,-0.09571339466326198,14.0,1.3550320332340602,1.2934598659472085,-0.4038234592916323,14.0,0.0006535038255756524,1.79321449737959,8.59029241215959,0.005140575978202542,-0.0038317658545756026,0.0034268194909247143,14.0,1.8426562309911882,1.7460499692790201,-0.5888051378778758,1.0,0.0
14.05,0.0007301038401190396,2.0249467423523373,8.620972027917304,0.11900965232427264,-0.11643436185885035,-0.0246239055567257,14.05,1.3439112438283718,1.3408014916929454,-0.0913717197074326,14.05,0.0007056292590425344,1.9570663663044223,8.620972027917304,0.005757767909345547,-0.0012656103847357408,0.005616949497008002,14.05,1.8291908964251071,1.823000133156419,-0.15036572108085608,1.0,0.0
14.100000000000001,0.0004959926202976314,1.390376929063347,8.651651643675017,0.10890384950508397,-0.09916985610846452,0.04500431175401333,14.100000000000001,1.331987141346711,1.3135279913130726,0.22098407352121024,14.100000000000001,0.000714725766509297,2.0035342779199588,8.651651643675017,0.005733497448117691,0.0021443119192048428,0.0053174166077831556,14.100000000000001,1.8141593272164347,1.7907509089971425,0.2904913879141592,1.0,0.0
14.15,0.00045221027785700486,1.2811788138688718,8.682331259432729,0.09734531717327963,-0.04928943669078083,0.08394439949318785,14.15,1.319275044782162,1.2143482608529967,0.5156015371857199,14.15,0.0006807090404506281,1.9285497118005066,8.682331259432729,0.005068146729374551,0.004204591337327187,0.0028297566956441925,14.15,1.7975857892249725,1.6528183448291227,0.7067575175545618,1.0,0.0
14.200000000000001,0.0008555630186855985,2.4497233246462504,8.713010875190442,0.08537305920906849,0.0042711821638277345,0.08526614944770589,14.200000000000001,1.3057910522745553,1.0501018331642564,0.776129120820343,14.200000000000001,0.0006061248133335246,1.7355099045201214,8.713010875190442,0.003838150325984073,0.003838040490068401,2.9036553637700163e-05,14.200000000000001,1.7794971937387152,1.4193506790154329,1.0733377439102716,1.0,0.0
14.25,0.0004890756868945349,1.4152092762978064,8.743690490948154,0.07435956543101746,0.040852489212631876,0.06213227097267218,14.25,1.291552003882747,0.8312934861255822,0.9884623000695151,14.25,0.0004959976124123671,1.4352388411794297,8.743690490948154,0.0021859910334327956,0.0018580879351716329,-0.001151549401206131,14.25,1.7599230444268366,1.1063838582432732,1.3686649993783555,1.0,0.0
14.3,0.00015204474421811083,0.44461030535580925,8.774370106705868,0.0661715316667062,0.05737901672310612,0.03295936957842804,14.3,1.2765754525496449,0.5714097639951881,1.1415497219408772,14.3,0.00035750603159739945,1.0454216401393368,8.774370106705868,0.0003251232690999154,0.00023605269244122051,-0.00022357161380968412,14.3,1.7388953829329954,0.7347090588883133,1.5760582957407183,1.0,0.0
14.350000000000001,0.00030737803512134894,0.9082983668249105,8.80504972246358,0.06296114329262541,0.06258994815874616,0.006826708884958967,14.350000000000001,1.2608796424552706,0.28606296411721954,1.228000591741959,14.350000000000001,0.00019951782453720871,0.5895727523538293,8.80504972246358,0.001621867750299138,0.0004892113131493265,0.0015463270322112004,14.350000000000001,1.716448732827936,0.32843473725372724,1.6847334732211212,1.0,0.0
14.4,0.00017083322321601976,0.5101052711914636,8.835729338221293,0.06604067509552174,0.06311161647516515,-0.01944979776151737,14.4,1.2444834939966651,-0.007981311094033695,1.2444579002535072,14.4,3.2017948844393425e-05,0.09560508296217726,8.835729338221293,0.0033345074347381023,0.0024881525813752804,0.0022199181435627775,14.4,1.692620041714605,-0.0866532319912398,1.6904004918951672,1.0,0.0
14.450000000000001,0.00016060682767691633,0.4845822981153348,8.866408953979006,0.0747965882652947,0.05435027951098701,-0.051386542335572716,14.450000000000001,1.2274065946772743,-0.2938301707391722,1.191717575359469,14.450000000000001,-0.00013453262092184606,-0.405911302531488,8.866408953979006,0.004668595309703318,0.004605966214012699,0.0007621400141426442,14.450000000000001,1.6674486213515523,-0.4848164726904731,1.5954115120103527,1.0,0.0
14.5,-0.0003488864973178079,-1.063624097885502,8.897088569736718,0.08737781724464729,0.024726713208151223,-0.08380616087353496,14.5,1.2096691952332577,-0.5554775842725721,1.0745902545933426,14.5,-0.0002898648196816432,-0.8836891359019494,8.897088569736718,0.005481364869872537,0.005042745510200025,-0.0021485061219438644,14.5,1.6409760857324915,-0.8420526071106287,1.4084565739859085,1.0,0.0
14.55,-0.00040287474338279657,-1.240963539752499,8.92776818549443,0.10197537607177538,-0.029751446296031405,-0.09753885773513231,14.55,1.1912922103706136,-0.778742980878766,0.9015189960404362,14.55,-0.0004245519381919976,-1.3077351824135797,8.92776818549443,0.0056940029557939415,0.003241857065449035,-0.00468102899241057,14.55,1.6132462871326139,-1.1376302091605994,1.1438361290641132,0.9938441702975687,0.0
14.600000000000001,-0.0004056112168481249,-1.2623172699568563,8.958447801252145,0.11724638336064154,-0.09318679015809604,-0.07115431505665343,14.600000000000001,1.1722972235357376,-0.9520765328455797,0.6839817657762076,14.600000000000001,-0.0005305997100386395,-1.651298459200812,8.958447801252145,0.005298783043536079,0.0002856644850683071,-0.005291077162963713,14.600000000000001,1.5843052502070738,-1.3553659723939708,0.820369554963033,0.975528258147576,0.0
14.65,-0.0006005908390513409,-1.8883895027404425,8.989127417009858,0.1322160915444917,-0.13221551401396497,-0.0003907906401741733,14.65,1.1527064951936334,-1.06718298811485,0.43572093585212296,14.65,-0.0006019374656352145,-1.8926235924730046,8.989127417009858,0.004360348996983797,-0.0019950293650446427,-0.0038771769637336866,14.65,1.554201104305427,-1.4845602328054133,0.46002389915845165,0.9455032620941837,0.0
14.700000000000001,-0.0003608842777431652,-1.1463572085895526,9.01980703276757,0.14612256876144905,-0.11507693095591287,0.09005056947744677,14.700000000000001,1.1325429741431619,-1.1194285737281453,0.1718524268144302,14.700000000000001,-0.0006347787334601389,-2.0163892467470013,9.01980703276757,0.0030158283861891374,-0.002444680128366518,-0.001766001111243717,14.700000000000001,1.5229840142495517,-1.5205332261749653,0.08636559359855236,0.9045084971874728,0.0
14.75,-0.0005220751611244213,-1.6753636643214456,9.050486648525283,0.15832066262281416,-0.035739596098539474,0.15423395697459172,14.75,1.1118303114580719,-1.1080102828582523,-0.09208612575914304,14.75,-0.0006278287633409729,-2.0147319310344636,9.050486648525283,0.0015259938528281681,-0.0014047050558404631,-0.0005962054553302898,14.75,1.4907061099138834,-1.4647345007656647,-0.27705152661796023,0.8535533905932737,0.0
14.8,-0.0005383045059527863,-1.745071240961695,9.081166264282995,0.16824075557874488,0.07469490287749449,0.15075020173063994,14.8,1.0905928767068613,-1.0358827570885554,-0.3410861127198822,14.8,-0.0005823270231673622,-1.8877830850877697,9.081166264282995,0.0010785223186121232,-0.0003245023381034255,-0.0010285468508093737,14.8,1.4574214150482787,-1.3244294197381652,-0.6082465726770304,0.7938926261462357,0.0
14.850000000000001,-0.0004340311884436229,-1.421347594890349,9.11184588004071,0.1753842872224928,0.1603943108923977,0.07094584722092424,14.850000000000001,1.0688557761745845,-0.909453891867734,-0.5615570218850491,14.850000000000001,-0.0005019240188901128,-1.6436802609170698,9.11184588004071,0.0023593212014569633,-0.0005313090994568823,-0.002298718593581791,14.850000000000001,1.4231857758987805,-1.1119972612064841,-0.888211598545016,0.7269952498697714,0.0
14.9,-0.0004157533735293812,-1.375290956213143,9.142525495798422,0.1793422535640041,0.17218672992873976,-0.050153503864264336,14.9,1.0466448728864453,-0.7380751476693976,-0.7420987578026795,14.9,-0.0003924030035243521,-1.298049123105377,9.142525495798422,0.003633678438237525,-0.00216748335128691,-0.002916442167162991,14.9,1.3880567903141414,-0.8439027517244194,-1.1020570760033934,0.6545084971874732,0.0
14.950000000000001,-0.0003447316797083518,-1.151873464048038,9.173205111556134,0.17982599257056117,0.09886605730465334,-0.15020948810584678,14.950000000000001,1.0239868083175652,-0.5333653500259987,-0.8741111983037615,14.950000000000001,-0.00026126748473289817,-0.872989343297393,9.173205111556134,0.004536010689225994,-0.004118661587756401,-0.001900531425236742,14.950000000000001,1.3520937381813198,-0.5394249326459608,-1.23982991529848,0.5782172325201137,0.0
15.0,-0.0003402139834937668,-1.148222194291463,9.203884727313847,0.17670075366409935,-0.02273388876514796,-0.17523220779033344,15.0,1.0009090257669055,-0.3084166711729942,-0.9522069285634426,15.0,-0.00011722419578188216,-0.3956316607638523,9.203884727313847,0.004955556580553449,-0.0049353844101263445,0.000446678572743789,15.0,1.3153575142180984,-0.21924248259221743,-1.2969572560561957,0.5000000000000001,0.0
15.05,0.00011018989853070394,0.37562222675385915,9.23456434307156,0.17001327713511852,-0.12740813936033032,-0.11256855878512995,15.05,0.9774397954775649,-0.07693787989998555,-0.9744070588925962,15.05,3.0402231295216603e-05,0.10363702997886924,9.23456434307156,0.004864141068238345,-0.00397321349859762,0.0028059655782429914,15.05,1.277910564373935,0.09601801108601599,-1.2742982194469217,0.4217827674798836,0.0
15.100000000000001,-0.00038323272031800143,-1.3194514776515838,9.265243958829272,0.16000588596571674,-0.1600049911300969,0.0005351234731965294,15.100000000000001,0.9536082417024122,0.14760754584275465,-0.9421150094617139,15.100000000000001,0.000172282726311354,0.5931609848364027,9.265243958829272,0.004300518177620491,-0.0018502538938691341,0.0038821407914018747,15.100000000000001,1.2398168273624222,0.3871652043050055,-1.1778152953610703,0.3454915028125242,0.0
15.15,0.00010921203088654736,0.3797592681412371,9.295923574586986,0.14711194181428708,-0.10845950108737572,0.09939044243913864,15.15,0.9294443720454887,0.35281231917141587,-0.8598780775016419,15.15,0.0002996879563210186,1.0420947036635686,9.295923574586986,0.0033653829378243855,9.214449923427979e-05,0.0033641212388171083,15.15,1.201141683184681,0.6376607719207513,-1.0179047514562256,0.27300475013022607,0.0
15.200000000000001,0.00018754141521951833,0.6586094422992264,9.326603190344699,0.13193136142214587,-0.009937413813928823,0.1315565731287936,15.200000000000001,0.9049791095585277,0.5280343917791643,-0.7349604546067453,15.200000000000001,0.00040503979525852363,1.4224219933072457,9.326603190344699,0.002231187186517236,0.0008429147426233664,0.0020658390542215247,15.200000000000001,1.1619519109217096,0.8345909044763354,-0.8084492967774692,0.20610737385376204,0.0
15.25,9.31995444058556e-05,0.3305394654497736,9.357282806102411,0.11519110737371249,0.07409473879730141,0.0881984177893336,15.25,0.8802443282414628,0.6649618766603248,-0.5767631922978816,15.25,0.0004823606254528972,1.7107296425925633,9.357282806102411,0.0012741341701040828,0.0004378219346098162,0.0011965491368938167,15.25,1.1223156586000889,0.969332159459937,-0.5656744666110418,0.1464466094067263,0.0
15.3,0.00043645662430076966,1.563203007093278,9.387962421860124,0.0977065136469531,0.0974720177496104,0.006765246844119426,15.3,0.8552728927896956,0.7580028191463691,-0.39613564256074074,15.3,0.0005276083673915181,1.8896699936570116,9.387962421860124,0.0014037498013084104,-0.0001906983102307522,0.0013907363729868207,15.3,1.082302428602566,1.0378776325357075,-0.30690155887692583,0.09549150281252565,0.0
15.350000000000001,0.00028086114747559834,1.015820107818412,9.418642037617836,0.08038113105550623,0.05738440769746834,-0.05628637475422631,15.350000000000001,0.8300987036535231,0.8044818268020372,-0.20462856142903563,15.350000000000001,0.0005388779635094148,1.9490167148899058,9.418642037617836,0.002270179693927198,-4.639061617187426e-05,0.002269705653482535,15.350000000000001,1.0419830829466377,1.040816443898062,-0.04929376490360324,0.054496737905815086,0.0
15.4,0.0005689474831384277,2.0779464105570864,9.44932165337555,0.06432912971299355,-0.007451473254457407,-0.06389610689212025,15.4,0.8047567487314118,0.8046394274988605,-0.013741045923022362,15.4,0.0005164599589295277,1.8862481154397928,9.44932165337555,0.0030471682510649703,0.0011183402322661195,0.002834528086859136,15.4,1.0014298738487724,0.9829860835015691,0.19131166163884014,0.024471741852423023,0.0
15.450000000000001,0.0006251931609848819,2.305683384379404,9.480001269133263,0.051273185297509224,-0.046422704073307466,-0.021768603011558602,15.450000000000001,0.7792831633141446,0.7614436951679221,0.16578826168918076,15.450000000000001,0.0004627568811799919,1.7066259174414458,9.480001269133263,0.0035157997855092722,0.002643840660989724,0.0023175320259026548,15.450000000000001,0.9607165064071179,0.872841145746185,0.4014032137085913,0.0061558297024308685,0.0
15.5,0.00043314047065957055,1.6129609701774084,9.510680884890975,0.044127524827917416,-0.03339824156859052,0.0288408721706633,15.5,0.7537153002369075,0.6802361903588515,0.3246004915850988,15.5,0.0003820672939647626,1.4227708443130305,9.510680884890975,0.0036185277217747475,0.0035312702235100082,0.0007898566210420213,15.5,0.9199182420756618,0.7216015936798178,0.5705617513488992,3.749399456654644e-33,0.0
15.55,0.00044343021718442325,1.6673104206609528,9.541360500648688,0.0458825725032754,0.015594297518265297,0.0431512264533715,15.55,0.7280918125863806,0.5682447412198186,0.4552094041552114,15.55,0.0002802556125430419,1.0537691955426498,9.541360500648688,0.003366876864015018,0.0032356815478938273,-0.0009307119522489248,15.55,0.8791120540069727,0.5422575163532685,0.6919499905764457,0.0,0.0
15.600000000000001,0.000273976665318404,1.0401293958414344,9.5720401164064,0.05593736504000615,0.05553933573411871,0.006661155592819185,15.600000000000001,0.7024527517539273,0.43400334334615537,0.5523413495394164,15.600000000000001,0.00016433252271426851,0.6238746185528126,9.5720401164064,0.0028224706777763057,0.00204741284674425,-0.0019427921561231516,15.600000000000001,0.8383768484944836,0.3485144843587583,0.7625046847617993,0.0,0.0
15.65,0.00023443168830800343,0.8985853645610057,9.602719732164113,0.07103550546870693,0.04681448048949532,-0.0534270292426348,15.65,0.6768396841250232,0.2867240067813365,0.613107903995469,15.65,4.197575846147049e-05,0.1608946405328493,9.602719732164113,0.0020905648374704294,0.0008008297639939822,-0.0019310963281952314,15.65,0.797793770894621,0.15376374432271778,0.7828356224713569,0.0,0.0
15.700000000000001,0.0001959520128666208,0.7583133229284459,9.633399347921827,0.0885760902268816,-0.01389333430031684,-0.0874797063432446,15.700000000000001,0.6512958302444409,0.13566649899183095,0.6370093088370806,15.700000000000001,-7.897618416346002e-05,-0.3056293822608849,9.633399347921827,0.001337943813296342,0.0001981190346236166,-0.001323194050643277,15.700000000000001,0.7574466198757945,-0.029845116076829128,0.7568584088240197,0.0,0.0
15.75,9.196627417734338e-05,0.35931079623784656,9.66407896367954,0.106896480691435,-0.08851189045511547,-0.059937491040883376,15.75,0.6258662308812009,-0.010450339133593377,0.6257789780501047,15.75,-0.00019102419175597195,-0.7463285324375862,9.66407896367954,0.0009167812340286701,0.00030999069122199035,-0.0008627824768867549,15.75,0.7174224010374816,-0.19216394795435293,0.6912075799765087,0.0,0.0
15.8,-0.0002010456191207905,-0.7929866480455635,9.694758579437252,0.12471483486615223,-0.1226078595199876,0.02282767661455291,15.8,0.600597945003889,-0.14395739919735384,0.5830901806403775,15.8,-0.0002874708580751079,-1.133874755155945,9.694758579437252,0.001171173829882241,0.000622153107355133,-0.0009922568471970293,15.8,0.6778120603760892,-0.32559039511041016,0.5944914497308823,0.0,0.0
15.850000000000001,-0.0003336999706755622,-1.328752112996207,9.725438195194965,0.1408633621661926,-0.0834936211029136,0.11345176083202517,15.850000000000001,0.5755402852030108,-0.2586338809110361,0.5141547778018396,15.850000000000001,-0.00036281681198809397,-1.4446917828124115,9.725438195194965,0.0016357279642953478,0.000531054190233551,-0.0015471223029266917,15.850000000000001,0.6387114503251267,-0.4253692170181777,0.4764591755751684,0.0,0.0
15.9,-0.0002359512868154849,-0.9484484326351815,9.756117810952677,0.154241596496223,0.015102349598695115,0.15350045317946934,15.9,0.5507450964521514,-0.34997511747733495,0.42525001870995266,15.9,-0.0004130680533155732,-1.66040097948349,9.756117810952677,0.0019724778313658944,-0.00015100114945457377,-0.0019666894640723784,15.9,0.6002225967257357,-0.4896444811798742,0.34715334892562544,0.0,0.0
15.950000000000001,-0.00032787240753997653,-1.3304143845390628,9.786797426710391,0.1638620028046154,0.11932584924314373,0.1123035959599795,15.950000000000001,0.5262670840979351,-0.4153200176673782,0.3232125101689472,15.950000000000001,-0.00043593776676184717,-1.768913340452662,9.786797426710391,0.0020959643005372293,-0.0010812063869684837,-0.0017955665116906906,15.950000000000001,0.5624553543800688,-0.5192774183237728,0.2161179966819195,0.0,0.0
16.0,-0.0005964739951269661,-2.443157484040053,9.817477042468104,0.1689231717284317,0.16872185132634016,0.00824468506406336,16.0,0.5021641963076289,-0.4538395523757571,0.21493845805871797,16.0,-0.0004309333742806804,-1.7651031010536669,9.817477042468104,0.002002149013850648,-0.0017080154988500758,-0.0010446452648392413,16.0,0.5255295612369172,-0.5174632832741665,0.091722789954223,0.0,0.0
16.05,-0.0001163399753324045,-0.4810099693538301,9.848156658225816,0.16887938259179477,0.13457504696242753,-0.10202844015100014,16.05,0.47849806440456044,-0.4663980826625373,0.10692626491007655,16.05,-0.0003993272055760872,-1.651026367914345,9.848156658225816,0.0017281810645875678,-0.0017224297888112558,-0.000140873754172421,16.05,0.489577824048565,-0.4891953016860496,-0.019349485998924488,0.0,0.0
16.1,-0.00017085883778679176,-0.7130419414177003,9.878836273983529,0.16349077454695546,0.03747610222652919,-0.1591375980837657,16.1,0.4553345008507508,-0.455308221713683,0.004891922416191703,16.1,-0.0003440166063670046,-1.4356779670358997,9.878836273983529,0.001339810543385123,-0.0012638509365062015,0.0004447168789896964,16.1,0.4547490840170028,-0.4406336211673647,-0.1124221566740222,0.0,0.0
16.150000000000002,-2.6884820004387497e-05,-0.11324648034434893,9.909515889741241,0.15284652192227954,-0.06708851858045568,-0.13733604748360037,16.150000000000002,0.432744047999842,-0.42400670645908667,-0.08652007834605466,16.150000000000002,-0.00026928615946179266,-1.1343096126185086,9.909515889741241,0.0009300114965605735,-0.0007473387133059179,0.0005535397287721025,16.150000000000002,0.42121310199981354,-0.3784415002034776,-0.18493920141507736,0.0,0.0
16.2,-0.00018571044525390897,-0.789553157889461,9.940195505498954,0.13735866738571503,-0.12458675547816855,-0.057840676564183874,16.2,0.4108025595774797,-0.3766829790115773,-0.16391667480269456,16.2,-0.00018049251843910624,-0.7673689959343764,9.940195505498954,0.0006395767151130994,-0.0005011486091733428,0.000397376957105576,16.2,0.38916593214237505,-0.30914963712339,-0.2363823694921429,0.0,0.0
16.25,7.357587086020903e-05,0.31571521148413917,9.970875121256668,0.11772821131327878,-0.11424309363177255,0.028433207635897694,16.25,0.3895917790342489,-0.3178936195453507,-0.2252230026960542,16.25,-8.369150429740814e-05,-0.35912155261993295,9.970875121256668,0.0006187968471899086,-0.0005335707496455103,0.0003133876085854374,16.25,0.35883624777048334,-0.23860293769355578,-0.2680150944219464,0.0,0.0
16.3,1.4584244925456186e-05,0.0631606749581846,,,,,16.3,0.36919985183197795,-0.25219444158197957,-0.2696414178643704,16.3,1.4768591420604246e-05,0.06395903298900758,,,,,16.3,0.3304919152849897,-0.17153296483105,-0.2824913238402387,0.0,
16.35,-1.4563893588982387e-06,-0.006365474285843119,,,,,16.35,0.349721669591961,-0.18381819633577953,-0.29751658252616703,16.35,0.00010865886669021172,0.47491779421448405,,,,,16.35,0.3044452854737557,-0.11128498921769574,-0.2833771039128143,0.0,
16.400000000000002,0.0004679833442047337,2.0642483242198058,,,,,16.400000000000002,0.3312588909446203,-0.11641987467807788,-0.31012717650957405,16.400000000000002,0.000192260185680978,0.8480489124683961,,,,,16.400000000000002,0.28105408083688155,-0.059712391857790495,-0.2746376278183418,0.0,
16.45,0.0005557086683009049,2.4736877483335826,,,,,16.45,0.3139194180025708,-0.052904142335607585,-0.30942939860783514,16.45,0.0002607077445766945,1.1605173545823562,,,,,16.45,0.2607125379297586,-0.017234695776555925,-0.2601422547285723,0.0,
16.5,0.0009109692587210086,4.092187781332111,,,,,16.5,0.2978160366309646,0.004658800797201786,-0.29777959508621143,16.5,0.00031026925169318486,1.393768262262248,,,,,16.5,0.2438255200882836,0.016959769108510988,-0.243234969685915,0.0,
,,,,,,,16.55,0.2830638734563084,0.0550309382184009,-0.2776630193145848,,,,,,,,16.55,0.2307592703690886,0.04459829361595346,-0.22640855343343225,,
,,,,,,,16.6,0.269776320908124,0.09772734971121419,-0.25145303426513893,,,,,,,,16.6,0.2217703135971352,0.06793615806130396,-0.21110838548205804,,
,,,,,,,16.650000000000002,0.2580591893781813,0.13287624408582063,-0.2212203629419531,,,,,,,,16.650000000000002,0.2169297799440351,0.08934261042124769,-0.19767758443911806,,
,,,,,,,16.7,0.2480031217850887,0.1610385311600147,-0.1886057790656864,,,,,,,,16.7,0.21607498217708207,0.1109063603976928,-0.18544049489300715,,
,,,,,,,16.75,0.23967477401200177,0.1830097132864444,-0.15476253467980403,,,,,,,,16.75,0.21881617800330722,0.1341023056405952,-0.1729077539552562,,
,,,,,,,16.8,0.23310785545820567,0.19962698138681156,-0.12036752294000773,,,,,,,,16.8,0.22459914844982073,0.15955314478579583,-0.1580745756703066,,
,,,,,,,16.85,0.22829563533107572,0.21160233240722817,-0.08569334881448161,,,,,,,,16.85,0.2327948132659277,0.1869084973062332,-0.13877549754277216,,
,,,,,,,16.900000000000002,0.22518666048890476,0.21939856098286337,-0.0507277389678866,,,,,,,,16.900000000000002,0.24278047322169194,0.21485128955204594,-0.11305433010535947,,
,,,,,,,16.95,0.2236849773584913,0.22315955792653205,-0.015322558595207054,,,,,,,,16.95,0.2539927455381769,0.2412277628298313,-0.07950774318351486,,
,,,,,,,17.0,0.22365514836014563,0.2227000318159882,0.02064754748527311,,,,,,,,17.0,0.2659511209582697,0.26328480956118433,-0.03756471473725229,,
,,,,,,,17.05,0.22493117026957765,0.217553183776732,0.057137059667515325,,,,,,,,17.05,0.27826088249060593,0.277987637034588,0.012328518985545408,,
,,,,,,,17.1,0.22732753798611088,0.2070686439934637,0.09381037363498171,,,,,,,,17.1,0.2906051217150104,0.2823829697707289,0.0686381464672498,,
,,,,,,,17.150000000000002,0.23065047267021643,0.19054770615919261,0.12996619645301713,,,,,,,,17.150000000000002,0.3027327548102421,0.27396880565891263,0.12879524199607342,,
,,,,,,,17.2,0.23470771799261014,0.16739905540266753,0.16451525502394376,,,,,,,,17.2,0.31444633435753705,0.2510314567153672,0.18936658873796272,,
,,,,,,,17.25,0.2393160104146257,0.13729611424979227,0.1960151265914986,,,,,,,,17.25,0.3255913067681525,0.21291417454893083,0.24632753260474277,,
,,,,,,,17.3,0.24430602036257595,0.10031699519452561,0.22275980800077222,,,,,,,,17.3,0.33604718272300615,0.16018866266467302,0.2954103948234948,,
,,,,,,,17.35,0.2495250415966969,0.057049828002247824,0.24291575393281362,,,,,,,,17.35,0.3457205430995537,0.09471047676548018,0.33249454057458716,,
,,,,,,,17.400000000000002,0.25483793511121394,0.008649725667086916,0.25469109803373857,,,,,,,,17.400000000000002,0.3545396046481247,0.01955073520488056,0.354000141266917,,
,,,,,,,17.45,0.2601268691424334,-0.043161492686248915,0.25652109776573845,,,,,,,,17.45,0.3624500350148058,-0.0611914129762786,0.3572473077018223,,
,,,,,,,17.5,0.2652903230572173,-0.0961559711960299,0.24725085381278458,,,,,,,,17.5,0.3694117377947355,-0.14267963799049366,0.3407455838648949,,
,,,,,,,17.55,0.27024170941105824,-0.14771797449706853,0.22629622514724865,,,,,,,,17.55,0.37539637859248987,-0.21970882273459863,0.30438540417196863,,
,,,,,,,17.6,0.27490785704259246,-0.19501083393335936,0.19376559166262255,,,,,,,,17.6,0.3803854728719616,-0.28711790735501774,0.24951235490071688,,
,,,,,,,17.650000000000002,0.2792275071657402,-0.23517899870901676,0.15052853325605006,,,,,,,,17.650000000000002,0.38436889881744596,-0.3402099573318368,0.1788760333594353,,
,,,,,,,17.7,0.28314990809063323,-0.2655678006624805,0.09822226683917999,,,,,,,,17.7,0.38734373220722135,-0.3751416146106015,0.09645691197405447,,
,,,,,,,17.75,0.2866335496188522,-0.2839414568870582,0.039192356754319924,,,,,,,,17.75,0.38931332626555537,-0.38924700435408965,0.007185792184447173,,
,,,,,,,17.8,0.2896450502625444,-0.2886795633598399,-0.023629744813772786,,,,,,,,17.8,0.3902865790600005,-0.3812672823416508,-0.08341986100545805,,
,,,,,,,17.85,0.29215819426789263,-0.2789338954444345,-0.08690392655150281,,,,,,,,17.85,0.390277345687002,-0.3514657005101606,-0.16967105799573998,,
,,,,,,,17.900000000000002,0.29415310697554725,-0.25473057775722363,-0.1470999085616262,,,,,,,,17.900000000000002,0.3893039634587854,-0.30161849203381286,-0.2461378906791233,,
,,,,,,,17.95,0.2956155534105388,-0.21700731212537847,-0.20073958728247318,,,,,,,,17.95,0.3873888665305225,-0.23488303884723505,-0.30805858529456903,,
,,,,,,,18.0,0.29653634418163327,-0.16758092927070037,-0.24464348666043936,,,,,,,,18.0,0.3845582726226032,-0.15555564036293706,-0.3516923482161035,,
,,,,,,,18.05,0.29691083350588143,-0.10904654480854233,-0.27616099311538517,,,,,,,,18.05,0.3808419292482459,-0.06874075813770811,-0.37458681669831767,,
,,,,,,,18.1,0.296738495667712,-0.044615505056526214,-0.29336528683483976,,,,,,,,18.1,0.3762729105611656,0.02003898579057221,-0.3757389283407512,,
,,,,,,,18.150000000000002,0.2960225680060413,0.022095429717360966,-0.2951968034286559,,,,,,,,18.150000000000002,0.37088745889691177,0.10525816465218374,-0.35563777350144093,,
,,,,,,,18.2,0.294769750335883,0.08730706616802232,-0.28154339258844513,,,,,,,,18.2,0.36472486752435346,0.18179390130731699,-0.31618856152321934,,
,,,,,,,18.25,0.29298995241732295,0.14733364710817892,-0.25325068340935974,,,,,,,,18.25,0.35782740322507983,0.2452876160520395,-0.26052722681192286,,
,,,,,,,18.3,0.2906960826233579,0.1988313534529915,-0.21206203181290534,,,,,,,,18.3,0.3502402692122245,0.29243428896761126,-0.19274447544316056,,
,,,,,,,18.35,0.28790387230954484,0.23901996783892995,-0.16049328542062938,,,,,,,,18.35,0.3420116106889606,0.32117755171042567,-0.1175454045182285,,
,,,,,,,18.400000000000002,0.28463173155462046,0.2658606843458215,-0.10165293466965417,,,,,,,,18.400000000000002,0.33319256710531564,0.33079785950055146,-0.039875593087547526,,
,,,,,,,18.45,0.28090063293286816,0.278176931680393,-0.03902256094835295,,,,,,,,18.45,0.3238373769438493,0.32189080257732705,0.035453602383918335,,
,,,,,,,18.5,0.2767340208076318,0.27571001915510246,0.023784524587467555,,,,,,,,18.5,0.31400354265167224,0.2962423692492205,0.10410899797524248,,
,,,,,,,18.55,0.27215774430802836,0.25910695821897645,0.08326717233906618,,,,,,,,18.55,0.30375206507282315,0.25661677140385636,0.16252122836806743,,
,,,,,,,18.6,0.26720001266601,0.2298434539113705,0.136263837692939,,,,,,,,18.6,0.29314775824404604,0.20647950323285685,0.2080909005896758,,
,,,,,,,18.650000000000002,0.26189137193424117,0.19009029851805143,0.1801465212068142,,,,,,,,18.650000000000002,0.2822596563332702,0.14968302520284082,0.23930212192853942,,
,,,,,,,18.7,0.25626470224541825,0.14253577944549778,0.2129674838908449,,,,,,,,18.7,0.27116152414606887,0.09014448522791038,0.25573921083833456,,
,,,,,,,18.75,0.25035523465684134,0.09017986869961932,0.23354942689161431,,,,,,,,18.75,0.2599324798181553,0.03154411018171123,0.2580113624964214,,
,,,,,,,18.8,0.24420058616733809,0.03611764631643548,0.24151488962180445,,,,,,,,18.8,0.24865773108117534,-0.02293050629636861,0.24759818074337767,,
,,,,,,,18.85,0.2378408105776043,-0.016670481161663885,0.23725586659564493,,,,,,,,18.85,0.23742941170285442,-0.07077461434606994,0.22663556540342167,,
,,,,,,,18.900000000000002,0.2313184613264035,-0.06550563249830804,0.22184959468390164,,,,,,,,18.900000000000002,0.22634747766349494,-0.11027863194590158,0.1976658897755673,,
,,,,,,,18.95,0.22467866006203768,-0.1081610201579248,0.19693068325090854,,,,,,,,18.95,0.21552057686354137,-0.14055827001890436,0.16337836999090918,,
,,,,,,,19.0,0.21796916124370005,-0.1429667169983538,0.16453289362311332,,,,,,,,19.0,0.2050667339588051,-0.1615062630978258,0.12636491742848258,,
,,,,,,,19.05,0.21124039822750332,-0.16886360432832515,0.12691567663831385,,,,,,,,19.05,0.19511358685597383,-0.17367688461057795,0.08891373081682961,,
,,,,,,,19.1,0.20454548981902748,-0.18540621331292237,0.08639093395877256,,,,,,,,19.1,0.1857977747113874,-0.17812036667285103,0.05285780986791418,,
,,,,,,,19.150000000000002,0.19794017803883776,-0.192718682487976,0.045164405256191406,,,,,,,,19.150000000000002,0.17726293039279503,-0.176188320442721,0.01948902847794015,,
,,,,,,,19.200000000000003,0.19148265803154357,-0.19141193599955644,0.00520375669365578,,,,,,,,19.200000000000003,0.16965563325005126,-0.1693329416066805,-0.010458909135489514,,
,,,,,,,19.25,0.18523325042932168,-0.18247310225356586,-0.031857872160134824,,,,,,,,19.25,0.16311874407039587,-0.1589220977054606,-0.03676263766379312,,
,,,,,,,19.3,0.17925385680948358,-0.16713990620595376,-0.06477805905196471,,,,,,,,19.3,0.1577819249092941,-0.14608947827098362,-0.05960704796073974,,
,,,,,,,19.35,0.1736071332954835,-0.14677316860869724,-0.09272040610156271,,,,,,,,19.35,0.1537499470878968,-0.13163421059688696,-0.07944482884408197,,
,,,,,,,19.400000000000002,0.16835532058553673,-0.12273965046685009,-0.1152323399603354,,,,,,,,19.400000000000002,0.15109050568234889,-0.11597824479187518,-0.09683691260229116,,
,,,,,,,19.450000000000003,0.16355868678502355,-0.09631543408084134,-0.13219221301067832,,,,,,,,19.450000000000003,0.14982423471033987,-0.09918305144966708,-0.11229436144202302,,
,,,,,,,19.5,0.15927357830047373,-0.06861708447116006,-0.14373506344422302,,,,,,,,19.5,0.14991976778251515,-0.08102046428036302,-0.12614127452883012,,
,,,,,,,19.55,0.15555013670651263,-0.04056431835896008,-0.1501678431139227,,,,,,,,19.55,0.15129557956656123,-0.06108652788123828,-0.1384152755579974,,
,,,,,,,19.6,0.15242982191656473,-0.012874199852800776,-0.15188517237592938,,,,,,,,19.6,0.15382830716752738,-0.038942577854334984,-0.1488174173814551,,
,,,,,,,19.650000000000002,0.14994296955512698,0.01391663208177213,-0.1492957516827265,,,,,,,,19.650000000000002,0.15736531870203188,-0.014264939833683635,-0.15671743687839415,,
,,,,,,,19.700000000000003,0.1481066777352956,0.03940816463726851,-0.1427675892831025,,,,,,,,19.700000000000003,0.16173844208159407,0.013016151017920918,-0.16121384388339557,,
,,,,,,,19.75,0.14692333559994294,0.06328022785827657,-0.13259743325576878,,,,,,,,19.75,0.16677619441088223,0.04260648744062753,-0.16124201143048308,,
,,,,,,,19.8,0.14638005146227828,0.08523240558450869,-0.11900653975465823,,,,,,,,19.8,0.17231301709762079,0.07378149892771087,-0.15571790609067782,,
,,,,,,,19.85,0.14644911295792093,0.10493028828926544,-0.10216152546675057,,,,,,,,19.85,0.17819520205348807,0.1053735008821139,-0.14370092326331999,,
,,,,,,,19.900000000000002,0.14708944409103492,0.12196659247938035,-0.0822159040695804,,,,,,,,19.900000000000002,0.18428396542390152,0.13581664023335582,-0.12455689522495704,,
,,,,,,,19.950000000000003,0.14824886225793815,0.13584359841986493,-0.05936532598340203,,,,,,,,19.950000000000003,0.19045643293567938,0.1632472322121265,-0.09810195727743143,,
,,,,,,,20.0,0.14986682861726722,0.14598057301516887,-0.033907795887675986,,,,,,,,20.0,0.19660529084687675,0.18565103104798264,-0.06470962107605009,,
,,,,,,,20.05,0.15187735239861982,0.15174665595142361,-0.006299411018089003,,,,,,,,20.05,0.20263770028637995,0.20104366688793965,-0.02536693875113646,,
,,,,,,,20.1,0.15421174960370657,0.15251644116771718,0.022803484149808255,,,,,,,,20.1,0.20847388791852062,0.20766655512257082,0.01832931606438611,,
,,,,,,,20.150000000000002,0.15680104295716157,0.14774253162663398,0.052523436873520464,,,,,,,,20.150000000000002,0.2140456685706564,0.20417844318882405,0.06423948607241059,,
,,,,,,,20.200000000000003,0.15957789020988272,0.13703699983785358,0.08176774253504558,,,,,,,,20.200000000000003,0.2192950414451449,0.1898226236119062,0.10980749868529203,,
,,,,,,,20.25,0.16247801594727057,0.12025220194896113,0.10926350530981413,,,,,,,,20.25,0.2241729271368065,0.16455172923522066,0.15223741217842143,,
,,,,,,,20.3,0.16544118441022837,0.09755093237588913,0.13362111020214543,,,,,,,,20.3,0.22863806808092507,0.1290957545336939,0.18870519954986398,,
,,,,,,,20.35,0.1684117854956473,0.06945652654031993,0.15342203366787233,,,,,,,,20.35,0.23265609053936703,0.08496415100426563,0.21658704834127662,,
,,,,,,,20.400000000000002,0.17133911810514055,0.03687516836284203,0.1673239831920677,,,,,,,,20.400000000000002,0.2361987142392307,0.03437901562366958,0.23368336674443316,,
,,,,,,,20.450000000000003,0.17417745188810718,0.0010851789118357363,0.17417407135668386,,,,,,,,20.450000000000003,0.23924309110770822,-0.019857073576455324,0.2384176026885398,,
,,,,,,,20.5,0.1768859371906396,-0.036308793562616994,0.1731193411662549,,,,,,,,20.5,0.2417712538780863,-0.0745487583046461,0.2299909168576392,,
,,,,,,,20.55,0.17942841885386354,-0.07345530464747743,0.16370362155903506,,,,,,,,20.55,0.2437696566724002,-0.12633593878364804,0.20847751937759187,,
,,,,,,,20.6,0.18177319559589689,-0.10836456101183217,0.14594045550791285,,,,,,,,20.6,0.24522879184801544,-0.1719429710169973,0.1748507222435335,,
,,,,,,,20.650000000000002,0.18389275466559038,-0.13903792434304582,0.1203536489387691,,,,,,,,20.650000000000002,0.24614286980593575,-0.20842764517633777,0.13093597321801398,,
,,,,,,,20.700000000000003,0.18576350182314297,-0.1636082378667568,0.08797967442387795,,,,,,,,20.700000000000003,0.24650955078559653,-0.23340836162731585,0.07929372832052195,,
,,,,,,,20.75,0.18736549943328745,-0.18047928935060792,0.05032947936731299,,,,,,,,20.75,0.24632971977806933,-0.24524972265908893,0.02304136240724787,,
,,,,,,,20.8,0.18868222022311912,-0.1884523486610105,0.009310881401594218,,,,,,,,20.8,0.2456072975363488,-0.24319039047038282,-0.03437118831188866,,
,,,,,,,20.85,0.1897003206458984,-0.18682846807000697,-0.03288366116737993,,,,,,,,20.85,0.24434908225623753,-0.22740217484651723,-0.08941322538942176,,
,,,,,,,20.900000000000002,0.19040943540814728,-0.17547705086410875,-0.07391588268081765,,,,,,,,20.900000000000002,0.24256461787566158,-0.19897541827456575,-0.13873131141752873,,
,,,,,,,20.950000000000003,0.19080199322390995,-0.15486391696915408,-0.11145657378184531,,,,,,,,20.950000000000003,0.2402660861343298,-0.15983226303669143,-0.17939186112775313,,
,,,,,,,21.0,0.19087305299194923,-0.12603547494249592,-0.14334427583439438,,,,,,,,21.0,0.23746822059132278,-0.11257570173397516,-0.20908818036874346,,
,,,,,,,21.05,0.19062015914947497,-0.0905593366585918,-0.16773506377059924,,,,,,,,21.05,0.23418824175535735,-0.060287843094832795,-0.22629518013302563,,
,,,,,,,21.1,0.19004321479514263,-0.05042544042058839,-0.1832312703881693,,,,,,,,21.1,0.23044581337744252,-0.00629506384426832,-0.23035981653575707,,
,,,,,,,21.150000000000002,0.18914437119231725,-0.007915136403958299,-0.1889786860189366,,,,,,,,21.150000000000002,0.22626302082002153,0.046079711122749036,-0.22152113852507507,,
,,,,,,,21.200000000000003,0.187927932390286,0.03455157538351848,-0.18472437957942894,,,,,,,,21.200000000000003,0.22166437327599012,0.09375666673546695,-0.20086010510425426,,
,,,,,,,21.25,0.18640027388776426,0.07457862837056242,-0.17083058946160395,,,,,,,,21.25,0.2166768324819682,0.13411098072938032,-0.17018547112554203,,
,,,,,,,21.3,0.18456977447634312,0.1099534946370034,-0.1482438216835988,,,,,,,,21.3,0.21132987145588053,0.16514020032604945,-0.13186746682116574,,
,,,,,,,21.35,0.18244676061749984,0.13879136543005868,-0.11842203064412975,,,,,,,,21.35,0.20565556766954032,0.18557481038361967,-0.0886352202262988,,
,,,,,,,21.400000000000002,0.18004346290649875,0.1596528960595524,-0.08322620569965657,,,,,,,,21.400000000000002,0.19968873588444427,0.19492512126676884,-0.04335652590167715,,
,,,,,,,21.450000000000003,0.17737398434214618,0.17162688037856064,-0.04478553620234057,,,,,,,,21.450000000000003,0.193467106511386,0.19346350449714114,0.001180563243800985,,
,,,,,,,21.5,0.17445428023303025,0.1743723084611007,-0.005347329573852982,,,,,,,,21.5,0.1870315555744561,0.18214680771238426,0.04246578882805043,,
,,,,,,,21.55,0.1713021496030165,0.16811777081127616,0.03287615543310185,,,,,,,,21.55,0.1804263917709162,0.16248894339998657,0.07842847773754187,,
,,,,,,,21.6,0.16793723787665793,0.15361977804719276,0.06785189502418058,,,,,,,,21.6,0.1736997040595855,0.13639769769132543,0.10755117505119775,,
,,,,,,,21.650000000000002,0.16438105038057776,0.13208493786456907,0.09785039046184218,,,,,,,,21.650000000000002,0.16690376862521247,0.1059923932639085,0.12892819920982154,,
,,,,,,,21.700000000000003,0.16065697572360785,0.10506377050129193,0.121541219249717,,,,,,,,21.700000000000003,0.16009550534024702,0.0734199606686642,0.1422676358331749,,
,,,,,,,21.75,0.1567903173274169,0.07432600513228022,0.13805378867929827,,,,,,,,21.75,0.15333695865170677,0.04068618795840883,0.14784064731314003,,
,,,,,,,21.8,0.15280833015476128,0.04172831599800024,0.14700045377024373,,,,,,,,21.8,0.14669575309015273,0.009516558545925114,0.14638674491950776,,
,,,,,,,21.85,0.14874025788069334,0.009085554460999375,0.14846251046830433,,,,,,,,21.85,0.14024543587656643,-0.018742568695983505,0.13898740375618376,,
,,,,,,,21.900000000000002,0.14461736320743923,-0.021944364872939263,0.14294273885509437,,,,,,,,21.900000000000002,0.13406556580796672,-0.043176235615974,0.12692276633230207,,
,,,,,,,21.950000000000003,0.14047294056761536,-0.04995354241743177,0.13129086271200535,,,,,,,,21.950000000000003,0.12824133995561013,-0.06330538751087879,0.11152698859786288,,
,,,,,,,22.0,0.13634229596400385,-0.07384921273858616,0.11461027635699629,,,,,,,,22.0,0.12286247813791565,-0.07904725680120832,0.09405700253778888,,
,,,,,,,22.05,0.13226267314720905,-0.09288786405796029,0.09415550657712667,,,,,,,,22.05,0.11802103684958455,-0.09063959311604732,0.0755872297336553,,
,,,,,,,22.1,0.12827309897482153,-0.10667833585061866,0.07123005391509242,,,,,,,,22.1,0.11380784938364293,-0.09854002677515489,0.056939351106960384,,
,,,,,,,22.150000000000002,0.12441411430628337,-0.11515673152102669,0.04709351360868206,,,,,,,,22.150000000000002,0.11030745460489182,-0.10331387729316896,0.038652002536250236,,
,,,,,,,22.200000000000003,0.12072735151814493,-0.11853841356615678,0.022885320924219223,,,,,,,,22.200000000000003,0.10759173563488661,-0.10552427655183269,0.02099067972076331,,
,,,,,,,22.25,0.11725491790897843,-0.11725413049162568,-0.0004297167603067134,,,,,,,,22.25,0.105713014542347,-0.10563754998998114,0.0039936794744577005,,
,,,,,,,22.3,0.11403854905500259,-0.11187830880330087,-0.02209150718904176,,,,,,,,22.3,0.10469786929807146,-0.1039545218884241,-0.012453963806965472,,
,,,,,,,22.35,0.11111851126447601,-0.10305766398720427,-0.041550468578994186,,,,,,,,22.35,0.10454315895630564,-0.10057505092365075,-0.028529479775636437,,
,,,,,,,22.400000000000002,0.10853226079515396,-0.09144756396538418,-0.058451643929869776,,,,,,,,22.400000000000002,0.1052154082500794,-0.09539903369694597,-0.04437686900762426,,
,,,,,,,22.450000000000003,0.1063129101058864,-0.07766212338349145,-0.07260185567015234,,,,,,,,22.450000000000003,0.10665383674969393,-0.08816277726378614,-0.06001971008399155,,
,,,,,,,22.5,0.10448760392722868,-0.06224199490320573,-0.08392611896735562,,,,,,,,22.5,0.10877629303900375,-0.07850549789662671,-0.0752938824029546,,
,,,,,,,22.55,0.10307595968156988,-0.04564148404813491,-0.09242028131400848,,,,,,,,22.55,0.11148666395255817,-0.06605718726634727,-0.08980937729284934,,
,,,,,,,22.6,0.10208876148341986,-0.028234204398899933,-0.09810680365387373,,,,,,,,22.6,0.11468223858991548,-0.050536563750900584,-0.1029469357108091,,
,,,,,,,22.650000000000002,0.10152709751802463,-0.010334268452779384,-0.10099977438578946,,,,,,,,22.650000000000002,0.11825991593536872,-0.031846554255066675,-0.11389119675865897,,
,,,,,,,22.700000000000003,0.10138208704846659,0.00777179055574398,-0.10108376153398974,,,,,,,,22.700000000000003,0.12212074173500612,-0.010154857951912007,-0.12169779957700366,,
,,,,,,,22.75,0.10163525998358286,0.025788364520149563,-0.09830913654033571,,,,,,,,22.75,0.12617276655480306,0.014051388113108075,-0.12538790018254406,,
,,,,,,,22.8,0.10225954891431957,0.043375852612422945,-0.09260426963323817,,,,,,,,22.8,0.130332511940862,0.039945146649551636,-0.12406026329151792,,
,,,,,,,22.85,0.10322075962849735,0.06012365421287192,-0.08390274979030804,,,,,,,,22.85,0.13452543031628889,0.06637792407907925,-0.11700881418395233,,
,,,,,,,22.900000000000002,0.10447932675523988,0.07553622985348683,-0.07218176846510059,,,,,,,,22.900000000000002,0.1386857192748304,0.09193766850673261,-0.10383252785289979,,
,,,,,,,22.950000000000003,0.10599214801114386,0.08903576376499236,-0.05750624497218279,,,,,,,,22.950000000000003,0.14275577276845414,0.11504239004063183,-0.08452490255810799,,
,,,,,,,23.0,0.10771431865902115,0.09998291147697623,-0.040072332809112654,,,,,,,,23.0,0.14668546579915145,0.13406181020366273,-0.059531982342528655,,
,,,,,,,23.05,0.10960064108653482,0.10771486326283536,-0.020243733816865537,,,,,,,,23.05,0.15043139687782,0.14745611269442027,-0.029770790981474133,,
,,,,,,,23.1,0.111606844086584,0.11159774378130931,0.001425212225709125,,,,,,,,23.1,0.15395615947680338,0.15391869633125388,0.0033961685079173503,,
,,,,,,,23.150000000000002,0.11369049807294494,0.11108844026621854,0.024184453504123123,,,,,,,,23.150000000000002,0.15722767829054823,0.1525089517772871,0.0382303864540924,,
,,,,,,,23.200000000000003,0.11581164888426515,0.1057995171206563,0.047104142008195724,,,,,,,,23.200000000000003,0.1602186241970199,0.14276159629119356,0.07272643373613312,,
,,,,,,,23.25,0.11793321316321988,0.09556009413410461,0.06911230842681007,,,,,,,,23.25,0.16290590922350678,0.12476096596292853,0.1047522631351439,,
,,,,,,,23.3,0.1200211855184632,0.08046553207580744,0.08905269856110239,,,,,,,,23.3,0.1652702562486683,0.09917170863465359,0.13220903829535963,,
,,,,,,,23.35,0.12204470609088526,0.06090949990751918,0.1057588913795265,,,,,,,,23.35,0.1672958352621714,0.06722125183273159,0.15319660504759258,,
,,,,,,,23.400000000000002,0.12397603075431239,0.03759343079701635,0.1181388596631276,,,,,,,,23.400000000000002,0.16896995719681462,0.030633859425335124,0.16616983207490513,,
,,,,,,,23.450000000000003,0.12579043796285447,0.01151037582031439,0.12526270606753576,,,,,,,,23.450000000000003,0.17028281666956324,-0.008479391074420575,0.1700715660536091,,
,,,,,,,23.5,0.1274660980782447,-0.016097357804989342,0.12644556627652406,,,,,,,,23.5,0.17122727583283903,-0.04776621898198214,0.1644298279306418,,
,,,,,,,23.55,0.1289839238369266,-0.043804875083558396,0.12131770492093862,,,,,,,,23.55,0.1717986826116478,-0.08480244834470034,0.1494099464622156,,
,,,,,,,23.6,0.1303274148058058,-0.07009134194986961,0.10987465055066625,,,,,,,,23.6,0.1719947177057804,-0.11727081312826958,0.12581629189785226,,
,,,,,,,23.650000000000002,0.13148250423101984,-0.09344021589541679,0.09250175659022941,,,,,,,,23.650000000000002,0.17181526578122264,-0.1431340608233127,0.09504275978579532,,
,,,,,,,23.700000000000003,0.13243741343720603,-0.11244514168350554,0.06996969765343997,,,,,,,,23.700000000000003,0.1712623072256659,-0.1607875630155813,0.05897573616131335,,
,,,,,,,23.75,0.13318251665798717,-0.1259127865692387,0.04339991845296912,,,,,,,,23.75,0.1703398276934141,-0.16917841442601303,0.019857517239629884,,
,,,,,,,23.8,0.13371021764634677,-0.1329538781796017,0.014201710461668278,,,,,,,,23.8,0.16905374342426616,-0.16788096905875544,-0.019878339811231962,,
,,,,,,,23.85,0.13401483843080916,-0.1330545055189848,-0.016014851879874947,,,,,,,,23.85,0.1674118410056888,-0.15712263870206333,-0.05778581933497953,,
,,,,,,,23.900000000000002,0.13409251999287333,-0.1261212826618207,-0.045543671105613116,,,,,,,,23.900000000000002,0.1654237308775892,-0.13775819552214724,-0.09158433438062925,,
,,,,,,,23.950000000000003,0.13394113432306454,-0.11249611741109625,-0.07269698089451902,,,,,,,,23.950000000000003,0.16310081447466807,-0.11119535882625603,-0.11932086094979474,,
,,,,,,,24.0,0.13356020717885905,-0.09293887743566957,-0.09592024813696709,,,,,,,,24.0,0.1604562654825262,-0.07927868054683095,-0.1395030606952853,,
,,,,,,,24.05,0.13295085085426442,-0.06857896913593194,-0.11389843605215025,,,,,,,,24.05,0.15750502626851312,-0.04414228240244338,-0.15119289733366428,,
,,,,,,,24.1,0.1321157063333762,-0.04083948852056393,-0.1256451194330509,,,,,,,,24.1,0.1542638211516807,-0.008044518758516748,-0.1540539263837881,,
,,,,,,,24.150000000000002,0.1310588943076854,-0.01133992547844329,-0.13056737673437574,,,,,,,,24.150000000000002,0.1507511888075952,0.02680107723545891,-0.14834966527067792,,
,,,,,,,24.200000000000003,0.1297859746674029,0.018214809003698804,-0.12850143949904422,,,,,,,,24.200000000000003,0.14698753676272003,0.05838425974440538,-0.1348948263562016,,
,,,,,,,24.25,0.12830391421443277,0.04615016960391174,-0.11971656630673429,,,,,,,,24.25,0.14299522160170985,0.08503300396494352,-0.11496530623462022,,
,,,,,,,24.3,0.1266210624756604,0.0709334099079006,-0.10488729580508233,,,,,,,,24.3,0.13879865914092496,0.10551447536136264,-0.09017628994660994,,
,,,,,,,24.35,0.12474713560709931,0.09127199906469506,-0.08503687452458684,,,,,,,,24.35,0.13442446931238763,0.11909500582660253,-0.06234033635679673,,
,,,,,,,24.400000000000002,0.12269320845741057,0.10619161599271355,-0.06145701013252814,,,,,,,,24.400000000000002,0.129901660667034,0.12555600050306687,-0.03331864615687628,,
,,,,,,,24.450000000000003,0.12047171488410366,0.11508819948815158,-0.035610959348102246,,,,,,,,24.450000000000003,0.1252618589161755,0.12516681195398852,-0.004878778987691076,,
,,,,,,,24.5,0.11809645636075773,0.1177508611930095,-0.009028161123560374,,,,,,,,24.5,0.12053958223541905,0.11861949622043237,0.021429092418956557,,
,,,,,,,24.55,0.11558261874149574,0.1143550200584146,0.01680092683698005,,,,,,,,24.55,0.11577256227171764,0.10693364339920593,0.044367579202951826,,
,,,,,,,24.6,0.1129467967076879,0.10542765333446297,0.040521460967197095,,,,,,,,24.6,0.11100210256580076,0.09134185522555718,0.06307243659461637,,
,,,,,,,24.650000000000002,0.11020702484042028,0.09178884785762136,0.060995046791911325,,,,,,,,24.650000000000002,0.10627345347453122,0.0731677193514186,0.0770748451721792,,
,,,,,,,24.700000000000003,0.10738281334665989,0.07447567222078745,0.07735918077064562,,,,,,,,24.700000000000003,0.10163616208921544,0.05370821260705007,0.08628636823265412,,
,,,,,,,24.75,0.10449518509831777,0.05465561820843423,0.08906181621203087,,,,,,,,24.75,0.09714432428216545,0.034131380921758846,0.09095091300593038,,
,,,,,,,24.8,0.10156670868043721,0.033537382959116215,0.0958699131971568,,,,,,,,24.8,0.09285662198886575,0.015398033586564157,0.0915710260336213,,
,,,,,,,24.85,0.09862151943773419,0.012286555394457074,0.09785317906305507,,,,,,,,24.85,0.08883597389287219,-0.0017867057490123601,0.08881800459400963,,
,,,,,,,24.900000000000002,0.09568531693141433,-0.008047124202688917,0.09534633536917768,,,,,,,,24.900000000000002,0.08514857204909321,-0.016989516857184663,0.08343641674328456,,
,,,,,,,24.950000000000003,0.09278532273139754,-0.026585734900776467,0.08889496506639302,,,,,,,,24.950000000000003,0.08186204580085595,-0.030033682684542384,0.07615361086058661,,
,,,,,,,25.0,0.08995017722885638,-0.0426590676779511,0.07919115056842312,,,,,,,,25.0,0.07904253174062141,-0.04095683470572908,0.06760369453554095,,
,,,,,,,25.05,0.08720974867434644,-0.05581923756386399,0.06700561903028421,,,,,,,,25.05,0.07675058954347155,-0.04994859527459409,0.05827341439597685,,
,,,,,,,25.1,0.08459482300701196,-0.06583492394961078,0.05312294107197609,,,,,,,,25.1,0.07503622164712896,-0.05727693180048756,0.04847460822533136,,
,,,,,,,25.150000000000002,0.08213664108321114,-0.07266805544099972,0.038285526336411246,,,,,,,,25.150000000000002,0.07393368423212307,-0.06321290402649515,0.03834473143304562,,
,,,,,,,25.200000000000003,0.07986625330411555,-0.07643727873854213,0.023150827974039348,,,,,,,,25.200000000000003,0.07345714913506862,-0.06796328753782084,0.02787372070792129,,
,,,,,,,25.25,0.07781367356728264,-0.07737355138687403,0.008264462463970945,,,,,,,,25.25,0.07359834403769194,-0.0716193365407303,0.01695248886022578,,
,,,,,,,25.3,0.0760068377003006,-0.07577359416484737,-0.0059499415577671955,,,,,,,,25.3,0.07432690173828023,-0.0741278539493504,0.005435953538777004,,
,,,,,,,25.35,0.0744704067418335,-0.07195671206953148,-0.019185230476506235,,,,,,,,25.35,0.07559339328070087,-0.07528800194969673,-0.00678806821659692,,
,,,,,,,25.400000000000002,0.07322449904766196,-0.06622968886059828,-0.03123228416573772,,,,,,,,25.400000000000002,0.07733426156804812,-0.07477420954153076,-0.01973336260535782,,
,,,,,,,25.450000000000003,0.07228347793513504,-0.058863182560310416,-0.04195267478088521,,,,,,,,25.450000000000003,0.0794774764424852,-0.07218244508123774,-0.033262048700582025,,
,,,,,,,25.5,0.07165494930242085,-0.05008144811554201,-0.05124724689368959,,,,,,,,25.5,0.08194781506413952,-0.06709434950720332,-0.0470509580985516,,
,,,,,,,25.55,0.0713391218057649,-0.04006546885203342,-0.05902565972256897,,,,,,,,25.55,0.084671072362668,-0.059151562190394656,-0.060582862143349035,,
,,,,,,,25.6,0.07132864290941808,-0.028967881940549656,-0.06518157036446465,,,,,,,,25.6,0.08757696560066845,-0.04813124367354125,-0.07316493891379164,,
,,,,,,,25.650000000000002,0.07160895251498305,-0.016936617902312004,-0.06957724523379882,,,,,,,,25.650000000000002,0.09060083378749384,-0.03401344767776069,-0.08397378436191454,,
,,,,,,,25.700000000000003,0.07215911044854245,-0.004143096055489583,-0.07204007201412235,,,,,,,,25.700000000000003,0.09368439760301582,-0.01703165701055896,-0.09212322733010733,,
,,,,,,,25.75,0.07295297981271585,0.009189760323531056,-0.07237185619251853,,,,,,,,25.75,0.09677587609120754,0.0023005919747596205,-0.09674852696442683,,
,,,,,,,25.8,0.0739606055058492,0.022764444641171316,-0.07037010179736063,,,,,,,,25.8,0.09982971404219396,0.023191677789636437,-0.09709849580218996,,
,,,,,,,25.85,0.07514962353110961,0.03619494020500889,-0.06585888110515797,,,,,,,,25.85,0.1028061075085523,0.04460420295812366,-0.09262591872435344,,
,,,,,,,25.900000000000002,0.07648656551945172,0.04900512589529059,-0.05872556803427364,,,,,,,,25.900000000000002,0.10567045162960183,0.06531621828545571,-0.08306645518192479,,
,,,,,,,25.950000000000003,0.07793796923491167,0.06064127146988219,-0.04895879127366289,,,,,,,,25.950000000000003,0.10839278545694805,0.0840068478540241,-0.06849704703669215,,
,,,,,,,26.0,0.07947125411155428,0.0704987241525842,-0.036682558838241876,,,,,,,,26.0,0.11094727402300358,0.09935911304578997,-0.0493666311174803,,
,,,,,,,26.05,0.081055360247566,0.07796117740965584,-0.022181664539949898,,,,,,,,26.05,0.11331174585644667,0.11017074506505857,-0.02649450284202051,,
,,,,,,,26.1,0.08266117523408335,0.08244933077490782,-0.0059141986650494156,,,,,,,,26.1,0.11546729107113254,0.11546265460733539,-0.0010347455401291726,,
,,,,,,,26.150000000000002,0.08426178619302498,0.08347446753323207,0.011491818066887491,,,,,,,,26.150000000000002,0.11739791801673666,0.11457461561734353,0.0255915730427499,,
,,,,,,,26.200000000000003,0.08583259753485255,0.08069163612497736,0.029259095321869117,,,,,,,,26.200000000000003,0.11909026303339303,0.10723863826264725,0.0517915554210899,,
,,,,,,,26.25,0.08735135192822248,0.07394681776579556,0.04649867552952877,,,,,,,,26.25,0.12053334657360153,0.09362237277162229,0.07591534069503565,,
,,,,,,,26.3,0.08879808594474374,0.06331273893484464,0.06226232533417221,,,,,,,,26.3,0.12171836886965974,0.07433752502789112,0.09638098200899498,,
,,,,,,,26.35,0.0901550449832513,0.04910882610885378,0.0756059212902166,,,,,,,,26.35,0.12263853884272538,0.050411424623381634,0.11179847707781969,,
,,,,,,,26.400000000000002,0.09140657565243578,0.03190212710422634,0.08565872027254583,,,,,,,,26.400000000000002,0.1232889307274699,0.023223262794543096,0.12108195780172396,,
,,,,,,,26.450000000000003,0.09253900837961083,0.012487714295292964,0.0916925572964394,,,,,,,,26.450000000000003,0.12366636373552486,-0.00559021383997957,0.12353994912088333,,
,,,,,,,26.5,0.09354053876843227,-0.008151022253336627,0.09318472637355432,,,,,,,,26.5,0.12376930090543958,-0.0342519221949849,0.11893546852209372,,
,,,,,,,26.55,0.09440111307085483,-0.02889987277828761,0.08986861244291641,,,,,,,,26.55,0.12359776404412035,-0.060974793326409316,0.10751038022213352,,
,,,,,,,26.6,0.09511232089224299,-0.04858503604990699,0.08176703405124977,,,,,,,,26.6,0.12315326234211925,-0.08409422605285226,0.0899715909055666,,
,,,,,,,26.650000000000002,0.09566729671582348,-0.06605261612570362,0.06920464987169465,,,,,,,,26.650000000000002,0.12243873284609558,-0.10219138678524362,0.0674400753844945,,
,,,,,,,26.700000000000003,0.09606063083290889,-0.08025000614829413,0.052797550219827065,,,,,,,,26.700000000000003,0.12145849150772613,-0.11419690948818115,0.041367028207021844,,
,,,,,,,26.75,0.09628828964925161,-0.09030243313911669,0.03342013304482097,,,,,,,,26.75,0.12021819401441756,-0.11946631863731938,0.013424339214077452,,
,,,,,,,26.8,0.09634754498970219,-0.09557820729873776,0.012151366799755495,,,,,,,,26.8,0.11872480605989949,-0.11782105313128195,-0.014621183707086845,,
,,,,,,,26.85,0.09623691185710039,-0.09573708298745585,-0.00979561865551638,,,,,,,,26.85,0.11698658314899175,-0.109552064263498,-0.04103907713975016,,
,,,,,,,26.900000000000002,0.09595609405528593,-0.0907575192925976,-0.03115517097049312,,,,,,,,26.900000000000002,0.11501306046715995,-0.09538630037894189,-0.06426085727751274,,
,,,,,,,26.950000000000003,0.0955059371170907,-0.08094039939255315,-0.05069552022405592,,,,,,,,26.950000000000003,0.11281505379786692,-0.07641965856020015,-0.08298959060603948,,
,,,,,,,27.0,0.09488838805657235,-0.06688876617462804,-0.06730303966100341,,,,,,,,27.0,0.11040467295390732,-0.05402287375497788,-0.09628458298872648,,
,,,,,,,27.05,0.09410646157054312,-0.04946517189275022,-0.08005762224141298,,,,,,,,27.05,0.10779534971481305,-0.029729062140523687,-0.10361476865960628,,
,,,,,,,27.1,0.09316421243399867,-0.029730133839609738,-0.0882932025714671,,,,,,,,27.1,0.10500188283746892,-0.005113037305391992,-0.10487731999306246,,
,,,,,,,27.150000000000002,0.09206671395770066,-0.00886676256063529,-0.09163874912209567,,,,,,,,27.150000000000002,0.10204050332670273,0.01832704212086298,-0.10038119269199258,,
,,,,,,,27.200000000000003,0.09082004249608061,0.011902258181804903,-0.09003675010329697,,,,,,,,27.200000000000003,0.09892896379146375,0.039275679545070746,-0.09079846294473082,,
,,,,,,,27.25,0.08943126810219967,0.0313986072800642,-0.08373815841801045,,,,,,,,27.25,0.09568665630713093,0.056685146096932246,-0.07708910692963336,,
,,,,,,,27.3,0.08790845151444823,0.04856649588164905,-0.07327476595285626,,,,,,,,27.3,0.09233476362563436,0.0698333410499337,-0.06040706127271392,,
,,,,,,,27.35,0.08626064771419391,0.06253902923745347,-0.05941186048348602,,,,,,,,27.35,0.08889644857866086,0.07835080144428283,-0.04199679134097105,,
,,,,,,,27.400000000000002,0.08449791629607309,0.07268788175490992,-0.04308560901696073,,,,,,,,27.400000000000002,0.08539708567315986,0.0822162449766252,-0.023090069367859338,,
,,,,,,,27.450000000000003,0.08263133881562917,0.0786529738927415,-0.02533076888471861,,,,,,,,27.450000000000003,0.0818645364515564,0.0817229773128502,-0.004812204022231055,,
,,,,,,,27.5,0.08067304308274673,0.08035065964359264,-0.007204954897169273,,,,,,,,27.5,0.07832946500092614,0.07742111598944569,0.011894363634936886,,
,,,,,,,27.55,0.07863623399718847,0.07796083202548809,0.010284258220902972,,,,,,,,27.55,0.07482568024565961,0.07004263226412415,0.026323223391871493,,
,,,,,,,27.6,0.0765352298962711,0.07189515335383591,0.026243634266303256,,,,,,,,27.6,0.07139047481845133,0.060417505298950284,0.03803057912069245,,
,,,,,,,27.650000000000002,0.07438550240011155,0.06275015236299926,0.03994522932388022,,,,,,,,27.650000000000002,0.06806490329139009,0.04938971404169706,0.046834679532859816,,
,,,,,,,27.700000000000003,0.0722037162652916,0.05125006557372652,0.050860666739706295,,,,,,,,27.700000000000003,0.06489390264685035,0.03774134283496586,0.052790241917919485,,
,,,,,,,27.75,0.07000776363957055,0.03818494116529031,0.05867705887327086,,,,,,,,27.75,0.06192610520417662,0.026131816714052663,0.0561424141000537,,
,,,,,,,27.8,0.0678167841931166,0.024349625304378585,0.06329464405328554,,,,,,,,27.8,0.059213136720866484,0.015057360546752023,0.0572666696577437,,
,,,,,,,27.85,0.06565115877544526,0.010488821854145805,0.06480786421932695,,,,,,,,27.85,0.05680815318606518,0.004833404780890509,0.056602159558054956,,
,,,,,,,27.900000000000002,0.06353245953624612,-0.0027474836688758664,0.06347302378344685,,,,,,,,27.900000000000002,0.05476339337880869,-0.004399907381995722,0.054586354241623496,,
,,,,,,,27.950000000000003,0.061483334159910495,-0.01483521207340725,0.05966671485976288,,,,,,,,27.950000000000003,0.05312667031907697,-0.012651453269731553,0.05159829289187475,,
,,,,,,,28.0,0.05952729679930222,-0.025392463431529576,0.05383977957895676,,,,,,,,28.0,0.051937033807337864,-0.02003661641670908,0.047916484462804866,,
,,,,,,,28.05,0.05768839499140102,-0.03418091849977763,0.046471665853458084,,,,,,,,28.05,0.05122026359999563,-0.026724662564475928,0.04369562694444303,,
,,,,,,,28.1,0.05599072273099693,-0.0410938971320854,0.03802962858662912,,,,,,,,28.1,0.05098521573953637,-0.03288306784159631,0.03896403563970295,,
,,,,,,,28.150000000000002,0.05445775816185093,-0.046133855361885585,0.02893639254404844,,,,,,,,28.150000000000002,0.05122207638016196,-0.038625999430313335,0.033641243685461154,,
,,,,,,,28.200000000000003,0.05311152320833035,-0.049383005112730104,0.019548726391892778,,,,,,,,28.200000000000003,0.05190312593431141,-0.04397350066753753,0.02757291643615281,,
,,,,,,,28.25,0.051971593467088156,-0.05097121145964701,0.010148011127518014,,,,,,,,28.25,0.05298583748807941,-0.048826577207875095,0.02057824901386349,,
,,,,,,,28.3,0.05105402738992035,-0.05104532755777906,0.0009424686996282763,,,,,,,,28.3,0.05441743580047218,-0.05296147056494776,0.012503597670138141,,
,,,,,,,28.35,0.05037032584488222,-0.04974368092672192,-0.007920601844562768,,,,,,,,28.35,0.056139777293216814,-0.0560441478641048,0.003275375507989925,,
,,,,,,,28.400000000000002,0.049926562513129255,-0.04717858714782192,-0.016335316315051137,,,,,,,,28.400000000000002,0.05809361567018238,-0.05766367390481926,-0.0070547071826920086,,
,,,,,,,28.450000000000003,0.04972282686874342,-0.04342863793166889,-0.024213899298110644,,,,,,,,28.450000000000003,0.06022176323267675,-0.05738091466464315,-0.01827816727961307,,
,,,,,,,28.5,0.04975308570115324,-0.03854121815476805,-0.031463376168696155,,,,,,,,28.5,0.062471078924599834,-0.05478718459286285,-0.03001666381180881,,
,,,,,,,28.55,0.05000550084808388,-0.03254439395418757,-0.03796593917213636,,,,,,,,28.55,0.06479347204138891,-0.04956618742984723,-0.04172993030005563,,
,,,,,,,28.6,0.05046315907493961,-0.025466124385197318,-0.04356612138600725,,,,,,,,28.6,0.06714620163197894,-0.041552045856638416,-0.052745046011262425,,
,,,,,,,28.650000000000002,0.05110510068164621,-0.01735781079230045,-0.04806701280691254,,,,,,,,28.650000000000002,0.06949173584751847,-0.0307764297015064,-0.06230499759994794,,
,,,,,,,28.700000000000003,0.05190749674377046,-0.008318611361100497,-0.05123659749854113,,,,,,,,28.700000000000003,0.07179737480327013,-0.017498757180156067,-0.06963229513516832,,
,,,,,,,28.75,0.05284482686998111,0.001483224228422542,-0.05282400754208732,,,,,,,,28.75,0.07403477437107278,-0.002215063165902811,-0.07400163046411015,,
,,,,,,,28.8,0.05389094141683223,0.011795485207092078,-0.05258421907304239,,,,,,,,28.8,0.07617945415454185,0.014356759891741198,-0.07481438819301293,,
,,,,,,,28.85,0.055019938093514416,0.022276415364705128,-0.05030859674363108,,,,,,,,28.85,0.07821033463929555,0.03131525219979025,-0.07166736652099144,,
,,,,,,,28.900000000000002,0.056206827478528246,0.032500234178971694,-0.04585784811254272,,,,,,,,28.900000000000002,0.0801093240586568,0.047634684248624444,-0.06440838965281417,,
,,,,,,,28.950000000000003,0.05742799573214555,0.04197435410629361,-0.0391934725582054,,,,,,,,28.950000000000003,0.0818609611421422,0.06224061993322659,-0.05317256989692102,,
,,,,,,,29.0,0.0586614929007504,0.05016755523917306,-0.03040373580120228,,,,,,,,29.0,0.08345211218468557,0.07409522055717423,-0.03839470430500867,,
,,,,,,,29.05,0.05988718340244103,0.05654708978686905,-0.01972058245877585,,,,,,,,29.05,0.08487171721490394,0.08228460082861344,-0.02079550070285324,,
,,,,,,,29.1,0.06108679521770058,0.06062157798883913,-0.007524681528967285,,,,,,,,29.1,0.08611057871955634,0.08610012384477969,-0.0013418052505891757,,
,,,,,,,29.150000000000002,0.06224389966749322,0.06198574379096768,0.005663092132172475,,,,,,,,29.150000000000002,0.08716118631337538,0.08510588650816883,0.018816494923699877,,
,,,,,,,29.200000000000003,0.0633438472424039,0.060362612840904814,0.01920411295759408,,,,,,,,29.200000000000003,0.08801757128437128,0.07918577015277586,0.03842794113807204,,
,,,,,,,29.25,0.06437367849260783,0.05563880811004436,0.03237736114576513,,,,,,,,29.25,0.08867518573089311,0.06856520870593456,0.05623255924746823,,
,,,,,,,29.3,0.06532202337790706,0.047889036573676436,0.04442529588228891,,,,,,,,29.3,0.0891308018447236,0.053805089274032096,0.07105851254914376,,
,,,,,,,29.35,0.06617899801382894,0.037386725751722014,0.05460670760703214,,,,,,,,29.35,0.08938242768975689,0.03576773073708155,0.08191390491018147,,
,,,,,,,29.400000000000002,0.06693610441621738,0.024598962138747595,0.062252173746104776,,,,,,,,29.400000000000002,0.08942923653943921,0.0155574416742924,0.08806562528352342,,
,,,,,,,29.450000000000003,0.0675861364792483,0.010165291807617183,0.06681730828653283,,,,,,,,29.450000000000003,0.08927150745881182,-0.005559505627714356,0.08909822636362695,,
,,,,,,,29.5,0.06812309381493314,-0.0051385683484330485,0.06792901461265771,,,,,,,,29.5,0.08891057535447987,-0.02624875675773886,0.08494759077535809,,
,,,,,,,29.55,0.06854210404151526,-0.020449636191232214,0.0654204280487689,,,,,,,,29.55,0.08834878918083067,-0.04520761628004696,0.07590638958608752,,
,,,,,,,29.6,0.06883935347161033,-0.0348754929341176,0.05935112955110141,,,,,,,,29.6,0.08758947739867318,-0.061262127396519636,0.0626008649926283,,
,,,,,,,29.650000000000002,0.06901202579302056,-0.047556442291493514,0.05001044391557009,,,,,,,,29.650000000000002,0.08663692014928526,-0.07345323404648096,0.04594103112759355,,
,,,,,,,29.700000000000003,0.06905824816352713,-0.057726920637534304,0.03790309054843831,,,,,,,,29.700000000000003,0.08549632794853657,-0.08110479441733541,0.02704874147174826,,
,,,,,,,29.75,0.06897704409013583,-0.06477105271289382,0.02371799616063869,,,,,,,,29.75,0.08417382703800573,-0.08386789788140618,0.007169997432226019,,
,,,,,,,29.8,0.06876829248831945,-0.06826768796594358,0.008282561894946234,,,,,,,,29.8,0.08267645186850499,-0.08173811369003986,-0.01242080770156836,,
,,,,,,,29.85,0.06843269238765921,-0.06802112022603665,-0.0074940370041159405,,,,,,,,29.85,0.08101214555200045,-0.07504475886932181,-0.03051642005845134,,
,,,,,,,29.900000000000002,0.06797173284746177,-0.06407490789989968,-0.022683973283049143,,,,,,,,29.900000000000002,0.07918976951681866,-0.06441377927239186,-0.04606391902535478,,
,,,,,,,29.950000000000003,0.06738766775706342,-0.05670766019223937,-0.036405206238364796,,,,,,,,29.950000000000003,0.0772191240545679,-0.05070815444652896,-0.05823638203375717,,
,,,,,,,30.0,0.06668349531295031,-0.046411202084992643,-0.047882030744092724,,,,,,,,30.0,0.07511098197065562,-0.03495164792215086,-0.06648339582273277,,
