mea_k,mea_chik,mea_k3chik,mea_r,mea_chir_mag,mea_chir_re,mea_chir_im,mea_q,mea_chiq_mag,mea_chiq_re,mea_chiq_im,fit_k,fit_chik,fit_k3chik,fit_r,fit_chir_mag,fit_chir_re,fit_chir_im,fit_q,fit_chiq_mag,fit_chiq_re,fit_chiq_im,win_k,win_r
0.0,0.23831741416414767,0.0,0.0,0.3743650167924279,0.3743650167924279,0.0,0.0,0.24387345723375276,0.2438192021707607,-0.005143908626400317,0.0,-0.04003042212473476,-0.0,0.0,0.04999856919206323,-0.04999856919206323,0.0,0.0,0.16932056861615244,0.16337309547339673,0.04448243059835633,0.0,0.0
0.05,0.21438356145094375,2.6797945181367975e-05,0.030679615757712823,0.3646785683942405,0.34453204363479456,-0.11953296262916256,0.05,0.2541387146966225,0.24971535117415267,0.04720942380098397,0.05,-0.039576522084287746,-4.94706526053597e-06,0.030679615757712823,0.09898059007357302,0.00798248798465023,0.09865818312176448,0.05,0.17607871007437212,0.15584362125844126,0.0819541204242368,0.0,0.0
0.1,0.17981519797966972,0.00017981519797966977,0.06135923151542565,0.33923641364952317,0.2727413278690327,-0.2017263305025578,0.1,0.2639709083503501,0.2434693006421493,0.10199676514542824,0.1,-0.039122622043840746,-3.9122622043840756e-05,0.06135923151542565,0.1708015167522331,0.1364037074521658,0.10279682251007244,0.1,0.18240680309912888,0.13908775682531146,0.11801202361686455,0.0,0.0
0.15000000000000002,0.13780261033155816,0.000465083809869009,0.09203884727313846,0.30896452502386623,0.19728139759488117,-0.23777957836246927,0.15000000000000002,0.2733066288321549,0.2242922636293837,0.15617136049738548,0.15000000000000002,-0.03836450872218059,-0.00012948021693735956,0.09203884727313846,0.23220605311762985,0.2319233200475328,-0.01145533598796678,0.15000000000000002,0.1882694633956384,0.11344959771820183,0.15024839308578244,0.0,0.0
0.2,0.09153608508784176,0.0007322886807027343,0.1227184630308513,0.29050439776366693,0.14515719672785526,-0.2516390139826127,0.2,0.2820858591316751,0.19221279224249208,0.2064622832877711,0.2,-0.03729994669534598,-0.00029839957356276795,0.1227184630308513,0.2745741380105095,0.20926066208630134,-0.17776651137775398,0.2,0.1936331387849866,0.07992722541611308,0.17636731860809057,0.0,0.0
0.25,0.044205908829753164,0.0006907173254648932,0.15339807878856412,0.29748319375535504,0.11043196683636367,-0.27622641305193535,0.25,0.29025169633585746,0.14813406314203573,0.24960438009553074,0.25,-0.03592617346242938,-0.000561346460350459,0.15339807878856412,0.2931872475650852,0.0651316202540573,-0.2858612148890993,0.25,0.19846607084021228,0.04013068703284723,0.19436643031404324,0.0,0.0
0.30000000000000004,-0.000997631861475052,-2.6936060259826416e-05,0.18407769454627693,0.3277725534493617,0.061502216456214114,-0.3219508101646704,0.30000000000000004,0.29775017721757147,0.09382460041524955,0.28258116071319045,0.30000000000000004,-0.03424025522954825,-0.0009244868911978032,0.18407769454627693,0.28584640584393095,-0.11646785404891047,-0.26104292119713757,0.30000000000000004,0.2027382942270021,-0.003810966433579629,0.2027024728041486,0.0,0.0
0.35000000000000003,-0.040884250404610134,-0.00175291223609766,0.21475731030398976,0.36576630591265885,-0.02850708595587273,-0.36465372148285724,0.35000000000000003,0.3045301866696439,0.03184006388404437,0.3028610984014093,0.35000000000000003,-0.032239499434066114,-0.0013822685382355849,0.21475731030398976,0.2529061699742074,-0.22277492261155427,-0.11971994264298115,0.35000000000000003,0.20642166443409252,-0.049387551057228994,0.20042647866065674,0.0,0.0
0.4,-0.07226366021841953,-0.004624874253978851,0.2454369260617026,0.3952287718429853,-0.15396759756108092,-0.36400516616359113,0.4,0.3105434334313178,-0.03462051407155775,0.3086075891042415,0.4,-0.02992199192753075,-0.0019150074833619683,0.2454369260617026,0.19762159093333534,-0.19346718602842472,0.040308077766937,0.4,0.20948990749321125,-0.09388053014385099,0.18727644646731123,0.0,0.0
0.45,-0.09252450001436252,-0.008431295063808786,0.2761165418194154,0.4056901268748513,-0.2757235994462961,-0.2975919618405567,0.45,0.31574448193777316,-0.1019149947356535,0.29884429344088953,0.45,-0.027287232690378842,-0.0024865490789107722,0.2761165418194154,0.1278067880100152,-0.06565779573187158,0.10965230923728321,0.45,0.21191868743228953,-0.13455749467069536,0.16371869383479157,0.0,0.0
0.5,-0.10470964807356528,-0.01308870600919566,0.30679615757712825,0.3935491593209126,-0.34885520985759844,-0.18215648041562504,0.5,0.3200908327271736,-0.16620077200787234,0.2735606780587493,0.5,-0.024336849690392338,-0.003042106211299042,0.30679615757712825,0.07042981698105093,0.0517091165806875,0.047817636729863576,0.5,0.21368568886877465,-0.1688729786977469,0.13093315352909315,0.0,0.0
0.55,-0.11505654796454724,-0.019142533167601554,0.3374757733348411,0.36256426736030084,-0.3569695157664368,-0.06344771690129873,0.55,0.32354304692493485,-0.22370161346838363,0.2337470670299683,0.55,-0.021075390071147115,-0.0035064180230871024,0.3374757733348411,0.10262911064262306,0.05774375045452297,-0.08484334761630721,0.55,0.2147707135405899,-0.1946593495719159,0.09074247637668241,0.0,0.0
0.6000000000000001,-0.12983764710602322,-0.02804493177490103,0.36815538909255385,0.3251037772045346,-0.3246015206062435,0.018064295523772107,0.6000000000000001,0.32606491313173386,-0.27097791566863544,0.18135406473384338,0.6000000000000001,-0.017511176931535765,-0.0037824142172117273,0.36815538909255385,0.18099190071999788,-0.06346852107217839,-0.1694987166887939,0.6000000000000001,0.21515579085414102,-0.21029198384235068,0.04548951384351554,0.0,0.0
0.65,-0.13918665853712686,-0.03822413610075846,0.3988350048502667,0.30233785647728734,-0.2967124857571545,0.05805066972129782,0.65,0.3276236578014393,-0.30517866089215107,0.11917737237944159,0.65,-0.013657215498877098,-0.003750612806379123,0.3988350048502667,0.2551147898229576,-0.2266194557114381,-0.11716304143996684,0.65,0.21482530384763984,-0.2148147656215727,-0.0021278261629119164,0.0,0.0
0.7000000000000001,-0.13952037215233234,-0.047855487648250004,0.4295146206079795,0.31439609121514606,-0.30114988567723505,0.09029755549266384,0.7000000000000001,0.3281902031489106,-0.32425426078145164,0.05067527807518759,0.7000000000000001,-0.009532127057225809,-0.003269519580628453,0.4295146206079795,0.31085952900153857,-0.30477415154245163,0.06120754302075135,0.7000000000000001,0.21376613347570408,-0.20801499633018633,-0.04925161035849588,0.0,0.0
0.75,-0.1477566990909607,-0.062334857428999045,0.46019423636569234,0.36042550027623904,-0.32425506063296367,0.15736961874291439,0.75,0.32773948005197695,-0.32711216984905334,-0.020268081344426096,0.75,-0.005161082557977493,-0.002177331704146755,0.46019423636569234,0.34053135075017926,-0.22373419147819587,0.25671893659669826,0.75,0.211967826000754,-0.1904408466250965,-0.09307332161367403,0.0,0.0
0.8,-0.14483876359161474,-0.07415744695890676,0.4908738521234052,0.4203633778149467,-0.31976192719760965,0.27286934478402336,0.8,0.32625080765255043,-0.3137014688112657,-0.08961572384127671,0.8,-0.0005766462435825071,-0.0002952428767142437,0.4908738521234052,0.3396959259084007,-0.021554498666152076,0.3390113945961352,0.8,0.20942279077468404,-0.16335918593169202,-0.1310407633814454,0.0,0.0
0.8500000000000001,-0.14145542629044924,-0.08687131367062216,0.521553467881118,0.4734832171598702,-0.244786380871193,0.40529740274524834,0.8500000000000001,0.32370835687997207,-0.2850182281748708,-0.15346566365799422,0.8500000000000001,0.004181008731407489,0.002567661987175625,0.521553467881118,0.3071940007631381,0.1739360586520949,0.25320821788685666,0.8500000000000001,0.20612653916753582,-0.12865660166718765,-0.1610454252583298,0.0,0.0
0.9,-0.14017312967790044,-0.10218621153518943,0.5522330836388308,0.5058169036165833,-0.09525953661108012,0.49676590127434295,0.9,0.320101722559146,-0.24302991929689205,-0.20833043731504672,0.9,0.009063493156262547,0.006607286510915397,0.5522330836388308,0.2457035691641802,0.23706079519775156,0.06459429758288875,0.9,0.202077980389689,-0.08869124682406958,-0.1815747033459438,0.0,0.0
0.9500000000000001,-0.12846882169076917,-0.11014595599712325,0.5829126993965437,0.5101882088767515,0.08644118049108507,0.50281202331704,0.9500000000000001,0.31542663905108614,-0.19052390966324986,-0.25138537043689313,0.9500000000000001,0.014013458013658678,0.012014788564460612,0.5829126993965437,0.16372326281110564,0.1392664899198682,-0.08608223725550827,0.9500000000000001,0.19727979730656806,-0.04610741328065887,-0.19181612253897506,0.0,0.0
1.0,-0.12597944274025227,-0.12597944274025227,0.6135923151542565,0.4857435770658015,0.23751474497006037,0.4237140174486648,1.0,0.3096858888535001,-0.13089158529997547,-0.28066482261345416,1.0,0.018964276491961883,0.018964276491961883,0.6135923151542565,0.09109410727712564,-0.02560996371858837,-0.08742005570204735,1.0,0.19173893641444684,-0.0036280416568161525,-0.19170460884151871,0.0,0.0
1.05,-0.11374343036658743,-0.1316722385781208,0.6442719309119693,0.43851361814627376,0.31523886800304646,0.30482560489547766,1.05,0.3028904742510188,-0.06786531614921794,-0.2951896648867873,1.05,0.023839980575385722,0.0275977575135809,0.6442719309119693,0.12236926081258065,-0.10926339010161495,0.055097618599352347,1.05,0.18546726314381412,0.03615755683430314,-0.18190859457934067,0.0,0.0
1.1,-0.0947503816703453,-0.12611275800322963,0.6749515466696822,0.3838270910591726,0.32337810000436257,0.206760345009663,1.1,0.2950611518771711,-0.005229805851696484,-0.2950148004386163,1.1,0.02855551963905245,0.038007396639578826,0.6749515466696822,0.21886425043933988,-0.022881001206759025,0.217664925755507,1.1,0.1784824602579958,0.07099287736046464,-0.16375591587429467,0.0,0.0
1.1500000000000001,-0.08890256622366217,-0.13520969040541225,0.705631162427395,0.3502629154032196,0.3078996400711407,0.16697880569349208,1.1500000000000001,0.28623047321359185,0.05346806628483341,-0.28119219349732555,1.1500000000000001,0.033017667994215016,0.050215745810701776,0.705631162427395,0.3125450233101193,0.18872216347163265,0.24913517738470692,1.1500000000000001,0.17080928952689153,0.0991233263417565,-0.13910564173902903,0.0,0.0
1.2000000000000002,-0.06737096035377278,-0.11641701949131943,0.7363107781851077,0.37251860511580315,0.32751718389689816,0.17748973325144488,1.2000000000000002,0.2764455367183791,0.10518626734632107,-0.2556520759416222,1.2000000000000002,0.037126387440342926,0.06415439749691261,0.7363107781851077,0.38363486679468606,0.3731283469757838,0.08916808680069148,1.2000000000000002,0.16248140570771752,0.1194206840336454,-0.11017670999667821,0.0,0.0
1.25,-0.06026428762815755,-0.11770368677374522,0.7669903939428205,0.46004115829129394,0.4192692406050287,0.18934405510730448,1.25,0.2657717477312396,0.14760844983654703,-0.2210121431708431,1.25,0.040775949443198053,0.0796405262562462,0.7669903939428205,0.4215496241489875,0.3825231781418063,-0.17714430220711175,1.25,0.15354402551588817,0.13145205932320303,-0.07934811825943212,0.0,0.0
1.3,-0.037003281543744035,-0.08129620955160564,0.7976700097005334,0.593570714579905,0.5775687523225458,0.136896053805348,1.3,0.25429801050781486,0.17929920975723646,-0.18033100545569872,1.3,0.04385707502309334,0.09635399382573608,0.7976700097005334,0.4203193788689674,0.18974871062906687,-0.37505173918727697,1.3,0.14405794440299363,0.1354871848570444,-0.04894807539759953,0.0,0.0
1.35,-0.02492059650891098,-0.06131401263561186,0.8283496254582462,0.7533206631386882,0.7526006331854836,-0.03292883903999618,1.35,0.2421439509355479,0.19977980585357566,-0.13682734429851606,1.35,0.046259823497999945,0.11381651323889164,0.8283496254582462,0.37880076411619673,-0.08251135562965171,-0.36970514614645505,1.35,0.13410571409808106,0.13244323456484308,-0.021050704780558083,0.0,0.0
1.4000000000000001,-0.006654835786491436,-0.018260869398132505,0.859029241215959,0.9269723899943627,0.8636353788600031,-0.33676660195631025,1.4000000000000001,0.22946998351993592,0.20951718724651686,-0.09358964464590973,1.4000000000000001,0.04787781642240324,0.13137672826307453,0.859029241215959,0.30198531093657427,-0.24781020890206618,-0.17258397487998053,1.4000000000000001,0.12380132832567453,0.12377184913149979,0.002701528783988509,0.0,0.0
1.4500000000000002,0.009544713448412226,0.029098252036665734,0.8897088569736719,1.1057360203911966,0.8220046519008155,-0.7395677785328265,1.4500000000000002,0.21649124027895128,0.20982678879042557,-0.053302681202888454,1.4500000000000002,0.04861915772415873,0.14822157971681346,0.8897088569736719,0.20586548753959347,-0.19687949914294325,0.06015863842490384,1.4500000000000002,0.11330561914833656,0.11129825246599442,0.021233518987762247,0.0,0.0
1.5,0.025129785926864764,0.08481302750316858,0.9203884727313847,1.280693245487417,0.562263706647257,-1.1506670731468684,1.5,0.2034963899336835,0.20269732650805614,-0.0180159524457699,1.5,0.04841009104343907,0.16338405727160685,0.9203884727313847,0.1433452509704565,0.013986612559902951,0.14266126189292708,1.5,0.10285076165044749,0.09702677380775203,0.03411868016990815,0.0,0.0
1.55,0.032718572567283485,0.1218398744189928,0.9510680884890975,1.441010848809253,0.07805959455577027,-1.4388950504063012,1.55,0.19087169622087904,0.1905530785686107,0.011024004093813133,1.55,0.0471950037731185,0.17574829467562167,0.9510680884890975,0.1998091235575523,0.19977270313003612,0.0038148317073829967,1.55,0.09277824165979083,0.08293035147830448,0.04159758321305973,0.0,0.0
1.6,0.038293411103246904,0.15684981187889935,0.9817477042468103,1.573785778532516,-0.5514554423490524,-1.4740076566337126,1.6,0.17912816861609213,0.17597521305651834,0.03346080066986013,1.6,0.04493933919075667,0.18407153332533935,0.9817477042468103,0.31304243092630657,0.18697873621779948,-0.251066755590313,1.6,0.08359237391634004,0.07074337279412617,0.04453156389214842,0.0,0.0
1.6500000000000001,0.04959522948556048,0.22278797025282343,1.012427320004523,1.66521768583976,-1.167609836735593,-1.1872814368934637,1.6500000000000001,0.16892339399538456,0.1614080460849221,0.04982525160967662,1.6500000000000001,0.04163150423643065,0.18701392096807612,1.012427320004523,0.41765364211162775,-0.04782434382792287,-0.4149064917623443,1.6500000000000001,0.07601612337469546,0.06177730845857548,0.044294640449279415,0.0,0.0
1.7000000000000002,0.053300735211380915,0.26186651209351447,1.043106935762236,1.7027966650974158,-1.585073828271694,-0.6221394068816064,1.7000000000000002,0.16105803898945265,0.14887824059985566,0.06144071450609551,1.7000000000000002,0.03727579688916672,0.18313599011647613,1.043106935762236,0.48769330621548607,-0.35124438797230945,-0.33833731813879125,1.7000000000000002,0.07098924432207301,0.056776977235705524,0.042612764113527685,0.0,0.0
1.75,0.05656887595646177,0.3031738195791623,1.0737865515199487,1.6782707484494703,-1.6770591950782145,0.06375861749407506,1.75,0.15641458222750945,0.13975462256918172,0.07024362607348712,1.75,0.03190711416526752,0.17100218997948063,1.0737865515199487,0.5084999497543164,-0.5058611671984226,-0.05173662552575207,1.75,0.06948549144056963,0.05583202443191464,0.04136446021129205,0.0,0.0
1.8,0.05640787825465594,0.32897074598115345,1.1044661672776617,1.5914092833444826,-1.446515390346698,0.6634581619101084,1.8,0.15581285491150665,0.13457343851402587,0.0785342944336162,1.8,0.025609298983050584,0.14935343166915102,1.1044661672776617,0.4720865402335075,-0.4004276560873087,0.25004678304282807,1.8,0.0721081009838843,0.05835355586989887,0.042360839756084234,0.0,0.0
1.85,0.053266664841852336,0.33726454677929335,1.1351457830353744,1.4550592155334816,-1.0309170630278086,1.0268433813717788,1.85,0.1598108533825848,0.13294866656395218,0.08868010440756752,1.85,0.0185200824018789,0.11726221673779649,1.1351457830353744,0.37725619612776157,-0.12408034994666979,0.3562671810227544,1.85,0.07877158922951234,0.06312020458468212,0.0471253970055521,0.0,0.0
1.9000000000000001,0.04587534736513699,0.31465900757747467,1.1658253987930873,1.3023081264027307,-0.6229803903414193,1.1436353830415722,1.9000000000000001,0.16855599977905733,0.13357979511730095,0.10279865465042563,1.9000000000000001,0.010839399946012932,0.07434744422970273,1.1658253987930873,0.23153794272731276,0.09635396138671376,0.21053677362276654,1.9000000000000001,0.08883530706763225,0.06839168600399338,0.05669470052246231,0.0,0.0
1.9500000000000002,0.03807495986442713,0.2823210680247442,1.1965050145508,1.1929543982180884,-0.34844438576091913,1.1409323846133816,1.9500000000000002,0.1817888701270563,0.13436085962845473,0.12245142997112948,1.9500000000000002,0.002839748329035897,0.021056378891260052,1.1965050145508,0.0828724833730247,0.07559272389309254,-0.033964519646756855,1.9500000000000002,0.10150016680414219,0.07208164593438945,0.07145992009971745,0.0,0.0
2.0,0.02689881880843927,0.21519055046751415,1.227184630308513,1.1986409760698444,-0.18256139299949053,1.1846567128496572,2.0,0.19898536297290476,0.13258518646029688,0.1483790517854423,2.0,-0.0051890777763739515,-0.04151262221099161,1.227184630308513,0.21411794896987632,-0.1719760996308085,-0.12755672160588316,2.0,0.11607570778870795,0.07197586935285788,0.09106615271081704,0.0,0.0
2.0500000000000003,0.01616917276042178,0.13929944447762874,1.2578642460662257,1.3453295189947683,0.028105776157681193,1.3450359028759302,2.0500000000000003,0.21952984107476597,0.12523103148362422,0.18030679375957948,2.0500000000000003,-0.012967116350936357,-0.11171332825286062,1.2578642460662257,0.43239451898891373,-0.4260140745330711,0.07400694799398916,2.0500000000000003,0.13204626448836762,0.0659772139011574,0.11438191820026825,0.0,0.0
2.1,0.005202780216228098,0.048182947582488415,1.2885438618239387,1.5857508371539142,0.4417645684857487,1.522973993069133,2.1,0.24283509808321282,0.10930494395854864,0.21684398559172013,2.1,-0.020216097383237788,-0.18722127786616516,1.2885438618239387,0.6373384670694846,-0.4232627311953573,0.47649657080353397,2.1,0.1490435808840055,0.0523554043157842,0.13954533543496841,0.0,0.0
2.15,-0.0015168985322446813,-0.015075506450397232,1.3192234775816514,1.8478378402009654,1.0771976222590876,1.5013826848202083,2.15,0.26839504273016596,0.08221301233715754,0.2554934824307227,2.15,-0.02658686539004881,-0.2642302383208263,1.3192234775816514,0.8005915945873407,-0.07117039171219738,0.7974218937723201,2.15,0.16680285271415562,0.029978404216870373,0.16408682748529885,0.0,0.0
2.2,-0.013544840091493985,-0.144225457294228,1.3499030933393643,2.072417389241171,1.7576317638536936,1.0980184050924402,2.2,0.29579317088788776,0.042125823615861556,0.29277809844419117,2.2,-0.03157773831851088,-0.33623975761550395,1.3499030933393643,0.8993934909052765,0.4573709872221377,0.7744161875440279,2.2,0.1851273446231605,-0.001497343134786384,0.18512128913433792,0.0,0.0
2.25,-0.01657721623003389,-0.18882485362022977,1.380582709097077,2.219224987527729,2.1967050443890273,0.315351380563412,2.25,0.3246913362209944,-0.011698517898209559,0.32448052098078256,2.25,-0.0347500273482744,-0.39582453026393805,1.380582709097077,0.9161305511899326,0.8352629816588895,0.3763388609934819,2.25,0.20386433889792274,-0.04149792062841282,0.199596070246398,0.0,0.0
2.3000000000000003,-0.02127859145360538,-0.2588966222160167,1.41126232485479,2.26590177250517,2.177523827746484,-0.6266584574059239,2.3000000000000003,0.354813341323282,-0.07866734714122384,0.3459825944679212,2.3000000000000003,-0.035918841685022324,-0.43702454678166675,1.41126232485479,0.840028903148861,0.8258841878729525,-0.15350526488336602,2.3000000000000003,0.22288966567464064,-0.08847984323708938,0.20457546383985828,0.0,0.0
2.35,-0.023507213053559527,-0.3050736726074639,1.4419419406125027,2.208696907408483,1.699339160861908,-1.410882151406326,2.35,0.38592961149124866,-0.15671167081962878,0.3526799076424775,2.35,-0.035233289387409515,-0.4572532255086273,1.4419419406125027,0.6686476258564374,0.4745966102185574,-0.47100711792127414,2.35,0.24209788416327335,-0.13996449939726385,0.1975381594143447,0.0,0.0
2.4000000000000004,-0.02359529988232886,-0.3261814255733143,1.4726215563702154,2.065461189730973,0.9798837065955899,-1.8182293166246588,2.4000000000000004,0.41784482371065385,-0.24227138610852803,0.34043923418848177,2.4000000000000004,-0.032976588277130625,-0.455868356343054,1.4726215563702154,0.4088864748289227,0.08776658404928087,-0.3993559515298899,2.4000000000000004,0.26139602533380313,-0.19266164390986792,0.17666174749010466,0.0,0.0
2.45,-0.02316850472274713,-0.3407189265158097,1.5033011721279284,1.880437414330198,0.3037732574285116,-1.8557388494300895,2.45,0.45038854461942246,-0.3304192641939707,0.30606037145294795,2.45,-0.029319244273673762,-0.4311724711941807,1.5033011721279284,0.0823315010174708,-0.0015984348884028464,-0.0823159830512722,2.45,0.280699561344282,-0.24267680267188968,0.14106811540465497,0.0,0.0
2.5,-0.02118010555670936,-0.33093914932358376,1.533980787885641,1.726648756550168,-0.1737343905393524,-1.7178859944828007,2.5,0.4834083591079219,-0.4151239440366696,0.24770093407747498,2.5,-0.02434177261549015,-0.3803401971170336,1.533980787885641,0.31097769552233256,0.290188025487008,0.11179461962157286,2.5,0.2999297779624844,-0.2857898867106901,0.09100556226141392,0.0,0.0
2.5500000000000003,-0.017121059680500424,-0.2838907109597578,1.564660403643354,1.6873097104038606,-0.516178535956251,-1.6064164397319958,2.5500000000000003,0.5167648984423876,-0.4896399567835627,0.1652231006341486,2.5500000000000003,-0.018091099253426186,-0.2999753008832797,1.564660403643354,0.710821821508076,0.7006131034281753,-0.12003724937201819,2.5500000000000003,0.3190120441837259,-0.31778548706941645,0.027947603516817767,0.0,0.0
2.6,-0.011556055313834215,-0.20310922819595018,1.5953400194010667,1.7981380368490216,-0.9128821172268472,-1.5491761163956415,2.6,0.5503282652139756,-0.5470008958907828,0.060425320753015356,2.6,-0.010708752371755993,-0.18821703168598333,1.5953400194010667,1.0951968962397307,0.7988929357521026,-0.7491503979432474,2.6,0.33787466602704996,-0.33480983832683286,-0.04540552942594784,0.0,0.0
2.6500000000000004,-0.007111002065204957,-0.13233308180768985,1.6260196351587797,2.010413961812232,-1.4717204837546463,-1.3695996187012265,2.6500000000000004,0.5839754699753824,-0.5805812936793423,-0.06287058901099964,2.6500000000000004,-0.002584074311687519,-0.04808865391263787,1.6260196351587797,1.4272223836016553,0.3211158104940491,-1.3906287673223003,2.6500000000000004,0.35644812811297166,-0.33372581184150746,-0.12522919206785701,0.0,0.0
2.7,0.0028274146996904526,0.05565200353400719,1.6566992509164924,2.233870822992337,-2.067446504091886,-0.8460755324051747,2.7,0.6175885977773155,-0.5846845274807974,-0.198896152373814,2.7,0.0057788135798924655,0.11374438769302342,1.6566992509164924,1.6724517311878424,-0.5927333110499479,-1.5638932236968663,2.7,0.3746645977851773,-0.31243590911703467,-0.20677853739627022,0.0,0.0
2.75,0.01007649313931947,0.2095595682567846,1.6873788666742053,2.387232627500035,-2.386560573687917,0.05664137991894861,2.75,0.6510535026492077,-0.5551089740236269,-0.34018331862429435,2.75,0.013850383143243838,0.2880446869321492,1.6873788666742053,1.8016986553004823,-1.459752417241372,-1.0560496791673855,2.75,0.39245761056376766,-0.27014427814949643,-0.2846841145419066,0.0,0.0
2.8000000000000003,0.01851231777789203,0.4063823998602859,1.718058482431918,2.4137858391975393,-2.1592694380094626,1.0788501154418388,2.8000000000000003,0.6842588863986858,-0.4896432513710315,-0.4779745913773812,2.8000000000000003,0.02115858271870315,0.4644732078409717,1.718058482431918,1.7944773312392388,-1.7913474379848098,-0.1059398355518778,2.8000000000000003,0.4097618834059405,-0.2075322839078567,-0.3533201837262801,0.0,0.0
2.85,0.02748681986588653,0.6362958289278905,1.748738098189631,2.282915533718586,-1.4065527042046344,1.7981414917598242,2.85,0.7170956596508417,-0.3884440424515154,-0.6027747597353436,2.85,0.02739492259086475,0.634168487421252,1.748738098189631,1.6434747363714128,-1.4599653662199537,0.7546590876212396,2.85,0.42651321997529307,-0.12682793895233535,-0.4072200887908103,0.0,0.0
2.9000000000000004,0.03589360029704735,0.8754090176446881,1.7794177139473437,1.9937013731613897,-0.4891736955541281,1.9327582003249988,2.9000000000000004,0.7494565123296054,-0.25425667082724673,-0.7050096518581155,2.9000000000000004,0.03234479427611539,0.7888571876001785,1.7794177139473437,1.3640420938087983,-0.801128001867084,1.1039949086416765,2.9000000000000004,0.4426484836818746,-0.03175715929439757,-0.44150782885404544,0.0,0.2499999999999989
2.95,0.048849433347798836,1.2540809714421974,1.8100973297050567,1.5925092282432087,0.12272711720762293,1.5877731880661314,2.95,0.7812356413730815,-0.0924489516894662,-0.775746297885545,2.95,0.03582933544012441,0.9198241354196642,1.8100973297050567,1.028413241883304,-0.34266565464348475,0.9696463505880272,2.95,0.45810562194686266,0.07262619654417313,-0.45231205647743794,0.0,0.7500000000000011
3.0,0.050426858623658775,1.3615251828387869,1.8407769454627694,1.2412930408935499,0.21875440686967962,1.2218653456276805,3.0,0.812328597990997,0.08915779668288733,-0.8074209796659186,3.0,0.03769726634725993,1.017826191376018,1.8407769454627694,0.8854758283159868,-0.3473790966853851,0.8144907646609192,3.0,0.4728237303769802,0.1802249000360574,-0.4371284312585907,0.0,1.0
3.0500000000000003,0.05363166200034757,1.5216710340626118,1.8714565612204823,1.3063669848116561,0.07129753464107601,1.3044199325983954,3.0500000000000003,0.8426322270670576,0.28066126802854924,-0.7945176667139606,3.0500000000000003,0.03783453274260326,1.073465009556104,1.8714565612204823,1.2545682135887948,-0.5329329375794655,1.1357481616055125,3.0500000000000003,0.48674314918458134,0.28428138697796684,-0.39509870449801154,0.0,1.0
3.1,0.053483634023410456,1.5933309411914212,1.902136176978195,1.9070026988859137,0.2918476989178066,1.8845381965337131,3.1,0.8720446786701721,0.4706385609055141,-0.7341398140584329,3.1,0.036209888632432616,1.0787287922488003,1.902136176978195,1.9741533427864613,-0.23718418551161627,1.9598533320067986,3.1,0.4998055868205755,0.377834438461417,-0.3271800142576034,0.0,1.0
3.1500000000000004,0.045844723205608104,1.4329169379240867,1.932815792735908,2.767000371418334,1.3555676455841026,2.4122038499419514,3.1500000000000004,0.9004654769569665,0.6468628408068491,-0.6264236109651602,3.1500000000000004,0.032896928321493914,1.028222279500574,1.932815792735908,2.839970707140373,1.0290440955726456,2.646979763198515,3.1500000000000004,0.5119542677650946,0.45421764017717126,-0.23618532476590484,0.0,1.0
3.2,0.030778040853436803,1.0085348426854175,1.9634954084936207,3.704402384480706,3.105019466153416,2.020260166650497,3.2,0.9277956356399143,0.7971303923265805,-0.4747503334824996,3.2,0.028072981568268603,0.9198954600290258,1.9634954084936207,3.7641285978578423,3.027388426475924,2.236869110263467,3.2,0.5231341029912345,0.5075629407091945,-0.1266852435411413,0.0,1.0
3.25,0.019978773813615496,0.6858338448205195,1.9941750242513334,4.6296914680063335,4.627094750693137,0.1550395337927124,3.25,0.9539378120889705,0.9101408341588095,-0.2857289123099,3.25,0.022007129502816344,0.7554634924638673,1.9941750242513334,4.696348616512331,4.693132327013713,0.17377942615897263,3.25,0.5332918829535087,0.5332705328337832,-0.004771921549202514,0.0,1.0
3.3000000000000003,0.001928085315689293,0.06928960198992615,2.024854640009046,5.489367143239057,4.691395822319383,-2.8502555800483513,3.3000000000000003,0.9787964943299293,0.9763658975802649,-0.06893628474789511,3.3000000000000003,0.015036102959960461,0.5403524320720993,2.024854640009046,5.599287181656388,4.675997905367452,-3.080107227299196,3.3000000000000003,0.5423764941839344,0.5284071715033076,0.12230340366126143,0.0,1.0
3.35,-0.012513724991923506,-0.4704581837182362,2.055534255766759,6.250199036959489,2.5532912101869605,-5.704883171248237,3.35,1.0022782169127364,0.9888395514890012,0.16357862179638627,3.35,0.007541385499556036,0.28352121587537155,2.055534255766759,6.442396835252539,2.2484049336226137,-6.03731332939855,3.35,0.5503391618102509,0.49199896147362837,0.24659727275637222,0.0,1.0
3.4000000000000004,-0.022715219324052148,-0.8927989803125458,2.086213871524472,6.894698299124357,-1.3801952127078705,-6.755140695112618,3.4000000000000004,1.024291803001566,0.943804824506116,0.39800270217069916,3.4000000000000004,-7.41739272624132e-05,-0.002915332037121889,2.086213871524472,7.199755902034119,-2.0103655412862276,-6.913386683766797,3.4000000000000004,0.5571337216375852,0.4251914003458734,0.3600142453537936,0.0,1.0
3.45,-0.040632638775533886,-1.6685234414389831,2.116893487282185,7.418043566977318,-5.514379762791595,-4.961752330909724,3.45,1.0447486311995278,0.8411604604460526,0.6196360078106112,3.45,-0.007414609989497266,-0.30447076412996976,2.116893487282185,7.8487300781184,-6.277160819940786,-4.711668057043152,3.45,0.5627169269529959,0.331258621579138,0.4548824743919167,0.0,1.0
3.5,-0.043663290382209556,-1.8720635751372348,2.1475731030398975,7.823968269447969,-7.795392388813677,-0.6680845648227786,3.5,1.063562926652047,0.684663165209245,0.8138811025907442,3.5,-0.014131073975468015,-0.6058697966981911,2.1475731030398975,8.368933792225151,-8.368918754314619,0.01586512934368913,3.5,0.5670487970284759,0.21545471427374285,0.524522262929479,0.0,1.0
3.5500000000000003,-0.04711927848546076,-2.1080635102512186,2.1782527187976104,8.119426585213187,-6.841112519353749,4.373130179883522,3.5500000000000003,1.080652076945059,0.48185787674688346,0.967275502647852,3.5500000000000003,-0.019929239847199607,-0.8916117703688825,2.1782527187976104,8.741624500052264,-6.973074998723562,5.27183307418685,3.5500000000000003,0.5700930165399893,0.08471190825401545,0.5637640819594911,0.006155829702431202,1.0
3.6,-0.04918353736887001,-2.2947071194819997,2.2089323345553233,8.309005409471066,-2.8062329732038935,7.82078176365526,3.6,1.0959369742883718,0.2437280762621944,1.0684916829128253,3.6,-0.02457214200923244,-1.1464378575827487,2.2089323345553233,8.949781798648605,-2.476106197475583,8.600435590261977,3.6,0.5718173979480832,-0.0527975937190666,0.5693747014871603,0.02447174185242326,1.0
3.6500000000000004,-0.04640902802904605,-2.2567376070969263,2.2396119503130363,8.390638956830436,2.5776858126146283,7.984883089646699,3.6500000000000004,1.1093423865080543,-0.015920758480319326,1.1092281370181685,3.6500000000000004,-0.027882581654394542,-1.3558497834309506,2.2396119503130363,8.97901932227637,3.1511209259134203,8.407926313906595,3.6500000000000004,0.5721944225061893,-0.18820821440303967,0.5403555544069211,0.05449673790581632,1.0
3.7,-0.04296342132292506,-2.1762261802701235,2.270291566070749,8.35407247377506,6.8643418515359675,4.761442831993044,3.7,1.1207973605224348,-0.2813104704077217,1.0849198784210026,3.7,-0.029734541215677403,-1.5061437161977076,2.270291566070749,8.819284545906733,7.3795914857660865,4.82922451381979,3.7,0.5712018802462572,-0.31257872047445817,0.4780859038953251,0.09549150281252644,1.0
3.75,-0.04069014186933514,-2.14576920014072,2.3009711818284617,8.182700163351194,8.177029567619217,-0.3045807176903196,3.75,1.1302356633074049,-0.5357189817359959,0.9952074292426064,3.75,-0.03009053677085831,-1.586805650025731,2.3009711818284617,8.467117736980764,8.458540275689716,-0.3810238528349516,3.75,0.5688236353938099,-0.4175369053837018,0.3862942671400025,0.14644660940672624,1.0
3.8000000000000003,-0.03645588407146605,-2.0004072707694855,2.3316507975861747,7.858297444805591,6.164615966459105,-4.873432949894309,3.8000000000000003,1.1375962669411936,-0.7626192429608661,0.8441191603229574,3.8000000000000003,-0.02902146172359913,-1.5924656476973318,2.3316507975861747,7.928141978906436,6.270053076547626,-4.851996460733881,3.8000000000000003,0.565050551653804,-0.49590339991913657,0.2708541007127437,0.2061073738537638,1.0
3.85,-0.03339906260442521,-1.905971780998257,2.3623304133438876,7.367411004052719,2.077510142491758,-7.068429564654441,3.85,1.1428238862444928,-0.9468478951104284,0.639941793053022,3.85,-0.026695967891501637,-1.5234487886763646,2.3623304133438876,7.219492948710278,2.224532359873786,-6.8682264243654485,3.85,0.5598816222943093,-0.5422466500866532,0.13941306055284192,0.2730047501302266,1.0
3.9000000000000004,-0.028905167774336292,-1.714625647205855,2.3930100291016,6.708141337191671,-2.043269885017288,-6.389382472252002,3.9000000000000004,1.14586957990759,-1.075717696635056,0.39477655870601824,3.9000000000000004,-0.02333949980221596,-1.3844757887676489,2.3930100291016,6.372115752418202,-1.672401358169226,-6.14873424855961,3.9000000000000004,0.5533253637163811,-0.5533246667925015,0.000878208877610861,0.34549150281252683,1.0
3.95,-0.025028146589196193,-1.542481545773838,2.423689644859313,5.89677331503542,-4.532412375408805,-3.7721576833630532,3.95,1.1466914289588706,-1.139988697280144,0.12380227510533241,3.95,-0.019182625554917274,-1.1822228151213574,2.423689644859313,5.4333420258142615,-3.953725733757625,-3.7268295361744355,3.95,0.545401549198367,-0.5283762548740714,-0.13520866522981853,0.42178276747988486,1.0
4.0,-0.023959848356768235,-1.533430294833167,2.454369260617026,4.975236874406666,-4.904648409856454,-0.835108335575912,4.0,1.1452553101525111,-1.134620645275804,-0.15571036171829677,4.0,-0.014454324558648386,-0.9250767717534967,2.454369260617026,4.47105756572204,-4.330253570516203,-1.1132204503295686,4.0,0.5361433828562048,-0.4692346417728438,-0.2593618667823123,0.5000000000000001,1.0
4.05,-0.021084773848141156,-1.4006641623287477,2.4850488763747385,4.023341453695314,-3.855702283697534,1.1492764473845,4.05,1.141535786558651,-1.0592428540899175,-0.42556847633903055,4.05,-0.009383607188331117,-0.6233541984717346,2.4850488763747385,3.5816941660707995,-3.522577718163901,0.6480581137219135,4.05,0.5256002436945743,-0.38024906671158215,-0.36285846198864735,0.578217232520115,1.0
4.1000000000000005,-0.01617542137778036,-1.1148262167780005,2.5157284921324514,3.1836477209395295,-2.5587636587952796,1.8942917804477888,4.1000000000000005,1.1355171436077411,-0.9182968946559874,-0.667929634536643,4.1000000000000005,-0.004227352611500618,-0.29135336933723416,2.5157284921324514,2.8993447945541746,-2.523482714579912,1.4276677578921462,4.1000000000000005,0.513841166690497,-0.2680140693084943,-0.43840757662083424,0.6545084971874745,1.0
4.15,-0.010063394112090056,-0.7192647411462048,2.5464081078901644,2.6859177646262187,-1.7946856323593838,1.9983137189484295,4.15,1.1271946064260594,-0.7208307313326382,-0.8665856781198572,4.15,0.0007203702090130791,0.051487290087620194,2.5464081078901644,2.567841366859282,-1.867710219580879,1.7622337589056936,4.15,0.5009592716391152,-0.14092089560485485,-0.48073016654160416,0.7269952498697739,1.0
4.2,-0.0027517306545278594,-0.20387022073266006,2.5770877236478773,2.7251955659692912,-1.5088477791262804,2.2693764016144122,4.2,1.1165757839405253,-0.47994863215836686,-1.0081620860614187,4.2,0.005186509589369413,0.38425812245720115,2.5770877236478773,2.611395809911049,-1.4022494080467063,2.202971782309897,4.2,0.48707739731945676,-0.008559511915934149,-0.48700218247483956,0.7938926261462367,1.0
4.25,0.0061474210138099524,0.47191061626325465,2.60776733940559,3.1852608520759835,-1.0441549810549435,3.009256896861079,4.25,1.1036823974579308,-0.21194745467203535,-1.0831403929853836,4.25,0.008948176802759956,0.6869123848743698,2.60776733940559,2.867822879896326,-0.6369983143267758,2.796183330542134,4.25,0.47235523774189425,0.11898791323421985,-0.4571229015553336,0.8535533905932737,1.0
4.3,0.01599957578480952,1.2720782719228505,2.6384469551633027,3.775811132767513,0.18689463681656113,3.7711828522441464,4.3,1.0885523668476824,0.0648052725627525,-1.0866216140026659,4.3,0.011857260376176062,0.94273520072863,2.6384469551633027,3.1429143985428643,0.6716265139237649,3.070314111351258,4.3,0.4569982839893245,0.23191153188539548,-0.39378226591322835,0.9045084971874736,1.0
4.3500000000000005,0.025332993100420035,2.0852314944507375,2.6691265709210157,4.29265370304505,2.1183469039045724,3.733561598391581,4.3500000000000005,1.071242346723337,0.3311746512401059,-1.0187656824752767,4.3500000000000005,0.013844807421939444,1.1396059027211742,2.6691265709210157,3.3155159535597787,2.1893037726243016,2.48989859823295,4.3500000000000005,0.44126879797694424,0.32143967848899796,-0.3023155390662327,0.9455032620941842,1.0
4.4,0.033059512866000576,2.816141543977394,2.6998061866787286,4.629206881453326,3.9681010824613048,2.3840574973486373,4.4,1.0518308286842832,0.5686500584966284,-0.8848645111780938,4.4,0.014894517186328246,1.2687745520001856,2.6998061866787286,3.329763672876142,3.1808720384312674,0.9845705623934379,4.4,0.42549878615828446,0.38054737831162266,-0.1903494415077813,0.9755282581475768,1.0
4.45,0.03861846529710921,3.403102607754723,2.730485802436441,4.736042994253774,4.736042625989302,-0.0018676810797371847,4.45,1.0304219539456294,0.7607224867120485,-0.6950328779156896,4.45,0.01503638846204416,1.3250234672123513,2.730485802436441,3.171120011967962,3.04753695838144,-0.8766530771079791,4.45,0.41010433731442014,0.4045511835744611,-0.06725999816088578,0.9938441702975689,1.0
4.5,0.04157114435217637,3.7881705290920715,2.761165418194154,4.599746868458936,3.8984323344560416,-2.4412899433630195,4.5,1.0071502128491971,0.8941428832413298,-0.4635299942733639,4.5,0.014343227847949593,1.3070266376444066,2.761165418194154,2.8519389279460037,1.8028584937599872,-2.2098092452090228,4.5,0.395599504405327,0.391540757392626,0.05652259005166952,1.0,1.0
4.55,0.04165335311327756,3.9235948698657097,2.791845033951867,4.233232708182051,1.8014053439633544,-3.8308220982398296,4.55,0.9821862411575356,0.959962718409024,-0.20775319873331796,4.55,0.012931012807159236,1.2180545315129738,2.791845033951867,2.4034180613933542,0.11942461007539668,-2.4004491538751926,4.55,0.38260591943605343,0.3426083629812957,0.17031382563604328,1.0,1.0
4.6000000000000005,0.03895370988731367,3.7915983055915645,2.82252464970958,3.6698395888985686,-0.5230785704605979,-3.632369945004516,4.6000000000000005,0.9557439511565569,0.9542717014683735,0.053028482431636804,4.6000000000000005,0.010953052162533047,1.066126285292317,2.82252464970958,1.870934216413376,-1.0956252836152987,-1.5165751152017592,4.6000000000000005,0.37185159737183726,0.26185147155119115,0.2640216228161298,1.0,1.0
4.65,0.034175336447512,3.436146387363927,2.8532042654672924,2.958268813970904,-1.98929241477985,-2.189536495291223,4.65,0.9280892446586838,0.8785682168979272,0.29911124069135725,4.65,0.008587462639159441,0.8634232107557965,2.8532042654672924,1.3138209923267776,-1.2897494210127234,-0.2503438253200255,4.65,0.3641498749459491,0.15614012555872747,0.3289762797127707,1.0,1.0
4.7,0.028044829754202766,2.911698359570594,2.8838838812250054,2.157633530095472,-2.1053951731618463,-0.471904243484891,4.7,0.8995505184393584,0.7397242968730613,0.5118584763781622,4.7,0.006023296477546301,0.6253567101882896,2.8838838812250054,0.8218290745547988,-0.5984708902178226,0.5632367365020537,4.7,0.36034970762764523,0.03465832541790561,0.3586791215927629,1.0,1.0
4.75,0.02120466668626863,2.272543887517446,2.9145634969827183,1.3334711874610732,-1.2095368546601306,0.5613964775519373,4.75,0.8705310427344876,0.5495369346863785,0.675154392550247,4.75,0.0034454983419523744,0.36926051761642714,2.9145634969827183,0.5845135564199128,0.30204628126414057,0.5004239618694915,4.75,0.361255348501473,-0.09175373875575678,0.3494090414475004,1.0,1.0
4.800000000000001,0.014392255924429005,1.5916683671944534,2.945243112740431,0.5652145129268847,-0.16327097652788625,0.5411192418005536,4.800000000000001,0.84152299070415,0.32388908628520235,0.7766960819194298,4.800000000000001,0.0010239553158256749,0.11324126628779309,2.945243112740431,0.7299011752222261,0.6981787863311117,-0.2128429183881922,4.800000000000001,0.36752816425976337,-0.21141363419315878,0.3006347065815802,1.0,1.0
4.8500000000000005,0.008552210266235129,0.975671425039452,2.9759227284981438,0.30678639881113584,0.2590404430399953,-0.16436527420701805,4.8500000000000005,0.8131223017378504,0.08157442306108027,0.8090200807679077,4.8500000000000005,-0.0010961632423168346,-0.1250548243568791,2.9759227284981438,0.9810010658373443,0.3271734567553693,-0.9248354558345759,4.8500000000000005,0.3795994943687549,-0.31271033751575794,0.21519298533129547,1.0,0.7500000000000001
4.9,0.004031761102631243,0.47433266196346324,3.0066023442558567,0.8073455208322649,-0.1410007462148033,-0.7949374689714843,4.9,0.7860425231937118,-0.15713260111438557,0.7701767290276722,4.9,-0.002802704484428188,-0.329735379888492,3.0066023442558567,1.1636636108705065,-0.4884277636295579,-1.0561966289380091,4.9,0.39762703585862885,-0.38505137732245714,0.09921036471960992,1.0,0.2500000000000001
4.95,0.00025351415640664934,0.030748066555901933,3.0372819600135696,1.206026270960008,-0.9321183366132405,-0.7652808456998441,4.95,0.7611241701087323,-0.3720577372530542,0.6639902427550001,4.95,-0.0040200339925598755,-0.48757937036835686,3.0372819600135696,1.2344448670506691,-1.1275288023040004,-0.5025265463263114,4.95,0.4215100579693458,-0.4197721247499031,-0.03823731491976168,1.0,3.749399456654644e-33
5.0,-0.002896445531983023,-0.36205569149787786,3.067961575771282,1.431905126704398,-1.430961234993536,-0.051983034041052506,5.0,0.7393340399059009,-0.544740579896415,0.49987250692321306,5.0,-0.004710458805472281,-0.5888073506840351,3.067961575771282,1.1904857801189397,-1.1423659115618399,0.3350470366484188,5.0,0.45095147388654266,-0.41093591456027323,-0.18571188956272294,1.0,0.0
5.050000000000001,-0.0049103792549133165,-0.6323960820895559,3.098641191528995,1.4805904372247893,-1.21553128158414,0.8453589452368212,5.050000000000001,0.7217468995154529,-0.6599563394739996,0.29219208912673916,5.050000000000001,-0.0048735996776926105,-0.627659327690797,3.098641191528995,1.047880141722838,-0.5648894968501222,0.8825829410120563,5.050000000000001,0.48553800349283466,-0.3559590343282113,-0.33021253567351927,1.0,0.0
5.1000000000000005,-0.005914779349489048,-0.7846013954890719,3.129320807286708,1.3682024966874557,-0.4101222282911494,1.3052884086680958,5.1000000000000005,0.7095014947425065,-0.7070245103173601,0.05923438910251417,5.1000000000000005,-0.00454366092689417,-0.6027211656134387,3.129320807286708,0.8362297544485617,0.15807018634267161,0.8211540771467283,5.1000000000000005,0.5248120647683763,-0.25600509311883735,-0.45813654691986955,1.0,0.0
5.15,-0.006588303770412891,-0.8999021767664961,3.160000423044421,1.128659612046959,0.436991651830622,1.0406300092234204,5.15,0.7037262421261781,-0.6807959073122165,-0.1781784398965488,5.15,-0.0037919344869315275,-0.5179436495126536,3.160000423044421,0.6003522949706972,0.5235951406812895,0.29371926516918107,5.15,0.5683223513287204,-0.11610827893680135,-0.5563354766524776,1.0,0.0
5.2,-0.006943523364837123,-0.9763149332830182,3.1906800388021335,0.819655125518887,0.7674171948463548,0.28793293289155764,5.2,0.705439119506263,-0.5822310017729312,-0.3983106977025105,5.2,-0.002721290531861344,-0.38263521910395987,3.1906800388021335,0.4178070940348847,0.34145259889432655,-0.24077560203265017,5.2,0.6156523452502888,0.05499640991786453,-0.6131910021423398,1.0,0.0
5.25,-0.0067384384633937654,-0.975073103273276,3.2213596545598464,0.5607954727714083,0.40926593684593593,-0.3833966030346719,5.25,0.7154396862017289,-0.4185113152250145,-0.5802604791135244,5.25,-0.0014546250214909793,-0.21048878631293685,3.2213596545598464,0.40287413648617193,-0.15648151903968013,-0.371242648477398,5.25,0.6664321273146581,0.2453369593155885,-0.6196301773726985,1.0,0.0
5.300000000000001,-0.0061910955621127094,-0.9217117340006542,3.2520392703175593,0.5798916175490575,-0.3183890678524905,-0.4846676073100869,5.300000000000001,0.7342218291631729,-0.20265984655688357,-0.7056987183021206,5.300000000000001,-0.00012434954159354957,-0.01851278670382289,3.2520392703175593,0.5264191791226966,-0.5254088395287327,-0.03259913332105801,5.300000000000001,0.7203398406035281,0.4404413545368727,-0.570000788748964,1.0,0.0
5.3500000000000005,-0.005571904751623931,-0.8532278640804547,3.2827188860752723,0.8490585259517311,-0.8471860684323481,0.05635730605225181,5.3500000000000005,0.7619344041186265,0.04731633999027703,-0.7604638059431434,5.3500000000000005,0.0011439075674427048,0.17516699476783923,3.2827188860752723,0.6592826130261067,-0.4565077114967,0.4756619316096012,5.3500000000000005,0.7770978008894042,0.6243058782897664,-0.4627344405595843,1.0,0.0
5.4,-0.00494348825488329,-0.7784214345669426,3.313398501832985,1.1498564651790595,-0.7590951583269137,0.8636807460622934,5.4,0.7984006342236459,0.3097109023705178,-0.7358822797714044,5.4,0.002237539518125436,0.3523319226821037,3.313398501832985,0.7424488672612951,0.0027253967562648695,0.7424438650228723,5.4,0.8364664562899128,0.7805338558355362,-0.3007374808578318,1.0,0.0
5.45,-0.004287063969848559,-0.6939840207261263,3.3440781175906977,1.3882840041300708,-0.06075908031565881,1.386953788084743,5.45,0.8431849888279719,0.5607452470917369,-0.6297028610772338,5.45,0.003058384854084455,0.49508713490001727,3.3440781175906977,0.7585925570613752,0.5100358988868049,0.5615390008500254,5.45,0.8982379734532726,0.8935688016596683,-0.09146722721251822,1.0,0.0
5.5,-0.0035391346668142854,-0.5888235301912267,3.3747577333484107,1.5283909873420314,0.8443547303598211,1.2739874801218978,5.5,0.8956821230105022,0.7764233765346632,-0.4465570577777413,5.5,0.0035286526218874766,0.5870795799665289,3.3747577333484107,0.708707951380642,0.7050579573728695,0.07183479028537273,5.5,0.9622303038398264,0.949935633653413,0.15332791508128366,1.0,0.0
5.550000000000001,-0.0029108424982545616,-0.49761980459129823,3.4054373491061236,1.5574682327720366,1.443839451199944,0.5839819648351272,5.550000000000001,0.9552025863746921,0.93447864969782,-0.197892986929401,5.550000000000001,0.0035977409386426396,0.6150477547070967,3.4054373491061236,0.6055683601508358,0.479252976711861,-0.3701751249457382,5.550000000000001,1.028282056517277,0.9393991734209365,0.41820232033247007,1.0,0.0
5.6000000000000005,-0.002641183437817315,-0.4638340706157257,3.436116964863836,1.4778214583612355,1.4496637931915521,-0.28710825397819745,5.6000000000000005,1.0210398300602506,1.0162647287678248,0.09863232549182165,5.6000000000000005,0.0032492605357305154,0.5706221382428504,3.436116964863836,0.47255111659834526,0.03825463648679399,-0.4710001492415965,5.6000000000000005,1.0962482332072123,0.85595107574495,0.6849145528757566,1.0,0.0
5.65,-0.002496992494787709,-0.45036287246896267,3.466796580621549,1.303623658557457,0.9509454979014152,-0.8917047174775732,5.65,1.0925141508655138,1.0084420330600021,0.42027590437616635,5.65,0.0025028394115086776,0.4514174347934546,3.466796580621549,0.34789483483927347,-0.27498165155306875,-0.21311008286092903,5.65,1.1659967585587412,0.6985447186983427,0.9335864807012496,1.0,0.0
5.7,-0.00269218346177549,-0.49857353183658837,3.497476196379262,1.0587926558686689,0.30402379299211313,-1.0142048222208955,5.7,1.168996460678982,0.9043213512899089,0.7407804119178504,5.7,0.0014126378683903783,0.26161064476081936,3.497476196379262,0.29091344822385756,-0.24658875112876819,0.15435226650182196,5.7,1.2374056942299132,0.4715120728585463,1.1440494819985936,1.0,0.0
5.75,-0.00398385064470647,-0.7573673561584942,3.5281558121369745,0.7759959543218578,-0.13586531996220225,-0.7640093821121957,5.75,1.2499175220701098,0.7047474422970696,1.0322910706547943,5.75,5.9817589820653026e-05,0.011371884614810708,3.5281558121369745,0.32944460879247395,0.05860376687151873,0.32419029715723274,5.75,1.3103610191337167,0.18461634282536232,1.297290563608223,1.0,0.0
5.800000000000001,-0.0057572748122229405,-1.1233134031624428,3.5588354278946874,0.5009767905124403,-0.24037818551082743,-0.43954075187935393,5.800000000000001,1.3347681516451946,0.4184362204424933,1.2674845750809476,5.800000000000001,-0.001457024003738117,-0.2842828674173516,3.5588354278946874,0.40496112563126374,0.3685135886417363,0.16790249628558052,5.800000000000001,1.384754868520164,-0.14728197477666216,1.3769001655153446,1.0,0.0
5.8500000000000005,-0.007327934345208289,-1.467064363804011,3.5895150436524004,0.3203908116453434,-0.14241284611484528,-0.2869997446832162,5.8500000000000005,1.4230945839180862,0.06171745234052317,1.4217556579291626,5.8500000000000005,-0.0030260932163964135,-0.6058287793240388,3.5895150436524004,0.4632414168464958,0.4267886373873702,-0.18012237306614823,5.8500000000000005,1.4604841404873758,-0.5049415838815934,1.3704188854077781,1.0,0.0
5.9,-0.009553766695396352,-1.9621430501338077,3.6201946594101133,0.34671617592747667,-0.08098363575525286,-0.33712572934979834,5.9,1.5144917550769694,-0.3423218643086226,1.4752969251687567,5.9,-0.004529105263868325,-0.9301831099880129,3.6201946594101133,0.48230111656136376,0.1879797687659833,-0.4441598513722573,5.9,1.5374493949148573,-0.8658082393017233,1.2704828746115826,1.0,0.0
5.95,-0.012114283701286145,-2.5518117759719576,3.650874275167826,0.4690222948839579,-0.19334582522200228,-0.42731639913234937,5.95,1.6085961285115875,-0.7652532075514893,1.414909549403998,5.95,-0.005848188733155341,-1.2318909846719153,3.650874275167826,0.45765843512644583,-0.1614921209306174,-0.42821903054362037,5.95,1.6155539845585056,-1.2053767081990086,1.0756773067952055,1.0,0.0
6.0,-0.013675625244081295,-2.95393505272156,3.6815538909255388,0.5566331495546536,-0.41538408670617943,-0.37053545538100213,6.0,1.7050789122422336,-1.1751975339614322,1.2353966379847918,6.0,-0.006873635950575361,-1.4847053653242779,3.6815538909255388,0.3956850938830284,-0.3611495180258474,-0.16167163990916622,6.0,1.6947033704728494,-1.4987665085427229,0.791023682807722,1.0,0.0
6.050000000000001,-0.014302413749871257,-3.1671998006419604,3.7122335066832517,0.5705548904479346,-0.5563122289951039,-0.1266869641460942,6.050000000000001,1.803640045914974,-1.5390690375155764,0.9404168825521194,6.050000000000001,-0.007513048325325078,-1.6637279255326531,3.7122335066832517,0.312818113479293,-0.28120581300792724,0.13703453160168966,6.050000000000001,1.7748045840326512,-1.7224126813247331,0.4280489069195896,1.0,0.0
6.1000000000000005,-0.014128123304432635,-3.206815555763425,3.7429131224409646,0.5026063386727516,-0.4766077073344023,0.15955633796083904,6.1000000000000005,1.9040030691877519,-1.825018219643139,0.542711880694504,6.1000000000000005,-0.007698541223754588,-1.7474225855090406,3.7429131224409646,0.24017650297671425,-0.014668759270841651,0.23972813786365949,6.1000000000000005,1.8557658058807744,-1.8557605642557684,0.004410717564342282,1.0,0.0
6.15,-0.013003467393301379,-3.0247154197213204,3.773592738198677,0.35769195345036714,-0.22158636505384643,0.2807899862626214,6.15,2.005910846707697,-2.0049003037131903,0.06366393885353921,6.15,-0.007392252302722278,-1.7194997957262375,3.773592738198677,0.22398044771124656,0.20720324281970692,0.08505326050145298,6.15,1.9374960384739082,-1.8828484286753941,-0.45691650630797703,1.0,0.0
6.2,-0.010982471866855423,-2.6174305550839194,3.80427235395639,0.14938663206584174,-0.000811965296860692,0.1493844254008157,6.2,2.109122063467223,-2.056586725280311,-0.4678107737163007,6.2,-0.006589795595368425,-1.5705328046529663,3.80427235395639,0.2720790136939267,0.2012330864495675,-0.1831180892501908,6.2,2.019904853863609,-1.7936645189643485,-0.9288612447885641,1.0,0.0
6.25,-0.008248537099037011,-2.013803002694583,3.834951969714103,0.10979845270220318,-0.02421484111751403,-0.10709501242098765,6.25,2.2134083839648255,-1.9659423277144303,-1.0169795663171153,6.25,-0.005321342995209087,-1.2991560046897184,3.834951969714103,0.33852270966871983,-0.028169698110271132,-0.33734862245135755,6.25,2.102902202225386,-1.585175578515432,-1.3818162169415453,1.0,0.0
6.300000000000001,-0.005039529415904216,-1.2601192118586018,3.865631585471816,0.3878636720290965,-0.3186097422448567,-0.22119236023552097,6.300000000000001,2.3185521690341018,-1.7283090212333196,-1.545520005582672,6.300000000000001,-0.0036501950981670866,-0.9127203337113858,3.865631585471816,0.38900593740739725,-0.3009498012168776,-0.24648496198699374,6.300000000000001,2.1863982696707827,-1.2619419051034868,-1.78545232973697,1.0,0.0
6.3500000000000005,-0.0015383239214354723,-0.39388457114521974,3.8963112012295285,0.6699303869260911,-0.6697975740525991,0.013339157401991488,6.3500000000000005,2.4243446540403535,-1.3493670752368436,-2.0141140726981694,6.3500000000000005,-0.001668902790342347,-0.4273190130487286,3.8963112012295285,0.4086986936380204,-0.4077842945904686,0.027323822331042143,6.3500000000000005,2.270303376236677,-0.8362583775782333,-2.1106750924957343,1.0,0.0
6.4,0.0019127126535945338,0.5014061458638855,3.9269908169872414,0.9343826845826244,-0.7487718427952119,0.558938036534368,6.4,2.530584505278384,-0.8452860322750735,-2.3852357246183673,6.4,0.0005067995228879921,0.13285445412794983,3.9269908169872414,0.393534339971125,-0.2718124429091992,0.28458262880267715,6.4,2.3545279067914144,-0.32779029333211024,-2.331599276774808,1.0,0.0
6.45,0.00486678518297181,1.3059342772060716,3.9576704327449543,1.1643041224695327,-0.3465776747193877,1.1115250806822359,6.45,2.6370766847755913,-0.24212576578867398,-2.625937652521147,6.45,0.0027460607253433178,0.7368672940533153,3.9576704327449543,0.3467504504242973,-0.0010913304643937075,0.3467487330434973,6.45,2.4389822690448697,0.23729457237997795,-2.42741133610154,1.0,0.0
6.5,0.007429358664819579,2.040287623326077,3.988350048502667,1.348097316717982,0.4437374427698328,1.272974256309338,6.5,2.7436315659227066,0.4254988735572391,-2.7104362892584293,6.5,0.004912509877471176,1.3490980251005218,3.988350048502667,0.2782521866886366,0.2027584823551013,0.19056042933952463,6.5,2.5235768739887594,0.8276626215492406,-2.3839913640408006,1.0,0.0
6.550000000000001,0.009368969935502408,2.632787123909194,4.01902966426038,1.4805678247800724,1.2349740686085042,0.8166517823641559,6.550000000000001,2.8500642529161637,1.116422798635113,-2.622301733294304,6.550000000000001,0.006873056497824633,1.9314070569063853,4.01902966426038,0.20699532396416098,0.2024760107454656,-0.0430177779020496,6.550000000000001,2.6082221349931767,1.4085522326313622,-2.1951772851907814,1.0,0.0
6.6000000000000005,0.010405621949994382,2.991574688135586,4.049709280018092,1.5634054600543188,1.5580227839002443,-0.1296211301269552,6.6000000000000005,2.9561940658382233,1.7854874262037874,-2.3560810694382526,6.6000000000000005,0.008506335329657054,2.445537381935085,4.049709280018092,0.16746875093722322,0.025551843902569506,-0.16550796299167125,6.6000000000000005,2.6928284824987387,1.9438159870343632,-1.8635730854211445,1.0,0.0
6.65,0.011371150500964029,3.344023675142064,4.080388895775806,1.6047974788423485,1.1539463391566243,-1.1152501039882414,6.65,3.0618441604614457,2.3864886161101504,-1.9182183786338083,6.65,0.00971031190020022,2.855604882243918,4.080388895775806,0.1881342947209753,-0.16653880674435664,-0.0875176479250021,6.65,2.777306391811507,2.3981468710247644,-1.400829175521121,1.0,0.0
6.7,0.012316434908121657,3.7043279122713946,4.111068511533518,1.6178537531390929,0.15951412105345153,-1.609970810831921,6.7,3.1668412577553604,2.8753218637042366,-1.3271803690252313,6.7,0.010408513663285041,3.130495794910599,4.111068511533518,0.24086549519770228,-0.20978928677337133,0.1183412097789883,6.7,2.8615664219615886,2.7393514244780097,-0.8273549181024716,1.0,0.0
6.75,0.012778196537235517,3.929894413162604,4.1417481272912315,1.6175551136606117,-0.9406091269548398,-1.3159555524480484,6.75,3.27101546281954,3.2131105752963007,-0.6127500215614891,6.75,0.010554531216346533,3.2460130926773254,4.1417481272912315,0.28901059894303105,-0.06400186333075816,0.2818348590781497,6.75,2.945519263950265,2.940524706788252,-0.17145898363741421,1.0,0.0
6.800000000000001,0.012515833933410119,3.9353786953500114,4.172427743048944,1.6164232785690964,-1.5768190971442482,-0.35562023336877857,6.800000000000001,3.3742001567762814,3.3690977310382135,0.1854917159935808,6.800000000000001,0.010134559670210265,3.186629866223555,4.172427743048944,0.3157175054609137,0.16226921447648487,0.2708251193808407,6.800000000000001,3.0290757970035473,2.981983113854565,0.532049708842048,1.0,0.0
6.8500000000000005,0.01187626936944205,3.817260108990366,4.2031073588066565,1.6202305794712724,-1.4171896106918112,0.7853156932094303,6.8500000000000005,3.4762319482076047,3.3230911714879445,1.0204183572036132,6.8500000000000005,0.00916788416341995,2.9467333059077983,4.2031073588066565,0.3152243831010794,0.3018581786667589,0.09081878480492424,6.8500000000000005,3.112147151686814,2.8528217036806067,1.2437315710237602,1.0,0.0
6.9,0.01125362317318908,3.6969164950011724,4.23378697456437,1.625953495798533,-0.5540511443174533,1.5286438761137242,6.9,3.5769506731657534,3.067277795695584,1.840212770929975,6.9,0.007705346626302697,2.5312757148600733,4.23378697456437,0.28813987572440525,0.2592339262415753,-0.12578696064319694,6.9,3.194644778927096,2.551982345967577,1.9217547630735756,1.0,0.0
6.95,0.01065809259111891,3.577946995808522,4.264466590322082,1.6232915550658913,0.5574440738377431,1.524575868001137,6.95,3.67619943474658,2.607260699559813,2.5916469529166095,6.95,0.005825933783050798,1.9557798075628878,4.264466590322082,0.24011156733257377,0.079249315818254,-0.2266563714287418,6.95,3.2764805241455526,2.088746669802524,2.524373580612422,1.0,0.0
7.0,0.009534839301379985,3.270449880373335,4.295146206079795,1.598789649552988,1.3665629761034075,0.8298397290207092,7.0,3.773824674790226,1.9622232729545492,3.223574491636744,7.0,0.0036317328385115874,1.2456843636094745,4.295146206079795,0.18238079259102793,-0.0947550248790333,-0.1558340103004005,7.0,3.357566705829831,1.482601856559447,3.0124982853146096,1.0,0.0
7.050000000000001,0.007367983850518057,2.5817608821791356,4.325825821837508,1.5403734557764641,1.5323314060783744,-0.157196835867006,7.050000000000001,3.869676271542417,1.1641822194829206,3.6904029869891235,7.050000000000001,0.0012418189951965003,0.43513663569171623,4.325825821837508,0.1358149099349519,-0.1354582790418176,0.009835873101467954,7.050000000000001,3.4378161979797377,0.7624657648338584,3.352197215043915,1.0,0.0
7.1000000000000005,0.0042196834708399245,1.5102711307317884,4.356505437595221,1.440836698366722,1.0824862239351456,-0.9509121759400004,7.1000000000000005,3.963607658135297,0.25635343946239897,3.95530891103395,7.1000000000000005,-0.0012147024631160674,-0.4347553732763349,4.356505437595221,0.13041844798176586,-0.02726832929932461,0.1275359156912129,7.1000000000000005,3.517142515944532,-0.034701703279727616,3.51697132050492,1.0,0.0
7.15,0.0006427345076501408,0.23493609330151194,4.387185053352934,1.3001250592465938,0.34212888337938663,-1.2543017965539767,7.15,4.055475957578904,-0.7092835594012302,3.992969080128676,7.15,-0.0036060798264576635,-1.3181154838857858,4.387185053352934,0.16410639398185495,0.1287658730570454,0.10173622010663,7.15,3.5954599052395233,-0.8658342506471853,3.4896508393521595,1.0,0.0
7.2,-0.0029201571639779008,-1.0899428211404236,4.417864669110647,1.1271094287621866,-0.3019752396720859,-1.0859035956426375,7.2,4.145142130632403,-1.675079931535869,3.79161054251482,7.2,-0.005805273767330932,-2.166806823108736,4.417864669110647,0.2045204056318887,0.1994545311472174,-0.0452381069970437,7.2,3.6726834329864375,-1.6841384501849181,3.263783277048552,1.0,0.0
7.25,-0.006191284280562521,-2.3593630049787393,4.448544284868359,0.9420582881411637,-0.6356956334749341,-0.6952444748693527,7.25,4.232471133479315,-2.58127921228389,3.3542226407867948,7.25,-0.00769688240439873,-2.9331135150137597,4.448544284868359,0.23250056872475655,0.12373788387044875,-0.19683864090314834,7.25,3.748729081668372,-2.4417821995769744,2.8444102055742992,1.0,0.0
7.300000000000001,-0.008606865181478714,-3.348216872303306,4.479223900626073,0.7807992286214055,-0.6992015781381977,-0.3475119976991237,7.300000000000001,4.317332082587765,-3.369819051045433,2.6988286115559217,7.300000000000001,-0.009183265253993428,-3.5724462993127624,4.479223900626073,0.24079090708740272,-0.04410892862511849,-0.23671641969140716,7.300000000000001,3.823513844927949,-3.09273466907615,2.2481660056699875,1.0,0.0
7.3500000000000005,-0.009951881571649347,-3.951547588202538,4.509903516383785,0.6941913337674038,-0.6800373861233845,-0.13946598636313395,7.3500000000000005,4.399598424514917,-3.9881242936323233,1.857775797972893,7.3500000000000005,-0.01018955796947671,-4.045920656234509,4.509903516383785,0.22815676919209008,-0.18190502249066898,-0.1377173704397593,7.3500000000000005,3.8969558251679777,-3.595586213190009,1.5026724482829124,1.0,0.0
7.4,-0.010966484313414439,-4.443882639419053,4.540583132141498,0.7163640228533319,-0.7159075780112938,0.02556859371597005,7.4,4.479148108729671,-4.392638217875506,0.8760692134735047,7.4,-0.010667342431756113,-4.322663169565939,4.540583132141498,0.19745227205297125,-0.1961907513102473,0.022284273360405324,7.4,3.9689743327386897,-3.9161734237919332,0.6452464403034658,1.0,0.0
7.45,-0.01171730986446783,-4.8450329311070615,4.571262747899211,0.8212330541151108,-0.764940859471261,0.29881300286734686,7.45,4.555863761791742,-4.551851472098045,-0.1911616906340257,7.45,-0.010596809511535065,-4.381713178359114,4.571262747899211,0.15530889038234333,-0.09134820339504822,0.12560396955626696,7.45,4.0394899865155125,-4.029842192928734,-0.2790183708117231,1.0,0.0
7.5,-0.011580025458484595,-4.885323240298188,4.601942363656923,0.953205536238569,-0.6449605107313253,0.7018737307472377,7.5,4.629632861448464,-4.448617661112197,-1.2819131550320157,7.5,-0.009987476830768012,-4.213466787980255,4.601942363656923,0.11370514669281481,0.040022956980832435,0.10642848913211618,7.5,4.1084248156870915,-3.9232000737196913,-1.2196948994397405,1.0,0.0
7.550000000000001,-0.010571108322774874,-4.549475996375761,4.632621979414636,1.072154911362406,-0.21215065475793896,1.0509558761643165,7.550000000000001,4.700347909400672,-4.081588768709747,-2.331073485017089,7.550000000000001,-0.008877632017080856,-3.8206565038550697,4.632621979414636,0.09350073456623127,0.09346119283570521,-0.0027189700535242144,7.550000000000001,4.175702362585625,-3.5952374271947822,-2.1238545296232063,1.0,0.0
7.6000000000000005,-0.009221786278630982,-4.048142853448315,4.663301595172349,1.1590697235732323,0.461755054652474,1.0631203570654735,7.6000000000000005,4.767906601652436,-3.4656598402705385,-3.27446716789417,7.6000000000000005,-0.007331913307429039,-3.2185339760419707,4.663301595172349,0.10786790509299278,0.03330785488110783,-0.10259664591189109,7.6000000000000005,4.241247786401107,-3.05773322540477,-2.939124071540368,1.0,0.0
7.65,-0.007339315538551834,-3.2857904660774833,4.693981210930062,1.2109769490873208,1.0635838945982607,0.5790116323287741,7.65,4.832211995501112,-2.6313768476744652,-4.052916068090682,7.65,-0.0054373574837590305,-2.4342893130761527,4.693981210930062,0.1370926140083636,-0.08438828067901091,-0.1080416720515128,7.65,4.304987967628138,-2.334903796314683,-3.616786648860882,1.0,0.0
7.7,-0.004939537868004497,-2.255062041493697,4.724660826687775,1.2376584429503785,1.2096923299670883,-0.2616159173772734,7.7,4.8931726723484905,-1.6233300818277068,-4.616052236148473,7.7,-0.0032982676417711433,-1.5057680213007054,4.724660826687775,0.16137914446315474,-0.1608534195686495,-0.013015593752563708,7.7,4.366851613099224,-1.4622986692544062,-4.11473882679376,1.0,0.0
7.75,-0.0026453096692859173,-1.231350318089012,4.755340442445488,1.2587719296694546,0.7126848127527017,-1.0375871667457193,7.75,4.950702895623844,-0.4976231137839193,-4.925629949292406,7.75,-0.0010302209455429596,-0.4795517529479736,4.755340442445488,0.1724937122836558,-0.13357342852103746,0.10914311691779709,7.75,4.426769361461939,-0.48499417154990465,-4.400121320275245,1.0,0.0
7.800000000000001,-0.00026539553374269867,-0.12594398132866516,4.7860200582032,1.2981215349516848,-0.2413998423982256,-1.2754785908024604,7.800000000000001,5.004722763208343,0.6814303064854011,-4.958114830656806,7.800000000000001,0.0012464226047484545,0.5914923399285887,4.7860200582032,0.16821852009394325,-0.02278606345765389,0.166668130771003,7.800000000000001,4.484673888959686,0.5448203879904112,-4.4514571361686475,1.0,0.0
7.8500000000000005,0.002585409242775488,1.2506571413440204,4.816699673960914,1.373772381322,-1.147037840634386,-0.7560123992607024,7.8500000000000005,5.05515835383968,1.8451763866440098,-4.706373347341502,7.8500000000000005,0.00341313127690698,1.6510566045729231,4.816699673960914,0.1499327820949373,0.08841920787270298,0.12108626192054857,7.8500000000000005,4.5405000153768995,1.570730058931486,-4.2601581510088,1.0,0.0
7.9,0.0051838404041002015,2.5558354889971593,4.847379289718626,1.4887359598584824,-1.4569076214943835,0.3061942857195981,7.9,5.101941867057699,2.924814110226751,-4.180343674323284,7.9,0.005359558473773771,2.6424713503509465,4.847379289718626,0.12207982291211665,0.12128609265873705,0.013898449187949418,7.9,4.59418481000998,2.5352898390833625,-3.8312973651711104,1.0,0.0
7.95,0.00695854540661876,3.4963898551914867,4.878058905476339,1.6298269098255265,-0.9200326874038912,1.3453161747707483,7.95,5.145011756327822,3.855643148074419,-3.406634980073193,7.95,0.0069892931112837476,3.511839343033993,4.878058905476339,0.09297744488910029,0.06147689380157081,-0.06975239627866606,7.95,4.645667697525026,3.38334161621059,-3.1835872634254883,1.0,0.0
8.0,0.008647461594649831,4.427500336460714,4.908738521234052,1.774499846055099,0.23732543879698775,1.7585580285419606,8.0,5.184312855050352,4.5810937941253425,-2.427072192677137,8.0,0.008224672672367376,4.2110324082520965,4.908738521234052,0.07673154082033985,-0.03376179138855744,-0.06890479518073478,8.0,4.6948905635627645,4.0652551936346155,-2.3485522379665045,1.0,0.0
8.05,0.009723267703121393,5.07224104541877,4.9394181369917645,1.8987398615035507,1.4157899501384115,1.2652082353310847,8.05,5.21979649523121,5.056278576052501,-1.2962725072223524,8.05,0.00901053655435332,4.700437625261023,4.9394181369917645,0.08422813031171444,-0.08386128340155963,0.00785258441854972,8.05,4.741797859950151,4.539897818443259,-1.3689319715464199,1.0,0.0
8.1,0.009998595258870438,5.313663462969363,4.970097752749477,1.9819784789623986,1.9801494909223154,0.08512746131653873,8.1,5.2514206186544445,5.250835303926552,-0.07840360366450838,8.1,0.009316692520987364,4.951272390046045,4.970097752749477,0.1048869915469691,-0.04836488155219783,0.09307050675813386,8.1,4.7863367093771085,4.777150420747573,-0.29639998833025966,1.0,0.0
8.15,0.009708815559364512,5.255802982158898,5.00077736850719,2.0093046964912196,1.6261994699587563,-1.1801612801848447,8.15,5.2791498804591575,5.150876822605173,1.1566725633042305,8.15,0.009138944696873683,4.947307166143952,5.00077736850719,0.12388557832451055,0.04408472333663021,0.1157763951983789,8.15,4.828457009395783,4.7598139457232165,0.8112757198893937,1.0,0.0
8.200000000000001,0.008788825261936539,4.845877007023427,5.031456984264903,1.9722044512451866,0.5512344363554558,-1.8936026493663372,8.200000000000001,5.302955745084471,4.759920564052471,2.3376261160063225,8.200000000000001,0.008498684184534751,4.685902501458559,5.031456984264903,0.1339538507475022,0.12150498872653685,0.05639301237430261,8.200000000000001,4.86811153559875,4.484784269408139,1.8934677129275088,1.0,0.0
8.25,0.007326055779207965,4.113694789646822,5.062136600022616,1.8685552317247243,-0.6743309234969506,-1.742634918627992,8.25,5.32281657460571,4.098737247658983,3.3959872292972677,8.25,0.007441103963429738,4.178296142715227,5.062136600022616,0.13262035941565556,0.12615428756338512,-0.04090544536993079,8.25,4.905256043831964,3.9634171440986696,2.8901317266544715,1.0,0.0
8.3,0.005325786941042919,3.045215737658108,5.092816215780329,1.7021575515865874,-1.448333584038406,-0.8942427856962064,8.3,5.338717709543957,3.2041282713705024,4.27030078598716,8.3,0.006032174262486879,3.449118825024586,5.092816215780329,0.12027122130494175,0.05790793610514524,-0.10541270137049279,8.3,4.939849371297696,3.2210528145298807,3.745254407529531,1.0,0.0
8.35,0.0029378600736431866,1.710371824021302,5.123495831538041,1.4819102770548798,-1.4753155688736213,0.13964970991725625,8.35,5.3506515422894845,2.126710736383056,4.909844536312518,8.35,0.004354579269459181,2.535161478509145,5.123495831538041,0.09955324525677339,-0.0289931569402221,-0.09523783645061938,8.35,4.971853536402773,2.295720424015583,4.410101509285072,1.0,0.0
8.4,0.0003793601234540281,0.2248482626116963,5.154175447295755,1.2207077645893125,-0.8975702684783934,0.827342166018547,8.4,5.35861758333778,0.9278529866100007,5.277676689576174,8.4,0.002502867271234425,1.4834594431297288,5.154175447295755,0.07564335287517114,-0.07054836063297022,-0.02729186043856373,8.4,5.001233837207726,1.2360919661474996,4.846072280275762,1.0,0.0
8.450000000000001,-0.0016116208024220206,-0.9723732242147293,5.184855063053467,0.9341711816409627,-0.15516525796133457,0.9211946261948476,8.450000000000001,5.362622520594841,-0.3240422507656622,5.352823266100768,8.450000000000001,0.0005781109097684218,0.34880386778355094,5.184855063053467,0.05787371794177386,-0.04228483744339118,0.03951404498137316,8.450000000000001,5.027958948333371,0.09880124032149369,5.0269881142724575,1.0,0.0
8.5,-0.003283621639643006,-2.0165541394457613,5.21553467881118,0.6394514715878264,0.3150522906701248,0.5564532672734918,8.5,5.362680272066517,-1.557669147895432,5.13147215973215,8.5,-0.0013174970447127775,-0.8091078725842344,5.21553467881118,0.057710842590397264,0.024807903007639905,0.052106710708479206,8.5,5.05200101618268,-1.0547178242416846,4.940676530470065,1.0,0.0
8.55,-0.004679644267461163,-2.9249010927807815,5.246214294568893,0.35514431760633125,0.33928320207646356,0.10494948840660574,8.55,5.358812032304483,-2.7031015807905194,4.627105816976644,8.55,-0.0030860740234380083,-1.928877659851124,5.246214294568893,0.07190774074445264,0.07182037025357156,0.003543669794338594,8.55,5.0733357523377345,-2.1616894500187254,4.589753193541677,1.0,0.0
8.6,-0.0053231129994585165,-3.385797961983586,5.2768939103266055,0.11874499274984208,0.06745448783376667,-0.09772545919178008,8.6,5.351046313039265,-3.6959571301501604,3.8695733015906684,8.6,-0.004639265870306089,-2.9508328924034095,5.2768939103266055,0.08758619428921059,0.05909941957465838,-0.06464209182882182,8.6,5.091942524993974,-3.1615483330169827,3.99155243180389,1.0,0.0
8.65,-0.005536223120674119,-3.58312457096343,5.307573526084319,0.18437969971036375,-0.18074621742120178,0.03642359885035472,8.65,5.33941897848799,-4.481182357917126,2.903170629317203,8.65,-0.005902762261444908,-3.8203540635052184,5.307573526084319,0.09754038706517346,-0.004350614502509675,-0.09744331307111027,8.65,5.107804448296901,-3.999377205449942,3.1772076184236084,1.0,0.0
8.700000000000001,-0.005578262237603155,-3.6733024182483915,5.338253141842031,0.36415717949816145,-0.1598133716032712,0.32721573561925615,8.700000000000001,5.323973275881035,-5.016226781326357,1.783861070991702,8.700000000000001,-0.006819914005630966,-4.490933832450009,5.338253141842031,0.09912378178903877,-0.07066079606017205,-0.06951673191616353,8.700000000000001,5.120908469449828,-4.629027322071676,2.1899336985390487,1.0,0.0
8.75,-0.005549079643531875,-3.717449839319205,5.368932757599744,0.507101669548484,0.1381397017309682,0.48792368877165515,8.75,5.304759861806833,-5.273415207725995,0.5758204914390029,8.75,-0.007354271673052057,-4.926787468470421,5.368932757599744,0.09212486782979948,-0.09208046407137734,-0.002859966618303703,8.75,5.131245453465083,-5.015738363803167,1.08261192011691,1.0,0.0
8.8,-0.006078508599063763,-4.142333412021181,5.399612373357457,0.6055481314993029,0.5001379962949026,0.3413949680713191,8.8,5.281836825027025,-5.241382204500241,-0.6524667290825992,8.8,-0.007490930580536273,-5.104859444579217,5.399612373357457,0.07805099417439221,-0.05739343904520572,0.052895659993758115,8.8,5.138810265435254,-5.138104227846158,-0.08518149994088518,1.0,0.0
8.85,-0.005714329249307003,-3.9609108907653017,5.43029198911517,0.6617508297448185,0.6590276357656137,-0.05997279354124909,8.85,5.255269706463795,-4.925494660599135,-1.8323105730430858,8.85,-0.007236639660591042,-5.01610663187728,5.43029198911517,0.06008919215950814,0.001978411704164717,0.06005661413625579,8.85,5.143601850205401,-4.989270448131995,-1.2505280440010869,1.0,0.0
8.9,-0.00585026109422268,-4.124252713333068,5.460971604872882,0.6818768863439824,0.48295271917070914,-0.4813655151501636,8.9,5.225131517106192,-4.347254356621235,-2.8988582114160297,8.9,-0.00661870498750411,-4.665981836335785,5.460971604872882,0.04404035357145845,0.03888181453658703,0.020682292934815574,8.9,5.145623309331603,-4.577295115572225,-2.3507038661846305,1.0,0.0
8.950000000000001,-0.005794247573170078,-4.153996760257214,5.491651220630596,0.6743296681421572,0.058446361276722474,-0.6717920245062624,8.950000000000001,5.191502754620706,-3.5427377174969434,-3.7948267834327996,8.950000000000001,-0.0056827868124263055,-4.074088604249286,5.491651220630596,0.039206881856707614,0.027551804123173766,-0.027894043709797502,8.950000000000001,5.144881975215435,-3.924655270699983,-3.3266937858876533,1.0,0.0
9.0,-0.005343833038718739,-3.895654285225961,5.522330836388308,0.6482837741632493,-0.37742040615353306,-0.5270917271806198,9.0,5.154471419480931,-2.560190120035935,-4.4737011705651675,9.0,-0.004489727393959097,-3.2730112701961818,5.522330836388308,0.04784543196103611,-0.01818476760193343,-0.04425493855833276,9.0,5.141389482307885,-3.0669317076491858,-4.126477397175731,1.0,0.0
9.05,-0.0038218148703895493,-2.8327965414198255,5.553010452146021,0.612172694305501,-0.5952151398804304,-0.1430885911258339,9.05,5.114133031448594,-1.456943338648409,-4.9022110084452315,9.05,-0.003111680817690644,-2.3064326654467178,5.553010452146021,0.060233854262119545,-0.058310699686827214,-0.015098990075594652,9.05,5.135161835279422,-2.050753802766241,-4.707897186106566,1.0,0.0
9.1,-0.002147799959787047,-1.6185197634966846,5.583690067903734,0.5723484555707398,-0.5086012451473497,0.26250243432923925,9.1,5.070590647239998,-0.2958637015748751,-5.061951617900763,9.1,-0.0016278022508237873,-1.226664569955532,5.583690067903734,0.06946950597622058,-0.059226462258676754,0.03630755333125167,9.1,5.12621947405509,-0.9311293692127339,-5.040944771962012,1.0,0.0
9.15,-0.0006090644230807424,-0.4665804248766038,5.6143696836614465,0.5323627434607479,-0.20368793678546004,0.49185497357771674,9.15,5.023954880192705,0.8584370319420167,-4.95007156517991,9.15,-0.00011969852635613457,-0.09169635783659102,5.6143696836614465,0.07290399103767081,-0.019270393151957384,0.07031105074588047,9.15,5.114587335614267,0.23168000182640017,-5.109337333782099,1.0,0.0
9.200000000000001,0.0015421585537026266,1.2008603598655911,5.64504929941916,0.4932852360927492,0.1396726815243078,0.4730981570275756,9.200000000000001,4.974343922701327,1.943387454502945,-4.579011100990714,9.200000000000001,0.001333080939035147,1.0380541302554007,5.64504929941916,0.06999135411754655,0.031929740342781315,0.06228387698955777,9.200000000000001,5.100294912453418,1.375552245982524,-4.911299645976679,1.0,0.0
9.25,0.0037076217898067785,2.934408851860668,5.675728915176872,0.4550223568327791,0.36572834895993955,0.27071778660570794,9.25,4.921883572110557,2.9020057165056588,-3.975336554152397,9.25,0.0026572605076590787,2.103097132725864,5.675728915176872,0.06149771382765397,0.057997500870462924,0.020451374007842946,9.25,5.083376307606477,2.4399670275473766,-4.459515174233235,1.0,0.0
9.3,0.005371417264783863,4.320537076849755,5.706408530934585,0.4180125559180837,0.4177797122863759,0.013950229642627387,9.3,4.866707260629094,3.686001349037289,-3.1777718004216777,9.3,0.003789536479728501,3.0481401942249784,5.706408530934585,0.04929130604582724,0.04382147897809673,-0.02256791598432676,9.3,5.063870286110394,3.3693354647881866,-3.7802593562178157,1.0,0.0
9.35,0.006270829096627048,5.12577805514386,5.737088146692298,0.3844408232673426,0.3333139539537502,-0.19156344822065985,9.35,4.808956089647771,4.258254423760028,-2.2345755602996595,9.35,0.004679569775887534,3.8250820896491358,5.737088146692298,0.03659813522216264,0.005392133033805518,-0.036198734827137875,9.35,5.041820322792236,4.116006589546897,-2.911776420353618,1.0,0.0
9.4,0.006746544163127031,5.603571637186702,5.767767762450011,0.3582291790006454,0.18481329210461514,-0.30687487963163523,9.4,4.748778868595416,4.594542590095001,-1.200449553551281,9.4,0.005292133536086967,4.395561440937258,5.767767762450011,0.02885822940668841,-0.024744551288365904,-0.0148493968236587,9.4,5.017274646238136,4.642781727309425,-1.9020049180655982,1.0,0.0
9.450000000000001,0.006488211418280783,5.475457576710637,5.798447378207723,0.34332779579794326,0.02381565267621615,-0.34250078840066933,9.450000000000001,4.686332158129419,4.684439214207605,-0.1331853772453055,9.450000000000001,0.005608334132688753,4.732921546457934,5.798447378207723,0.03081221522053511,-0.023529438304350732,0.0198936708497534,9.450000000000001,4.990286278782008,4.924799824392161,-0.8057939152580637,1.0,0.0
9.5,0.005744888030086212,4.9255233747951666,5.829126993965437,0.3408601106395762,-0.13117192728675242,-0.3146101405185521,9.5,4.621780317014643,4.5313615933681435,0.9097337021854761,9.5,0.005625959606577663,4.823557117689524,5.829126993965437,0.03838306465869847,0.005800981678135531,0.0379421699980874,9.5,4.960913072322191,4.950696327429244,0.3182206541313507,1.0,0.0
9.55,0.004563029517238357,3.9743251306636447,5.859806609723149,0.3474981108306314,-0.26767183938177813,-0.22160036875608616,9.55,4.555295551470086,4.151803144848288,1.8743660815515781,9.55,0.005358677416105779,4.667321620754801,5.859806609723149,0.04539313471260714,0.03826674399589421,0.024417063357201535,9.55,4.929217739735572,4.7229829541302015,1.4108931712640105,1.0,0.0
9.600000000000001,0.002906585454461005,2.571560788638013,5.890486225480862,0.3569050212123134,-0.35176585161654705,-0.060348817743575124,9.600000000000001,4.4870579650303455,3.5738338718974956,2.713190121908234,9.600000000000001,0.004834254561427272,4.277039043658921,5.890486225480862,0.04899323322503043,0.047942671107016686,-0.010091441372106007,9.600000000000001,4.8952678816093815,4.257642718087295,2.4158075498339335,1.0,0.0
9.65,0.0013313568256316938,1.1964000133506636,5.921165841238575,0.36273006020725795,-0.33477608022381333,0.13963549938300038,9.65,4.417255606046494,2.8349960391145124,3.387468752232882,9.65,0.004092276067281173,3.6774507384275243,5.921165841238575,0.048342714648717276,0.02786472554302289,-0.03950411535548305,9.65,4.85913600794918,3.582980926289387,3.2822934703640896,1.0,0.0
9.700000000000001,0.00019795934305234233,0.1806721475016105,5.9518454569962875,0.36081719722040007,-0.19348300804718233,0.30455438825766257,9.700000000000001,4.346084508804015,1.979754259574916,3.8689822472274558,9.700000000000001,0.0031813940067946887,2.90357241236333,5.9518454569962875,0.043693063285924275,-0.006080286028995234,-0.04326793155575373,9.700000000000001,4.820899554445057,2.7378156982892805,3.968052131241389,1.0,0.0
9.75,-0.0009871120880786191,-0.9149140930114938,5.982525072754001,0.3501646271299837,0.03139266103563813,0.3487545941291412,9.75,4.273748722826295,1.0566793487724895,4.141057461535294,9.75,0.002156281002823204,1.998569262601088,5.982525072754001,0.03607914758713034,-0.028977406425991413,-0.02149452970959925,9.75,4.780640892784706,1.769128286718561,4.441251225825623,1.0,0.0
9.8,-0.0015482360947528713,-1.4571874264926448,6.013204688511713,0.33313796799006845,0.23782464301425008,0.23328168571856728,9.8,4.200460323222799,0.11555250435613691,4.198870627407566,9.8,0.0010744704607701277,1.0112830019131582,6.013204688511713,0.02732023501035635,-0.026447633786903894,0.006849664816246152,9.8,4.738447334388896,0.7293219813398734,4.68198383041972,1.0,0.0
9.850000000000001,-0.0018664205672850934,-1.7836851764707677,6.043884304269426,0.31513903592995746,0.31508669126141553,0.005743601378615265,9.850000000000001,4.1264393928954854,-0.7954292527501142,4.04904857554328,9.850000000000001,-6.744174076626745e-06,-0.006445215799092759,6.043884304269426,0.02044730840864147,-0.004567284916368948,0.019930688137914578,9.850000000000001,4.694411126809329,-0.3267429012599386,4.683026254889831,1.0,0.0
9.9,-0.00191061112418344,-1.853864063184068,6.074563920027139,0.30325048557479567,0.21437493018337458,-0.2144860049285795,9.9,4.051913965005859,-1.6321828610703317,3.70863666161,9.9,-0.001033197036421893,-1.0025100512431266,6.074563920027139,0.019308466307469862,0.01661203755018376,0.009841599442061415,9.9,4.648629441867853,-1.3447623943780305,4.4498730083528555,1.0,0.0
9.950000000000001,-0.0011245949219551511,-1.1078102021706058,6.105243535784852,0.3031690771515905,-0.012772487052830002,-0.30289990576992976,9.950000000000001,3.9771199113123923,-2.3568681005324117,3.203537973186869,9.950000000000001,-0.0019563925210281156,-1.9271931181027064,6.105243535784852,0.02334502972495454,0.019610767778094194,-0.012665235884604501,9.950000000000001,4.60120435442621,-2.2738778906662254,4.0000701055769055,1.0,0.0
10.0,-0.0008905313652651487,-0.8905313652651488,6.135923151542564,0.3156312647314481,-0.23890239540722438,-0.2062734610769492,10.0,3.902300758820414,-2.9395143482853627,2.5665553975152884,10.0,-0.002735525441149167,-2.735525441149167,6.135923151542564,0.028201749209754195,0.002654259594348183,-0.028076566109403085,10.0,4.552242810454199,-3.069281211512067,3.361908304816026,1.0,0.0
10.05,-0.0010612641684490233,-1.0772628584464137,6.166602767300278,0.3358679503002952,-0.33509612087915475,0.022756753078250806,10.05,3.8277074136852565,-3.35908350639389,1.8351844707967655,10.05,-0.0033391042722845845,-3.3894416865773094,6.166602767300278,0.03131588517759274,-0.02032351716069295,-0.023825182363944073,10.05,4.50185658280773,-3.6943985095214864,2.5725730980896757,1.0,0.0
10.100000000000001,-0.0012179445271590472,-1.254849464276494,6.19728238305799,0.35664615202502153,-0.24737568095649085,0.2569080579226102,10.100000000000001,3.753597767566861,-3.603948469544558,1.049310073119647,10.100000000000001,-0.0037462020767050352,-3.859715745831276,6.19728238305799,0.03182397744300228,-0.031650292620066536,-0.0033203188637357375,10.100000000000001,4.450162212834688,-4.122545594459201,1.6758763504945,1.0,0.0
10.15,-0.001968192123572526,-2.0580959414651185,6.227961998815704,0.3714507479509257,-0.025680854726014515,0.3705619406439947,10.15,3.680236157811767,-3.671806086230867,0.24895429777989392,10.15,-0.003946986387708792,-4.1272783120464505,6.227961998815704,0.02972584656027492,-0.023670716155657447,0.017981188792827514,10.15,4.397280935593283,-4.337982423706952,0.7197139140948262,1.0,0.0
10.200000000000001,-0.003052912525968923,-3.2397751958584298,6.258641614573416,0.37594049082439557,0.21107562578130243,0.311092161332167,10.200000000000001,3.6078926491896683,-3.569078907978687,-0.5277926834454101,10.200000000000001,-0.00394262400245759,-4.183944132400016,6.258641614573416,0.025557977143503056,-0.003656201578746454,0.025295105963079035,10.200000000000001,4.343338586093905,-4.336332576199525,-0.2465965572407545,1.0,0.0
10.25,-0.0035495523213111492,-3.822479617766964,6.2893212303311286,0.3681947365604802,0.3476951685984164,0.12114220471891779,10.25,3.536842101802427,-3.309888827563754,-1.2465504411177468,10.25,-0.0037446070442534373,-4.0325322202654865,6.2893212303311286,0.020284123471206433,0.013040371457303619,0.015536871540007298,10.25,4.288465483561781,-4.124372027413038,-1.1749432255192773,1.0,0.0
10.3,-0.003266289503320288,-3.5691627300946696,6.320000846088842,0.34848276317331894,0.33471993401777,-0.09696804628356291,10.3,3.467362987710865,-2.9147063107456654,-1.8780556995591506,10.3,-0.003373568682192259,-3.6863895853859017,6.320000846088842,0.01534656304520553,0.015267845849480818,-0.0015523789540442313,10.3,4.23279629026654,-3.7192280262109776,-2.020867963015144,1.0,0.0
10.350000000000001,-0.002512845341646802,-2.7860365473942927,6.350680461846554,0.31886430590075165,0.20345264833767518,-0.24552284101882338,10.350000000000001,3.399735918425847,-2.4087903802686688,-2.3991526043501192,10.350000000000001,-0.002857682621276388,-3.1683638032859878,6.350680461846554,0.012691673328431692,0.003950946139747955,-0.012061036293637256,10.350000000000001,4.176469840981523,-3.1470611369718227,-2.74570692769455,1.0,0.0
10.4,-0.0020526977435135745,-2.3090057945596536,6.381360077604267,0.2827027930787819,0.03253272044967851,-0.28082466293879466,10.4,3.334241847453094,-1.8205366298570231,-2.7933519428557965,10.4,-0.002230759226581187,-2.5093007466490205,6.381360077604267,0.013289067312192461,-0.00996277894702701,-0.008794449708802568,10.4,4.119628938629553,-2.4413297175545945,-3.3183206298034045,1.0,0.0
10.450000000000001,-0.0017879561604263253,-2.040355003263589,6.41203969336198,0.24410448055831283,-0.10412128742349472,-0.22078440826724546,10.450000000000001,3.2711599174264867,-1.179843882061286,-3.0509761748234308,10.450000000000001,-0.0015301620127623774,-1.7461690547262434,6.41203969336198,0.015440814795065408,-0.014890673996377035,0.004084922210903359,10.450000000000001,4.062420111156777,-1.6407549000401722,-3.7163396665973902,1.0,0.0
10.5,-0.0011933212423543098,-1.3814185031804078,6.442719309119693,0.20727431298734694,-0.171811999552476,-0.1159451492480675,10.5,3.2107649308881228,-0.5165958677913725,-3.168933598357954,10.5,-0.0007946708889698122,-0.9199308878436788,6.442719309119693,0.017199412057841635,-0.00743742685735118,0.015508206114086166,10.5,4.004993324171938,-0.7871147233259179,-3.9268845079764385,1.0,0.0
10.55,-0.0005083721897730278,-0.5969516591308413,6.473398924877405,0.17578284178453885,-0.17535470272903667,-0.01226114581347937,10.55,3.1533244382387178,0.14066576329837344,-3.1501854161031875,10.55,-6.241326260678724e-05,-0.07328823530162995,6.473398924877405,0.0177034364573907,0.005971443079291691,0.016665939216007286,10.55,3.9475016434219703,0.07700178611656437,-3.9467505558058793,1.0,0.0
10.600000000000001,0.00020220602234377117,0.24083060790778907,6.504078540635119,0.151860708313943,-0.13613469870066802,0.06729798317402103,10.600000000000001,3.099095456261035,0.765824592516953,-3.0029827406287293,10.600000000000001,0.0006310283138788494,0.751564818282732,6.504078540635119,0.016792491956344715,0.015070810131523966,0.007406650260641207,10.600000000000001,3.8901008407811415,0.9103557255419001,-3.782081041492795,1.0,0.0
10.65,0.001253655498623512,1.5143526894414596,6.534758156392831,0.1361702976739543,-0.07103520634414143,0.11617378976455306,10.65,3.0483208558702937,1.3360014915577823,-2.73995621404598,10.65,0.0012542415426789759,1.5150606011384906,6.534758156392831,0.014693080560544716,0.013933199634420825,-0.004663964440905654,10.65,3.832948937154428,1.6750229078074534,-3.4475782533763493,1.0,0.0
10.700000000000001,0.002332944387313532,2.8579571910677317,6.565437772150545,0.12858617202696804,0.009788127932923,0.12821308898906442,10.700000000000001,3.001225487577744,1.832092810847747,-2.3771391124051346,10.700000000000001,0.0017812749200655697,2.1821383719018863,6.565437772150545,0.011879357707745281,0.004877972464320982,-0.010831644574389131,10.700000000000001,3.776205675590225,2.3380692754552777,-2.965326519547529,1.0,0.0
10.75,0.0030731983483435585,3.8178247044023643,6.596117387908257,0.12945913497716557,0.09021561928436993,0.09284831536529671,10.75,2.95801214582699,2.2390535615813922,-1.9329963795179952,10.75,0.0021925504154975536,2.7237985294525626,6.596117387908257,0.009029049048752952,-0.004330805684796331,-0.007922616287901514,10.75,3.7200319180263626,2.872867808074034,-2.363317166286995,1.0,0.0
10.8,0.0036596615743981456,4.610119601208238,6.62679700366597,0.13966284915514987,0.13942654542340918,0.008120952248853777,10.8,2.918857506097575,2.54596161826369,-1.427518328859664,10.8,0.0024753807238029396,3.118266802343249,6.62679700366597,0.0070250780945010785,-0.007024473495787272,9.216474825575009e-05,10.8,3.6645889595285803,3.260013381460558,-1.673775670451946,1.0,0.0
10.850000000000001,0.0038678867264100177,4.940409652375368,6.657476619423683,0.15906385874344287,0.12246491196305334,-0.10150692831642351,10.850000000000001,2.8839081977424206,2.745910488796884,-0.8814204901868304,10.850000000000001,0.002624097710424194,3.3517314684622233,6.657476619423683,0.0065735155235041,-0.002455591989456159,0.006097636781497248,10.850000000000001,3.610037754699971,3.487818413938725,-0.9313942783532475,1.0,0.0
10.9,0.003426569137929145,4.437506404123243,6.6881562351813955,0.18551726404362767,0.026872965565996106,-0.1835606139124672,10.9,2.853277196609484,2.8357834988606005,-0.3154721989044451,10.9,0.002639820072372014,3.4186435485038573,6.6881562351813955,0.007235347543658344,0.004526029066689805,0.005644937109038669,10.9,3.556538052222695,3.5523973193653626,-0.17156981749068131,1.0,0.0
10.950000000000001,0.003040735570584325,3.992280174434259,6.718835850939108,0.21549538629164783,-0.11547578383287475,-0.1819439607713587,10.950000000000001,2.8270407302737013,2.8159613441220803,0.2500419945461738,10.950000000000001,0.002529905572323227,3.3215949315960693,6.718835850939108,0.00798336629704381,0.007982728318788896,-0.0001009258201889601,10.950000000000001,3.5042474353144186,3.4573702062779437,0.5712629382773651,1.0,0.0
11.0,0.002626602280326468,3.4960076351145286,6.749515466696821,0.24520322767549974,-0.23340784972669051,-0.07513586725689414,11.0,2.805235881665742,2.6900084847809733,0.795740349354829,11.0,0.0023071470683597725,3.0708127479868574,6.749515466696821,0.008249959423436898,0.0055445501507895316,-0.006108992888662995,11.0,3.4533202683025377,3.2132346593877505,1.2651260408269192,1.0,0.0
11.05,0.0014842220611226652,2.0025608276114446,6.780195082454534,0.271334790554824,-0.2526404272812641,0.09897162759382357,11.05,2.7878590521914037,2.464372902363663,1.3034662607759544,11.05,0.0019888412269058525,2.6834094692864046,6.780195082454534,0.00789888625285051,-0.00036400696951451077,-0.00789049446876529,11.05,3.4039065525762955,2.8364679404093134,1.8817623233825227,1.0,0.0
11.100000000000001,0.0005133673764492739,0.7020971384206972,6.810874698212247,0.291499481440112,-0.14333517315019073,0.253824695051248,11.100000000000001,2.7748654036088913,2.14811980344586,1.7565475564838133,11.100000000000001,0.0015957220447232537,2.182358935746909,6.810874698212247,0.0070162779913118265,-0.00513237022009348,-0.004784028927093181,11.100000000000001,3.3561506988704553,2.3484301036912076,2.397628737233008,1.0,0.0
11.15,0.0001445531973874203,0.20037904593650283,6.84155431396996,0.30448136220569455,0.05286347701557114,0.2998572205708236,11.15,2.7661693421402567,1.7527046689761212,2.1400278439183835,11.15,0.0011507410194299672,1.5951524543271156,6.84155431396996,0.005792979424556202,-0.005788866651588949,0.0002182510101989395,11.15,3.3101902271134778,1.77414132365223,2.7945987016720473,1.0,0.0
11.200000000000001,-0.00016968967035363615,-0.2384017691905934,6.872233929727672,0.3103849305156954,0.23804467688822323,0.19918217012678235,11.200000000000001,2.7616460440994652,1.2917764085069159,2.440902001989264,11.200000000000001,0.0006778152686609287,0.9522816497692614,6.872233929727672,0.0044554601823653915,-0.0028970926101247584,0.0033849637878423404,11.200000000000001,3.2661544098248356,1.1410045640250261,3.0603714176047783,1.0,0.0
11.25,-0.0003602145972665537,-0.5128836746236672,6.902913545485386,0.31064330711188015,0.31059034405079716,-0.005736064488246688,11.25,2.7611339568563986,0.7809889804018667,2.648380059620659,11.25,0.00020061411487352768,0.2856400190289095,6.902913545485386,0.003220389323058879,0.0005969897016066236,0.0031645711697238315,11.25,3.224162880083663,0.4775383157040672,3.1886021128927178,1.0,0.0
11.3,-0.00032698077220338277,-0.4717995752699444,6.933593161243098,0.3078112451170426,0.2248223491089522,-0.21024431968934737,11.3,2.7644381497069337,0.23779111487556703,2.75419201749648,11.3,-0.0002585561087073982,-0.37306983358557877,6.933593161243098,0.002263652752997979,0.0021012603917527494,0.000841919563976519,11.3,3.184324230151833,-0.18782551661886462,3.178780014099579,1.0,0.0
11.350000000000001,-0.00026425256192360924,-0.38637301872288726,6.964272777000811,0.30502894326077545,0.020909283859967494,-0.304311449135994,11.350000000000001,2.7713343426870565,-0.3188402353862938,2.7529320629567873,11.350000000000001,-0.000679718441183396,-0.9938403778941005,6.964272777000811,0.0016818158022231632,0.0012405484745562749,-0.00113558085352107,11.350000000000001,3.1467346315841556,-0.8278352357902499,3.0358899294926966,1.0,0.0
11.4,-0.0003693962380156567,-0.5472767800546681,6.994952392758524,0.3051082067020018,-0.19461193886849604,-0.2349834271746759,11.4,2.7815734119750855,-0.8687558454460619,2.642425765695229,11.4,-0.001046003784622328,-1.5497006310845025,6.994952392758524,0.0014226994583222045,-0.00045113116061761124,-0.0013492792241156391,11.4,3.111476511706234,-1.4173737601672276,2.769898501188989,1.0,0.0
11.450000000000001,-0.000648846061896753,-0.9739981525014285,7.0256320085162365,0.30948032801454367,-0.3072423062535538,-0.03715156357391978,11.450000000000001,2.7948861599978123,-1.3911061876751156,2.424089978107109,11.450000000000001,-0.0013442154845452966,-2.0178336209417678,7.0256320085162365,0.0013093618685297449,-0.0012883385059009828,-0.00023369295447772526,11.450000000000001,3.078617324267584,-1.9342554527204396,2.3951076119668913,1.0,0.0
11.5,-0.0008944158188175335,-1.3602946584441162,7.056311624273949,0.3175856778190433,-0.25763801104291634,0.18569684440407508,11.5,2.8109881457152492,-1.8649448069152894,2.103243975983611,11.5,-0.0015651677420941905,-2.3804244897575018,7.056311624273949,0.0012014583780352649,-0.0008577993732025473,0.0008412386519201589,11.5,3.0482084534761893,-2.3598580951123442,1.9294155972149805,1.0,0.0
11.55,-0.001215124449933349,-1.8722623854422982,7.086991240031662,0.3271346582000059,-0.07271617088943322,0.31895053391837025,11.55,2.8295843926376683,-2.269963571468524,1.6893233021729575,11.55,-0.001703799179094372,-2.625211858374532,7.086991240031662,0.001043271589040303,3.5414658832812474e-05,0.0010426703268236006,11.55,3.0202842901418276,-2.6795917820045347,1.3935225420104567,1.0,0.0
11.600000000000001,-0.0016809783059771716,-2.6238323138865445,7.117670855789375,0.3350090611579854,0.152133322083289,0.29847365607345827,11.600000000000001,2.850373824423158,-2.58734311433627,1.1959458799015075,11.600000000000001,-0.0017590754417947858,-2.745733820795715,7.117670855789375,0.0008343858291958319,0.0005139151169072744,0.0006573362644621079,11.600000000000001,2.9948615160604213,-2.8832130359447072,0.810109924478295,1.0,0.0
11.65,-0.0020835381769894173,-3.2944220691380983,7.148350471547088,0.33821061220204307,0.3073312069124208,0.14118763212064855,11.65,2.8730533155046465,-2.800684103488939,0.6407838217344425,11.65,-0.0017337055399914685,-2.741278204264883,7.148350471547088,0.000692543652434033,0.0005477169853151122,0.00042381931825247876,11.65,2.971938627977826,-2.9649962628593505,0.20301815115109598,1.0,0.0
11.700000000000001,-0.0020668942728121714,-3.3103647369615214,7.179030087304801,0.3345012863320392,0.3269706875990797,-0.07057818366020685,11.700000000000001,2.897321282591175,-2.896968624705924,0.045204004526590555,11.700000000000001,-0.0016337050803660116,-2.6165632948802497,7.179030087304801,0.0009185546000498083,0.0007595613655467794,0.0005165356572797031,11.700000000000001,2.951495725585965,-2.9237759093127647,-0.4035609622777414,1.0,0.0
11.75,-0.0017205102020124235,-2.7910707922427473,7.209709703062513,0.3227220972411767,0.21752971875067492,-0.23839121944399666,11.75,2.9228807785048585,-2.867487717865079,-0.5663446240992213,11.75,-0.0014678452524888607,-2.381189025767984,7.209709703062513,0.0014992132565537061,0.001463765924881101,0.00032408286869772,11.75,2.9334945793358567,-2.762871746589174,-0.9858651829191156,1.0,0.0
11.8,-0.0015424328155254463,-2.5342664737584055,7.240389318820227,0.30290968957743225,0.0442646676497566,-0.2996580037939133,11.8,2.9494420802582035,-2.708662555007752,-1.1671999605451997,11.8,-0.0012470291555879162,-2.0489088075639255,7.240389318820227,0.0022043379468787727,0.0020708751707930956,-0.0007553686590284174,11.8,2.91787898389765,-2.4899072127143924,-1.5213085935287511,1.0,0.0
11.850000000000001,-0.0013919622382516051,-2.3162343862005,7.271068934577939,0.2763238546674789,-0.1120114733097775,-0.252603053238212,11.850000000000001,2.9767247873184233,-2.4226840985325966,-1.729593078776974,11.850000000000001,-0.0009836368226809969,-1.6367781895351297,7.271068934577939,0.0028637355053907935,0.0015805398010369555,-0.0023880693001196436,11.850000000000001,2.9045753925008206,-2.1165274538202143,-1.9891882133037628,1.0,0.0
11.9,-0.0010840044531981333,-1.8267198603469132,7.301748550335652,0.24546791955104771,-0.19899704052240613,-0.14371735243888778,11.9,3.0044594633993493,-2.01790005676795,-2.225950589771887,11.9,-0.0006908773254656049,-1.1642381429042934,7.301748550335652,0.003332937885173104,-0.0002782677646193589,-0.0033213012506540123,11.9,2.893493816874665,-1.6580204381692996,-2.3713444909807606,1.0,0.0
11.950000000000001,-0.0005937781602090035,-1.0132764183927927,7.332428166093365,0.21414275296628899,-0.21190957523860512,-0.030845592394619672,11.950000000000001,3.032388866332599,-1.5088887209513693,-2.6303302196575333,11.950000000000001,-0.00038218097221937996,-0.6521879595100284,7.332428166093365,0.003491611040463065,-0.0024507155666616443,-0.00248703455327944,11.950000000000001,2.8845289678114456,-1.1328420514187603,-2.6527676590083606,1.0,0.0
12.0,-6.488516306238086e-05,-0.11212156177179412,7.3631077818510775,0.18740806609389937,-0.18017924352094813,0.051548263222675285,12.0,3.060268816495828,-0.9161763804321414,-2.9199085720541036,12.0,-7.063167073889588e-05,-0.12205152703681209,7.3631077818510775,0.003266677615752917,-0.0032611525431839304,-0.00018991244126213442,12.0,2.8775616031481492,-0.5620450800663583,-2.8221385699298587,1.0,0.0
12.05,0.00018393787860375508,0.32183428980643913,7.39378739760879,0.17078660538318466,-0.1361323104193986,0.10313126896430655,12.05,3.0878687560084,-0.26557744636607217,-3.076426835521128,12.05,0.00023149775313694386,0.40504933262339854,7.39378739760879,0.002672885112452536,-0.001926782431006227,0.0018525183637244026,12.05,2.8724600437188155,0.03138708426658886,-2.8722885568310055,1.0,0.0
12.100000000000001,8.982481254803112e-05,0.15913013474240262,7.424467013366503,0.16770349027128545,-0.09030854426560472,0.14131110176415174,12.100000000000001,3.1149720495476574,0.4128373727568058,-3.087493509809922,12.100000000000001,0.0005129859907378837,0.9087859747375964,7.424467013366503,0.0019326024026511477,0.0005039595839117075,0.001865737597980093,12.100000000000001,2.8690818138852814,0.6232981193246485,-2.8005588565880224,1.0,0.0
12.15,0.00021500684327815857,0.3856391498202341,7.455146629124216,0.17673942637737747,-0.030885823509854336,0.17401979985715005,12.15,3.141376074193517,1.086111451247431,-2.9476440685714875,12.15,0.0007638945562051893,1.370131493099317,7.455146629124216,0.0018319509993242574,0.001803547262982635,-0.00032134363866893656,12.15,2.867275361712555,1.1891987796471237,-2.609037037370235,1.0,0.0
12.200000000000001,0.0005389293582217956,0.9786137972683313,7.485826244881929,0.19281868461033821,0.054481153858397614,0.18496175012450192,12.200000000000001,3.1668921410134656,1.7200501002650423,-2.659066280744252,12.200000000000001,0.0009757576529248778,1.771827582548334,7.485826244881929,0.002878574199371268,0.0004345857018836029,-0.002845579851103158,12.200000000000001,2.8668818146109247,1.7051733132526004,-2.3046464611124153,1.0,0.0
12.25,0.0008109396259744861,1.490722438379255,7.516505860639642,0.2108445854669517,0.15364124245973007,0.14439462537144912,12.25,3.191345285808501,2.2810597582655334,-2.231916466284912,12.25,0.0011417297041215995,2.098802468128157,7.516505860639642,0.0043281033072639944,-0.0029291247621502613,-0.0031863311764641954,12.25,2.8677367290400775,2.14882835395838,-1.8990657314348023,1.0,0.0
12.3,0.0009028964039061715,1.680170122447666,7.547185476397354,0.22752692742319508,0.22428166174792394,0.03829149913792497,12.3,3.214573961032773,2.7380721233684335,-1.6841754060021803,12.3,0.001256700929512894,2.338553288599871,7.547185476397354,0.005674144100473093,-0.005664360687965273,-0.00033306045932712087,12.3,2.8696717972543495,2.500252017210483,-1.408458758498778,1.0,0.0
12.350000000000001,0.0009223932635272317,1.7374687227237033,7.577865092155068,0.24135040096159416,0.21632419349286208,-0.10702270485268553,12.350000000000001,3.236429655701818,3.06443325037434,-1.0410215032872014,12.350000000000001,0.001317387866750347,2.481501442694409,7.577865092155068,0.006644779727200388,-0.005226310620322792,0.004103507636512263,12.350000000000001,2.8725164795871434,2.742943193606169,-0.85300267417477,1.0,0.0
12.4,0.0011081985544371133,2.112917960655107,7.60854470791278,0.25200900257243536,0.10939008646691865,-0.2270293953661371,12.4,3.2567764653192386,3.239632149538539,-0.3337311503794317,12.4,0.0013224012976255485,2.521322051684014,7.60854470791278,0.0070658652587026255,-0.001350396832866501,0.006935623998453553,12.4,2.876099536937114,2.8646648801188666,-0.2562102085855308,1.0,0.0
12.450000000000001,0.0015481639564335749,2.9876175815308357,7.639224323670493,0.25983173695434775,-0.061688177194287784,-0.2524026551428481,12.450000000000001,3.2754906295876243,3.2507468764675838,0.40185023286365956,12.450000000000001,0.0012722893427006199,2.4552399590823133,7.639224323670493,0.006852142188449275,0.003469647463656727,0.005908756133795577,12.450000000000001,2.8802504444735315,2.8581717345045923,0.3559451628678039,1.0,0.0
12.5,0.0018814656228595922,3.674737544647641,7.669903939428206,0.2652975912655535,-0.21553931693789435,-0.1546790702882928,12.5,3.2924600519668354,3.093498665099427,1.1271908457867814,12.5,0.0011695492276909462,2.284275835333879,7.669903939428206,0.006027481938717188,0.005795578467630624,0.0016558407976306688,12.5,2.8848006737355893,2.7217616542271386,0.9560797167412669,1.0,0.0
12.55,0.0017081869971443601,3.3764987175975065,7.7005835551859185,0.26868565075508477,-0.267331040655809,0.026946124462816072,12.55,3.3075838119957375,2.7728257982755173,1.8032048596302073,12.55,0.0010185980208424678,2.013418271460647,7.7005835551859185,0.00477311088999374,0.003996325904104824,-0.0026099744895990056,12.55,2.8895848359606773,2.459604603846087,1.5165901611684771,1.0,0.0
12.600000000000001,0.0011996820451319115,2.3998151707127935,7.731263170943632,0.2699159414142994,-0.18152292208872975,0.19975996642454785,12.600000000000001,3.320771678667514,2.30291742033113,2.392508285664999,12.600000000000001,0.0008256909801137772,1.6516924200360776,7.731263170943632,0.003582710167650056,-0.00031113663491210883,-0.0035691744339270757,12.600000000000001,2.8944416844344567,2.0818093788180594,2.0109356963505673,1.0,0.0
12.65,0.0008968876614990592,1.8155559035247502,7.761942786701344,0.2686013808468503,0.0005572358158037046,0.2686008028302974,12.65,3.3319436309932824,1.7066815537110127,2.861657986961276,12.65,0.0005987763412921242,1.2120937414913997,7.761942786701344,0.003457771081250499,-0.0034202579410616434,-0.0005079532133346658,12.65,2.89921497779542,1.6042003889505443,2.4149510553144173,1.0,0.0
12.700000000000001,0.0006597814155058365,1.3514850352380923,7.792622402459057,0.2642620303029352,0.1796924142483435,0.19376546885714996,12.700000000000001,3.3410293901462023,1.014658884529785,3.1832286650294974,12.700000000000001,0.0003472775262703823,0.7113573810943048,7.792622402459057,0.004681586705510573,-0.002479007422937469,0.0039713695721040965,12.700000000000001,2.903754209510744,1.0477914022452548,2.7081214312937094,1.0,0.0
12.75,0.0002852804065540756,0.5912926751531982,7.82330201821677,0.2566020103756647,0.25596364865530075,0.018088733949575223,12.75,3.3479679661899917,0.26343181017221706,3.337587929032543,12.75,8.179774337646693e-05,0.16953988213487053,7.82330201821677,0.00630037766609383,0.002123185431307368,0.005931849826124907,12.75,2.907915211192576,0.43796069845999763,2.8747454325713075,1.0,0.0
12.8,-0.00030744582972656355,-0.6447606367027223,7.853981633974483,0.2457451257008299,0.1893556854612128,-0.15663681300776944,12.8,3.352707221305924,-0.5063859493887544,3.3142448584946975,12.8,-0.0001862525249366131,-0.3905998551758681,7.853981633974483,0.007650084792381686,0.006916722048495472,0.0032684481691601227,12.8,2.9115606391124182,-0.19664886410772325,2.9049121466016583,1.0,0.0
12.850000000000001,-0.0009883206843346536,-2.0970426712577783,7.884661249732195,0.23235096709361036,0.024552465290255843,-0.23105009923717149,12.850000000000001,3.3552034505899933,-1.25246284919937,3.1126720042796663,12.850000000000001,-0.0004450980839257239,-0.9444198524648759,7.884661249732195,0.008411608562658842,0.008035410662394086,-0.002487435245002167,12.850000000000001,2.9145603542919067,-0.8254620899026334,2.7952234967787,1.0,0.0
12.9,-0.001324802180136164,-2.843938267274322,7.915340865489909,0.21755944038670327,-0.13725078581676262,-0.16880264184560811,12.9,3.3554209808519415,-1.93322593365861,2.7425330350191226,12.9,-0.000683097576038551,-1.466398052408621,7.915340865489909,0.008442063813598888,0.004325055319374467,-0.0072499888218690665,12.9,2.916791707010278,-1.4174751664335532,2.549203407856678,1.0,0.0
12.950000000000001,-0.0015637327441005095,-3.3960324822018286,7.946020481247621,0.2027320742162015,-0.20201228150293293,-0.017068451540289867,12.950000000000001,3.353331787371386,-2.5103451784533592,2.2232861177121013,12.950000000000001,-0.000889277211477826,-1.9312854496742888,7.946020481247621,0.007738065979652813,-0.0016374736714988112,-0.0075628265272058475,12.950000000000001,2.918139736584192,-1.942854664028534,2.1773505176462127,1.0,0.0
13.0,-0.0018259081168899274,-4.011520132807171,7.976700097005334,0.1890043641554937,-0.14060932899420023,0.12629990605548067,13.0,3.348915128220387,-2.951066325648991,1.5831740515950659,13.0,-0.001053883254957704,-2.3153815111420757,7.976700097005334,0.006448031637530791,-0.005500528923435687,-0.0033647129983173096,13.0,2.9184972969506697,-2.3745442698886916,1.6968105323362255,1.0,0.0
13.05,-0.0016050341634024304,-3.567104364497594,8.007379712763047,0.17677821778881359,-0.003106339675873518,0.17675092344428445,13.05,3.342157195518916,-3.230239236616005,0.8576533062871705,13.05,-0.0011689447306834023,-2.5979184404635927,8.007379712763047,0.0049443963275655756,-0.0045617395606089226,0.0019072459792117713,13.05,2.917765118014368,-2.689785511916406,1.130666698804736,1.0,0.0
13.100000000000001,-0.0012766431101644364,-2.8700098861726793,8.03805932852076,0.1654217624083198,0.11865224010296041,0.1152649356778723,13.100000000000001,3.3330507828272533,-3.3319059194555702,0.08735253174520508,13.100000000000001,-0.001228721130092052,-2.7622769140697723,8.03805932852076,0.004015178869383437,6.89407647043396e-05,0.004014586968058512,13.100000000000001,2.915851811988591,-2.871458469945787,0.5068708364600889,1.0,0.0
13.15,-0.0010649113401222739,-2.421534775441665,8.068738944278472,0.1534103222681915,0.15331737985179453,-0.0053392896354224955,13.15,3.3215949677788474,-3.2503391813275977,-0.6843159623305639,13.15,-0.0012300322495421077,-2.7970083094795033,8.068738944278472,0.004517027761619403,0.004327872466864287,0.0012934680938463167,13.15,2.912673833133,-2.909154546000813,-0.1431386939317464,1.0,0.0
13.200000000000001,-0.0008855216422338246,-2.0366714404452457,8.099418560036185,0.13885520521675188,0.0941885665715098,-0.10202588859201642,13.200000000000001,3.307794809003755,-2.9904575846425874,-1.4137432344403316,13.200000000000001,-0.0011724700552347422,-2.6966436079981406,8.099418560036185,0.00596350395273065,0.004430955533172687,-0.003991241969272276,13.200000000000001,2.9081553984239368,-2.799905706036752,-0.7860635207698702,1.0,0.0
13.25,-0.0006748341934455512,-1.5698014096498956,8.130098175793899,0.12011623108853425,-0.00380031232405645,-0.12005609770917006,13.25,3.2916610563745996,-2.5675827247351286,-2.059745484688552,13.25,-0.0010584756767411893,-2.4622294269718443,8.130098175793899,0.007423164581993949,-8.340438983602645e-05,-0.007422696014193595,13.25,2.9022283758261826,-2.5485126769349087,-1.388528962950628,1.0,0.0
13.3,-0.0007169924984175586,-1.6868230804995898,8.160777791551611,0.09624271347311433,-0.0692806363227075,-0.06680459061612999,13.3,3.273209873614665,-2.0065480368611164,-2.586052561820299,13.3,-0.0008932738421287714,-2.1015490921243067,8.160777791551611,0.008404819794270837,-0.0059395496008469205,-0.005946658415719375,13.3,2.8948321459978192,-2.1674373971663776,-1.9189237303413023,1.0,0.0
13.350000000000001,-0.0005871206472912256,-1.3969187626508377,8.191457407309324,0.0672123506102956,-0.06719573985589207,0.0014941953622538912,13.350000000000001,3.2524625723338376,-1.340211387590929,-2.9635023571787555,13.350000000000001,-0.0006846645471375091,-1.6290020738170672,8.191457407309324,0.00869522417988875,-0.008689042490906027,-0.00032781722003513713,13.350000000000001,2.8859134424725834,-1.6762511961152584,-2.349186736929638,1.0,0.0
13.4,-0.0002362385931740214,-0.5684146239903857,8.222137023067036,0.03437494489738237,-0.02044163527695116,0.027636504552894885,13.4,3.2294453565970196,-0.6074635962075541,-3.171798431572952,13.4,-0.0004426793480556885,-1.0651325500741844,8.222137023067036,0.008251808904651962,-0.006224618783105623,0.005417238337372844,13.4,2.8754261746394683,-1.1006580290666046,-2.656431363474875,1.0,0.0
13.450000000000001,-0.000183452106477125,-0.4463644061071056,8.252816638824749,0.014101533479427721,0.014033905605063861,-0.0013793983977002566,13.450000000000001,3.2041890771768835,0.14914104750284043,-3.2007162620653213,13.450000000000001,-0.0001791169738686164,-0.4358164275128463,8.252816638824749,0.007182372214737741,-0.0004493610797245742,0.007168301420215635,13.450000000000001,2.863331237183976,-0.47113974641185624,-2.824304005093023,1.0,0.0
13.5,-0.00019489220016477563,-0.47950789698040985,8.283496254582463,0.046437163426751034,-0.005264925817237908,-0.046137736217349956,13.5,3.1767289946951394,0.8859806579375169,-3.0506794947187412,13.5,9.302041968208366e-05,0.22886511507530657,8.283496254582463,0.005772110911135452,0.004225959778377391,0.003931733500885513,13.5,2.8495963090714533,0.17870410477981918,-2.8439873360492474,1.0,0.0
13.55,7.69767885283312e-06,0.01915039225537232,8.314175870340176,0.08409893892252891,-0.06822985683574223,-0.04916622991514976,13.55,3.147104550911321,1.5610210634708956,-2.7326690787153396,13.55,0.0003601634306756096,0.8960195801023823,8.314175870340176,0.004581708550813905,0.0043597244361156,-0.0014088492061742341,13.55,2.8341956446394807,0.8140279060356262,-2.7147787240010293,1.0,0.0
13.600000000000001,0.000505959830327927,1.2727196909573664,8.344855486097888,0.11981036290301565,-0.11884618904646783,0.01516925865306339,13.600000000000001,3.1153591474736064,2.1363595503459463,-2.2674722687153515,13.600000000000001,0.0006088528198244093,1.5315424787442298,8.344855486097888,0.004408044917710757,0.00016910205536112527,-0.004404800164755296,13.600000000000001,2.817109858919876,1.4007130321827619,-2.444199451496734,1.0,0.0
13.65,0.0010547249094579473,2.68248410351483,8.3755351018556,0.15144408763757597,-0.09914100125729361,0.11448307101960141,13.65,3.0815399315011165,2.580493602377717,-1.6843221537234432,13.65,0.0008264241998589706,2.1018464236527445,8.3755351018556,0.005346768866905126,-0.004689274195803553,-0.0025687827531102863,13.65,2.798325708927007,1.9073232845157466,-2.0476192667549067,1.0,0.0
13.700000000000001,0.0013462593960594915,3.461708136835762,8.406214717613313,0.1775930312009245,0.0018914944422530867,0.17758295802218038,13.700000000000001,3.045697587420471,2.8701698474990813,-1.019018567311694,13.700000000000001,0.0010016650059802843,2.5756343181224226,8.406214717613313,0.006617012750451145,-0.006049495013078637,0.0026811318181636863,13.700000000000001,2.777835872322212,2.306922213420458,-1.5474113980410507,1.0,0.0
13.75,0.0018347654211596132,4.769673389772354,8.436894333371026,0.19743704613437432,0.13248805525287102,0.14638409203728134,13.75,3.0078861345305428,2.991696852074356,-0.311655167756733,13.75,0.0011254094524498501,2.925624963302247,8.436894333371026,0.00761316621223988,-0.0025369606873334727,0.007178031084226049,13.75,2.7556387245883522,2.5786384058328062,-0.9716834630757918,1.0,0.0
13.8,0.0018535767950176515,4.871333274835631,8.46757394912874,0.21072605620835896,0.20953765185820644,0.02234822630271887,13.8,2.9681627298179705,2.9416416170928037,0.39589719280148994,13.8,0.0011910396264243903,3.130137893096401,8.46757394912874,0.008053057088338365,0.003367410320305837,0.007315208554971931,13.8,2.7317381156181537,2.7088790580401496,-0.35265759772410127,1.0,0.0
13.850000000000001,0.0015777592320431342,4.19169862599703,8.498253564886452,0.21770789795715167,0.176104160646337,-0.12800020873409035,13.850000000000001,2.926587475591789,2.726871083735465,1.0625856882991094,13.850000000000001,0.001194864962586101,3.1744474823565634,8.498253564886452,0.007852389033856778,0.007307734509291519,0.0028735048078512102,13.850000000000001,2.706143146429185,2.692113267858681,0.2752033466092024,1.0,0.0
13.9,0.0017353432035328467,4.6604706789286805,8.528933180644165,0.2189882131067851,0.043698828454489407,-0.2145838993759966,13.9,2.883223231548513,2.3639437455260714,1.6506805175227635,13.9,0.0011363579104193432,3.051824395022486,8.528933180644165,0.007074651189015785,0.0064757302459576786,-0.002848790485071053,13.9,2.6788679465619514,2.5311731381699802,0.8772092223202964,1.0,0.0
13.950000000000001,0.001464701816205103,3.976233160873348,8.559612796401877,0.21534348048875776,-0.1119913908095314,-0.1839313539708736,13.950000000000001,2.838135430919068,1.877899536451475,2.128028678198087,13.950000000000001,0.0010182304110403228,2.7641950607244192,8.559612796401877,0.005928426065935999,0.0017643536711148392,-0.005659796086653033,13.950000000000001,2.6499314525907107,2.2370512477045668,1.420471195967365,1.0,0.0
14.0,0.0009126914987092064,2.5044254724580624,8.59029241215959,0.2075283688494034,-0.19997408943373374,-0.05548321757471431,14.0,2.791391900386286,1.3005355358800137,2.4699141809899885,14.0,0.0008463400552935145,2.322357111725404,8.59029241215959,0.004803706343651414,-0.003011198286385507,-0.0037427636201216113,14.0,2.6193571880748423,1.8282052810292508,1.8758191621625213,1.0,0.0
14.05,0.0005644282039083004,1.5654445162342163,8.620972027917304,0.19612902150767797,-0.17338294490631764,0.09167850071402799,14.05,2.7430626834963188,0.6682880035819984,2.660410500253375,14.05,0.0006294398702771758,1.7457547060930827,8.620972027917304,0.004272355785177953,-0.004153070569196097,0.0010025112480270386,14.05,2.587173045198009,1.3294124315221152,2.219487993370002,1.0,0.0
14.100000000000001,0.00018556602097918252,0.5201825668952852,8.651651643675017,0.1815064629613622,-0.058012986500971093,0.17198572468080742,14.100000000000001,2.6932198673194216,0.01986561037623151,2.6931466004004356,14.100000000000001,0.00037880809725626035,1.0618828131987916,8.651651643675017,0.004647907441320371,-0.000951373175142693,0.0045494980673366795,14.100000000000001,2.5534110682795914,0.7702454154791645,2.434467104634206,1.0,0.0
14.15,-0.0006063120602887774,-1.7177720283500517,8.682331259432729,0.16384532786981537,0.06895806064865899,0.14862731019682476,14.15,2.6419374121453347,-0.6062071267873326,2.5714482707465525,14.15,0.00010769714841674062,0.30512200102902254,8.682331259432729,0.005517774105734986,0.003852956930734944,0.003949753659637661,14.15,2.518107239294778,0.18326653970011264,2.5114293627365103,1.0,0.0
14.200000000000001,-0.0011125821605246437,-3.1856431492442865,8.713010875190442,0.14328316775651573,0.13325097804896163,0.05267108325577681,14.200000000000001,2.5892909840260803,-1.1739741101099745,2.3078588753973324,14.200000000000001,-0.0001693547800155822,-0.48491150936125643,8.713010875190442,0.0063221222565027395,0.006309867835474412,-0.000393443420344981,14.200000000000001,2.4813012655038498,-0.39794546606349335,2.4491825934851237,1.0,0.0
14.25,-0.0011975246972597093,-3.4652061134315213,8.743690490948154,0.12006597286012224,0.11128371734005381,-0.045075182682121434,14.25,2.535357790004562,-1.652205556194776,1.9230850016096344,14.25,-0.0004373059844314587,-1.2654063621064864,8.743690490948154,0.006746386114278898,0.00438031006486764,-0.005130946242025381,14.25,2.4430363692652586,-0.9408104880357241,2.254618000272942,1.0,0.0
14.3,-0.0013070678636751619,-3.8221369964339544,8.774370106705868,0.094671697245153,0.03858550666711795,-0.08645165663259267,14.3,2.4802164158911197,-2.0161938530618264,1.4444500048570386,14.3,-0.0006814442646640515,-1.9926840888404724,8.774370106705868,0.006677908791792641,-0.0005248402986118221,-0.006657252323027459,14.3,2.4033590800892153,-1.4156762922201414,1.9421625842068713,1.0,0.0
14.350000000000001,-0.0013801260922009307,-4.0782558684248835,8.80504972246358,0.06786520995581675,-0.02391224556343458,-0.06351292179124728,14.350000000000001,2.42394666647229,-2.2490790315082054,0.9039695525471202,14.350000000000001,-0.0008882224806649652,-2.6246866606673946,8.80504972246358,0.0061471241179278015,-0.0047373533649870585,-0.0039172207005037955,14.350000000000001,2.362319028977129,-1.797540621131819,1.5327749052122686,1.0,0.0
14.4,-0.0009537427398688954,-2.847860561364684,8.835729338221293,0.040699819104822565,-0.03765604415153232,-0.015443367962433846,14.4,2.36662940805659,-2.3426296742529327,0.3361859074796027,14.4,-0.0010460464205367251,-3.1234778749799332,8.835729338221293,0.005308762242537117,-0.005238887933161126,0.0008584927323900114,14.4,2.319968745085925,-2.06745909140928,1.0525530312172762,1.0,0.0
14.450000000000001,-0.0003028112988485346,-0.9136410774920158,8.866408953979006,0.014919561467477575,-0.011670840907314337,0.009294341660279112,14.450000000000001,2.308346413281404,-2.297443587339885,-0.2240895506264445,14.450000000000001,-0.0011459659551347051,-3.457604039214357,8.866408953979006,0.004447702920751195,-0.0019643237098669387,0.003990425244771952,14.450000000000001,2.276363454754015,-2.21355332357114,0.5310482669652475,1.0,0.0
14.5,-0.0005158592671335839,-1.5726614582651224,8.897088569736718,0.013686984807010534,0.012217900517580399,-0.0061689918179428475,14.5,2.249180208123065,-2.122572607267194,-0.743973880920197,14.5,-0.0011822249607598078,-3.604160570996369,8.897088569736718,0.00395438227652876,0.002265592407533154,0.003241023022419451,14.5,2.2315608829264613,-2.231560801335206,-0.000603449832878288,1.0,0.0
14.55,-0.0005161240236881249,-1.589802056116353,8.92776818549443,0.03565560480541596,-0.00016203774738398973,-0.03565523661130892,14.55,2.189213921069148,-1.834614675170249,-1.1945068379263952,14.55,-0.0011526330967660948,-3.550422733846207,8.92776818549443,0.004074147186313106,0.0040404707047769495,-0.0005227540335399256,14.55,2.1856210570200334,-2.1248987356172746,-0.5116099767024447,0.9938441702975687,0.0
14.600000000000001,-0.0003029044904914661,-0.9426799694201496,8.958447801252145,0.056218114142148314,-0.04318173822367001,-0.03599741437495272,14.600000000000001,2.1285311344280013,-1.4563510864102807,-1.5523164314471938,14.600000000000001,-0.001058732801781935,-3.2949204668064254,8.958447801252145,0.004600579514405828,0.0020177759057333445,-0.004134478475287124,14.600000000000001,2.138606113273624,-1.9042465520479743,-0.9733864477917895,0.975528258147576,0.0
14.65,-4.3949911357455284e-05,-0.1381881738071213,8.989127417009858,0.07519270168774754,-0.07430897272702525,0.011494301168701395,14.65,2.067215737765658,-1.0150352716746969,-1.8008565472358669,14.65,-0.000905747189775936,-2.8478680893820973,8.989127417009858,0.005138023406480728,-0.0021307433987702664,-0.00467538416540724,14.65,2.090580105635531,-1.586683285751839,-1.3612352216993269,0.9455032620941837,0.0
14.700000000000001,0.00019347051291703976,0.614563534102774,9.01980703276757,0.09365894384422442,-0.050490511790663904,0.07888413009682248,14.700000000000001,2.005351783474681,-0.5404597404194331,-1.9311496691015024,14.700000000000001,-0.0007023080932573321,-2.230897811318061,9.01980703276757,0.0054213149010263854,-0.0051418934076141115,-0.0017180184634704224,14.700000000000001,2.0416088172459004,-1.1944449708928124,-1.6557378337662858,0.9045084971874728,0.0
14.75,-0.00023139094599160107,-0.7425443921376412,9.050486648525283,0.11302469281235415,0.030907260979038592,0.1087167071065925,14.75,1.9430233444933058,-0.0629387034134305,-1.9420037170043183,14.75,-0.0004599774172339389,-1.4760890933451427,9.050486648525283,0.005343931159460778,-0.004747124571257471,0.0024540596044145663,14.75,1.9917595745799301,-0.7533910919598947,-1.8437754921590377,0.8535533905932737,0.0
14.8,-1.3181629830389284e-05,-0.04273210213111734,9.081166264282995,0.13443400094938665,0.12063211319718993,0.059332907200305346,14.8,1.88031437420651,0.38865512473341685,-1.8397090367408842,14.8,-0.00019258829361412254,-0.6243311895319136,9.081166264282995,0.00492070291651855,-0.001370794043261204,0.0047259116457667475,14.8,1.9411010643249949,-0.29128671489848196,-1.9191209945303809,0.7938926261462357,0.0
14.850000000000001,0.0003011479927302938,0.9861871371689636,9.11184588004071,0.15828298381433875,0.1480156238275857,-0.05607921244187429,14.850000000000001,1.8173085685735795,0.7886697486151042,-1.6372569929703584,14.850000000000001,8.455565366312671e-05,0.27689939840366395,9.11184588004071,0.004268495108439105,0.0023264697569961882,0.00357876919632304,14.850000000000001,1.8897031530724782,0.16398309315154663,-1.882574713495461,0.7269952498697714,0.0
14.9,0.0004450450380087714,1.4721862884360775,9.142525495798422,0.18406204792873182,0.07351632873187189,-0.16874296103098974,14.9,1.7540892305394007,1.116156840006739,-1.3531529614941828,14.9,0.00035557513074752675,1.1762243981811504,9.142525495798422,0.003603089705857013,0.003599196490388027,0.00016745164087367414,14.9,1.8376367099127553,0.586148099343938,-1.7416483810615921,0.6545084971874732,0.0
14.950000000000001,0.00038558930497697394,1.2883935958524613,9.173205111556134,0.21052311498223236,-0.07520819863079373,-0.19663089482716928,14.950000000000001,1.6907391367993436,1.3559708788552012,-1.0099216823108825,14.950000000000001,0.0006049497898369866,2.021356466525465,9.173205111556134,0.0032101091519808776,0.0017188551695139502,-0.002711150618070962,14.950000000000001,1.7849734320293122,0.9521248323740201,-1.5098306052757196,0.5782172325201137,0.0
15.0,0.0003254228442801474,1.0983020994454975,9.203884727313847,0.23599716315122785,-0.21267000051852689,-0.10230411475046848,15.0,1.6273404070003366,1.4994270031638914,-0.6324203210199466,15.0,0.0008184379488307285,2.7622280773037087,9.203884727313847,0.0032631258144160034,-0.0015873704504619527,-0.002851007740029536,15.0,1.731785673395471,1.2433272885623354,-1.205495280826116,0.5000000000000001,0.0
15.05,0.0006831564242121151,2.3287864015253246,9.23456434307156,0.2587088170625684,-0.24766962234469028,0.07476637073947062,15.05,1.5639743754739062,1.5444930900199416,-0.24608320141701565,15.05,0.0009839281229225036,3.354075803916929,9.23456434307156,0.003615758074493252,-0.0036042309332942825,-0.00028848887803132944,15.05,1.6781462766846909,1.4466384001397232,-0.8505364572973183,0.4217827674798836,0.0
15.100000000000001,0.0008961301921599903,3.0853323412274314,9.265243958829272,0.2770243983123888,-0.1443291114796392,0.23645639098962604,15.100000000000001,1.5007214656108865,1.4955250887612872,0.12477830833454497,15.100000000000001,0.0010921372537832073,3.7601750500501483,9.265243958829272,0.003978713658235816,-0.002765016320699063,0.002860917181691921,15.100000000000001,1.6241284085129528,1.554989436961799,-0.4688293274487473,0.3454915028125242,0.0
15.15,0.0010897578763651402,3.789377875496971,9.295923574586986,0.2896245544878044,0.049829925315893746,0.285305732689113,15.15,1.4376610670026768,1.362586191945781,0.4585065027826441,15.15,0.0011371429668179832,3.9541484335124304,9.295923574586986,0.004151788280066314,0.00022120234487206866,0.004145891393309658,15.15,1.5698053981395883,1.5675227153411764,-0.08462579345339465,0.27300475013022607,0.0
15.200000000000001,0.0010695846884222694,3.7561760654788343,9.326603190344699,0.2956089559301018,0.22934531374330994,0.1865083962991146,15.200000000000001,1.3748714154910107,1.1604178513621908,0.7373613899399749,15.200000000000001,0.0011167206328129191,3.921708452077473,9.326603190344699,0.004054134234207585,0.003051752477298658,0.0026688595328858027,15.200000000000001,1.5152505797612659,1.4893421465505043,0.279005895950585,0.20610737385376204,0.0
15.25,0.0008893310650252955,3.1540821011016655,9.357282806102411,0.2945421824994425,0.2944174894136706,-0.008569667373127947,15.25,1.3124294762881608,0.9071520901779975,0.9484441024729431,15.25,0.0010324612791909667,3.6617045876882,9.357282806102411,0.003698025663333914,0.0036830207928770673,-0.0003327936987255195,15.25,1.460537138543112,1.3308841864395429,0.6015945606044472,0.1464466094067263,0.0
15.3,0.0005560337238742758,1.9914775966524574,9.387962421860124,0.28644976374902287,0.21154860791359698,-0.19313377136505727,15.3,1.2504108303536543,0.622868692939876,1.0842332940936124,15.3,0.0008896638088257997,3.186399435422882,9.387962421860124,0.0031723528925110267,0.0018599065237761662,-0.002569935913099378,15.3,1.4057379605415554,1.1069666848558117,0.8664432885808889,0.09549150281252565,0.0
15.350000000000001,0.00018715020235853292,0.6768858578226797,9.418642037617836,0.27177446671706995,0.0322371072848273,-0.2698557571615886,15.350000000000001,1.1888895642438442,0.3281069201373778,1.142717920103593,15.350000000000001,0.0006970084957654267,2.5209440739050604,9.418642037617836,0.0026383661990806973,-0.0008220163163101194,-0.002507043154030554,15.350000000000001,1.3509254866861946,0.8355932834965913,1.0615006053477865,0.054496737905815086,0.0
15.4,-1.3512639998181201e-05,-0.049351728610317266,9.44932165337555,0.2513049233774848,-0.14117405281389633,-0.20790394735517334,15.4,1.1279381636900097,0.042439262053093084,1.127139481228823,15.4,0.00046603178494961594,1.7020711110272242,9.44932165337555,0.0023094345204403076,-0.0022627104962424085,-0.00046220018865831994,15.4,1.2961715710036794,0.5366050630405395,1.1798795480036954,0.024471741852423023,0.0
15.450000000000001,-0.0004828598466656266,-1.780764721877442,9.480001269133263,0.22609072719966833,-0.21891061330321776,-0.056525749078485434,15.450000000000001,1.0676274112131368,-0.2167951025050611,1.0453842225246583,15.450000000000001,0.0002104342448857714,0.7760717362506184,9.480001269133263,0.0023178390875476895,-0.0014821902212233116,0.001781990511723869,15.450000000000001,1.2415473432865611,0.23027825831513596,1.2200048071090808,0.0061558297024308685,0.0
15.5,-0.0006733544732969546,-2.5074878892486967,9.510680884890975,0.19736004317784575,-0.17516692945249718,0.09092597796749295,15.5,1.0080262881557343,-0.4355160078154337,0.9090889970456877,15.5,-5.473659873963312e-05,-0.2038322516315513,9.510680884890975,0.0025520658890869166,0.0007326449369120366,0.002444641425374722,15.5,1.1871230764362002,-0.06403326725555013,1.1853948453118597,3.749399456654644e-33,0.0
15.55,-0.0008359480027968824,-3.143188628514859,9.541360500648688,0.166458921456612,-0.05626254422133488,0.1566623715199054,15.55,0.9492018816126581,-0.6036277457811905,0.7325419828106299,15.55,-0.00031397947217605535,-1.1805718815392272,9.541360500648688,0.0027919969567324022,0.002570401900696426,0.0010900830588992734,15.55,1.1329680587435484,-0.32911924375008283,1.0841112237803363,0.0,0.0
15.600000000000001,-0.0007385460196216813,-2.803827925628066,9.5720401164064,0.1348411236015936,0.056008556952017285,0.1226587549353607,15.600000000000001,0.8912192968893984,-0.715409912790593,0.5314701231762607,15.600000000000001,-0.0005522551451657477,-2.096590269189568,9.5720401164064,0.0028900444060046943,0.002647439971022979,-0.0011590592169983692,15.600000000000001,1.0791504714187534,-0.5509198019380445,0.9279294756585027,0.0,0.0
15.65,-0.000905461138399458,-3.4706661587298857,9.602719732164113,0.10417047736225804,0.09876328427253743,0.03312554955895336,15.65,0.8341415763320478,-0.7695657446101113,0.32180853638211393,15.65,-0.0007558701794298169,-2.8972784594348995,9.602719732164113,0.0027906606658558157,0.0010092916463069405,-0.0026017527408748607,15.65,1.0257372717453175,-0.7192582968917625,0.7313032565221411,0.0,0.0
15.700000000000001,-0.0012096173619308961,-4.681089761614842,9.633399347921827,0.07670380186896686,0.06408819123739706,-0.04214471455678096,15.700000000000001,0.7780296256979111,-0.7689457663432793,0.118543270101591,15.700000000000001,-0.0009132761222996121,-3.534280872754414,9.633399347921827,0.0025064535015615255,-0.0010341656509831427,-0.0022831580238381758,15.700000000000001,0.972794082324789,-0.8282627132060374,0.5102050612437139,0.0,0.0
15.75,-0.0009692543971886436,-3.786861785216075,9.66407896367954,0.05629357040070666,-0.0042641850278812635,-0.05613183405615133,15.75,0.7229421497355534,-0.7199877369612797,-0.06529173370066309,15.75,-0.0010157368896136112,-3.968468156831479,9.66407896367954,0.0021029485704921963,-0.002005427953381399,-0.0006329703104661893,15.75,0.9203850870054225,-0.8764622013817076,0.28093187418146437,0.0,0.0
15.8,-0.0009104721385129454,-3.591186181602273,9.694758579437252,0.04881187979433904,-0.04724497240074158,-0.012268341041484394,15.8,0.6689355994305285,-0.6319327985694329,-0.2193986651684213,15.8,-0.00105782515507855,-4.172392453078186,9.694758579437252,0.0016942638878298289,-0.0013713027913341235,0.0009950169727615144,15.8,0.8685729342705011,-0.8665693036983801,0.05896256469127584,0.0,0.0
15.850000000000001,-0.0014599926914591434,-5.813510770792003,9.725438195194965,0.05525813414355159,-0.03280596244588183,0.04446605690890674,15.850000000000001,0.6160641346454739,-0.5158912022824713,-0.3367362252624789,15.850000000000001,-0.0010377189603534146,-4.1320688715505645,9.725438195194965,0.0014331148940175632,0.00016590534211477387,0.0014234794402845274,15.850000000000001,0.8174186491263866,-0.804980688657662,-0.1420539996897057,0.0,0.0
15.9,-0.0013271814890524767,-5.3348435607329705,9.756117810952677,0.06811369153320394,0.024384590852826658,0.06359926653052456,15.9,0.5643796079973757,-0.3838381955712691,-0.41375425259912874,15.9,-0.0009572818497558698,-3.847965748544825,9.756117810952677,0.0014182809238019634,0.0013274595064842393,0.0004993716426321886,15.9,0.7669815549195803,-0.7010481390655537,-0.3111144681617703,0.0,0.0
15.950000000000001,-0.000878373722362706,-3.5641945109088846,9.786797426710391,0.08124611500741591,0.07700051028452763,0.025920119978900695,15.950000000000001,0.5139315794381276,-0.2476213506406908,-0.4503435744524935,15.950000000000001,-0.0008219228842820225,-3.3351328232684883,9.786797426710391,0.0015639307239946067,0.001267974134439761,-0.0009154894340439075,15.950000000000001,0.7173192070945043,-0.5661858435951562,-0.4404321007591631,0.0,0.0
16.0,-0.0006076267098034506,-2.4888390033549337,9.817477042468104,0.09202803779676282,0.08089530442315218,-0.04387606936597603,16.0,0.4647673774358546,-0.11805503241334876,-0.44952388640703544,16.0,-0.0006402470569474625,-2.6224519452568065,9.817477042468104,0.001708225029164085,0.0001423862304251578,-0.0017022805032214734,16.0,0.6684873417911694,-0.41288882802918914,-0.5257358099118857,0.0,0.0
16.05,-0.0001861308451008149,-0.7695617249525771,9.848156658225816,0.09952472653761427,0.027147306620377502,-0.09575069156745611,16.05,0.41693223453589306,-0.004166565073474964,-0.4169114149679539,16.05,-0.0004235202053120349,-1.7510528122067406,9.848156658225816,0.0017528390756208344,-0.0011354154254813577,-0.0013353938133008887,16.05,0.6205398435613763,-0.25374017932759474,-0.5662911078605927,0.0,0.0
16.1,2.6188050018260757e-05,0.1092900915682573,9.878836273983529,0.10364231389095403,-0.05122036525459077,-0.09010107331135048,16.1,0.3704695480672801,0.08735692396541565,-0.3600228518864814,16.1,-0.0001849674839412847,-0.7719212863499687,9.878836273983529,0.0016673368196640404,-0.0016571565434203594,-0.00018396809725189633,16.1,0.5735287386745765,-0.10048157970656638,-0.5646580082008257,0.0,0.0
16.150000000000002,0.00022857861647721198,0.9628379060674614,9.909515889741241,0.10489135170675613,-0.1016009954943175,-0.026065942864858905,16.150000000000002,0.32542136369830504,0.15249060712904752,-0.2874816145228752,16.150000000000002,6.103893162704587e-05,0.2571132769203672,9.909515889741241,0.0014657155173467631,-0.0011716149644006206,0.0008807044640420652,16.150000000000002,0.5275042240568322,0.036786952101314725,-0.5262199412345528,0.0,0.0
16.2,0.0006291233563292025,2.6747355648875812,9.940195505498954,0.10436200938250302,-0.08774269035221824,0.05650353344799241,16.2,0.2818292817169975,0.18995266339044348,-0.20819637293669557,16.2,0.0002998510265545931,1.2748250352255959,9.940195505498954,0.0011918497710407222,-0.0001621376598799242,0.0011807697726392238,16.2,0.4825147478913662,0.15022544773310667,-0.4585333104432614,0.0,0.0
16.25,0.0006951155714295825,2.982751778185142,9.970875121256668,0.10372022003403426,-0.01529785904165482,0.1025858642925532,16.25,0.2397362261519025,0.20105306614896887,-0.1305799476246429,16.25,0.000517423966003053,2.220274322868569,9.970875121256668,0.0009129559871937562,0.0006148966142279375,0.0006748264875980677,16.25,0.4386071682570121,0.2346544896030462,-0.37055838751210163,0.0,0.0
16.3,0.0008832938418250497,3.8253221556023087,,,,,16.3,0.19919013807603847,0.18933798443661698,-0.06186953011160384,16.3,0.0007011497042148265,3.0365019780792473,,,,,16.3,0.3958270347220066,0.28772046177772403,-0.2718381453939639,0.0,
16.35,0.0016615441668148608,7.26214909772053,,,,,16.35,0.16025246660888387,0.16007226711719005,-0.007597522898576436,16.35,0.0008405952188571155,3.674008751674427,,,,,16.35,0.35421907241759276,0.3098273208228963,-0.17169211553267644,0.0,
16.400000000000002,0.0023614600450907845,10.416268017132928,,,,,16.400000000000002,0.12302052550218641,0.11961325262914756,0.02875273013662915,16.400000000000002,0.0009281017147639519,4.093804690127766,,,,,16.400000000000002,0.3138280158282888,0.3038547660909975,-0.07848760820986886,0.0,
16.45,0.0032438944238803507,14.439907726786458,,,,,16.45,0.08769915204438186,0.0747350824218307,0.045889091565488406,16.45,0.0009592100514999875,4.269838294458867,,,,,16.45,0.2747000795138081,0.2746984063626219,0.0009587631242168058,0.0,
16.5,0.004160981878801078,18.691650722309294,,,,,16.5,0.0549124862213129,0.031963536004645854,0.044651019127065705,16.5,0.0009328885859347318,4.190652139092057,,,,,16.5,0.23688566177575593,0.2286797112904578,0.06180943616512529,0.0,
,,,,,,,16.55,0.027929311022128707,-0.0030226900292468677,0.02776526173400661,,,,,,,,16.55,0.200444613709656,0.17288138621032417,0.1014399796293845,,
,,,,,,,16.6,0.025882694458592537,-0.02587681668515171,-0.0005515711014102016,,,,,,,,16.6,0.16545733745055397,0.11446687387947668,0.11947160876328093,,
,,,,,,,16.650000000000002,0.04881184031903198,-0.03391947091432528,-0.03510078700289948,,,,,,,,16.650000000000002,0.13205067792931646,0.060040917661974016,0.11761152047269913,,
,,,,,,,16.7,0.07503153250767618,-0.026303721929480404,-0.07026980207106776,,,,,,,,16.7,0.10046710720303116,0.015101854495646147,0.09932559398532528,,
,,,,,,,16.75,0.10068777375707028,-0.004004008617519524,-0.10060812938896041,,,,,,,,16.75,0.07128642268627884,-0.016373774030305727,0.06938049858145512,,
,,,,,,,16.8,0.1251005911856191,0.030361471584467885,-0.12136036815293921,,,,,,,,16.8,0.0463135833251907,-0.032186634042561,0.033301180000559066,,
,,,,,,,16.85,0.14807260888965557,0.072851582635612,-0.1289113820066929,,,,,,,,16.85,0.03215716480614476,-0.031996998250957795,-0.003205518881204512,,
,,,,,,,16.900000000000002,0.1695308778653609,0.11863173512555493,-0.12110833980738112,,,,,,,,16.900000000000002,0.03884348847821685,-0.017236154210353183,-0.0348099351506763,,
,,,,,,,16.95,0.18944716918728763,0.1624696521483508,-0.09743634867887178,,,,,,,,16.95,0.05778099775202261,0.009136901228977383,-0.057054015959887995,,
,,,,,,,17.0,0.20781354823788176,0.19925108084879495,-0.05903793366815429,,,,,,,,17.0,0.07939664496233051,0.04300489160277149,-0.06674134048330342,,
,,,,,,,17.05,0.22463316798663388,0.22446923271833377,-0.00858042671163794,,,,,,,,17.05,0.10097626987176272,0.07954979052482784,-0.06219355195413001,,
,,,,,,,17.1,0.239916247075706,0.23464575663666248,0.05001174365385963,,,,,,,,17.1,0.12173697586263264,0.11375454122133483,-0.043356610150043315,,
,,,,,,,17.150000000000002,0.2536780995942927,0.22764848955073994,0.11193186954142482,,,,,,,,17.150000000000002,0.14139245876710782,0.1409030744730192,-0.011753765365154009,,
,,,,,,,17.2,0.26593807190928936,0.20288134109435965,0.17193667301243343,,,,,,,,17.2,0.15981944362224257,0.1570346806362251,0.029704606329691626,,
,,,,,,,17.25,0.27671891597789733,0.16133350544415498,0.2248218371979987,,,,,,,,17.25,0.17696055509669745,0.15931436614592015,0.07703227115732074,,
,,,,,,,17.3,0.2860463869912164,0.10548770074152693,0.26588508890683354,,,,,,,,17.3,0.19278975139598423,0.14628943689848656,0.1255678656952053,,
,,,,,,,17.35,0.29394896235241497,0.03909923857977712,0.2913369904604342,,,,,,,,17.35,0.2072980149932001,0.11801337762570983,0.17042684565963376,,
,,,,,,,17.400000000000002,0.3004576288627197,-0.0331315809995615,0.29862532558756183,,,,,,,,17.400000000000002,0.2204867018227398,0.07603015792832281,0.20696328361828834,,
,,,,,,,17.45,0.30560570930348463,-0.10596282245626008,0.2866473963181753,,,,,,,,17.45,0.23236415066200025,0.023224340494725396,0.23120062396424845,,
,,,,,,,17.5,0.30942871212694856,-0.1740535546709666,0.2558348842416586,,,,,,,,17.5,0.24294381523216668,-0.03644623886810605,0.24019444005207552,,
,,,,,,,17.55,0.3119641947304029,-0.23240705023762123,0.20810723628369232,,,,,,,,17.55,0.25224316212723064,-0.09830883776992415,0.2322971916667765,,
,,,,,,,17.6,0.3132516345920694,-0.2767769026291095,0.14670082735158582,,,,,,,,17.6,0.2602829777190567,-0.15739176311376396,0.2073042724939353,,
,,,,,,,17.650000000000002,0.3133323047650197,-0.30400265921404807,0.07589147778338844,,,,,,,,17.650000000000002,0.26708690447932193,-0.20886043944652702,0.16647141309711422,,
,,,,,,,17.7,0.31224915156120064,-0.31224850298702456,0.0006364220704571519,,,,,,,,17.7,0.2726811113243573,-0.24843539749044996,0.11240481193814011,,
,,,,,,,17.75,0.3100466730857297,-0.3011274759803116,-0.07383212513029944,,,,,,,,17.75,0.2770940449294042,-0.27275654322921433,0.048836235122994606,,
,,,,,,,17.8,0.30677079780884425,-0.27170390300725783,-0.14242651255611588,,,,,,,,17.8,0.28035623134305127,-0.27966357913384365,-0.019695150644939232,,
,,,,,,,17.85,0.3024687627069062,-0.22637714992070526,-0.20060094318628036,,,,,,,,17.85,0.28250010958806293,-0.26837036934560016,-0.08822503485164349,,
,,,,,,,17.900000000000002,0.2971889907336066,-0.16865974171838027,-0.24469406968038473,,,,,,,,17.900000000000002,0.28355988601945026,-0.2395206329804719,-0.1517763991403067,,
,,,,,,,17.95,0.29098096753942365,-0.10287135500473128,-0.27219002147336274,,,,,,,,17.95,0.28357140241502576,-0.19512275677035965,-0.20576649401192496,,
,,,,,,,18.0,0.28389511746697793,-0.033776612113811305,-0.2818786586382558,,,,,,,,18.0,0.28257201335031207,-0.13837183731159017,-0.24637405985181104,,
,,,,,,,18.05,0.2759826789283261,0.033801538061534256,-0.2739049015500274,,,,,,,,18.05,0.2806004700398351,-0.07337642334373927,-0.2708367114773342,,
,,,,,,,18.1,0.26729557932798875,0.09536001315027946,-0.24970661709346761,,,,,,,,18.1,0.2776968088945251,-0.004815063052040167,-0.2776550608903199,,
,,,,,,,18.150000000000002,0.2578863097396936,0.14705427779258723,-0.2118499188908454,,,,,,,,18.150000000000002,0.27390224377426764,0.06244693022496647,-0.2666886200235333,,
,,,,,,,18.2,0.24780779958067786,0.18597075123983137,-0.1637790744152322,,,,,,,,18.2,0.2692590614419634,0.12374748648272668,-0.2391380391276436,,
,,,,,,,18.25,0.23711329155914906,0.21031263633594577,-0.1095048310872094,,,,,,,,18.25,0.2638105201382848,0.17499182316123515,-0.19741796362626013,,
,,,,,,,18.3,0.22585621720236757,0.21948683481828093,-0.05325936716123935,,,,,,,,18.3,0.2576007515559954,0.21296082031388655,-0.14493390291250066,,
,,,,,,,18.35,0.21409007330982593,0.21408837772417091,0.0008520641051931174,,,,,,,,18.35,0.2506746668481714,0.23553949212487968,-0.08578424242828903,,
,,,,,,,18.400000000000002,0.2018682997255554,0.19578758760208784,0.0491734783703721,,,,,,,,18.400000000000002,0.24307786770276318,0.24184869845708593,-0.02441427495412401,,
,,,,,,,18.45,0.18924415889786234,0.16713325248259406,0.08876839297604094,,,,,,,,18.45,0.23485656401039703,0.2322718513341621,0.034747557274873775,,
,,,,,,,18.5,0.1762706178155846,0.13129176488221941,0.1176171891315207,,,,,,,,18.5,0.22605750031481042,0.20837745215303669,0.08764034962726597,,
,,,,,,,18.55,0.16300023311859616,0.09174693490331802,0.1347277845604351,,,,,,,,18.55,0.21672789417053762,0.1727470622538525,0.13087945825934397,,
,,,,,,,18.6,0.14948504055942588,0.05198767595545503,0.1401536974175273,,,,,,,,18.6,0.2069153909032428,0.12872602497182845,0.1619987329814464,,
,,,,,,,18.650000000000002,0.1357764507165926,0.015210839548425562,0.13492173631193513,,,,,,,,18.650000000000002,0.19666804133705604,0.08012029215159833,0.17960806571225169,,
,,,,,,,18.7,0.12192515431761919,-0.015935792811409413,0.1208792528221741,,,,,,,,18.7,0.18603431225791184,0.030866591871361627,0.1834557680846286,,
,,,,,,,18.75,0.1079810436510302,-0.03954970303521597,0.10047749388689947,,,,,,,,18.75,0.17506314447116472,-0.01529536857755099,0.17439368180128761,,
,,,,,,,18.8,0.0939931637450998,-0.054594354590453816,0.07651255633989064,,,,,,,,18.8,0.1638040816050594,-0.05512100110904416,0.15425126381075038,,
,,,,,,,18.85,0.08000972517624202,-0.06093685355213624,0.05184839440082285,,,,,,,,18.85,0.15230750670324122,-0.08610493953903876,0.1256324638982152,,
,,,,,,,18.900000000000002,0.06607826194823374,-0.05930248902325105,0.029147066709131874,,,,,,,,18.900000000000002,0.1406250476271948,-0.10665220281544356,0.09165539621192141,,
,,,,,,,18.95,0.05224618834863847,-0.05115338449076792,0.010629931895410715,,,,,,,,18.95,0.12881025506504318,-0.11616430564243563,0.055659104417267416,,
,,,,,,,19.0,0.03856270670404331,-0.038504938023456683,-0.0021099990881104846,,,,,,,,19.0,0.11691973608680922,-0.11503588713529342,0.020903812035252194,,
,,,,,,,19.05,0.025086999206755715,-0.023698791031277873,-0.008229509879426925,,,,,,,,19.05,0.105015078623547,-0.10456528294608962,-0.009709188468351905,,
,,,,,,,19.1,0.011950342580534016,-0.0091543404926051,-0.007681714518099134,,,,,,,,19.1,0.09316620902325992,-0.08678981170378151,-0.0338743426237013,,
,,,,,,,19.150000000000002,0.003112695667564171,0.002877939069045238,-0.0011858925051351772,,,,,,,,19.150000000000002,0.08145747168067215,-0.0642627622119912,-0.05005613933867235,,
,,,,,,,19.200000000000003,0.014441963516545597,0.010538925935703073,0.009874277205699625,,,,,,,,19.200000000000003,0.06999914806164464,-0.03979364516439391,-0.057587729021783426,,
,,,,,,,19.25,0.026735684555587426,0.012539378325812018,0.023612725803219582,,,,,,,,19.25,0.05895040230273383,-0.016175856786108077,-0.056687666991061536,,
,,,,,,,19.3,0.03874180497727337,0.008279347041115274,0.037846794652517925,,,,,,,,19.3,0.04856709586960441,0.00407368335160112,-0.04839594926394391,,
,,,,,,,19.35,0.05037069470116513,-0.0021010607432652138,0.05032685593628013,,,,,,,,19.35,0.03930233604721407,0.018940095872573157,-0.034437572317250816,,
,,,,,,,19.400000000000002,0.061579564359322395,-0.0177427175712846,0.0589681161295624,,,,,,,,19.400000000000002,0.03199058132981781,0.02708217046890794,-0.017028016223644447,,
,,,,,,,19.450000000000003,0.072335921630439,-0.03715694815735906,0.06206324807610657,,,,,,,,19.450000000000003,0.02796929077667771,0.027936196942682262,0.0013601937104761783,,
,,,,,,,19.5,0.08261177651022134,-0.05837400237633196,0.058456663133835726,,,,,,,,19.5,0.028386665794473274,0.02174449709500394,0.01824772974954649,,
,,,,,,,19.55,0.09238214775856887,-0.07913598498094658,0.04766505119667291,,,,,,,,19.55,0.03280073144541317,0.009508027890345924,0.03139244159014269,,
,,,,,,,19.6,0.10162456867894734,-0.09711598113519325,0.02993391333138511,,,,,,,,19.6,0.03965156518035241,-0.00713080292271054,0.03900510570334605,,
,,,,,,,19.650000000000002,0.11031889741994905,-0.11014308689430817,0.006225715809938486,,,,,,,,19.650000000000002,0.04767305002987483,-0.026062887016797997,0.039917986165393805,,
,,,,,,,19.700000000000003,0.1184472364984277,-0.1164128540150826,-0.02185852817958089,,,,,,,,19.700000000000003,0.05615722816658753,-0.044927636449108486,0.03369186487048337,,
,,,,,,,19.75,0.1259938951032013,-0.11466426969202428,-0.05221653817777672,,,,,,,,19.75,0.06473145739301868,-0.06134831553783866,0.020652984212795385,,
,,,,,,,19.8,0.13294536825305323,-0.10430763749836304,-0.08242807591743252,,,,,,,,19.8,0.07318930267234464,-0.07316572091435918,0.0018577698313241308,,
,,,,,,,19.85,0.13929032159091073,-0.08549229080694486,-0.1099675493110586,,,,,,,,19.85,0.0814069844172521,-0.07864899217419533,-0.021010310371198458,,
,,,,,,,19.900000000000002,0.14501957656033748,-0.05910853060983042,-0.1324268069345717,,,,,,,,19.900000000000002,0.08930426758882871,-0.07666474354484912,-0.04580141162431172,,
,,,,,,,19.950000000000003,0.15012609335404592,-0.026724042703526112,-0.14772836371979425,,,,,,,,19.950000000000003,0.0968255478623144,-0.06678973187898365,-0.07010219992532911,,
,,,,,,,20.0,0.15460495028631527,0.009539204009890154,-0.15431038280002973,,,,,,,,20.0,0.10393020811269076,-0.049357535787530875,-0.09146213325376694,,
,,,,,,,20.05,0.15845331888423814,0.04717644446815512,-0.15126743652476277,,,,,,,,20.05,0.11058742763214298,-0.025435731963583164,-0.10762250085261545,,
,,,,,,,20.1,0.16167043434022071,0.08350477478096625,-0.13843511811869025,,,,,,,,20.1,0.11677324420012532,0.003263721979497595,-0.11672762603541051,,
,,,,,,,20.150000000000002,0.16425756116692042,0.11588307089772579,-0.11641159856224491,,,,,,,,20.150000000000002,0.12246881400978203,0.03453230209970809,-0.11749949155914284,,
,,,,,,,20.200000000000003,0.16621795401605968,0.1419281621343198,-0.0865147677015847,,,,,,,,20.200000000000003,0.12765933761004963,0.06585729352052294,-0.1093605201578171,,
,,,,,,,20.25,0.16755681369963538,0.15970881978352677,-0.05067917422894028,,,,,,,,20.25,0.13233337094249806,0.0946413226462913,-0.09249400582073079,,
,,,,,,,20.3,0.16828123850447432,0.16790127372342115,-0.011302102222709928,,,,,,,,20.3,0.13648236667898309,0.11842945688695262,-0.06783730651903733,,
,,,,,,,20.35,0.16840017092895165,0.1658934945018526,0.02894764326959868,,,,,,,,20.35,0.14010035727781925,0.13512384502253671,-0.037008872121399194,,
,,,,,,,20.400000000000002,0.1679243399996415,0.1538300458248705,0.06734167332219652,,,,,,,,20.400000000000002,0.1431837273350572,0.14316719227992358,-0.0021759660483092347,,
,,,,,,,20.450000000000003,0.16686619934908076,0.13259450949184928,0.10130658684322086,,,,,,,,20.450000000000003,0.1457310432731828,0.1416793010269639,0.03412495617581391,,
,,,,,,,20.5,0.1652398612556826,0.10373185149436527,0.1286231500677393,,,,,,,,20.5,0.1477429203748666,0.1305351797340852,0.06919925846917901,,
,,,,,,,20.55,0.1630610268644899,0.06931816794082962,0.14759366543124008,,,,,,,,20.55,0.14922191437531065,0.11037843688700699,0.10041802826292477,,
,,,,,,,20.6,0.16034691282386432,0.031789590685722,0.15716410015069662,,,,,,,,20.6,0.15017242928716126,0.08256936455451896,0.1254354756640656,,
,,,,,,,20.650000000000002,0.15711617458917596,-0.006254615928781101,0.15699163065947133,,,,,,,,20.650000000000002,0.15060063596598314,0.049072776284224705,0.14238122833125513,,
,,,,,,,20.700000000000003,0.15338882666093132,-0.04225783397519028,0.1474530691852241,,,,,,,,20.700000000000003,0.15051439777234316,0.012295804320543821,0.15001132334887934,,
,,,,,,,20.75,0.14918616004261928,-0.07390339953081296,0.12959474482420594,,,,,,,,20.75,0.14992320092557634,-0.025109956792724004,0.14780546757694138,,
,,,,,,,20.8,0.14453065722430372,-0.09928717355176572,0.10502936753970636,,,,,,,,20.8,0.1488380880026039,-0.06046469771024901,0.13600292927389127,,
,,,,,,,20.85,0.13944590502391283,-0.11705156513443542,0.07578978511327987,,,,,,,,20.85,0.14727159365548026,-0.09127643083628091,0.1155748046574794,,
,,,,,,,20.900000000000002,0.13395650565276543,-0.12647078498175737,0.04415298350958256,,,,,,,,20.900000000000002,0.14523768209684057,-0.11543850251117183,0.0881358975607618,,
,,,,,,,20.950000000000003,0.12808798642101682,-0.1274814974875317,0.012449902157327775,,,,,,,,20.950000000000003,0.14275168629782647,-0.13139213356955,0.05580458025032159,,
,,,,,,,21.0,0.12186670857226146,-0.12065783698037315,-0.017122529995716323,,,,,,,,21.0,0.13983024920820633,-0.13824079786214738,0.02102332989956616,,
,,,,,,,21.05,0.1153197758517493,-0.10713453440950875,-0.042671328071147305,,,,,,,,21.05,0.13649126768759864,-0.13580759129679282,-0.013644203939072097,,
,,,,,,,21.1,0.10847494360074512,-0.08848625181262323,-0.06274549090841401,,,,,,,,21.1,0.1327538402768672,-0.12463177901617338,-0.045722005287604096,,
,,,,,,,21.150000000000002,0.10136052948846362,-0.06657477529353843,-0.07643138251266011,,,,,,,,21.150000000000002,0.12863822049822132,-0.10590598774124574,-0.07301858348050935,,
,,,,,,,21.200000000000003,0.09400532755543906,-0.04337818137458323,-0.08339865100491226,,,,,,,,21.200000000000003,0.12416577813243337,-0.08136057236081773,-0.09379551015028817,,
,,,,,,,21.25,0.08643852827640716,-0.02081727520402714,-0.0838943396402346,,,,,,,,21.25,0.11935897200375033,-0.05310609523659915,-0.10689390462750117,,
,,,,,,,21.3,0.07868964934374117,-0.0005944259872807967,-0.07868740414822814,,,,,,,,21.3,0.11424133939891412,-0.02344824195274978,-0.11180904962024851,,
,,,,,,,21.35,0.07078848592589079,0.015941561477826136,-0.06897011205825845,,,,,,,,21.35,0.10883750966747113,0.00530841796992588,-0.10870797675089644,,
,,,,,,,21.400000000000002,0.06276509794124736,0.02789354322488778,-0.0562263974120314,,,,,,,,21.400000000000002,0.10317325331624111,0.03105079124426828,-0.09838988038900204,,
,,,,,,,21.450000000000003,0.054649872451924056,0.03486964922838994,-0.0420798778717407,,,,,,,,21.450000000000003,0.09727558391319949,0.05202557036481248,-0.0821941558376863,,
,,,,,,,21.5,0.04647375220361424,0.036989079750423995,-0.02813570015300335,,,,,,,,21.5,0.09117293992467301,0.0669715710209915,-0.06186528630410051,,
,,,,,,,21.55,0.03826887502183519,0.03484107007857152,-0.015830560041164347,,,,,,,,21.55,0.08489549006254639,0.07520559311193621,-0.03938734565367162,,
,,,,,,,21.6,0.030070392661144175,0.0294021452657295,-0.006304154865510037,,,,,,,,21.6,0.07847563409225596,0.07665556742039441,-0.016803247592028534,,
,,,,,,,21.650000000000002,0.021922476252285647,0.021920380961579198,-0.0003030899722267134,,,,,,,,21.650000000000002,0.07194882144574181,0.07183947842874089,0.003965128814768908,,
,,,,,,,21.700000000000003,0.013905114941899404,0.013778133218090793,0.0018749044167575876,,,,,,,,21.700000000000003,0.06535490226916436,0.06179332338518247,0.021280235798183413,,
,,,,,,,21.75,0.006358492237381758,0.006346373454520154,0.00039238693735393844,,,,,,,,21.75,0.05874039979157854,0.04795576098244198,0.033921667946452384,,
,,,,,,,21.8,0.004245513387392742,0.0008442370507795461,-0.004160726826483812,,,,,,,,21.8,0.05216243110310785,0.03202074206789803,0.041177558159847444,,
,,,,,,,21.85,0.010986126037683184,-0.001783354476280118,-0.01084041568058126,,,,,,,,21.85,0.04569567098980185,0.015771993966771435,0.04288751046074304,,
,,,,,,,21.900000000000002,0.01847942930427106,-0.0009590191902397672,-0.01845452761802111,,,,,,,,21.900000000000002,0.039445053742152875,0.000914541299304351,0.039434450407393726,,
,,,,,,,21.950000000000003,0.025924463343692517,0.003470961870119813,-0.025691053371838052,,,,,,,,21.950000000000003,0.03356918551657004,-0.011081603958052863,0.031687351892557426,,
,,,,,,,22.0,0.03321002157151094,0.011222364926082395,-0.03125642427159668,,,,,,,,22.0,0.028321707377668554,-0.019111834715028475,0.02090112156348835,,
,,,,,,,22.05,0.04029089023381637,0.021601360976063688,-0.034010837093715184,,,,,,,,22.05,0.024109967904528903,-0.022530249461241797,0.008583612967254966,,
,,,,,,,22.1,0.0471372826149943,0.03357236615726346,-0.03308805891750792,,,,,,,,22.1,0.02151142379182172,-0.021198206361366274,-0.003657512899811007,,
,,,,,,,22.150000000000002,0.05372517594224396,0.04585875578664348,-0.02798873072731349,,,,,,,,22.150000000000002,0.021059781674740038,-0.015484613467257062,-0.014273792416781094,,
,,,,,,,22.200000000000003,0.060033588051724734,0.0570668907246483,-0.018638714477807638,,,,,,,,22.200000000000003,0.02279111074709642,-0.006218819799964482,-0.02192626300540025,,
,,,,,,,22.25,0.06604362379747171,0.0658218930019844,-0.00540727712784238,,,,,,,,22.25,0.02617631177575391,0.00539879219133318,-0.02561351871680798,,
,,,,,,,22.3,0.07173809553658825,0.07090265232095105,0.010916420891070318,,,,,,,,22.3,0.03056925041055021,0.017919694738807068,-0.024766178775315634,,
,,,,,,,22.35,0.07710136169093743,0.07136371656574857,0.029186296999109986,,,,,,,,22.35,0.03549692414555788,0.02979188695432938,-0.01929961386908942,,
,,,,,,,22.400000000000002,0.08211925737164817,0.06663298810795268,0.04799601365818238,,,,,,,,22.400000000000002,0.04066721809307717,0.03951285779332804,-0.009620639086575221,,
,,,,,,,22.450000000000003,0.08677906640241885,0.05657638760147773,0.06580059826204301,,,,,,,,22.450000000000003,0.045903751018831665,0.04577677500532721,0.0034119243412682964,,
,,,,,,,22.5,0.09106951226876724,0.04152364851291074,0.08105209854807827,,,,,,,,22.5,0.05109598222242204,0.047602523114792086,0.018568769274773002,,
,,,,,,,22.55,0.09498075721480756,0.022252895034683536,0.09233716967545397,,,,,,,,22.55,0.056170612150351074,0.04443108307123928,0.03436592100412561,,
,,,,,,,22.6,0.09850440398152313,-6.467979564087131e-05,0.09850438274655167,,,,,,,,22.6,0.06107614015196748,0.03618361698800336,0.04920407257055303,,
,,,,,,,22.650000000000002,0.10163349722803997,-0.02395520437258639,0.0987700154007765,,,,,,,,22.650000000000002,0.06577446858749181,0.023275226923837582,0.061518651883886506,,
,,,,,,,22.700000000000003,0.10436252298369514,-0.04775969792538161,0.09279303560935269,,,,,,,,22.700000000000003,0.07023620591853519,0.006583369217376623,0.06992698957897855,,
,,,,,,,22.75,0.10668740518473445,-0.06976859175701665,0.08071273771403403,,,,,,,,22.75,0.07443794731351747,-0.012626033979946617,0.07335932978283836,,
,,,,,,,22.8,0.10860549875009949,-0.08836155362966278,0.06314578528223472,,,,,,,,22.8,0.07836064519784636,-0.03280799577101502,0.0711619710892821,,
,,,,,,,22.85,0.11011557888891224,-0.10214057585460741,0.04114296389577987,,,,,,,,22.85,0.081988600783304,-0.052273478327726206,0.0631633922610616,,
,,,,,,,22.900000000000002,0.11121782648069108,-0.11004494997176666,0.01610943552085181,,,,,,,,22.900000000000002,0.08530882085030642,-0.06933791599134152,0.04969756856071875,,
,,,,,,,22.950000000000003,0.11191380946646336,-0.1114383963919075,-0.010304589215294315,,,,,,,,22.950000000000003,0.088310595690676,-0.08247003086109954,0.031582516065242996,,
,,,,,,,23.0,0.11220646025600588,-0.10616109109834646,-0.03633335189589879,,,,,,,,23.0,0.09098521441301068,-0.0904277871850605,0.010056070136734969,,
,,,,,,,23.05,0.11210004920550284,-0.09454240819954103,-0.060234160438305394,,,,,,,,23.05,0.09332576741995965,-0.09236955217292402,-0.013325340367055218,,
,,,,,,,23.1,0.11160015425815746,-0.07737360180224735,-0.08042338077071745,,,,,,,,23.1,0.09532700517495217,-0.08793079054593492,-0.03681594749007934,,
,,,,,,,23.150000000000002,0.11071362687224177,-0.055843083306990775,-0.09559841641980513,,,,,,,,23.150000000000002,0.09698523379042226,-0.07725970860957203,-0.05862655540748481,,
,,,,,,,23.200000000000003,0.10944855438980436,-0.03144011227389375,-0.10483561130752717,,,,,,,,23.200000000000003,0.09829823490070724,-0.06100890093021545,-0.07707436014578244,,
,,,,,,,23.25,0.10781421902715302,-0.00583533945927498,-0.10765618717858233,,,,,,,,23.25,0.0992652015991704,-0.04028391393291917,-0.09072368228180061,,
,,,,,,,23.3,0.10582105369752498,0.019251500713139212,-0.10405515424978459,,,,,,,,23.3,0.09988668497306928,-0.01655338512586775,-0.09850550886008297,,
,,,,,,,23.35,0.10348059490956753,0.042185504964840595,-0.0944913577725467,,,,,,,,23.35,0.10016454756965551,0.008471282422292436,-0.09980568102044864,,
,,,,,,,23.400000000000002,0.10080543302562261,0.06154091590850668,-0.07984015904684431,,,,,,,,23.400000000000002,0.10010192133373412,0.03297617726260815,-0.09451437132970911,,
,,,,,,,23.450000000000003,0.09780916021617944,0.07620563008212207,-0.061313406086932004,,,,,,,,23.450000000000003,0.09970316838993054,0.0551929062844198,-0.08303291445487204,,
,,,,,,,23.5,0.09450631651847569,0.08545755715191816,-0.04035405540360165,,,,,,,,23.5,0.09897384363967264,0.07354167600981171,-0.06623778086921582,,
,,,,,,,23.55,0.09091233450994833,0.08900704175944614,-0.01851483414132984,,,,,,,,23.55,0.09792065859257253,0.08675727284741794,-0.04540518678831555,,
,,,,,,,23.6,0.0870434832604488,0.08700256989409291,0.0026684845765920394,,,,,,,,23.6,0.09655144621559959,0.09398739647571565,-0.022103191399444003,,
,,,,,,,23.650000000000002,0.08291681246398656,0.08000018022003355,0.02179837044253698,,,,,,,,23.650000000000002,0.09487512690668694,0.0948553078371147,0.0019391443180325576,,
,,,,,,,23.700000000000003,0.07855009802923685,0.06890010637908095,0.03772125715500543,,,,,,,,23.700000000000003,0.09290167602081174,0.0894819284721431,0.02497410427587208,,
,,,,,,,23.75,0.07396179103304179,0.054856920143819765,0.04960912058432323,,,,,,,,23.75,0.09064209373467363,0.07846608588686516,0.045376894144492336,,
,,,,,,,23.8,0.06917097300897437,0.03917159425725909,0.05701061050675503,,,,,,,,23.8,0.0881083784765028,0.06282522513111444,0.06177440768622106,,
,,,,,,,23.85,0.06419732243603221,0.02317528022714675,0.059868210215014,,,,,,,,23.85,0.0853135057314581,0.043902282574657434,0.07315041930793333,,
,,,,,,,23.900000000000002,0.05906110078853819,0.008115092864791663,0.058500930711824356,,,,,,,,23.900000000000002,0.08227141485046478,0.02324725261721525,0.07891863498090078,,
,,,,,,,23.950000000000003,0.05378317327300094,-0.004948218760930205,0.05355506379799786,,,,,,,,23.950000000000003,0.07899700768021164,0.0024840313888216644,0.07895794330203115,,
,,,,,,,24.0,0.048385093193905056,-0.015222103738374381,0.04592825710998672,,,,,,,,24.0,0.07550616461772888,-0.016825775530158,0.07360756872148617,,
,,,,,,,24.05,0.04288930896595979,-0.022236935974617438,0.03667439845503023,,,,,,,,24.05,0.071815786443378,-0.03331032527059463,0.06362334015790164,,
,,,,,,,24.1,0.037319623470101176,-0.025869570715697968,0.0268983197790425,,,,,,,,24.1,0.0679438746263548,-0.04589549038423763,0.050099641332370534,,
,,,,,,,24.150000000000002,0.031702217914065446,-0.02633452199672531,0.017650030364701433,,,,,,,,24.150000000000002,0.06390966981251738,-0.05388437752713408,0.034364513004817666,,
,,,,,,,24.200000000000003,0.026068082518951777,-0.02414446153448466,0.009828016250732888,,,,,,,,24.200000000000003,0.05973387982845904,-0.057002132388057174,0.017857583895230324,,
,,,,,,,24.25,0.020459492553844886,-0.020044445324691157,0.004100127703657679,,,,,,,,24.25,0.055439048297194114,-0.05540289470313545,0.002001832813176,,
,,,,,,,24.3,0.014950655665637986,-0.014926540325345765,0.0008488219768007892,,,,,,,,24.3,0.05105014946420469,-0.04963913665535217,-0.011919474503052179,,
,,,,,,,24.35,0.009734239363584606,-0.009733156350628701,0.00014520138352028248,,,,,,,,24.35,0.04659555672139954,-0.040596914343894334,-0.022869990204013393,,
,,,,,,,24.400000000000002,0.005637906555703775,-0.005358252589319318,0.0017536018704085682,,,,,,,,24.400000000000002,0.04210864619827635,-0.02940349670353681,-0.030142535829898474,,
,,,,,,,24.450000000000003,0.0057632909879081545,-0.0025556186927470736,0.005165688347992462,,,,,,,,24.450000000000003,0.03763051062505373,-0.017316156209168314,-0.033409670217497855,,
,,,,,,,24.5,0.009838281472276205,-0.0018626364394992963,0.009660350294993585,,,,,,,,24.5,0.03321466251801415,-0.00560241523807837,-0.032738765243755324,,
,,,,,,,24.55,0.014814151123007435,-0.0035463916611718424,0.014383399448005095,,,,,,,,24.55,0.028935343995133766,0.004577380725871127,-0.028570994344039678,,
,,,,,,,24.6,0.019935361451623692,-0.007576874100263812,0.018439349638087438,,,,,,,,24.6,0.024902220038452952,0.012274684912361031,-0.021666856558942373,,
,,,,,,,24.650000000000002,0.02502394713719365,-0.013629472708109037,0.02098655293334218,,,,,,,,24.650000000000002,0.021284973444944635,0.016835403521073943,-0.013023796790283905,,
,,,,,,,24.700000000000003,0.030012125309594215,-0.021116275893571606,0.02132675685577515,,,,,,,,24.700000000000003,0.01834588295826058,0.017953529263534194,-0.003773885067356624,,
,,,,,,,24.75,0.034862950970924636,-0.029243062761782696,0.018980743681729993,,,,,,,,24.75,0.016447295989939697,0.015691407330067495,0.004928821500378217,,
,,,,,,,24.8,0.039551031236435004,-0.037086555300145846,0.01374305234781129,,,,,,,,24.8,0.015938121316188065,0.010465342779317335,0.012020828241053895,,
,,,,,,,24.85,0.044056386324059546,-0.0436846957005437,0.005710738786328741,,,,,,,,24.85,0.016899533296838052,0.002998388631666294,0.01663141278618363,,
,,,,,,,24.900000000000002,0.04836210800759764,-0.04813157297413017,-0.004716478980608521,,,,,,,,24.900000000000002,0.01905512019814838,-0.005754919748867085,0.018165310469407947,,
,,,,,,,24.950000000000003,0.052453348151868,-0.04966824346615581,-0.016864736088292188,,,,,,,,24.950000000000003,0.021996122386896896,-0.01470465315680897,0.016358562760746886,,
,,,,,,,25.0,0.056316842409294944,-0.04776109721164256,-0.02984064898914551,,,,,,,,25.0,0.02538814569757577,-0.022733378240341426,0.011302718953548566,,
,,,,,,,25.05,0.05994067251567053,-0.04216057277151923,-0.04260716283922566,,,,,,,,25.05,0.029010001920370787,-0.028805861447023743,0.0034354850770725144,,
,,,,,,,25.1,0.06331414339242494,-0.03293480842871244,-0.05407383052161701,,,,,,,,25.1,0.03272281953482262,-0.03207053713917833,-0.006501043448028296,,
,,,,,,,25.150000000000002,0.06642771857614818,-0.02047507357971154,-0.06319345818308522,,,,,,,,25.150000000000002,0.03643772589321358,-0.03194352461732613,-0.017530519196282995,,
,,,,,,,25.200000000000003,0.06927298627805312,-0.0054723470379217575,-0.06905649893946177,,,,,,,,25.200000000000003,0.04009514475900543,-0.028167628010884953,-0.028534284036681377,,
,,,,,,,25.25,0.07184264165463496,0.011133026601734208,-0.07097479044422299,,,,,,,,25.25,0.04365296695960739,-0.02084106189721942,-0.03835663780068377,,
,,,,,,,25.3,0.0741304773987238,0.028224292272556198,-0.06854718816316265,,,,,,,,25.3,0.04707990924236319,-0.010413402629862175,-0.04591382035877144,,
,,,,,,,25.35,0.0761313781481326,0.044597555732458535,-0.061701254131696685,,,,,,,,25.35,0.05035172766534265,0.0023507782433924034,-0.050296822171338275,,
,,,,,,,25.400000000000002,0.0778413160524243,0.059059655153123856,-0.050707273817150705,,,,,,,,25.400000000000002,0.05344900023372267,0.016437250458067744,-0.050858749722768826,,
,,,,,,,25.450000000000003,0.07925734588430282,0.07052618306438446,-0.03616330154995453,,,,,,,,25.450000000000003,0.05635578982550359,0.030670512217982955,-0.04727890361612558,,
,,,,,,,25.5,0.08037759869891126,0.07811121914543573,-0.01895246200937848,,,,,,,,25.5,0.059058814500669306,0.043817283048494936,-0.03959784434123334,,
,,,,,,,25.55,0.08120127342149944,0.08120108238401218,-0.00017613897347714083,,,,,,,,25.55,0.06154691861508926,0.05469585125657961,-0.028220330372455592,,
,,,,,,,25.6,0.08172862598304742,0.0795058250001208,0.018931246555021708,,,,,,,,25.6,0.06381072708466766,0.06228154800496144,-0.013885880209033299,,
,,,,,,,25.650000000000002,0.08196095578076222,0.07308414078479315,0.037098606958275326,,,,,,,,25.650000000000002,0.06584241386094528,0.06579900720261864,0.002390421340630228,,
,,,,,,,25.700000000000003,0.08190058934828152,0.062339671920292584,0.0531175285613528,,,,,,,,25.700000000000003,0.06763554310308757,0.06479308019353335,0.019401635237370436,,
,,,,,,,25.75,0.08155086119804576,0.047989165814059945,0.06593620345920431,,,,,,,,25.75,0.06918495739859178,0.05917219288937235,0.03584982453106112,,
,,,,,,,25.8,0.08091609185752233,0.031005340293659252,0.07474010165078303,,,,,,,,25.8,0.0704866968136435,0.049220385412650086,0.05045520872544958,,
,,,,,,,25.85,0.08000156316948911,0.012539452511424229,0.07901273467154199,,,,,,,,25.85,0.07153793830090238,0.03557703997308327,0.06206408658070584,,
,,,,,,,25.900000000000002,0.0788134909699839,-0.006169749271709788,0.07857162689419107,,,,,,,,25.900000000000002,0.07233694858137867,0.019186135543204377,0.069746156402936,,
,,,,,,,25.950000000000003,0.0773589953002592,-0.02389292299075296,0.07357677884240023,,,,,,,,25.950000000000003,0.07288304591168124,0.0012195182707746943,0.07287284238007656,,
,,,,,,,26.0,0.07564606835567607,-0.039504705447759976,0.06451128509925484,,,,,,,,26.0,0.07317656765000628,-0.01701908679279189,0.07116994265682222,,
,,,,,,,26.05,0.07368354043012552,-0.05206809162684279,0.052136148348882146,,,,,,,,26.05,0.0732188415424836,-0.034200966842733715,0.06474019326388787,,
,,,,,,,26.1,0.07148104418653277,-0.060901732699077664,0.03742350374092656,,,,,,,,26.1,0.07301215934810276,-0.04908097327598663,0.05405398667031541,,
,,,,,,,26.150000000000002,0.06904897768305038,-0.06562482771309416,0.021474247523512836,,,,,,,,26.150000000000002,0.07255975191973536,-0.06059842091073002,0.03990925934892226,,
,,,,,,,26.200000000000003,0.06639846672782901,-0.06617628571272643,0.005427300717135091,,,,,,,,26.200000000000003,0.07186576523509089,-0.06796176284907379,0.023364224859204114,,
,,,,,,,26.25,0.0635413273511549,-0.06280709552529143,-0.009631668247170084,,,,,,,,26.25,0.07093523717572009,-0.07070995183389513,0.005648945461224892,,
,,,,,,,26.3,0.060490029520705736,-0.056047159242188435,-0.02275433172599501,,,,,,,,26.3,0.0697740751223806,-0.06874548485407712,-0.011936493260646658,,
,,,,,,,26.35,0.05725766376921768,-0.04665001936909029,-0.033199634834923775,,,,,,,,26.35,0.06838903470341069,-0.062336628379681853,-0.028128363441866925,,
,,,,,,,26.400000000000002,0.05385791330986811,-0.03552075089000878,-0.040483960803053956,,,,,,,,26.400000000000002,0.06678770033131831,-0.05208901378422742,-0.04180109518341048,,
,,,,,,,26.450000000000003,0.050305035777722655,-0.023633641742797182,-0.0444077425971088,,,,,,,,26.450000000000003,0.06497846852958696,-0.0388894385633109,-0.052055863653204235,,
,,,,,,,26.5,0.046613861535235085,-0.011947037009140434,-0.0450568573463385,,,,,,,,26.5,0.06297053553771276,-0.023827077761701752,-0.058288581310958015,,
,,,,,,,26.55,0.04279982070932382,-0.0013228161880117933,-0.04277937365229881,,,,,,,,26.55,0.060773891362540515,-0.008099197245349838,-0.06023179289483913,,
,,,,,,,26.6,0.0388790213753877,0.007542589517012359,-0.03814036767633092,,,,,,,,26.6,0.05839932343384598,0.007090293749888558,-0.057967307269453566,,
,,,,,,,26.650000000000002,0.03486842253452904,0.014169892960933208,-0.031859394588129704,,,,,,,,26.650000000000002,0.05585843450764939,0.020630610780430016,-0.05190898385127339,,
,,,,,,,26.700000000000003,0.030786192498870362,0.018327259707152557,-0.024736636800585566,,,,,,,,26.700000000000003,0.05316368174884476,0.03159361907674272,-0.04275769276663707,,
,,,,,,,26.75,0.026652455717638558,0.020037110716167095,-0.017574629154799997,,,,,,,,26.75,0.050328447534896945,0.03930557236032425,-0.031432858805717764,,
,,,,,,,26.8,0.02249092730487303,0.019559436308519838,-0.011102714187352529,,,,,,,,26.8,0.047367158355456095,0.04339519066397011,-0.018986972320739707,,
,,,,,,,26.85,0.01833281450616262,0.017353738343048146,-0.005910994268174108,,,,,,,,26.85,0.044295477838728156,0.04381436242963704,-0.006510837261494682,,
,,,,,,,26.900000000000002,0.014227408000930489,0.014023595363567155,-0.0023995648571936293,,,,,,,,26.900000000000002,0.041130616323998066,0.04083021285918801,0.004961987209307781,,
,,,,,,,26.950000000000003,0.010276547433003465,0.01024933780653644,-0.0007473296931561718,,,,,,,,26.950000000000003,0.03789182793356305,0.03498981395912327,0.014543161391275674,,
,,,,,,,27.0,0.006775720950833721,0.0067152997780202065,-0.0009028528644739306,,,,,,,,27.0,0.03460121703928209,0.027061197964009673,0.021562369659946554,,
,,,,,,,27.05,0.004801805531105387,0.004038499924520866,-0.002597663318869334,,,,,,,,27.05,0.031285069030753974,0.017956366383314264,0.025618829999967264,,
,,,,,,,27.1,0.0060222502110798895,0.0027053696198433338,-0.005380378502008991,,,,,,,,27.1,0.02797609264696476,0.008643487064472615,0.026607365355439654,,
,,,,,,,27.150000000000002,0.00917992601800186,0.0030223204888854527,-0.008668138240617225,,,,,,,,27.150000000000002,0.024717279005715416,5.63154490250412e-05,0.024717214851527693,,
,,,,,,,27.200000000000003,0.012858323133866595,0.005084605824142445,-0.011810303020161065,,,,,,,,27.200000000000003,0.02156863638757643,-0.00699100297241059,0.02040421410050464,,
,,,,,,,27.25,0.016652447514306605,0.008766206869732326,-0.014158305877957078,,,,,,,,27.25,0.01861882403085728,-0.011876196117184372,0.014339336598260165,,
,,,,,,,27.3,0.020435858184781785,0.013731523358072333,-0.015135044301726592,,,,,,,,27.3,0.016003703909641297,-0.014221908756607388,0.007338654518793092,,
,,,,,,,27.35,0.024153713894303493,0.019467644806878032,-0.014297296966948137,,,,,,,,27.35,0.013927892167806476,-0.01392504982456881,0.00028136741339599016,,
,,,,,,,27.400000000000002,0.027774857407792987,0.025334104410661383,-0.011385335205119803,,,,,,,,27.400000000000002,0.012659670843148802,-0.01116015336092598,-0.005976474112508515,,
,,,,,,,27.450000000000003,0.031277863636921845,0.0306254372272769,-0.006355104116220255,,,,,,,,27.450000000000003,0.012432645915482515,-0.006356826644761333,-0.010684635673162489,,
,,,,,,,27.5,0.034646088460014615,0.03464071734229255,0.0006100390074002818,,,,,,,,27.5,0.013271155612949974,-0.00015368888154043591,-0.013270265672955627,,
,,,,,,,27.55,0.03786563783428492,0.0367536336027953,0.009109168216072517,,,,,,,,27.55,0.014959594655264214,0.0066667069846627755,-0.013391956176394031,,
,,,,,,,27.6,0.04092444234369003,0.03647663101978789,0.01855438952345934,,,,,,,,27.6,0.017207301736145014,0.013255811334044212,-0.010971540407571046,,
,,,,,,,27.650000000000002,0.043811802097358084,0.03351319354102802,0.028219494355846777,,,,,,,,27.650000000000002,0.01977974232954376,0.018782617917313327,-0.00620092499514109,,
,,,,,,,27.700000000000003,0.04651815054124582,0.027793420526593473,0.037302333776989625,,,,,,,,27.700000000000003,0.022520153619966277,0.022515112651513694,0.0004764675818230304,,
,,,,,,,27.75,0.04903492741285748,0.019489554449655586,0.044995348356670295,,,,,,,,27.75,0.025328392948572576,0.02389219077410413,0.00840777671986564,,
,,,,,,,27.8,0.05135450896851264,0.009009914439968516,0.05055795716978181,,,,,,,,27.8,0.028139240593164173,0.022579518935347348,0.016792325205529725,,
,,,,,,,27.85,0.05347016931667435,-0.003028382141050564,0.053384341415452424,,,,,,,,27.85,0.03090828813419761,0.018504311326135708,0.02475707449865647,,
,,,,,,,27.900000000000002,0.05537605891381208,-0.015845641572535357,0.05306056486677018,,,,,,,,27.900000000000002,0.03360372586086843,0.011865919195422578,0.03143899415344104,,
,,,,,,,27.950000000000003,0.05706719243963929,-0.028560812219554296,0.0494059152157126,,,,,,,,27.950000000000003,0.03620165542075899,0.0031213257450044087,0.03606684323304358,,
,,,,,,,28.0,0.05853944153269846,-0.04026242938416913,0.04249474079277359,,,,,,,,28.0,0.03868338015366997,-0.00705310365663187,0.03803495272669803,,
,,,,,,,28.05,0.05978952967431258,-0.05008316276536947,0.03265677060110221,,,,,,,,28.05,0.04103380056721661,-0.017820143840767955,0.03696234925548491,,
,,,,,,,28.1,0.06081502754923755,-0.05727153105870978,0.02045578905849792,,,,,,,,28.1,0.04324043821546644,-0.028255233667044927,0.03273189984535364,,
,,,,,,,28.150000000000002,0.061614347832138955,-0.06125460247740754,0.006648423430752864,,,,,,,,28.150000000000002,0.04529282585816129,-0.03742841145010037,0.02550596186266496,,
,,,,,,,28.200000000000003,0.062186738732159005,-0.06168629409079486,-0.00787347416873721,,,,,,,,28.200000000000003,0.04718211679166849,-0.044487346934036866,0.015717127845547546,,
,,,,,,,28.25,0.06253227587234725,-0.058477143492247634,-0.022151957357362827,,,,,,,,28.25,0.048900828649838586,-0.048734082955898664,0.004034873119251962,,
,,,,,,,28.3,0.06265185224219595,-0.051803039633736434,-0.035237759209170584,,,,,,,,28.3,0.050442671584508346,-0.049688683038276185,-0.008688952439983225,,
,,,,,,,28.35,0.06254716607230225,-0.04209222184150604,-0.046264379863147416,,,,,,,,28.35,0.051802430422500254,-0.04713416277467816,-0.02149098641775484,,
,,,,,,,28.400000000000002,0.06222070655964281,-0.029991726059912883,-0.05451525192758739,,,,,,,,28.400000000000002,0.05297588188847975,-0.041138754209073675,-0.0333773420749403,,
,,,,,,,28.450000000000003,0.06167573743221652,-0.016316211434028418,-0.059478381217445676,,,,,,,,28.450000000000003,0.05395973486486472,-0.032053562291009044,-0.043407627568699265,,
,,,,,,,28.5,0.0609162783908247,-0.001983586216033939,-0.060883974564018215,,,,,,,,28.5,0.054751585883299286,-0.020485841091360067,-0.05077466367703327,,
,,,,,,,28.55,0.059947084509319994,0.012057057674941404,-0.058722059750920604,,,,,,,,28.55,0.05534988469610015,-0.007250252446613167,-0.054872976731101086,,
,,,,,,,28.6,0.05877362371741731,0.024899088794417375,-0.05323884129171368,,,,,,,,28.6,0.05575390648293205,0.006697616727421672,-0.055350158249819786,,
,,,,,,,28.650000000000002,0.05740205253690449,0.0357473780380341,-0.04491236576774174,,,,,,,,28.650000000000002,0.05596372837205625,0.02033967675571079,-0.05213670916709734,,
,,,,,,,28.700000000000003,0.05583919029834058,0.04397702451376186,-0.034409831270877815,,,,,,,,28.700000000000003,0.05598020871507365,0.032678889230875995,-0.04545188628010222,,
,,,,,,,28.75,0.05409249213886298,0.04917700822697734,-0.02253041428018482,,,,,,,,28.75,0.055804968083340956,0.04282074207844127,-0.03578517165858384,,
,,,,,,,28.8,0.05217002118420519,0.05117536943257123,-0.010138672191183246,,,,,,,,28.8,0.05544037133799646,0.0500456661452783,-0.023855105830205083,,
,,,,,,,28.85,0.05008042046826976,0.050044149155176944,0.0019056887503197542,,,,,,,,28.85,0.05488951041964559,0.05386625319337377,-0.010549176319302477,,
,,,,,,,28.900000000000002,0.04783288537304112,0.046084091660255434,0.012815670835335408,,,,,,,,28.900000000000002,0.05415618774717412,0.054064503879926645,0.0031499351619628064,,
,,,,,,,28.950000000000003,0.04543713773478024,0.0397908516407142,0.0219367639189572,,,,,,,,28.950000000000003,0.053244900337873026,0.0507061075098491,0.016245309267282536,,
,,,,,,,29.0,0.04290340335688632,0.031806014477916415,0.02879373999039124,,,,,,,,29.0,0.052160824989484676,0.04413077382294255,0.02780694994730522,,
,,,,,,,29.05,0.04024239567641488,0.02285749224104509,0.03312077079760824,,,,,,,,29.05,0.05090980512673351,0.034919721495899544,0.037046205051135705,,
,,,,,,,29.1,0.037465310098316766,0.013694695083228016,0.034872694007495986,,,,,,,,29.1,0.04949834024444873,0.02384339495865405,0.04337716223775875,,
,,,,,,,29.150000000000002,0.03458383673877758,0.005024229265388939,0.03421693855188145,,,,,,,,29.150000000000002,0.04793357932374342,0.011794159192397841,0.04645993796519728,,
,,,,,,,29.200000000000003,0.03161020548250333,-0.00254828541303311,0.031507321880791556,,,,,,,,29.200000000000003,0.0462233202272674,-0.00029003289273623446,0.04622241029796735,,
,,,,,,,29.25,0.028557289649525208,-0.008565333861917924,0.02724250076554577,,,,,,,,29.25,0.04437601800452404,-0.011504298873564018,0.04285886234334219,,
,,,,,,,29.3,0.025438821015848722,-0.012749688463469225,0.022013156492444837,,,,,,,,29.3,0.04240080643690983,-0.021050996663161875,0.03680603110887999,,
,,,,,,,29.35,0.02226982955271541,-0.015019184447221785,0.016442913575377322,,,,,,,,29.35,0.04030753932083057,-0.02830307651660146,0.02869901715731229,,
,,,,,,,29.400000000000002,0.019067572652004653,-0.015483212768651182,0.011128452237402681,,,,,,,,29.400000000000002,0.03810686143023049,-0.032851319670008185,0.019311232068454913,,
,,,,,,,29.450000000000003,0.015853638834812677,-0.014421705739112434,0.006584243910968979,,,,,,,,29.450000000000003,0.035810324695768676,-0.03453165355102735,0.009483894656110417,,
,,,,,,,29.5,0.012659241844329816,-0.012248947495765914,0.0031968248809093208,,,,,,,,29.5,0.03343057445277836,-0.033430534907741144,5.142008418909123e-05,,
,,,,,,,29.55,0.009540696546387771,-0.009465867586583354,0.0011925776383641356,,,,,,,,29.55,0.03098164649802929,-0.02986834736311358,-0.008230689249706638,,
,,,,,,,29.6,0.006634648920680099,-0.006605456308671929,0.0006217019019657377,,,,,,,,29.6,0.02847944346005125,-0.02436269475241003,-0.014749162830315103,,
,,,,,,,29.650000000000002,0.004392203277029252,-0.004176491751448563,0.0013595463496433701,,,,,,,,29.650000000000002,0.02594250861980844,-0.017575215697739885,-0.01908207396135841,,
,,,,,,,29.700000000000003,0.004072022179969905,-0.0026108465243287007,0.003124875207199097,,,,,,,,29.700000000000003,0.02339330561986886,-0.010246946401951505,-0.021029665647844264,,
,,,,,,,29.75,0.0059430101961348075,-0.0022192451782804315,0.005513104482053767,,,,,,,,29.75,0.020860377608116914,-0.0031281976406791812,-0.020624493532547042,,
,,,,,,,29.8,0.008639639855478557,-0.0031595119039077814,0.008041197756642885,,,,,,,,29.8,0.018382053212294504,0.0030906894320038404,-0.018120362003407286,,
,,,,,,,29.85,0.011550570720304321,-0.00542016099839098,0.010199879348123329,,,,,,,,29.85,0.01601283123358138,0.007841515004838127,-0.013961425663020876,,
,,,,,,,29.900000000000002,0.014499797213554514,-0.00882074952861115,0.0115081926029985,,,,,,,,29.900000000000002,0.013833999372778375,0.010727845278651657,-0.008734579229896759,,
,,,,,,,29.950000000000003,0.017421435543758617,-0.013028863141085888,0.01156525579726578,,,,,,,,29.950000000000003,0.011968848819089871,0.011557812937972565,-0.003109710942364737,,
,,,,,,,30.0,0.020282441386407515,-0.017592081738244475,0.010094359251977396,,,,,,,,30.0,0.010594006943168402,0.01035738063312074,0.0022265779870814678,,
