mea_k,mea_chik,mea_k3chik,mea_r,mea_chir_mag,mea_chir_re,mea_chir_im,mea_q,mea_chiq_mag,mea_chiq_re,mea_chiq_im,fit_k,fit_chik,fit_k3chik,fit_r,fit_chir_mag,fit_chir_re,fit_chir_im,fit_q,fit_chiq_mag,fit_chiq_re,fit_chiq_im,win_k,win_r
0.0,-0.9893883223388775,-0.0,0.0,1.2347396613098915,-1.2347396613098915,0.0,0.0,0.3206355691787697,0.20922740890023472,0.24296308276667788,0.0,-0.06241251673076878,-0.0,0.0,0.6544745299953999,-0.6544745299953999,0.0,0.0,0.5713417330729337,0.2663552652300013,0.5054564755100474,0.0,0.0
0.05,-0.9598308163931016,-0.00011997885204913773,0.030679615757712823,1.2193910296208497,-0.7807793091424123,0.9366419558907733,0.05,0.33465714279277237,0.15772847944111415,0.2951561112283059,0.05,-0.061769715228537074,-7.721214403567137e-06,0.030679615757712823,0.6497439977866404,-0.42041975437642626,0.49539327083624296,0.05,0.5918546805934346,0.15023296403361824,0.5724701035495479,0.0,0.0
0.1,-0.9295643579598403,-0.0009295643579598405,0.06135923151542565,1.1776546083920763,0.22722419791788803,1.155525655512532,0.1,0.3484639730171021,0.09229105012585372,0.33602009249080744,0.1,-0.06112691372630538,-6.112691372630539e-05,0.06135923151542565,0.6360695092232105,0.10727583022374755,0.626957986481759,0.1,0.6115625508919857,0.016266589099539867,0.6113461799443745,0.0,0.0
0.15000000000000002,-0.8980114161919587,-0.003030788529647862,0.09203884727313846,1.122316750799416,1.0044768852098767,0.5006206909467715,0.15000000000000002,0.36196479210438903,0.015588866769763638,0.36162895066076794,0.15000000000000002,-0.06003887789947025,-0.0002026312129107122,0.09203884727313846,0.6154250846085683,0.5356008377843305,0.3031167717731676,0.15000000000000002,0.6303517117403814,-0.12825784717696528,0.6171654600928013,0.0,0.0
0.2,-0.8645944602423219,-0.006916755681938577,0.1227184630308513,1.0733119339255925,0.9499192228256607,-0.4996518564094289,0.2,0.3750741505746908,-0.06856035389116284,0.36875479156703084,0.2,-0.058482835721913845,-0.0004678626857753109,0.1227184630308513,0.5922344624378324,0.5472813150892094,-0.22632900974743353,0.2,0.6481158553136076,-0.2746814603743293,0.5870300309486005,0.0,0.0
0.25,-0.8287359592637962,-0.012948999363496815,0.15339807878856412,1.0526090054273751,0.1187671225043107,-1.0458872257174068,0.25,0.38771175752759374,-0.1553983274816916,0.3552066535708876,0.25,-0.056431481126631614,-0.000881741892603619,0.15339807878856412,0.5740262150621568,0.13972999642043354,-0.5567599336149568,0.25,0.6647554534401537,-0.41356753525577805,0.5204437593639539,0.0,0.0
0.30000000000000004,-0.7898583824092457,-0.021326176325049642,0.18407769454627693,1.073859395499628,-0.8177547780588558,-0.6960252324914221,0.30000000000000004,0.39980196636818505,-0.2395301693688208,0.32010453023037866,0.30000000000000004,-0.053857566779198396,-0.0014541543030383575,0.18407769454627693,0.5701446885728915,-0.3706925577940722,-0.4331881733195954,0.30000000000000004,0.6801773702880751,-0.5353994903946215,0.4195100007594346,0.0,0.0
0.35000000000000003,-0.7473841988315355,-0.032044097524902095,0.21475731030398976,1.133096090971416,-1.097285100416264,0.2826166304009254,0.35000000000000003,0.41127338854395135,-0.3153071999778821,0.26405902704988493,0.35000000000000003,-0.05073976895694446,-0.0021754675940289943,0.21475731030398976,0.587340924133441,-0.5847939496891512,0.05463879179563669,0.35000000000000003,0.6942946060059028,-0.6313242452592123,0.2889198803765115,0.0,0.0
0.4,-0.7007358596685043,-0.04484709501878428,0.2454369260617026,1.210405605994336,-0.46809659126906733,1.116229059048722,0.4,0.422058618243934,-0.3772582542599579,0.18923447578786415,0.4,-0.04706968252535309,-0.0030124596816225985,0.2454369260617026,0.6245945747280115,-0.3227656838310645,0.5347342294268534,0.4,0.7070261501382209,-0.6938770141754445,0.1357227548285256,0.0,0.0
0.45,-0.6492336811003877,-0.05916141919027284,0.2761165418194154,1.2803329644468457,0.604057770374775,1.128878518663148,0.45,0.43209405288070646,-0.42053312481907446,0.09928323858929818,0.45,-0.04285965628054551,-0.0039055861785647103,0.2761165418194154,0.6723219615667918,0.2341800104496961,0.6302194401244687,0.45,0.718296928399488,-0.7176229187845606,-0.0311098663331582,0.0,0.0
0.5,-0.5918559003271177,-0.07398198754088971,0.30679615757712825,1.3212672272136745,1.2916066057076525,0.27838725150636584,0.5,0.4413197966749571,-0.4413189788983295,-0.0008495889366407867,0.5,-0.038150976263535974,-0.004768872032941997,0.30679615757712825,0.7165864477365732,0.672921774023824,0.24631772799445473,0.5,0.7280378306129295,-0.699656216386267,-0.20129645221819933,0.0,0.0
0.55,-0.5276862158569363,-0.08779379416319781,0.3374757733348411,1.320699977146509,1.051764775286828,-0.7987736144244113,0.55,0.44967963733911676,-0.43719142679701717,-0.1052398810937562,0.55,-0.03302165519943395,-0.005493977883805825,0.3374757733348411,0.7441346823038697,0.6567041967849808,-0.3499657459416198,0.55,0.7361858113930299,-0.6399090261168714,-0.3639862458810373,0.0,0.0
0.6000000000000001,-0.4566272613249996,-0.09863148844619996,0.36815538909255385,1.2783461006037191,0.05990731597447091,-1.2769416065041772,0.6000000000000001,0.45712108850931715,-0.4073664201151916,-0.20739404360414065,0.6000000000000001,-0.027592811381910116,-0.005960047258492588,0.36815538909255385,0.7459551434696057,0.18333899531720202,-0.7230739165983233,0.6000000000000001,0.7426840586034572,-0.5412372847739448,-0.5085683950799844,0.0,0.0
0.65,-0.37903781064238845,-0.10409325874766594,0.3988350048502667,1.2087209764779285,-0.9154963226319058,-0.789222961035229,0.65,0.46359549314605847,-0.3528270039253921,-0.3007222748091143,0.65,-0.022032358053791636,-0.0060506363305225285,0.3988350048502667,0.719838022567801,-0.4041588386917763,-0.5956697170761971,0.65,0.7474822279124698,-0.40927088912350584,-0.6254814308682908,0.0,0.0
0.7000000000000001,-0.2957786042878009,-0.10145206127071574,0.4295146206079795,1.142176124155772,-1.1088996245603238,0.2736931150786852,0.7000000000000001,0.46905818563727814,-0.27630948532944755,-0.3790364755934593,0.7000000000000001,-0.01655453080707609,-0.0056782040668271,0.4295146206079795,0.6728571265759734,-0.6697964063660219,-0.06410527905904809,0.7000000000000001,0.7505367450659637,-0.25203583965420995,-0.7069535636970853,0.0,0.0
0.75,-0.20846146257193862,-0.08794467952253661,0.46019423636569234,1.118353905149822,-0.3645849107709763,1.0572574426325767,0.75,0.47346871286563064,-0.18214588090248227,-0.4370303194663909,0.75,-0.01141372872954999,-0.004815166807778902,0.46019423636569234,0.6236914457740844,-0.4153963529393951,0.4652277823780704,0.75,0.7518111809936854,-0.07937675913845588,-0.7476091104151925,0.0,0.0
0.8,-0.11872748170778298,-0.0607884706343849,0.4908738521234052,1.1644075532411944,0.7247032791504638,0.9114000807733725,0.8,0.476791117150222,-0.07597244108009579,-0.47069943444802237,0.8,-0.006891318500211745,-0.0035283550721084142,0.4908738521234052,0.6009317030040578,0.16043607902337825,0.5791193108703607,0.8,0.7512767087726152,0.09777352305651373,-0.7448872608209448,0.0,0.0
0.8500000000000001,-0.030809898220464736,-0.01892112874464291,0.521553467881118,1.2720668345749147,1.2692036266245457,-0.08530056147848064,0.8500000000000001,0.47899428687483797,0.03567359610274788,-0.47766402564965327,0.8500000000000001,-0.0032745308879019498,-0.0020109712815327852,0.521553467881118,0.6281713571063943,0.6029705347348981,0.17614138676188545,0.8500000000000001,0.7489126560494832,0.2682163159215154,-0.6992354212027458,0.0,0.0
0.9,0.04656058834437682,0.033942668903050706,0.5522330836388308,1.4033837455628744,0.7830024191290613,-1.164642927659856,0.9,0.4800523839321549,0.1458362875328594,-0.4573642624403203,0.9,-0.0008274260598246045,-0.0006031935976121368,0.5522330836388308,0.7023023332539708,0.5444159700829241,-0.4436663372542933,0.9,0.7447071720857961,0.42133143728179684,-0.6140591112540216,0.0,0.0
0.9500000000000001,0.10914111671429659,0.09357486494292007,0.5829126993965437,1.5148791489901154,-0.4133413110255017,-1.4573976110330138,0.9500000000000001,0.4799453610432491,0.24766180903863252,-0.4111096908741591,0.9500000000000001,0.00024486942235364337,0.00020994492099045504,0.5829126993965437,0.7958591512539459,-0.007177320564006728,-0.7958267868727293,0.9500000000000001,0.7386580355277732,0.5478711416539733,-0.4954320393278183,0.0,0.0
1.0,0.1543923273864929,0.1543923273864929,0.6135923151542565,1.5734873837506438,-1.4175478821752554,-0.682949887299862,1.0,0.4786595867938095,0.3349131893153437,-0.34197683496436593,1.0,-0.00016409256127797485,-0.00016409256127797485,0.6135923151542565,0.8772584039993108,-0.6583549552272028,-0.5797853571065812,1.0,0.7307736378203885,0.6406352371311521,-0.3515915281674984,0.0,0.0
1.05,0.17954447365151802,0.20784517131083857,0.6442719309119693,1.5629737100499743,-1.4417024748079201,0.6036396213305579,1.05,0.47618860215401687,0.4024342797344134,-0.25456283176465583,1.05,-0.002022800271397696,-0.002341644164176758,0.6442719309119693,0.9223707820031046,-0.9188836040172382,0.08012978073918646,1.05,0.7210741885131957,0.6949694862655325,-0.19226387726191763,0.0,0.0
1.1,0.18542961886077805,0.24680682270369567,0.6749515466696822,1.4881900064324567,-0.44489977853699525,1.420131572180257,1.1,0.47253403966651475,0.4465224242814196,-0.15461611577516512,1.1,-0.005128990206562396,-0.0068266859649345505,0.6749515466696822,0.917692205848018,-0.5774386059753641,0.7132486529979774,1.1,0.7095932033368392,0.7090453004930249,-0.027879671278419407,0.0,0.0
1.1500000000000001,0.17419876842349452,0.2649345519260823,0.705631162427395,1.3805801133462998,0.8027408459776553,1.1232135075604994,1.1500000000000001,0.4677067457974289,0.46517729726233403,-0.048576559945418867,1.1500000000000001,-0.009090461436191986,-0.013825455536768491,0.705631162427395,0.8622613728692996,0.12360803161478544,0.853355570476204,1.1500000000000001,0.6963793548144611,0.6838986577927199,0.1312510254478854,0.0,0.0
1.2000000000000002,0.1528842568963163,0.26418399591683467,0.7363107781851077,1.3016507664161312,1.3002075516350955,-0.06127838430288622,1.2000000000000002,0.4617281585749766,0.45820454898864443,0.05693402943013701,1.2000000000000002,-0.013326787064614265,-0.023028688047653463,0.7363107781851077,0.7713565182970038,0.6590927628241243,0.4007338372437977,1.2000000000000002,0.6814987893721838,0.6232282508559349,0.27573020736002796,0.0,0.0
1.25,0.12415133020429052,0.24248306680525492,0.7669903939428205,1.3245591061522968,0.6083696289101783,-1.17658115755381,1.25,0.45463200696054135,0.42716622411856386,0.15562544369497736,1.25,-0.017098075410561697,-0.03339467853625332,0.7669903939428205,0.6827800511153383,0.6198338147623009,-0.2863470626325294,1.25,0.6650380454206772,0.5329750293333754,0.39776025437949725,0.0,0.0
1.3,0.09474102212949728,0.20814602561850554,0.7976700097005334,1.4779200354179298,-0.7645296059324213,-1.264809121070271,1.3,0.4464664155451734,0.3751841468630847,0.2420105703319067,1.3,-0.019564237763958714,-0.0429826303674173,0.7976700097005334,0.6556649401197644,0.03800381968559266,-0.6545626199161996,1.3,0.6471077441721694,0.42072542228850035,0.4916691485213984,0.0,0.0
1.35,0.06562087816454694,0.1614519681140972,0.8283496254582462,1.7181558045375465,-1.7124878161262032,-0.13944478579484873,1.35,0.4372965176651878,0.3066162418201631,0.3117927590791344,1.35,-0.019874020313406286,-0.048897542728597,0.8283496254582462,0.7283761210833987,-0.6192381611293692,-0.38350472430677457,1.35,0.6278472679906758,0.2949966728627079,0.554228432077684,0.0,0.0
1.4000000000000001,0.0387877201055025,0.10643350396949888,0.859029241215959,1.9730435891967797,-1.3798828867987563,1.4102567934920367,1.4000000000000001,0.42720770005657704,0.22663773566853762,0.36213499659473447,1.4000000000000001,-0.017277876271400483,-0.047410492488722936,0.859029241215959,0.8718880496761341,-0.7988328260742638,0.3493635458290662,1.4000000000000001,0.6074306851946243,0.1644733029553241,0.5847397454688512,0.0,0.0
1.4500000000000002,0.017087007376150074,0.05209187786211554,0.8897088569736719,2.182068617209288,0.13452255443806838,2.177918072967188,1.4500000000000002,0.41630961815551143,0.140768168753941,0.39178823468099416,1.4500000000000002,-0.011253828302197698,-0.03430870230778747,0.8897088569736719,1.0268250470860543,-0.2959972609982365,0.9832371528806362,1.4500000000000002,0.5860742130657479,0.037267685893513244,0.5848881113587265,0.0,0.0
1.5,-0.00024116538654721259,-0.0008139331795968425,0.9203884727313847,2.308049516524961,1.7821778562969812,1.466606511391451,1.5,0.4047411233432243,0.054390210934881035,0.4010699214346474,1.5,-0.001633540935454425,-0.0055132006571586845,0.9203884727313847,1.1455432167379032,0.5642108664822576,0.9969630683017112,1.5,0.5640455046389429,-0.07972539733595584,0.5583826576130599,0.0,0.0
1.55,-0.01120440352735246,-0.04172379818541965,0.9510680884890975,2.340081916899589,2.3177166276161696,-0.3227584419840736,1.55,0.3926762127964812,-0.027693137194313235,0.39169847874165187,1.55,0.011274246830155241,0.04198388591464435,0.9510680884890975,1.1983956209741191,1.154106251599282,0.322786034997488,1.55,0.5416749434819635,-0.18132026435475654,0.5104260045594362,0.0,0.0
1.6,-0.017604045669371796,-0.0721061710617469,0.9817477042468103,2.2968656863976866,1.256866375688152,-1.922466877482066,1.6,0.38033101475353304,-0.10162039933321497,0.36650371788402103,1.6,0.026488033932248956,0.10849498698649175,0.9817477042468103,1.1725646041497688,1.021222052285528,-0.576205927451843,1.6,0.5193688298300008,-0.26433377676008507,0.4470700569963658,0.0,0.0
1.6500000000000001,-0.020707992959731608,-0.09302289287423438,1.012427320004523,2.229099027997017,-0.6942598352425196,-2.1182270316909553,1.6500000000000001,0.3679715999100753,-0.16471828724459842,0.3290455655187993,1.6500000000000001,0.019511784212091904,0.08764937365374337,1.012427320004523,1.0736735214952864,0.2523067523309486,-1.0436072697563479,1.6500000000000001,0.49762366686373005,-0.3276568414506276,0.374526778846991,0.0,0.0
1.7000000000000002,-0.019801478270516183,-0.09728466274304604,1.043106935762236,2.211280155731149,-2.102094456917223,-0.6862643960808841,1.7000000000000002,0.35592197972857154,-0.21561077162843145,0.2831827163011508,1.7000000000000002,0.012564051153045618,0.061727183314913135,1.043106935762236,0.9317559713352564,-0.5703451154999799,-0.7368009496086592,1.7000000000000002,0.4770394619100566,-0.37210278320841134,0.29850656097980555,0.0,0.0
1.75,-0.01914920127807274,-0.1026277505996711,1.0737865515199487,2.307648989324887,-1.8542588623220957,1.3736695124490965,1.75,0.3445709176320702,-0.25418241801531577,0.23263794971950338,1.75,0.00799182960441739,0.04283121178617445,1.0737865515199487,0.8117607141717309,-0.8068413981887429,0.08923236655739382,1.75,0.458327810762815,-0.40005433920033345,0.22365354413829286,0.0,0.0
1.8,-0.016766059260508327,-0.09777965760728458,1.1044661672776617,2.5251558580310496,-0.021252356624672675,2.525066423816693,1.8,0.3343750885486849,-0.28140313040987097,0.18060724802029965,1.8,0.004944970498382436,0.02883906794656637,1.1044661672776617,0.8032858447007404,-0.2649549008613238,0.7583317537899544,1.8,0.4423076127377531,-0.41495191941648607,0.1531369611111054,0.0,0.0
1.85,-0.01354213998368368,-0.08574375207419119,1.1351457830353744,2.806809986503722,2.1348451572643063,1.8222564185213244,1.85,0.32585482052204257,-0.29903623015924813,0.1294553865607675,1.85,0.0025982752234599248,0.016451304361739447,1.1351457830353744,0.9342788791244118,0.6256601545919327,0.6938489712711018,1.85,0.4298786027106118,-0.420682513151935,0.08844114538267836,0.0,0.0
1.9000000000000001,-0.008974335179359912,-0.06155496499522965,1.1658253987930873,3.0693853365771253,3.0484737267001196,-0.3576790209304398,1.9000000000000001,0.3195777269314312,-0.30926456706594635,0.08053167766893461,1.9000000000000001,0.0003090565500361818,0.0021198188766981714,1.1658253987930873,1.1327928142668326,1.1271450069777238,-0.11297651658533993,1.9000000000000001,0.4219632321806346,-0.4209394584805548,0.029375867756125766,0.0,0.0
1.9500000000000002,-0.004393367671786248,-0.032576272115336063,1.1965050145508,3.237381218649257,1.9982814609476585,-2.5470587660467983,1.9500000000000002,0.3161262084535699,-0.3142787594726035,0.03412683717532845,1.9500000000000002,-0.0022694688418288082,-0.01682782777855539,1.1965050145508,1.3144694088456599,0.7714127468964258,-1.0643083203267603,1.9500000000000002,0.419414857562536,-0.4186270378670954,-0.025694861564597663,0.0,0.0
2.0,0.001564044181215332,0.012512353449722655,1.227184630308513,3.257814175538739,-0.3424421894656932,-3.239766434361449,2.0,0.31604856164345424,-0.3158766346611073,-0.010423290846446935,2.0,-0.005519122874760474,-0.04415298299808379,1.227184630308513,1.423749475251299,-0.2454837406474515,-1.4024265761016095,2.0,0.4229064350731791,-0.41538000517109364,-0.07943112822041028,0.0,0.0
2.0500000000000003,0.008303661057331603,0.07153707796654395,1.2578642460662257,3.105857453609109,-2.382402764387474,-1.99261325660003,2.0500000000000003,0.3198005732960551,-0.315122848171315,-0.05449768105969184,2.0500000000000003,-0.009508780103248396,-0.08191932918699786,1.2578642460662257,1.4326419272245607,-1.1801962426535182,-0.8121574480777859,2.0500000000000003,0.4328321693851278,-0.41125691600311387,-0.1349497532203883,0.0,0.0
2.1,0.015160882441431057,0.14040493229009304,1.2885438618239387,2.7888324221101453,-2.7773774835583533,0.2525085987363775,2.1,0.32769212629906663,-0.31211234786698505,-0.09983993162738829,2.1,-0.013995189199957729,-0.12960944718080855,1.2885438618239387,1.340844812285055,-1.3077950907880183,0.29586620479957365,2.1,0.4492592786795733,-0.40464848912113516,-0.19517556130743707,0.0,0.0
2.15,0.02055632770229469,0.20429649332829297,1.3192234775816514,2.3522903268466977,-1.4139220862348028,1.8799186460679536,2.15,0.33985571533537745,-0.3058711835990781,-0.14813752492133841,2.15,-0.01881942568292565,-0.1870345097215462,1.3192234775816514,1.184843102485332,-0.5095329231961674,1.0696865791839383,2.15,0.4719481527199629,-0.39241979368651053,-0.26218650685880446,0.0,0.0
2.2,0.022577985016358038,0.24041038445418048,1.3499030933393643,1.8927175858431158,0.5363305708408034,1.8151389419384318,2.2,0.3562469459079777,-0.2944140154689477,-0.20057984436181972,2.2,-0.02381227618327789,-0.25355311679954307,1.3499030933393643,1.0564203981328555,0.5896603240721922,0.8765413622905986,2.2,0.5004276823451127,-0.3702799729841343,-0.33663126245815284,0.0,0.0
2.25,0.01983997697973112,0.22598973778474982,1.380582709097077,1.5719184047944266,1.5393872119185674,0.31814223723522517,2.25,0.3766742648990781,-0.27496084505095103,-0.25744909307691843,2.25,-0.02867104841057393,-0.3265811608016937,1.380582709097077,1.0885591682341873,1.0755784983495065,-0.16760655307871006,2.25,0.5340921533085828,-0.3333479357402286,-0.4172931606958436,0.0,0.0
2.3000000000000003,0.010629530334823424,0.12932949558379664,1.41126232485479,1.5437516388424506,0.8917318817303752,-1.2601521231717845,2.3000000000000003,0.40084485922456675,-0.24429760596889757,-0.317797547008513,2.3000000000000003,-0.03302839884768673,-0.4018565287798045,1.41126232485479,1.3207619961355659,0.4660094548199344,-1.2358185297423048,2.3000000000000003,0.5722881513039734,-0.2768595151123534,-0.5008617943252132,0.0,0.0
2.35,-0.0002015000515595631,-0.002615042481633565,1.4419419406125027,1.7441553976377102,-0.7474402290932647,-1.575884245445003,2.35,0.42841164058481973,-0.1992480953995285,-0.37925813144642945,2.35,-0.03632969908971868,-0.4714822935739828,1.4419419406125027,1.6495429682188512,-0.8636330217251961,-1.405393186188856,2.35,0.6143755426089521,-0.1969433989262242,-0.5819541261778547,0.0,0.0
2.4000000000000004,-0.012575422045776854,-0.17384263436081931,1.4726215563702154,1.954169165747914,-1.915876243822036,-0.3849614873182325,2.4000000000000004,0.4590111381171821,-0.1372100995986041,-0.43802353074209605,2.4000000000000004,-0.03804221263217695,-0.5258955474272144,1.4726215563702154,1.955556545031315,-1.9148895399576136,-0.3967359960675773,2.4000000000000004,0.6597614989651924,-0.09138166561140768,-0.6534023467258765,0.0,0.0
2.45,-0.021547707784783633,-0.3168832841465013,1.5033011721279284,2.0102104352580623,-1.5738584568444338,1.2505660925515556,2.45,0.4922887981359528,-0.05669808194304294,-0.48901287127653487,2.45,-0.03789507647894698,-0.5572897315839542,1.5033011721279284,2.153597162678799,-1.8207373966192522,1.15017219217399,2.45,0.7079141128910663,0.03973258576486892,-0.7067982122634315,0.0,0.0
2.5,-0.027273085064658645,-0.4261419541352913,1.533980787885641,1.8441953618274038,-0.016666647209682403,1.844120049090215,2.5,0.5279128810122136,0.042170262633013406,-0.5262258820013306,2.5,-0.036203116411415805,-0.565673693928372,1.533980787885641,2.189218684710223,-0.5511696979501888,2.1187001707523074,2.5,0.758363436397024,0.19352259904522015,-0.7332558252906594,0.0,0.0
2.5500000000000003,-0.03024822744434674,-0.501557202340005,1.564660403643354,1.5173233798153827,1.3007040769353506,0.7813060496234067,2.5500000000000003,0.5655800624772094,0.15730513166985538,-0.5432641186587364,2.5500000000000003,-0.03306433292624508,-0.5482521033749173,1.564660403643354,2.0384947308906827,1.0018247498703812,1.7753331908169308,2.5500000000000003,0.8106961073038964,0.36410839770731873,-0.7243295197054305,0.0,0.0
2.6,-0.03155237640395218,-0.5545645676758635,1.5953400194010667,1.404675461275483,0.960418171261586,-1.025041505413338,2.6,0.6050158886383096,0.28444737733529374,-0.5339793207904933,2.6,-0.027859736882654605,-0.48966273544953737,1.5953400194010667,1.7193358805612147,1.675522469941638,0.38566866985260867,2.6,0.864547503458522,0.5426868073344632,-0.6730032799931145,0.0,0.0
2.6500000000000004,-0.029632134045904823,-0.5514429025440217,1.6260196351587797,2.0599610028816584,-1.111341916344693,-1.7344620141036566,2.6500000000000004,0.6459724960320968,0.41718325255093147,-0.4931922540155746,2.6500000000000004,-0.019979317106447233,-0.37180759910706823,1.6260196351587797,1.3329441635998194,0.9563136318176864,-0.9285496114233686,2.6500000000000004,0.9195935920573791,0.717930242076676,-0.5746551505596367,0.0,0.0
2.7,-0.021886657788447637,-0.4307950852500149,1.6566992509164924,3.3151164567089264,-3.3143430734382955,-0.07160386228367668,2.7,0.6882251709253724,0.5471928607497951,-0.41741329523592485,2.7,-0.010416253646021079,-0.20502312051463292,1.6566992509164924,1.174250914025804,-0.5520860959997487,-1.036371628178904,2.7,0.9755434954086663,0.8766927422388499,-0.42789595363812916,0.0,0.0
2.75,-0.009546882406794011,-0.19854532005379422,1.6873788666742053,4.836630867148504,-3.422123211814359,3.4179044556884652,2.75,0.7315686592080533,0.6647319457565971,-0.3054900054439051,2.75,-0.0012760059378361362,-0.026536935988435897,1.6873788666742053,1.551443075136196,-1.5265210561760196,0.27696404178034745,2.75,1.0321331451220805,1.0049805215660794,-0.23518711812590615,0.0,0.0
2.8000000000000003,0.005957647790863528,0.13078228430503622,1.718058482431918,6.422340527516837,-0.33655124142497667,6.413516283075966,2.8000000000000003,0.7758136944817603,0.7593230867748219,-0.15910794586127486,2.8000000000000003,0.005962846431369539,0.13089640486142415,1.718058482431918,2.251462613173266,-0.9402706362434844,2.0457211513633196,2.8000000000000003,1.089120067500883,1.0891154907054224,-0.0031574259476752904,0.0,0.0
2.85,0.020546953739311757,0.47564400048054534,1.748738098189631,7.911468811321318,4.766437608898823,6.314460489462644,2.85,0.8207839453799195,0.8206095150775279,0.01692066067419413,2.85,0.01089108212638789,0.25211902152901905,1.748738098189631,2.987750853154569,1.0684332838862185,2.7901801874448835,2.85,1.1462791971483681,1.116996720631787,0.25743800013389867,0.0,0.0
2.9000000000000004,0.030143872992750197,0.7351789184201849,1.7794177139473437,9.158119381733123,8.889091914604286,2.2034508262705943,2.9000000000000004,0.8663134366563814,0.8393048977425103,0.21463051776675307,2.9000000000000004,0.013463155085310624,0.32835288937564094,1.7794177139473437,3.592965106292725,3.1870635798316185,1.6589225398275713,2.9000000000000004,1.2033995662397208,1.079349056696692,0.5321429599589843,0.0,0.0
2.95,0.030429242181614646,0.7811909162522295,1.8100973297050567,10.032811722780508,9.122184371894727,-4.176489357094257,2.95,0.9122444255229557,0.8081576238417533,0.42316798901164365,2.95,0.013560725772802387,0.34813603731154774,1.8100973297050567,3.950153412997377,3.8620819454641397,-0.8294787717203818,2.95,1.2602817134403252,0.9708419153281348,0.8036018744839268,0.0,0.0
3.0,0.0229103139997913,0.618578477994365,1.8407769454627694,10.430769354438247,4.7425596895612845,-9.290267860316863,3.0,0.9584256833607226,0.7228400893367408,0.6293504554484097,3.0,0.011106266552273956,0.2998691969113968,1.8407769454627694,3.970528730371996,2.508799447042125,-3.077502840491067,3.0,1.3167356723464705,0.7909656910353132,1.0526946881383703,0.0,0.0
3.0500000000000003,0.010873940132617686,0.3085222256552119,1.8714565612204823,10.281168586804014,-2.0417425731437744,-10.076393937083736,3.0500000000000003,1.0047111236925854,0.5826733652400942,0.8184962990212,3.0500000000000003,0.006674906211241738,0.18938461084173266,1.8714565612204823,3.592778547803893,0.04894355030267077,-3.5924451592812963,3.0500000000000003,1.3725794212533533,0.544568227238291,1.2599284557191075,0.0,0.0
3.1,-0.0012597359277468035,-0.03752879302350503,1.902136176978195,9.55565383117106,-7.37152982473193,-6.0803838846130285,3.1,1.0509587188729816,0.3911059198813139,0.9754744426221171,3.1,0.0012774483013638584,0.03805646234593071,1.902136176978195,2.7873583347921262,-1.7221767652319753,-2.191682841067627,3.1,1.4276376978932952,0.24197853815548695,1.4069810885431975,0.0,0.0
3.1500000000000004,-0.01175315756932119,-0.36735522384200703,1.932815792735908,8.276832326141198,-8.27620388207381,0.10199341842639499,3.1500000000000004,1.0970296541316409,0.1558814598674352,1.085898260664315,3.1500000000000004,-0.004512481783161453,-0.14104156655427152,1.932815792735908,1.5651649338075475,-1.5444319317511508,-0.25391194971523756,3.1500000000000004,1.4817411020860263,-0.10132243570902164,1.478272795404523,0.0,0.0
3.2,-0.019598506166678048,-0.6422038500697065,1.9634954084936207,6.533388337994157,-4.729731465217778,4.507194631027923,3.2,1.1427876751927546,-0.11114560297887774,1.1373699158633142,3.2,-0.010466731884312113,-0.3429738703851394,1.9634954084936207,0.3471310116052905,0.18394741397882325,0.29438629062613586,3.2,1.5347254253267202,-0.4654864284356263,1.4624310295143927,0.0,0.0
3.25,-0.02451910783880049,-0.841694998778823,1.9941750242513334,4.538137159287791,0.2832104696865952,4.529291413275211,3.25,1.1880985931334296,-0.394559822535156,1.1206698057173936,3.25,-0.016328876997831893,-0.5605397306911979,1.9941750242513334,2.0773525970692757,1.5213547381851154,-1.4145223834044351,3.25,1.586431159316167,-0.8275003327813397,1.3535165394246242,0.0,0.0
3.3000000000000003,-0.029878625023235246,-1.0737481474600055,2.024854640009046,2.949813499054671,2.843509948913959,0.784761651479286,3.3000000000000003,1.2328299167900199,-0.6762806114360421,1.030783264478125,3.3000000000000003,-0.021586143411125653,-0.7757412357656228,2.024854640009046,4.239260916703427,0.41143237783101894,-4.219248335706432,3.3000000000000003,1.6367031457189698,-1.1627306862729416,1.1518917216499238,0.0,0.0
3.35,-0.03397095020110098,-1.277150611916717,2.055534255766759,3.3972503864521544,0.927009030646373,-3.268327469111592,3.35,1.2768505886661126,-0.9367535293382478,0.8676636739251762,3.35,-0.025597019123903317,-0.9623295328453167,2.055534255766759,6.518085026036976,-3.535932669159715,-5.475638096680286,3.35,1.68539033749596,-1.446700802766251,0.864637136028884,0.0,0.1464466094067272
3.4000000000000004,-0.038153656237139816,-1.4995913047445437,2.086213871524472,5.52403360767244,-4.018004704610318,-3.7908555093044556,3.4000000000000004,1.3200308049562275,-1.156356867012975,0.636647565098087,3.4000000000000004,-0.02786293574123987,-1.0951248263736921,2.086213871524472,8.779497285978502,-8.278759476977825,-2.922621103881536,3.4000000000000004,1.7323456484423685,-1.6569658019694409,0.5054560087495031,0.0,0.5000000000000028
3.45,-0.038990549988764486,-1.6010933232823794,2.116893487282185,7.967256680128741,-7.946775795572205,0.5709058258275106,3.45,1.3622419040805525,-1.3169195602269497,0.3484621602479481,3.45,-0.028116962981518237,-1.1545844240119472,2.116893487282185,10.894612383260771,-10.35644824191434,3.381798159862345,3.45,1.7774258724547833,-1.774936016534644,0.09404716518735741,0.0,0.8535533905932768
3.5,-0.03636894170937246,-1.559318375789344,2.1475731030398975,10.258617490332432,-7.042680948114711,7.4592142934773324,3.5,1.4033563111622953,-1.4032304147321726,0.01879732027764254,3.5,-0.026272998386704452,-1.1264548058299533,2.1475731030398975,12.74643424496643,-7.19035784813282,10.524748927031355,3.5,1.8204916578582737,-1.787496774201347,-0.34502921405490394,0.0,1.0
3.5500000000000003,-0.0292507838551114,-1.3086471625458473,2.1782527187976104,12.19970180833732,-0.56682639374194,12.186526660689927,3.5500000000000003,1.4432475283025645,-1.4044122019240017,-0.3325504398409943,3.5500000000000003,-0.02234086985301911,-0.9995053837454905,2.1782527187976104,14.239164892243501,0.8478710844995928,14.213899234642454,3.5500000000000003,1.8614075250964461,-1.6882830009843464,-0.7839250493975596,0.006155829702431202,1.0
3.6,-0.01703257883704188,-0.7946719982210261,2.2089323345553233,13.680848072451436,8.294503063226012,10.87965178282984,3.6,1.4817901624358942,-1.3150384314712753,-0.6829172784791449,3.6,-0.01643563712510974,-0.7668210857091202,2.2089323345553233,15.306107660429488,10.131242516743828,11.473223469434405,3.6,1.9000419184140245,-1.4784899939699843,-1.1934096653962052,0.02447174185242326,1.0
3.6500000000000004,-0.0014260160131059044,-0.06934305892130246,2.2396119503130363,14.649166914582269,14.281386804291415,3.2619138917977013,3.6500000000000004,1.51885998408212,-1.1358856562484114,-1.0083151427877366,3.6500000000000004,-0.008842267026536205,-0.42997402398275447,2.2396119503130363,15.914850932241237,15.665436646452019,2.806523627454059,3.6500000000000004,1.9362672839924775,-1.1671354897964663,-1.544967877826969,0.05449673790581632,1.0
3.7,0.014485954563950675,0.7337570565277937,2.270291566070749,15.100116224995915,13.444560868176701,-6.874394014767896,3.7,1.5543340115290174,-0.8742391982282162,-1.2851692665470853,3.7,-5.546868817283917e-05,-0.002809655462018823,2.270291566070749,16.068895053545877,14.096520238873616,-7.7134626074738755,3.7,1.9699601684489416,-0.7707302376497358,-1.8129307670310426,0.09549150281252644,1.0
3.75,0.029306331995543885,1.5454511013275096,2.3009711818284617,15.071013105887543,5.80080005400062,-13.90993007787388,3.75,1.5880906159506485,-0.5437034675920452,-1.4921187431966987,3.75,0.009295814405707753,0.4902089628009948,2.3009711818284617,15.80517401344768,5.908045729072783,-14.659417493834694,3.75,2.00100133276539,-0.3123613152836822,-1.9764707795571164,0.14644660940672624,1.0
3.8000000000000003,0.040599257282402226,2.2277624455999754,2.3316507975861747,14.631711570143707,-4.5485627945495875,-13.906745125151195,3.8000000000000003,1.6200096437411224,-0.1635070500051481,-1.6117371654251982,3.8000000000000003,0.018517694848855355,1.0161029517463913,2.3316507975861747,15.187248406713874,-4.689038240171923,-14.445256472262392,3.8000000000000003,2.029275877646743,0.1797594681298236,-2.021298375108594,0.2061073738537638,1.0
3.85,0.04830194525939536,2.7564289968884426,2.3623304133438876,13.871473929517359,-11.939860037466115,-7.060986564425642,3.85,1.6499725529637999,0.24266567531967811,-1.6320302679654946,3.85,0.02690625396121272,1.5354491049592909,2.3623304133438876,14.294417509728348,-12.18895703679533,-7.467241679334212,3.85,2.0546733770660657,0.6741846156521797,-1.9409167396985358,0.2730047501302266,1.0
3.9000000000000004,0.050324200216286336,2.98518123262989,2.3930100291016,12.882720979253905,-12.636138264548608,2.5084875101381727,3.9000000000000004,1.6778625613145548,0.6482439339391256,-1.54757958657129,3.9000000000000004,0.033808199255321546,2.0054685716264196,2.3930100291016,13.207773764002841,-13.023578645341074,2.198109885719491,3.9000000000000004,2.0770880173834487,1.138421721573781,-1.7373228300482593,0.34549150281252683,1.0
3.95,0.048105913608965344,2.964761442481333,2.423689644859313,11.743927731505025,-6.985377650930029,9.440568713626314,3.95,1.7035648034000856,1.0256322619089866,-1.360224798595816,3.95,0.03867416884997365,2.38348419195277,2.423689644859313,11.99542790458615,-7.535602021912426,9.333005559918702,3.95,2.096418739955068,1.541262301198215,-1.4210848152520583,0.42178276747988486,1.0
4.0,0.042862090044181574,2.7431737628276207,2.454369260617026,10.505650541694589,1.103611758087297,10.447522883038797,4.0,1.7269664954587391,1.3482272698049735,-1.0792110569259687,4.0,0.041110785807430564,2.631090291675556,2.454369260617026,10.700536803570763,0.5233192349704806,10.687732447197689,4.0,2.112569385606806,1.8550698707828852,-1.0107745463339926,0.5000000000000001,1.0
4.05,0.03620350757924941,2.405003533927985,2.4850488763747385,9.184520533369682,6.8838277850095935,6.0801589168556465,4.05,1.7479571059176953,1.5924341224700018,-0.7207687630033369,4.05,0.04094509153464072,2.7199875487826244,2.4850488763747385,9.336400605566979,6.538096682666946,6.664958217103159,4.05,2.125448839754302,2.0578477598235154,-0.531785076701338,0.578217232520115,1.0
4.1000000000000005,0.028797726872320423,1.9847681337671965,2.5157284921324514,7.768365055532213,7.767706845432676,-0.10112368383491081,4.1000000000000005,1.7664285303992915,1.7395216672621878,-0.30713860410892496,4.1000000000000005,0.03822130813598926,2.634250778040516,2.5157284921324514,7.891412709379262,7.868766227372233,0.5974216339560288,4.1000000000000005,2.1349711773276017,2.1349211652083304,-0.014613225691521197,0.6545084971874745,1.0
4.15,0.020956075180672475,1.497801419916397,2.5464081078901644,6.231194459185311,4.60846557196406,-4.1940230638616764,4.15,1.7822752699707407,1.7771627066671691,0.13489941430820954,4.15,0.033185217405035806,2.3718594880466517,2.5464081078901644,6.342974190641209,5.133319753381704,-3.725902560814186,4.15,2.141055807020834,2.080095828376969,0.5072684827055249,0.7269952498697739,1.0
4.2,0.013744251448545141,1.0182841013198125,2.5770877236478773,4.55240613566607,0.5691761369673466,-4.516684641322328,4.2,1.795394611583535,1.7005265654765986,0.575891666384882,4.2,0.02622585303632338,1.9430209997551267,2.5770877236478773,4.6762722793698055,1.239611588028776,-4.508978325699432,4.2,2.1436276147526727,1.8961953435741723,0.9997912630833796,0.7938926261462367,1.0
4.25,0.007767334177253337,0.5962642627007132,2.60776733940559,2.734256096856409,-1.417781335780137,-2.3379590430779436,4.25,1.8056868097779635,1.512823518399499,0.985834599303291,4.25,0.01783388669130906,1.369029458037522,2.60776733940559,2.907216430714721,-0.9630487975240508,-2.7430720713472185,4.25,2.1426171066096074,1.594927370730846,1.4307392311772666,0.8535533905932737,1.0
4.3,0.0029517721667942387,0.2346865496653095,2.6384469551633027,0.8328470090084162,-0.7000950025678463,-0.4511109927654083,4.3,1.813055268839784,1.2252424383943328,1.3363945431739879,4.3,0.008596409975880997,0.6834747679523704,2.6384469551633027,1.179576666344662,-0.6650746648632676,-0.9742057287564053,4.3,2.137960551971617,1.1960820372783,1.7720787459610736,0.9045084971874736,1.0
4.3500000000000005,-0.0013177083504015343,-0.10846436273305773,2.6691265709210157,1.244193516136922,0.9458209729553462,-0.8083564762621498,4.3500000000000005,1.8174067246947696,0.8562709391642975,1.6030493697040218,4.3500000000000005,-0.0008409063157903923,-0.06921741645836511,2.6691265709210157,1.2862573120028222,0.6453496125383292,-1.1126462826421313,4.3500000000000005,2.129600128013141,0.7261192216360006,2.0019859093420997,0.9455032620941842,1.0
4.4,-0.005994802989597267,-0.5106612978658537,2.6998061866787286,3.1838140707888734,1.0159204862962743,-3.017379260695738,4.4,1.8186514259166517,0.43043743653477345,1.7669795194676263,4.4,-0.009838328433105921,-0.838068169245695,2.6998061866787286,3.031864656298647,0.679630461774422,-2.9547090769720796,4.4,2.117484067362423,0.2162507799002899,2.106412679349948,0.9755282581475768,1.0
4.45,-0.011550567234364201,-1.0178489790803122,2.730485802436441,5.009408997948188,-1.560814586514206,-4.760045833313872,4.45,1.8167033133087067,-0.02343724013522472,1.8165521254182817,4.45,-0.017828157332802505,-1.5710372808435562,2.730485802436441,4.7531027012456635,-1.6373966632257253,-4.4621651085371195,4.45,2.1015668114300103,-0.2998350436791905,2.0800677896371544,0.9938441702975689,1.0
4.5,-0.018092309405904058,-1.6486616946130073,2.761165418194154,6.605649223577154,-5.455264535261295,-3.72487456369551,4.5,1.8114801976026957,-0.4743489257134964,1.748271604465723,4.5,-0.024351179414105813,-2.219001224110392,2.761165418194154,6.2560552035966275,-5.187166334900841,-3.4973607369729263,4.5,2.0818091728377692,-0.7884302989342322,1.926734827586286,1.0,1.0
4.55,-0.025447653722027775,-2.3970767328702736,2.791845033951867,7.877673322342911,-7.864356988988847,0.4578494548380246,4.55,1.8029039349051976,-0.891417795010839,1.5671110085870301,4.55,-0.02906796921807629,-2.7380973289543706,2.791845033951867,7.43709657036761,-7.428648641139904,0.35437940609457397,4.55,2.0581785115692224,-1.2182531521623021,1.6589026622234093,1.0,1.0
4.6000000000000005,-0.03274761507026764,-3.187521860479572,2.82252464970958,8.751334966795959,-6.60380398033369,5.742441701088009,4.6000000000000005,1.790900599615409,-1.2462129945461196,1.2861874396553659,4.6000000000000005,-0.03174820700848054,-3.090243477377463,2.82252464970958,8.22132179239653,-6.312736683088112,5.266828987552928,4.6000000000000005,2.0306489310275015,-1.5626913030118157,1.2967385906860212,1.0,1.0
4.65,-0.0374604862852703,-3.7664505458701463,2.8532042654672924,9.180321746356237,-1.7963708210419245,9.002852838957793,4.65,1.7754006546463423,-1.5149077795127464,0.9257979823322263,4.65,-0.03231586226078551,-3.2491862525623323,2.8532042654672924,8.563529898513806,-1.8936657872814828,8.351531249347001,4.65,1.9992015022813143,-1.8016675711585224,0.8664875127545777,1.0,1.0
4.7,-0.03862919575155049,-4.010598990513227,2.8838838812250054,9.150980773759589,4.085160732472432,8.188523121514828,4.7,1.756339118911107,-1.6800893862601518,0.5118854899227272,4.7,-0.030861350947463666,-3.2041180394185202,2.8838838812250054,8.45210221157182,3.5625880169096225,7.664593819415951,4.7,1.9638245276231576,-1.9229828188338438,0.3984267232053615,1.0,1.0
4.75,-0.03718836332386155,-3.9855466255994747,2.9145634969827183,8.68392299184795,7.838415428219379,3.737614493630644,4.75,1.7336557321987947,-1.732073481850276,0.07405167963523872,4.75,-0.027630323077696188,-2.961193531092471,2.9145634969827183,7.91087399993452,7.0553963607383015,3.578171269757879,4.75,1.9245138584816521,-1.9230339640305212,-0.07545836383726583,1.0,1.0
4.800000000000001,-0.03317550645818344,-3.668945610223425,2.945243112740431,7.832353909018164,7.6361783115477495,-1.7419955655396697,4.800000000000001,1.707295117776471,-1.6696117217113975,-0.3567258301655158,4.800000000000001,-0.022977466763205476,-2.5411240042764214,2.945243112740431,6.9985083959139684,6.84386787822992,-1.463076290905909,4.800000000000001,1.881273288204116,-1.8068559266412885,-0.5238901080108093,1.0,1.0
4.8500000000000005,-0.026609496542294647,-3.0357211297182114,2.9759227284981438,6.677547988213705,4.129197005930597,-5.247797559082352,4.8500000000000005,1.6772069433384185,-1.4999296993737978,-0.750489192273299,4.8500000000000005,-0.017315189841752718,-1.975388282305248,2.9759227284981438,5.806426695276817,3.5418798395522093,-4.60105185471723,4.8500000000000005,1.8341150479850357,-1.5874916984217362,-0.9186120599508919,1.0,1.0
4.9,-0.01904390857818833,-2.240496800315279,3.0066023442558567,5.322426943605472,-0.1705048398394586,-5.319695166981733,4.9,1.6433460813164391,-1.2380874441396459,-1.0806136329150469,4.9,-0.01108318886946062,-1.3039260873031728,3.0066023442558567,4.458998405858092,-0.423195618023725,-4.438870605495335,4.9,1.7830604453792758,-1.284749716348319,-1.2364152693246129,1.0,1.0
4.95,-0.011066827022195115,-1.3422663991011123,3.0372819600135696,3.8854146576376625,-2.697885596802892,-2.796043699291751,4.95,1.6056727701198439,-0.9057110579643507,-1.3258478510694316,4.95,-0.0047334689370522355,-0.574110022019106,3.0372819600135696,3.128883280066678,-2.5426456853720425,-1.823420823326242,4.95,1.7281407011492236,-0.9234577324490266,-1.4607176658576537,1.0,1.0
5.0,-0.0021438406099547756,-0.26798007624434694,3.067961575771282,2.5019176238650003,-2.5015187814488113,0.04467194494469378,5.0,1.564152778675483,-0.5291972952366322,-1.471911728926863,5.0,0.0012972929542733004,0.16216161928416253,3.067961575771282,2.110415249409561,-1.8873300463603835,0.9443716540884377,5.0,1.669398064420156,-0.5313631940350374,-1.582574817667287,1.0,1.0
5.050000000000001,0.006359665662673285,0.8190462364897438,3.098641191528995,1.3749159258782702,-0.6260214346388296,1.2241286560678344,5.050000000000001,1.518757577821925,-0.13753826907344405,-1.5125170427905272,5.050000000000001,0.0066327383597210784,0.8542146205948736,3.098641191528995,1.8763369201732607,0.44668282722494757,1.822392572929226,5.050000000000001,1.6068873227330727,-0.13685831720784275,-1.6010486154303059,1.0,1.0
5.1000000000000005,0.012959486350895806,1.71908882393268,3.129320807286708,1.0134938910618123,0.9376825567065042,0.3846053692656487,5.1000000000000005,1.4694645238983826,0.2400530148882452,-1.449724296905782,5.1000000000000005,0.010987177972513694,1.4574601452319145,3.129320807286708,2.3631339041381705,2.328122213157858,0.40527621381999196,5.1000000000000005,1.5406778799730378,0.23327884920197384,-1.5229147409993828,1.0,1.0
5.15,0.01775099226027264,2.4246235649488685,3.160000423044421,1.476851527411752,0.8477176065652081,-1.2093243128035507,5.15,1.416257062626656,0.5765170310021573,-1.2936043368837093,5.15,0.014186607003310835,1.9377610638633553,3.160000423044421,2.9609288561373885,2.2100891196112817,-1.9704328901241206,5.15,1.470856663760296,0.5559391485558485,-1.3617455667014549,1.0,0.7499999999999978
5.2,0.020426471155883672,2.8721252562864916,3.1906800388021335,1.974410256639869,-0.6569888072925186,-1.8618973034560922,5.2,1.3591249657452567,0.8491209946146896,-1.061232401039756,5.2,0.01615352245338231,2.27131448512518,3.1906800388021335,3.3689899120823164,0.1847548411882043,-3.3639201352543933,5.2,1.3975322661870966,0.8133636422971046,-1.1364576632779724,1.0,0.2500000000000022
5.25,0.020697497637424397,2.9949925878154273,3.2213596545598464,2.2783475647226585,-2.1171935135401707,-0.841640809313032,5.25,1.2980646199334644,1.0412455015983262,-0.7750997116011977,5.25,0.016895600755566148,2.444846228082783,3.2213596545598464,3.50078140793392,-2.2307886802230015,-2.69797189205609,5.25,1.3208409556921779,0.9943157455208884,-0.8694578934273157,1.0,3.749399456654644e-33
5.300000000000001,0.019305029579841367,2.8740748887580443,3.2520392703175593,2.3915688596814366,-2.131067122154061,1.0854282709935172,5.300000000000001,1.2330793993890667,1.1436307652086461,-0.46107860291493435,5.300000000000001,0.016501044957148867,2.456626070085453,3.2520392703175593,3.353732128344724,-3.3196645009418737,-0.4768089658112279,5.300000000000001,1.2409555921157969,1.0946533182760625,-0.5845552962643259,1.0,0.0
5.3500000000000005,0.01709814189136598,2.618244879628082,3.2827188860752723,2.38983457033494,-0.5121232603456191,2.334317681846445,5.3500000000000005,1.1641801738254018,1.1549741542294365,-0.14611700855869003,5.3500000000000005,0.015137561492137633,2.318020467876596,3.2827188860752723,2.9718402516179605,-2.434723965326769,1.7040990856755356,5.3500000000000005,1.158099159383773,1.1172625163562415,-0.3048247570502122,1.0,0.0
5.4,0.014633168482393094,2.3041972419115466,3.313398501832985,2.3846386224570386,1.5587968061835478,1.8046201474952492,5.4,1.0913860401493485,1.0818262711119373,0.14413676756787727,5.4,0.013036195529184388,2.052731492807491,3.313398501832985,2.4355098867254776,-0.3868178748962837,2.4045956707933813,5.4,1.0725658446196131,1.0713710850332956,-0.05061115686450068,1.0,0.0
5.45,0.011837106145968338,1.9161744668884042,3.3440781175906977,2.4755685225484383,2.46544213249365,-0.22368415491004487,5.45,1.0147254341235055,0.9377937393400125,0.38757013444254607,5.45,0.010458832086345515,1.6930613572434936,3.3440781175906977,1.866632748358434,1.2629255199020002,1.3745315378063985,5.45,0.9847548143030799,0.9713130834319499,0.16215097362338357,1.0,0.0
5.5,0.009399135243623485,1.5637811261578574,3.3747577333484107,2.688279131061172,1.421196666403017,-2.2818949848544654,5.5,0.9342379113711675,0.7421179789946079,0.5675045200666866,5.5,0.007664522945304536,1.2751850050250422,3.3747577333484107,1.4511134512553376,1.4045053936053526,-0.3648216656774245,5.5,0.8952260080984148,0.8348650663108312,0.323156195406547,1.0,0.0
5.550000000000001,0.007898669622246574,1.3503081792678386,3.4054373491061236,2.963829257534788,-0.9108075340099406,-2.820410165881896,5.550000000000001,0.8499771622082934,0.5177552005744888,0.6740851048300464,5.550000000000001,0.004883303077818117,0.8348195839524339,3.4054373491061236,1.3886195372676309,0.1539087688089148,-1.3800638790161466,5.550000000000001,0.8047952378691012,0.6813113422507323,0.42838094007237154,1.0,0.0
5.6000000000000005,0.006377635395537971,1.1200148176227966,3.436116964863836,3.2096521156921662,-2.9015743626384745,-1.3721271522152487,5.6000000000000005,0.762016432655369,0.2891286421336258,0.7050345182576384,5.6000000000000005,0.002310078622182749,0.40568676731324577,3.436116964863836,1.6243419341692145,-1.3377376738385685,-0.9213819159792319,5.6000000000000005,0.7147010559589461,0.5294197591238057,0.48011698370097694,1.0,0.0
5.65,0.004719316590021804,0.8511859687240865,3.466796580621549,3.3454084342680637,-3.157264051784052,1.1060928077625538,5.65,0.6704589790282218,0.07975549915854022,0.6656983573012162,5.65,9.836360276964905e-05,0.01774106841818979,3.466796580621549,1.9155508694874201,-1.827687682263798,0.573491821820676,5.65,0.6269030774327362,0.39551738287992066,0.48638818687798474,1.0,0.0
5.7,0.0031687428253974127,0.586828990063823,3.497476196379262,3.3198908206372737,-1.5241414107160862,2.949350440536358,5.7,0.5754600288637609,-0.09003499711453232,0.5683730677244188,5.7,-0.001640505878800116,-0.3038102052126299,3.497476196379262,2.109985725027105,-0.9222018747194353,1.8977838291233586,5.7,0.5446088712478478,0.2918466281999438,0.45980905629421726,1.0,0.0
5.75,0.0016524847182053202,0.3141528369750645,3.5281558121369745,3.113416475042768,0.8408911106316186,2.997709840382898,5.75,0.47727824591973156,-0.20508089792277243,0.430971401992528,5.75,-0.002841658109462479,-0.5402258471535935,3.5281558121369745,2.150892081088418,0.6859730899446623,2.0385724574713153,5.75,0.4731149160332655,0.22535749436046787,0.41599485995470614,1.0,0.0
5.800000000000001,0.0005378829082509704,0.10494740999466337,3.5588354278946874,2.7367912806319263,2.3536788756776645,1.396503585362982,5.800000000000001,0.37641546944789633,-0.2568767633299363,0.27514166187768807,5.800000000000001,-0.003500370014249417,-0.6829641942202325,3.5588354278946874,2.034242451929849,1.8109594122830666,0.9265896396447206,5.800000000000001,0.4206803250052519,0.197052572658052,0.3716748840793086,1.0,0.0
5.8500000000000005,-0.00011549267642263868,-0.02312182149541146,3.5895150436524004,2.2319038783820586,2.1536370185200764,-0.5858690252921979,5.8500000000000005,0.2740848579754677,-0.24442653629321634,0.12400878084689523,5.8500000000000005,-0.0036702054500104193,-0.7347810951759425,3.5895150436524004,1.7905719602704815,1.696245180711825,-0.5734982404670331,5.8500000000000005,0.3977692332134107,0.20195167214574813,0.3426891959322922,1.0,0.0
5.9,-0.0005671189899613971,-0.1164743310392818,3.6201946594101133,1.6816623629676122,0.6671810775348387,-1.5436507742366035,5.9,0.17436922453880105,-0.1743690354474713,-0.00025679443396961835,5.9,-0.0034571551655411996,-0.7100270707436862,3.6201946594101133,1.4800346638316098,0.5521109887664091,-1.3731992070440924,5.9,0.41202244042100356,0.22968647743844453,0.34206229475403793,1.0,0.0
5.95,-0.0004203505223835728,-0.0885446832436724,3.650874275167826,1.24885515308544,-0.7989938643517137,-0.9598166481762925,5.95,0.0992677119922878,-0.06034970865527086,-0.07881618684894445,5.95,-0.003000520411038993,-0.6320442469182573,3.650874275167826,1.1952835526120422,-0.6696699171566286,-0.9900732160806587,5.95,0.46230713047295074,0.2656774475741886,0.37834293535970537,1.0,0.0
6.0,-0.00045181554638570767,-0.09759215801931286,3.6815538909255388,1.1862401397649849,-1.0833544498726528,0.4832274879710101,6.0,0.1256527349923525,0.07831910285388895,-0.09825847515212278,6.0,-0.0024480269372909765,-0.5287738184548509,3.6815538909255388,1.0519774626069875,-1.0432877646489351,0.13493413936755988,6.0,0.5405420990868011,0.2927902489074445,0.4543782906674589,1.0,0.0
6.050000000000001,-0.001160726685916513,-0.25703726605361804,3.7122335066832517,1.497317553334369,-0.0230327132033142,1.497140390760237,6.050000000000001,0.22474889458504008,0.21860058046830172,-0.052209691017271936,6.050000000000001,-0.0019370889997050228,-0.42895891567580385,3.7122335066832517,1.0997510677595657,-0.3640911794619785,1.037733117943284,6.050000000000001,0.6380711056185786,0.2933222409091435,0.5666540380279256,1.0,0.0
6.1000000000000005,-0.0018236057011570552,-0.41392384565432966,3.7429131224409646,1.9071434509827467,1.486598771390041,1.1946632310103134,6.1000000000000005,0.3410300862864813,0.3361111613269115,0.05771314394520336,6.1000000000000005,-0.0015767163542701268,-0.3578846548085877,3.7429131224409646,1.2486328356301903,0.7486379103357226,0.9993123823019768,6.1000000000000005,0.7486606099199241,0.25113513360224127,0.7052828181065077,1.0,0.0
6.15,-0.0028323618323598406,-0.658831083237245,3.773592738198677,2.2410394726239877,2.2257165026777455,-0.26161798020538807,6.15,0.46410570929779676,0.40772108790185096,0.22171518640576288,6.15,-0.001445413875959682,-0.33621537288943326,3.773592738198677,1.382546424179575,1.3804247209978002,0.07656503555719739,6.15,0.868381825283921,0.15373115345261357,0.8546658568947068,1.0,0.0
6.2,-0.00443093839117919,-1.0560166848929542,3.80427235395639,2.423491117667489,1.5857043476089383,-1.8327168137460097,6.2,0.5915857043124664,0.41413792947157135,0.4224493116574777,6.2,-0.0015894825322659584,-0.3788181929498814,3.80427235395639,1.4371602294857118,1.0402229212594538,-0.9916480218816918,6.2,0.9948088761184626,-0.005931141307458396,0.9947911949584544,1.0,0.0
6.25,-0.0064324783749030185,-1.5704292907478072,3.834951969714103,2.4240423165318936,-0.004441250924583861,-2.4240382479712514,6.25,0.7226043639009484,0.3422266188393116,0.6364259643403205,6.25,-0.002017958073203281,-0.49266554521564476,3.834951969714103,1.3924655993292505,0.010675150945983787,-1.3924246789207844,6.25,1.1264028574620581,-0.22806835936582653,1.1030721738648246,1.0,0.0
6.300000000000001,-0.008442694655562384,-2.111070470539408,3.865631585471816,2.238500562401525,-1.453334593133272,-1.7025578780981545,6.300000000000001,0.85672679867045,0.186834871903636,0.8361061763920117,6.300000000000001,-0.0026998191795526024,-0.6750816863895898,3.865631585471816,1.259203640169891,-0.914100289127055,-0.8660337573298967,6.300000000000001,1.2621418784259946,-0.5053040894557096,1.156576801797457,1.0,0.0
6.3500000000000005,-0.010213924503880664,-2.615253664629074,3.8963112012295285,1.8819712971862221,-1.8586443954738754,-0.29539291563330344,6.3500000000000005,0.993673565859958,-0.048070561537271315,0.9925101392944737,6.3500000000000005,-0.0035659456939358515,-0.9130528172976755,3.8963112012295285,1.0739063664930586,-1.066333918564411,0.12730615897666384,6.3500000000000005,1.4013110741986774,-0.8226054921094886,1.1344571084986674,1.0,0.0
6.4,-0.01129504843994208,-2.960929178240177,3.9269908169872414,1.3852534916991057,-1.1660470655933495,0.7478378681811343,6.4,1.1332301934180222,-0.34909608652255797,1.0781199347238148,6.4,-0.004515783420742561,-1.1837855290471382,3.9269908169872414,0.8997048784287329,-0.408697818352674,0.8015204061920231,6.4,1.5433831776878004,-1.1579698074595255,1.0203614840740713,1.0,0.0
6.45,-0.011235031171101665,-3.0147647287076333,3.9576704327449543,0.796244496313575,-0.14452053039668883,0.783019229778885,6.45,1.2752116491541277,-0.694011444451202,1.0698190805501395,6.45,-0.0054272998675808995,-1.4563406156796719,3.9576704327449543,0.8171078650611111,0.47324226102088657,0.6661133728792464,6.45,1.6879490474479317,-1.48384057943282,0.8046049475418687,1.0,0.0
6.5,-0.010539095662751387,-2.8942991463830996,3.988350048502667,0.27460189260848733,0.27123999469777593,0.04283765517058195,6.5,1.419446512441676,-1.0532289356369067,0.9515971893716298,6.5,-0.006169550114376696,-1.6943127001607001,3.988350048502667,0.8632924680016011,0.8558023016866175,-0.11347381079431157,6.5,1.834676064989096,-1.7691674493514478,0.48588352472497626,1.0,0.0
6.550000000000001,-0.010201812981273888,-2.8668254933606256,4.01902966426038,0.651789914654433,-0.2609675985336548,-0.5972654396169347,6.550000000000001,1.5657692446113896,-1.3920820250692978,0.7167572551777094,6.550000000000001,-0.006616671340061264,-1.8593599111937091,4.01902966426038,0.9830982636584846,0.44173517309784444,-0.8782666069346738,6.550000000000001,1.983282465758556,-1.9819623993273363,0.072349061071764,1.0,0.0
6.6000000000000005,-0.008414891164391794,-2.419247550197984,4.049709280018092,1.2731103347721058,-1.2227996790012976,-0.35435980237304954,6.6000000000000005,1.7140161535578853,-1.673737748969548,0.3693958883524818,6.6000000000000005,-0.006661879039573151,-1.9152635763611232,4.049709280018092,1.0971046231251251,-0.432236968888663,-1.0083698511996795,6.6000000000000005,2.1335210446009407,-2.0921546404307456,-0.41809210501896116,1.0,0.0
6.65,-0.005858666385627757,-1.7229144136855163,4.080388895775806,1.8416064470639995,-1.6546841892537683,0.8084148314456427,6.65,1.8640231883465181,-1.8625129859837404,-0.07501882254108068,6.65,-0.006229972223912985,-1.8321078953687466,4.080388895775806,1.155719004316891,-1.0849798339959937,-0.39812708619390835,6.65,2.28516853877438,-2.074510539258901,-0.9583325482878989,1.0,0.0
6.7,-0.0032230996794712268,-0.9693891288968047,4.111068511533518,2.310760391006558,-0.9276595156444934,2.1163793156424027,6.7,2.015624703643699,-1.927317881441351,-0.5900751899674922,6.7,-0.005286977666328318,-1.590127263857904,4.111068511533518,1.1391357360711214,-1.0297441290015863,0.48709060140908056,6.7,2.4380185461305635,-1.9113675474790248,-1.5134756455657303,1.0,0.0
6.75,-0.0005600584384294284,-0.1722442225563506,4.1417481272912315,2.6551774284713736,0.7302437689508827,2.5527849918417074,6.75,2.168652768186324,-1.844925203896534,-1.1398709668157794,6.75,-0.003845998179266147,-1.1828247212889933,4.1417481272912315,1.0495792899648821,-0.3367037514788022,0.9941062667860449,6.75,2.5918767020922084,-1.5949341115377569,-2.0430394070359115,1.0,0.0
6.800000000000001,0.0018014492338411213,0.5664332854951316,4.172427743048944,2.8616308133530026,2.354421329088102,1.6265396143550832,6.800000000000001,2.3229367938496037,-1.6027650986394022,-1.6814218348777632,6.800000000000001,-0.0019679337899813068,-0.6187813574514024,4.172427743048944,0.9077553974186543,0.4489702025358676,0.7889522284508745,6.800000000000001,2.746557334651078,-1.1289314430812436,-2.5038152865872787,1.0,0.0
6.8500000000000005,0.003765113417389203,1.2101794601429976,4.2031073588066565,2.927629970820236,2.917715090388539,-0.24074031104884688,6.8500000000000005,2.4783033621096515,-1.200971450065559,-2.167868799252259,6.8500000000000005,0.00024366356045275265,0.07831812839510838,4.2031073588066565,0.753319261580178,0.7475088241811789,0.09338344413747052,6.8500000000000005,2.9018811078189763,-0.5293965787294728,-2.853182999098764,1.0,0.0
6.9,0.004523873700610717,1.4861332255139263,4.23378697456437,2.860244503068474,2.0529524087301922,-1.9915785258990728,6.9,2.6345761770099787,-0.6534575441990763,-2.5522509418938073,6.9,0.0026506924034010513,0.8707763107488762,4.23378697456437,0.6451562523895786,0.38769720899789817,-0.515671857029842,6.9,3.057673339458348,0.1754735304123571,-3.0526341560951895,1.0,0.0
6.95,0.005203943980660997,1.7469763536748508,4.264466590322082,2.6745080047556913,0.29551498262667725,-2.658131667646549,6.95,2.7915761022919923,0.012128544483767855,-2.791549754759255,6.95,0.005091323164432532,1.7091692781925165,4.264466590322082,0.6352513327815779,-0.2862583788415665,-0.5670982245993802,6.95,3.2137627877214414,0.9464844079214446,-3.071227526788708,1.0,0.0
7.0,0.005676927494921534,1.9471861307580862,4.295146206079795,2.3914044554441443,-1.3131039477857989,-1.998642862501316,7.0,2.949121256548963,0.7556298290535278,-2.850673560278951,7.0,0.007392717386452369,2.535702063553163,4.295146206079795,0.7097187442212707,-0.7079221311754199,-0.050467336873160455,7.0,3.369980768660925,1.7355806937675973,-2.888690020851262,1.0,0.0
7.050000000000001,0.006037572169950453,2.1155811369775854,4.325825821837508,2.0355783508110368,-1.9468807228485927,-0.5943354888370047,7.050000000000001,3.1070271497722115,1.5267510091779326,-2.7060393687815774,7.050000000000001,0.009384563425833787,3.288375658891153,4.325825821837508,0.8054371590514952,-0.5361089137213725,0.6010958740579022,7.050000000000001,3.5261605115875327,2.488844274922534,-2.4978915366093415,1.0,0.0
7.1000000000000005,0.006925217940351397,2.478611678249109,4.356505437595221,1.6329819000220789,-1.5073267239825956,0.6281687933729394,7.1000000000000005,3.265106850410433,2.268438688710616,-2.34842684794694,7.1000000000000005,0.010912343411329751,3.905647742692443,4.356505437595221,0.8721747412277409,0.09416498393753178,0.8670765450845278,7.1000000000000005,3.682136687644814,3.1501662317603834,-1.906458312887147,1.0,0.0
7.15,0.007912302830419014,2.892151415353887,4.387185053352934,1.2088513974312143,-0.5759581113018636,1.062823576656535,7.15,3.4231711756366683,2.921044752963283,-1.784824486860095,7.15,0.011849323732842986,4.331234425605699,4.387185053352934,0.8857044910012704,0.6989733054399194,0.5439749660252873,7.15,3.83774506637965,3.665341823673616,-1.1373462578081992,1.0,0.0
7.2,0.010536604370148264,3.9327665079490997,4.417864669110647,0.7873317854502817,0.10890584290503177,0.7797633344557008,7.2,3.581028899790967,3.426970218050837,-1.0390587595178167,7.2,0.012106405886030056,4.518691784148947,4.417864669110647,0.8412415797338302,0.8334388749241902,-0.11431114223106253,7.2,3.9928222682040175,3.9862918701149432,-0.22826912126125534,1.0,0.0
7.25,0.012254799803600483,4.67003613140644,4.448544284868359,0.4024392134050592,0.2197198672339534,0.3371653903187228,7.25,3.7384869774444907,3.7354326722567,-0.15108815823621455,7.25,0.011639249127755144,4.435463234012816,4.448544284868359,0.7489297763117141,0.42943383812790403,-0.6135816070556965,7.25,4.147205589690972,4.075089488052715,0.7700388740357896,1.0,0.0
7.300000000000001,0.014019564059269865,5.453848751644987,4.479223900626073,0.24298627960329203,0.01660609827461773,0.2424181708856474,7.300000000000001,3.895350778509833,3.8069735740439916,0.8250514494065689,7.300000000000001,0.010452770771028866,4.066305527033338,4.479223900626073,0.6326757731398106,-0.1728165380580181,-0.6086157064122636,7.300000000000001,4.30073288497771,3.9074709015452056,1.7966564784360388,1.0,0.0
7.3500000000000005,0.014573576492494533,5.786662615083527,4.509903516383785,0.5141227217211062,0.026031245930272475,0.5134632871250248,7.3500000000000005,4.051424333482367,3.61732535662628,1.824553752083395,7.3500000000000005,0.008601860254064458,3.4155008674777,4.509903516383785,0.5308195792319196,-0.5069400309794375,-0.15742055357074242,7.3500000000000005,4.453242491035418,3.475533814073553,2.7842473653026376,1.0,0.0
7.4,0.013386333348511385,5.424463544817178,4.540583132141498,0.8585154149969632,0.5099851824710637,0.6906256811380269,7.4,4.206510587349338,3.1602932951799314,2.7761984096823564,7.4,0.006187938747461087,2.507501291001172,4.540583132141498,0.4880638624376829,-0.34340518631599043,0.3468129349215069,7.4,4.60457318778514,2.7893755770683843,3.6635335581545063,1.0,0.0
7.45,0.010699356101915391,4.424115539746865,4.571262747899211,1.205966671396361,1.173230079309968,0.2790820551757941,7.45,4.360411661017455,2.449371643426978,3.6074601045490198,7.45,0.003352091280929002,1.3860683750822265,4.571262747899211,0.5182016638092302,0.14899047278132777,0.4963212703431627,7.45,4.754564186374679,1.877493155211435,4.36816895901371,1.0,0.0
7.5,0.006452364649558099,2.7220913365323227,4.601942363656923,1.5518564679221363,1.3608531786901437,-0.7458800996679694,7.5,4.512929119330647,1.517903382988017,4.249999830119529,7.5,0.00026537978460870314,0.11195709663179663,4.601942363656923,0.584914000210935,0.5556990717436253,0.1825456910092121,7.5,4.903055140643827,0.7858530242873044,4.8396678332724825,1.0,0.0
7.550000000000001,0.0016199041110579921,0.6971563098839033,4.632621979414636,1.894990614677362,0.6048609893850824,-1.795865421805149,7.550000000000001,4.663864244907138,0.4177015924712401,4.645121642602077,7.550000000000001,-0.002882883537805666,-1.2407033449214449,4.632621979414636,0.644011773121973,0.5488556671407069,-0.33691040436180836,7.550000000000001,5.049886178071589,-0.42436441406697517,5.032023972076452,1.0,0.0
7.6000000000000005,-0.002714691417035875,-1.1916843794847405,4.663301595172349,2.230635597550515,-0.9082736121363286,-2.037344893373817,7.6000000000000005,4.813018317138495,-0.7838302564114092,4.748763570682867,7.6000000000000005,-0.005898001766490251,-2.5890812234468252,4.663301595172349,0.6695480497832397,0.13489211395712328,-0.6558191126833054,7.6000000000000005,5.194897947443419,-1.680241578367837,4.915664036798671,1.0,0.0
7.65,-0.006661398077048359,-2.982288767575079,4.693981210930062,2.5497478130251374,-2.3365152683294683,-1.0207400799859596,7.65,4.960192895776152,-2.007921128982198,4.535610907374559,7.65,-0.00859294992006608,-3.8470389744825644,4.693981210930062,0.652432463862424,-0.3677583986127784,-0.5389080442444314,7.65,5.337931681185439,-2.9016217443248418,4.480413584242472,1.0,0.0
7.7,-0.010327588137850266,-4.714884795337196,4.724660826687775,2.8402412522228815,-2.6947773800266517,0.8972988593134944,7.7,5.1051901085920575,-3.1697281344789694,4.001973213098591,7.7,-0.01080069093217141,-4.93087183333701,4.724660826687775,0.5961061414174395,-0.5888238900158081,-0.09289218687403014,7.7,5.478829270847543,-4.006344522818086,3.7372147039715737,1.0,0.0
7.75,-0.011868797684329557,-5.524739872091591,4.755340442445488,3.0890742370979405,-1.5410825978643228,2.677208260270757,7.75,5.2478129426460045,-4.18434017007229,3.1671498262826647,7.75,-0.012384737959606307,-5.764902008666117,4.755340442445488,0.5145884039802263,-0.39160281396227975,0.33383897556717473,7.75,5.6174333546226585,-4.915869223423846,2.7184163168693276,1.0,0.0
7.800000000000001,-0.013774353362874593,-6.536646937058865,4.7860200582032,3.2844296913046573,0.6503386990286243,3.219400250616466,7.800000000000001,5.38786553872721,-4.973055598062777,2.0731167555110646,7.800000000000001,-0.013247545018734347,-6.286648983730424,4.7860200582032,0.432326923450255,0.036489220391782325,0.4307842911889459,7.800000000000001,5.753587416097045,-5.5608946310818945,1.4765564861104485,1.0,0.0
7.8500000000000005,-0.01450686625545831,-7.017502521741792,4.816699673960914,3.4175382650885267,2.712171296330748,2.0793495744352093,7.8500000000000005,5.525153488565017,-5.46946307769112,0.78249262870378,7.8500000000000005,-0.013336552573868688,-6.451378931218304,4.816699673960914,0.38162865705057303,0.3465702158968371,0.15977958985879137,7.8500000000000005,5.887135893659703,-5.886569465305585,0.08166370398379061,1.0,0.0
7.9,-0.014630571860951036,-7.213442519751439,4.847379289718626,3.483890069740637,3.477560793556279,-0.20990699168356805,7.9,5.659484134425579,-5.6248535519527625,-0.6251265367101575,7.9,-0.012647248266917986,-6.235586638272977,4.847379289718626,0.38367176930174274,0.305008696679128,-0.23275248980242808,7.9,6.017924300175405,-5.8569030865274385,-1.38278672168451,1.0,0.0
7.95,-0.015084650206452735,-7.579431457152966,4.878058905476339,3.4837124918215,2.4944051200623036,-2.4319119685301382,7.95,5.79066687072969,-5.412527217660681,-2.0582448653764946,7.95,-0.011223107691986027,-5.639161288026838,4.878058905476339,0.42373684960882907,-0.03450248188763088,-0.422329843203164,7.95,6.145799352658108,-5.458030590004522,-2.8250224356113915,1.0,0.0
8.0,-0.014257571162278345,-7.299876435086513,4.908738521234052,3.421687530857481,0.29703079226239393,-3.4087707853819595,8.0,5.918513447342949,-4.830630258586578,-3.4196217234084654,8.0,-0.009152485504805977,-4.68607257846066,4.908738521234052,0.4685978893522402,-0.389428158536875,-0.26063325045732927,8.0,6.270609111779676,-4.700057812255176,-4.150902937216598,1.0,0.0
8.05,-0.013188541450050602,-6.87993618140108,4.9394181369917645,3.3059727650728483,-1.9291736801201818,-2.6847243499724454,8.05,6.0428382742040085,-3.903257532226068,-4.613076527145995,8.05,-0.006562718815627984,-3.4235087177003467,4.9394181369917645,0.49405947418609614,-0.47915548808352976,0.12043580145652771,8.05,6.392203131120099,-3.6173054304103864,-5.2702336089233395,1.0,0.0
8.1,-0.01091531845640518,-5.800847755790424,4.970097752749477,3.1466961763530508,-3.0567984206095757,-0.7467799153925547,8.1,6.163458726970844,-2.6796820783936455,-5.550452903845683,8.1,-0.0036118736270282165,-1.919497732221502,4.970097752749477,0.48939423336823085,-0.2408534520839914,0.4260238611548687,8.1,6.5104326161159465,-2.26688094909887,-6.103030690697773,1.0,0.0
8.15,-0.007483817732847314,-4.051315149384414,5.00077736850719,2.9542210224510903,-2.640811613521078,1.3242114149123492,8.15,6.2801954533791,-1.2317110643903477,-6.158225619973818,8.15,-0.00047869995404522083,-0.2591410487351848,5.00077736850719,0.4543480299489679,0.1344946274808831,0.43398540009692343,8.15,6.625150592697584,-0.7256252877971658,-6.585293335731555,1.0,0.0
8.200000000000001,-0.0034828018403002484,-1.920305485082668,5.031456984264903,2.7375988928185238,-1.0871278233380073,2.5124889638932895,8.200000000000001,6.392872680021552,0.3506899140207399,-6.383246641574338,8.200000000000001,0.0026484588086693743,1.460275436418416,5.031456984264903,0.397198417538906,0.3631027881849106,0.16100604991041512,8.200000000000001,6.736212085627038,0.9144015518964376,-6.673861181088288,1.0,0.0
8.25,0.0009586726324368576,0.5383096623731773,5.062136600022616,2.5036868576550253,0.6870050946006037,2.4075863185330055,8.25,6.50131851927375,1.9652274066368836,-6.197178691086379,8.25,0.005582790039759452,3.1348238384193032,5.062136600022616,0.33443471527217533,0.29123929022212014,-0.16439663807419141,8.25,6.843474306559492,2.551622288653102,-6.349989313423182,1.0,0.0
8.3,0.005405895995812025,3.091021053757371,5.092816215780329,2.257326406786192,1.831983650395289,1.318847379896025,8.3,6.605365276108657,3.504172041276135,-5.599252515823933,8.3,0.008151006819257987,4.660639736163068,5.092816215780329,0.2900035510411361,0.005059303079931227,-0.2899594162444362,8.3,6.946796851855278,4.081466199296009,-5.621353944109069,1.0,0.0
8.35,0.009215130452652591,5.364891140425336,5.123495831538041,2.0027573475034237,2.002383749999646,-0.03868217569248924,8.35,6.704849754562987,4.861829085272054,-4.61710170744224,8.35,0.010204413140367205,5.940834579746758,5.123495831538041,0.2843821656013817,-0.2503781399346382,-0.13484807434666027,8.35,7.046041910167509,5.403281681419262,-4.522306233668396,1.0,0.0
8.4,0.012345714602720369,7.317354427890774,5.154175447295755,1.746182024627674,1.4150059430729964,-1.0231861239290252,8.4,6.7996135636403086,5.942050675544708,-3.305567785434135,8.4,0.011627955434403113,6.891935697792463,5.154175447295755,0.3126293156195917,-0.26945438345939243,0.1585289381131816,8.4,7.14107447982507,6.427165957132915,-3.112311437803202,1.0,0.0
8.450000000000001,0.01483839137715084,8.952760130594262,5.184855063053467,1.4992492651975402,0.5690310162842387,-1.3870659903919103,8.450000000000001,6.889503422461535,6.665238347930473,-1.7435180450417629,8.450000000000001,0.012346938165175896,7.449539032264315,5.184855063053467,0.3500472273364775,-0.04231135821470678,0.347480661810096,8.450000000000001,7.231762596023021,7.080235096878567,-1.47263750399295,1.0,0.0
8.5,0.016369881200285076,10.053153292125073,5.21553467881118,1.2829184868848609,-0.12397451513218227,-1.2769143133306484,8.5,6.974371464502398,6.974311719649061,-0.028868010514608102,8.5,0.012331004018686427,7.572777842975802,5.21553467881118,0.3758805103975133,0.24856397570685132,0.2819611818628567,8.5,7.317977567824111,7.311886411354715,0.29851765546305753,1.0,0.0
8.55,0.015905269889195064,9.941213182240245,5.246214294568893,1.1288866432662457,-0.5428757600505372,-0.9897832906725003,8.55,7.054075540790729,6.839186625022213,1.7278622755588113,8.55,0.011595175283365648,7.24729037485163,5.246214294568893,0.3797615216962697,0.37946319210882845,0.01504989022035266,8.55,7.3995942249668945,7.09766682083985,2.0921568761717073,1.0,0.0
8.6,0.013761537422049481,8.753108446519104,5.2768939103266055,1.0693453726372812,-0.7998575688029212,-0.7097375540363116,8.6,7.128479521974261,6.259409111238369,3.41101420011006,8.6,0.010197958878176958,6.486472932217723,5.2768939103266055,0.3596200563918866,0.25944397233134064,-0.24902893442376978,8.6,7.476491174469645,6.441451223092231,3.7954744660511275,1.0,0.0
8.65,0.011699370488749394,7.572003683612007,5.307573526084319,1.110355956730005,-1.0295863635696758,-0.41574303433392124,8.65,7.197453599213041,5.264723068825102,4.907751962090745,8.65,0.008236716788894632,5.330923567755644,5.307573526084319,0.3198496788468689,-0.007782766877415562,-0.3197549774408163,8.65,7.5485510670155,5.375748115663574,5.299241021908739,1.0,0.0
8.700000000000001,0.0074232529346533686,4.888234327228049,5.338253141842031,1.220227435923342,-1.2201897854591541,0.009585553776261498,8.700000000000001,7.2608745839001125,3.9134992108187765,6.115948303415214,8.700000000000001,0.005840612347326687,3.846060752551667,5.338253141842031,0.2706910841106964,-0.21480197076212398,-0.1647233328151533,8.700000000000001,7.615660873104494,3.960077980027065,6.505080547252237,1.0,0.0
8.75,0.0008308434183505432,0.5566001806528053,5.368932757599744,1.3534035161471167,-1.2147974778366022,0.596630677522711,8.75,7.3186262062708565,2.28911037953951,6.951421668795458,8.75,0.003161667697277626,2.1180703518871598,5.368932757599744,0.2281698037217134,-0.2151793482798197,0.07589010083190871,8.75,7.677712168963307,2.2775041678118284,7.332137404266712,1.0,0.0
8.8,-0.0014799353814848313,-1.0085345242912314,5.399612373357457,1.4731122504047571,-0.8607151724878954,1.195503698924307,8.8,7.3705994130262615,0.4944908140822938,7.353993101852306,8.8,0.00036520770248887804,0.24887882343050077,5.399612373357457,0.21013385510157945,-0.031040152871792293,0.2078286456904999,8.8,7.734601432214908,0.4295266277333923,7.722665743853535,1.0,0.0
8.85,-0.0016300526676997415,-1.1298777305833299,5.43029198911517,1.5560840229502548,-0.1696716595860587,1.5468060687799106,8.85,7.416692664169508,-1.3547466424943586,7.2919127538250255,8.85,-0.0023804431194430135,-1.6500139675697922,5.43029198911517,0.22127826649485488,0.17532887974909825,0.13499575974412772,8.85,7.786230347328876,-1.4703337174637325,7.646142934902174,1.0,0.0
8.9,-0.0019426166959579823,-1.369484549532803,5.460971604872882,1.5904145412005544,0.643749214226405,1.454305800732795,8.9,7.456812229340294,-3.1381519198682315,6.764321928432021,8.9,-0.004914297423745011,-3.464427340520097,5.460971604872882,0.24659114496368242,0.2354015934917118,-0.07343897164355385,8.9,7.8325061209004625,-3.3038364564965166,7.101606635309207,1.0,0.0
8.950000000000001,-0.002141563298528144,-1.5353239383771389,5.491651220630596,1.5732521431202213,1.2741351949809372,0.9228769206905425,8.950000000000001,7.490872484028306,-4.738680103290811,5.801558536345918,8.950000000000001,-0.0070923449690416624,-5.084625337799807,5.491651220630596,0.26817744672602745,0.10435286412616764,-0.24704174279088317,8.950000000000001,7.873341806843434,-4.9557188472421885,6.1180357889176475,1.0,0.0
9.0,-0.0019524031176002172,-1.4233018727305584,5.522330836388308,1.5092305407142759,1.5006375408944086,0.16082224934096506,9.0,7.518796206158664,-6.050744411168143,4.46327104940574,9.0,-0.008795904195470335,-6.412214158497874,5.522330836388308,0.27557393841059974,-0.11239782935211284,-0.2516102610945395,9.0,7.908656641630141,-6.32126587830179,4.752730538439775,1.0,0.0
9.05,-0.0022460678179239877,-1.664825053590551,5.553010452146021,1.4092854698023098,1.298921470755358,-0.5467070039853659,9.05,7.540514873669534,-6.987500509073616,2.8344666510169825,9.05,-0.009938188358810775,-7.366360372120373,5.553010452146021,0.26532137370043807,-0.24963871130946438,-0.08986626262417613,9.05,7.9383763897733335,-7.313234719946446,3.087785231631328,1.0,0.0
9.1,-0.004317345247998935,-3.253426175879805,5.583690067903734,1.2894698477509587,0.8206357256686305,-0.9946303303314257,9.1,7.555968963848302,-7.486837378247597,1.0197710793670454,9.1,-0.010468714102916618,-7.888919355248978,5.583690067903734,0.23922792033345935,-0.21270313494161086,0.10948686794809166,9.1,7.962433699819738,-7.867656172011252,1.2248823547746543,1.0,0.0
9.15,-0.007258390053038418,-5.560368635121908,5.6143696836614465,1.1692933237619474,0.27332554386298497,-1.1368993025181544,9.15,7.565108255360451,-7.515643746938511,-0.8636909079218762,9.15,-0.010375327250529203,-7.948132271951747,5.6143696836614465,0.2035731084021205,-0.04504170448382623,0.1985277192779214,9.15,7.980768471217097,-7.94811103955709,-0.7212463476812795,1.0,0.0
9.200000000000001,-0.00915182047887975,-7.126412785057917,5.64504929941916,1.0687191249378176,-0.20054572217494052,-1.0497342431897638,9.200000000000001,7.567892134097826,-7.072045143459767,-2.694284476852226,9.200000000000001,-0.009683797050122367,-7.540656557365688,5.64504929941916,0.1691163042002823,0.11460283299233745,0.12436444434199366,9.200000000000001,7.993328232526169,-7.548183692305491,-2.630250782741709,1.0,0.0
9.25,-0.009197156629837487,-7.279118355799348,5.675728915176872,1.0029322131020149,-0.5620577143974915,-0.830640806705265,9.25,7.564289904194409,-6.185455386149861,-4.354150137586799,9.25,-0.008455078801281117,-6.691798539395195,5.675728915176872,0.14980056118008817,0.14508402969374193,-0.03729386622079757,9.25,8.000068531579243,-6.691921022767316,-4.3839810144444415,1.0,0.0
9.3,-0.008951206619867046,-7.1999657031363995,5.706408530934585,0.9763065318856023,-0.8239648963398334,-0.5236948479813224,9.3,7.554281105812498,-4.914446475609554,-5.737192594292484,9.3,-0.006780373292453506,-5.453840720398026,5.706408530934585,0.15339255666332244,0.0343945842716323,-0.14948675196314945,9.3,8.000953338339226,-5.43226360414269,-5.87416091517659,1.0,0.0
9.35,-0.0076924649762245235,-6.287823756240291,5.737088146692298,0.9807812651929579,-0.9726163902684876,-0.12629033032895404,9.35,7.537855841595413,-3.342600213203941,-6.756204149029473,9.35,-0.004774447059067009,-3.9026348164990203,5.737088146692298,0.17154301545607617,-0.11891850455778952,-0.12363411918035644,9.35,7.995955461391127,-3.8475570770863086,-7.009394287605288,1.0,0.0
9.4,-0.0054676288759740455,-4.541325062322027,5.767767762450011,1.0014117755481136,-0.9411055122513502,0.3422659185728977,9.4,7.515015114021038,-1.5726513321767446,-7.348620275355596,9.4,-0.0025677187984949057,-2.132706150529093,5.767767762450011,0.18994725105217186,-0.18930328438673025,0.01562769025395407,9.4,7.985056979203143,-2.036385439291793,-7.721027736238304,1.0,0.0
9.450000000000001,-0.004221797442336914,-3.5628112745910627,5.798447378207723,1.0240393900093814,-0.6606448901046028,0.7824353017786603,9.450000000000001,7.48577117628033,0.28064558179936694,-7.480508549627217,9.450000000000001,-0.00029765833568876077,-0.2511964367908906,5.798447378207723,0.19927238284486778,-0.12266366785861439,0.15704492080975777,9.450000000000001,7.968249687530774,-0.11108427229076677,-7.967475344629809,1.0,0.0
9.5,-0.0018556145282199238,-1.5909575061325572,5.829126993965437,1.0395041300168768,-0.14717742961179572,1.0290323807028663,9.5,7.450147899755104,2.09840376554509,-7.1485246984935,9.5,0.0018999291104734783,1.6289517210921984,5.829126993965437,0.1958015061262425,0.02687082074366091,0.19394893346926922,9.5,7.9455355646074715,1.8096174323757879,-7.736718952946645,1.0,0.0
9.55,0.0013693963755380368,1.192722161577075,5.859806609723149,1.0440597314631843,0.4531459819629221,0.940595259340507,9.55,7.408181161688956,3.765675317982317,-6.379720802977347,9.55,0.0038991755631486665,3.396119041296534,5.859806609723149,0.1799020650588883,0.14569842839279787,0.10553066367800988,9.55,7.916927256072432,3.60831984687543,-7.046826595041731,1.0,0.0
9.600000000000001,0.0037255644551326683,3.296140993776258,5.890486225480862,1.03791885178366,0.9080295072120795,0.5027503922625015,9.600000000000001,7.3599192572455,5.179127935207409,-5.229249019116167,9.600000000000001,0.005591472165388004,4.946976717716724,5.890486225480862,0.15515362692646917,0.1515156713695429,-0.03340133646839092,9.600000000000001,7.882448581933757,5.1765103969555035,-5.944471024156908,1.0,0.0
9.65,0.005943238929486972,5.340785428587603,5.921165841238575,1.0233093955849324,1.0148033357983972,-0.1316674171723776,9.65,7.305423340841222,6.253786493368893,-3.7761573966486783,9.65,0.006891415874345364,6.192847691421708,5.921165841238575,0.12815120364434032,0.05351075846890739,-0.11644453496654723,9.65,7.8421350682562645,6.421444514748125,-4.501570034197614,1.0,0.0
9.700000000000001,0.007326871318218853,6.687037626612757,5.9518454569962875,1.0027084618177247,0.7160072999275776,-0.7019670974136092,9.700000000000001,7.2447679024406115,6.928375437360781,-2.117610861137981,9.700000000000001,0.007741270841082256,7.065248882343068,5.9518454569962875,0.10830798441754926,-0.06183690290543509,-0.08892028411816894,9.700000000000001,7.796034506700933,7.271888782265936,-2.810300262965952,1.0,0.0
9.75,0.007554774351800809,7.002213433976128,5.982525072754001,0.9776258804745792,0.13991194548909827,-0.967562406092316,9.75,7.178041285424058,7.168908369943908,-0.361979942262615,9.75,0.008113434148518863,7.52001250399985,5.982525072754001,0.10391434671770146,-0.10286412750271857,0.014736442137474291,9.75,7.74420754552933,7.682351244121255,-0.9768469021202955,1.0,0.0
9.8,0.0070509147447362815,6.636264550427832,6.013204688511713,0.9481416868763913,-0.460726836242401,-0.8286757150773013,9.8,7.105346253702067,6.970306398700722,1.3786856397416236,9.8,0.008010197888405119,7.539134170983792,6.013204688511713,0.11313122027248028,-0.04310810686789979,0.10459619554556554,9.8,7.686728316222888,7.63553470274912,0.8856647280639872,1.0,0.0
9.850000000000001,0.00456267362105183,4.360417713775239,6.043884304269426,0.9131623414131874,-0.8346987294252242,-0.37032889823929616,9.850000000000001,7.026800616970341,6.355975957738538,2.9962470751432435,9.850000000000001,0.007461792304191239,7.131023176758939,6.043884304269426,0.1259243322459779,0.06376118136277997,0.10858843954499996,9.850000000000001,7.623685100452744,7.142877435324284,2.6645593359503827,1.0,0.0
9.9,0.001621567651945036,1.5734054711146166,6.074563920027139,0.8711097848483803,-0.8500812430222505,0.1902475690260903,9.9,6.942537924398659,5.375428291244132,4.393586634790057,9.9,0.006522841037633375,6.329106135974627,6.074563920027139,0.13409969510484282,0.13149586249639217,0.02629764958207733,9.9,7.555181042768515,6.243182334601,4.254813148181099,1.0,0.0
9.950000000000001,-0.0002645999948369141,-0.2606508068389739,6.105243535784852,0.8206586267484797,-0.5422848987351777,0.6159607700661451,9.950000000000001,6.852708238639973,4.100164862677944,5.490742964552732,9.950000000000001,0.0052675528392059,5.188933954636649,6.105243535784852,0.13384625508576353,0.10989460949694047,-0.07640677197734663,9.950000000000001,7.481334915046026,4.999469804056156,5.565579375897664,1.0,0.0
10.0,-0.0018420811276861945,-1.8420811276861946,6.135923151542564,0.7612365818488552,-0.07694066562243067,0.7573382781284108,10.0,6.757479003850638,2.618174846285041,6.229661544719947,10.0,0.003784058104412463,3.784058104412463,6.135923151542564,0.12464002016426905,0.020254092627789776,-0.12298335805455267,10.0,7.402281939432971,3.4943119235464035,6.525608177926175,1.0,0.0
10.05,-0.002942937420644657,-2.9873025701280533,6.166602767300278,0.6931976941970545,0.34076972198491573,0.6036547356050778,10.05,6.657036023437544,1.027483540071204,6.577264339543295,10.05,0.0021683187855170124,2.2010064622485297,6.166602767300278,0.10836250519776355,-0.0667473286664398,-0.08536525434056644,10.05,7.318174677236225,1.8240065626114663,7.087219529977312,1.0,0.0
10.100000000000001,-0.0032275109909996966,-3.3253078015379796,6.19728238305799,0.6177450324733044,0.5582377690424286,0.26453642161331214,10.100000000000001,6.551584565492609,-0.5707525527371645,6.526676171095437,10.100000000000001,0.0005180282254034609,0.5337249986614113,6.19728238305799,0.08898954795418214,-0.08898290799945312,-0.0010870736178118985,10.100000000000001,7.2291839918735805,0.09202307465572335,7.228598269518935,1.0,0.0
10.15,-0.0026764791046375233,-2.7987363208588207,6.227961998815704,0.5367735795753834,0.5282604693621394,-0.09521949505990158,10.15,6.4413506163199274,-2.0790907035030344,6.096587538038994,10.15,-0.0010731165269719403,-1.1221347461096625,6.227961998815704,0.07264071282725766,-0.039250221576509016,0.06112359009619004,10.15,7.135500094618078,-1.5978089791627574,6.954305721378768,1.0,0.0
10.200000000000001,-0.0017704352932431,-1.8788000966719243,6.258641614573416,0.4528466733997035,0.3098250186848319,-0.3302704458563032,10.200000000000001,6.32658230505796,-3.4100960003636356,5.328873138945648,10.200000000000001,-0.002520264388183097,-2.674524730855009,6.258641614573416,0.06613011089540988,0.03438487392647629,0.05648780410052721,10.200000000000001,7.03733368232572,-3.1478922816419517,6.294032057399701,1.0,0.0
10.25,-0.001342718319172947,-1.4459607699331045,6.2893212303311286,0.3695707609611729,0.028478782279330702,-0.3684718528155263,10.25,6.207551525053855,-4.491652747582581,4.284711370831446,10.25,-0.0037514758530131334,-4.039929176023722,6.2893212303311286,0.07057200771471829,0.07046021666682492,-0.003970659913710169,10.25,6.934917176558614,-4.472790284680349,5.299738042110834,1.0,0.0
10.3,-0.0009090033543977856,-0.9932925084410293,6.320000846088842,0.29278122326941264,-0.1816443564272286,-0.22962180314001454,10.3,6.0845557801956875,-5.270952156462828,3.039552994535976,10.3,-0.004711207873354572,-5.148064045827123,6.320000846088842,0.07938240060012255,0.042361098470537685,-0.06713496005366912,10.3,6.828506073358142,-5.5041093106998495,4.041444777521556,1.0,0.0
10.350000000000001,-0.0005572417120219024,-0.6178238468142858,6.350680461846554,0.23297800356043877,-0.2328158245916528,-0.00869148794606446,10.350000000000001,5.957920286583329,-5.716929179799052,1.677359500656709,10.350000000000001,-0.005362539633571197,-5.945543547136339,6.350680461846554,0.08598723792858595,-0.02457360494378342,-0.08240111059114504,10.350000000000001,6.718380412197032,-6.194040710438794,2.602017494257031,1.0,0.0
10.4,-0.0014114900787909458,-1.5877343759890985,6.381360077604267,0.20618745592726775,-0.11852970565193206,0.16871270212946424,10.4,5.828000361299665,-5.821048780550859,0.2845686310126056,10.4,-0.005688144781601232,-6.398389291611088,6.381360077604267,0.0870894319303216,-0.07727970031925509,-0.04015491342927095,10.4,6.604846371088833,-6.5173774233594965,1.0713482660504285,1.0,0.0
10.450000000000001,-0.0013886505866456727,-1.5846810089414196,6.41203969336198,0.22091931930797204,0.08463016224728166,0.20406636489509117,10.450000000000001,5.695184129992172,-5.596472271586033,-1.0557558372480658,10.450000000000001,-0.005690032268210685,-6.49327207463895,6.41203969336198,0.08189866501606526,-0.07806653046655587,0.024759001440445367,10.450000000000001,6.488237992114803,-6.471937238780944,-0.45963096023051025,1.0,0.0
10.5,-0.000681989085904808,-0.7894876155705534,6.442719309119693,0.2635346172474896,0.25265817810551494,0.07492889645645887,10.5,5.559895582541423,-5.075757037523941,-2.2691693160251005,10.5,-0.005388147547533116,-6.237454304713024,6.442719309119693,0.07132202001035284,-0.0317697406250879,0.0638554157372091,10.5,6.368919037291047,-6.077443694208771,-1.9046805105556037,1.0,0.0
10.55,-0.00012648666202511188,-0.1485258719355277,6.473398924877405,0.31438984928589003,0.27671769983976213,-0.14922564099174096,10.55,5.422597999901149,-4.307348281321573,-3.29413415815568,10.55,-0.004817995495292769,-5.657489655136389,6.473398924877405,0.05761906430082422,0.02225817445951571,0.05314630975554444,10.55,6.247284968159751,-5.373025641619509,-3.1873444946999445,1.0,0.0
10.600000000000001,0.0002638453049949952,0.3142439797739194,6.504078540635119,0.36084273602158595,0.12463902610161853,-0.3386334202526148,10.600000000000001,5.283797763290418,-3.351201450708278,-4.085090897412634,10.600000000000001,-0.004027501181210556,-4.796818346840674,6.504078540635119,0.04450015127104133,0.04364789898594696,0.008667431987511161,10.600000000000001,6.123765033012604,-4.413589743184935,-4.245082302900688,1.0,0.0
10.65,0.0007274314247049577,0.8787005166855695,6.534758156392831,0.39606297711314464,-0.1337111717625533,-0.37280987699578494,10.65,5.144048536598108,-2.273923040810722,-4.614163992680284,10.65,-0.0030733611454139796,-3.7124654430923876,6.534758156392831,0.03717344783232684,0.021729159350757084,-0.03016138023453388,10.65,5.998824432337641,-3.265389775726292,-5.032208678363132,1.0,0.0
10.700000000000001,0.0004382127082003409,0.5368294106918704,6.565437772150545,0.4167305993528626,-0.3582587900272379,-0.21287327639987028,10.700000000000001,5.003955780491633,-1.1438326361119675,-4.8714700403143985,10.700000000000001,-0.0020171542061604543,-2.471100640177422,6.565437772150545,0.038639703984895274,-0.019765989574723784,-0.033201391238504484,10.700000000000001,5.872966514853961,-2.001157970256905,-5.521512696958429,1.0,0.0
10.75,0.0003710699042296746,0.46097898243107405,6.596117387908257,0.4221018911089285,-0.4166731660591573,0.06747947216725741,10.75,4.864181507610634,-0.026330377583413774,-4.864110242397634,10.75,-0.0009214768911557709,-1.1447478622675293,6.596117387908257,0.04482740196537717,-0.04480151764206325,-0.0015231493470428059,10.75,5.7467349321619645,-0.6951744643702839,-5.704532833161544,1.0,0.0
10.8,0.0008363928302122167,1.0536140849322921,6.62679700366597,0.4137111376068286,-0.2655295903683262,0.31725532622599917,10.8,4.725449116622628,1.0200955846863162,-4.61403016373897,10.8,0.0001536541851232025,0.1935600208499197,6.62679700366597,0.05028412186927556,-0.03402420437264364,0.0370249433351725,10.8,5.620715648352371,0.5813683572293163,-5.590568417687569,1.0,0.0
10.850000000000001,0.0013161348750291273,1.681084762907939,6.657476619423683,0.395185233210436,0.016622816262321802,0.3948354727314857,10.850000000000001,4.588548042341253,1.946962217099955,-4.155010380499544,10.850000000000001,0.0011539293355396912,1.473901391303324,6.657476619423683,0.05226840119645784,0.0023827133031348105,0.05221406363183142,10.850000000000001,5.4955386607939865,1.764396489836038,-5.2045989469829115,1.0,0.0
10.9,0.0025337133655603137,3.281232286088208,6.6881562351813955,0.37184955876968134,0.27022761279579843,0.2554390957545276,10.9,4.454337823281073,2.717819015345335,-3.5291054452565853,10.9,0.0020332489962642613,2.6331164143831103,6.6881562351813955,0.05000452169603161,0.03596608137244502,0.03474036817248141,10.9,5.3718792391327375,2.800138702101984,-4.584354895600463,1.0,0.0
10.950000000000001,0.0030242348996081265,3.970615909300385,6.718835850939108,0.34978970713527113,0.3493771871551144,-0.016982941834644064,10.950000000000001,4.323751012828869,3.3091457670832987,-2.7828720978753867,10.950000000000001,0.0027555073020874973,3.617794746459581,6.718835850939108,0.04384487181822999,0.043839826907705104,0.0006651025931944285,10.950000000000001,5.250458431628814,3.6473080141587646,-3.7768317399793374,1.0,0.0
11.0,0.0033339510062318813,4.437488789294634,6.749515466696821,0.3340941044690079,0.21249002934664019,-0.25781167170865704,11.0,4.19779414720303,3.710158938919537,-1.963720028478467,11.0,0.003295619481108801,4.386469529355814,6.749515466696821,0.0348649396563379,0.02520559535191433,-0.0240882124740637,11.0,5.132042523383894,4.278215837375442,-2.8345598795316476,1.0,0.0
11.05,0.004193524793320317,5.658040464894155,6.780195082454534,0.3267087835821777,-0.0500713889841979,-0.3228490131236882,11.05,4.077545745297042,3.9216579745261924,-1.1166817074820978,11.05,0.0036398126582259595,4.91095398736644,6.780195082454534,0.024715748879008497,-0.0012280219176483615,-0.024685222397620506,11.05,5.017441064480832,4.678846106925571,-1.8119365174436928,1.0,0.0
11.100000000000001,0.004439071233855334,6.071011430628806,6.810874698212247,0.3254878518111735,-0.2719891766121695,-0.17878542860783292,11.100000000000001,3.964150083832357,3.9541186334553555,-0.2818363349698424,11.100000000000001,0.0037852484057189053,5.176823062361755,6.810874698212247,0.01596265748149861,-0.014401321275252954,-0.006885374310710362,11.100000000000001,4.907503026070836,4.848000067067766,-0.7618932343874371,1.0,0.0
11.15,0.00265556382165998,3.6811316153843006,6.84155431396996,0.32555502531376485,-0.3164777307976677,0.07634081749762078,11.15,3.858805324471268,3.82529297454071,0.5074565903575352,11.15,0.0037390807343686307,5.183098290273767,6.84155431396996,0.01297236478110953,-0.007346237418670786,0.01069182135104642,11.15,4.8031106023116825,4.795690358358852,0.26688095620113444,1.0,0.0
11.200000000000001,0.0017760782488985432,2.4952620620685333,6.872233929727672,0.3218395779828764,-0.16308773838086282,0.2774582915430916,11.200000000000001,3.7627445586272743,3.5576007862891834,1.2254481869396796,11.200000000000001,0.003517099505865208,4.941271574576196,6.872233929727672,0.016332967834779038,0.009778797385972605,0.013082085459743107,11.200000000000001,4.70517017440804,4.541010388270576,1.2320109673853146,1.0,0.0
11.25,0.0008223164835040207,1.1708373368641232,6.902913545485386,0.311005853831431,0.08152909112065,0.3001293861294794,11.25,3.677208599832526,3.175593880897804,1.8540406118223818,11.25,0.0031422166151800915,4.473976391535716,6.902913545485386,0.020489917485605656,0.020489795582289316,7.067929630138431e-05,11.25,4.61460001297662,4.109728359846987,2.098729636716747,1.0,0.0
11.3,-0.0010679470202914839,-1.5409375517375214,6.933593161243098,0.2922965786710479,0.25632666979246393,0.14047750088859515,11.3,3.603410016502266,2.7037440610374506,2.3820855986789344,11.3,0.002642695439742059,3.813137321917498,6.933593161243098,0.022711423174349585,0.016047112541505097,-0.016071680736147457,11.3,4.532314441222948,3.531853793137047,2.8404019043124054,1.0,0.0
11.350000000000001,-0.001955462460335474,-2.8591508377410317,6.964272777000811,0.26766136230833715,0.2535278449445174,-0.0858267831771859,11.350000000000001,3.5424890374359244,2.1647516039682353,2.8041182345740445,11.350000000000001,0.0020502416238706534,2.997730805558728,6.964272777000811,0.022418826864987765,0.0011279874421676725,-0.022390431937160324,11.350000000000001,4.45920443411825,2.8393992393298353,3.43835951362754,1.0,0.0
11.4,-0.0011804801807233593,-1.7489333288696087,6.994952392758524,0.2414452899587859,0.08889068442035283,-0.22448669062232496,11.4,3.4954635350499172,1.5784997598111403,3.1187503640304137,11.4,0.0013981292384013632,2.0713899843781096,6.994952392758524,0.019823726698267582,-0.012144672211146828,-0.015668027223980845,11.4,4.396114994316266,2.0645146610993113,3.8811861920498347,1.0,0.0
11.450000000000001,-0.001145652872734665,-1.7197665933111244,7.0256320085162365,0.21942836281266329,-0.11268961246105999,-0.1882813258133209,11.450000000000001,3.463177060109621,0.9616995328682074,3.3269699965810613,11.450000000000001,0.0007194679487738876,1.0800103353347728,7.0256320085162365,0.015512481949390117,-0.015165858056925626,-0.0032609577776074095,11.450000000000001,4.343820105681126,1.2381119408739005,4.163634461907655,1.0,0.0
11.5,-0.001334478823434342,-2.029575480590705,7.056311624273949,0.2066194928781272,-0.2060413754473408,-0.01544559616791792,11.5,3.4462504180150497,0.3281862242087249,3.4305882507098584,11.5,4.5694621328672364e-05,0.06949580721324458,7.056311624273949,0.010247745385670503,-0.009053152188632141,0.004801741448578437,11.5,4.302996568039044,0.3890287668767936,4.285374672429251,1.0,0.0
11.55,-0.0022774639871708793,-3.5091139492859056,7.086991240031662,0.20429962036090227,-0.12793905226083643,0.1592794204729781,11.55,3.445042974394264,-0.3102467917925627,3.431044742291435,11.55,-0.0005946525048332219,-0.9162399104629604,7.086991240031662,0.004824555420860965,-0.0017259097057519116,0.004505282532377995,11.55,4.274198474992134,-0.45628803848181365,4.249773385671699,1.0,0.0
11.600000000000001,-0.002058432402957154,-3.212998904046211,7.117670855789375,0.20945371293732862,0.05793669580495766,0.20128138796827855,11.600000000000001,3.459629290992344,-0.9426532089103081,3.3287294511304593,11.600000000000001,-0.001176845851770314,-1.8369339826448767,7.117670855789375,0.00023337493968301053,0.00020079223550737167,-0.00011893839006813989,11.600000000000001,4.257834399817022,-1.2736626669942865,4.062873021270807,1.0,0.0
11.65,-0.0018284732579081093,-2.891121804345949,7.148350471547088,0.21820656865952925,0.20527242505567536,0.07400904078508247,11.65,3.489794716508832,-1.557595110906198,3.122909642281388,11.65,-0.001680561863878289,-2.657249170693076,7.148350471547088,0.003851855080047101,-0.0030919493358673635,-0.0022970931330953967,11.65,4.2541493956303835,-2.0407672130658985,3.7327009339642525,1.0,0.0
11.700000000000001,-0.0028273021505086844,-4.528243879182667,7.179030087304801,0.23003721688301393,0.18969071842758803,-0.13013282634949683,11.700000000000001,3.5350505922583153,-2.141894235435807,2.812271639446077,11.700000000000001,-0.0020901746221658178,-3.347650847130863,7.179030087304801,0.006224067366813271,-0.006190033191752093,0.0006500028243302427,11.700000000000001,4.263213628379548,-2.7365611829393113,3.268978943528224,1.0,0.0
11.75,-0.0020178087658181483,-3.273358742086525,7.209709703062513,0.24973439506997627,0.0025915746392366924,-0.24972094790356747,11.75,3.5946665859341804,-2.67969715451531,2.3960073088607734,11.75,-0.002394788191460169,-3.8849077250307675,7.209709703062513,0.0070947858606385025,-0.004653801650075243,0.005355195291497123,11.75,4.284918851180903,-3.340771147281913,2.683240150022759,1.0,0.0
11.8,-0.0032088084046545105,-5.272174890716311,7.240389318820227,0.28569606259530456,-0.2314910748196163,-0.1674339346169676,11.8,3.6677152217450883,-3.1520431801243496,1.8753023058835605,11.8,-0.0025880601946433194,-4.252265717725203,7.240389318820227,0.006591438311166257,0.0004935645422911671,0.006572933367416954,11.8,4.318983088042785,-3.8335776276011115,1.9892957266218172,1.0,0.0
11.850000000000001,-0.002483752596101988,-4.132980774774659,7.271068934577939,0.344652247949481,-0.3302089659911392,0.09872796359539289,11.850000000000001,3.753122518306907,-3.5370666722864597,1.2550250966505696,11.850000000000001,-0.0026678767994342753,-4.439364668942432,7.271068934577939,0.005054181577217403,0.004150724558465246,0.0028837886634143772,11.850000000000001,4.364962983146699,-4.195644964794797,1.203937362836207,1.0,0.0
11.9,-0.0023976194594039313,-4.04037001058967,7.301748550335652,0.42753648989184784,-0.1760839930918546,0.3895919372444325,11.9,3.849718865178857,-3.810891939178638,0.5453787388753499,11.9,-0.0026359404471559466,-4.441978767988868,7.301748550335652,0.0032044920829875628,0.002667200267839919,-0.0017761791129175667,11.9,4.422272469162912,-4.408580987672835,0.3477175098349895,1.0,0.0
11.950000000000001,-0.0026228279132299143,-4.475829277794229,7.332428166093365,0.5302512641247944,0.19206846192272967,0.4942429655954442,11.950000000000001,3.9562855140750384,-3.9491963627917115,-0.2367343595524466,11.950000000000001,-0.0024973265920333896,-4.261662543873236,7.332428166093365,0.00304746878869609,-0.0021355259109408025,-0.002174073389234427,11.950000000000001,4.4902058618479606,-4.455851950129541,-0.5543753965505219,1.0,0.0
12.0,-0.0028482612069913363,-4.921795365681029,7.3631077818510775,0.6463949854656617,0.5809901248739049,0.2833318761349617,12.0,4.071593776993321,-3.9293340517141457,-1.0668691554686702,12.0,-0.0022600553280232895,-3.9053756068242444,7.3631077818510775,0.005236514332076816,-0.004518571269328811,0.002646430810363672,12.0,4.5679632718577645,-4.324110965976143,-1.4725327863807858,1.0,0.0
12.05,-0.003212012196746501,-5.62002602202691,7.39378739760879,0.769021082171672,0.7437943384991565,-0.19535456698293888,12.05,4.194435700656889,-3.73283673627912,-1.9129089751554036,12.05,-0.0019347093849372931,-3.3851419055696064,7.39378739760879,0.00788088753518989,-0.0005725525732590026,0.007860061825021854,12.05,4.654676326684819,-4.004832302306504,-2.3721993880368624,1.0,0.0
12.100000000000001,-0.0018625276016304081,-3.2995812604719688,7.424467013366503,0.8914109753453083,0.5243744204483937,-0.7208640607947417,12.100000000000001,4.3236463034473465,-3.3480487271172152,-2.73577906238108,12.100000000000001,-0.001534113240503361,-2.717775186459376,7.424467013366503,0.010288521746580237,0.007378054320408662,0.007170634154309753,12.100000000000001,4.749432537503396,-3.496086688422996,-3.2147297390803278,1.0,0.0
12.15,3.8456783189410554e-05,0.06897660068800193,7.455146629124216,1.0074579066821903,-0.03846816042633027,-1.0067232163657869,12.15,4.458118305020524,-2.7726151669001022,-3.491049119940106,12.15,-0.001073051596596663,-1.9246396957208791,7.455146629124216,0.012226480917990078,0.012192677243131783,-0.000908546797249221,12.15,4.85129711741803,-2.804250864283648,-3.9586943316746366,1.0,0.0
12.200000000000001,0.0018782119380218061,3.4105473912330213,7.485826244881929,1.1119307008872614,-0.7101894090935211,-0.8555821917192012,12.200000000000001,4.596810688551461,-2.015532144321783,-4.13137975518913,12.200000000000001,-0.0005679798015131678,-1.031364986618083,7.485826244881929,0.013591650728289717,0.008274327934400666,-0.010782785667619255,12.200000000000001,4.959331552657879,-1.9454231864526406,-4.561830561824986,1.0,0.0
12.25,0.003169787275883771,5.826910987819527,7.516505860639642,1.2006754803100241,-1.168573845641557,-0.2757839304604418,12.25,4.738752522593569,-1.098485679261177,-4.60967511684338,12.25,-3.699117526404321e-05,-0.06799960591624093,7.516505860639642,0.014347029728058567,-0.002787346326848901,-0.014073662013562718,12.25,5.07260866727484,-0.9463195887673059,-4.983556754691081,1.0,0.0
12.3,0.0027941366219075463,5.199516633199231,7.547185476397354,1.2707518103453663,-1.1658106419026117,0.5056636339728677,12.3,4.883043357410924,-0.056253585424979276,-4.882719320673858,12.3,0.000500304437664317,0.9310000180030849,7.547185476397354,0.014516270040896548,-0.012689893897606042,-0.00704902041192474,12.3,5.190224261033922,0.15554835962864905,-5.187892885135733,1.0,0.0
12.350000000000001,0.0020127888945268933,3.7913955879436556,7.577865092155068,1.3204931880879296,-0.65976882342811,1.1438563543640048,12.350000000000001,5.028851301578299,1.0639834963424317,-4.915006056242117,12.350000000000001,0.0010230802900779608,1.9271281297611855,7.577865092155068,0.014211070670873011,-0.013137047996046477,0.005419640169062731,12.350000000000001,5.311305627451106,1.3125605122175275,-5.146567047067497,1.0,0.0
12.4,0.0021985637917262446,4.19183449083626,7.60854470791278,1.3494882142128375,0.1544321012324332,1.340622678611804,12.4,5.175409648942707,2.204483779829782,-4.682426326044721,12.4,0.0015097663444116065,2.878556746647435,7.60854470791278,0.013676824769951943,-0.0032222728475789267,0.013291820548131343,12.4,5.435017384440309,2.468616650063526,-4.842039426130018,1.0,0.0
12.450000000000001,0.002448613383133938,4.725287889194267,7.639224323670493,1.358485512420901,0.929902413856588,0.9903354927302005,12.450000000000001,5.322012704618288,3.2998970353256194,-4.175463900498681,12.450000000000001,0.0019387217466905729,3.7413086333904997,7.639224323670493,0.013312214998422103,0.009109018155788962,0.009707772988781796,12.450000000000001,5.560565095274887,3.561697914613693,-4.27015130221704,1.0,0.0
12.5,0.0028644163813185183,5.594563244762731,7.669903939428206,1.3492294405347984,1.3287146568198183,0.23438738011684396,12.5,5.468011270695636,4.28118040927627,-3.4015645752629164,12.5,0.0022891052838097097,4.4709087574408395,7.669903939428206,0.013561092139595127,0.013272206881314282,-0.002784195488499791,12.5,5.687197146960062,4.52726132307633,-3.442109280799759,1.0,0.0
12.55,0.0032632796486667683,6.450382520944928,7.7005835551859185,1.3242349745573905,1.1794236678233478,-0.602127959506228,12.55,5.61280810312697,5.08023032052614,-2.386393658417373,12.55,0.0025419146929160606,5.024491882458699,7.7005835551859185,0.014632534868753487,0.0050185741169867775,-0.013744998745638249,12.55,5.814205308699706,5.302278180129523,-2.385545948464251,1.0,0.0
12.600000000000001,0.0027211456105189096,5.443314371787376,7.731263170943632,1.2865104723255727,0.5557167135508968,-1.1602965697111918,12.600000000000001,5.755853538597786,5.634900714737639,-1.1737733566740678,12.600000000000001,0.0026811380691278714,5.363284246169736,7.731263170943632,0.01631723515134867,-0.009458566954506847,-0.013296152607108556,12.600000000000001,5.9409243322009,5.829648512319755,-1.1444562655448143,1.0,0.0
12.65,0.0017425338469700669,3.52738447496361,7.761942786701344,1.2392390694374162,-0.2602580976539394,-1.2116019122738566,12.65,5.896641408575773,5.894019979986967,0.17580778380067044,12.65,0.0026949366715156883,5.455318869497884,7.761942786701344,0.01814215763484069,-0.018131169390370856,-0.0006313320719615547,12.65,6.066730890164917,6.062663691398829,0.22210956457462055,1.0,0.0
12.700000000000001,0.0016369237743813262,3.353046831738545,7.792622402459057,1.1854363535757202,-0.9107766435210416,-0.7587787912135168,12.700000000000001,6.034705300746559,5.821991857353201,1.5881054372338284,12.700000000000001,0.0025767609152823234,5.2781932539287535,7.792622402459057,0.019631269782001498,-0.013004372559550245,0.014706224790412453,12.700000000000001,6.191042086980726,5.969154888145333,1.6426174369272166,1.0,0.0
12.75,0.0026674015458033372,5.528648163318102,7.82330201821677,1.1276153754540652,-1.1272900159115913,-0.027086066278748846,12.75,6.169615189728583,5.4025734904066365,2.9793206054543897,12.75,0.0023262924652635297,4.821640965776132,7.82330201821677,0.020456664849512776,0.0028789767247756103,0.020253064701014803,12.75,6.313313720394391,5.534960583296161,3.036797898029749,1.0,0.0
12.8,0.0020543806876473177,4.308348567860949,7.853981633974483,1.0675071322750778,-0.8487741997084491,0.6474209105114245,12.8,6.300974434274538,4.641467172459614,4.261345011655486,12.8,0.0019501065472548702,4.089669845788647,7.853981633974483,0.020505644535727917,0.017365645747489087,0.010904852387737416,12.8,6.433038426390639,4.766374195310454,4.320377347604857,1.0,0.0
12.850000000000001,0.00013699346346293773,0.2906760357429674,7.884661249732195,1.0058957739170777,-0.2389329355212831,0.9771066268874748,12.850000000000001,6.428417123137969,3.567439099165322,5.347702776220829,12.850000000000001,0.0014619603857269358,3.1020228162297188,7.884661249732195,0.019916979313900997,0.018836899054199253,-0.006469721710573612,12.850000000000001,6.54974380179908,3.691292280887535,5.410499530197334,1.0,0.0
12.9,-0.00046450352836123634,-0.9971446147942542,7.915340865489909,0.9426194934453765,0.40290496164558204,0.8521731639195114,12.9,6.55160574340327,2.2317832647419955,6.159763086045783,12.9,0.0008826355893950073,1.8947441107627792,7.915340865489909,0.019085818069243518,0.00582735376491824,-0.018174443580774503,12.9,6.662990569496481,2.358871174898571,6.231466128402823,1.0,0.0
12.950000000000001,-0.0008074646204623712,-1.7536091698945262,7.946020481247621,0.8767535198000866,0.7906086785708328,0.3789916250398186,12.950000000000001,6.670229141143495,0.7060736991742341,6.632753329251307,12.950000000000001,0.0002392929033954989,0.5196837348053034,7.946020481247621,0.018575707533991005,-0.01138338693140665,-0.014679080773612851,12.950000000000001,6.772370828404521,0.8376091651373768,6.7203733173018305,1.0,0.0
13.0,-0.0011412291557200665,-2.507280455116986,7.976700097005334,0.8069411769684047,0.7848030423282932,-0.18771853355332122,13.0,6.784000743213156,-0.9217163109850663,6.7210940423401855,13.0,-0.00043566526885053234,-0.9571565956646195,7.976700097005334,0.018850635314466888,-0.01879556125494749,0.0014399058547498733,13.0,6.877506413566534,-0.7881060416961385,6.832201939030407,1.0,0.0
13.05,-0.0014823854619987415,-3.294524049353631,8.007379712763047,0.7317974172910429,0.44571220121415556,-0.5804033887243188,13.05,6.892657009708742,-2.552514576807791,6.402608061459861,13.05,-0.0011061887743662,-2.458446614391822,8.007379712763047,0.019939984414568204,-0.010007883589564009,0.017246600955288502,13.05,6.978047379273501,-2.4228186213136045,6.543935754238562,1.0,0.0
13.100000000000001,-0.002039164000207036,-4.584226236389438,8.03805932852076,0.6502979541747245,-0.01710544122322299,-0.650072944433462,13.100000000000001,6.9959560883924645,-4.0825336487858515,5.681225272531171,13.100000000000001,-0.001734553847444357,-3.899434893455034,8.03805932852076,0.02140897491750192,0.008371828261973217,0.019704230473942718,13.100000000000001,7.073670609482748,-3.965909660188504,5.857335269444932,1.0,0.0
13.15,-0.0027264445172240086,-6.1997463666901425,8.068738944278472,0.5620889245638464,-0.3662433581184419,-0.4263915591935048,13.15,7.093676644678142,-5.410301187135263,4.587906865198432,13.15,-0.002283622874191535,-5.192800560480372,8.068738944278472,0.0226652248812039,0.021785439461747862,0.006253562694501701,13.15,7.164078553780647,-5.318199265514814,4.800081051088357,1.0,0.0
13.200000000000001,-0.0034083120035369803,-7.839008542150944,8.099418560036185,0.467695851718786,-0.4608594383067693,-0.07967426082826128,13.200000000000001,7.185616843299981,-6.443831822702331,3.1796416243729664,13.200000000000001,-0.0027193063540675443,-6.254317596552024,8.099418560036185,0.023248652784753257,0.019338609266949146,-0.012904187224551722,13.200000000000001,7.248998083192929,-6.3887842927107075,3.425114373469549,1.0,0.0
13.25,-0.0039425701464117545,-9.171218995114732,8.130098175793899,0.3686761623187599,-0.31722920727238757,0.1878503199768932,13.25,7.271593460323688,-7.107404801983405,1.5365117744311205,13.25,-0.0030128716968063547,-7.008551556334995,8.130098175793899,0.022967695811285747,0.0026439825622985524,-0.02281500399057633,13.25,7.328179457699209,-7.1016095343842185,1.8081361080924816,1.0,0.0
13.3,-0.004089140752808205,-9.620263833264438,8.160777791551611,0.2679217278647511,-0.07716191245708706,0.2565698570136379,13.3,7.351441106594237,-7.347423058970402,-0.24302414742883627,13.3,-0.0031429511484417833,-7.394223161016632,8.160777791551611,0.0219477392001791,-0.015310453446377105,-0.015725561079509936,13.3,7.401395395941848,-7.401268346835446,0.043366636956198405,1.0,0.0
13.350000000000001,-0.0034891507111336102,-8.301632920910384,8.191457407309324,0.17113179110327154,0.09069325909690187,0.1451234739130648,13.350000000000001,7.425011545979429,-7.136882757182356,-2.0483410282863077,13.350000000000001,-0.0030971617934518244,-7.368985301741798,8.191457407309324,0.020633171456414953,-0.0204643742303647,0.00263384732082214,13.350000000000001,7.4684402370147165,-7.257567223644797,-1.762191127016927,1.0,0.0
13.4,-0.0024116984882332163,-5.802797379331896,8.222137023067036,0.09667924973839856,0.09456531168138782,-0.0201066943225786,13.4,7.4921730938321085,-6.478074571802608,-3.7639351097098146,13.4,-0.002873213798250489,-6.9132512128256955,8.222137023067036,0.01969179422708715,-0.008930300706975506,0.01755039854718221,13.4,7.529129184136922,-6.6684659974365905,-3.4956183304895188,1.0,0.0
13.450000000000001,-0.0016289601415488705,-3.963485838988025,8.252816638824749,0.10245969041030824,-0.03311785349401945,-0.09695976453624912,13.450000000000001,7.552810082947346,-5.403262553936402,-5.277280921298369,13.450000000000001,-0.002479416828631288,-6.032764853217794,8.252816638824749,0.01970129792024669,0.009859949134281766,0.017056451647740008,13.450000000000001,7.583297620284974,-5.661116119060623,-5.045608693144142,1.0,0.0
13.5,-0.0008826661920099405,-2.1716898321664573,8.283496254582463,0.17042599348304435,-0.16911733194163706,-0.02107954676042202,13.5,7.606822385938955,-3.97323408179053,-6.486690816010902,13.5,-0.0019345321397015655,-4.759674513218239,8.283496254582463,0.02071567327499439,0.02066176479777474,0.001493517551873188,13.5,7.630800486347118,-4.290855852970484,-6.310124571786547,1.0,0.0
13.55,-9.333564049198178e-05,-0.23220170144796415,8.314175870340176,0.24422651973251955,-0.18763131011963494,0.15633644617762082,13.55,7.654124984414297,-2.2737738468467947,-7.308596429577344,13.55,-0.0012669595362297633,-3.151959513295971,8.314175870340176,0.02220589243954911,0.014574565351717007,-0.016753617634569392,13.55,7.671511712985024,-2.6381729316487696,-7.203619614137198,1.0,0.0
13.600000000000001,0.0006074043424173584,1.5278988975597991,8.344855486097888,0.3101307117417466,-0.04535435155894121,0.30679641647208056,13.600000000000001,7.694647576604039,-0.41027358124292146,-7.683702032007262,13.600000000000001,-0.0005132915291882002,-1.2911622568456338,8.344855486097888,0.02345241189234179,-0.003879514445166586,-0.023129310219671458,13.600000000000001,7.705323698076867,-0.8038004047272931,-7.6632837740426405,1.0,0.0
13.65,0.0012100139575393855,3.0774310694895792,8.3755351018556,0.3642782232928051,0.1897501385211943,0.31095579894343567,13.65,7.72833421622171,1.4991653083118563,-7.5815336928604005,13.65,0.00028369121772615897,0.7215124768867778,8.3755351018556,0.023902232582618872,-0.02039025414714594,-0.012472139281150003,13.65,7.732146822328455,1.0977422878277068,-7.653826255642261,1.0,0.0
13.700000000000001,0.0020153028093000897,5.182054924602214,8.406214717613313,0.4052851778835915,0.381471632661874,0.13687756896737555,13.700000000000001,7.755142976304742,3.331658605955641,-7.003020313856765,13.700000000000001,0.0010774713468134744,2.7705591800428686,8.406214717613313,0.0233134960980544,-0.022251892929401846,0.006955024182016471,13.700000000000001,7.75190899634602,2.945725522574455,-7.170411022618147,1.0,0.0
13.75,0.0026798422124178446,6.96654293892217,8.436894333371026,0.4329875801586047,0.4102847844536564,-0.1383641579941167,13.75,7.775045632640712,4.9679325387649715,-5.9808846235256565,13.75,0.0018205501530608337,4.7327192455546285,8.436894333371026,0.021798811407884706,-0.008388075392045356,0.020120347164348025,13.75,7.764555233146901,4.621371312627079,-6.239490777252292,1.0,0.0
13.8,0.002713618060041627,7.131583642289721,8.46757394912874,0.4480737730534842,0.24590050140892228,-0.3745704866980658,13.8,7.788027362125813,6.300576898096141,-4.5777834095113725,13.8,0.002467341127837002,6.484350132516846,8.46757394912874,0.0198436024852876,0.00994485563282629,0.017171732761615974,13.8,7.77004724073114,6.016014314078198,-4.917438957018157,1.0,0.0
13.850000000000001,0.003078281184770946,8.17819775703529,8.498253564886452,0.4518758821894197,-0.03608772264567921,-0.4504325578582379,13.850000000000001,7.794086452051118,7.24155413700308,-2.8823041655766257,13.850000000000001,0.0029770233936920313,7.909181968620385,8.498253564886452,0.018261790339546096,0.01822657998847424,0.0011334762146994707,13.850000000000001,7.768363029941789,7.038665297334017,-3.2870435039822974,1.0,0.0
13.9,0.003604539567128621,9.6804199477324,8.528933180644165,0.44618654575940453,-0.29992676768298704,-0.33034280322710935,13.9,7.793234016878594,7.728409484599503,-1.0030868756922837,13.9,0.0033161750803865327,8.9059828032126,8.528933180644165,0.017883373376204374,0.010192633349394267,-0.014694395826897794,13.9,7.759496533401913,7.622416063425107,-1.4520880854532228,1.0,0.0
13.950000000000001,0.0039844674805452444,10.816653293715145,8.559612796401877,0.4330816031632915,-0.42600941064280545,-0.07794650115467819,13.950000000000001,7.785493719564458,7.728718958073742,0.9385178338684551,13.950000000000001,0.003461016271929024,9.39563774586005,8.559612796401877,0.01890836062075751,-0.00735519220183771,-0.017419163270336466,13.950000000000001,7.7434572318314645,7.729204318111734,0.4696067611160787,1.0,0.0
14.0,0.00419763651664853,11.518314601683565,8.59029241215959,0.41476030362698646,-0.37068206650460495,0.18606696385072125,14.0,7.770901494921754,7.242440061082554,2.8167307300137274,14.0,0.0033991115362903917,9.327162055580835,8.59029241215959,0.020690689260440775,-0.020141727744317526,-0.004734493166740117,14.0,7.72026978451899,7.352574652997246,2.354190204265435,1.0,0.0
14.05,0.003694153250716326,10.245752973397142,8.620972027917304,0.39342352565544697,-0.17770186469530166,0.35100444131517033,14.05,7.749505272895865,6.30198419525349,4.509969753492371,14.05,0.0031304121608413805,8.682214171455895,8.620972027917304,0.022307810022309357,-0.017805529615625686,0.013438805865794863,14.05,7.689973661153448,6.518218664367629,4.080259838873407,1.0,0.0
14.100000000000001,0.00333014531330236,9.335133275300757,8.651651643675017,0.37120684711403684,0.057529621976979015,0.3667217827448075,14.100000000000001,7.721364699962943,4.969998512562644,5.909195174891326,14.100000000000001,0.0026675563284015756,7.477749918458196,8.651651643675017,0.023061020952688433,-0.0019787081133947754,0.022975974442497986,14.100000000000001,7.65262277261331,5.282242073464876,5.537197303441274,1.0,0.0
14.15,0.0030526150693457256,8.648511423217355,8.682331259432729,0.3501668181036759,0.24215495769446402,0.2529382868702269,14.15,7.686550857158811,3.3350150521311486,6.925369209056476,14.15,0.002035377277898803,5.766525827390917,8.682331259432729,0.0226097060811166,0.015237184623222474,0.016704101706835766,14.15,7.6082850986666735,3.7272766712105034,6.632752879373941,1.0,0.0
14.200000000000001,0.002178076421435953,6.236460080580509,8.713010875190442,0.33228282418763794,0.32441247692157565,0.07189172461223099,14.200000000000001,7.645145973509834,1.505283351033258,7.495490576965307,14.200000000000001,0.00126970359193286,3.6355270583382553,8.713010875190442,0.02097589788353691,0.02097526648642626,-0.00016275086473410003,14.200000000000001,7.557042310860204,1.9567166759789119,7.2993251974465,1.0,0.0
14.25,0.0011723380437550102,3.392324989642525,8.743690490948154,0.3193936347329074,0.2998349129404497,-0.11005143747307806,14.25,7.597243133872569,-0.39876296868308153,7.586770810429226,14.25,0.00041551025867577303,1.2023373646084756,8.743690490948154,0.018552771784251697,0.011652830892431574,-0.014436650341090838,14.25,7.498989389169829,0.0874999334253468,7.498478887116523,1.0,0.0
14.3,-8.380005303557707e-05,-0.24504870168700577,8.774370106705868,0.3129790960144853,0.19311479988838182,-0.24629776411107485,14.3,7.5429459803997405,-2.2528552166360187,7.198658030223722,14.3,-0.0004756706531972717,-1.3909594537740344,8.774370106705868,0.016134155559597206,-0.004533637312586382,-0.015484092105745367,14.3,7.43423423125485,-1.7580368006538214,7.223374918464932,1.0,0.0
14.350000000000001,-0.001601386153394612,-4.7320766664739695,8.80504972246358,0.31378885347026864,0.037336140125898275,-0.311559716912641,14.350000000000001,7.482368407039731,-3.9374459438700287,6.3625746689345615,14.350000000000001,-0.0013488642154592975,-3.9858774017036125,8.80504972246358,0.014808918300179164,-0.01440553504745433,-0.0034328736093754333,14.350000000000001,7.3628972534025525,-3.4606310364995148,6.498945206214556,1.0,0.0
14.4,-0.002938342585735753,-8.773843947525588,8.835729338221293,0.32149792693458773,-0.13328297985782964,-0.29256890522311985,14.4,7.415634246648572,-5.345852674071026,5.139405653107642,14.4,-0.002149090384243758,-6.4171495019057145,8.835729338221293,0.01527759893913598,-0.010277395256601925,0.011303989388028683,14.4,7.285110982474974,-4.9122764347692085,5.379812473998383,1.0,0.0
14.450000000000001,-0.0036568572503027303,-11.033455525291556,8.866408953979006,0.33464111511385397,-0.2785975183591616,-0.1853863497908093,14.450000000000001,7.342876950450021,-6.3914045928509005,3.614939728395845,14.450000000000001,-0.002824905439385478,-8.523293745205288,8.866408953979006,0.017062191173209607,0.004214002188586242,0.01653361887747937,14.450000000000001,7.201019638375776,-6.0235189365029225,3.9461251188810897,1.0,0.0
14.5,-0.004442966316929002,-13.544938187947677,8.897088569736718,0.3508937436326782,-0.350847358726591,-0.00570527783113629,14.5,7.264239259723188,-7.013087055355823,1.8936161111757281,14.5,-0.0033318117433025706,-10.1574445759258,8.897088569736718,0.019043308492265765,0.017332266399192227,0.007889242029436892,14.5,7.1107787067454264,-6.7293433992481395,2.297631657011118,1.0,0.0
14.55,-0.0050074245100398896,-15.424226380749273,8.92776818549443,0.3675245264541996,-0.3091521790788694,0.19874407592723442,14.55,7.179872869730393,-7.179295530017506,0.09105008600323479,14.55,-0.003635301146964697,-11.197714062500026,8.92776818549443,0.020323402814245474,0.018676608717166514,-0.008014049461785258,14.55,7.014554501769297,-6.993237391189554,0.5464482123314334,0.9938441702975687,0.0
14.600000000000001,-0.004952079097943609,-15.411543635557836,8.958447801252145,0.3818146233186208,-0.14698492687149575,0.35238875954337895,14.600000000000001,7.08993808602281,-6.889455421385641,-1.6741045547924391,14.600000000000001,-0.0037133148972159553,-11.556340970962077,8.958447801252145,0.02042416391537058,0.007230514423423125,-0.01910146938888723,14.600000000000001,6.912523719147892,-6.809159947650418,-1.1909344965595514,0.975528258147576,0.0
14.65,-0.004729296382345538,-14.869946497812345,8.989127417009858,0.3913601190290226,0.08730687026605832,0.38149738291468843,14.65,6.994603473379457,-6.173425628165604,-3.288357304691825,14.65,-0.003557936567533203,-11.186933980143035,8.989127417009858,0.019232263606077073,-0.008202226470875177,-0.017395500692251178,14.65,6.804872979433305,-6.201303699332945,-2.8018081117130476,0.9455032620941837,0.0
14.700000000000001,-0.004390100065337282,-13.945253829845381,9.01980703276757,0.39427173506832164,0.2988806803417437,0.2571391451962171,14.700000000000001,6.894045497748393,-5.088769037424402,-4.651052892493872,14.700000000000001,-0.003176182418815661,-10.089216505563583,9.01980703276757,0.016958197237691975,-0.016205261976805108,-0.004996992877279137,14.700000000000001,6.691798362083147,-5.221706061243917,-4.184967279292304,0.9045084971874728,0.0
14.75,-0.003899284142489409,-12.512985592192692,9.050486648525283,0.3893075393656411,0.3886097343549452,0.023298810517044057,14.75,6.788448161669148,-3.7161296215293422,-5.6809690264655925,14.75,-0.0025898126412821246,-8.310830163341898,9.050486648525283,0.014151703262715136,-0.011664883865876344,0.008012564485329275,14.75,6.573504930724589,-3.945925927125765,-5.257436224234884,0.8535533905932737,0.0
14.8,-0.0027467589297357287,-8.904421124345848,9.081166264282995,0.37596268757132456,0.30879827501446444,-0.2144564473126061,14.8,6.678002633764504,-2.1530914494940543,-6.321385638187347,14.8,-0.0018341531452651045,-5.9459429930952545,9.081166264282995,0.01177055097254855,0.0006171252451364085,0.011754362025613255,14.8,6.450206250259122,-2.4671440041657497,-5.959728276825282,0.7938926261462357,0.0
14.850000000000001,-0.0009579103752259016,-3.1369257422031964,9.11184588004071,0.3545286438019955,0.0973220515575854,-0.34090904587104304,14.850000000000001,6.562906872999501,-0.5069996192358079,-6.543294125267397,14.850000000000001,-0.0009559863184579841,-3.1306249197454403,9.11184588004071,0.010996640232841361,0.01017293384219923,0.0041758248829162955,14.850000000000001,6.322123896575584,-0.8891566746108792,-6.259285180565506,0.7269952498697714,0.0
14.9,-0.0003721462417207355,-1.2310407881538654,9.142525495798422,0.3261327277198054,-0.13618826018464897,-0.296336487591115,14.9,6.443365248518333,1.1127106732596619,-6.346560539648838,14.9,-1.0635496291999439e-05,-0.035181679323623254,9.142525495798422,0.012123523454863038,0.009296474530961182,-0.007781733884925923,14.9,6.189486959777358,0.6811932502938998,-6.151887887551917,0.6545084971874732,0.0
14.950000000000001,-0.000438301238240501,-1.4645232663727215,9.173205111556134,0.29277609168014207,-0.26954602462348376,-0.11429252149276982,14.950000000000001,6.319588155988,2.6021073656343487,-5.759013085504779,14.950000000000001,0.0009415730982045878,3.1461369236529904,9.173205111556134,0.01409777886536421,-0.001106401042415595,-0.014054296342046137,14.950000000000001,6.052531541973065,2.1415754616544005,-5.66098865999735,0.5782172325201137,0.0
15.0,0.0006163493732391895,2.0801791346822647,9.203884727313847,0.2573961576985824,-0.23920384446058982,0.09504894945904163,15.0,6.191791631503967,3.8697279390012587,-4.8335793451722315,15.0,0.0018392399691870241,6.207434896006206,9.203884727313847,0.01578956932582281,-0.012654494261971619,-0.009443213143241655,15.0,5.911500250831898,3.4011622960456416,-4.835072931357202,0.5000000000000001,0.0
15.05,0.0022785729633338653,7.76734221304431,9.23456434307156,0.2239524660685104,-0.0788991435298317,0.2095939698761067,15.05,6.0601969642511335,4.842431562192057,-3.6437403599879143,15.05,0.0026239508066656283,8.944687834681062,9.23456434307156,0.01656547561213322,-0.01636176932637607,0.0025898816124756687,15.05,5.7666416902698785,4.386549511873819,-3.743305993882707,0.4217827674798836,0.0
15.100000000000001,0.0020266313437109877,6.9775924114610905,9.265243958829272,0.19734943041812683,0.10084058126013719,0.1696407228747766,15.100000000000001,5.925030309267202,5.469746698409885,-2.277686374584779,15.100000000000001,0.00324418780714751,11.169579654806329,9.265243958829272,0.016188694860580364,-0.009602930937146727,0.013032941291411212,15.100000000000001,5.618209949817734,5.046202481876495,-2.469842819317555,0.3454915028125242,0.0
15.15,0.0017062769599989946,5.9331786463032445,9.295923574586986,0.1825203447498036,0.18192471675203112,0.01473342058995182,15.15,5.786522301829777,5.726448143441752,-0.831644160711714,15.15,0.003658854167945371,12.722808739797959,9.295923574586986,0.014708249962664512,0.0022227089942308746,0.014539332229892328,15.15,5.466464094431716,5.353147017094028,-1.1072699350603106,0.27300475013022607,0.0
15.200000000000001,0.0019115829047444573,6.713112137544825,9.326603190344699,0.18204539751389937,0.11398626398828629,-0.14194244741438813,15.200000000000001,5.6449076751899145,5.613238406769426,0.59710740255555,15.200000000000001,0.0038401199422463273,13.485763934140193,9.326603190344699,0.012415694110430527,0.010301732852996393,0.00692991778228819,15.200000000000001,5.3116676567557795,5.305766968716817,0.25030015880735484,0.20610737385376204,0.0
15.25,0.0022978327908515176,8.149443510941692,9.357282806102411,0.194261423541719,-0.05262647898209837,-0.18699720422081686,15.25,5.500424883610393,5.155554552476473,1.9170109954508658,15.25,0.0037752932255862453,13.389372369324867,9.357282806102411,0.009864972465598719,0.009345283694416121,-0.003159644666398586,15.25,5.154088134139018,4.926720342513374,1.5139521660665265,0.1464466094067263,0.0
15.3,0.0025486440396294183,9.128164873523815,9.387962421860124,0.21486951430238407,-0.19866265293925064,-0.08186610106558931,15.3,5.3533157329470615,4.40066152382629,3.048305675179806,15.3,0.003467719860996268,12.419905696587433,9.387962421860124,0.007952754023053878,0.0013552782968316906,-0.007836422480273548,15.3,4.993996493072816,4.260129793920809,2.606011341451113,0.09549150281252565,0.0
15.350000000000001,0.0024095907613751097,8.71502081729184,9.418642037617836,0.23995736896877767,-0.21365417293091263,0.10923110047795809,15.350000000000001,5.203825021348109,3.413315832420174,3.92798547361856,15.350000000000001,0.0029366259194888774,10.621204409971691,9.418642037617836,0.0076491543224125064,-0.006470503675027163,-0.004079478402877247,15.350000000000001,4.831666684159823,3.3673306704957504,3.4649801012933135,0.054496737905815086,0.0
15.4,0.0030546943446155576,11.156550185842995,9.44932165337555,0.2672393524539633,-0.07027365857423634,0.25783421885119373,15.4,5.052200193054958,2.27038020691887,4.513324773017734,15.4,0.002215906084082193,8.093074018274367,9.44932165337555,0.008804152223260706,-0.007670882689528352,0.004320955349669875,15.4,4.667375171290766,2.3215605078885897,4.049042824890049,0.024471741852423023,0.0
15.450000000000001,0.0029011245694446665,10.699212872460024,9.480001269133263,0.2957799105426144,0.15288788442753823,0.253201600065775,15.450000000000001,4.898691008790034,1.054833625021314,4.783774620853778,15.450000000000001,0.001351936785093377,4.985880167355966,9.480001269133263,0.01030714719690958,-0.001444399797871045,0.010205439361569452,15.450000000000001,4.5014004794254046,1.2020407634033792,4.337937791080906,0.0061558297024308685,0.0
15.5,0.0024240681603943503,9.02692682078851,9.510680884890975,0.32531386653717254,0.31627260624185544,0.07616265687559476,15.5,4.743549236837007,-0.15035181327424152,4.741165858155787,15.5,0.0004005581712164974,1.4916285598388341,9.510680884890975,0.011353980431240519,0.007153221855567871,0.008817272181237163,15.5,4.334022766305086,0.08793025494399127,4.33313069374976,3.749399456654644e-33,0.0
15.55,0.0027826082556949715,10.462687389226478,9.541360500648688,0.35564848427868057,0.3052655150111691,-0.182479614518139,15.55,4.587028369692381,-1.2680063108552906,4.408286431255789,15.55,-0.0005765755237405003,-2.1679406178825293,9.541360500648688,0.011598475643682386,0.01152729076008785,0.0012830452016537922,15.55,4.165523424641794,-0.9473808132813696,4.05635982080804,0.0,0.0
15.600000000000001,0.002761086406762995,10.482232612017546,9.5720401164064,0.38628607090603134,0.10398157990642302,-0.3720279016635495,15.600000000000001,4.429383372138289,-2.2318152541302974,3.826021135436457,15.600000000000001,-0.0015160356182958,-5.7555018778680695,9.5720401164064,0.010977350170092642,0.008700283831672925,-0.006693823870192855,15.600000000000001,3.996184722937368,-1.8412150265324736,3.5467477448937683,0.0,0.0
15.65,0.0012489853715285976,4.787407297651033,9.602719732164113,0.4162931899068893,-0.18914511093597725,-0.3708424826956457,15.65,4.270870467813481,-2.9902911521085698,3.049343106057851,15.65,-0.0023567811730664415,-9.033629731864721,9.602719732164113,0.009616326835003722,0.0012770031516027703,-0.009531159674898397,15.65,3.8262894952347524,-2.5454484966921553,2.8567784744413522,0.0,0.0
15.700000000000001,0.0007342356552103112,2.8414134224487975,9.633399347921827,0.44437548444773084,-0.4143871445790159,-0.16047699394556617,15.700000000000001,4.111746972920261,-3.5094258366848443,2.1425203537254447,15.700000000000001,-0.003044168276495604,-11.780605504032405,9.633399347921827,0.007794159257204891,-0.005016396393639227,-0.005965290080838991,15.700000000000001,3.656120893001262,-3.0290103346790027,2.047514682889512,0.0,0.0
15.75,-0.00014975061340820618,-0.585073306732527,9.66407896367954,0.4690754910508434,-0.44111971230409014,0.15951556576505813,15.75,3.952271187702592,-3.773897990582526,1.1739427148805972,15.75,-0.0035335412760360437,-13.805490553890385,9.66407896367954,0.005955128968803387,-0.005940115327489117,0.000422600202567566,15.75,3.4859622162947455,-3.278921662585463,1.1834717166296618,0.0,0.0
15.8,-0.0022679267694541367,-8.945410771879185,9.694758579437252,0.4890074681194993,-0.24245283156015468,0.42467037610964387,15.8,3.7927023589016278,-3.786829475974187,0.2109827080853712,15.8,-0.003793168667994734,-14.961440695195646,9.694758579437252,0.004752653367465796,-0.0017693453330085178,0.004411023818099938,15.8,3.316096846807791,-3.299878070256445,0.3275713950411031,0.0,0.0
15.850000000000001,-0.002504753340004231,-9.973618775953529,9.725438195194965,0.5030668014316683,0.08856740793508036,0.4952090679241956,15.850000000000001,3.6333007297235507,-3.56819716326711,-0.6847212547177391,15.850000000000001,-0.00380632987204457,-15.156335944533518,9.725438195194965,0.004722125254519419,0.003417661772186676,0.0032585357033956086,15.850000000000001,3.146808312971339,-3.1124966236746827,-0.46342995824528455,0.0,0.0
15.9,-0.002210417325224915,-8.88516810344276,9.756117810952677,0.510580532956001,0.38883059248124724,0.3309127543391404,15.9,3.4743276981877504,-3.1521060849216855,-1.46122557594448,15.9,-0.003572415348146543,-14.359962954222349,9.756117810952677,0.0054761674858116016,0.005265599960090401,-0.0015039505952510934,15.9,2.978380527993936,-2.7504503286732045,-1.142704493311766,0.0,0.0
15.950000000000001,-0.0011476716315173413,-4.656929989181593,9.786797426710391,0.5113876634874623,0.5112747383406762,0.010746362260741611,15.950000000000001,3.3160461103942818,-2.5832073558385464,-2.0792310027995136,15.950000000000001,-0.003106967712711378,-12.607204638852252,9.786797426710391,0.006247422974867013,0.002486041911481892,-0.0057314823075057695,15.950000000000001,2.8110982569763827,-2.256791473675152,-1.6760565786162447,0.0,0.0
16.0,-0.0021067617809703157,-8.629296254854413,9.817477042468104,0.5058513682092254,0.3993412721156372,-0.31050306778550507,16.0,3.15872072270831,-1.91259507701201,-2.5138609101253655,16.0,-0.0024406613559088625,-9.9969489138027,9.817477042468104,0.006620562827029621,-0.002518404379539721,-0.006122866283674796,16.0,2.645247891308709,-1.6798149077770335,-2.0434182836813437,0.0,0.0
16.05,-0.003513958008624334,-14.528530105062236,9.848156658225816,0.4948125787866817,0.1116814577047745,-0.48204433419599774,16.05,3.002618876713989,-1.193537483207128,-2.755211134374056,16.05,-0.0016172879480540372,-6.6867095691493725,9.848156658225816,0.0064695692110899265,-0.005913218350417466,-0.002624723703053117,16.05,2.481118640897093,-1.068830108249145,-2.2390962261383853,0.0,0.0
16.1,-0.002644721049452039,-11.037164105978256,9.878836273983529,0.4794977264000264,-0.2117570398258875,-0.43020579459948244,16.1,2.848011443860246,-0.47738861178135233,-2.807716028678897,16.1,-0.0006908806216799396,-2.8832389717250804,9.878836273983529,0.005827685203231435,-0.005498676145751496,0.0019304081102466614,16.1,2.3190043028478255,-0.47019673596681777,-2.2708359663597193,0.0,0.0
16.150000000000002,-0.0020695157272633867,-8.717386692252601,9.909515889741241,0.461393799917544,-0.42071672302934693,-0.1894245959895345,16.150000000000002,2.6951741141033847,0.19001001997657802,-2.6884679089848675,16.150000000000002,0.00027782763672993903,1.170288735313062,9.909515889741241,0.004824832763572179,-0.0021366079809950534,0.004325958567992508,16.150000000000002,2.1592058377880976,0.07606510651850076,-2.157865600427545,0.0,0.0
16.2,-0.0009366443742728482,-3.982169783263493,9.940195505498954,0.44210187302349235,-0.4255243868277605,0.11992940567575011,16.2,2.5443891259959224,0.7711883837696105,-2.4247029717524393,16.2,0.0012253719251879979,5.209703050350678,9.940195505498954,0.003658201599960789,0.0013359455798941597,0.003405537894887816,16.2,2.002035096187671,0.5388464640324582,-1.9281568957340827,0.0,0.0
16.25,0.00037570214740346514,1.612143784854322,9.970875121256668,0.42317752592220576,-0.235158914017132,0.3518231140842259,16.25,2.395947566449178,1.2389954850698017,-2.050720587781374,16.25,0.0020897246591806227,8.967041164491851,9.970875121256668,0.002591981737644356,0.0025220752581649095,0.0005979178208033781,16.25,1.8478202101180088,0.8975446120646242,-1.6151944769204498,0.0,0.0
16.3,0.0004878017162359198,2.1125458191835613,,,,,16.3,2.2501524091211547,1.5775504353543943,-1.6045312362764699,16.3,0.002814385327108843,12.188390812220641,,,,,16.3,1.6969134394659784,1.1426175357854316,-1.2545678092298898,0.0,
16.35,0.0011268222501604748,4.925027784835361,,,,,16.35,2.1073225136733975,1.782200899876869,-1.1245301815037447,16.35,0.0033521102083129296,14.65114476699434,,,,,16.35,1.5497027002441084,1.2751284726499044,-0.8806962230993174,0.0,
16.400000000000002,0.0023513741730147334,10.371779800214304,,,,,16.400000000000002,1.9677978764162602,1.8585758753660042,-0.6464705700461814,16.400000000000002,0.0036680327804764,16.179487184845698,,,,,16.400000000000002,1.4066287138432199,1.3053981265100751,-0.5239657144434328,0.0,
16.45,0.0033114137926629635,14.740464196138358,,,,,16.45,1.8319465069284528,1.8208902632365451,-0.20096430901457427,16.45,0.0037419656123305832,16.657027356095796,,,,,16.45,1.2682108751667527,1.250953967624823,-0.20850178602336686,0.0,
16.5,0.00404819860573687,18.185014161795735,,,,,16.5,1.7001734009481824,1.6897112271362096,0.18832302615865484,16.5,0.003569728726277103,16.035667654527533,,,,,16.5,1.1350868121915498,1.1340170390412319,0.04926891895842364,0.0,
,,,,,,,16.55,1.572932170677751,1.4894272869503546,0.5056895989050281,,,,,,,,16.55,1.0080735347680594,0.978793313321241,0.24119681029689632,,
,,,,,,,16.6,1.4507399351871655,1.2456689876154594,0.7436095298205491,,,,,,,,16.6,0.888262169741636,0.8088376306572301,0.3671394413937531,,
,,,,,,,16.650000000000002,1.3341959626815247,0.9829153729070083,0.9021952319419325,,,,,,,,16.650000000000002,0.7771621959408357,0.6447347021466776,0.4339334541694347,,
,,,,,,,16.7,1.2240040748799654,0.7224859325541662,0.9880283662851472,,,,,,,,16.7,0.6769074833316389,0.5022968536394582,0.4537638282347698,,
,,,,,,,16.75,1.1209975499757958,0.48106736534533856,1.012526393261643,,,,,,,,16.75,0.590499359238105,0.391417186358344,0.44213355389964476,,
,,,,,,,16.8,1.026162473971042,0.26986380657276066,0.9900418924916404,,,,,,,,16.8,0.5219273960274602,0.315645983295767,0.41566310872298207,,
,,,,,,,16.85,0.9406502149744937,0.09439417230212889,0.9359020072459281,,,,,,,,16.85,0.4757212802735751,0.27248448813264475,0.3899524845826988,,
,,,,,,,16.900000000000002,0.8657613350936895,-0.045102858661872976,0.864585693545605,,,,,,,,16.900000000000002,0.4553582306045721,0.2543206075650125,0.3777196668788767,,
,,,,,,,16.95,0.8028736944307566,-0.15275126705757436,0.7882088680173533,,,,,,,,16.95,0.46098576637780275,0.2498719692762721,0.38739111473151766,,
,,,,,,,17.0,0.7532850844171071,-0.23574580934774544,0.715445547739494,,,,,,,,17.0,0.48867608200618473,0.24595822728901848,0.4222663419617516,,
,,,,,,,17.05,0.717962227340604,-0.30285165353804894,0.6509613166979669,,,,,,,,17.05,0.5322853027019157,0.2294000245581722,0.4803158046589556,,
,,,,,,,17.1,0.6972461105491016,-0.36287139249276795,0.5953792834708053,,,,,,,,17.1,0.5858727527702409,0.1888381732630158,0.5546052891537071,,
,,,,,,,17.150000000000002,0.690633587937404,-0.4232477315470099,0.5457436307714477,,,,,,,,17.150000000000002,0.6448483315845108,0.1162829813217555,0.6342772572008644,,
,,,,,,,17.2,0.6967630730611233,-0.48894654671257687,0.496397073359046,,,,,,,,17.2,0.7060140681367175,0.008237939453673087,0.7059660053858934,,
,,,,,,,17.25,0.7136323460282903,-0.5617283581713277,0.4401504026170896,,,,,,,,17.25,0.7672249444294206,-0.133709722368286,0.7554838353657366,,
,,,,,,,17.3,0.7389432480649282,-0.6398706514238689,0.3695979887758315,,,,,,,,17.3,0.8270495076614917,-0.3028818988071848,0.7695930375841962,,
,,,,,,,17.35,0.770423353212293,-0.7183536756634756,0.2784243880044413,,,,,,,,17.35,0.8845238105820777,-0.4880758543846046,0.7376749499972042,,
,,,,,,,17.400000000000002,0.8060347629378031,-0.7894733357111466,0.16255427175351497,,,,,,,,17.400000000000002,0.9389903931650221,-0.6746362493187927,0.6531224154484936,,
,,,,,,,17.45,0.8440630482677113,-0.843801286781491,0.021019464238665592,,,,,,,,17.45,0.9899961526441432,-0.8459160023157668,0.5143136195710915,,
,,,,,,,17.5,0.8831232984281039,-0.8713783609777306,-0.14354968563635978,,,,,,,,17.5,1.0372276557577702,-0.9849724315289728,0.3250700216825019,,
,,,,,,,17.55,0.9221242581477285,-0.8630059717645819,-0.32485972382425043,,,,,,,,17.55,1.0804696703352685,-1.0763243963524078,0.09455422957768118,,
,,,,,,,17.6,0.9602187199208893,-0.8114928352571511,-0.5133218955127684,,,,,,,,17.6,1.1195780960835455,-1.1075929082762417,-0.16338011741406516,,
,,,,,,,17.650000000000002,0.9967549130728545,-0.7127214836017924,-0.6968130621245081,,,,,,,,17.650000000000002,1.1544619251668309,-1.0708617516653975,-0.4313205831861282,,
,,,,,,,17.7,1.031234774415674,-0.5664195056807815,-0.8617506040314015,,,,,,,,17.7,1.185070957236717,-0.9636242730140234,-0.6897981111485764,,
,,,,,,,17.75,1.0632803674781972,-0.37655187393487144,-0.9943710706274127,,,,,,,,17.75,1.2113872480608485,-0.7892244458187804,-0.9190124258607577,,
,,,,,,,17.8,1.0926077465451276,-0.15128976473533248,-1.0820827578779497,,,,,,,,17.8,1.2334190253129302,-0.5567502934148948,-1.1006141934330702,,
,,,,,,,17.85,1.1190069477558549,0.0974460187732644,-1.1147559475289266,,,,,,,,17.85,1.2511962641090157,-0.28039079534312733,-1.2193740579523604,,
,,,,,,,17.900000000000002,1.1423267706856748,0.35482676977051475,-1.0858215389645687,,,,,,,,17.900000000000002,1.2647673985028762,0.021681612582881715,-1.2645815434330596,,
,,,,,,,17.95,1.1624632076602317,0.6042649571994606,-0.9930682608282518,,,,,,,,17.95,1.2741968234159575,0.32879671343573497,-1.231044380206163,,
,,,,,,,18.0,1.1793506147407746,0.8287634404869538,-0.8390584200171466,,,,,,,,18.0,1.2795629555084391,0.6195009079745922,-1.11959813421073,,
,,,,,,,18.05,1.19295493283328,1.012338915214515,-0.6311191587280129,,,,,,,,18.05,1.2809566957495566,0.8733414707610632,-0.9370830976143607,,
,,,,,,,18.1,1.2032684414439403,1.1413873051670917,-0.3809067625788932,,,,,,,,18.1,1.2784801856695251,1.0725577154758743,-0.6957956108820729,,
,,,,,,,18.150000000000002,1.210305661612003,1.205865088933121,-0.10358176394705794,,,,,,,,18.150000000000002,1.272245782518204,1.2035274110780367,-0.41246951635139767,,
,,,,,,,18.2,1.2141001249768797,1.2001786186013825,0.18333138553164405,,,,,,,,18.2,1.2623752014612337,1.2578420349701107,-0.10688575361825066,,
,,,,,,,18.25,1.2147018001989955,1.123701403569061,0.46129775527700456,,,,,,,,18.25,1.248998789101036,1.2329209466312077,0.19975964190461626,,
,,,,,,,18.3,1.2121750225818477,0.9808742615196941,0.7122176412161509,,,,,,,,18.3,1.2322549043489566,1.1321186157510046,0.4865794787720557,,
,,,,,,,18.35,1.2065968129311242,0.7808817563300856,0.919836698336388,,,,,,,,18.35,1.2122893915522892,0.9643263208652997,0.7346565971640183,,
,,,,,,,18.400000000000002,1.1980555013741714,0.5369367694438272,1.0709976143727602,,,,,,,,18.400000000000002,1.1892551378761493,0.7431157285224056,0.928497063531939,,
,,,,,,,18.45,1.186649593964244,0.26523980572014105,1.1566266053991008,,,,,,,,18.45,1.1633117130504165,0.4855121855126899,1.0571528079889803,,
,,,,,,,18.5,1.172486836542617,-0.016292431897212165,1.1723736343540776,,,,,,,,18.5,1.134625095355451,0.21051675999979289,1.1149245717848164,,
,,,,,,,18.55,1.155683443087201,-0.28941598372702676,1.1188577250880494,,,,,,,,18.55,1.1033674937163576,-0.06248463033820295,1.1015967942770233,,
,,,,,,,18.6,1.1363634657862622,-0.5369449513127521,1.001504890469094,,,,,,,,18.6,1.0697172826049544,-0.31528074984758286,1.0222001337699353,,
,,,,,,,18.650000000000002,1.1146582921967139,-0.7440153446634765,0.830002575458765,,,,,,,,18.650000000000002,1.0338590748155239,-0.5322266343534063,0.8863404516681254,,
,,,,,,,18.7,1.0907062617345114,-0.8991235196076367,0.6174277657145393,,,,,,,,18.7,0.9959839679888153,-0.7013507449518606,0.7071712642961503,,
,,,,,,,18.75,1.0646523999216564,-0.9948582149764891,0.3791330436044009,,,,,,,,18.75,0.9562900152370446,-0.8150914965662972,0.5001164319109911,,
,,,,,,,18.8,1.0366482747165273,-1.0282748127536339,0.13149355470604626,,,,,,,,18.8,0.9149829900943307,-0.8706143053545843,0.2814686545139914,,
,,,,,,,18.85,1.0068519852674422,-1.0008937906145883,-0.10937339779923844,,,,,,,,18.85,0.8722775437353921,-0.869700916622286,0.06699573815851596,,
,,,,,,,18.900000000000002,0.9754282999125804,-0.9183392194306342,-0.328806092288267,,,,,,,,18.900000000000002,0.8283988914665104,-0.8182427240618881,-0.12931963463729768,,
,,,,,,,18.95,0.9425489675446532,-0.7896644262555688,-0.5146150504269723,,,,,,,,18.95,0.7835852208156426,-0.7254052965693278,-0.29629875799581895,,
,,,,,,,19.0,0.9083932348817054,-0.6264377836929399,-0.6578403851548844,,,,,,,,19.0,0.7380910918264727,-0.6025591492375015,-0.4262639223577019,,
,,,,,,,19.05,0.8731486119815388,-0.44167978227266785,-0.753198160205438,,,,,,,,19.05,0.6921922098486271,-0.46208951991216235,-0.5153671807192161,,
,,,,,,,19.1,0.8370119395754014,-0.2487516639239679,-0.7991943422515158,,,,,,,,19.1,0.6461921010793015,-0.31620417195951095,-0.563541616149759,,
,,,,,,,19.150000000000002,0.8001908241477297,-0.06029541185013107,-0.7979159218614741,,,,,,,,19.150000000000002,0.6004314153782813,-0.17585281250662152,-0.5741024933813449,,
,,,,,,,19.200000000000003,0.7629055189948507,0.11268480155926586,-0.7545375844915556,,,,,,,,19.200000000000003,0.5553008031327212,-0.04985550445003257,-0.5530582343984022,,
,,,,,,,19.25,0.7253913389677888,0.26152725985447606,-0.6766063013322378,,,,,,,,19.25,0.5112584859943561,0.0556876108472775,-0.5082166167092173,,
,,,,,,,19.3,0.6879016973902474,0.3803546379792189,-0.5731832993380747,,,,,,,,19.3,0.4688535304945824,0.1376641414499798,-0.44818770310671646,,
,,,,,,,19.35,0.6507118343839968,0.46623159470714426,-0.4539317035680801,,,,,,,,19.35,0.42875484179260576,0.1958877280545178,-0.38139049851594586,,
,,,,,,,19.400000000000002,0.6141232457825284,0.5190443574046627,-0.32823820017915123,,,,,,,,19.400000000000002,0.39178271351141886,0.23273315611276577,-0.3151649927453262,,
,,,,,,,19.450000000000003,0.5784686853561736,0.5411346937893355,-0.20444868088403456,,,,,,,,19.450000000000003,0.35893210062690734,0.2525242770914693,-0.2550759540605017,,
,,,,,,,19.5,0.5441173438583797,0.5367423815138745,-0.08928213580729646,,,,,,,,19.5,0.3313623706472872,0.2607536452134929,-0.20447140922110843,,
,,,,,,,19.55,0.5114793282839228,0.5113257266356578,0.01253413508342256,,,,,,,,19.55,0.31031063358276945,0.263226937420615,-0.1643297560720621,,
,,,,,,,19.6,0.48100779190716236,0.4708375862979333,0.09838934497464763,,,,,,,,19.6,0.29688664754330796,0.2652294573783116,-0.1333979626092945,,
,,,,,,,19.650000000000002,0.453195982123489,0.4210342340558266,0.16768056525995267,,,,,,,,19.650000000000002,0.29176758936757363,0.27080617881068053,-0.10859253990639867,,
,,,,,,,19.700000000000003,0.4285652833755285,0.3668865822947021,0.22150042403313777,,,,,,,,19.700000000000003,0.2949296051965351,0.2822317136950519,-0.08560801251131994,,
,,,,,,,19.75,0.4076397188669778,0.31214880477143553,0.2621702959484788,,,,,,,,19.75,0.30560345579154335,0.2997240491022339,-0.059657074865396266,,
,,,,,,,19.8,0.39090367354512107,0.2591199640775312,0.2926816123495454,,,,,,,,19.8,0.3224987962374251,0.32142834020074074,-0.026254441345896468,,
,,,,,,,19.85,0.3787443659156645,0.2086119635406454,0.316114446649588,,,,,,,,19.85,0.3441408731227371,0.3436673809405925,0.01804638000025217,,
,,,,,,,19.900000000000002,0.37138892262383966,0.16011434968934535,0.33510166647042267,,,,,,,,19.900000000000002,0.36913594411523354,0.3614266536665405,0.07504744670707589,,
,,,,,,,19.950000000000003,0.3688541679045139,0.11212551215433086,0.3513990135226056,,,,,,,,19.950000000000003,0.3963003355110195,0.36901698491503,0.1445005908997163,,
,,,,,,,20.0,0.37092848656450783,0.06260273985905604,0.36560749323171104,,,,,,,,20.0,0.42468536261082035,0.36083926800818106,0.2239479401093122,,
,,,,,,,20.05,0.37719497373097094,0.009472028497776359,0.37707602533712636,,,,,,,,20.05,0.4535512508579574,0.3321652394823811,0.30882841649438647,,
,,,,,,,20.1,0.3870882942558944,-0.04886646741926734,0.38399142687291804,,,,,,,,20.1,0.4823262168476107,0.279846861104191,0.39284133411424516,,
,,,,,,,20.150000000000002,0.3999655428875686,-0.11309953021853263,0.38364167104434144,,,,,,,,20.150000000000002,0.510567529309423,0.20287448758533363,0.46853083598853634,,
,,,,,,,20.200000000000003,0.41517096356508776,-0.182682233739182,0.37281916590168257,,,,,,,,20.200000000000003,0.5379299083844785,0.10271981020394431,0.5280314639547525,,
,,,,,,,20.25,0.43208277748714713,-0.25567922449780245,0.3483154615592163,,,,,,,,20.25,0.5641416024067867,-0.016578129015269533,0.5638979634689684,,
,,,,,,,20.3,0.4501400085863832,-0.32878753428954305,0.3074488325330764,,,,,,,,20.3,0.5889868398798012,-0.1485990725199553,0.569933165553474,,
,,,,,,,20.35,0.4688531403983912,-0.397542368818422,0.24856253188216298,,,,,,,,20.35,0.6122931163605627,-0.28498708665852385,0.5419273205702188,,
,,,,,,,20.400000000000002,0.48780419810050335,-0.456687158103311,0.1714344635946825,,,,,,,,20.400000000000002,0.6339220007792481,-0.4161161314902922,0.4782305596524744,,
,,,,,,,20.450000000000003,0.5066411301733433,-0.5006710630623957,0.07754818756936367,,,,,,,,20.450000000000003,0.653762457832067,-0.5319136465114599,0.38009633505929374,,
,,,,,,,20.5,0.5250698524691944,-0.5242229367659258,-0.029810443480930298,,,,,,,,20.5,0.6717259582549409,-0.6227637124339056,0.2517560753369386,,
,,,,,,,20.55,0.5428459275656596,-0.5229418505930324,-0.14564862502940382,,,,,,,,20.55,0.6877428602065642,-0.6804027280176972,0.10021162343351826,,
,,,,,,,20.6,0.5597668692238863,-0.4938415778120507,-0.2635515962858425,,,,,,,,20.6,0.7017596981856203,-0.6987205266754375,-0.06524032188740533,,
,,,,,,,20.650000000000002,0.5756654645650566,-0.43579011609703516,-0.3761352174485063,,,,,,,,20.650000000000002,0.7137371239876964,-0.6743883973751251,-0.2337112997782492,,
,,,,,,,20.700000000000003,0.5904041846765455,-0.3497950211931946,-0.4756264757475439,,,,,,,,20.700000000000003,0.7236483196283434,-0.6072516760605744,-0.3935889892039007,,
,,,,,,,20.75,0.6038706021620929,-0.2391000189409843,-0.5545186066292362,,,,,,,,20.75,0.7314777546701483,-0.5004468036504236,-0.5334910517462839,,
,,,,,,,20.8,0.6159736764805555,-0.10907657852456933,-0.6062391196007937,,,,,,,,20.8,0.7372201970604856,-0.3602287985428683,-0.6432175616805427,,
,,,,,,,20.85,0.6266407582451502,0.03308595147510397,-0.6257666975071811,,,,,,,,20.85,0.7408799123560714,-0.19552240968851356,-0.7146146037147136,,
,,,,,,,20.900000000000002,0.6358151756496063,0.17886838970222557,-0.6101369000082462,,,,,,,,20.900000000000002,0.742470004483626,-0.017236149142259603,-0.7422699123099773,,
,,,,,,,20.950000000000003,0.643454285998535,0.3190472348392774,-0.5587864351532663,,,,,,,,20.950000000000003,0.7420118642935881,0.16259953714790132,-0.723977207701827,,
,,,,,,,21.0,0.6495278962102603,0.4444033509250149,-0.4737004851611878,,,,,,,,21.0,0.7395347017051067,0.33179259856996357,-0.6609275652900642,,
,,,,,,,21.05,0.6540169752119501,0.5464511389040507,-0.3593457341556381,,,,,,,,21.05,0.735075144320887,0.47896218397254586,-0.5576115979089944,,
,,,,,,,21.1,0.6569125973734692,0.6181230843021157,-0.22239157637104223,,,,,,,,21.1,0.7286768907845583,0.5944374175693832,-0.42144295907856144,,
,,,,,,,21.150000000000002,0.6582150694538114,0.6543483144271263,-0.07124156836050476,,,,,,,,21.150000000000002,0.7203904114161985,0.6710032975480646,-0.2621391224903738,,
,,,,,,,21.200000000000003,0.6579332042703612,0.6524733104793415,0.08458534384628102,,,,,,,,21.200000000000003,0.710272692205841,0.704429818444034,-0.09091715008863076,,
,,,,,,,21.25,0.6560837128760348,0.6124872504172839,0.2351705899501014,,,,,,,,21.25,0.6983870213941719,0.6937411384760991,0.08042179081386729,,
,,,,,,,21.3,0.6526906938747176,0.5370322053490052,0.37094683215879365,,,,,,,,21.3,0.6848028209006669,0.6412060450700526,0.2404365015531803,,
,,,,,,,21.35,0.6477852040081806,0.43119786301675056,0.48341914883639836,,,,,,,,21.35,0.6695955280340621,0.5520567330777729,0.37893473663245897,,
,,,,,,,21.400000000000002,0.6414048986374324,0.30211975288473697,0.5657949265528637,,,,,,,,21.400000000000002,0.6528465365166652,0.4339675293357946,0.487730236630857,,
,,,,,,,21.450000000000003,0.6335937344930407,0.1584172840307324,0.6134696280250261,,,,,,,,21.450000000000003,0.6346432101996079,0.2963463547466606,0.5612048131304918,,
,,,,,,,21.5,0.6244017303119178,0.00952167830493022,0.6243291267102428,,,,,,,,21.5,0.6150789883548086,0.1495074655439023,0.5966319465652284,,
,,,,,,,21.55,0.6138847839071977,-0.13504715039078863,0.5988462198963224,,,,,,,,21.55,0.5942536086509722,0.003802969384341288,0.5942414398361702,,
,,,,,,,21.6,0.6021045470036406,-0.26639231510248523,0.5399676101182342,,,,,,,,21.6,0.5722734836047834,-0.13120793908427633,0.5570290986639846,,
,,,,,,,21.650000000000002,0.5891283619681909,-0.376880195443551,0.45280629982118675,,,,,,,,21.650000000000002,0.5492522794762924,-0.24747910552153657,0.4903388204498634,,
,,,,,,,21.700000000000003,0.5750292675190937,-0.46065694649048927,0.34417123086278417,,,,,,,,21.700000000000003,0.5253117646641853,-0.33902674121940285,0.4012646493684092,,
,,,,,,,21.75,0.5598860837456395,-0.5140014546135033,0.22197957434690227,,,,,,,,21.75,0.5005830195549383,-0.40226587524511576,0.29793543777137477,,
,,,,,,,21.8,0.5437835904419016,-0.5354906831592595,0.09460613872003895,,,,,,,,21.8,0.47520813393608363,-0.43611342352675075,0.18875341686653438,,
,,,,,,,21.85,0.5268128169544583,-0.525970894895838,-0.029771829469529883,,,,,,,,21.85,0.44934256434801434,-0.44186022471529945,0.08165954903986715,,
,,,,,,,21.900000000000002,0.5090714665099739,-0.4883458676400275,-0.14377785494826467,,,,,,,,21.900000000000002,0.42315838466726335,-0.42283630263116484,-0.016506958878412657,,
,,,,,,,21.950000000000003,0.4906645032398717,-0.4272092712275077,-0.24133771631655884,,,,,,,,21.950000000000003,0.39684873886703986,-0.38391246973875864,-0.1004994384036384,,
,,,,,,,22.0,0.47170493551446996,-0.3483613741768882,-0.31804071935885875,,,,,,,,22.0,0.37063388727226637,-0.33089542567767366,-0.16696615124072967,,
,,,,,,,22.05,0.45231483390167243,-0.2582590509052284,-0.37133673612104173,,,,,,,,22.05,0.34476929720740085,-0.2698814814092934,-0.2145456927771106,,
,,,,,,,22.1,0.4326266243304283,-0.16345195034761542,-0.40056117636024363,,,,,,,,22.1,0.3195561852282888,-0.20663532931355713,-0.24375806898877056,,
,,,,,,,22.150000000000002,0.4127846935152578,-0.07005644051907199,-0.40679638437710214,,,,,,,,22.150000000000002,0.2953545809777801,-0.1460549323754906,-0.25671440402390927,,
,,,,,,,22.200000000000003,0.3929473283148695,0.01668716105112826,-0.39259284441498365,,,,,,,,22.200000000000003,0.27259795550875165,-0.09177232667459045,-0.25668557693077265,,
,,,,,,,22.25,0.37328897303359054,0.09273878246091673,-0.3615856407770356,,,,,,,,22.25,0.2518060449889686,-0.045924199065215075,-0.24758281893783535,,
,,,,,,,22.3,0.35400271191579286,0.15544214545700777,-0.3180497751287655,,,,,,,,22.3,0.2335878734411436,-0.009107230104824829,-0.23341026750889407,,
,,,,,,,22.35,0.33530274339102417,0.2035604191796964,-0.2664415235449109,,,,,,,,22.35,0.2186203099596783,0.019486647850819383,-0.21775011017770798,,
,,,,,,,22.400000000000002,0.3174263764733299,0.2371716619553497,-0.21097181623696917,,,,,,,,22.400000000000002,0.2075830504435688,0.041778708119593166,-0.2033353446386414,,
,,,,,,,22.450000000000003,0.30063472024220644,0.25744529075548644,-0.15525191555318338,,,,,,,,22.450000000000003,0.2010402376338349,0.06039507324612692,-0.19175404109291616,,
,,,,,,,22.5,0.285210760693378,0.2663317011486386,-0.10204216274936354,,,,,,,,22.5,0.19929352987089552,0.07819236422313688,-0.1833135707622265,,
,,,,,,,22.55,0.27145302848372044,0.2662043666115654,-0.05312232929681108,,,,,,,,22.55,0.20227551079172093,0.0977739643110866,-0.17707522178143947,,
,,,,,,,22.6,0.25966284625127467,0.25949666335736726,-0.009288456798968735,,,,,,,,22.6,0.2095525812735423,0.12105324689565439,-0.1710508571578181,,
,,,,,,,22.650000000000002,0.2501237300614762,0.24837412750865326,0.029532577337263964,,,,,,,,22.650000000000002,0.22043870101765803,0.14891393918721887,-0.16253571798868613,,
,,,,,,,22.700000000000003,0.24307349169851564,0.23447713865877812,0.06407178640322496,,,,,,,,22.700000000000003,0.2341506868001159,0.18100642580534285,-0.14853692452094489,,
,,,,,,,22.75,0.23867300571650338,0.21875983432107923,0.09544075935135897,,,,,,,,22.75,0.24993265284003308,0.21570348206058995,-0.12624713375991256,,
,,,,,,,22.8,0.23697920741633122,0.20143942584511015,0.12482508747389243,,,,,,,,22.8,0.2671225776961783,0.2502212933489027,-0.09350815937581708,,
,,,,,,,22.85,0.23793111122259242,0.18205726632312072,0.15318735413398174,,,,,,,,22.85,0.2851716013182007,0.28089350695557336,-0.049210567448324354,,
,,,,,,,22.900000000000002,0.2413544379018348,0.15964036853992264,0.18101634574631184,,,,,,,,22.900000000000002,0.30363717877075147,0.3035693455193925,0.006417849545522238,,
,,,,,,,22.950000000000003,0.24698378336819357,0.13294089763039746,0.20815308545416988,,,,,,,,22.950000000000003,0.3221663005992473,0.3140931963952997,0.07167000223237237,,
,,,,,,,23.0,0.2544951147706955,0.10072260682395946,0.23371503998830617,,,,,,,,23.0,0.34047749251623705,0.30881395645094983,0.14338362253498516,,
,,,,,,,23.05,0.2635393231355646,0.06205809815119097,0.2561284195332659,,,,,,,,23.05,0.35834512426358217,0.28506867014568893,0.2171337868339484,,
,,,,,,,23.1,0.2737698149282796,0.016599658914470284,0.2732661027090402,,,,,,,,23.1,0.375586898922836,0.24158701028512033,0.2875782243216092,,
,,,,,,,23.150000000000002,0.28486118776497144,-0.03521067611504859,0.28267667852582296,,,,,,,,23.150000000000002,0.3920543001185876,0.1787706924565908,0.3489235070327974,,
,,,,,,,23.200000000000003,0.29651938830315366,-0.09201959560125852,0.2818796581256925,,,,,,,,23.200000000000003,0.4076254465459674,0.0988142068599579,0.39546713794503424,,
,,,,,,,23.25,0.30848541575519506,-0.15154770320939953,0.26869414840225175,,,,,,,,23.25,0.4221997904581948,0.005649042920220945,0.42216199660441855,,
,,,,,,,23.3,0.32053490775983806,-0.21068807583387164,0.2415639910955866,,,,,,,,23.3,0.4356941873507419,-0.09528872368132872,0.425146426576076,,
,,,,,,,23.35,0.33247551249928875,-0.2657125252626434,0.19984198840637524,,,,,,,,23.35,0.4480399711948017,-0.19744979383746916,0.40218577138155903,,
,,,,,,,23.400000000000002,0.34414334171752653,-0.31256809574408934,0.14399939295504002,,,,,,,,23.400000000000002,0.4591807632143266,-0.29368811069509687,0.35297913102963463,,
,,,,,,,23.450000000000003,0.35539927349902695,-0.3472362444837444,0.07573396939591548,,,,,,,,23.450000000000003,0.46907081562826025,-0.3768556899700999,0.2792977246798142,,
,,,,,,,23.5,0.36612550335570965,-0.36611981951696954,-0.0020400892954551848,,,,,,,,23.5,0.4776737465522937,-0.4404207311316938,0.18493725350704554,,
,,,,,,,23.55,0.3762225124166206,-0.36641912151122674,-0.08532529660080343,,,,,,,,23.55,0.4849615621353692,-0.4790509474999859,0.07548447819348894,,
,,,,,,,23.6,0.3856064928355811,-0.34645840943078005,-0.16928950898283995,,,,,,,,23.6,0.49091389073290725,-0.48910673040246344,-0.04208389703357723,,
,,,,,,,23.650000000000002,0.39420720598714526,-0.3059281888917072,-0.24861066850324728,,,,,,,,23.650000000000002,0.49551737454932754,-0.46899682460785413,-0.15993575894092055,,
,,,,,,,23.700000000000003,0.40196622174134233,-0.2460161205601924,-0.31788820652160543,,,,,,,,23.700000000000003,0.4987651790289491,-0.4193618415521374,-0.2700043511904571,,
,,,,,,,23.75,0.40883547984593,-0.16940966895155213,-0.37208441736597536,,,,,,,,23.75,0.500656591019246,-0.3430669307548752,-0.3646396894928502,,
,,,,,,,23.8,0.41477611698690325,-0.08016567013699454,-0.4069553938138919,,,,,,,,23.8,0.5011966845768548,-0.24500270634587537,-0.4372319641952405,,
,,,,,,,23.85,0.4197575097674779,0.01654535183232831,-0.41943130348000823,,,,,,,,23.85,0.5003960390890656,-0.13171135932127312,-0.48275077810581324,,
,,,,,,,23.900000000000002,0.4237564916830166,0.11480028248639312,-0.40790986674085594,,,,,,,,23.900000000000002,0.49827049874981144,-0.0108710584173168,-0.4981518945194057,,
,,,,,,,23.950000000000003,0.426756709753891,0.20835989738290597,-0.3724344807916577,,,,,,,,23.950000000000003,0.4948409657963022,0.10931529041142939,-0.48261552887622877,,
,,,,,,,24.0,0.42874809322115776,0.29114330260453286,-0.3147387881868137,,,,,,,,24.0,0.4901332226004642,0.22077231371443548,-0.4375958882278158,,
,,,,,,,24.05,0.4297264124478374,0.35769903415161924,-0.2381516124704756,,,,,,,,24.05,0.4841777799606853,0.3161875198167654,-0.3666791171034701,,
,,,,,,,24.1,0.4296929109408462,0.40363151699339606,-0.14736891192659274,,,,,,,,24.1,0.47700975094793596,0.3895739137910943,-0.27526436055708503,,
,,,,,,,24.150000000000002,0.4286539973392246,0.42594545588640303,-0.0481115167565964,,,,,,,,24.150000000000002,0.46866875159372756,0.4367114098682855,-0.1700986278935768,,
,,,,,,,24.200000000000003,0.42662098745270854,0.4232780865557108,0.05330223613377128,,,,,,,,24.200000000000003,0.4591988317261179,0.455430364630824,-0.058709028529403164,,
,,,,,,,24.25,0.42360988912843994,0.3959993403164107,0.15043224599924282,,,,,,,,24.25,0.4486484415353324,0.4457156081993946,0.051215434192500645,,
,,,,,,,24.3,0.41964122500774786,0.34617189037903456,0.2371998736032736,,,,,,,,24.3,0.43707044218411256,0.40962618343621165,0.15243674515843858,,
,,,,,,,24.35,0.41473989022945523,0.2773756137532441,0.3083373889792669,,,,,,,,24.35,0.42452217222471417,0.35104298036583614,0.23872138707342716,,
,,,,,,,24.400000000000002,0.4089350439478888,0.1944130278852376,0.35976581932856766,,,,,,,,24.400000000000002,0.4110655860834157,0.2752719499208944,0.3052871920812445,,
,,,,,,,24.450000000000003,0.40226003525945947,0.1029226199628312,0.3888702486266187,,,,,,,,24.450000000000003,0.39676748688666935,0.18854314123379762,0.3491073223867634,,
,,,,,,,24.5,0.39475236586154133,0.008934726259840153,0.39465123972939187,,,,,,,,24.5,0.38169988406944494,0.09745428120980835,0.3690494066822318,,
,,,,,,,24.55,0.38645369358822507,-0.08159095105205853,0.37774247046685433,,,,,,,,24.55,0.36594051740817385,0.008411270501339548,0.36584383664278847,,
,,,,,,,24.6,0.3774098829641555,-0.16320634546875043,0.34029679480969616,,,,,,,,24.6,0.3495736045611917,-0.07288344664078093,0.34189136902189393,,
,,,,,,,24.650000000000002,0.3676711111717322,-0.23135762582602235,0.2857546061963,,,,,,,,24.650000000000002,0.33269089046658556,-0.14184992483409029,0.30093492224069407,,
,,,,,,,24.700000000000003,0.35729204041065005,-0.2826787334525557,0.21851850217879623,,,,,,,,24.700000000000003,0.31539310599720116,-0.19532281821763922,0.24763240497576408,,
,,,,,,,24.75,0.3463320705887717,-0.31517413333722616,0.14356590400730362,,,,,,,,24.75,0.29779198215119496,-0.23169556102621502,0.18707547042379735,,
,,,,,,,24.8,0.3348556896081447,-0.3282797675885375,0.0660358013123332,,,,,,,,24.8,0.2800130159190712,-0.25091066765689435,0.12430255805921904,,
,,,,,,,24.85,0.3229329420663221,-0.3228026296964335,-0.009173185525093323,,,,,,,,24.85,0.26219924236857983,-0.25430534269831506,0.06385323307202069,,
,,,,,,,24.900000000000002,0.31064004060958966,-0.3007504226305564,-0.07775871730853867,,,,,,,,24.900000000000002,0.24451632168079276,-0.24433538271164496,0.009404909540177487,,
,,,,,,,24.950000000000003,0.2980601466356447,-0.2650723784444886,-0.13629558025938998,,,,,,,,24.950000000000003,0.22715926151052127,-0.2242114540193537,-0.03647675940283947,,
,,,,,,,25.0,0.2852843469367847,-0.21933961816973482,-0.18242064167276328,,,,,,,,25.0,0.21036096819160577,-0.19748920724790192,-0.07245515826430178,,
,,,,,,,25.05,0.27241284721807973,-0.167397778480847,-0.2149110120239029,,,,,,,,25.05,0.19440234322862032,-0.1676576928479096,-0.09840309487863838,,
,,,,,,,25.1,0.2595563869869225,-0.11302568767645287,-0.23365511325663305,,,,,,,,25.1,0.17962241010377517,-0.13776897316686307,-0.1152558902791391,,
,,,,,,,25.150000000000002,0.24683784441321457,-0.05963162878193481,-0.23952659619210523,,,,,,,,25.150000000000002,0.16642437640807425,-0.11014594720646081,-0.12475954222747025,,
,,,,,,,25.200000000000003,0.2343939310087498,-0.01001349649059448,-0.23417994103203504,,,,,,,,25.200000000000003,0.15526926223082893,-0.08619590231073494,-0.12914646808389363,,
,,,,,,,25.25,0.22237675588129419,0.03379846190692597,-0.2197932790806279,,,,,,,,25.25,0.14664425318372631,-0.06634522262258713,-0.13077785908544373,,
,,,,,,,25.3,0.21095484737648473,0.0706068110336408,-0.19878789165161873,,,,,,,,25.3,0.14099432147016522,-0.0500972992748027,-0.13179400324826296,,
,,,,,,,25.35,0.2003129454163694,0.1000202709659483,-0.17355466429133984,,,,,,,,25.35,0.13862264632270768,-0.0362023940535885,-0.13381190058548306,,
,,,,,,,25.400000000000002,0.1906495483678975,0.12234490539899005,-0.14621550675559505,,,,,,,,25.400000000000002,0.13959721713363862,-0.02291636752415305,-0.1377033882333844,,
,,,,,,,25.450000000000003,0.18217092972081214,0.13841088470476848,-0.1184427061096983,,,,,,,,25.450000000000003,0.14371830530813715,-0.008315987548596925,-0.14347750914946392,,
,,,,,,,25.5,0.17508038978236945,0.1493585099465393,-0.0913519479425367,,,,,,,,25.5,0.1505706739654109,0.009367107521972914,-0.15027902433496787,,
,,,,,,,25.55,0.1695622573336348,0.15641047829458854,-0.06547611313857779,,,,,,,,25.55,0.15962749946103708,0.031433270537367136,-0.156502038604959,,
,,,,,,,25.6,0.16576188869215255,0.16065773104666256,-0.040817853908893954,,,,,,,,25.6,0.17034995832495586,0.058459366021099184,-0.16000503375120845,,
,,,,,,,25.650000000000002,0.16376533856699754,0.16288368328289524,-0.016970322217353558,,,,,,,,25.650000000000002,0.18224980646585218,0.09013125566472986,-0.1584024895926187,,
,,,,,,,25.700000000000003,0.16358426596871323,0.16344651462479037,0.00671184993358013,,,,,,,,25.700000000000003,0.19491425296055642,0.12518485542008093,-0.14939985937284284,,
,,,,,,,25.75,0.16515129546625154,0.1622320865721264,0.030914405713763936,,,,,,,,25.75,0.20800689224355093,0.16146452599231356,-0.1311338021522205,,
,,,,,,,25.8,0.16832785025059688,0.15868172109763243,0.05616383675890171,,,,,,,,25.8,0.22125791667684547,0.19609480576740618,-0.10247874337257036,,
,,,,,,,25.85,0.17292196957997882,0.1518904184976748,0.0826517291532387,,,,,,,,25.85,0.23445161287768904,0.22574915507110088,-0.06328410357770593,,
,,,,,,,25.900000000000002,0.17871054787872379,0.14076302237371724,0.11010554688720274,,,,,,,,25.900000000000002,0.24741477875906806,0.24698872338661823,-0.014513554638584761,,
,,,,,,,25.950000000000003,0.18546030503715702,0.12420919725870946,0.13772291044275214,,,,,,,,25.950000000000003,0.26000722887991756,0.25663626892696195,0.04173229613934386,,
,,,,,,,26.0,0.1929439054462194,0.1013535552415018,0.16417919322724026,,,,,,,,26.0,0.27211444790171946,0.2521460581387694,0.10231636292371776,,
,,,,,,,26.05,0.20095021100587027,0.07173531372730878,0.18770996794988903,,,,,,,,26.05,0.28364206408138665,0.23193029076211996,0.1632824569368918,,
,,,,,,,26.1,0.20928941936555248,0.035472680552692384,0.20626136330582306,,,,,,,,26.1,0.29451174373006267,0.1956063656375401,0.22017110827035205,,
,,,,,,,26.150000000000002,0.2177945431631338,-0.0066293472647769485,0.21769362596658898,,,,,,,,26.150000000000002,0.304658152199732,0.14413674660571346,0.2684048955955823,,
,,,,,,,26.200000000000003,0.2263206605954145,-0.05304328517691551,0.2200169341436818,,,,,,,,26.200000000000003,0.31402670022321105,0.07984356111109116,0.3037067239989558,,
,,,,,,,26.25,0.23474302950441242,-0.10156356922229244,0.21163442845562264,,,,,,,,26.25,0.3225718638228405,0.006292329013442076,0.32251048653606246,,
,,,,,,,26.3,0.24295477856214714,-0.14943063441304313,0.1915659414538435,,,,,,,,26.3,0.33025592223878386,-0.07194784874873561,0.32232356605470025,,
,,,,,,,26.35,0.2508645861739292,-0.19352571809084865,0.15962718137472115,,,,,,,,26.35,0.33704800094344683,-0.1496480008879506,0.3020046866692861,,
,,,,,,,26.400000000000002,0.2583945524400567,-0.2306197399868231,0.11654304037181853,,,,,,,,26.400000000000002,0.34292333807597714,-0.22133678870849316,0.26192831416512186,,
,,,,,,,26.450000000000003,0.2654783452343994,-0.2576535045026229,0.06397986719204582,,,,,,,,26.450000000000003,0.34786271522581447,-0.28175411014438945,0.20401737686045116,,
,,,,,,,26.5,0.2720596332320934,-0.2720225904527103,0.004489356053847747,,,,,,,,26.5,0.351852009730357,-0.32629916235777723,0.13163849511409714,,
,,,,,,,26.55,0.27809078532305376,-0.27183904453172936,-0.05863462074294701,,,,,,,,26.55,0.3548818373210249,-0.3514313909344738,0.04936695176134998,,
,,,,,,,26.6,0.2835318024169869,-0.25614351893085335,-0.12157623407370728,,,,,,,,26.6,0.3569472623746654,-0.3549868387183039,-0.03735896751187218,,
,,,,,,,26.650000000000002,0.28834944481280167,-0.2250456559227457,-0.18027716182077003,,,,,,,,26.650000000000002,0.35804755915215425,-0.3363801051420465,-0.12266409205403644,,
,,,,,,,26.700000000000003,0.292516520580386,-0.17977692562130876,-0.2307513203138951,,,,,,,,26.700000000000003,0.35818601190815835,-0.2966726837706193,-0.20070510165665817,,
,,,,,,,26.75,0.29601130475517534,-0.12264814825632223,-0.2694069863091091,,,,,,,,26.75,0.3573697451146115,-0.2385008320949348,-0.26613997785621407,,
,,,,,,,26.8,0.2988170640061795,-0.05691280004957471,-0.29334718497335255,,,,,,,,26.8,0.35560957759798845,-0.1658691409682945,-0.3145561949061881,,
,,,,,,,26.85,0.3009216660614034,0.013453949338225914,-0.30062075835240526,,,,,,,,26.85,0.3529198963951048,-0.08382835532503319,-0.34281957370464056,,
,,,,,,,26.900000000000002,0.3023172572607348,0.0840425484186589,-0.29040071296908115,,,,,,,,26.900000000000002,0.34931854776878657,0.0019334334147910635,-0.3493131970746662,,
,,,,,,,26.950000000000003,0.30299999508242254,0.1503384826379353,-0.26307287518494055,,,,,,,,26.950000000000003,0.34482674423688675,0.08554935064886393,-0.33404609284433945,,
,,,,,,,27.0,0.3029698253899542,0.20806549364779284,-0.2202259418186686,,,,,,,,27.0,0.3394689877752372,0.16144096883592152,-0.29862352091297695,,
,,,,,,,27.05,0.30223029655067385,0.25351287327107885,-0.16454292825566877,,,,,,,,27.05,0.3332730106663653,0.22475280592016703,-0.24608347337770362,,
,,,,,,,27.1,0.300788404577963,0.2838184627672433,-0.09960293429912224,,,,,,,,27.1,0.32626973689216165,0.2717162773654694,-0.18061618373316302,,
,,,,,,,27.150000000000002,0.2986544651356809,0.2971829812976483,-0.029610220744216924,,,,,,,,27.150000000000002,0.3184932686365199,0.29991237654025077,-0.10719388305660578,,
,,,,,,,27.200000000000003,0.29584200970029456,0.29299754562982305,0.04092594480777363,,,,,,,,27.200000000000003,0.30998090452971166,0.3084122285605371,-0.03114576130681723,,
,,,,,,,27.25,0.29236770447823374,0.2718741208535486,0.10753295788725352,,,,,,,,27.25,0.3007731989363244,0.2977863295232475,0.04228261046176831,,
,,,,,,,27.3,0.2882512918924361,0.23557740134494723,0.16610868506258195,,,,,,,,27.3,0.29091407514642564,0.26998560048562076,0.10834562588641485,,
,,,,,,,27.35,0.2835155556475086,0.18686542688859342,0.21321909512953874,,,,,,,,27.35,0.2804510101725946,0.22810916043295834,0.1631532409527915,,
,,,,,,,27.400000000000002,0.278186311620251,0.12925425939618868,0.24633505719004384,,,,,,,,27.400000000000002,0.26943531554816186,0.1760838317212269,0.20393595433593406,,
,,,,,,,27.450000000000003,0.2722924281645083,0.06672853442211316,0.26398952465884096,,,,,,,,27.450000000000003,0.25792254786688223,0.11828789103926306,0.22919863771765223,,
,,,,,,,27.5,0.26586588093095603,0.003424068213744472,0.2658438308482273,,,,,,,,27.5,0.2459730959336308,0.05915579390711105,0.238753755929398,,
,,,,,,,27.55,0.25894184904829887,-0.05668943357077393,0.25266022502558017,,,,,,,,27.55,0.2336530098713851,0.0028011878199350145,0.2336362180158612,,
,,,,,,,27.6,0.2515588615530023,-0.11009828841193339,0.22618626774100434,,,,,,,,27.6,0.22103516340465673,-0.04730749432844697,0.21591327991044754,,
,,,,,,,27.650000000000002,0.2437590053336741,-0.15398337528450842,0.18896447501383004,,,,,,,,27.650000000000002,0.2082008762362094,-0.08859083198468447,0.18841249787046185,,
,,,,,,,27.700000000000003,0.2355882085741026,-0.18638873576778,0.14408692931020337,,,,,,,,27.700000000000003,0.19524217105675415,-0.11950239710868636,0.15439780582713172,,
,,,,,,,27.75,0.2270966166414513,-0.2063086952336227,0.09491888937927209,,,,,,,,27.75,0.18226489884126867,-0.13956416195912885,0.11722771876251772,,
,,,,,,,27.8,0.21833908028759985,-0.21368986371096646,0.044817364135160354,,,,,,,,27.8,0.16939302768435827,-0.1492955999992019,0.08003012963223338,,
,,,,,,,27.85,0.2093757782613435,-0.2093523820357019,-0.0031299614248105814,,,,,,,,27.85,0.15677442207810205,-0.15004922748250088,0.04542519950234221,,
,,,,,,,27.900000000000002,0.20027299664953283,-0.19484211558317374,-0.04632303079524224,,,,,,,,27.900000000000002,0.14458835203320405,-0.1437742455146721,0.015321810283531443,,
,,,,,,,27.950000000000003,0.19110408299160137,-0.1722314728962431,-0.0828075496561246,,,,,,,,27.950000000000003,0.13305455343849085,-0.1327364278921872,-0.009195373898782005,,
,,,,,,,28.0,0.18195058001675082,-0.1438905947868793,-0.11136206849870446,,,,,,,,28.0,0.12244248376620408,-0.11922585928354822,-0.027881110252942046,,
,,,,,,,28.05,0.1729035142920155,-0.11225247426731967,-0.13151048351897254,,,,,,,,28.05,0.11307681542380876,-0.10528427529545197,-0.041250303779506885,,
,,,,,,,28.1,0.16406475752672378,-0.07959501130399199,-0.14346385899528863,,,,,,,,28.1,0.10533078190421517,-0.09248064217377572,-0.05041730297903092,,
,,,,,,,28.150000000000002,0.15554827662541965,-0.04786019794578758,-0.14800225611026374,,,,,,,,28.150000000000002,0.09959455829094281,-0.08175761849948676,-0.05687501963481319,,
,,,,,,,28.200000000000003,0.14748092505878005,-0.01852590871574817,-0.14631272659085148,,,,,,,,28.200000000000003,0.09620869752943541,-0.07336332855653713,-0.06224094716033791,,
,,,,,,,28.25,0.14000219447037854,0.007460338661182158,-0.13980328252076973,,,,,,,,28.25,0.09537319062816207,-0.06687332597293667,-0.06800002767582596,,
,,,,,,,28.3,0.13326206971380242,0.029683135052175638,-0.1299141667328111,,,,,,,,28.3,0.09707516690950169,-0.061297739075287794,-0.07527400092173622,,
,,,,,,,28.35,0.12741592324704717,0.04820080129001324,-0.11794702307348869,,,,,,,,28.35,0.10108467536956534,-0.055259389356080386,-0.08464343732719931,,
,,,,,,,28.400000000000002,0.12261548401406742,0.06343743626696924,-0.10492973172498937,,,,,,,,28.400000000000002,0.10702334243903035,-0.0472211021687813,-0.0960425079680215,,
,,,,,,,28.450000000000003,0.11899565453251643,0.07604085602591872,-0.0915300716293148,,,,,,,,28.450000000000003,0.11445975390425718,-0.03573524824369206,-0.10873834326853073,,
,,,,,,,28.5,0.11665852235049427,0.08672502600902735,-0.07802551313983332,,,,,,,,28.5,0.12298329305834342,-0.01968627788329145,-0.1213974498685051,,
,,,,,,,28.55,0.1156579356378601,0.09611666934635353,-0.0643299615247447,,,,,,,,28.55,0.13224060508143123,0.0015021524836240092,-0.13223207315254118,,
,,,,,,,28.6,0.11598928791023505,0.10462468448504139,-0.05007185143699938,,,,,,,,28.6,0.14194362301202068,0.027720018354419118,-0.1392106055450134,,
,,,,,,,28.650000000000002,0.11758831022521571,0.11234797166470627,-0.03471230278226911,,,,,,,,28.650000000000002,0.15186327964893628,0.058101852907000054,-0.1403090531452064,,
,,,,,,,28.700000000000003,0.12033957397099958,0.11903259742197121,-0.0176876740839663,,,,,,,,28.700000000000003,0.1618186764781941,0.09104553575755507,-0.13377591141821538,,
,,,,,,,28.75,0.12409180692401481,0.1240834310121725,0.001441767635370116,,,,,,,,28.75,0.17166643576921126,0.12431932611886207,-0.11838103869732161,,
,,,,,,,28.8,0.12867525075099312,0.126629087974632,0.02285594527784555,,,,,,,,28.8,0.18129187134590435,0.15524805177253753,-0.0936204306598268,,
,,,,,,,28.85,0.13391687674289457,0.12563288134609468,0.046369267853285184,,,,,,,,28.85,0.1906021942281043,0.18096079285877303,-0.05985305249101532,,
,,,,,,,28.900000000000002,0.13965128761711473,0.12003715493146921,0.07136920602806619,,,,,,,,28.900000000000002,0.19952146501734253,0.1986756036865328,-0.01835264292842852,,
,,,,,,,28.950000000000003,0.14572708741390808,0.10892441223738787,0.09680834894202255,,,,,,,,28.950000000000003,0.20798690141826384,0.20599249292942542,0.02873402196510649,,
,,,,,,,29.0,0.15200962428638157,0.09167647185972166,0.12125324895870027,,,,,,,,29.0,0.2159461894566042,0.2011644772119889,0.07852139739494453,,
,,,,,,,29.05,0.1583813187437982,0.06811270305462394,0.14298706867971392,,,,,,,,29.05,0.22335552224745894,0.18331818440015926,0.12760145997073988,,
,,,,,,,29.1,0.16474063113095883,0.038590244741086126,0.16015701219818543,,,,,,,,29.1,0.23017816155319235,0.15260005110456762,0.17232298296771348,,
,,,,,,,29.150000000000002,0.17100041249666845,0.004052800182276866,0.17095237899693966,,,,,,,,29.150000000000002,0.23638337434635132,0.11023118254935317,0.20910807268285564,,
,,,,,,,29.200000000000003,0.17708609404823294,-0.03398024699560214,0.1737953610410171,,,,,,,,29.200000000000003,0.24194563894427207,0.05846272531314777,0.23477606767537335,,
,,,,,,,29.25,0.1829339591758879,-0.07348655625770123,0.16752480254920205,,,,,,,,29.25,0.24684404573869168,0.00043327302474973993,0.24684366548714864,,
,,,,,,,29.3,0.18848960786966845,-0.1120711402514312,0.1515532638962468,,,,,,,,29.3,0.25106183912408603,-0.06006057678424074,0.24377197168811834,,
,,,,,,,29.35,0.193706646695067,-0.1471439278160296,0.1259798772849004,,,,,,,,29.35,0.25458606244477966,-0.1188608199412011,0.22513588935139286,,
,,,,,,,29.400000000000002,0.19854559807516753,-0.17612911804945416,0.09164544882397273,,,,,,,,29.400000000000002,0.2574072785204943,-0.17178539462076836,0.1916984226077883,,
,,,,,,,29.450000000000003,0.20297300515262395,-0.1966872130584203,0.05012166238263349,,,,,,,,29.450000000000003,0.2595193459262344,-0.21497570173889965,0.1453813556541834,,
,,,,,,,29.5,0.20696070297937808,-0.2069288215915203,0.003632543525288632,,,,,,,,29.5,0.2609192366445929,-0.24522247811445155,0.0891335193886363,,
,,,,,,,29.55,0.21048522722117843,-0.20559957804474738,-0.04508707560014232,,,,,,,,29.55,0.26160688463654,-0.26024002468623125,0.026707520299453513,,
,,,,,,,29.6,0.21352733461363155,-0.1922178103384391,-0.09298513868300473,,,,,,,,29.6,0.26158505774862567,-0.2588634913012217,-0.03763555909899776,,
,,,,,,,29.650000000000002,0.21607161330087912,-0.1671507028319945,-0.1369218193613235,,,,,,,,29.650000000000002,0.26085924750991857,-0.2411510350852529,-0.0994672071024017,,
,,,,,,,29.700000000000003,0.21810616506588468,-0.13162024325997584,-0.1739149527899534,,,,,,,,29.700000000000003,0.259437572996493,-0.20838150516138323,-0.15454773563202748,,
,,,,,,,29.75,0.21962234495284383,-0.08763668110429676,-0.20137970733817676,,,,,,,,29.75,0.2573306962169067,-0.16294800238522195,-0.1991658498190481,,
,,,,,,,29.8,0.22061454677079737,-0.037863936483947334,-0.21734097763841945,,,,,,,,29.8,0.2545517475193251,-0.10815728016047346,-0.23043132363771873,,
,,,,,,,29.85,0.22108002545839572,0.01457226507854531,-0.22059924466589978,,,,,,,,29.85,0.25111626043366786,-0.047953566702142465,-0.2464950946666746,,
,,,,,,,29.900000000000002,0.22101874934086504,0.06631740678539294,-0.21083474362035506,,,,,,,,29.900000000000002,0.2470421162196409,0.013407819668287317,-0.24667800379851715,,
,,,,,,,29.950000000000003,0.22043327699671345,0.11404236853527717,-0.18864031325878838,,,,,,,,29.950000000000003,0.24234949926795002,0.07170735844917014,-0.23149802275541867,,
,,,,,,,30.0,0.21932865484969208,0.1546968303450938,-0.15547973989995167,,,,,,,,30.0,0.23706086547546706,0.12309753254860957,-0.2025952897291087,,
